time/time_elapsed,time/fps,time/total_timesteps,rollout/ep_rew_mean,time/iterations,rollout/ep_len_mean,train/learning_rate,train/approx_kl,train/policy_gradient_loss,train/value_loss,train/explained_variance,train/n_updates,train/clip_range,train/loss,train/clip_fraction,train/entropy_loss
9,224,2048,-0.502946,1,300.0,,,,,,,,,,
12,326,4096,0.9055834615384615,2,300.0,0.0003,0.010237192,-0.009802881005452947,0.17638328913599252,-2.6498970985412598,10,0.2,0.046977803111076355,0.05126953125,-1.9396252386271953
16,377,6144,0.8402088499999998,3,300.0,0.0003,0.009249292,-0.016493553442705887,0.09754112035734579,-0.14389276504516602,20,0.2,-0.006131965667009354,0.0755859375,-1.9359692953526975
18,433,8192,0.7476256296296296,4,300.0,0.0003,0.0066090445,-0.015143703622743487,0.0986401384929195,0.0776183009147644,30,0.2,-0.020509585738182068,0.051123046875,-1.9190612696111202
21,480,10240,0.5221476470588234,5,300.0,0.0003,0.008245494,-0.018930323771201074,0.05743373183067888,0.29886388778686523,40,0.2,-0.021007612347602844,0.050390625,-1.9072766594588757
24,503,12288,0.8280346749999999,6,300.0,0.0003,0.008966142,-0.02516639545792714,0.04428775716223754,0.5014601945877075,50,0.2,-0.04099983349442482,0.0896484375,-1.8981037721037866
26,533,14336,0.5904483191489361,7,300.0,0.0003,0.008775318,-0.021801487148331945,0.05907866443740204,0.448542058467865,60,0.2,-0.01382831484079361,0.06708984375,-1.878776566311717
29,552,16384,0.5187523518518519,8,300.0,0.0003,0.010416927,-0.025288377837568987,0.04889327373821288,0.5215460062026978,70,0.2,-0.03737413138151169,0.0994140625,-1.8648606695234775
31,577,18432,0.6795739016393443,9,300.0,0.0003,0.008992,-0.023935469928255772,0.08546472257003188,0.4648970365524292,80,0.2,0.013834195211529732,0.081689453125,-1.8482163272798062
34,585,20480,0.7242200882352942,10,300.0,0.0003,0.009101879,-0.0220751949280384,0.028407003096072005,0.7467190027236938,90,0.2,-0.0692233145236969,0.083203125,-1.8313272792845965
37,594,22528,0.5625644133333333,11,300.0,0.0003,0.0119364895,-0.025968546187505125,0.04191278520156629,0.5643149614334106,100,0.2,-0.017877239733934402,0.11015625,-1.8246751863509416
39,614,24576,0.4948304691358024,12,300.0,0.0003,0.00926987,-0.02513928094122093,0.06469102434348314,0.32921189069747925,110,0.2,-0.027485191822052002,0.0974609375,-1.7985019903630017
41,634,26624,0.4936874772727272,13,300.0,0.0003,0.010350325,-0.030049975504516623,0.08417643217835576,0.24706411361694336,120,0.2,-0.05047009885311127,0.110693359375,-1.7905785493552684
44,643,28672,0.5380351789473683,14,300.0,0.0003,0.012798304,-0.03147513531584991,0.0189542760461336,0.6778314709663391,130,0.2,-0.07438388466835022,0.1498046875,-1.785583059117198
46,658,30720,0.45012394,15,300.0,0.0003,0.010591834,-0.02635526447411394,0.07940517645329237,0.3800075054168701,140,0.2,0.007247690111398697,0.121533203125,-1.7536352530121804
48,670,32768,0.4360293999999999,16,300.0,0.0003,0.0122419335,-0.029994135003653354,0.04082467502448708,-0.30382251739501953,150,0.2,-0.03732997179031372,0.134423828125,-1.7606277219951152
51,680,34816,0.21551032,17,300.0,0.0003,0.012196554,-0.030593337534810416,0.04684177275048569,0.12041181325912476,160,0.2,-0.04822820425033569,0.13330078125,-1.715361650660634
53,688,36864,0.26993706,18,300.0,0.0003,0.012749629,-0.03307730879896553,0.05570787054020911,0.1590307354927063,170,0.2,-0.03811570256948471,0.136572265625,-1.7177997928112745
55,698,38912,0.34036628,19,300.0,0.0003,0.0105889775,-0.0308751499367645,0.042365003522718325,0.2910728454589844,180,0.2,-0.043975166976451874,0.10771484375,-1.7119022563099862
57,707,40960,0.45043579,20,300.0,0.0003,0.011443664,-0.027953120089659934,0.042958111595362426,0.17291474342346191,190,0.2,-0.06073400750756264,0.11376953125,-1.7245627008378506
60,715,43008,0.3295005200000001,21,300.0,0.0003,0.010831254,-0.027758364391047508,0.08282158690271899,0.23606103658676147,200,0.2,-0.031643107533454895,0.1244140625,-1.697347530722618
62,723,45056,0.7421234099999999,22,300.0,0.0003,0.012632733,-0.02868618928769138,0.036231044458691034,0.3063640594482422,210,0.2,-0.03801431506872177,0.146142578125,-1.6775225713849067
64,725,47104,0.76079823,23,300.0,0.0003,0.013660107,-0.030736510959104634,0.05171805457212031,0.3335232734680176,220,0.2,-0.04620672017335892,0.147607421875,-1.6813277840614318
68,722,49152,0.63723082,24,300.0,0.0003,0.013241541,-0.03261253528762609,0.027924831051495857,0.4724201560020447,230,0.2,-0.06365562230348587,0.13974609375,-1.6422210481017827
70,723,51200,0.53894008,25,300.0,0.0003,0.013807536,-0.031643576904025396,0.04688902221969329,0.4382474422454834,240,0.2,-0.04177869111299515,0.1451171875,-1.617319394648075
72,729,53248,0.42029295000000005,26,300.0,0.0003,0.014931656,-0.033062097211950456,0.03510458362288773,0.2694300413131714,250,0.2,-0.05275233834981918,0.14560546875,-1.6072486519813538
75,734,55296,0.50392813,27,300.0,0.0003,0.012618574,-0.029347293614409863,0.070460033218842,0.3826318383216858,260,0.2,-0.004367176443338394,0.137353515625,-1.5839457962661982
77,738,57344,0.33105221999999995,28,300.0,0.0003,0.014290374,-0.03428460453869775,0.05164653455140069,0.4832422733306885,270,0.2,-0.06382735073566437,0.14716796875,-1.5536999057978391
79,744,59392,0.4154374899999999,29,300.0,0.0003,0.0127888955,-0.033204050621134226,0.019306737766601145,0.6950249671936035,280,0.2,-0.06631731986999512,0.159814453125,-1.5701815392822027
81,749,61440,0.361041,30,300.0,0.0003,0.012764223,-0.029883441094716544,0.04693875275552273,0.4479200839996338,290,0.2,-0.0349215529859066,0.14013671875,-1.55043103992939
84,751,63488,0.37857852999999997,31,300.0,0.0003,0.012911919,-0.03428816349769477,0.027388224416063166,0.6197440028190613,300,0.2,-0.07386508584022522,0.1484375,-1.5355776235461236
86,756,65536,0.35178001999999986,32,300.0,0.0003,0.015109188,-0.0329216884681955,0.016016837407369165,0.6976308226585388,310,0.2,-0.05143635720014572,0.1505859375,-1.5483673397451638
88,760,67584,0.36069868,33,300.0,0.0003,0.014012085,-0.031109802713035605,0.02632387792109512,0.5134422183036804,320,0.2,-0.066593699157238,0.144189453125,-1.5486042004078626
90,766,69632,0.23078258,34,300.0,0.0003,0.014346146,-0.03436865004478022,0.03611908473540097,0.07775139808654785,330,0.2,-0.06737138330936432,0.1576171875,-1.5426026940345765
92,770,71680,-0.023971500000000086,35,300.0,0.0003,0.015708065,-0.03622646949952468,0.0528682921314612,0.23019921779632568,340,0.2,-0.0294257290661335,0.163623046875,-1.538084238767624
94,776,73728,-0.15682820999999997,36,300.0,0.0003,0.01578372,-0.035252269578631965,0.06137274686479941,0.27037686109542847,350,0.2,-0.027743950486183167,0.158544921875,-1.532287847995758
97,777,75776,-0.31426253000000004,37,300.0,0.0003,0.015492018,-0.03327715575287584,0.04207507019746117,0.1899234652519226,360,0.2,-0.04948054254055023,0.1720703125,-1.5311978578567504
99,781,77824,-0.43740204,38,300.0,0.0003,0.015733514,-0.031785804452374576,0.042902330972719935,0.13620591163635254,370,0.2,-0.02583244815468788,0.158154296875,-1.4976478859782218
101,786,79872,-0.33212142,39,300.0,0.0003,0.014012707,-0.035070136460126376,0.029642654699273407,0.18656712770462036,380,0.2,-0.059367768466472626,0.161474609375,-1.4856796707957982
104,786,81920,-0.12358843,40,300.0,0.0003,0.015710324,-0.0349401299841702,0.018592641077702865,-0.0003908872604370117,390,0.2,-0.03691040724515915,0.1654296875,-1.4640350304543972
106,790,83968,0.02151817999999997,41,300.0,0.0003,0.013945989,-0.03483136730501428,0.03527414717245847,0.08263707160949707,400,0.2,-0.045879609882831573,0.14091796875,-1.4701235491782427
108,794,86016,0.15757672,42,300.0,0.0003,0.015571874,-0.03590263247897383,0.05274316620780155,0.17213308811187744,410,0.2,-0.05611800774931908,0.180615234375,-1.4751302484422921
110,797,88064,0.1927977,43,300.0,0.0003,0.01669535,-0.03598500343505293,0.05835811698925682,0.11689096689224243,420,0.2,-0.048310428857803345,0.167822265625,-1.4850328829139472
112,799,90112,0.002251339999999953,44,300.0,0.0003,0.014576957,-0.0331060665223049,0.01979727243015077,0.2936674952507019,430,0.2,-0.06456376612186432,0.15810546875,-1.4639371659606695
115,801,92160,0.06385570999999997,45,300.0,0.0003,0.018334446,-0.034582228583167306,0.06044598513981327,-0.16779029369354248,440,0.2,-0.05795251950621605,0.188671875,-1.455784634128213
117,804,94208,0.03791935999999994,46,300.0,0.0003,0.0151773915,-0.034292976718279536,0.09317300571128725,-0.015323042869567871,450,0.2,-0.017475206404924393,0.157958984375,-1.4632889065891503
119,806,96256,0.20449619,47,300.0,0.0003,0.016415363,-0.037424494986771605,0.05007777517312206,-0.021230459213256836,460,0.2,-0.05569629371166229,0.17080078125,-1.4583944994956255
121,809,98304,0.20222321000000004,48,300.0,0.0003,0.017482743,-0.030249817520962098,0.08765345650026575,0.022882163524627686,470,0.2,-0.0397484228014946,0.165576171875,-1.4505076993256807
184,543,100352,0.3960918800000001,49,300.0,0.0003,0.017866306,-0.03996801948815119,0.022501175897195934,-0.13052701950073242,480,0.2,-0.052094731479883194,0.187939453125,-1.4442476026713849
187,546,102400,0.40237791000000006,50,300.0,0.0003,0.0165619,-0.03585948619002011,0.034580005338648336,0.003275156021118164,490,0.2,-0.057553090155124664,0.16875,-1.4210179138928651
190,549,104448,0.3019989799999999,51,300.0,0.0003,0.017057616,-0.03661454238463193,0.049822353076888246,0.1953638195991516,500,0.2,-0.05764611437916756,0.1955078125,-1.4223479099571705
192,553,106496,0.3583173400000001,52,300.0,0.0003,0.015366764,-0.03557989349355921,0.08588112681172788,0.22145068645477295,510,0.2,-0.02771112322807312,0.16220703125,-1.4413345076143742
195,555,108544,0.41141245000000004,53,300.0,0.0003,0.01728166,-0.03728454210504424,0.04833791120327078,0.33852410316467285,520,0.2,-0.05139749497175217,0.18212890625,-1.4207386910915374
197,559,110592,0.22171693999999997,54,300.0,0.0003,0.019153383,-0.03344178666593507,0.04147634636610746,0.35728102922439575,530,0.2,-0.044919129461050034,0.1849609375,-1.4318344417959452
199,563,112640,0.14542700999999994,55,300.0,0.0003,0.014329758,-0.03353621875867248,0.0165445156104397,0.632966160774231,540,0.2,-0.059110127389431,0.177734375,-1.4271945431828499
201,567,114688,-0.15214449,56,300.0,0.0003,0.017144702,-0.03502591718715849,0.0513039002311416,0.3161078691482544,550,0.2,-0.03226231038570404,0.1744140625,-1.442569114267826
204,570,116736,-0.24365458000000004,57,300.0,0.0003,0.01590061,-0.03319566453283187,0.028812757669948043,0.5214808583259583,560,0.2,-0.05640096589922905,0.174755859375,-1.4122956339269876
206,574,118784,-0.3421797100000001,58,300.0,0.0003,0.019512001,-0.03497500541561749,0.013363194427802228,0.48158788681030273,570,0.2,-0.06834055483341217,0.207470703125,-1.3840262018144132
209,577,120832,-0.32742692000000007,59,300.0,0.0003,0.019107956,-0.03991039622342214,0.05183886931044981,0.3586660623550415,580,0.2,-0.070420041680336,0.183740234375,-1.4066501215100289
211,580,122880,-0.26916723000000004,60,300.0,0.0003,0.021025136,-0.03554526588995941,0.025035716785350815,0.02723073959350586,590,0.2,-0.05796132981777191,0.197119140625,-1.3509462054818868
214,582,124928,-0.23128833000000004,61,300.0,0.0003,0.019701026,-0.03770163632580079,0.054808727849740536,-0.035063982009887695,600,0.2,-0.04366648569703102,0.182861328125,-1.3829683125019074
218,582,126976,-0.19863908000000002,62,300.0,0.0003,0.016710933,-0.037256064348912335,0.024562021598103456,0.30909717082977295,610,0.2,-0.07009819149971008,0.192529296875,-1.361795177310705
220,585,129024,-0.16689142999999998,63,300.0,0.0003,0.018258747,-0.03650131895119557,0.045925082766916606,0.08212953805923462,620,0.2,-0.041215747594833374,0.177685546875,-1.3393376894295215
223,586,131072,-0.19283568000000004,64,300.0,0.0003,0.017773854,-0.03609815529198386,0.057492200890555976,0.14739763736724854,630,0.2,-0.040303826332092285,0.184326171875,-1.3319633711129426
225,589,133120,0.0024815300000000113,65,300.0,0.0003,0.017386286,-0.033740842173574495,0.06765403316821902,0.1776435375213623,640,0.2,-0.015309710055589676,0.177099609375,-1.334473168104887
228,591,135168,-0.019701049999999977,66,300.0,0.0003,0.019980669,-0.03822240009030793,0.04857619679532945,0.24871337413787842,650,0.2,-0.08367335051298141,0.21259765625,-1.3124092184007168
231,592,137216,0.013243880000000015,67,300.0,0.0003,0.018473335,-0.03712588382186368,0.04405410869512707,0.14522522687911987,660,0.2,-0.05495690181851387,0.188232421875,-1.3182554177939891
233,595,139264,-0.08835495000000003,68,300.0,0.0003,0.019143809,-0.042468114115763456,0.02670732248807326,0.2131926417350769,670,0.2,-0.06330882012844086,0.20625,-1.3209969379007815
236,598,141312,0.07636571,69,300.0,0.0003,0.01589254,-0.0345327688010002,0.05648780317278579,-0.010470151901245117,680,0.2,-0.05268571525812149,0.17822265625,-1.3229406047612429
238,600,143360,0.16430999999999998,70,300.0,0.0003,0.02225349,-0.039989365340443325,0.0278536461351905,0.21753036975860596,690,0.2,-0.06438231468200684,0.208984375,-1.306538849323988
240,603,145408,0.3309953199999998,71,300.0,0.0003,0.016734162,-0.034759878525801466,0.08222972971852868,0.1950899362564087,700,0.2,-0.021820485591888428,0.184130859375,-1.3135258197784423
243,606,147456,0.31779604999999994,72,300.0,0.0003,0.018886296,-0.039595269883284344,0.05553009225986898,-0.03142905235290527,710,0.2,-0.035608306527137756,0.183642578125,-1.3069448862224817
245,608,149504,0.42049848999999995,73,300.0,0.0003,0.01691484,-0.03784056656586472,0.05451208878075704,0.1914404034614563,720,0.2,-0.08017250895500183,0.185595703125,-1.2937758922576905
248,609,151552,0.42404212,74,300.0,0.0003,0.015279768,-0.03704813545919024,0.04627015003934502,0.3228863477706909,730,0.2,-0.06446639448404312,0.18115234375,-1.2908090569078923
251,611,153600,0.3794832499999999,75,300.0,0.0003,0.017989643,-0.03541228607937228,0.08380956469336524,0.19387710094451904,740,0.2,-0.02723715454339981,0.189501953125,-1.262232842296362
253,614,155648,0.55696587,76,300.0,0.0003,0.018449046,-0.03632927259313874,0.03522997045656666,0.41305428743362427,750,0.2,-0.03065243549644947,0.190478515625,-1.2683164779096843
255,616,157696,0.3650395499999999,77,300.0,0.0003,0.018450586,-0.035311473094043325,0.044788476574467495,0.44661229848861694,760,0.2,-0.02348354458808899,0.179150390625,-1.2696768280118704
258,618,159744,0.3215643799999999,78,300.0,0.0003,0.021051113,-0.036921632909798066,0.05056992301251739,0.4540695548057556,770,0.2,-0.07727387547492981,0.19365234375,-1.2582020595669747
260,620,161792,0.32508001,79,300.0,0.0003,0.020700704,-0.039854910675785504,0.030115584476152434,0.35196220874786377,780,0.2,-0.04227709770202637,0.196923828125,-1.2575416769832373
263,621,163840,0.31436619,80,300.0,0.0003,0.018173538,-0.03934900083695538,0.04029310739133507,0.27059561014175415,790,0.2,-0.060709938406944275,0.1890625,-1.2593763906508684
266,623,165888,0.33400962,81,300.0,0.0003,0.020663515,-0.03648760018404573,0.0752210311125964,0.08523720502853394,800,0.2,-0.031802743673324585,0.18837890625,-1.2498733215034008
269,623,167936,0.39383382,82,300.0,0.0003,0.01674981,-0.036375379597302526,0.04238213522476144,0.1361505389213562,810,0.2,-0.029313823208212852,0.17890625,-1.2715989615768195
271,626,169984,0.3894610300000001,83,300.0,0.0003,0.01924013,-0.03609091732942034,0.02184969520312734,0.14978545904159546,820,0.2,-0.007428310811519623,0.195068359375,-1.2590046487748623
275,625,172032,0.38472285999999994,84,300.0,0.0003,0.018773291,-0.039770668093115094,0.059159001987427476,0.08748406171798706,830,0.2,-0.056635912507772446,0.183984375,-1.3029025930911302
278,625,174080,0.4173003300000002,85,300.0,0.0003,0.017706022,-0.037676226426265204,0.01221931898908224,0.12635564804077148,840,0.2,-0.08969549834728241,0.188232421875,-1.2636477001011373
280,627,176128,0.46907221,86,300.0,0.0003,0.018239293,-0.039267677115276456,0.10485725139733404,0.08231616020202637,850,0.2,-0.04516115039587021,0.1955078125,-1.2276775613427162
282,629,178176,0.5032706,87,300.0,0.0003,0.016770959,-0.03648663192579989,0.031896165030775595,0.03362703323364258,860,0.2,-0.05725061520934105,0.18330078125,-1.2396332655102014
285,631,180224,0.5677051799999999,88,300.0,0.0003,0.018046178,-0.036907719462760724,0.019645050761755555,-0.09653139114379883,870,0.2,-0.05153720825910568,0.182470703125,-1.207664678990841
287,633,182272,0.62236416,89,300.0,0.0003,0.018564194,-0.03608788034180179,0.07614333732053638,0.14501851797103882,880,0.2,-0.02126866951584816,0.187841796875,-1.2123323753476143
289,635,184320,0.54374219,90,300.0,0.0003,0.01981587,-0.03748014777956996,0.03891400206484832,0.30828893184661865,890,0.2,-0.04950306564569473,0.204052734375,-1.1978503976017236
291,638,186368,0.45998771,91,300.0,0.0003,0.017970162,-0.03592901754600462,0.026455874476232565,0.3464154005050659,900,0.2,-0.05345851182937622,0.19296875,-1.2086479913443327
294,638,188416,0.4442077899999999,92,300.0,0.0003,0.019592956,-0.039115625756676306,0.013771432181238196,0.5493726134300232,910,0.2,-0.05288657173514366,0.188525390625,-1.2015231028199196
297,640,190464,0.45698052000000006,93,300.0,0.0003,0.023096703,-0.040400979487458244,0.07002012350130826,0.2332080602645874,920,0.2,-0.039378002285957336,0.2173828125,-1.2181109450757504
300,641,192512,0.45997185,94,300.0,0.0003,0.022452101,-0.04058133374346653,0.03222823685500771,0.3539431095123291,930,0.2,-0.06992393732070923,0.211376953125,-1.190536255389452
303,640,194560,0.47363843999999994,95,300.0,0.0003,0.02055087,-0.040389022574527186,0.022193027631146833,0.37399065494537354,940,0.2,-0.059095598757267,0.204443359375,-1.1603841587901116
307,638,196608,0.5096752399999999,96,300.0,0.0003,0.01967318,-0.03753430898068473,0.03612664412939921,0.4186626672744751,950,0.2,-0.07036490738391876,0.1990234375,-1.1843177910894156
311,638,198656,0.33772410999999997,97,300.0,0.0003,0.021820836,-0.03657169382204302,0.14945352646755056,0.13153952360153198,960,0.2,-0.010232284665107727,0.214208984375,-1.194638090580702
375,534,200704,0.15594806999999997,98,300.0,0.0003,0.021305997,-0.034774909375119026,0.08510814382461832,0.26661455631256104,970,0.2,-0.026457205414772034,0.195654296875,-1.1637668687850238
378,535,202752,0.05569397000000003,99,300.0,0.0003,0.017543696,-0.035821046234923416,0.06523102523642592,0.2980601191520691,980,0.2,-0.052061568945646286,0.18603515625,-1.179046043381095
381,537,204800,0.052856670000000036,100,300.0,0.0003,0.020774236,-0.038819213146052786,0.048454020399367435,0.4313367009162903,990,0.2,-0.04990018159151077,0.186328125,-1.1994000211358071
384,538,206848,-0.05372417999999997,101,300.0,0.0003,0.01849078,-0.03418003238766687,0.04391280430718325,0.132859468460083,1000,0.2,-0.03224204108119011,0.180810546875,-1.1576642207801342
386,540,208896,-0.09290523000000009,102,300.0,0.0003,0.017848123,-0.038185164632159284,0.08493234685156495,0.1428961157798767,1010,0.2,-0.04463576525449753,0.186376953125,-1.175729000940919
388,542,210944,-0.18177859,103,300.0,0.0003,0.021208776,-0.03732849450025242,0.03130139741115272,0.38440608978271484,1020,0.2,-0.06418778002262115,0.186181640625,-1.1755869187414647
390,545,212992,-0.10032785999999999,104,300.0,0.0003,0.020922229,-0.036048928793752565,0.022242754697799683,0.5293387174606323,1030,0.2,-0.0563109889626503,0.19287109375,-1.1488853368908167
393,547,215040,-0.3003041,105,300.0,0.0003,0.019652234,-0.03748756312124897,0.08089434335706755,0.3092547655105591,1040,0.2,-0.03533528372645378,0.19150390625,-1.1702257521450519
395,549,217088,-0.33129025,106,300.0,0.0003,0.017854646,-0.03777650443080347,0.04860041548963636,0.4218575954437256,1050,0.2,-0.05596185103058815,0.185986328125,-1.1651314485818147
398,550,219136,-0.21252035000000002,107,300.0,0.0003,0.0212477,-0.035910077537118924,0.025813519133953376,0.6191043853759766,1060,0.2,-0.0724860206246376,0.206591796875,-1.1890823014080525
400,552,221184,-0.34527444999999984,108,300.0,0.0003,0.021110658,-0.04396807662997162,0.021849399973871187,0.7005634903907776,1070,0.2,-0.0465799942612648,0.21904296875,-1.1877161748707294
402,554,223232,-0.36865084,109,300.0,0.0003,0.020312358,-0.03751192676427308,0.02588355492334813,0.6246363520622253,1080,0.2,-0.04880311340093613,0.1841796875,-1.1538546446710825
405,555,225280,-0.44422837000000004,110,300.0,0.0003,0.018925764,-0.035625034681288525,0.04575893837609328,0.3340800404548645,1090,0.2,-0.03225867450237274,0.19521484375,-1.1127210643142462
410,553,227328,-0.25131774,111,300.0,0.0003,0.01997166,-0.04129398060613312,0.0820649251458235,0.1625443696975708,1100,0.2,-0.06309282034635544,0.208056640625,-1.12256027366966
414,552,229376,-0.15172795999999994,112,300.0,0.0003,0.022418085,-0.03616907817486208,0.06543932278873399,-0.08474183082580566,1110,0.2,-0.03339936584234238,0.202392578125,-1.1119562534615397
421,548,231424,-0.07233627000000005,113,300.0,0.0003,0.021826796,-0.03707072266261093,0.12750805816613137,0.1100279688835144,1120,0.2,-0.0058057308197021484,0.217919921875,-1.1023020701482893
425,548,233472,-0.029972640000000047,114,300.0,0.0003,0.02118988,-0.03689400207513245,0.07199208667734638,0.05765843391418457,1130,0.2,-0.04139665886759758,0.195458984375,-1.0993460815399885
430,546,235520,0.02709459999999992,115,300.0,0.0003,0.022709332,-0.03726660010870546,0.0825228103902191,0.08285164833068848,1140,0.2,-0.012547466903924942,0.210986328125,-1.10337040014565
434,546,237568,-0.0074928300000000015,116,300.0,0.0003,0.01716445,-0.03412214986456093,0.08209002810763195,-0.0723121166229248,1150,0.2,-0.02769005298614502,0.187255859375,-1.0747991096228362
437,547,239616,-0.08045189000000001,117,300.0,0.0003,0.021169325,-0.03515247399336659,0.057453377021010964,0.09623998403549194,1160,0.2,-0.04406782239675522,0.201171875,-1.0893133137375117
442,545,241664,-0.13865024,118,300.0,0.0003,0.025298692,-0.03858964008104522,0.018274746913812125,0.1440790891647339,1170,0.2,-0.06457923352718353,0.208984375,-1.117567783780396
449,542,243712,-0.18217977999999996,119,300.0,0.0003,0.018994976,-0.03558068682468729,0.13795953365042807,0.14101368188858032,1180,0.2,-0.024036768823862076,0.182177734375,-1.115290680900216
454,541,245760,-0.04556350999999997,120,300.0,0.0003,0.022580843,-0.04069369949575048,0.0402853113017045,0.18025797605514526,1190,0.2,-0.0523410327732563,0.20615234375,-1.072436068765819
460,537,247808,-0.14095080999999998,121,300.0,0.0003,0.018920485,-0.034913032676558944,0.028807658032746986,0.3056780695915222,1200,0.2,-0.04059244692325592,0.1904296875,-1.1010302597656847
464,537,249856,-0.25480151999999995,122,300.0,0.0003,0.024752777,-0.03742009069246706,0.043981873721349984,0.2862849831581116,1210,0.2,-0.04129663109779358,0.209130859375,-1.0663739843294024
468,538,251904,-0.19159416999999998,123,300.0,0.0003,0.021846367,-0.035834757471457125,0.05020901848329231,0.18688607215881348,1220,0.2,-0.03309622034430504,0.2072265625,-1.0582768933847546
471,538,253952,-0.21421051999999996,124,300.0,0.0003,0.021168727,-0.03443260946078226,0.05862422282807529,0.3132949471473694,1230,0.2,-0.025374915450811386,0.195654296875,-1.0672487959265708
476,537,256000,-0.25639830999999996,125,300.0,0.0003,0.027347796,-0.03957435060583521,0.04600714071420953,0.42026054859161377,1240,0.2,-0.04534647986292839,0.205615234375,-1.0749161344021558
479,538,258048,-0.33556911999999994,126,300.0,0.0003,0.019298088,-0.03554906361678149,0.0360984442231711,0.28400158882141113,1250,0.2,-0.0515732616186142,0.1779296875,-1.0696653766557573
482,538,260096,-0.3405799599999999,127,300.0,0.0003,0.021746693,-0.03609246314736083,0.06934512425214052,0.2432307004928589,1260,0.2,-0.05748894065618515,0.19599609375,-1.0566150268539787
487,537,262144,-0.41214462999999996,128,300.0,0.0003,0.022999449,-0.03214738402166404,0.05155337970354594,0.31493568420410156,1270,0.2,-0.04733632877469063,0.197900390625,-1.0522741986438633
490,538,264192,-0.5011251100000002,129,300.0,0.0003,0.022948414,-0.03827193561883178,0.03018159214989282,0.518273115158081,1280,0.2,-0.02865184284746647,0.198583984375,-1.0370615998283028
493,539,266240,-0.4412435399999999,130,300.0,0.0003,0.025525913,-0.04055786468670704,0.03020931925275363,0.3868889808654785,1290,0.2,-0.0747864693403244,0.213916015625,-1.0043968046084046
495,541,268288,-0.26409783,131,300.0,0.0003,0.026327195,-0.03914279943855945,0.0581242629676126,0.25467604398727417,1300,0.2,-0.04311278834939003,0.221240234375,-1.0186684457585216
498,542,270336,-0.20519129999999994,132,300.0,0.0003,0.02544061,-0.04100288651243318,0.025656605110270903,0.5548668503761292,1310,0.2,-0.06533078104257584,0.221826171875,-1.0479080440476536
500,544,272384,-0.060662280000000006,133,300.0,0.0003,0.020356085,-0.03421699551836355,0.05128584266058169,0.37348395586013794,1320,0.2,-0.030161993578076363,0.204345703125,-1.0710253139957786
502,545,274432,-0.05190178999999997,134,300.0,0.0003,0.025133435,-0.04000961736746831,0.05943015442462638,0.339526891708374,1330,0.2,-0.040253620594739914,0.20771484375,-1.0657715514302253
505,547,276480,0.007882440000000055,135,300.0,0.0003,0.021485608,-0.03611685743235284,0.05019066219683736,0.19330108165740967,1340,0.2,-0.04934161156415939,0.188525390625,-1.073542212508619
507,549,278528,0.11531707000000005,136,300.0,0.0003,0.03004466,-0.04283397390245227,0.0376865335740149,0.4179467558860779,1350,0.2,-0.061013635247945786,0.24150390625,-1.043420747667551
509,550,280576,0.25854887000000004,137,300.0,0.0003,0.021009367,-0.036640661378623915,0.049198995158076284,0.2572476863861084,1360,0.2,-0.0368744358420372,0.18828125,-1.0411046074703336
511,552,282624,0.4554505500000001,138,300.0,0.0003,0.022344142,-0.04005824674095493,0.08323782457737253,0.14833569526672363,1370,0.2,-0.02222244068980217,0.209912109375,-1.074546605348587
513,554,284672,0.40925362,139,300.0,0.0003,0.024400622,-0.038848533482814675,0.031118906720075758,0.42333757877349854,1380,0.2,-0.06838466227054596,0.214453125,-1.053420496173203
515,555,286720,0.49758655000000007,140,300.0,0.0003,0.024307953,-0.03910864488861989,0.04077554620453157,0.39023154973983765,1390,0.2,-0.043366070836782455,0.217333984375,-1.0433181440457702
518,557,288768,0.419274,141,300.0,0.0003,0.028455865,-0.03724911303143017,0.059981134574627504,0.24568921327590942,1400,0.2,-0.03421967849135399,0.23427734375,-1.0247768443077803
520,558,290816,0.45217412,142,300.0,0.0003,0.022667963,-0.039159095959621484,0.168152222991921,0.11185681819915771,1410,0.2,-0.0033415555953979492,0.208837890625,-1.0515756880864502
522,560,292864,0.3676294900000001,143,300.0,0.0003,0.024236511,-0.034575250440684616,0.019098374771419912,0.4388890266418457,1420,0.2,-0.06364860385656357,0.200146484375,-1.0279001880437135
525,561,294912,0.37309798000000005,144,300.0,0.0003,0.023463853,-0.03782930408779066,0.04645322791766375,0.2466532588005066,1430,0.2,-0.05122528597712517,0.203662109375,-1.0431729162111878
527,562,296960,0.16390303000000006,145,300.0,0.0003,0.02267803,-0.035401948291109875,0.08312365730525925,0.11893367767333984,1440,0.2,-0.02528594434261322,0.203466796875,-1.0543195156380534
529,564,299008,0.26755347000000007,146,300.0,0.0003,0.022879073,-0.040206598246004435,0.02272678576700855,0.3136855959892273,1450,0.2,-0.08509059250354767,0.2111328125,-1.0381602004170418
591,509,301056,0.13566287999999993,147,300.0,0.0003,0.024681278,-0.03804580052528763,0.020310034658177756,-0.05015146732330322,1460,0.2,-0.06694971024990082,0.202587890625,-1.0646817598491907
594,510,303104,0.14982198999999996,148,300.0,0.0003,0.02317566,-0.03792594360566,0.07945663041900844,0.08227527141571045,1470,0.2,0.004586338996887207,0.21484375,-1.052791884727776
596,511,305152,-0.04129831999999996,149,300.0,0.0003,0.02388618,-0.04041144262300804,0.04079404182266444,-0.134773850440979,1480,0.2,-0.07363936305046082,0.213232421875,-1.0385401099920273
598,513,307200,0.03439347000000001,150,300.0,0.0003,0.024960201,-0.03811703637184109,0.07219201390398666,0.04317426681518555,1490,0.2,-0.028946304693818092,0.2193359375,-1.0562480628490447
600,514,309248,0.013729460000000002,151,300.0,0.0003,0.021614008,-0.03419737302174326,0.08132010811241344,0.11731278896331787,1500,0.2,0.005586467683315277,0.21171875,-1.0523085517808795
604,515,311296,-0.16472932999999995,152,300.0,0.0003,0.024608688,-0.0342737231272622,0.06012658739928156,0.06038343906402588,1510,0.2,-0.026624394580721855,0.20390625,-1.0341663712635636
606,516,313344,-0.24546892,153,300.0,0.0003,0.022975914,-0.034015772130806,0.05495670932577923,0.05274397134780884,1520,0.2,-0.031956449151039124,0.2123046875,-1.0371552860364317
609,517,315392,-0.25054871,154,300.0,0.0003,0.030537445,-0.03751946311676875,0.07673196393297985,0.015985488891601562,1530,0.2,-0.03407767787575722,0.216259765625,-1.0327639957889914
611,519,317440,-0.19054338000000004,155,300.0,0.0003,0.026423976,-0.03870243277051486,0.07087338485289366,0.01104593276977539,1540,0.2,-0.026461340487003326,0.2146484375,-1.0343259986490012
613,520,319488,-0.27372999,156,300.0,0.0003,0.025188059,-0.04059491365624126,0.05666793207637966,0.03791701793670654,1550,0.2,-0.05608462542295456,0.232421875,-1.032719535753131
615,522,321536,-0.18316468,157,300.0,0.0003,0.025135603,-0.03542420376616064,0.07715543797239661,0.017052173614501953,1560,0.2,-0.03489825129508972,0.2119140625,-1.0079875813797117
618,523,323584,-0.049507369999999995,158,300.0,0.0003,0.02772789,-0.03911211272643413,0.05202226595720276,-0.18905997276306152,1570,0.2,-0.0693645104765892,0.229150390625,-1.0262539669871331
620,524,325632,-0.1809718,159,300.0,0.0003,0.025894333,-0.032061684713698926,0.05371184017276391,-0.021643638610839844,1580,0.2,-0.044548891484737396,0.21083984375,-1.0165599709376694
622,526,327680,-0.1940968,160,300.0,0.0003,0.02691764,-0.04033128860173747,0.03817368696909398,0.04129689931869507,1590,0.2,-0.03568951040506363,0.22060546875,-1.0011167492717505
625,527,329728,0.051842010000000036,161,300.0,0.0003,0.026159767,-0.037750130920903756,0.027068531914846972,0.15984445810317993,1600,0.2,-0.05733199417591095,0.236474609375,-1.0168075870722533
627,529,331776,-0.04967279000000005,162,300.0,0.0003,0.025965843,-0.03902146907348651,0.04452165793045424,0.046570539474487305,1610,0.2,-0.018615076318383217,0.212158203125,-1.0048583265393973
629,530,333824,0.03772055000000003,163,300.0,0.0003,0.022927163,-0.039774634581408466,0.024567044636933134,0.082783043384552,1620,0.2,-0.01990034058690071,0.219873046875,-1.0441282838582993
631,531,335872,-0.11973065000000004,164,300.0,0.0003,0.024083858,-0.03935708256612998,0.009281637135427446,0.27788257598876953,1630,0.2,-0.060260314494371414,0.214013671875,-1.0211263475939631
633,533,337920,-0.15931672000000005,165,300.0,0.0003,0.026317578,-0.03957969049952226,0.04292177432507742,0.0031538009643554688,1640,0.2,-0.05610588565468788,0.2224609375,-1.0210424352437257
636,534,339968,-0.2456419800000001,166,300.0,0.0003,0.022035105,-0.04061478402290959,0.06503633429529146,0.007042646408081055,1650,0.2,-0.02651946246623993,0.198828125,-1.0175008814781905
638,535,342016,-0.27043957,167,300.0,0.0003,0.028324522,-0.03909641563950572,0.01295601866877405,0.207197904586792,1660,0.2,-0.06347132474184036,0.215234375,-0.9934827221557498
640,536,344064,-0.30538750000000003,168,300.0,0.0003,0.027210586,-0.03847437007934786,0.03543233639211394,0.008431673049926758,1670,0.2,-0.029760291799902916,0.22099609375,-1.0536645011976362
643,538,346112,-0.29229666000000004,169,300.0,0.0003,0.025817435,-0.041338437507511115,0.04391784420586191,0.1243290901184082,1680,0.2,-0.04196210950613022,0.24248046875,-1.0700636696070434
645,539,348160,-0.2924194400000001,170,300.0,0.0003,0.02619131,-0.040170670798397624,0.041945540864253415,0.03978407382965088,1690,0.2,-0.06188228353857994,0.2212890625,-1.0515011033043264
647,540,350208,-0.25435329000000007,171,300.0,0.0003,0.023448907,-0.03692426315101329,0.0379359416780062,0.1439644694328308,1700,0.2,-0.06557098031044006,0.218896484375,-1.0627715047448874
649,542,352256,-0.07226621000000008,172,300.0,0.0003,0.026598413,-0.039423995910328816,0.03361629413557239,0.38663721084594727,1710,0.2,-0.04460602253675461,0.21123046875,-1.0214513396844267
651,543,354304,-0.14526675000000006,173,300.0,0.0003,0.028965607,-0.03975674203538802,0.06367708505131305,0.2948188781738281,1720,0.2,-0.06622689217329025,0.23076171875,-1.0438365830108522
653,544,356352,-0.01796613000000007,174,300.0,0.0003,0.025178168,-0.0358561944696703,0.04713843611534685,0.2434375286102295,1730,0.2,-0.03542220592498779,0.21123046875,-1.0432039564475417
655,546,358400,0.16222793999999996,175,300.0,0.0003,0.025346078,-0.0399391437851591,0.0424158948706463,-0.05959057807922363,1740,0.2,-0.0375467985868454,0.218701171875,-1.0151026153936982
658,547,360448,-0.0025553899999999708,176,300.0,0.0003,0.024279384,-0.039682286774041134,0.03158569457591511,0.43267273902893066,1750,0.2,-0.06622089445590973,0.22880859375,-1.0460998177528382
660,549,362496,0.038782810000000015,177,300.0,0.0003,0.024610285,-0.03909857108374126,0.02918046145932749,0.05066603422164917,1760,0.2,-0.06315306574106216,0.218798828125,-1.0289626255631448
662,550,364544,-0.014266260000000013,178,300.0,0.0003,0.026515082,-0.039145111966354305,0.08309329508338123,0.005124330520629883,1770,0.2,-0.024608343839645386,0.212744140625,-1.0399175345897675
664,551,366592,0.13471540999999998,179,300.0,0.0003,0.024439204,-0.0370567446196219,0.05045997673878446,-0.052680373191833496,1780,0.2,-0.06888783723115921,0.2123046875,-1.0124189795926213
667,552,368640,0.30463069,180,300.0,0.0003,0.029096697,-0.0429626149154501,0.039780131838051604,0.21990251541137695,1790,0.2,-0.04560602828860283,0.22421875,-1.0555217469111084
670,552,370688,0.29868543,181,300.0,0.0003,0.024622476,-0.04244213480269536,0.05182647993788123,-0.05968058109283447,1800,0.2,-0.05951528996229172,0.216015625,-1.077354315109551
673,553,372736,0.27392877,182,300.0,0.0003,0.023124132,-0.041209486247680616,0.01875949391978793,0.08563387393951416,1810,0.2,-0.05319467931985855,0.216650390625,-1.0847298868000508
675,554,374784,0.31335035000000006,183,300.0,0.0003,0.024995904,-0.042450215805729385,0.034938555682310836,0.04109084606170654,1820,0.2,-0.06284605711698532,0.21650390625,-1.0766472848132254
678,555,376832,0.22701064,184,300.0,0.0003,0.02850046,-0.04536436217022129,0.03069268090184778,-0.050459980964660645,1830,0.2,-0.06429165601730347,0.2369140625,-1.064593555405736
680,556,378880,0.31938398999999995,185,300.0,0.0003,0.024225516,-0.04052334822044941,0.015224350403877906,0.18534672260284424,1840,0.2,-0.04180508852005005,0.224169921875,-1.0785467674955727
682,558,380928,0.18809514000000008,186,300.0,0.0003,0.022701317,-0.04230579705326818,0.03287451908108778,0.06386202573776245,1850,0.2,-0.061805084347724915,0.205224609375,-1.1039872646331788
685,558,382976,0.028201669999999977,187,300.0,0.0003,0.023351932,-0.04295686624245718,0.05080970297567546,-0.09727954864501953,1860,0.2,-0.052230898290872574,0.22626953125,-1.100305555574596
687,560,385024,0.09077001000000001,188,300.0,0.0003,0.024641728,-0.04342332518572221,0.04742059535346925,0.015961945056915283,1870,0.2,-0.06560094654560089,0.22490234375,-1.081728889234364
689,560,387072,-0.07525200999999987,189,300.0,0.0003,0.024546854,-0.039934838851331735,0.06792639527702704,0.13098227977752686,1880,0.2,-0.0658511370420456,0.227001953125,-1.0726919846609235
692,562,389120,-0.2587167499999999,190,300.0,0.0003,0.02644516,-0.03870449372625444,0.06488613237743265,0.29604893922805786,1890,0.2,-0.05181310325860977,0.2130859375,-1.0636938259005546
694,562,391168,-0.2725719,191,300.0,0.0003,0.02584429,-0.04442883075971622,0.03564357777358964,0.2999284863471985,1900,0.2,-0.07262778282165527,0.23271484375,-1.08521726783365
697,563,393216,-0.19171089999999993,192,300.0,0.0003,0.02702501,-0.0383281232585432,0.04308619057410397,0.3025030493736267,1910,0.2,-0.04086165502667427,0.21875,-1.078837276250124
699,564,395264,-0.13913526999999998,193,300.0,0.0003,0.02784174,-0.04038603622029768,0.04627909528790042,0.21116572618484497,1920,0.2,-0.03128163889050484,0.2259765625,-1.0633611466735602
701,566,397312,-0.06199846999999999,194,300.0,0.0003,0.02491694,-0.03827211871393956,0.11282582904677838,0.04603755474090576,1930,0.2,-0.018905818462371826,0.228173828125,-1.064425584860146
704,567,399360,-0.27587056000000004,195,300.0,0.0003,0.027540037,-0.040725487463350876,0.03857169575348962,-0.06440317630767822,1940,0.2,-0.06765349209308624,0.22275390625,-1.0702960612252355
775,517,401408,-0.21868568,196,300.0,0.0003,0.023867521,-0.042922398934024386,0.017366271640639752,0.11663210391998291,1950,0.2,-0.07598429918289185,0.22841796875,-1.0918428456410765
777,518,403456,-0.11789673000000002,197,300.0,0.0003,0.025365261,-0.041112074855482204,0.0283845663710963,0.18815946578979492,1960,0.2,-0.04845630005002022,0.22724609375,-1.0730523567646741
780,519,405504,-0.14398587000000007,198,300.0,0.0003,0.029354528,-0.04380955626547802,0.0218782335112337,0.270598828792572,1970,0.2,-0.07693841308355331,0.235107421875,-1.1014341983944178
782,520,407552,-0.21636021000000003,199,300.0,0.0003,0.023326704,-0.037529136886587364,0.04648942489293404,0.22822916507720947,1980,0.2,-0.039789073169231415,0.21123046875,-1.0498152781277894
785,521,409600,-0.34398245000000005,200,300.0,0.0003,0.02761918,-0.04074945934407879,0.051773066935129466,0.07233953475952148,1990,0.2,-0.06264105439186096,0.235205078125,-1.0329996714368463
788,522,411648,-0.23164442000000002,201,300.0,0.0003,0.023581382,-0.03969172780343797,0.05317056336207315,-0.02006089687347412,2000,0.2,-0.03310111537575722,0.213671875,-1.016459272801876
790,523,413696,-0.3204089,202,300.0,0.0003,0.028545193,-0.04004992076806957,0.04405334229231812,-0.05756938457489014,2010,0.2,-0.06052228435873985,0.232958984375,-1.0329881638288498
792,524,415744,-0.35805601999999986,203,300.0,0.0003,0.025812153,-0.04247431362746283,0.034439665399258954,-0.08489620685577393,2020,0.2,-0.06898978352546692,0.2275390625,-1.0154077894985676
795,525,417792,-0.34954741000000006,204,300.0,0.0003,0.024910547,-0.043092410825192926,0.023988348126295023,-0.09950852394104004,2030,0.2,-0.08294785767793655,0.22197265625,-1.0356153275817632
797,526,419840,-0.29212899999999997,205,300.0,0.0003,0.0243395,-0.040146668234956454,0.06235536156455055,0.10139459371566772,2040,0.2,-0.026136748492717743,0.208984375,-1.0380835169926286
799,527,421888,-0.18050445000000004,206,300.0,0.0003,0.026482243,-0.04277885050105397,0.05048408159054816,0.0029805898666381836,2050,0.2,-0.06712150573730469,0.23779296875,-1.022381836362183
801,528,423936,0.04157260999999993,207,300.0,0.0003,0.024226569,-0.04008731787034776,0.04284619115060195,-0.010591626167297363,2060,0.2,-0.05821768194437027,0.221484375,-1.047549621015787
804,529,425984,-0.19895697999999995,208,300.0,0.0003,0.023475122,-0.03857251352164894,0.015475232031894848,0.2544787526130676,2070,0.2,-0.055063460022211075,0.19287109375,-1.013690714724362
806,530,428032,-0.1303387799999999,209,300.0,0.0003,0.027062163,-0.04367082812095759,0.06322623908054084,0.15862715244293213,2080,0.2,-0.020891491323709488,0.24892578125,-1.0129148976877331
809,531,430080,-0.009161350000000016,210,300.0,0.0003,0.027616877,-0.040445676998933776,0.02964841301436536,0.1819104552268982,2090,0.2,-0.04968035966157913,0.22158203125,-1.0203239949420095
811,532,432128,-0.02008744999999999,211,300.0,0.0003,0.026900027,-0.040757960529299454,0.04036678423290141,0.117778480052948,2100,0.2,-0.06252226233482361,0.229248046875,-1.0177723782137036
813,533,434176,0.10873595999999998,212,300.0,0.0003,0.022396073,-0.038570920904749076,0.030946692399447785,0.10118108987808228,2110,0.2,-0.08360742032527924,0.2263671875,-1.0131328113377094
816,534,436224,-0.009598169999999991,213,300.0,0.0003,0.02610707,-0.04094730859796982,0.018997373996535317,0.19855386018753052,2120,0.2,-0.062062960118055344,0.223046875,-0.9972568174824119
818,535,438272,0.02199741999999995,214,300.0,0.0003,0.028225496,-0.03904418391466606,0.06092882795492187,0.10148829221725464,2130,0.2,-0.019459396600723267,0.228076171875,-0.9930286176502705
820,536,440320,0.10300562999999992,215,300.0,0.0003,0.026655413,-0.039554335779394025,0.03935154258506372,-0.05632162094116211,2140,0.2,-0.045268990099430084,0.206591796875,-0.9981216942891479
823,537,442368,0.17904937999999998,216,300.0,0.0003,0.022630677,-0.04116146614396712,0.02573271456058137,0.20360219478607178,2150,0.2,-0.07563053071498871,0.1986328125,-0.9888467002660036
825,538,444416,0.11365564000000003,217,300.0,0.0003,0.028857272,-0.040366661836742423,0.04496538811945357,-0.007514834403991699,2160,0.2,-0.05830388143658638,0.222802734375,-0.9825293891131878
827,539,446464,0.0760166,218,300.0,0.0003,0.025632694,-0.04188189267588314,0.05064714250620454,0.12067794799804688,2170,0.2,-0.03983825072646141,0.221142578125,-1.010223121382296
830,540,448512,0.15883055999999998,219,300.0,0.0003,0.02483273,-0.04018401358043775,0.032090880174655466,0.1561741828918457,2180,0.2,-0.042839229106903076,0.218017578125,-0.9833962755277753
832,541,450560,0.10944249999999997,220,300.0,0.0003,0.02734232,-0.0461844634875888,0.024227203347254544,0.2926664352416992,2190,0.2,-0.04173199087381363,0.228076171875,-0.9883696425706148
835,542,452608,0.021366239999999936,221,300.0,0.0003,0.027230129,-0.04191384338046191,0.030931064527248964,0.11275702714920044,2200,0.2,-0.05062771588563919,0.21083984375,-0.9683078346773982
837,543,454656,-0.13280931999999998,222,300.0,0.0003,0.028828058,-0.04302579414797947,0.06615682730916887,0.04996699094772339,2210,0.2,-0.023455552756786346,0.22275390625,-0.9923793816938996
839,544,456704,-0.2667880400000001,223,300.0,0.0003,0.030757234,-0.04309518716763705,0.02531231052998919,0.3531032204627991,2220,0.2,-0.08414662629365921,0.2361328125,-0.9802432673051953
841,545,458752,-0.36691372,224,300.0,0.0003,0.029763369,-0.04210014005075209,0.02452233786461875,0.14922702312469482,2230,0.2,-0.051293715834617615,0.23349609375,-0.9581660676747561
844,545,460800,-0.28534870000000007,225,300.0,0.0003,0.03109282,-0.041493519322830255,0.06136918994598091,0.22749543190002441,2240,0.2,-0.06368497014045715,0.236083984375,-0.9584262143820524
846,546,462848,-0.40791525,226,300.0,0.0003,0.029033445,-0.04326211366860662,0.032607427431503314,0.46121716499328613,2250,0.2,-0.07172051072120667,0.229736328125,-0.932819339632988
849,547,464896,-0.34894292000000005,227,300.0,0.0003,0.029942108,-0.04104043059342075,0.05013047792599536,0.34967392683029175,2260,0.2,-0.0682854875922203,0.22177734375,-0.9400028413161635
851,548,466944,-0.32101713000000004,228,300.0,0.0003,0.028712247,-0.03874957101943437,0.058855249435873704,0.32543081045150757,2270,0.2,-0.048955488950014114,0.228369140625,-0.8916635122150183
853,549,468992,-0.42262257000000014,229,300.0,0.0003,0.030911535,-0.03970961334125604,0.04183895566966385,0.30331146717071533,2280,0.2,-0.06124675273895264,0.233447265625,-0.9047859391197562
855,550,471040,-0.51603757,230,300.0,0.0003,0.03178329,-0.03785228146589361,0.04404945004498586,0.14500975608825684,2290,0.2,-0.06331406533718109,0.225830078125,-0.909880262799561
858,551,473088,-0.60251674,231,300.0,0.0003,0.03269098,-0.0428115779068321,0.03318096850416623,-0.10329973697662354,2300,0.2,-0.033260270953178406,0.22236328125,-0.9000346643850208
861,551,475136,-0.6189282700000001,232,300.0,0.0003,0.027707748,-0.040454103973752355,0.04034093914087862,-0.0031746625900268555,2310,0.2,-0.055988334119319916,0.21533203125,-0.8884528826922178
865,551,477184,-0.64112195,233,300.0,0.0003,0.02888329,-0.036221117779496124,0.07214860006351956,0.21738654375076294,2320,0.2,-0.04404316842556,0.227587890625,-0.9122048685327172
869,551,479232,-0.88282821,234,300.0,0.0003,0.028836738,-0.039324831511476074,0.028059970121830702,0.44137871265411377,2330,0.2,-0.054782934486866,0.2203125,-0.902705499343574
871,552,481280,-0.7831251400000001,235,300.0,0.0003,0.031556524,-0.04279935126833152,0.04127123263897374,0.5068831443786621,2340,0.2,-0.05929877609014511,0.231689453125,-0.9027480384334922
873,553,483328,-0.7784926900000001,236,300.0,0.0003,0.028479688,-0.04187620256561786,0.048583231639349835,0.45286768674850464,2350,0.2,-0.061269305646419525,0.221875,-0.89788084551692
876,553,485376,-0.6771706199999998,237,300.0,0.0003,0.02957568,-0.04150384847889654,0.015852907748194412,0.7522165775299072,2360,0.2,-0.05176939070224762,0.230615234375,-0.8789326040074229
879,554,487424,-0.5558751399999999,238,300.0,0.0003,0.034550767,-0.0408209459943464,0.0659425750025548,0.5253364443778992,2370,0.2,-0.01666243001818657,0.2353515625,-0.8871481468901038
881,555,489472,-0.69418845,239,300.0,0.0003,0.032446902,-0.04171138653473463,0.043600770807825026,0.6702358722686768,2380,0.2,-0.04238472878932953,0.2291015625,-0.883066107146442
884,555,491520,-0.49512595999999987,240,300.0,0.0003,0.031025898,-0.042196990943921264,0.016295790538424625,0.7623984813690186,2390,0.2,-0.06776145100593567,0.23505859375,-0.8988168330863118
886,556,493568,-0.55599774,241,300.0,0.0003,0.02859687,-0.03847806236008182,0.05939795724116266,0.47620105743408203,2400,0.2,-0.03213924169540405,0.233349609375,-0.8870876865461469
889,557,495616,-0.67160966,242,300.0,0.0003,0.028185781,-0.03917183948651655,0.04429961407440715,0.4996131658554077,2410,0.2,-0.03126633167266846,0.219140625,-0.8705298600718379
891,558,497664,-0.5265104999999999,243,300.0,0.0003,0.029009681,-0.040582166775129734,0.010694201484147925,0.5948086977005005,2420,0.2,-0.06830640137195587,0.234326171875,-0.8872982952743769
893,558,499712,-0.46613152,244,300.0,0.0003,0.025926638,-0.040281936005339955,0.027827111128135584,0.5631036162376404,2430,0.2,-0.06535912305116653,0.217529296875,-0.8931557238101959
957,524,501760,-0.2640923700000001,245,300.0,0.0003,0.027389377,-0.039947366929845886,0.025335761535097846,0.19135767221450806,2440,0.2,-0.08427111804485321,0.212109375,-0.880722344852984
960,524,503808,-0.24508662,246,300.0,0.0003,0.032356508,-0.03916833569091978,0.05751213313778862,0.28836554288864136,2450,0.2,-0.037139642983675,0.24296875,-0.8754513394087553
962,525,505856,-0.09147525,247,300.0,0.0003,0.027212452,-0.03710006126202643,0.05580554232583381,-0.026048898696899414,2460,0.2,-0.03216442093253136,0.221826171875,-0.8677866136655211
965,526,507904,-0.018436740000000028,248,300.0,0.0003,0.030882485,-0.03918986429343931,0.02364374699536711,0.17719048261642456,2470,0.2,-0.06452259421348572,0.217822265625,-0.8662562711164356
967,527,509952,-0.019637460000000048,249,300.0,0.0003,0.03139504,-0.0388672689703526,0.0688336486578919,-0.010555505752563477,2480,0.2,-0.02848157286643982,0.243017578125,-0.8545581346377731
970,527,512000,0.05140067999999992,250,300.0,0.0003,0.031468943,-0.042012195868301204,0.035776756465202196,0.09881114959716797,2490,0.2,-0.033825792372226715,0.228955078125,-0.8363550422713161
972,528,514048,0.10697310999999994,251,300.0,0.0003,0.02824802,-0.03587318490608595,0.12792014103615656,0.007527351379394531,2500,0.2,0.01735793426632881,0.219287109375,-0.8572218237444759
975,529,516096,0.11741281999999999,252,300.0,0.0003,0.031082364,-0.04205565986048896,0.023136855533812194,-0.016725778579711914,2510,0.2,-0.06874096393585205,0.23310546875,-0.8429096108302474
977,530,518144,0.4237226499999999,253,300.0,0.0003,0.030770585,-0.042411834008817095,0.028373897168785335,0.0034053921699523926,2520,0.2,-0.05422645062208176,0.2208984375,-0.8362785473465919
979,531,520192,0.4877055399999999,254,300.0,0.0003,0.033755846,-0.03959883082425222,0.059765965299448,0.02254587411880493,2530,0.2,-0.08194975554943085,0.234619140625,-0.8319236598908901
981,531,522240,0.23618283999999995,255,300.0,0.0003,0.030001778,-0.04122348008677364,0.013227554854529444,0.28350764513015747,2540,0.2,-0.06254538893699646,0.22490234375,-0.8781099362298846
983,532,524288,0.3268599499999999,256,300.0,0.0003,0.025037924,-0.040025354086537845,0.02653516679420136,0.26626741886138916,2550,0.2,-0.039380766451358795,0.201513671875,-0.8314776454120875
986,533,526336,0.3362423,257,300.0,0.0003,0.02905231,-0.04152310420031426,0.0422888875589706,0.2016768455505371,2560,0.2,-0.04943596571683884,0.20869140625,-0.8440679585561156
988,534,528384,0.15378246000000004,258,300.0,0.0003,0.024132818,-0.0399841935315635,0.020638455523294397,0.11641180515289307,2570,0.2,-0.06741192191839218,0.20732421875,-0.8845788417384028
990,535,530432,-0.09498098000000002,259,300.0,0.0003,0.029029025,-0.04087124990473967,0.021170880662975834,0.120330810546875,2580,0.2,-0.03439583629369736,0.22685546875,-0.8848077736794948
992,536,532480,-0.08465834000000004,260,300.0,0.0003,0.02858368,-0.04074163525365293,0.03966719920281321,0.032494425773620605,2590,0.2,-0.06534425914287567,0.227783203125,-0.9103301214054227
994,537,534528,-0.015494529999999989,261,300.0,0.0003,0.032171723,-0.04127678764489247,0.0773691079695709,-0.04026210308074951,2600,0.2,-0.04818073660135269,0.231591796875,-0.9190600741654634
997,537,536576,-0.15731806000000007,262,300.0,0.0003,0.026696317,-0.042422579808044245,0.01725539049075451,-0.19306230545043945,2610,0.2,-0.07670895755290985,0.212451171875,-0.9075088005512952
999,538,538624,-0.13395080999999998,263,300.0,0.0003,0.029581837,-0.04289562741469126,0.04495052733109332,-0.023327231407165527,2620,0.2,-0.056635286659002304,0.2322265625,-0.9068252217024565
1002,539,540672,0.09367271,264,300.0,0.0003,0.02461623,-0.040332458331249654,0.0572419218486175,-0.016989469528198242,2630,0.2,-0.04477056488394737,0.211474609375,-0.9028764946386219
1004,540,542720,-0.12101246999999996,265,300.0,0.0003,0.027914274,-0.0399613192625111,0.015725982034928164,-0.13181638717651367,2640,0.2,-0.05960804224014282,0.223974609375,-0.9026874186471104
1006,541,544768,-0.11571552000000006,266,300.0,0.0003,0.031086804,-0.04198582370299846,0.035711834079120305,0.07116055488586426,2650,0.2,-0.04771629720926285,0.235498046875,-0.9146784564480186
1009,541,546816,-0.16965451000000006,267,300.0,0.0003,0.029519996,-0.04224151481175795,0.06196240680292249,0.06827223300933838,2660,0.2,-0.03387301787734032,0.231640625,-0.9099178683012724
1011,542,548864,-0.54228384,268,300.0,0.0003,0.029322676,-0.041403311502654104,0.052533716667676346,0.06061744689941406,2670,0.2,-0.042461100965738297,0.208837890625,-0.8891871919855475
1014,543,550912,-0.6639768699999999,269,300.0,0.0003,0.026205543,-0.03859811468864791,0.0335029368638061,0.07051211595535278,2680,0.2,-0.04341111332178116,0.216796875,-0.8982725955545903
1016,543,552960,-0.50328115,270,300.0,0.0003,0.028657097,-0.04163526712509338,0.024714202020550146,0.10292989015579224,2690,0.2,-0.0703936517238617,0.225537109375,-0.9110691418871284
1018,544,555008,-0.5363484900000001,271,300.0,0.0003,0.026077982,-0.04316592715040315,0.0690104246721603,-0.012422919273376465,2700,0.2,-0.04918646067380905,0.21181640625,-0.9283821186050772
1020,545,557056,-0.58884479,272,300.0,0.0003,0.027969329,-0.03898074394674041,0.0496342079131864,-0.015191793441772461,2710,0.2,-0.04316931962966919,0.21298828125,-0.9240822054445743
1023,546,559104,-0.39995441,273,300.0,0.0003,0.03000679,-0.04384160719055217,0.022296318650478496,-0.012860298156738281,2720,0.2,-0.04981975629925728,0.230810546875,-0.9304480243474245
1026,546,561152,-0.2294804,274,300.0,0.0003,0.028550982,-0.042609079435351305,0.02702111574471928,0.2803487181663513,2730,0.2,-0.07582488656044006,0.232470703125,-0.9443631943315267
1028,547,563200,-0.18248488999999998,275,300.0,0.0003,0.029025055,-0.04466035916848341,0.06748190923826769,0.13498830795288086,2740,0.2,-0.038704484701156616,0.231787109375,-0.9457095589488744
1030,548,565248,0.006581370000000044,276,300.0,0.0003,0.028040811,-0.04223967351717874,0.04424779118271545,0.3124503493309021,2750,0.2,-0.058602504432201385,0.222607421875,-0.9499731600284577
1033,549,567296,-0.12109900999999992,277,300.0,0.0003,0.031640925,-0.04584285264572827,0.060632510378491135,0.21345502138137817,2760,0.2,-0.06269809603691101,0.237109375,-0.9249794388189911
1035,549,569344,-0.18937970999999998,278,300.0,0.0003,0.030725691,-0.044439426477765664,0.03890710049890913,0.21228623390197754,2770,0.2,-0.07576033473014832,0.222607421875,-0.9380479756742716
1037,550,571392,-0.17517089,279,300.0,0.0003,0.028902963,-0.04364025901159039,0.033256872615311295,0.17737263441085815,2780,0.2,-0.061975158751010895,0.23369140625,-0.9347550764679908
1039,551,573440,-0.2557236399999999,280,300.0,0.0003,0.025459232,-0.04092142667504959,0.027725164892035536,0.10079121589660645,2790,0.2,-0.0603223592042923,0.21240234375,-0.9153876991942524
1041,552,575488,-0.24903508,281,300.0,0.0003,0.029016573,-0.03802952461410314,0.018091535147686955,0.29535436630249023,2800,0.2,-0.03741220757365227,0.21796875,-0.9168469363823533
1044,553,577536,-0.2192426199999999,282,300.0,0.0003,0.032238647,-0.04297105400473811,0.06449114753631875,0.09827256202697754,2810,0.2,-0.05334777384996414,0.22421875,-0.9155214158818126
1046,553,579584,-0.12447678999999984,283,300.0,0.0003,0.029612776,-0.0411272949364502,0.05084916149498895,0.2395695447921753,2820,0.2,-0.040269769728183746,0.226953125,-0.9056729735806585
1048,554,581632,-0.10192135999999984,284,300.0,0.0003,0.030524438,-0.039011007707449606,0.027661601902218537,0.03756856918334961,2830,0.2,-0.05844464153051376,0.2216796875,-0.8844525080174208
1050,555,583680,-0.12274347000000002,285,300.0,0.0003,0.027894959,-0.04097198916133493,0.05545317421201616,0.14793390035629272,2840,0.2,-0.024897325783967972,0.22646484375,-0.8842501662671566
1052,556,585728,-0.14620712,286,300.0,0.0003,0.027523147,-0.04029939987231046,0.06600089452695101,-0.05487871170043945,2850,0.2,-0.06179259717464447,0.231982421875,-0.9312308445572853
1055,557,587776,-0.05159453000000011,287,300.0,0.0003,0.02721468,-0.041063252071035096,0.054449670907342804,-0.028822779655456543,2860,0.2,-0.041175726801157,0.20693359375,-0.9303140882402658
1057,557,589824,-0.23835499000000013,288,300.0,0.0003,0.031601824,-0.04061725726351142,0.03894189312704839,0.22537028789520264,2870,0.2,-0.05077359825372696,0.229150390625,-0.9064509239047766
1059,558,591872,-0.17227619000000005,289,300.0,0.0003,0.027832076,-0.040701257607724986,0.03607034994638525,-0.00714421272277832,2880,0.2,-0.06768517196178436,0.21259765625,-0.9270603893324733
1061,559,593920,-0.41555789000000004,290,300.0,0.0003,0.028750932,-0.043307998561067505,0.03636963138706051,-0.013142943382263184,2890,0.2,-0.060192327946424484,0.23134765625,-0.9149503834545613
1064,559,595968,-0.4624600900000001,291,300.0,0.0003,0.02765543,-0.04171166697633453,0.028215082635870203,-0.04880571365356445,2900,0.2,-0.040690042078495026,0.2173828125,-0.8904864231124521
1066,560,598016,-0.20151265000000002,292,300.0,0.0003,0.027955767,-0.04032709176972275,0.027723342497483826,0.2844306230545044,2910,0.2,-0.06790266931056976,0.2197265625,-0.882868723757565
1127,531,600064,-0.25240310000000005,293,300.0,0.0003,0.02657142,-0.04050719362276141,0.02106803630013019,0.08718526363372803,2920,0.2,-0.07847670465707779,0.226416015625,-0.8887128261849284
1130,532,602112,-0.20394628,294,300.0,0.0003,0.026671346,-0.039901947168982585,0.01769669264322147,0.25943446159362793,2930,0.2,-0.07939530164003372,0.216259765625,-0.9186332874000073
1132,533,604160,-0.20844768,295,300.0,0.0003,0.03210369,-0.04231859778083162,0.016797755951120052,-0.011836767196655273,2940,0.2,-0.06429734081029892,0.237451171875,-0.9162727100774646
1134,534,606208,-0.23086207999999991,296,300.0,0.0003,0.03061972,-0.0427832098575891,0.03994541438878514,0.17723947763442993,2950,0.2,-0.05112235248088837,0.233837890625,-0.8928335152566433
1137,534,608256,-0.19904075,297,300.0,0.0003,0.029380348,-0.041891944166854954,0.07916595822898671,-0.04627501964569092,2960,0.2,-0.054614536464214325,0.227099609375,-0.8783442201092839
1139,535,610304,-0.3892657499999999,298,300.0,0.0003,0.031207051,-0.04161566499096807,0.03054941857117228,-0.05362200736999512,2970,0.2,-0.05706600844860077,0.225830078125,-0.8680067891255021
1141,536,612352,-0.32692209999999994,299,300.0,0.0003,0.028178915,-0.04144018195511308,0.029016563890036196,-0.3063328266143799,2980,0.2,-0.053392574191093445,0.22421875,-0.8770600169897079
1143,537,614400,-0.41978675999999987,300,300.0,0.0003,0.028883938,-0.04038956748117926,0.0518057523178868,0.06760954856872559,2990,0.2,-0.03131487965583801,0.217626953125,-0.8340246310457587
1145,537,616448,-0.38593041,301,300.0,0.0003,0.031259276,-0.04239676391298417,0.030684815638232978,0.21112990379333496,3000,0.2,-0.05561854690313339,0.238818359375,-0.864789429306984
1148,538,618496,-0.26970858999999997,302,300.0,0.0003,0.03193883,-0.04133738907985389,0.12027849808800965,0.10349971055984497,3010,0.2,-0.022604629397392273,0.227490234375,-0.8401639468967914
1150,539,620544,-0.22713454999999996,303,300.0,0.0003,0.027725864,-0.04038529296522029,0.04791268674307503,0.3571469187736511,3020,0.2,-0.039455801248550415,0.210986328125,-0.8425425110384822
1153,539,622592,-0.30766059,304,300.0,0.0003,0.0312697,-0.042058303154772145,0.035961177048739044,0.5034654140472412,3030,0.2,-0.06266893446445465,0.23603515625,-0.8129012502729893
1155,540,624640,-0.01227352000000004,305,300.0,0.0003,0.034563977,-0.0454718532768311,0.052989863103721294,0.25032293796539307,3040,0.2,-0.052353695034980774,0.23349609375,-0.81634760517627
1157,541,626688,0.008027299999999998,306,300.0,0.0003,0.026311845,-0.038661384422448465,0.032471191877266395,0.291088342666626,3050,0.2,-0.029746852815151215,0.19443359375,-0.8310976143926382
1160,542,628736,0.07545363999999997,307,300.0,0.0003,0.02914813,-0.04180405654478818,0.015778348318417557,0.45313316583633423,3060,0.2,-0.06282058358192444,0.2216796875,-0.8081041449680925
1162,542,630784,0.2952623300000001,308,300.0,0.0003,0.032260966,-0.041532293948694135,0.038414005719823764,0.300804078578949,3070,0.2,-0.0498005636036396,0.2197265625,-0.8174318127334118
1164,543,632832,0.34769155999999996,309,300.0,0.0003,0.030156806,-0.04223086495185271,0.12998462915420533,0.21272355318069458,3080,0.2,-0.05543847009539604,0.219873046875,-0.8086461734026671
1166,544,634880,0.31309427999999995,310,300.0,0.0003,0.028141785,-0.04241411203402094,0.030978738208068533,0.3472987413406372,3090,0.2,-0.054835788905620575,0.230615234375,-0.8360988911241293
1169,544,636928,0.35024590000000005,311,300.0,0.0003,0.024387896,-0.038545800397696436,0.04406408385839313,0.2637482285499573,3100,0.2,-0.07621815800666809,0.196875,-0.8266526155173779
1171,545,638976,0.26090651,312,300.0,0.0003,0.03024204,-0.04262901884358143,0.03380896485759877,0.3869122862815857,3110,0.2,-0.06518076360225677,0.222314453125,-0.834389503672719
1174,545,641024,0.21557897999999995,313,300.0,0.0003,0.031509012,-0.04237518792797346,0.04447751591796987,0.4178468585014343,3120,0.2,-0.050682105123996735,0.22861328125,-0.8471875714138151
1176,546,643072,0.25413230000000003,314,300.0,0.0003,0.028016139,-0.04091722547309473,0.05502611655974761,0.5071514844894409,3130,0.2,-0.03553343564271927,0.22978515625,-0.845481763407588
1178,547,645120,0.4069300299999999,315,300.0,0.0003,0.026718438,-0.04054048835823778,0.0357317732356023,0.6494937539100647,3140,0.2,-0.04215274006128311,0.230615234375,-0.850117433257401
1180,547,647168,0.32434074999999996,316,300.0,0.0003,0.03016628,-0.03897768514871132,0.017964851079159416,0.6093997955322266,3150,0.2,-0.06506836414337158,0.21796875,-0.8652314735576511
1183,548,649216,0.1123868900000001,317,300.0,0.0003,0.024865054,-0.04084606500982772,0.05501049081212841,0.3664562702178955,3160,0.2,-0.03964196890592575,0.21767578125,-0.844538583420217
1185,549,651264,0.13637654,318,300.0,0.0003,0.031683214,-0.04199637445854023,0.06844260937068611,0.42351120710372925,3170,0.2,-0.043135255575180054,0.22666015625,-0.8686954136937857
1187,549,653312,0.19391461999999998,319,300.0,0.0003,0.03150706,-0.04102878289413638,0.0817252728738822,0.3841651678085327,3180,0.2,-0.025499552488327026,0.241162109375,-0.8642525099217891
1190,550,655360,-0.07411597999999996,320,300.0,0.0003,0.028233824,-0.0417072446201928,0.040658434096258134,0.23802155256271362,3190,0.2,-0.04421095922589302,0.231640625,-0.8746592564508319
1192,551,657408,-0.35718069,321,300.0,0.0003,0.028134298,-0.044968241348396984,0.04121299784164876,0.4148731231689453,3200,0.2,-0.07476463913917542,0.2228515625,-0.8555033614858985
1194,551,659456,-0.43591536999999986,322,300.0,0.0003,0.031553697,-0.04171744461345952,0.05074287778115831,0.4685160517692566,3210,0.2,-0.026493310928344727,0.220849609375,-0.8519579224288464
1197,552,661504,-0.6466458300000001,323,300.0,0.0003,0.030744322,-0.04312715569103602,0.07901064687175677,0.2778521180152893,3220,0.2,-0.033486150205135345,0.2123046875,-0.8548939928412438
1199,553,663552,-0.7184644099999998,324,300.0,0.0003,0.033971764,-0.045410316984634845,0.03231002640968654,0.43177998065948486,3230,0.2,-0.07100967317819595,0.234521484375,-0.8568437023088336
1201,553,665600,-0.77634362,325,300.0,0.0003,0.03293311,-0.04317809451313224,0.04142400232376531,0.4625370502471924,3240,0.2,-0.04702003300189972,0.2353515625,-0.8434536267071963
1204,554,667648,-0.5125319200000001,326,300.0,0.0003,0.03033882,-0.042197913708514535,0.04216547763207927,0.5314283967018127,3250,0.2,-0.053245022892951965,0.228271484375,-0.8664365634322166
1206,555,669696,-0.45885288,327,300.0,0.0003,0.03244033,-0.04376386395306327,0.04069737578975037,0.5185967683792114,3260,0.2,-0.02347015216946602,0.233203125,-0.8375700391829014
1208,555,671744,-0.4182009800000001,328,300.0,0.0003,0.031444687,-0.03893474855285604,0.041273047629510985,0.6121248006820679,3270,0.2,-0.0182587131857872,0.22802734375,-0.7967049568891525
1210,556,673792,-0.31278609,329,300.0,0.0003,0.029109865,-0.042581861445796676,0.016877483960706742,0.6667950749397278,3280,0.2,-0.07714610546827316,0.210693359375,-0.8338204734027386
1213,557,675840,-0.4492568700000001,330,300.0,0.0003,0.03172285,-0.04342467707465403,0.07266079502878711,0.4555589556694031,3290,0.2,-0.04653630778193474,0.227099609375,-0.8115376101806759
1215,557,677888,-0.43522352000000003,331,300.0,0.0003,0.029024884,-0.04081191865552682,0.033092258311808107,0.6202532052993774,3300,0.2,-0.05176052451133728,0.2123046875,-0.8293114706873894
1217,558,679936,-0.25847396,332,300.0,0.0003,0.030636301,-0.04045485042443033,0.02325078275753185,0.7202819585800171,3310,0.2,-0.0752965658903122,0.21396484375,-0.8164920361712575
1220,558,681984,-0.2953818699999999,333,300.0,0.0003,0.029837048,-0.04168671458028257,0.04022555203409865,0.5183259844779968,3320,0.2,-0.03807571902871132,0.2248046875,-0.8139068352058529
1222,559,684032,-0.36852832,334,300.0,0.0003,0.030909775,-0.04313346850540256,0.031123298755846917,0.4972262382507324,3330,0.2,-0.08120107650756836,0.223974609375,-0.8259500868618488
1225,560,686080,-0.45783075000000006,335,300.0,0.0003,0.02948902,-0.04420830345916329,0.041427482408471404,0.3043612837791443,3340,0.2,-0.04506157338619232,0.234765625,-0.8327789137139916
1227,560,688128,-0.3081327,336,300.0,0.0003,0.03147648,-0.04187932664353866,0.0953305087168701,0.07238167524337769,3350,0.2,-0.006242699921131134,0.23427734375,-0.8482785150408745
1230,561,690176,-0.20670705999999994,337,300.0,0.0003,0.030005654,-0.04013796323270071,0.0365643357479712,0.29360640048980713,3360,0.2,-0.05537385866045952,0.232275390625,-0.8547736348584294
1232,561,692224,-0.25050309000000004,338,300.0,0.0003,0.029911071,-0.04028299937490374,0.0608304385561496,0.2676108479499817,3370,0.2,-0.0687623918056488,0.217333984375,-0.8306407948955894
1235,562,694272,-0.005339889999999951,339,300.0,0.0003,0.030009093,-0.04346109076577705,0.03899389400030486,0.36697864532470703,3380,0.2,-0.06855214387178421,0.223291015625,-0.8111273773014546
1238,562,696320,-0.1630643,340,300.0,0.0003,0.033330705,-0.04420739807246719,0.04701126790605485,0.28339284658432007,3390,0.2,-0.04563196003437042,0.2275390625,-0.816685582138598
1240,562,698368,-0.06592067999999993,341,300.0,0.0003,0.03346632,-0.04031288360565668,0.01892501714464743,0.005741298198699951,3400,0.2,-0.061081718653440475,0.22919921875,-0.8233784144744277
1304,536,700416,0.005844290000000063,342,300.0,0.0003,0.033780146,-0.04049755623273086,0.046529338107211514,0.14426875114440918,3410,0.2,-0.04813527315855026,0.247900390625,-0.802542294561863
1307,537,702464,0.08991534000000005,343,300.0,0.0003,0.028637191,-0.040787986433133486,0.026537744197412394,0.22317039966583252,3420,0.2,-0.06273049116134644,0.219775390625,-0.8173051729798317
1309,538,704512,-0.06052526999999995,344,300.0,0.0003,0.029045783,-0.04223581836849917,0.04811546817072667,0.2631509304046631,3430,0.2,-0.04630162566900253,0.225048828125,-0.835178972966969
1311,538,706560,-0.03664057999999995,345,300.0,0.0003,0.03125824,-0.03690075240447186,0.02375451449479442,0.08623504638671875,3440,0.2,-0.05544731393456459,0.2298828125,-0.8078953273594379
1313,539,708608,0.02608920000000002,346,300.0,0.0003,0.03300262,-0.04466376767959446,0.021702207779162562,0.32097333669662476,3450,0.2,-0.04849036782979965,0.22724609375,-0.8237021984532475
1315,540,710656,0.06249473000000003,347,300.0,0.0003,0.03824815,-0.04123078006959986,0.026116515370085837,0.23530703783035278,3460,0.2,-0.05284944176673889,0.247705078125,-0.8551816279068589
1317,540,712704,0.18435197000000003,348,300.0,0.0003,0.035230577,-0.04029377594415564,0.04923247380065732,0.23065102100372314,3470,0.2,-0.0349302738904953,0.251806640625,-0.826448668539524
1320,541,714752,0.2571912699999999,349,300.0,0.0003,0.032269288,-0.03955520135350525,0.03494170858175494,0.4187766909599304,3480,0.2,-0.024105314165353775,0.229833984375,-0.8355992645025253
1322,542,716800,0.36877308999999997,350,300.0,0.0003,0.03623875,-0.04269486466946546,0.03987103290855885,0.24347227811813354,3490,0.2,-0.06760592758655548,0.248095703125,-0.8164998590946198
1324,542,718848,0.34751349,351,300.0,0.0003,0.03364237,-0.04607360752124805,0.022434695265837946,0.47054582834243774,3500,0.2,-0.06374290585517883,0.244091796875,-0.8084849620237946
1327,543,720896,0.15072137000000005,352,300.0,0.0003,0.03222722,-0.03743571261002217,0.04905883154715411,0.23501205444335938,3510,0.2,-0.04032985121011734,0.210693359375,-0.8141605181619525
1329,543,722944,0.40457655,353,300.0,0.0003,0.031867016,-0.04528954861598322,0.08221263152081519,0.26085275411605835,3520,0.2,-0.012653332203626633,0.22099609375,-0.7930630601942539
1332,544,724992,0.33849237000000004,354,300.0,0.0003,0.03369324,-0.0409150991239585,0.052767671609763055,0.08114033937454224,3530,0.2,-0.04810597747564316,0.239013671875,-0.8061151206493378
1334,544,727040,0.32865235999999987,355,300.0,0.0003,0.035500832,-0.041006811561237554,0.026917439856333658,-0.07679462432861328,3540,0.2,-0.050361376255750656,0.22548828125,-0.7849624302238226
1337,545,729088,0.176727,356,300.0,0.0003,0.030445375,-0.04454041833232623,0.02265550572774373,0.061029016971588135,3550,0.2,-0.06665614992380142,0.23115234375,-0.8088528802618384
1339,545,731136,0.10929667,357,300.0,0.0003,0.034866385,-0.04440182616381207,0.0539039658033289,0.14789235591888428,3560,0.2,-0.05409030616283417,0.233642578125,-0.7973614444956183
1341,546,733184,0.10497355000000003,358,300.0,0.0003,0.03381703,-0.043464205125928856,0.016553274539182893,0.33539271354675293,3570,0.2,-0.06384380161762238,0.236083984375,-0.7956106973811984
1344,546,735232,0.2815295199999999,359,300.0,0.0003,0.03432945,-0.042184613877907395,0.016565121462917887,0.18950486183166504,3580,0.2,-0.07341966778039932,0.23408203125,-0.7761500880122185
1346,547,737280,0.25384843999999995,360,300.0,0.0003,0.032436296,-0.04029405253822915,0.06805464194621891,0.016256749629974365,3590,0.2,-0.04783916845917702,0.23525390625,-0.7879120660945773
1349,547,739328,0.12413775999999994,361,300.0,0.0003,0.03823109,-0.0450860702781938,0.02162203926127404,0.04430347681045532,3600,0.2,-0.03942318260669708,0.24560546875,-0.7848575782030821
1351,548,741376,0.1292330399999999,362,300.0,0.0003,0.03671451,-0.044552824314450845,0.030252488289261237,0.04650145769119263,3610,0.2,-0.09161530435085297,0.233935546875,-0.7694212283939124
1354,548,743424,0.27559698,363,300.0,0.0003,0.036510535,-0.04322471975465305,0.03869600632460788,-0.00035881996154785156,3620,0.2,-0.046491242945194244,0.2328125,-0.757339783385396
1357,549,745472,0.30084176999999995,364,300.0,0.0003,0.037224334,-0.042511153503437524,0.03128838271950372,0.26363587379455566,3630,0.2,-0.07389438897371292,0.246484375,-0.7677957365289331
1359,549,747520,0.16341347999999997,365,300.0,0.0003,0.034363527,-0.03717013132700231,0.08491391938878223,0.09704524278640747,3640,0.2,-0.04647441208362579,0.222998046875,-0.7392193984240294
1361,550,749568,0.11511042000000007,366,300.0,0.0003,0.030542817,-0.03896285971131874,0.04416362115298398,0.06460505723953247,3650,0.2,-0.044290609657764435,0.224609375,-0.7399994965642691
1364,550,751616,0.13947325999999996,367,300.0,0.0003,0.04467525,-0.041953958931844684,0.028435618663206697,0.358039915561676,3660,0.2,-0.07617029547691345,0.23408203125,-0.7564746813848615
1367,551,753664,-0.03277639000000002,368,300.0,0.0003,0.03571952,-0.042138515805709174,0.04472200899617747,-0.07368528842926025,3670,0.2,-0.04184522479772568,0.233544921875,-0.7443631943315268
1369,551,755712,-0.13260182000000004,369,300.0,0.0003,0.03322553,-0.04150237537905923,0.06119668000610545,0.2472013235092163,3680,0.2,-0.03614947944879532,0.21416015625,-0.7516660941764712
1371,552,757760,-0.022358609999999998,370,300.0,0.0003,0.04074675,-0.03727272686373908,0.09059133615810425,0.22726750373840332,3690,0.2,-0.018396906554698944,0.242724609375,-0.7319707939401269
1373,553,759808,-0.04798274999999995,371,300.0,0.0003,0.035839595,-0.03967532969691092,0.07710363632068037,-0.06889879703521729,3700,0.2,-0.04877118393778801,0.217236328125,-0.7441455580294132
1375,553,761856,-0.06424803000000007,372,300.0,0.0003,0.037565902,-0.038349531634594314,0.019750198352267035,0.07139277458190918,3710,0.2,-0.06439320743083954,0.23359375,-0.7331616217270494
1377,554,763904,-0.09503825000000003,373,300.0,0.0003,0.03503082,-0.0413659637371893,0.02029744012688752,0.2303025722503662,3720,0.2,-0.06404821574687958,0.234130859375,-0.7524339765310287
1380,554,765952,-0.10859592999999995,374,300.0,0.0003,0.035739303,-0.04195792575046653,0.04127088039531372,0.2709888219833374,3730,0.2,-0.06185663491487503,0.24482421875,-0.7594288488849997
1382,555,768000,-0.12629297000000006,375,300.0,0.0003,0.032029536,-0.04109952181315748,0.03538588708033785,0.42247045040130615,3740,0.2,-0.05031117424368858,0.23095703125,-0.7380123754963279
1385,555,770048,-0.10595787000000004,376,300.0,0.0003,0.036506694,-0.043275668591377325,0.04726921433466487,0.44481611251831055,3750,0.2,-0.044706057757139206,0.233447265625,-0.7441457983106374
1387,556,772096,-0.41561669,377,300.0,0.0003,0.033748135,-0.040660049626603724,0.06658115967875347,0.3548126220703125,3760,0.2,-0.051343053579330444,0.22314453125,-0.7578063890337944
1390,556,774144,-0.34844642,378,300.0,0.0003,0.03263866,-0.04081704618583899,0.05904245488345623,0.24855071306228638,3770,0.2,-0.017612528055906296,0.223291015625,-0.7298216633498669
1392,557,776192,-0.5952103299999998,379,300.0,0.0003,0.040315818,-0.04252551934914663,0.030247085387236437,0.47953546047210693,3780,0.2,-0.06259676069021225,0.23896484375,-0.7506096262484789
1394,558,778240,-0.3363343199999999,380,300.0,0.0003,0.03791989,-0.042309985891915855,0.04436464197351597,0.2780455946922302,3790,0.2,-0.06614348292350769,0.230078125,-0.7295912133529783
1397,558,780288,-0.24805729999999998,381,300.0,0.0003,0.036079653,-0.03980569215782452,0.027956380616524258,0.16997724771499634,3800,0.2,-0.02754112333059311,0.233984375,-0.7391852468252182
1399,559,782336,-0.13357014000000003,382,300.0,0.0003,0.032257333,-0.04046185757324565,0.056106082466430965,0.33669233322143555,3810,0.2,-0.04957668483257294,0.216162109375,-0.7490683875977993
1401,559,784384,-0.03472700000000002,383,300.0,0.0003,0.039437838,-0.04346106943849008,0.04217495717457496,0.32671189308166504,3820,0.2,-0.0601888969540596,0.23544921875,-0.7440856579691172
1403,560,786432,-0.10158861000000004,384,300.0,0.0003,0.036353227,-0.04221403362753336,0.04286749020102434,0.22309672832489014,3830,0.2,-0.04043687880039215,0.237060546875,-0.7417223630473018
1405,560,788480,-0.07055084,385,300.0,0.0003,0.033475548,-0.03951584021560848,0.04317839706782252,0.10607266426086426,3840,0.2,-0.04381468892097473,0.2193359375,-0.7324165090918541
1407,561,790528,-0.05171770000000003,386,300.0,0.0003,0.032571632,-0.03809383466432337,0.0177114988793619,0.19409775733947754,3850,0.2,-0.06340305507183075,0.225390625,-0.7369325663894415
1410,562,792576,-0.017693229999999983,387,300.0,0.0003,0.035736963,-0.035236434516264126,0.04984605028876103,0.13183283805847168,3860,0.2,-0.034484222531318665,0.23720703125,-0.7543448574841023
1412,562,794624,0.04205666000000002,388,300.0,0.0003,0.03923909,-0.043955127461231314,0.034475681040203196,0.10584151744842529,3870,0.2,-0.04028701037168503,0.2462890625,-0.7697161292657256
1414,563,796672,0.09299098000000006,389,300.0,0.0003,0.040515445,-0.03736373654683121,0.08488952334737405,0.11287069320678711,3880,0.2,-0.04242243617773056,0.243701171875,-0.7481895806267858
1417,563,798720,-0.10971837,390,300.0,0.0003,0.038342603,-0.039337753513245845,0.04517462972435169,0.05050784349441528,3890,0.2,-0.06246291846036911,0.22509765625,-0.739882249571383
1477,541,800768,-0.04098295000000008,391,300.0,0.0003,0.035329655,-0.04171030114812311,0.03417678972473368,-0.08771824836730957,3900,0.2,-0.06702431291341782,0.232373046875,-0.7817146059125661
1479,542,802816,0.10545801999999999,392,300.0,0.0003,0.03648553,-0.040265258381259626,0.03851136870216578,-0.2768632173538208,3910,0.2,-0.05534466356039047,0.233056640625,-0.7555456543341279
1481,543,804864,0.12052268999999996,393,300.0,0.0003,0.033930827,-0.03905022406252101,0.0381785613077227,-0.08280110359191895,3920,0.2,-0.03696925938129425,0.212744140625,-0.735406531020999
1484,543,806912,0.37344173999999997,394,300.0,0.0003,0.039361544,-0.041493933444144204,0.035148059180937705,0.12417083978652954,3930,0.2,-0.07459922134876251,0.232666015625,-0.7364522494375706
1486,544,808960,0.29653164,395,300.0,0.0003,0.035135128,-0.04169325758994091,0.04177653107908554,0.08161032199859619,3940,0.2,-0.03582557663321495,0.23974609375,-0.7401289494708181
1488,544,811008,0.24453772999999998,396,300.0,0.0003,0.03736554,-0.040600251147407104,0.03458334670285694,0.24962490797042847,3950,0.2,-0.07012902945280075,0.23232421875,-0.7394929360598326
1490,545,813056,0.02906399999999999,397,300.0,0.0003,0.037470967,-0.04207679607789032,0.032140656892443074,0.20602500438690186,3960,0.2,-0.01160840131342411,0.232373046875,-0.7535743122920394
1493,545,815104,-0.000745490000000002,398,300.0,0.0003,0.03756264,-0.04010417191602755,0.0345484959660098,0.04232710599899292,3970,0.2,-0.0591651126742363,0.216552734375,-0.7456095354631543
1495,546,817152,0.07857786999999998,399,300.0,0.0003,0.031943202,-0.03906869363272562,0.06740716627100482,0.13348406553268433,3980,0.2,-0.05399182811379433,0.209521484375,-0.7253294629976154
1497,547,819200,0.030355730000000067,400,300.0,0.0003,0.038026385,-0.04269091171736363,0.09050639269407838,0.05871093273162842,3990,0.2,-0.0319351963698864,0.23056640625,-0.7532991651445627
1499,547,821248,-0.10392569999999994,401,300.0,0.0003,0.03369259,-0.04064644690952264,0.031455368216848,-0.11121034622192383,4000,0.2,-0.05256978049874306,0.231103515625,-0.762308687157929
1501,548,823296,-0.16928192999999997,402,300.0,0.0003,0.037703305,-0.039923499649739826,0.03225343185185921,0.08999550342559814,4010,0.2,-0.08107347786426544,0.22412109375,-0.749737992696464
1504,548,825344,-0.14647615,403,300.0,0.0003,0.034572676,-0.04256209761369974,0.0631591172190383,0.03621703386306763,4020,0.2,-0.07403883337974548,0.236767578125,-0.7726434545591474
1506,549,827392,-0.29804465999999996,404,300.0,0.0003,0.039429516,-0.04436982868064661,0.055581992794759574,-0.024779438972473145,4030,0.2,-0.06387472152709961,0.2296875,-0.7716234570369125
1509,549,829440,-0.01794826999999999,405,300.0,0.0003,0.034685675,-0.043554727535229175,0.04560451516299509,-0.1122368574142456,4040,0.2,-0.03631700202822685,0.242333984375,-0.7849200820550323
1511,550,831488,-0.07458034999999998,406,300.0,0.0003,0.0377763,-0.04155482207715977,0.05810163161368109,0.05955815315246582,4050,0.2,-0.06305356323719025,0.23720703125,-0.766476110368967
1513,550,833536,-0.045350090000000016,407,300.0,0.0003,0.036196403,-0.05014806816179771,0.03272314337082207,0.07334107160568237,4060,0.2,-0.04712416231632233,0.25244140625,-0.7822801327332854
1515,551,835584,-0.1774772500000001,408,300.0,0.0003,0.03434081,-0.043914656326523985,0.04059081666055135,0.11577576398849487,4070,0.2,-0.04504865035414696,0.238623046875,-0.7805781204253435
1517,551,837632,-0.34058436999999997,409,300.0,0.0003,0.04739932,-0.04098797695187386,0.03529910547658801,-0.09488976001739502,4080,0.2,-0.040877003222703934,0.2404296875,-0.7689678462222218
1520,552,839680,-0.25215832000000005,410,300.0,0.0003,0.030274011,-0.042276502720778805,0.04736268924316391,-0.041124939918518066,4090,0.2,-0.08758369088172913,0.225634765625,-0.8017877712845802
1522,552,841728,-0.29342547,411,300.0,0.0003,0.031241495,-0.042372468812391165,0.06456936034956015,0.019155144691467285,4100,0.2,-0.0288988146930933,0.23828125,-0.7753650519996882
1524,553,843776,0.0072811599999999645,412,300.0,0.0003,0.034768965,-0.04394894957076758,0.044773768552113326,-0.06186223030090332,4110,0.2,-0.05263744294643402,0.2376953125,-0.7712241232395172
1526,553,845824,0.13839159999999995,413,300.0,0.0003,0.03946542,-0.043919883007765746,0.0660383396432735,-0.007747530937194824,4120,0.2,-0.04189799353480339,0.2603515625,-0.7881813466548919
1529,554,847872,0.14143917,414,300.0,0.0003,0.04006953,-0.04429132582736202,0.026912210631417112,0.1556180715560913,4130,0.2,-0.05262041091918945,0.241748046875,-0.7569128338247537
1531,555,849920,0.05740486999999997,415,300.0,0.0003,0.038473852,-0.04681109280500095,0.02267563073837664,0.12730854749679565,4140,0.2,-0.07502720504999161,0.24814453125,-0.7982937652617693
1533,555,851968,0.17464220999999994,416,300.0,0.0003,0.03459677,-0.041414944591815585,0.02383530018851161,0.1394946575164795,4150,0.2,-0.05478081852197647,0.241748046875,-0.7864899951964617
1535,556,854016,0.1630666,417,300.0,0.0003,0.035115503,-0.03971985660900827,0.013794505526311696,0.1903073787689209,4160,0.2,-0.0606306791305542,0.223779296875,-0.7655055440962315
1538,556,856064,0.13883378999999998,418,300.0,0.0003,0.037283387,-0.03931931124243419,0.017330578726250677,0.20884740352630615,4170,0.2,-0.06923209130764008,0.23759765625,-0.7680719666182995
1540,557,858112,0.33187184999999997,419,300.0,0.0003,0.040771704,-0.04287149958690861,0.06750191329047084,0.12648731470108032,4180,0.2,-0.040403734892606735,0.2544921875,-0.7644943121820689
1542,557,860160,0.23839584,420,300.0,0.0003,0.03401537,-0.04020132928271778,0.06490253778174519,0.10902106761932373,4190,0.2,-0.044585779309272766,0.221728515625,-0.7308010153472424
1544,558,862208,0.14150409000000003,421,300.0,0.0003,0.0351714,-0.039451905534951946,0.054181888944003734,0.15226435661315918,4200,0.2,-0.05635014921426773,0.24033203125,-0.7425152909010648
1546,558,864256,0.1595111,422,300.0,0.0003,0.039462075,-0.04237982531485614,0.023902189717045986,0.10163408517837524,4210,0.2,-0.047606099396944046,0.238916015625,-0.7619707472622395
1549,559,866304,0.31995436,423,300.0,0.0003,0.040409498,-0.043978890066500756,0.05193200130597688,0.027065634727478027,4220,0.2,-0.04489670693874359,0.221826171875,-0.7600530596449971
1551,559,868352,0.35905504,424,300.0,0.0003,0.037334472,-0.04128759962040931,0.04977673896937631,0.1657434105873108,4230,0.2,-0.0476270355284214,0.236865234375,-0.7789496466517448
1553,560,870400,0.23500651999999994,425,300.0,0.0003,0.035395097,-0.03919878849410452,0.056704727781470864,0.09298050403594971,4240,0.2,-0.05338536947965622,0.225341796875,-0.7558191440999508
1555,560,872448,0.22717193000000002,426,300.0,0.0003,0.028713482,-0.03893461558036506,0.08851378569379449,0.01402372121810913,4250,0.2,-0.021300669759511948,0.2287109375,-0.7758599050343037
1557,561,874496,0.11130913000000003,427,300.0,0.0003,0.035884142,-0.04233680684701539,0.06977920907083898,0.1833566427230835,4260,0.2,-0.037785500288009644,0.221240234375,-0.7721349000930786
1560,561,876544,0.008565219999999943,428,300.0,0.0003,0.03788758,-0.041942398362152744,0.03405240263964515,-0.10637354850769043,4270,0.2,-0.0518827959895134,0.2318359375,-0.7637085154652595
1562,562,878592,0.04383340999999996,429,300.0,0.0003,0.037906874,-0.040814555970428046,0.09118731379276142,0.13762319087982178,4280,0.2,-0.01130889356136322,0.236474609375,-0.7618085334077478
1564,562,880640,0.07815744999999996,430,300.0,0.0003,0.03747781,-0.04224102184525691,0.05354766905074939,0.10308098793029785,4290,0.2,-0.06495854258537292,0.23544921875,-0.7491449732333422
1566,563,882688,-0.010294870000000003,431,300.0,0.0003,0.035459246,-0.04180441046191845,0.022035655556828716,0.07161074876785278,4300,0.2,-0.052917398512363434,0.228515625,-0.7559956887736916
1569,563,884736,-0.12805584999999994,432,300.0,0.0003,0.037955746,-0.03957350538112223,0.037077681242953985,0.15189111232757568,4310,0.2,-0.05348382145166397,0.21796875,-0.7611071975901723
1571,564,886784,-0.31207395,433,300.0,0.0003,0.037678774,-0.04085111329477513,0.03907845944631845,0.3339558243751526,4320,0.2,-0.04937773570418358,0.23193359375,-0.7685255475342274
1573,564,888832,-0.33750213,434,300.0,0.0003,0.031646315,-0.04197904989705421,0.03504323565284721,0.2398744821548462,4330,0.2,-0.061751849949359894,0.230126953125,-0.7585991056635976
1576,565,890880,-0.3788357400000001,435,300.0,0.0003,0.03585107,-0.0452561607293319,0.017775664431974293,0.5557557940483093,4340,0.2,-0.0835043415427208,0.238671875,-0.767589246481657
1578,565,892928,-0.4359365400000001,436,300.0,0.0003,0.03157026,-0.039826348269707525,0.020760993208386935,0.33480340242385864,4350,0.2,-0.09373345971107483,0.22724609375,-0.7663097435608506
1580,566,894976,-0.6138345599999999,437,300.0,0.0003,0.037239067,-0.04692084263660945,0.06426023463718593,0.2859346270561218,4360,0.2,-0.06352724879980087,0.23828125,-0.7654362408444285
1582,566,897024,-0.4381173,438,300.0,0.0003,0.03802824,-0.041361548833083364,0.07904981755418702,0.3729894757270813,4370,0.2,-0.019889436662197113,0.24638671875,-0.777392252907157
1585,567,899072,-0.67122978,439,300.0,0.0003,0.03121252,-0.03804596567060799,0.02925126363406889,0.33573049306869507,4380,0.2,-0.053277336061000824,0.21611328125,-0.7669942956417799
1648,546,901120,-0.56598148,440,300.0,0.0003,0.03427331,-0.04142705067351926,0.027193589363014324,0.4310937523841858,4390,0.2,-0.07988648116588593,0.2328125,-0.7753506153821945
1650,547,903168,-0.5128039499999999,441,300.0,0.0003,0.035436675,-0.04239653630065732,0.04820352349197492,0.34240663051605225,4400,0.2,-0.02473360113799572,0.2228515625,-0.7445758901536464
1652,547,905216,-0.4978224399999999,442,300.0,0.0003,0.033159547,-0.040491049076081254,0.04956645458005369,0.15748625993728638,4410,0.2,-0.02679365500807762,0.22958984375,-0.7384750286117197
1655,548,907264,-0.55310701,443,300.0,0.0003,0.0372818,-0.04115556211909279,0.03554936917498708,0.3105435371398926,4420,0.2,-0.050793539732694626,0.234814453125,-0.7401162687689066
1658,548,909312,-0.38072634000000005,444,300.0,0.0003,0.04026995,-0.042187221927451904,0.018537990338518284,0.4718816876411438,4430,0.2,-0.07518754154443741,0.236669921875,-0.7429272335022687
1660,548,911360,-0.29301381000000004,445,300.0,0.0003,0.036319464,-0.0387779539625626,0.0545345984166488,0.31923121213912964,4440,0.2,-0.04799272119998932,0.219970703125,-0.7170070171356201
1662,549,913408,-0.27490019,446,300.0,0.0003,0.034338057,-0.04010060012515169,0.06873395689763129,0.3200349807739258,4450,0.2,-0.02303558588027954,0.2275390625,-0.7063755642622709
1664,549,915456,-0.16348303,447,300.0,0.0003,0.034824397,-0.04408420797553845,0.028151728425291365,0.2911335825920105,4460,0.2,-0.058786556124687195,0.24169921875,-0.7147285612300038
1666,550,917504,-0.009794389999999995,448,300.0,0.0003,0.04287503,-0.040483227236836686,0.04656574735417962,0.02794480323791504,4470,0.2,-0.06209785118699074,0.23447265625,-0.7273273076862097
1668,551,919552,-0.07573909999999998,449,300.0,0.0003,0.039096773,-0.04555237265594769,0.042572741402545945,0.06186175346374512,4480,0.2,-0.05524301901459694,0.2380859375,-0.7279629280790687
1670,551,921600,-0.051896839999999944,450,300.0,0.0003,0.037676264,-0.03885138061887119,0.02797114315617364,0.004242420196533203,4490,0.2,-0.05251745134592056,0.23203125,-0.712554937414825
1672,552,923648,-0.008024879999999951,451,300.0,0.0003,0.033375517,-0.040668556964374145,0.05155919794924557,0.005262553691864014,4500,0.2,-0.06370988488197327,0.235009765625,-0.7179756684228777
1675,552,925696,0.01851686999999999,452,300.0,0.0003,0.042749956,-0.0404549048806075,0.026686614265781828,-0.2576974630355835,4510,0.2,-0.07360168546438217,0.252880859375,-0.7210102520883084
1677,553,927744,-0.10899583999999997,453,300.0,0.0003,0.04029746,-0.04045223023567814,0.05203701368300244,0.007421910762786865,4520,0.2,-0.042051807045936584,0.238134765625,-0.7096134712919593
1679,553,929792,0.021191529999999972,454,300.0,0.0003,0.05269736,-0.04155270928167738,0.030475509620737286,-0.10658001899719238,4530,0.2,-0.05627016723155975,0.251025390625,-0.7093123795464635
1681,554,931840,-0.06985403999999999,455,300.0,0.0003,0.048329968,-0.04491897592524765,0.03487139467615634,0.05318170785903931,4540,0.2,-0.06201248615980148,0.26201171875,-0.7072600539773702
1683,554,933888,-0.02700051999999996,456,300.0,0.0003,0.037544996,-0.040445555493352006,0.06232774158124812,0.09736895561218262,4550,0.2,-0.03852440416812897,0.2265625,-0.7245919095352292
1685,555,935936,-0.06709004000000005,457,300.0,0.0003,0.03912855,-0.0374896698325756,0.05864889065851457,-0.09448421001434326,4560,0.2,-0.05741443112492561,0.2349609375,-0.6832863865420222
1687,555,937984,-0.01719966999999993,458,300.0,0.0003,0.0402347,-0.03963376770989271,0.019181424044654706,0.060920000076293945,4570,0.2,-0.05604624003171921,0.234375,-0.7051679501309991
1689,556,940032,-0.23876311000000008,459,300.0,0.0003,0.03782339,-0.041382481719483624,0.025077914411667734,-0.09968364238739014,4580,0.2,-0.05513643100857735,0.221337890625,-0.6987585216760636
1691,556,942080,-0.45873929999999996,460,300.0,0.0003,0.035037354,-0.03864820253220387,0.04422892233706079,-0.09129142761230469,4590,0.2,-0.0484895221889019,0.212158203125,-0.7139903374016285
1694,557,944128,-0.34572586,461,300.0,0.0003,0.04035285,-0.04159688461513724,0.026929658229346388,0.08972811698913574,4600,0.2,-0.07213334739208221,0.229345703125,-0.7048810558393598
1696,557,946176,-0.4569918999999999,462,300.0,0.0003,0.041691046,-0.04395950148755219,0.03237853387836367,0.006065309047698975,4610,0.2,-0.06725103408098221,0.241552734375,-0.7021212931722403
1698,558,948224,-0.53350515,463,300.0,0.0003,0.04085185,-0.044749549066182226,0.051533364149509,0.09335803985595703,4620,0.2,-0.03363834694027901,0.235693359375,-0.7200224673375487
1700,558,950272,-0.33869013,464,300.0,0.0003,0.04777894,-0.04059588733070996,0.05895274334470742,0.08333742618560791,4630,0.2,-0.04719754308462143,0.2603515625,-0.7132248386740685
1702,559,952320,-0.39066422,465,300.0,0.0003,0.034577496,-0.04281106313865166,0.03578919330611825,0.35638076066970825,4640,0.2,-0.04157685488462448,0.22275390625,-0.7120783485472202
1704,559,954368,-0.31156577999999996,466,300.0,0.0003,0.039817043,-0.04084790606866591,0.03782607080647722,0.449415922164917,4650,0.2,-0.05727279186248779,0.225732421875,-0.6853114258497953
1707,560,956416,-0.3742769700000001,467,300.0,0.0003,0.03498318,-0.04095215181296226,0.04375208767596632,0.352683424949646,4660,0.2,-0.07098132371902466,0.234228515625,-0.696638890914619
1709,560,958464,-0.47366685000000003,468,300.0,0.0003,0.045883603,-0.04052104100119323,0.08531523494748398,0.3089127540588379,4670,0.2,-0.022434551268815994,0.251171875,-0.6834976391866803
1711,561,960512,-0.38371550999999987,469,300.0,0.0003,0.03763639,-0.041647235632990484,0.033877483423566446,0.39326906204223633,4680,0.2,-0.053080424666404724,0.236962890625,-0.7108132159337401
1713,561,962560,-0.3738143299999999,470,300.0,0.0003,0.04400398,-0.04431614469795022,0.08344441935187205,0.3560115694999695,4690,0.2,-0.030565574765205383,0.23291015625,-0.6766046639531851
1715,562,964608,-0.31673647,471,300.0,0.0003,0.03604137,-0.03818647185980808,0.04260093245538883,0.3833003640174866,4700,0.2,-0.04834806174039841,0.215673828125,-0.6907056936994195
1717,562,966656,-0.23959146999999997,472,300.0,0.0003,0.037246518,-0.04177444178494625,0.03943724242853932,0.5385975241661072,4710,0.2,-0.07057725638151169,0.239306640625,-0.7130812920629979
1719,563,968704,-0.29743888000000007,473,300.0,0.0003,0.04429089,-0.04252691510919249,0.031615095282904807,0.5273349285125732,4720,0.2,-0.04374680295586586,0.24580078125,-0.6826482277363539
1721,563,970752,-0.13293692000000004,474,300.0,0.0003,0.041597933,-0.041232544142985716,0.03265110939682927,0.2763267755508423,4730,0.2,-0.05819156765937805,0.242529296875,-0.7052439853549004
1723,564,972800,0.07294928000000009,475,300.0,0.0003,0.039624315,-0.042349406986613755,0.05145535584888421,0.22680383920669556,4740,0.2,-0.035085707902908325,0.244580078125,-0.6982828291133046
1725,564,974848,0.20237215,476,300.0,0.0003,0.039579596,-0.039169418637175116,0.022574329847702756,0.41655683517456055,4750,0.2,-0.054699208587408066,0.23369140625,-0.6926162032410502
1727,565,976896,0.31095225,477,300.0,0.0003,0.035548348,-0.040713767701527105,0.0669646933558397,0.2248849868774414,4760,0.2,-0.04324037581682205,0.229833984375,-0.7101621411740779
1730,565,978944,0.31940398999999997,478,300.0,0.0003,0.039811976,-0.037590756695135494,0.047568806423805655,0.20684880018234253,4770,0.2,-0.07027799636125565,0.232763671875,-0.6909891119226813
1731,566,980992,0.30633693999999995,479,300.0,0.0003,0.040135667,-0.03913812995015178,0.02590070232108701,0.5645674467086792,4780,0.2,-0.049322791397571564,0.23671875,-0.7155662814155221
1734,566,983040,0.31120745000000005,480,300.0,0.0003,0.035499524,-0.0426036234915955,0.031979999685427175,0.37463706731796265,4790,0.2,-0.04304860904812813,0.225439453125,-0.7205508530139924
1736,567,985088,0.2967767400000001,481,300.0,0.0003,0.047392823,-0.04448457428370602,0.03000642194529064,0.4833345413208008,4800,0.2,-0.03610360622406006,0.25224609375,-0.7208249969407916
1738,567,987136,0.43884494,482,300.0,0.0003,0.036366932,-0.041618750113411804,0.07407708219252526,0.3656483292579651,4810,0.2,-0.029833100736141205,0.242724609375,-0.7371845342218876
1740,568,989184,0.42036622,483,300.0,0.0003,0.038562052,-0.04236334747110959,0.03941840177285485,0.5331214666366577,4820,0.2,-0.05727534741163254,0.24248046875,-0.7098385516554118
1742,568,991232,0.31279188,484,300.0,0.0003,0.040325478,-0.046419064194196835,0.013976164007908664,0.6623804569244385,4830,0.2,-0.06519681215286255,0.245556640625,-0.721518974378705
1745,569,993280,0.40660992,485,300.0,0.0003,0.036082014,-0.04211469330475666,0.03799742104602046,0.40366870164871216,4840,0.2,-0.06434183567762375,0.222265625,-0.6933172650635242
1747,569,995328,0.20828854999999996,486,300.0,0.0003,0.035708513,-0.0447569778363686,0.050125239219050856,0.303600549697876,4850,0.2,-0.06401973962783813,0.227294921875,-0.6890614423900843
1749,570,997376,0.24371492999999997,487,300.0,0.0003,0.03791315,-0.04070656185795087,0.03890939659322612,0.41745567321777344,4860,0.2,-0.062389619648456573,0.226953125,-0.6908526895567775
1751,570,999424,0.13027905,488,300.0,0.0003,0.0365569,-0.04425942717352882,0.021606818516738714,0.14951127767562866,4870,0.2,-0.05885665863752365,0.229638671875,-0.6927622333168983
1809,553,1001472,0.06996577999999999,489,300.0,0.0003,0.035026774,-0.03783777216740418,0.052658898377558216,0.3382772207260132,4880,0.2,-0.055590588599443436,0.211474609375,-0.7042188625782728
1811,553,1003520,0.04264525999999998,490,300.0,0.0003,0.040987663,-0.04279728553374298,0.050314014154719186,0.28552573919296265,4890,0.2,-0.05599210038781166,0.24169921875,-0.7030349608510733
1814,554,1005568,0.04184964999999998,491,300.0,0.0003,0.04003056,-0.044501522948849015,0.031705601495923476,0.10076689720153809,4900,0.2,-0.057596564292907715,0.24501953125,-0.6872096836566925
1816,554,1007616,0.09462475000000005,492,300.0,0.0003,0.043595154,-0.04149134645049344,0.04356039296835661,0.29728204011917114,4910,0.2,-0.08118470758199692,0.242138671875,-0.7091713173314929
1818,555,1009664,0.05995432999999994,493,300.0,0.0003,0.040404778,-0.0411319940991234,0.06886539231054485,-0.1378093957901001,4920,0.2,-0.04096158593893051,0.238818359375,-0.6892251715064048
1820,555,1011712,0.2556343499999999,494,300.0,0.0003,0.037591152,-0.04182300594984554,0.028226338076638057,-0.20944702625274658,4930,0.2,-0.06227956339716911,0.22236328125,-0.6791694570332766
1822,556,1013760,0.2814562999999999,495,300.0,0.0003,0.03970772,-0.043976769487198905,0.04169084490276873,0.22944271564483643,4940,0.2,-0.06788767874240875,0.228369140625,-0.6840540893375874
1824,556,1015808,0.29058561,496,300.0,0.0003,0.04009638,-0.04144502921844832,0.08519836777122691,0.3703957796096802,4950,0.2,-0.017942391335964203,0.233154296875,-0.6554676823318004
1826,557,1017856,0.23839717,497,300.0,0.0003,0.038443297,-0.042912119494576476,0.060609895689412954,0.13796406984329224,4960,0.2,-0.034921225160360336,0.23134765625,-0.6946104127913714
1828,557,1019904,0.22504563000000008,498,300.0,0.0003,0.03927174,-0.04033793095150031,0.041008019220316785,0.29598844051361084,4970,0.2,-0.039847031235694885,0.21962890625,-0.6745200268924236
1830,558,1021952,0.18046481,499,300.0,0.0003,0.03663726,-0.03942542611330282,0.01988389111647848,0.3659191131591797,4980,0.2,-0.06463183462619781,0.229443359375,-0.6695924369618297
1832,558,1024000,0.17826199000000006,500,300.0,0.0003,0.042308964,-0.042962753475876525,0.054431512334849684,0.23895245790481567,4990,0.2,-0.03526608273386955,0.233935546875,-0.6542463500052691
1835,559,1026048,0.16276364000000001,501,300.0,0.0003,0.048505172,-0.03833630396693479,0.04332799828844145,0.2920846939086914,5000,0.2,-0.026598794385790825,0.2517578125,-0.6603439305908978
1837,559,1028096,0.07372675999999996,502,300.0,0.0003,0.0413003,-0.040996312482457144,0.08784506072988733,0.2544301748275757,5010,0.2,-0.019404694437980652,0.22978515625,-0.6674270873889327
1839,560,1030144,0.33391786999999995,503,300.0,0.0003,0.038255207,-0.042164160613901915,0.023037157219368963,0.514866292476654,5020,0.2,-0.045867037028074265,0.22138671875,-0.6537691352888941
1841,560,1032192,0.2722674699999999,504,300.0,0.0003,0.038670942,-0.03666736790910363,0.049715614080196244,0.31254273653030396,5030,0.2,-0.04464120417833328,0.220751953125,-0.6483437957242131
1843,560,1034240,0.26323713999999987,505,300.0,0.0003,0.038888335,-0.042751880986907055,0.049655620224075395,0.282864511013031,5040,0.2,-0.06174727529287338,0.2310546875,-0.6694713765755296
1845,561,1036288,0.30552625999999994,506,300.0,0.0003,0.042173676,-0.042077119924942966,0.050785367435310036,0.2802315950393677,5050,0.2,-0.0328487902879715,0.2279296875,-0.6410505283623934
1847,561,1038336,0.19100488000000004,507,300.0,0.0003,0.041508533,-0.04277118865284137,0.053223206574330106,0.08368808031082153,5060,0.2,-0.03471128270030022,0.232763671875,-0.6331707952544093
1849,562,1040384,0.15041271999999992,508,300.0,0.0003,0.035160303,-0.03905104515433777,0.046340906049590555,0.06132161617279053,5070,0.2,-0.031974196434020996,0.21171875,-0.6320288402959704
1851,562,1042432,-0.011185450000000081,509,300.0,0.0003,0.04198715,-0.040739032957935704,0.06057862440356985,0.12810379266738892,5080,0.2,-0.039335042238235474,0.224609375,-0.6354626877233386
1854,563,1044480,-0.03602370000000004,510,300.0,0.0003,0.039316144,-0.042446005606325346,0.04466054133954458,0.12273460626602173,5090,0.2,-0.050420261919498444,0.2294921875,-0.6547350060194731
1856,563,1046528,-0.025417080000000043,511,300.0,0.0003,0.03957521,-0.038607137626968324,0.030642045359127224,0.04444408416748047,5100,0.2,-0.05391031503677368,0.220068359375,-0.6460976211354137
1858,564,1048576,0.03816719999999998,512,300.0,0.0003,0.03940415,-0.038324736460344865,0.022379874714533798,0.36470282077789307,5110,0.2,-0.06587393581867218,0.223291015625,-0.6484211899340153
1860,564,1050624,0.03997782999999992,513,300.0,0.0003,0.037833095,-0.042608815086714456,0.03363561710575595,0.36994224786758423,5120,0.2,-0.0753144919872284,0.23056640625,-0.6621264865621924
1862,565,1052672,-0.01147351000000005,514,300.0,0.0003,0.037062965,-0.04032744404976256,0.014495777236879804,0.6555631756782532,5130,0.2,-0.06687486171722412,0.22734375,-0.6641206618398428
1864,565,1054720,0.13559998999999992,515,300.0,0.0003,0.038317904,-0.04199898060760461,0.02555816833046265,0.38397306203842163,5140,0.2,-0.04629097133874893,0.221923828125,-0.6548117407597601
1867,565,1056768,0.24924053999999995,516,300.0,0.0003,0.041428655,-0.0438163780461764,0.050303205417003484,-0.06438052654266357,5150,0.2,-0.05546164885163307,0.234716796875,-0.6559065096080303
1869,566,1058816,0.17520303999999992,517,300.0,0.0003,0.042297494,-0.04279781436198391,0.10604500479530543,0.02479398250579834,5160,0.2,-0.007634460926055908,0.239599609375,-0.6683734383434057
1871,566,1060864,0.16444623999999997,518,300.0,0.0003,0.045068372,-0.041770738337072545,0.02099482783523854,0.2680583596229553,5170,0.2,-0.07721270620822906,0.239111328125,-0.6680196875706315
1874,567,1062912,0.14889523999999996,519,300.0,0.0003,0.040294223,-0.04058971353515517,0.03167535346583463,0.3554167151451111,5180,0.2,-0.05498857423663139,0.24072265625,-0.6751259472221136
1876,567,1064960,0.28136479999999997,520,300.0,0.0003,0.042849638,-0.04232080702786334,0.07536129644140602,0.14255118370056152,5190,0.2,-0.05337298661470413,0.24052734375,-0.6568739948794245
1878,568,1067008,0.11163967000000005,521,300.0,0.0003,0.042020388,-0.04560398745816201,0.04977387360995635,-0.0041065216064453125,5200,0.2,-0.041002307087183,0.2421875,-0.6996986305341124
1880,568,1069056,0.16237064,522,300.0,0.0003,0.043321468,-0.044184892176417634,0.03775651389732957,0.03881710767745972,5210,0.2,-0.05984633415937424,0.240185546875,-0.6954196920618415
1882,569,1071104,0.19293876000000004,523,300.0,0.0003,0.035311986,-0.040414796872937586,0.03567864866636228,0.05166810750961304,5220,0.2,-0.06531676650047302,0.22685546875,-0.6971962243318558
1884,569,1073152,0.23617789000000003,524,300.0,0.0003,0.04214011,-0.0432265737108537,0.022172354534268378,0.03883242607116699,5230,0.2,-0.07659491151571274,0.231396484375,-0.7096177227795124
1886,569,1075200,0.23871808999999997,525,300.0,0.0003,0.040659375,-0.04678140639152843,0.03691455341177061,0.043747007846832275,5240,0.2,-0.049299921840429306,0.2369140625,-0.6762135185301303
1888,570,1077248,0.18618895,526,300.0,0.0003,0.039394032,-0.03985679253237322,0.054995214496739206,0.06598198413848877,5250,0.2,-0.046835318207740784,0.231884765625,-0.6718788204714656
1890,570,1079296,0.13382551,527,300.0,0.0003,0.04593151,-0.04339927098480985,0.025078600813867525,0.17804622650146484,5260,0.2,-0.06642317771911621,0.23369140625,-0.6741363672539592
1892,571,1081344,0.2234831800000001,528,300.0,0.0003,0.040910244,-0.04206802335975226,0.03792071253992617,0.2912833094596863,5270,0.2,-0.028892818838357925,0.246826171875,-0.6802402168512345
1894,571,1083392,0.25312301000000004,529,300.0,0.0003,0.05245737,-0.038952331600012255,0.038243104494176804,-0.09338927268981934,5280,0.2,-0.06824734807014465,0.24033203125,-0.6595556616783143
1897,572,1085440,0.3628420400000001,530,300.0,0.0003,0.037845813,-0.04009464193950407,0.055303493526298556,0.037640392780303955,5290,0.2,-0.022561606019735336,0.228271484375,-0.6654897656291723
1899,572,1087488,0.2448826900000001,531,300.0,0.0003,0.04182028,-0.04373155353823677,0.018385164614301175,0.18677008152008057,5300,0.2,-0.0595255047082901,0.2416015625,-0.6637907695025206
1901,573,1089536,0.27236195,532,300.0,0.0003,0.042414464,-0.039683152877842076,0.07776818361598999,0.11535680294036865,5310,0.2,-0.036929648369550705,0.218017578125,-0.6691886590793729
1903,573,1091584,0.28574911000000003,533,300.0,0.0003,0.048871353,-0.036917808260477615,0.056255748961120844,0.2722465395927429,5320,0.2,-0.04385410621762276,0.228173828125,-0.6725075330585242
1905,573,1093632,0.35534149000000004,534,300.0,0.0003,0.051010005,-0.044416026130784304,0.03961644919472747,0.2779894471168518,5330,0.2,-0.04663529992103577,0.235400390625,-0.6823577586561441
1907,574,1095680,0.46417564999999994,535,300.0,0.0003,0.045793884,-0.0397654419131868,0.05727168840821832,0.06625676155090332,5340,0.2,-0.03744671493768692,0.2306640625,-0.6653903845697642
1909,574,1097728,0.41332596000000005,536,300.0,0.0003,0.038606305,-0.03935625564772636,0.07198222189908847,0.10963380336761475,5350,0.2,-0.0420699343085289,0.2330078125,-0.6619565691798925
1911,575,1099776,0.4550516699999999,537,300.0,0.0003,0.037434064,-0.04281163206032943,0.018727431719889866,0.20014160871505737,5360,0.2,-0.0673263892531395,0.220751953125,-0.6789119422435761
1971,558,1101824,0.3694701400000001,538,300.0,0.0003,0.049398135,-0.04256239372771233,0.01590459359867964,0.5772920846939087,5370,0.2,-0.0887981504201889,0.24365234375,-0.680625861696899
1973,559,1103872,0.2644623299999999,539,300.0,0.0003,0.038876925,-0.04335717582143843,0.06292564091272652,0.321114182472229,5380,0.2,-0.0728415846824646,0.235205078125,-0.697188931517303
1975,559,1105920,0.3830519399999999,540,300.0,0.0003,0.04295448,-0.04119699301372748,0.021948380352114327,0.6044114828109741,5390,0.2,-0.07171940803527832,0.2208984375,-0.6900933127850294
1977,560,1107968,0.47211514999999993,541,300.0,0.0003,0.042539787,-0.04732715566642583,0.024728746447362938,-0.19919073581695557,5400,0.2,-0.0713505744934082,0.22861328125,-0.6931588659062982
1979,560,1110016,0.42120715,542,300.0,0.0003,0.045625176,-0.04535496937460266,0.013545051208348013,0.4059186577796936,5410,0.2,-0.07262574881315231,0.25,-0.6988031687214971
1981,561,1112064,0.4102862799999999,543,300.0,0.0003,0.043397903,-0.04373253774974728,0.06943778106942773,0.11030495166778564,5420,0.2,-0.03037887252867222,0.237939453125,-0.6932639736682177
1984,561,1114112,0.39243716,544,300.0,0.0003,0.04126978,-0.04366310462355614,0.01949880162719637,0.3933204412460327,5430,0.2,-0.0408562608063221,0.228076171875,-0.7064261073246598
1986,561,1116160,0.32417681000000004,545,300.0,0.0003,0.041776847,-0.044756635169324,0.03734859768883325,0.3216649889945984,5440,0.2,-0.07418041676282883,0.23623046875,-0.6991536473855376
1988,562,1118208,0.2529148299999999,546,300.0,0.0003,0.04147558,-0.04315866809629369,0.058626006764825433,0.21704065799713135,5450,0.2,-0.053337108343839645,0.23369140625,-0.6942988026887178
1990,562,1120256,0.34311656,547,300.0,0.0003,0.032995194,-0.04484885460697115,0.02463014050736092,0.4117140769958496,5460,0.2,-0.08199898898601532,0.229443359375,-0.7112165357917547
1992,563,1122304,0.22113919000000004,548,300.0,0.0003,0.047041208,-0.04566345530911349,0.0573844175436534,-0.019197463989257812,5470,0.2,-0.039575621485710144,0.26298828125,-0.7113451693207026
1995,563,1124352,0.29086918000000006,549,300.0,0.0003,0.039644364,-0.044291441209497864,0.025752577063394712,0.36084234714508057,5480,0.2,-0.0463879220187664,0.235888671875,-0.7057635821402073
1997,563,1126400,0.021367630000000068,550,300.0,0.0003,0.038016263,-0.04098656378919259,0.04499498981749639,0.2903009057044983,5490,0.2,-0.044671326875686646,0.22880859375,-0.702459161542356
1999,564,1128448,0.16066716000000006,551,300.0,0.0003,0.040505726,-0.04530583431915147,0.06669297505868599,0.196089506149292,5500,0.2,-0.02612358331680298,0.230810546875,-0.6692873733118176
2001,564,1130496,0.31929450000000004,552,300.0,0.0003,0.040248357,-0.03953886480885558,0.029073873374727555,-0.0563349723815918,5510,0.2,-0.06832300126552582,0.23193359375,-0.7000272648409009
2003,565,1132544,0.3864574300000001,553,300.0,0.0003,0.038859576,-0.04645681849797256,0.020856773454579525,-0.16866850852966309,5520,0.2,-0.06797745823860168,0.249951171875,-0.7110761465504766
2005,565,1134592,0.35304553,554,300.0,0.0003,0.03834093,-0.03977554075827357,0.03533111564756837,0.02803868055343628,5530,0.2,-0.04963568598031998,0.2306640625,-0.6939117297530174
2008,566,1136640,0.11238031000000005,555,300.0,0.0003,0.036819883,-0.042564578779274595,0.05934611719567329,0.09989041090011597,5540,0.2,-0.05075390636920929,0.21298828125,-0.6864577490836382
2010,566,1138688,0.16988317000000003,556,300.0,0.0003,0.040801108,-0.04690515222027898,0.047631874890066685,0.05495697259902954,5550,0.2,-0.049337293952703476,0.23447265625,-0.7028893603011965
2012,566,1140736,0.18366575000000007,557,300.0,0.0003,0.03510753,-0.0419404312473489,0.03241523118922487,0.16058409214019775,5560,0.2,-0.06092183291912079,0.229541015625,-0.7046873487532139
2014,567,1142784,0.19855735,558,300.0,0.0003,0.048544746,-0.045512859083828516,0.05830261679366231,-0.025003552436828613,5570,0.2,-0.05916215106844902,0.252734375,-0.6992661476135253
2016,567,1144832,0.18882744999999992,559,300.0,0.0003,0.04154467,-0.04037665257637855,0.04324086566339247,-0.002959728240966797,5580,0.2,-0.06237543374300003,0.239599609375,-0.7128165062516928
2019,567,1146880,0.25532605999999997,560,300.0,0.0003,0.047582503,-0.04359586215723539,0.03293867078027688,0.08412373065948486,5590,0.2,-0.07123350352048874,0.23837890625,-0.7052829461172223
2021,568,1148928,0.20366214999999993,561,300.0,0.0003,0.051601134,-0.043629916121426505,0.046499578678049144,0.12758487462997437,5600,0.2,-0.07881448417901993,0.249365234375,-0.7102391608059406
2023,568,1150976,0.04879912000000001,562,300.0,0.0003,0.03908988,-0.04409340118290857,0.03140753816696815,0.11962860822677612,5610,0.2,-0.05536916106939316,0.23310546875,-0.7122718796133996
2025,569,1153024,-0.01728056,563,300.0,0.0003,0.038489833,-0.04492994841712061,0.022396240546368063,0.33574849367141724,5620,0.2,-0.04635903984308243,0.228369140625,-0.7099767755717039
2027,569,1155072,0.1622298399999999,564,300.0,0.0003,0.037309483,-0.04439932790119201,0.04832514790468849,0.35757583379745483,5630,0.2,-0.050008900463581085,0.2333984375,-0.7206622954457998
2029,570,1157120,0.03908002999999994,565,300.0,0.0003,0.043334574,-0.04553516242303886,0.04291162935551256,0.15672439336776733,5640,0.2,-0.05437392741441727,0.23623046875,-0.6934768229722976
2031,570,1159168,0.019434079999999986,566,300.0,0.0003,0.041865613,-0.04239611958764726,0.03566178449545987,-0.021114706993103027,5650,0.2,-0.059425901621580124,0.24052734375,-0.7148543957620859
2034,570,1161216,-0.16893529000000004,567,300.0,0.0003,0.04364631,-0.04499901162635069,0.035087806108640505,0.1396964192390442,5660,0.2,-0.04806116223335266,0.2490234375,-0.7257650595158338
2036,571,1163264,-0.010468220000000104,568,300.0,0.0003,0.037441507,-0.039668666847865096,0.027164311066735537,0.09577041864395142,5670,0.2,-0.07282429933547974,0.22490234375,-0.7247987974435091
2038,571,1165312,0.042874129999999934,569,300.0,0.0003,0.04198123,-0.04533887922298163,0.04862685712287203,-0.181799054145813,5680,0.2,-0.047825273126363754,0.238134765625,-0.7222081765532493
2040,571,1167360,-0.08249019999999999,570,300.0,0.0003,0.04038407,-0.046236594824586065,0.03794054162572138,0.11304271221160889,5690,0.2,-0.05945365130901337,0.237158203125,-0.7334006065502763
2043,572,1169408,-0.17109935,571,300.0,0.0003,0.04349578,-0.04419911002914887,0.014513013548275921,0.18187451362609863,5700,0.2,-0.03036932274699211,0.237548828125,-0.7182311410084367
2045,572,1171456,0.04443817000000003,572,300.0,0.0003,0.03995683,-0.0476349143544212,0.04061675777193159,0.02954709529876709,5710,0.2,-0.06801372766494751,0.23291015625,-0.6997265653684736
2048,572,1173504,-0.09847127999999998,573,300.0,0.0003,0.041556835,-0.04250275495287496,0.06455365878064186,0.09104746580123901,5720,0.2,-0.057905539870262146,0.22734375,-0.688252180442214
2050,573,1175552,-0.13429469999999996,574,300.0,0.0003,0.04559655,-0.0453306797076948,0.06265381330158562,0.012560427188873291,5730,0.2,-0.055479563772678375,0.248046875,-0.6839060893282294
2053,573,1177600,0.022159470000000042,575,300.0,0.0003,0.043667562,-0.044627984083490446,0.04509259014739655,-0.026531696319580078,5740,0.2,-0.05858513340353966,0.2349609375,-0.6852052114903927
2055,573,1179648,0.06959252000000005,576,300.0,0.0003,0.041421965,-0.04030495450424496,0.08269235757179558,-0.02788543701171875,5750,0.2,-0.018766604363918304,0.244921875,-0.7142228817567229
2057,574,1181696,0.06459423000000009,577,300.0,0.0003,0.042836763,-0.0439352224158938,0.060585301066748795,-0.022578120231628418,5760,0.2,-0.07263731211423874,0.2279296875,-0.6946480687707662
2059,574,1183744,-0.09737996999999998,578,300.0,0.0003,0.042745914,-0.04376381811744068,0.04031211623805575,0.04654991626739502,5770,0.2,-0.058065567165613174,0.23330078125,-0.6949246000498533
2061,575,1185792,-0.060423079999999935,579,300.0,0.0003,0.039551534,-0.039923443566658535,0.03953207910817582,-0.06280148029327393,5780,0.2,-0.05272781103849411,0.22548828125,-0.7065915575250983
2063,575,1187840,-0.05058185,580,300.0,0.0003,0.04795158,-0.040887787556857805,0.05327149488148279,0.09662240743637085,5790,0.2,-0.038938671350479126,0.231494140625,-0.6892124798148871
2066,575,1189888,-0.16303833999999992,581,300.0,0.0003,0.03718481,-0.04444368967670016,0.05644453337881714,-0.020350933074951172,5800,0.2,-0.022253861650824547,0.226123046875,-0.699286631681025
2068,576,1191936,-0.20339720999999994,582,300.0,0.0003,0.048676383,-0.045207829840364866,0.05652190073160455,0.06778895854949951,5810,0.2,-0.029726393520832062,0.244970703125,-0.6824633967131376
2070,576,1193984,-0.38747260999999994,583,300.0,0.0003,0.046157066,-0.04480669441400096,0.021837382670491935,-0.3068420886993408,5820,0.2,-0.06024213507771492,0.236572265625,-0.6811735651455819
2072,577,1196032,-0.3198349200000001,584,300.0,0.0003,0.04149942,-0.04274889481894206,0.035644345870241526,-0.06519711017608643,5830,0.2,-0.054333191365003586,0.225048828125,-0.6710036024451256
2074,577,1198080,-0.28885224,585,300.0,0.0003,0.045850147,-0.04713169841561467,0.028992749005556106,-0.19332671165466309,5840,0.2,-0.0831352099776268,0.249609375,-0.6870433071628212
2135,562,1200128,-0.40483903000000004,586,300.0,0.0003,0.044344224,-0.046161922201281416,0.023637561456416732,-0.014211535453796387,5850,0.2,-0.04600401595234871,0.242138671875,-0.6996995944529771
2137,562,1202176,-0.44382499000000003,587,300.0,0.0003,0.042722985,-0.04227712297870312,0.034990250499686223,-0.1132124662399292,5860,0.2,-0.07697777450084686,0.237890625,-0.6935423869639635
2139,562,1204224,-0.59432315,588,300.0,0.0003,0.03522097,-0.04628201142186299,0.05221221045940183,0.000721275806427002,5870,0.2,-0.0617072731256485,0.21474609375,-0.703250303119421
2141,563,1206272,-0.6871172099999999,589,300.0,0.0003,0.042105146,-0.04290844973002095,0.04455873279948719,-0.02158963680267334,5880,0.2,-0.046640463173389435,0.238623046875,-0.6910212080925703
2143,563,1208320,-0.76172568,590,300.0,0.0003,0.040370055,-0.043927833656198345,0.04939203767571598,0.09662938117980957,5890,0.2,-0.05446477234363556,0.235400390625,-0.6958544876426458
2146,563,1210368,-0.87248267,591,300.0,0.0003,0.0412088,-0.04146756810514489,0.04512081323191523,0.024126172065734863,5900,0.2,-0.05322479456663132,0.245556640625,-0.675178312137723
2148,564,1212416,-0.8295756699999999,592,300.0,0.0003,0.041403435,-0.04250341027509421,0.028733714221743867,0.28199052810668945,5910,0.2,-0.05034831538796425,0.22880859375,-0.6892745615914464
2150,564,1214464,-0.75791036,593,300.0,0.0003,0.042726673,-0.0450509971647989,0.09138766760006548,0.19368267059326172,5920,0.2,-0.0533515065908432,0.238916015625,-0.6650411440059543
2152,565,1216512,-0.79455443,594,300.0,0.0003,0.043679107,-0.04200345654971897,0.024552973711979575,0.4627847671508789,5930,0.2,-0.052451469004154205,0.232275390625,-0.7074094438925386
2154,565,1218560,-0.7000704699999999,595,300.0,0.0003,0.039734956,-0.0424028414170607,0.042536216793814675,0.3566097021102905,5940,0.2,-0.06258217990398407,0.2275390625,-0.7056898524984717
2156,565,1220608,-0.53191994,596,300.0,0.0003,0.04657352,-0.045221804321045056,0.029258634531288408,0.3701627850532532,5950,0.2,-0.029512643814086914,0.243212890625,-0.7054677048698068
2158,566,1222656,-0.5902537800000001,597,300.0,0.0003,0.0409121,-0.046722891987883486,0.03587459081900306,0.41795748472213745,5960,0.2,-0.07785342633724213,0.239599609375,-0.7053989926353097
2160,566,1224704,-0.6652930199999999,598,300.0,0.0003,0.03768123,-0.04574074203846976,0.02426748950674664,0.223208487033844,5970,0.2,-0.07603680342435837,0.23701171875,-0.7136866735294461
2162,567,1226752,-0.65329077,599,300.0,0.0003,0.042461768,-0.044259667475125754,0.03324982943595387,0.3460073471069336,5980,0.2,-0.07537245005369186,0.240576171875,-0.7191376777365803
2165,567,1228800,-0.5080500699999999,600,300.0,0.0003,0.04328183,-0.04137142416584538,0.0662034853012301,0.13906115293502808,5990,0.2,-0.04312463477253914,0.23125,-0.6834660423919559
2167,567,1230848,-0.41409580000000007,601,300.0,0.0003,0.047308423,-0.04317614102037624,0.03950278512202203,0.17063933610916138,6000,0.2,-0.07294365763664246,0.235595703125,-0.6956466494128108
2170,568,1232896,-0.27348648999999997,602,300.0,0.0003,0.043871194,-0.042792854123399594,0.035239857441047205,0.37447458505630493,6010,0.2,-0.06632522493600845,0.242529296875,-0.6845967654138804
2172,568,1234944,-0.1749593,603,300.0,0.0003,0.042542167,-0.047195461569936016,0.020168766350252554,0.21348923444747925,6020,0.2,-0.039427392184734344,0.234765625,-0.6937380691990256
2174,568,1236992,-0.23299345000000005,604,300.0,0.0003,0.041911714,-0.042817552504129705,0.055722741223871705,0.14746534824371338,6030,0.2,-0.05546203628182411,0.225927734375,-0.6754440158605576
2176,569,1239040,-0.1547299100000001,605,300.0,0.0003,0.03978441,-0.04528943813202204,0.028150621862732806,-0.2382882833480835,6040,0.2,-0.053612858057022095,0.234716796875,-0.6798479154706001
2178,569,1241088,-0.025228300000000096,606,300.0,0.0003,0.04562363,-0.04319943544105627,0.03140096405986696,0.07983314990997314,6050,0.2,-0.06291329860687256,0.241796875,-0.7017162086442112
2180,570,1243136,-0.06304192000000003,607,300.0,0.0003,0.044217333,-0.042809197716997004,0.03120671887299977,0.11592215299606323,6060,0.2,-0.057871341705322266,0.23740234375,-0.6689707143232226
2183,570,1245184,-0.0030162300000000407,608,300.0,0.0003,0.0546968,-0.04685476585291326,0.03928201479138806,0.12071824073791504,6070,0.2,-0.061705052852630615,0.2642578125,-0.6849692391231657
2185,570,1247232,-0.12971432000000008,609,300.0,0.0003,0.03867934,-0.044076876912731676,0.03184785620251205,0.15929383039474487,6080,0.2,-0.058139868080616,0.23505859375,-0.6819423455744982
2187,571,1249280,-0.10050125999999997,610,300.0,0.0003,0.044967398,-0.044100339410942976,0.03191450562153477,0.014502167701721191,6090,0.2,-0.05568864569067955,0.252685546875,-0.6977119605988265
2189,571,1251328,-0.026902469999999967,611,300.0,0.0003,0.038002793,-0.04389849438739475,0.04043257203302346,0.09216034412384033,6100,0.2,-0.07091919332742691,0.22216796875,-0.693387777172029
2191,571,1253376,0.10319964000000004,612,300.0,0.0003,0.047306955,-0.04624556782073341,0.026181796565651894,0.0988624095916748,6110,0.2,-0.05697288364171982,0.259130859375,-0.7013298712670804
2193,572,1255424,0.14819682,613,300.0,0.0003,0.03852189,-0.042203511111438274,0.027981922053731977,-0.16333508491516113,6120,0.2,-0.07172282040119171,0.235205078125,-0.6998601263388992
2196,572,1257472,0.07261586999999997,614,300.0,0.0003,0.0485434,-0.0450328370265197,0.02542619349260349,0.04003250598907471,6130,0.2,-0.053607597947120667,0.258251953125,-0.7003547294065356
2198,572,1259520,-0.05694765000000002,615,300.0,0.0003,0.043011725,-0.04167343049775809,0.052793112397193906,-0.03349149227142334,6140,0.2,-0.03170574828982353,0.234814453125,-0.6920288015156985
2200,573,1261568,-0.22614151000000005,616,300.0,0.0003,0.046963725,-0.045006399689009415,0.1074021892505698,0.017011642456054688,6150,0.2,-0.018845614045858383,0.241357421875,-0.6915453627705574
2202,573,1263616,-0.3052028599999999,617,300.0,0.0003,0.04352329,-0.04502990338660311,0.0717006974038668,-0.04616117477416992,6160,0.2,-0.0616782121360302,0.235498046875,-0.6626767182722688
2205,573,1265664,-0.40743866000000006,618,300.0,0.0003,0.04579081,-0.04298149923852179,0.05629118585493416,0.09044814109802246,6170,0.2,-0.045223213732242584,0.25068359375,-0.6797562893480062
2207,574,1267712,-0.32876995000000003,619,300.0,0.0003,0.043176528,-0.04235842229099944,0.043132203340064734,0.02639639377593994,6180,0.2,-0.037018805742263794,0.242919921875,-0.6752119205892086
2209,574,1269760,-0.16533223,620,300.0,0.0003,0.03420355,-0.043689031055691885,0.07193860142724588,0.12619739770889282,6190,0.2,-0.05531736835837364,0.227001953125,-0.684155378676951
2211,575,1271808,-0.14860879999999996,621,300.0,0.0003,0.048344612,-0.042460291521274486,0.073587188241072,0.03233283758163452,6200,0.2,-0.05109125003218651,0.245458984375,-0.6958094138652087
2213,575,1273856,-0.3439415999999999,622,300.0,0.0003,0.047193788,-0.044699609294184484,0.05279388357885182,0.19924509525299072,6210,0.2,-0.090042345225811,0.243701171875,-0.6819539347663521
2215,575,1275904,-0.29768753,623,300.0,0.0003,0.04698328,-0.04511893992603291,0.03885564710362814,-0.06231403350830078,6220,0.2,-0.03594677895307541,0.24189453125,-0.6781329873949289
2217,576,1277952,-0.4273153299999998,624,300.0,0.0003,0.046834882,-0.04322163416218246,0.03395354016101919,0.17343169450759888,6230,0.2,-0.04386267811059952,0.235009765625,-0.6692184401676059
2219,576,1280000,-0.3844618599999999,625,300.0,0.0003,0.03951257,-0.040642897237557915,0.01649133810424246,0.4303862452507019,6240,0.2,-0.0575498566031456,0.23271484375,-0.6698325453326106
2221,577,1282048,-0.2817879999999999,626,300.0,0.0003,0.046566382,-0.04094916805333924,0.03611533200019039,0.30158597230911255,6250,0.2,-0.04682297632098198,0.22822265625,-0.6429836406372488
2224,577,1284096,-0.22740665999999998,627,300.0,0.0003,0.04661654,-0.0428542579349596,0.059735004883259536,0.3393975496292114,6260,0.2,-0.03805145248770714,0.24189453125,-0.6442527789622545
2226,577,1286144,-0.28084244999999985,628,300.0,0.0003,0.044051714,-0.036766955757047984,0.06312543416861445,0.382485032081604,6270,0.2,-0.02803882583975792,0.240478515625,-0.6443780642002821
2228,577,1288192,-0.30478241999999994,629,300.0,0.0003,0.042089693,-0.04135903091228101,0.040912990499055016,0.010210573673248291,6280,0.2,-0.0542764849960804,0.237744140625,-0.6773634256795049
2231,578,1290240,-0.17007033,630,300.0,0.0003,0.053176165,-0.04221662381896749,0.07621954084606841,-0.00832211971282959,6290,0.2,-0.034703608602285385,0.252880859375,-0.6707829874008894
2234,578,1292288,-0.13732073,631,300.0,0.0003,0.05563274,-0.04792681456019636,0.041809791402192785,0.1828855276107788,6300,0.2,-0.059649426490068436,0.265380859375,-0.6818283006548882
2236,578,1294336,0.02281287999999994,632,300.0,0.0003,0.047959037,-0.045562675103428776,0.04901225756620988,0.04404693841934204,6310,0.2,-0.051501743495464325,0.2435546875,-0.6641182515770196
2238,579,1296384,0.19719732000000004,633,300.0,0.0003,0.042847905,-0.042508076381636783,0.05156548956874758,0.06574571132659912,6320,0.2,-0.044958364218473434,0.23779296875,-0.6818673534318804
2241,579,1298432,0.15538881,634,300.0,0.0003,0.044863883,-0.04245874992629979,0.03299956260598265,0.20289963483810425,6330,0.2,-0.053828656673431396,0.239306640625,-0.6699592972174286
2302,564,1300480,0.011126269999999968,635,300.0,0.0003,0.042997763,-0.041760872956365346,0.026086395350284876,-0.07456302642822266,6340,0.2,-0.05011137202382088,0.2384765625,-0.6814488790929317
2304,565,1302528,0.016510580000000063,636,300.0,0.0003,0.04741129,-0.04431978102438734,0.08095103711821139,0.02727597951889038,6350,0.2,-0.026136349886655807,0.25498046875,-0.6837684333324432
2306,565,1304576,0.20274392000000005,637,300.0,0.0003,0.04394789,-0.042643217762815766,0.0216274624428479,-0.008956670761108398,6360,0.2,-0.04978388920426369,0.22509765625,-0.6656492531299592
2309,565,1306624,0.05397672000000003,638,300.0,0.0003,0.04833365,-0.04227934118680423,0.03813230354571715,-0.08310508728027344,6370,0.2,-0.055789392441511154,0.24814453125,-0.681733806245029
2311,566,1308672,-0.17122445,639,300.0,0.0003,0.040464297,-0.04304162507178262,0.05503277423558757,0.0344814658164978,6380,0.2,-0.07695718109607697,0.245703125,-0.687995027564466
2313,566,1310720,-0.16136976999999997,640,300.0,0.0003,0.04307041,-0.04501298425602727,0.03378169315983541,0.04928320646286011,6390,0.2,-0.060349442064762115,0.23095703125,-0.6757017003372312
2315,566,1312768,-0.23612997999999996,641,300.0,0.0003,0.044761986,-0.0454184817004716,0.03617570992209949,0.08080273866653442,6400,0.2,-0.03624800592660904,0.243603515625,-0.6609224459156394
2318,567,1314816,-0.36586884999999997,642,300.0,0.0003,0.03945677,-0.04034351093723672,0.04392351405113004,0.09861332178115845,6410,0.2,-0.03863059729337692,0.228173828125,-0.6625171087682247
2320,567,1316864,-0.04829197000000002,643,300.0,0.0003,0.0438165,-0.0439989001781214,0.03830510341213085,0.1488596796989441,6420,0.2,-0.05194692313671112,0.2375,-0.6571140449494124
2322,567,1318912,-0.07991591000000002,644,300.0,0.0003,0.046816267,-0.04389763630751986,0.021940607027499937,0.05389368534088135,6430,0.2,-0.0504937581717968,0.235595703125,-0.6653629532083869
2324,568,1320960,-0.18103253999999994,645,300.0,0.0003,0.050558254,-0.04439620132034179,0.042974804405821486,0.21065282821655273,6440,0.2,-0.05705196410417557,0.2474609375,-0.6624058179557324
2326,568,1323008,-0.41248987,646,300.0,0.0003,0.07364662,-0.047943528700852764,0.03165565622621216,0.21791177988052368,6450,0.2,-0.04335679113864899,0.25234375,-0.6578590432181954
2328,569,1325056,-0.29472465999999997,647,300.0,0.0003,0.050892565,-0.04407519629749004,0.03713921043672599,-0.005527853965759277,6460,0.2,-0.06630022823810577,0.248193359375,-0.6658770950511098
2330,569,1327104,-0.26183751999999993,648,300.0,0.0003,0.044978455,-0.04484332165156957,0.05505473148077726,0.15028458833694458,6470,0.2,-0.05671241134405136,0.232275390625,-0.663550519105047
2332,569,1329152,-0.3274852700000001,649,300.0,0.0003,0.050322846,-0.04231901439488865,0.04422318491851911,0.11126124858856201,6480,0.2,-0.033978141844272614,0.226171875,-0.649509315378964
2335,570,1331200,-0.30208744000000004,650,300.0,0.0003,0.045773983,-0.04396862330904696,0.03852015505544841,0.09118711948394775,6490,0.2,-0.04667486995458603,0.227734375,-0.6519472843036056
2337,570,1333248,-0.4017390600000001,651,300.0,0.0003,0.04512497,-0.043425377740641126,0.03371123790857382,0.1785019040107727,6500,0.2,-0.03334987536072731,0.232763671875,-0.6589191257953644
2339,570,1335296,-0.31182098999999996,652,300.0,0.0003,0.042014226,-0.0450772343610879,0.05500781974988058,0.1268746256828308,6510,0.2,-0.03330276533961296,0.239013671875,-0.6652378430590034
2341,571,1337344,-0.04966255999999998,653,300.0,0.0003,0.04362814,-0.04396386817097664,0.020385460523539223,0.5388571619987488,6520,0.2,-0.0574050173163414,0.246875,-0.6609941808506846
2343,571,1339392,-0.06604489000000006,654,300.0,0.0003,0.0468741,-0.04530056775547564,0.03271147751947865,0.321508526802063,6530,0.2,-0.06591547280550003,0.235888671875,-0.6737829321995378
2346,571,1341440,0.07308208999999996,655,300.0,0.0003,0.046023108,-0.047343031322816385,0.027515844648587518,0.11128091812133789,6540,0.2,-0.058192815631628036,0.247119140625,-0.6904653783887624
2348,572,1343488,0.06546717999999997,656,300.0,0.0003,0.050192267,-0.04444698678562418,0.04606234128295909,0.07058727741241455,6550,0.2,-0.06564582139253616,0.252099609375,-0.6460490653291344
2350,572,1345536,0.008432569999999959,657,300.0,0.0003,0.041599583,-0.04581774918478913,0.03743367193965241,0.22678017616271973,6560,0.2,-0.06894624978303909,0.239404296875,-0.6883973849937319
2352,572,1347584,0.005850029999999883,658,300.0,0.0003,0.056535773,-0.0452798381797038,0.023122070281533524,0.2606052756309509,6570,0.2,-0.05353131145238876,0.24765625,-0.7037861231714487
2354,573,1349632,-0.09768735000000013,659,300.0,0.0003,0.059358776,-0.04602281972183846,0.014370589725149329,0.3062319755554199,6580,0.2,-0.05801606550812721,0.2568359375,-0.671025968901813
2357,573,1351680,-0.0854223000000001,660,300.0,0.0003,0.036109034,-0.044186297070700674,0.04982661097310483,-0.09197688102722168,6590,0.2,-0.0429113507270813,0.238134765625,-0.7135952290147543
2359,573,1353728,-0.08684887000000002,661,300.0,0.0003,0.052116193,-0.04390450752398465,0.05877838079468347,0.31027328968048096,6600,0.2,-0.027225220575928688,0.236474609375,-0.6810715397819876
2361,574,1355776,-0.14577133,662,300.0,0.0003,0.048162203,-0.04437126361299306,0.05899280581506901,0.1873674988746643,6610,0.2,-0.04581088572740555,0.24873046875,-0.6952135868370533
2363,574,1357824,-0.08681368,663,300.0,0.0003,0.039143853,-0.044504553408478385,0.01868447294982616,0.3342289924621582,6620,0.2,-0.06564779579639435,0.23642578125,-0.6819876907393336
2365,574,1359872,0.017236339999999992,664,300.0,0.0003,0.045084428,-0.04618685110035585,0.04385146638960578,0.0618058443069458,6630,0.2,-0.04233464598655701,0.24345703125,-0.6828451801091433
2367,575,1361920,0.15247479,665,300.0,0.0003,0.044975836,-0.04209475413663313,0.04042681357241236,0.03621596097946167,6640,0.2,-0.07432065159082413,0.23212890625,-0.6625547293573618
2370,575,1363968,0.17515364000000003,666,300.0,0.0003,0.044316553,-0.04251649264333537,0.056979875970864666,-0.13289868831634521,6650,0.2,-0.04470035433769226,0.247412109375,-0.6728577457368374
2372,575,1366016,0.22259130999999996,667,300.0,0.0003,0.04706578,-0.04234404528397136,0.020870299948728643,0.272367000579834,6660,0.2,-0.061210159212350845,0.23427734375,-0.679090665653348
2374,576,1368064,0.32684877,668,300.0,0.0003,0.046171937,-0.04397623946424574,0.01701298620610032,0.00862741470336914,6670,0.2,-0.06406755745410919,0.245849609375,-0.6857585679739714
2376,576,1370112,0.29549439,669,300.0,0.0003,0.039071,-0.043852175908978094,0.026024321222212165,0.1855614185333252,6680,0.2,-0.07819792628288269,0.230712890625,-0.6794300176203251
2378,576,1372160,0.15973317,670,300.0,0.0003,0.04422536,-0.04470813880616333,0.03656315559055656,-0.018994569778442383,6690,0.2,-0.04850614815950394,0.238037109375,-0.6790405429899693
2381,577,1374208,0.08472813999999998,671,300.0,0.0003,0.04398631,-0.044143185348366386,0.029527178464923053,0.06490683555603027,6700,0.2,-0.06992843747138977,0.237939453125,-0.6548528229817748
2382,577,1376256,0.012262350000000023,672,300.0,0.0003,0.048324585,-0.04504087031527888,0.025564103486249223,0.025538980960845947,6710,0.2,-0.060382161289453506,0.24453125,-0.6644278241321444
2385,577,1378304,0.08106867,673,300.0,0.0003,0.052061487,-0.04197022476582788,0.05303240225766785,0.09662926197052002,6720,0.2,-0.036949947476387024,0.245849609375,-0.6468100292608142
2387,578,1380352,0.2580307,674,300.0,0.0003,0.04782273,-0.04407184185984079,0.025963006378151476,0.205377459526062,6730,0.2,-0.0614711232483387,0.240576171875,-0.6454683054238558
2389,578,1382400,0.23017975999999993,675,300.0,0.0003,0.060667686,-0.04008596022322308,0.10710689764237032,0.14999067783355713,6740,0.2,8.123740553855896e-05,0.249755859375,-0.6117032487876713
2391,578,1384448,0.30213055999999994,676,300.0,0.0003,0.04508344,-0.04295782074332237,0.04630013494170271,0.30292457342147827,6750,0.2,-0.05867021903395653,0.2392578125,-0.6358540649525821
2393,579,1386496,0.15090252999999995,677,300.0,0.0003,0.048093166,-0.04150491410982795,0.03697301560896449,0.18381786346435547,6760,0.2,-0.0430784672498703,0.235302734375,-0.6439999153837561
2395,579,1388544,0.06724047000000002,678,300.0,0.0003,0.04555235,-0.03989341813139617,0.03906191150890663,0.2209949493408203,6770,0.2,-0.0480826236307621,0.228564453125,-0.6503071906045079
2398,579,1390592,-0.12858531999999998,679,300.0,0.0003,0.041136116,-0.043906755634816365,0.040903878974495454,0.30426669120788574,6780,0.2,-0.06615334004163742,0.248046875,-0.6575066562741995
2400,580,1392640,-0.06724035999999999,680,300.0,0.0003,0.055656776,-0.046854969125706705,0.04223610759945586,0.4070354700088501,6790,0.2,-0.05506643280386925,0.246435546875,-0.657636846229434
2402,580,1394688,-0.0019023199999999684,681,300.0,0.0003,0.043720778,-0.04501515312440461,0.04460468983161263,0.19486451148986816,6800,0.2,-0.038270339369773865,0.244384765625,-0.6465485736727714
2404,580,1396736,-0.15876614000000003,682,300.0,0.0003,0.053484745,-0.0443071003712248,0.025710747975972482,0.37576383352279663,6810,0.2,-0.07069019228219986,0.233349609375,-0.6442213754169643
2407,581,1398784,-0.09206308999999999,683,300.0,0.0003,0.05809518,-0.04675551291729789,0.0801167131634429,0.22975420951843262,6820,0.2,-0.028370700776576996,0.244189453125,-0.656768533308059
2469,567,1400832,0.022832550000000014,684,300.0,0.0003,0.05089695,-0.042716163164004686,0.030571687541669234,0.2521781921386719,6830,0.2,-0.061139095574617386,0.2484375,-0.6595258630812169
2471,567,1402880,0.1292252000000001,685,300.0,0.0003,0.0560532,-0.04303754065476824,0.03483117545256391,0.3367260694503784,6840,0.2,-0.0615815632045269,0.23740234375,-0.6528228804469108
2473,567,1404928,-0.07157309999999989,686,300.0,0.0003,0.045219645,-0.04424313333729515,0.043032228841912004,0.3526669144630432,6850,0.2,-0.04284050315618515,0.233251953125,-0.6255950264632701
2476,568,1406976,-0.02778063999999991,687,300.0,0.0003,0.046716727,-0.045051979194249726,0.03982239812030457,0.26101475954055786,6860,0.2,-0.04338209331035614,0.2421875,-0.6575758553110063
2478,568,1409024,-0.15003199999999997,688,300.0,0.0003,0.041962065,-0.043610914047894765,0.022194316377863288,0.0828019380569458,6870,0.2,-0.050366029143333435,0.231884765625,-0.6530992116779089
2480,568,1411072,-0.2501685699999999,689,300.0,0.0003,0.04167973,-0.04689642476150766,0.07690530533436686,0.010109126567840576,6880,0.2,-0.043760184198617935,0.232080078125,-0.6464510899037123
2482,569,1413120,-0.17411317,690,300.0,0.0003,0.05114781,-0.04563230955682229,0.057041337224654855,-0.03362834453582764,6890,0.2,-0.05379360914230347,0.25478515625,-0.6814199866726994
2484,569,1415168,-0.12472199000000003,691,300.0,0.0003,0.044162795,-0.04305591926386114,0.04809738193289377,0.11630189418792725,6900,0.2,-0.055969033390283585,0.236474609375,-0.6681935522705317
2487,569,1417216,-0.10526909999999993,692,300.0,0.0003,0.04870201,-0.04337928853346966,0.056902772973990066,0.22573834657669067,6910,0.2,-0.06330332905054092,0.25859375,-0.669434892386198
2489,570,1419264,0.049907260000000016,693,300.0,0.0003,0.0495236,-0.044374544950551355,0.03902535635861568,0.3538975119590759,6920,0.2,-0.041146717965602875,0.25380859375,-0.6655455896630883
2491,570,1421312,0.08758731999999997,694,300.0,0.0003,0.048415836,-0.04537389269680716,0.04850160689093173,0.22705286741256714,6930,0.2,-0.05829014629125595,0.24208984375,-0.6657955689355731
2493,570,1423360,-0.02888086999999999,695,300.0,0.0003,0.049602255,-0.04728603587136604,0.04031657239538618,0.2171766757965088,6940,0.2,-0.05989132821559906,0.25595703125,-0.6642556704580784
2496,571,1425408,-0.04259327000000002,696,300.0,0.0003,0.046473216,-0.04685573483002372,0.02400932676391676,-0.07187080383300781,6950,0.2,-0.06794755905866623,0.24677734375,-0.6510284944437444
2498,571,1427456,-0.019011109999999998,697,300.0,0.0003,0.046023965,-0.046909087791573253,0.10425618921872229,0.13100165128707886,6960,0.2,-0.026601679623126984,0.24326171875,-0.6310323224402964
2500,571,1429504,-0.04917090000000006,698,300.0,0.0003,0.051014073,-0.0431729565752903,0.03986781978746876,0.04444700479507446,6970,0.2,-0.05014532804489136,0.25126953125,-0.6036129433661699
2502,572,1431552,-0.18551893000000008,699,300.0,0.0003,0.046283603,-0.04150091518240515,0.03743979246355593,0.14960145950317383,6980,0.2,-0.0682857483625412,0.2357421875,-0.6360015086829662
2504,572,1433600,-0.3122206,700,300.0,0.0003,0.048133817,-0.04591022428649012,0.026905082401935943,0.010724306106567383,6990,0.2,-0.04719006270170212,0.23740234375,-0.6364662962034344
2507,572,1435648,0.0006593300000000379,701,300.0,0.0003,0.0460751,-0.04248814804304857,0.04666845325264148,0.28971147537231445,7000,0.2,-0.06563093513250351,0.234228515625,-0.6361769914627076
2509,572,1437696,0.17776772999999987,702,300.0,0.0003,0.05819089,-0.04638631176785566,0.06567638118285686,0.038265109062194824,7010,0.2,-0.06398895382881165,0.26435546875,-0.6521493894979358
2511,573,1439744,0.16886900999999999,703,300.0,0.0003,0.048316464,-0.04536576545215212,0.02174735104199499,0.12916028499603271,7020,0.2,-0.057358335703611374,0.2388671875,-0.6281034600920975
2513,573,1441792,0.12981608,704,300.0,0.0003,0.05004458,-0.04337568381452002,0.058176291291601956,0.1318381428718567,7030,0.2,-0.05851539224386215,0.22958984375,-0.6290635902434587
2515,573,1443840,0.050885619999999916,705,300.0,0.0003,0.050011277,-0.043920930332387795,0.027658775221789257,0.05505943298339844,7040,0.2,-0.06007568910717964,0.24365234375,-0.6285160671919584
2517,574,1445888,0.14377548999999998,706,300.0,0.0003,0.042598248,-0.04119133350031916,0.03832147848443128,0.1435999870300293,7050,0.2,-0.05752027779817581,0.232275390625,-0.6338899555616081
2519,574,1447936,0.040915459999999994,707,300.0,0.0003,0.04858789,-0.04159761022601742,0.01942200940102339,-0.13343429565429688,7060,0.2,-0.06918219476938248,0.242236328125,-0.6384888510219753
2522,574,1449984,0.11823815999999997,708,300.0,0.0003,0.04523976,-0.042594439977256114,0.027479487209348008,0.11571609973907471,7070,0.2,-0.05770694464445114,0.233740234375,-0.6432844882830977
2524,575,1452032,0.13426557,709,300.0,0.0003,0.056538638,-0.04485652175062569,0.09377086271997541,-0.07538759708404541,7080,0.2,-0.02617422491312027,0.23017578125,-0.6355951051227748
2527,575,1454080,-0.03285470000000008,710,300.0,0.0003,0.05156967,-0.04035441376036033,0.029570606991183013,-0.10590529441833496,7090,0.2,-0.04585595056414604,0.235107421875,-0.6494479982182384
2529,575,1456128,-0.06039644000000001,711,300.0,0.0003,0.045994423,-0.043329028095467945,0.07256667127367109,0.015220046043395996,7100,0.2,-0.06178014725446701,0.2451171875,-0.6457116346806288
2531,575,1458176,0.08706486999999999,712,300.0,0.0003,0.049929477,-0.04308467739028856,0.07531984840752556,-0.0267789363861084,7110,0.2,-0.040017955005168915,0.237060546875,-0.6324963072314859
2534,576,1460224,0.14166976,713,300.0,0.0003,0.05189223,-0.04742710459977388,0.020234693260863423,-0.032802462577819824,7120,0.2,-0.06404213607311249,0.25390625,-0.6419920889660716
2536,576,1462272,0.4116712400000001,714,300.0,0.0003,0.04258883,-0.04001271698216442,0.04571994115249254,0.089016854763031,7130,0.2,-0.037934157997369766,0.22431640625,-0.6333825886249542
2538,576,1464320,0.38213758,715,300.0,0.0003,0.05717036,-0.04687437042884994,0.030905823776265606,0.08271986246109009,7140,0.2,-0.06449156999588013,0.257275390625,-0.6324162007309496
2540,577,1466368,0.29459812999999996,716,300.0,0.0003,0.046750527,-0.039848455041646955,0.04021375188021921,0.10921156406402588,7150,0.2,-0.05667365342378616,0.246337890625,-0.6302627428434789
2542,577,1468416,0.21654479999999998,717,300.0,0.0003,0.052783642,-0.045652547536883505,0.013839155540335924,0.06603747606277466,7160,0.2,-0.058979399502277374,0.23837890625,-0.5997871935367585
2544,577,1470464,0.30240115,718,300.0,0.0003,0.057282403,-0.044131940114311874,0.043382463708985596,0.21263349056243896,7170,0.2,-0.05933358520269394,0.263916015625,-0.6133051508106291
2546,578,1472512,0.17381921000000003,719,300.0,0.0003,0.046206776,-0.04211470493755769,0.031874251738190654,0.492847740650177,7180,0.2,-0.047838710248470306,0.23564453125,-0.61402074592188
2549,578,1474560,0.21993142000000002,720,300.0,0.0003,0.050567552,-0.04211073245096486,0.03911058603553101,0.42464303970336914,7190,0.2,-0.036507707089185715,0.235986328125,-0.5952858357690275
2551,578,1476608,0.18728388999999995,721,300.0,0.0003,0.051621404,-0.04275926224072464,0.026199620761326516,0.06928551197052002,7200,0.2,-0.05552845075726509,0.234521484375,-0.6012389417737722
2553,579,1478656,0.10059208,722,300.0,0.0003,0.057797417,-0.04767763858399121,0.06721471464261412,0.03672182559967041,7210,0.2,-0.05977487191557884,0.2568359375,-0.6390745123848319
2555,579,1480704,0.016350730000000056,723,300.0,0.0003,0.044885598,-0.04531054470135132,0.06357290050946177,0.14762574434280396,7220,0.2,-0.04294032230973244,0.24775390625,-0.6310291460715234
2558,579,1482752,-0.001282989999999949,724,300.0,0.0003,0.047999233,-0.04798587288241833,0.05920239316765219,0.17367100715637207,7230,0.2,-0.03247395530343056,0.2421875,-0.6394952824339271
2560,579,1484800,0.0763801,725,300.0,0.0003,0.05645407,-0.04306231873051729,0.07190553905675187,-0.03303802013397217,7240,0.2,-0.03854881227016449,0.24404296875,-0.6194350113160908
2562,580,1486848,-0.24670637999999998,726,300.0,0.0003,0.04847814,-0.042751936582499185,0.09962856508791447,0.07626372575759888,7250,0.2,-0.022709451615810394,0.240625,-0.6258759420365095
2564,580,1488896,-0.29296464,727,300.0,0.0003,0.047603663,-0.044590878000599334,0.032232590799685566,0.1334359049797058,7260,0.2,-0.0632229596376419,0.236865234375,-0.623295440338552
2566,580,1490944,-0.53516386,728,300.0,0.0003,0.052997075,-0.03905369873245945,0.05604211997706443,0.069216787815094,7270,0.2,-0.04341968148946762,0.247607421875,-0.5860316783189774
2569,581,1492992,-0.6851452100000002,729,300.0,0.0003,0.04584829,-0.044449627381982285,0.04514304483309388,0.11533141136169434,7280,0.2,-0.04317568242549896,0.23017578125,-0.592705053742975
2571,581,1495040,-0.7880778599999999,730,300.0,0.0003,0.051744975,-0.043714732833905146,0.024582106052548625,0.282964825630188,7290,0.2,-0.055385541170835495,0.242041015625,-0.6074380616657435
2573,581,1497088,-0.76317868,731,300.0,0.0003,0.045403592,-0.04383602342859376,0.052424581482773645,0.04509979486465454,7300,0.2,-0.060806646943092346,0.226611328125,-0.5939436042681336
2576,581,1499136,-0.6035197999999999,732,300.0,0.0003,0.04924188,-0.042266190040390936,0.03891685575363226,0.31613051891326904,7310,0.2,-0.037415824830532074,0.224560546875,-0.5849220417439938
2638,568,1501184,-0.72151252,733,300.0,0.0003,0.06910863,-0.04251451216987334,0.02195121254189871,0.6019840240478516,7320,0.2,-0.048210229724645615,0.249267578125,-0.5922730796039104
2640,569,1503232,-0.7235270099999999,734,300.0,0.0003,0.049926985,-0.04333640413533431,0.08047411839943379,0.3679508566856384,7330,0.2,-0.03999732807278633,0.23203125,-0.5817458473145962
2643,569,1505280,-0.7807607900000001,735,300.0,0.0003,0.040577926,-0.041465403122128916,0.04993078992702067,0.4468018412590027,7340,0.2,-0.0665973573923111,0.2271484375,-0.6101492303423584
2645,569,1507328,-0.7555119299999998,736,300.0,0.0003,0.058551826,-0.04076241126167588,0.08298691568197683,0.3809189200401306,7350,0.2,-0.031314630061388016,0.250927734375,-0.6090461543761194
2647,570,1509376,-0.71386774,737,300.0,0.0003,0.047989495,-0.04231398481933866,0.03482224380713887,0.6961023807525635,7360,0.2,-0.051705360412597656,0.22880859375,-0.6072829595766962
2650,570,1511424,-0.6787668399999999,738,300.0,0.0003,0.052292027,-0.039491105923661965,0.050415573141071944,0.5855215191841125,7370,0.2,-0.04457475244998932,0.22255859375,-0.5765660316683352
2652,570,1513472,-0.7290995100000001,739,300.0,0.0003,0.056000553,-0.04317906509822933,0.01995804759208113,0.6428065299987793,7380,0.2,-0.06980287283658981,0.233984375,-0.5854478659108281
2654,570,1515520,-0.56754795,740,300.0,0.0003,0.0529642,-0.042285350947349795,0.0463589837832842,0.5972667932510376,7390,0.2,-0.04571377485990524,0.25341796875,-0.5755941031500698
2656,571,1517568,-0.5437284199999999,741,300.0,0.0003,0.050765254,-0.043979543191380796,0.08016651244834065,0.45173174142837524,7400,0.2,-0.044908784329891205,0.242431640625,-0.6008426263928414
2658,571,1519616,-0.44855296999999994,742,300.0,0.0003,0.055032987,-0.04244164483825443,0.03270129573647864,0.5410304069519043,7410,0.2,-0.06336920708417892,0.246630859375,-0.6041787678375841
2660,571,1521664,-0.3274842799999999,743,300.0,0.0003,0.046639338,-0.04178143888420891,0.051669134793337436,0.2649388313293457,7420,0.2,-0.051432304084300995,0.225,-0.5884269965812564
2662,572,1523712,-0.33767046,744,300.0,0.0003,0.053907223,-0.04093499429000076,0.06037958001252264,0.30759310722351074,7430,0.2,-0.050626277923583984,0.237939453125,-0.5839241190813482
2664,572,1525760,-0.19702988000000002,745,300.0,0.0003,0.05060563,-0.04162131669581868,0.07342250959482044,0.19865679740905762,7440,0.2,-0.02826882153749466,0.233642578125,-0.5673930801451206
2667,572,1527808,-0.1140447800000001,746,300.0,0.0003,0.051690005,-0.0418626594968373,0.07630915625486523,0.23037850856781006,7450,0.2,-0.02705775946378708,0.23466796875,-0.5783095868304372
2669,573,1529856,-0.24816716000000005,747,300.0,0.0003,0.060360797,-0.04274542432685848,0.028320634047850034,0.3578484058380127,7460,0.2,-0.06540967524051666,0.235107421875,-0.5622987793758512
2671,573,1531904,-0.27847020000000006,748,300.0,0.0003,0.0515166,-0.03982367110147607,0.05009955368004739,0.2784954309463501,7470,0.2,-0.031370602548122406,0.244580078125,-0.5743522522039711
2673,573,1533952,-0.21280736000000008,749,300.0,0.0003,0.054674506,-0.039345490830601196,0.032809008940239436,-0.012797713279724121,7480,0.2,-0.0522693395614624,0.2318359375,-0.592415209300816
2676,573,1536000,-0.4010384200000001,750,300.0,0.0003,0.04883185,-0.04193828656134428,0.058171492663677785,0.029942691326141357,7490,0.2,-0.03626355528831482,0.22529296875,-0.5851280056871474
2678,574,1538048,-0.3625789399999999,751,300.0,0.0003,0.048457794,-0.04567443812993588,0.03598217018297874,0.006419122219085693,7500,0.2,-0.057611942291259766,0.234765625,-0.5828692623414099
2680,574,1540096,-0.22302712,752,300.0,0.0003,0.05825329,-0.041060035586997404,0.08042859009001405,0.012730181217193604,7510,0.2,-0.012979086488485336,0.23330078125,-0.5772530370391905
2682,574,1542144,-0.06083758999999996,753,300.0,0.0003,0.051411178,-0.04092333027219865,0.051871606294298545,0.06521207094192505,7520,0.2,-0.049029357731342316,0.23525390625,-0.5826669910922646
2685,575,1544192,-0.014635799999999914,754,300.0,0.0003,0.05129718,-0.04402514656248968,0.03907896404853091,0.1002379059791565,7530,0.2,-0.06741123646497726,0.242431640625,-0.5802324692718684
2687,575,1546240,0.03996577000000003,755,300.0,0.0003,0.060484324,-0.0445467593439389,0.04405258782207966,0.10413485765457153,7540,0.2,-0.037088245153427124,0.252734375,-0.5958391600288451
2689,575,1548288,-0.01857344000000001,756,300.0,0.0003,0.048476085,-0.04005060969211627,0.042152832366991785,0.1386978030204773,7550,0.2,-0.060462675988674164,0.2384765625,-0.5819227240979672
2691,576,1550336,-0.09541312000000005,757,300.0,0.0003,0.045288954,-0.03734613352862652,0.04003320749034174,0.13110291957855225,7560,0.2,-0.06167583167552948,0.223974609375,-0.5766076346859336
2693,576,1552384,-0.08925576000000002,758,300.0,0.0003,0.044407435,-0.04348314083763398,0.03064076142036356,0.07817631959915161,7570,0.2,-0.07136798650026321,0.22802734375,-0.5981533722952008
2695,576,1554432,-0.08475676999999998,759,300.0,0.0003,0.052209582,-0.043026435965293784,0.049587243288988246,0.1824396848678589,7580,0.2,-0.03769569844007492,0.253271484375,-0.614490045979619
2698,576,1556480,-0.16241942000000006,760,300.0,0.0003,0.04774873,-0.04163141351891682,0.04121015032869764,-0.03316795825958252,7590,0.2,-0.058796703815460205,0.240869140625,-0.6023850590921939
2700,577,1558528,-0.21014089999999996,761,300.0,0.0003,0.04769588,-0.04076030439464375,0.03700198188307695,-0.14473509788513184,7600,0.2,-0.04955650866031647,0.238134765625,-0.5920147591270506
2702,577,1560576,-0.32539691000000004,762,300.0,0.0003,0.05378627,-0.039452936057932673,0.02674316493794322,-0.18970251083374023,7610,0.2,-0.04385797306895256,0.22646484375,-0.5906381767243147
2704,577,1562624,-0.40463377999999994,763,300.0,0.0003,0.060259417,-0.04272271641093539,0.0934139798860997,0.10537278652191162,7620,0.2,-0.036270808428525925,0.23017578125,-0.5701467609032989
2707,578,1564672,-0.05809984999999998,764,300.0,0.0003,0.051776335,-0.044054104524548166,0.06859612297266722,0.01649606227874756,7630,0.2,-0.050101395696401596,0.231201171875,-0.568410899117589
2709,578,1566720,-0.035634849999999975,765,300.0,0.0003,0.05396028,-0.04383399984508287,0.04192423343192786,-0.27824151515960693,7640,0.2,-0.04011017084121704,0.24599609375,-0.5903371125459671
2711,578,1568768,0.10059517000000003,766,300.0,0.0003,0.05869495,-0.045607805374311285,0.027169976703589782,0.04539632797241211,7650,0.2,-0.05483859404921532,0.24892578125,-0.5881082352250815
2713,578,1570816,0.06536589000000002,767,300.0,0.0003,0.06704177,-0.04178211243415717,0.03602344671380706,-0.08388733863830566,7660,0.2,-0.05332167446613312,0.246728515625,-0.5655142481438815
2716,579,1572864,-0.002409860000000068,768,300.0,0.0003,0.050548144,-0.03925819585419958,0.04232944041141309,0.0012096166610717773,7670,0.2,-0.04711020737886429,0.230419921875,-0.5484987812116742
2718,579,1574912,-0.12259563999999998,769,300.0,0.0003,0.052930288,-0.044217612707871015,0.029175410291645675,-0.0765070915222168,7680,0.2,-0.07602616399526596,0.24775390625,-0.566581035964191
2720,579,1576960,-0.04961085999999997,770,300.0,0.0003,0.047157288,-0.042034010836505334,0.01248582426487701,0.17871403694152832,7690,0.2,-0.08606836199760437,0.2271484375,-0.5696989071555436
2722,580,1579008,-0.005518849999999967,771,300.0,0.0003,0.047116153,-0.04183805919019505,0.029521360469516367,0.05138075351715088,7700,0.2,-0.07245597243309021,0.23076171875,-0.5825226819142699
2724,580,1581056,-0.04638134999999992,772,300.0,0.0003,0.04403896,-0.0401808448281372,0.04741934784105979,-0.03811240196228027,7710,0.2,-0.04612448066473007,0.235498046875,-0.558232786692679
2726,580,1583104,-0.11203604999999996,773,300.0,0.0003,0.052763633,-0.0415901011088863,0.02501339985174127,0.11049020290374756,7720,0.2,-0.07240620255470276,0.2376953125,-0.5470166970044374
2729,580,1585152,0.056144090000000056,774,300.0,0.0003,0.042588465,-0.038280409725848584,0.05488356088171713,-0.02717912197113037,7730,0.2,-0.04474002867937088,0.225537109375,-0.5616975036449731
2733,580,1587200,0.24713119,775,300.0,0.0003,0.04926325,-0.04527372998127248,0.029967816569842397,-0.2484530210494995,7740,0.2,-0.058704111725091934,0.242578125,-0.5551137978211045
2736,580,1589248,0.38271228,776,300.0,0.0003,0.05880188,-0.04275412641582079,0.055030122317839415,0.07944869995117188,7750,0.2,-0.028039149940013885,0.24365234375,-0.5384523556567729
2738,581,1591296,0.32708792000000003,777,300.0,0.0003,0.047449544,-0.04109394859697204,0.030938925582449883,-0.04226100444793701,7760,0.2,-0.05544760078191757,0.229443359375,-0.5447016758844256
2741,581,1593344,0.5460400299999999,778,300.0,0.0003,0.059902314,-0.04234301970282104,0.0275195785012329,-0.07392311096191406,7770,0.2,-0.05612476170063019,0.24501953125,-0.5691699500195682
2743,581,1595392,0.5392718499999999,779,300.0,0.0003,0.05836902,-0.04455663855769672,0.019572540969238616,0.07337099313735962,7780,0.2,-0.07164359092712402,0.24072265625,-0.5656346860341728
2745,581,1597440,0.5102558700000001,780,300.0,0.0003,0.0548905,-0.042096855203271846,0.044944116607075556,0.04867720603942871,7790,0.2,-0.06876678019762039,0.23134765625,-0.5752155910246074
2747,582,1599488,0.5740085500000002,781,300.0,0.0003,0.05021269,-0.041749663130030965,0.07817885088152252,0.1479189395904541,7800,0.2,-0.03217072784900665,0.23271484375,-0.5476919934153557
2810,569,1601536,0.53773518,782,300.0,0.0003,0.0473278,-0.03782844538800419,0.04334060253459029,0.29659199714660645,7810,0.2,-0.06183592230081558,0.22041015625,-0.5618947932496667
2812,570,1603584,0.69115571,783,300.0,0.0003,0.051913425,-0.04485796308435965,0.042053832876263186,0.372717022895813,7820,0.2,-0.053139399737119675,0.24306640625,-0.5815832854248584
2815,570,1605632,0.6911895700000001,784,300.0,0.0003,0.047203604,-0.04319950735662133,0.03123396817827597,0.5548034310340881,7830,0.2,-0.09512951970100403,0.237060546875,-0.5777432294562459
2817,570,1607680,0.62518495,785,300.0,0.0003,0.05018113,-0.04193111426138785,0.053005820146063344,0.4475403428077698,7840,0.2,-0.039518244564533234,0.22861328125,-0.5903394293040037
2819,570,1609728,0.7507075099999999,786,300.0,0.0003,0.04885927,-0.04001257432246348,0.061333157174522056,0.4509543180465698,7850,0.2,-0.014920569956302643,0.231396484375,-0.5628110939636827
2822,571,1611776,0.6166131299999997,787,300.0,0.0003,0.051882774,-0.04265523113717791,0.057595289102755486,0.41723960638046265,7860,0.2,-0.03625824302434921,0.238037109375,-0.5687310669571162
2824,571,1613824,0.58456621,788,300.0,0.0003,0.047446355,-0.04423467332671862,0.06862857228843496,0.5454444885253906,7870,0.2,-0.022821517661213875,0.2302734375,-0.5775575920939445
2826,571,1615872,0.47140307,789,300.0,0.0003,0.051900804,-0.046787470439448954,0.059429754759185015,0.6296156644821167,7880,0.2,-0.04499378800392151,0.235107421875,-0.579306620452553
2829,571,1617920,0.48342056000000005,790,300.0,0.0003,0.047569674,-0.04291696245491039,0.02456633925321512,0.7103159427642822,7890,0.2,-0.05774673819541931,0.231396484375,-0.55829216260463
2831,572,1619968,0.35011088,791,300.0,0.0003,0.06185521,-0.04301611481059808,0.03734262315556407,0.4362112879753113,7900,0.2,-0.0671636164188385,0.250634765625,-0.551607019174844
2833,572,1622016,0.2755711899999999,792,300.0,0.0003,0.05431,-0.04188512827677186,0.11085036246804521,0.21990692615509033,7910,0.2,-0.026823632419109344,0.222705078125,-0.546575818490237
2836,572,1624064,0.20124786999999997,793,300.0,0.0003,0.049918808,-0.04049173318780959,0.05970647531794384,0.17365270853042603,7920,0.2,-0.02859415113925934,0.23857421875,-0.5609699429012835
2838,572,1626112,-0.06455254,794,300.0,0.0003,0.058384728,-0.044198020425392316,0.02906601458671503,0.2132561206817627,7930,0.2,-0.029045136645436287,0.25478515625,-0.5586336717009545
2840,573,1628160,-0.12430623999999996,795,300.0,0.0003,0.05495821,-0.0447654578863876,0.04862875388935208,0.2748541831970215,7940,0.2,-0.029287800192832947,0.2458984375,-0.5537883535958826
2842,573,1630208,-0.16460636000000003,796,300.0,0.0003,0.047681008,-0.039691892961855046,0.04269986192812212,0.309154748916626,7950,0.2,-0.0576402023434639,0.22451171875,-0.5640252139419317
2844,573,1632256,-0.11400275000000008,797,300.0,0.0003,0.052275628,-0.04136414673994295,0.06879398925229907,-0.06281638145446777,7960,0.2,-0.0499398335814476,0.23671875,-0.5614592312835157
2846,574,1634304,-0.19525299000000007,798,300.0,0.0003,0.061862815,-0.04370938193751499,0.01860285083821509,0.215847909450531,7970,0.2,-0.04649515822529793,0.2521484375,-0.5631773477420211
2848,574,1636352,-0.12442931000000006,799,300.0,0.0003,0.053335965,-0.04289878568379209,0.03999860659241676,0.11465060710906982,7980,0.2,-0.04697278514504433,0.22744140625,-0.5534804415889084
2851,574,1638400,-0.011851700000000066,800,300.0,0.0003,0.05426129,-0.04170490374381188,0.04820144300465472,-0.009088754653930664,7990,0.2,-0.05030181258916855,0.242431640625,-0.5559634512290359
2853,574,1640448,-0.19084135999999996,801,300.0,0.0003,0.049515247,-0.04286556411534548,0.07121852284763008,0.13830381631851196,8000,0.2,-0.005673158913850784,0.236474609375,-0.5591726186685264
2855,575,1642496,-0.02514966000000007,802,300.0,0.0003,0.062376656,-0.04359425196016673,0.030073493637610228,-0.03559136390686035,8010,0.2,-0.06734316796064377,0.25361328125,-0.54509516954422
2857,575,1644544,0.007818969999999956,803,300.0,0.0003,0.05461714,-0.03966206845943816,0.03399879289790988,0.08081334829330444,8020,0.2,-0.024285826832056046,0.236767578125,-0.5547916530631483
2860,575,1646592,0.03497581999999995,804,300.0,0.0003,0.045447856,-0.03935045705438824,0.0662106589297764,0.07324856519699097,8030,0.2,-0.032966431230306625,0.23505859375,-0.5654003374278546
2864,575,1648640,-0.08285204000000006,805,300.0,0.0003,0.057030216,-0.042585497273830694,0.02885433748306241,-0.2678133249282837,8040,0.2,-0.06023075804114342,0.253515625,-0.5748383757658303
2867,575,1650688,-0.09210661999999999,806,300.0,0.0003,0.047421232,-0.04136547239613719,0.03743729992420412,0.07383990287780762,8050,0.2,-0.037120189517736435,0.229638671875,-0.5689686795696616
2869,575,1652736,0.06792443000000001,807,300.0,0.0003,0.06377384,-0.04189374730049167,0.03530659446259961,0.13300222158432007,8060,0.2,-0.03270377591252327,0.24130859375,-0.5624391102232039
2871,576,1654784,0.23905363000000004,808,300.0,0.0003,0.04464274,-0.042924050180590714,0.06733841696986928,0.02289193868637085,8070,0.2,-0.031983792781829834,0.233642578125,-0.5765941735357046
2874,576,1656832,0.1690453,809,300.0,0.0003,0.049994994,-0.03898474921879824,0.06295110548962839,0.048279762268066406,8080,0.2,-0.05472642928361893,0.23955078125,-0.5445428654551506
2876,576,1658880,0.2681279700000001,810,300.0,0.0003,0.057362754,-0.042453008456504904,0.02621492156176828,0.0124589204788208,8090,0.2,-0.06251312792301178,0.241162109375,-0.5476290732622147
2878,576,1660928,0.030502939999999996,811,300.0,0.0003,0.063853025,-0.04049874329502927,0.05923490638379007,0.006093323230743408,8100,0.2,-0.02911623939871788,0.24013671875,-0.5709539283066988
2881,577,1662976,0.10996950000000004,812,300.0,0.0003,0.0551041,-0.04303059361409396,0.025455603303271346,-0.029210686683654785,8110,0.2,-0.040138423442840576,0.240673828125,-0.5614384537562728
2883,577,1665024,-0.012273370000000101,813,300.0,0.0003,0.05742143,-0.04297473215410719,0.016073727910406888,-0.18047833442687988,8120,0.2,-0.0669664591550827,0.24423828125,-0.5519788791425526
2886,577,1667072,-0.01521746000000005,814,300.0,0.0003,0.046494268,-0.041275661780673545,0.08070069375680759,-0.008605241775512695,8130,0.2,-0.02779320441186428,0.23095703125,-0.5616886907257139
2888,577,1669120,-0.004217109999999972,815,300.0,0.0003,0.050958388,-0.04083739885536488,0.059985255805077034,0.003312230110168457,8140,0.2,-0.05202116817235947,0.2427734375,-0.5638528302311897
2890,578,1671168,0.10193474000000005,816,300.0,0.0003,0.05672899,-0.04326108312816359,0.024560388948884793,0.13656574487686157,8150,0.2,-0.05565591901540756,0.246044921875,-0.5462455425411463
2892,578,1673216,-0.04454361000000004,817,300.0,0.0003,0.058513783,-0.046437744225841016,0.062306644720956685,-0.10782575607299805,8160,0.2,-0.06282830983400345,0.250048828125,-0.5703505150973797
2895,578,1675264,-0.21356941999999995,818,300.0,0.0003,0.061523207,-0.04402213329740334,0.04394500645576045,0.12444895505905151,8170,0.2,-0.027066759765148163,0.24853515625,-0.5586040780879558
2897,578,1677312,-0.25558237,819,300.0,0.0003,0.051857524,-0.0409756331006065,0.02199108838685788,0.13839823007583618,8180,0.2,-0.04688716679811478,0.229345703125,-0.5630121308378875
2899,579,1679360,-0.09121591000000001,820,300.0,0.0003,0.060791947,-0.04500641250924673,0.029661756139830686,0.13799285888671875,8190,0.2,-0.06038236990571022,0.245166015625,-0.5720309378579259
2901,579,1681408,-0.045072619999999966,821,300.0,0.0003,0.048778914,-0.0397610054933466,0.05089076478034258,-0.029424190521240234,8200,0.2,-0.05532880872488022,0.218505859375,-0.5816667351871729
2903,579,1683456,-0.08585788999999998,822,300.0,0.0003,0.057309784,-0.04241937081096694,0.0497242989949882,0.11895573139190674,8210,0.2,-0.049040693789720535,0.247802734375,-0.5725795249454677
2906,580,1685504,-0.02790543000000001,823,300.0,0.0003,0.054080877,-0.04130913325643633,0.04547176449559629,0.3009110689163208,8220,0.2,-0.043038807809352875,0.24091796875,-0.5831105517223477
2908,580,1687552,0.03977157,824,300.0,0.0003,0.055332467,-0.044988111208658664,0.047125872696051375,0.14795809984207153,8230,0.2,-0.053510863333940506,0.244677734375,-0.560081836488098
2910,580,1689600,0.2132932699999999,825,300.0,0.0003,0.050877087,-0.04177962487738114,0.02949974357325118,0.395906925201416,8240,0.2,-0.032576821744441986,0.235693359375,-0.5883404467254877
2912,580,1691648,0.22900135,826,300.0,0.0003,0.052178994,-0.0421169229230145,0.054143861279590054,0.28946834802627563,8250,0.2,-0.04943283274769783,0.235595703125,-0.5807601349428296
2914,581,1693696,0.11029094000000007,827,300.0,0.0003,0.04843276,-0.042445388631313107,0.026781165204010905,0.16222351789474487,8260,0.2,-0.04588821530342102,0.231298828125,-0.5784177221357822
2917,581,1695744,-0.09663523999999998,828,300.0,0.0003,0.04280837,-0.04042639295803383,0.038229882821906355,-0.19072210788726807,8270,0.2,-0.05284634977579117,0.2234375,-0.5703516138717533
2919,581,1697792,-0.08911741000000002,829,300.0,0.0003,0.050982147,-0.038749417103827,0.044113338639726864,0.1790146827697754,8280,0.2,-0.03336535766720772,0.234423828125,-0.5794535648077727
2921,581,1699840,-0.21329072000000004,830,300.0,0.0003,0.056791037,-0.04261843565618619,0.025430051237344743,0.003294646739959717,8290,0.2,-0.055849555879831314,0.228759765625,-0.5656574978493154
3008,565,1701888,-0.20137665000000002,831,300.0,0.0003,0.06058606,-0.03805869325005915,0.06952705467119813,0.05205434560775757,8300,0.2,-0.00494399294257164,0.238525390625,-0.5712872821837663
3010,565,1703936,-0.06496818000000001,832,300.0,0.0003,0.049962334,-0.042287836398463695,0.08124174437252804,0.13550031185150146,8310,0.2,-0.012302704155445099,0.236962890625,-0.5863673063926399
3012,566,1705984,-0.1419457400000001,833,300.0,0.0003,0.054293044,-0.04350369199528359,0.039869710669154304,-0.06165421009063721,8320,0.2,-0.06282882392406464,0.23671875,-0.5607659967616201
3015,566,1708032,-0.2253086200000001,834,300.0,0.0003,0.05979494,-0.04134637782990467,0.04667348089278676,0.2094947099685669,8330,0.2,-0.062055204063653946,0.2296875,-0.5611230602487922
3017,566,1710080,-0.22519461000000013,835,300.0,0.0003,0.05915255,-0.04350076946720947,0.09496045991545543,0.19512367248535156,8340,0.2,-0.031021639704704285,0.23798828125,-0.5599626298993826
3020,566,1712128,-0.22065184000000002,836,300.0,0.0003,0.05942206,-0.04550413042015862,0.045769486500648784,0.06173807382583618,8350,0.2,-0.04571398347616196,0.24619140625,-0.5621022388339043
3022,567,1714176,-0.3330268300000001,837,300.0,0.0003,0.0579155,-0.04419201994023751,0.03220348305767402,0.45536279678344727,8360,0.2,-0.04942677170038223,0.232373046875,-0.5530158222652972
3025,567,1716224,-0.4175658599999999,838,300.0,0.0003,0.065183654,-0.04178460164839635,0.023126944704563356,0.6489052772521973,8370,0.2,-0.03872409090399742,0.2361328125,-0.5674050398170948
3027,567,1718272,-0.4249767599999999,839,300.0,0.0003,0.056505702,-0.03977625946863554,0.030089663772378115,0.5949615240097046,8380,0.2,-0.05051753297448158,0.2220703125,-0.5341221640817821
3030,567,1720320,-0.4824523,840,300.0,0.0003,0.058120728,-0.044900118111399934,0.02522628452279605,0.6663296818733215,8390,0.2,-0.09489265084266663,0.253466796875,-0.5444265564903616
3032,568,1722368,-0.5459791700000001,841,300.0,0.0003,0.053451665,-0.03966468549042475,0.053616118972422556,0.4639101028442383,8400,0.2,-0.04472211003303528,0.2287109375,-0.543068524915725
3034,568,1724416,-0.31032057999999985,842,300.0,0.0003,0.06408519,-0.038699467238620854,0.01553552517289063,0.5003116726875305,8410,0.2,-0.06633386760950089,0.233544921875,-0.548004234302789
3037,568,1726464,-0.1867297799999998,843,300.0,0.0003,0.05074214,-0.042104462221323045,0.07447441957192495,0.19100415706634521,8420,0.2,-0.059179097414016724,0.240087890625,-0.5646888999268412
3039,568,1728512,-0.16670962999999994,844,300.0,0.0003,0.060471512,-0.04250794012623373,0.03218520043301396,0.39415496587753296,8430,0.2,-0.06441418081521988,0.235498046875,-0.5534955890849232
3042,568,1730560,-0.31418326,845,300.0,0.0003,0.05284103,-0.04416851782807498,0.04873744896030985,0.2439151406288147,8440,0.2,-0.05648890882730484,0.241845703125,-0.564195754379034
3044,569,1732608,-0.09276783000000009,846,300.0,0.0003,0.058054723,-0.03936096433753846,0.057695565145695585,0.12191277742385864,8450,0.2,-0.0373053215444088,0.231103515625,-0.5517447949387133
3046,569,1734656,-0.04451306999999999,847,300.0,0.0003,0.0498958,-0.04354295273078605,0.053946392133366314,0.09911507368087769,8460,0.2,-0.043461889028549194,0.223095703125,-0.5371559067629278
3048,569,1736704,-0.06477772000000001,848,300.0,0.0003,0.054024942,-0.04269561674955184,0.025184218437061645,0.28274476528167725,8470,0.2,-0.06832848489284515,0.2380859375,-0.5583640254102648
3051,569,1738752,-0.04193696000000003,849,300.0,0.0003,0.054316856,-0.040539906712365334,0.05290272075217217,-0.17686307430267334,8480,0.2,-0.02273305132985115,0.236572265625,-0.5322406971827149
3053,570,1740800,-0.16201950999999995,850,300.0,0.0003,0.05334574,-0.04015502214024309,0.04173471018439159,0.07856309413909912,8490,0.2,-0.040785208344459534,0.240966796875,-0.5450610539875924
3055,570,1742848,-0.21908093999999997,851,300.0,0.0003,0.053763196,-0.03646622757078148,0.12098426602315157,-0.06323587894439697,8500,0.2,0.009342465549707413,0.218994140625,-0.541140803322196
3058,570,1744896,-0.30219549000000007,852,300.0,0.0003,0.048827298,-0.04326618881750619,0.05511892554350197,0.013113796710968018,8510,0.2,-0.04570966586470604,0.228271484375,-0.546663842536509
3060,570,1746944,-0.28087995,853,300.0,0.0003,0.046445847,-0.03993554862390738,0.05545140544418246,-0.10993623733520508,8520,0.2,-0.039045099169015884,0.2234375,-0.5476818026974797
3062,571,1748992,-0.32070665999999987,854,300.0,0.0003,0.060682736,-0.046234782015380914,0.04954686040873639,0.06435102224349976,8530,0.2,-0.03616206720471382,0.237890625,-0.5425689803436399
3065,571,1751040,-0.36535109,855,300.0,0.0003,0.06523925,-0.0404590559337521,0.038041694613639265,0.08315390348434448,8540,0.2,-0.04902263730764389,0.251953125,-0.5495425678789616
3067,571,1753088,-0.1726048899999999,856,300.0,0.0003,0.056759186,-0.04230639860325027,0.04635561621980742,0.09043914079666138,8550,0.2,-0.04970996081829071,0.2423828125,-0.5532000898383558
3070,571,1755136,-0.17040928999999994,857,300.0,0.0003,0.061206806,-0.038722107476496605,0.03430292949778959,0.2029017210006714,8560,0.2,-0.05752246081829071,0.2453125,-0.5329537695273757
3072,571,1757184,-0.15499691999999995,858,300.0,0.0003,0.057504527,-0.042333349520049524,0.030822474948945456,0.0051021575927734375,8570,0.2,-0.06048603355884552,0.240185546875,-0.5349993630312383
3075,572,1759232,-0.08891958999999999,859,300.0,0.0003,0.06524003,-0.04315358479216229,0.026466239005094393,0.3124878406524658,8580,0.2,-0.07545018196105957,0.234130859375,-0.5228162969462573
3079,572,1761280,-0.30832136000000004,860,300.0,0.0003,0.045594778,-0.03938138252269709,0.060487749479943884,0.10724049806594849,8590,0.2,-0.02561359293758869,0.213134765625,-0.5085535462014377
3082,571,1763328,-0.36509283000000003,861,300.0,0.0003,0.057724394,-0.04297698255977593,0.04328646686044522,0.06929206848144531,8600,0.2,-0.06672563403844833,0.242626953125,-0.5004936813376843
3086,572,1765376,-0.3759855,862,300.0,0.0003,0.0527492,-0.04066563920641784,0.05080831056693569,0.048696279525756836,8610,0.2,-0.03205135837197304,0.22451171875,-0.5260284850373864
3088,572,1767424,-0.27749051999999996,863,300.0,0.0003,0.06046401,-0.04005696059612092,0.06872385317692534,-0.02324080467224121,8620,0.2,-0.0636119544506073,0.233984375,-0.5264285397715867
3090,572,1769472,-0.21911532,864,300.0,0.0003,0.054440267,-0.03993844050564803,0.033920454149483706,-0.1313037872314453,8630,0.2,-0.05635407567024231,0.23349609375,-0.5133999363519252
3092,572,1771520,-0.35792876999999995,865,300.0,0.0003,0.06029558,-0.03730228162603453,0.04783373518148437,0.06134641170501709,8640,0.2,-0.06684307754039764,0.23076171875,-0.5100024783052504
3095,572,1773568,-0.29932995000000007,866,300.0,0.0003,0.06392193,-0.04354370288492646,0.049789044499630106,0.24330729246139526,8650,0.2,-0.04487331956624985,0.247509765625,-0.519489832315594
3098,573,1775616,-0.35252026999999997,867,300.0,0.0003,0.056595564,-0.04380648405640386,0.027033657862921244,-0.05317413806915283,8660,0.2,-0.06280884146690369,0.239794921875,-0.5116889466531575
3100,573,1777664,-0.34589624999999996,868,300.0,0.0003,0.050381243,-0.0419997494580457,0.058603891817620025,0.07182055711746216,8670,0.2,-0.03610694408416748,0.22333984375,-0.5292139388620853
3103,573,1779712,-0.33225701,869,300.0,0.0003,0.063160755,-0.04306489228474675,0.026018613565247505,0.30006104707717896,8680,0.2,-0.07909219712018967,0.250927734375,-0.5236684767529368
3106,573,1781760,-0.5692512000000002,870,300.0,0.0003,0.05776549,-0.04151445219176821,0.035345359370694496,0.22836601734161377,8690,0.2,-0.05231116712093353,0.242529296875,-0.538208391610533
3108,573,1783808,-0.72401341,871,300.0,0.0003,0.046026614,-0.03923458684876095,0.048631596786435694,0.17703354358673096,8700,0.2,-0.010585278272628784,0.22998046875,-0.5492960222996771
3111,574,1785856,-0.8832294900000001,872,300.0,0.0003,0.05579964,-0.041161850380012764,0.026446124553331174,0.33266377449035645,8710,0.2,-0.057178691029548645,0.2341796875,-0.5278863053768873
3113,574,1787904,-0.8748348999999999,873,300.0,0.0003,0.057364,-0.04444870816805633,0.03347603646107018,0.39031022787094116,8720,0.2,-0.05187733471393585,0.239892578125,-0.5342835877090693
3116,574,1789952,-0.7014402600000001,874,300.0,0.0003,0.052569564,-0.04081634403846692,0.06537450093892402,0.3506920337677002,8730,0.2,-0.02191278710961342,0.23515625,-0.5287519813515246
3118,574,1792000,-0.70749497,875,300.0,0.0003,0.0598929,-0.04219623586104717,0.04875691718189046,0.40623265504837036,8740,0.2,-0.02750575914978981,0.235595703125,-0.5240723299793899
3120,574,1794048,-0.41365753,876,300.0,0.0003,0.05373492,-0.04185107475495897,0.03555743162287399,0.40664535760879517,8750,0.2,-0.03667393699288368,0.231494140625,-0.5495965154841542
3123,575,1796096,-0.5892673599999999,877,300.0,0.0003,0.05401054,-0.04195556810882408,0.08249569438630715,0.26952600479125977,8760,0.2,-0.023939933627843857,0.257177734375,-0.5631603972986341
3125,575,1798144,-0.60450926,878,300.0,0.0003,0.056212693,-0.04174231147335376,0.060930430446751414,0.1469898223876953,8770,0.2,-0.032707273960113525,0.239453125,-0.5589748148806393
3192,563,1800192,-0.72331081,879,300.0,0.0003,0.06023523,-0.04225840377912391,0.025962288794107734,0.4402086138725281,8780,0.2,-0.0442047156393528,0.254345703125,-0.5539503724314272
3195,564,1802240,-0.5802573,880,300.0,0.0003,0.0590555,-0.040995749962166886,0.025076837575761603,0.5164780020713806,8790,0.2,-0.06669486314058304,0.240576171875,-0.5412260198965668
3197,564,1804288,-0.7564902399999999,881,300.0,0.0003,0.059635583,-0.04288161349541042,0.05788239233079366,0.3500593304634094,8800,0.2,-0.03927380591630936,0.2404296875,-0.5331577997654676
3199,564,1806336,-0.5806864899999998,882,300.0,0.0003,0.056742348,-0.040122602696646935,0.06626607626676559,0.2132418155670166,8810,0.2,-0.05551493912935257,0.224951171875,-0.5280368976294995
3201,564,1808384,-0.6642124799999999,883,300.0,0.0003,0.061653424,-0.042324569466291,0.043224141059909016,0.36732959747314453,8820,0.2,-0.04297884553670883,0.248095703125,-0.5387406112626195
3203,565,1810432,-0.6400887799999999,884,300.0,0.0003,0.052396726,-0.04199364694068208,0.044922694005072115,0.35187971591949463,8830,0.2,-0.06101032346487045,0.23671875,-0.5611184673383832
3206,565,1812480,-0.68047026,885,300.0,0.0003,0.05594166,-0.042760119863669385,0.01934492764994502,0.5919884443283081,8840,0.2,-0.06445679813623428,0.245849609375,-0.5424433088861406
3208,565,1814528,-0.77254161,886,300.0,0.0003,0.060557958,-0.04193925785366446,0.04915389975067228,0.5512487888336182,8850,0.2,-0.03143981471657753,0.247314453125,-0.5547181830741466
3211,565,1816576,-0.7438187799999997,887,300.0,0.0003,0.067499,-0.04257974635256687,0.03649157498730347,0.5764772295951843,8860,0.2,-0.056853823363780975,0.250244140625,-0.5583138124085962
3213,565,1818624,-0.90933725,888,300.0,0.0003,0.06733331,-0.040752589356270616,0.057024449273012576,0.4989107847213745,8870,0.2,-0.04112394154071808,0.26318359375,-0.5581698974594473
3215,566,1820672,-0.8441844500000002,889,300.0,0.0003,0.049970344,-0.041312345549522435,0.047185746242757884,0.5517237186431885,8880,0.2,-0.06072429567575455,0.24208984375,-0.5635061947628855
3219,566,1822720,-0.9897348299999998,890,300.0,0.0003,0.05476369,-0.039893456018762666,0.05680082169710658,0.5891402959823608,8890,0.2,-0.016684649512171745,0.237451171875,-0.5625653203576804
3221,566,1824768,-1.0739667600000002,891,300.0,0.0003,0.049877338,-0.04060783928725868,0.03400669065886177,0.590322732925415,8900,0.2,-0.06501325964927673,0.23720703125,-0.5621843575499952
3224,566,1826816,-0.9952811999999999,892,300.0,0.0003,0.06464487,-0.040016855839348865,0.04697006619535386,0.6930544376373291,8910,0.2,-0.041179656982421875,0.241943359375,-0.5432887082919479
3226,566,1828864,-0.9748853599999999,893,300.0,0.0003,0.04406861,-0.042496000311803075,0.055055416509276256,0.6256941556930542,8920,0.2,-0.0625118687748909,0.227685546875,-0.5769771211780608
3229,567,1830912,-0.79981658,894,300.0,0.0003,0.052442346,-0.04074133461690508,0.09203771267784759,0.5526331663131714,8930,0.2,-0.0046419501304626465,0.236962890625,-0.5603050141595304
3231,567,1832960,-0.7755481999999999,895,300.0,0.0003,0.05211977,-0.04179873720713658,0.037907066606567244,0.7324726581573486,8940,0.2,-0.04148470610380173,0.2353515625,-0.5508935134857893
3233,567,1835008,-0.74556001,896,300.0,0.0003,0.0641748,-0.03972866216499824,0.02987003359012306,0.7136151790618896,8950,0.2,-0.07087719440460205,0.23486328125,-0.5482314864173532
3236,567,1837056,-0.62343604,897,300.0,0.0003,0.05282829,-0.04659262578643393,0.03173263167846017,0.5462350845336914,8960,0.2,-0.05848328024148941,0.260888671875,-0.5611717533320189
3238,567,1839104,-0.5332231300000001,898,300.0,0.0003,0.053090088,-0.03944305553013692,0.01760618227417581,0.733742356300354,8970,0.2,-0.037157073616981506,0.22919921875,-0.5498961965553463
3240,568,1841152,-0.58444344,899,300.0,0.0003,0.06261303,-0.04483992236928316,0.02173495822644327,0.6838341951370239,8980,0.2,-0.06012778356671333,0.2517578125,-0.5736917063593865
3243,568,1843200,-0.33354491000000003,900,300.0,0.0003,0.04752153,-0.044307226163800804,0.03850560305872932,0.3096006512641907,8990,0.2,-0.04243144020438194,0.248486328125,-0.5696340309455991
3245,568,1845248,-0.30719604000000006,901,300.0,0.0003,0.06411381,-0.047831361823045884,0.04049487187294289,0.34883391857147217,9000,0.2,-0.060624510049819946,0.254248046875,-0.5648687802255153
3248,568,1847296,-0.34062334,902,300.0,0.0003,0.055138882,-0.04313576483982615,0.04334286528173834,0.07992547750473022,9010,0.2,-0.04113956540822983,0.238037109375,-0.5875463482923806
3250,568,1849344,-0.23344041999999998,903,300.0,0.0003,0.055841215,-0.04515380281081889,0.030307021946646272,-0.07947015762329102,9020,0.2,-0.05282878130674362,0.236767578125,-0.571521969512105
3252,569,1851392,-0.25144818999999996,904,300.0,0.0003,0.056537792,-0.043602724667289296,0.05256964411237277,-0.004087328910827637,9030,0.2,-0.058635905385017395,0.24150390625,-0.5881234001368284
3255,569,1853440,-0.29142775,905,300.0,0.0003,0.068847105,-0.044936741888523105,0.03658837472903542,0.029272377490997314,9040,0.2,-0.046312980353832245,0.26708984375,-0.6060425017960369
3257,569,1855488,-0.0637621,906,300.0,0.0003,0.04751324,-0.041378602629993114,0.04367518177605234,-0.01628279685974121,9050,0.2,-0.02037123218178749,0.24169921875,-0.6005705778487027
3260,569,1857536,-0.028065160000000002,907,300.0,0.0003,0.052364502,-0.04287082857335918,0.026699380078935065,-0.19060993194580078,9060,0.2,-0.058421872556209564,0.23779296875,-0.6046862329356373
3263,569,1859584,-0.09949586999999999,908,300.0,0.0003,0.056437314,-0.042333883239189164,0.04424266587011516,0.10179370641708374,9070,0.2,-0.029739487916231155,0.2482421875,-0.5843213932588697
3267,569,1861632,0.027189179999999955,909,300.0,0.0003,0.06476157,-0.04694857564754784,0.039169031858909874,0.015712857246398926,9080,0.2,-0.06864238530397415,0.2431640625,-0.6115186003968119
3269,569,1863680,0.031620660000000016,910,300.0,0.0003,0.05273598,-0.04554752474359702,0.04775133193470538,0.09249591827392578,9090,0.2,-0.0438431091606617,0.245751953125,-0.6253618034534156
3272,570,1865728,-0.05217755999999993,911,300.0,0.0003,0.043078586,-0.04442713401804212,0.061684881255496295,0.029069125652313232,9100,0.2,-0.05857625603675842,0.23212890625,-0.6045235169120133
3274,570,1867776,0.00043968999999998814,912,300.0,0.0003,0.052932657,-0.04512304014060646,0.04131238372065127,0.04495728015899658,9110,0.2,-0.036463119089603424,0.244482421875,-0.6122065244242549
3277,570,1869824,0.13899423999999996,913,300.0,0.0003,0.047017455,-0.039829458930762486,0.0402361630985979,0.1269364356994629,9120,0.2,-0.025595808401703835,0.2322265625,-0.623791778832674
3280,570,1871872,0.09935931999999996,914,300.0,0.0003,0.052034803,-0.0430909569025971,0.05247042858973146,0.05646473169326782,9130,0.2,-0.059320420026779175,0.24765625,-0.5989570594392717
3282,570,1873920,0.06781175000000006,915,300.0,0.0003,0.053082593,-0.04134398822498042,0.04648300228873268,0.0415724515914917,9140,0.2,-0.04491887614130974,0.241796875,-0.5984661321155726
3285,571,1875968,0.19516672999999998,916,300.0,0.0003,0.054456238,-0.0414417083695298,0.010720788217440713,0.09247833490371704,9150,0.2,-0.05657653510570526,0.2408203125,-0.6078736237250268
3287,571,1878016,0.22105429000000004,917,300.0,0.0003,0.053152647,-0.04420059723779559,0.07799093694193289,0.03470569849014282,9160,0.2,-0.05343783274292946,0.247509765625,-0.6051954921334982
3290,571,1880064,0.19175707,918,300.0,0.0003,0.06044317,-0.044959339193883355,0.023780900647398084,-0.049986839294433594,9170,0.2,-0.07965421676635742,0.2451171875,-0.601262241974473
3292,571,1882112,0.26394516,919,300.0,0.0003,0.056406476,-0.04613552429655101,0.03951801569783129,0.02940547466278076,9180,0.2,-0.0520162470638752,0.243408203125,-0.5873284852132201
3295,571,1884160,0.3321511999999999,920,300.0,0.0003,0.05309799,-0.044158861000323665,0.04038807837641798,0.03604543209075928,9190,0.2,-0.05336157605051994,0.24873046875,-0.6066983461380004
3297,571,1886208,0.26608584999999996,921,300.0,0.0003,0.05719808,-0.04276524322631303,0.0584831009618938,0.07645583152770996,9200,0.2,-0.046511270105838776,0.25390625,-0.5905172122642398
3300,572,1888256,0.23575160000000003,922,300.0,0.0003,0.060098987,-0.04483462301432155,0.05420790076605044,-0.010854244232177734,9210,0.2,-0.026244889944791794,0.2552734375,-0.5929300560615957
3302,572,1890304,0.19775102999999994,923,300.0,0.0003,0.058795862,-0.04395071321923751,0.022542113802046515,-0.29209601879119873,9220,0.2,-0.08436562865972519,0.2373046875,-0.5958113796077669
3304,572,1892352,0.07839887999999995,924,300.0,0.0003,0.051881816,-0.043855932239966935,0.040356931858696043,-0.022890448570251465,9230,0.2,-0.041562601923942566,0.227685546875,-0.5860531764104963
3307,572,1894400,0.09717214999999997,925,300.0,0.0003,0.057437494,-0.04381492462998722,0.027023553056642412,-0.14075994491577148,9240,0.2,-0.0618835985660553,0.26044921875,-0.6053657718934119
3309,573,1896448,0.09461488999999991,926,300.0,0.0003,0.05963651,-0.04438671804673504,0.02076652639079839,-0.23767971992492676,9250,0.2,-0.061466507613658905,0.25166015625,-0.5879361079074442
3311,573,1898496,-0.16476157,927,300.0,0.0003,0.064222306,-0.044334431705647145,0.01378492288349662,-0.04628324508666992,9260,0.2,-0.06187521666288376,0.243212890625,-0.5928060608915985
3380,562,1900544,-0.22378985,928,300.0,0.0003,0.053089544,-0.045349139170139094,0.027856733731459825,-0.03008127212524414,9270,0.2,-0.047453466802835464,0.24580078125,-0.5868757994845509
3382,562,1902592,-0.2446108200000001,929,300.0,0.0003,0.050142,-0.0457265462318901,0.05564488548552617,0.03517556190490723,9280,0.2,-0.049052122980356216,0.240869140625,-0.603397563751787
3385,562,1904640,-0.29898462,930,300.0,0.0003,0.054777034,-0.04477127379213926,0.058001291484106335,0.016647160053253174,9290,0.2,-0.05750412493944168,0.246435546875,-0.597443345747888
3387,562,1906688,-0.16852826,931,300.0,0.0003,0.06730354,-0.04439258821948897,0.046235677850199865,0.2381463646888733,9300,0.2,-0.052151378244161606,0.249267578125,-0.5887998064979911
3389,563,1908736,-0.09630447000000003,932,300.0,0.0003,0.061325766,-0.04300300269969739,0.03187380158924498,-0.13322699069976807,9310,0.2,-0.044163286685943604,0.24501953125,-0.5961666824296117
3392,563,1910784,-0.053432120000000013,933,300.0,0.0003,0.050859623,-0.04654946311493404,0.07203397863777354,0.11558592319488525,9320,0.2,-0.0362214520573616,0.24658203125,-0.5924570571631194
3394,563,1912832,-0.034046309999999975,934,300.0,0.0003,0.05707498,-0.046566666904254816,0.05046858519199304,0.26877182722091675,9330,0.2,-0.06610047817230225,0.256396484375,-0.591687279753387
3396,563,1914880,0.019447580000000037,935,300.0,0.0003,0.051061742,-0.04264355000632349,0.03526669414713979,0.24117130041122437,9340,0.2,-0.06514129042625427,0.24375,-0.5998400633223355
3398,563,1916928,-0.13340496,936,300.0,0.0003,0.065596655,-0.04379220177652314,0.07450597861316055,0.05197882652282715,9350,0.2,-0.020828530192375183,0.264990234375,-0.5732967747375369
3401,564,1918976,-0.05405667000000005,937,300.0,0.0003,0.053638227,-0.04232607478334103,0.04215704144444317,-0.09718525409698486,9360,0.2,-0.047935135662555695,0.24130859375,-0.6053923423402011
3403,564,1921024,-0.07852423000000003,938,300.0,0.0003,0.049251005,-0.039225539250764996,0.0966077402466908,0.059210896492004395,9370,0.2,-0.04441333934664726,0.236181640625,-0.6041439050808549
3405,564,1923072,-0.0726810700000001,939,300.0,0.0003,0.051584963,-0.045550162065774204,0.03228771575959399,-0.2628915309906006,9380,0.2,-0.07545807212591171,0.241015625,-0.5949482911266386
3408,564,1925120,-0.18230485000000005,940,300.0,0.0003,0.06002687,-0.04364139802783029,0.039691733714425935,-0.16599929332733154,9390,0.2,-0.05415591225028038,0.24384765625,-0.5891015002503991
3410,565,1927168,-0.07309014999999998,941,300.0,0.0003,0.05241672,-0.0448930382495746,0.03194300984032452,-0.027057766914367676,9400,0.2,-0.04096871241927147,0.2482421875,-0.6111161476001143
3412,565,1929216,0.03850732999999996,942,300.0,0.0003,0.062797174,-0.0452443971298635,0.03455788798746653,-0.23465275764465332,9410,0.2,-0.0643068179488182,0.24794921875,-0.609214031882584
3414,565,1931264,0.3292034099999999,943,300.0,0.0003,0.062145032,-0.042442006853525525,0.059395553753711285,-0.1791706085205078,9420,0.2,-0.06066310405731201,0.258349609375,-0.591130543872714
3417,565,1933312,0.3979824,944,300.0,0.0003,0.052387,-0.04397559848002856,0.05173391774878837,0.010027647018432617,9430,0.2,-0.06663869321346283,0.232080078125,-0.594523363839835
3419,566,1935360,0.43235105000000007,945,300.0,0.0003,0.049527023,-0.044824389385757966,0.04153487554285675,0.07780641317367554,9440,0.2,-0.05620571970939636,0.228076171875,-0.6093509497120977
3421,566,1937408,0.3140007300000001,946,300.0,0.0003,0.057719663,-0.04602901280450169,0.041329671710263936,0.08440166711807251,9450,0.2,-0.04505100101232529,0.243505859375,-0.5963820225559175
3423,566,1939456,0.3543501000000001,947,300.0,0.0003,0.058590956,-0.044860941571823784,0.04445592738920823,-0.08660304546356201,9460,0.2,-0.04064754396677017,0.244384765625,-0.5815322699025274
3426,566,1941504,0.3003391000000001,948,300.0,0.0003,0.058391094,-0.040888146904762834,0.05529100249405019,-0.028061747550964355,9470,0.2,-0.05042015388607979,0.244580078125,-0.5968485138379037
3429,566,1943552,0.16359267,949,300.0,0.0003,0.05496071,-0.044421030677040105,0.04833009786088951,0.1776980757713318,9480,0.2,-0.03825007379055023,0.24912109375,-0.5999076603911817
3431,566,1945600,0.11682160999999999,950,300.0,0.0003,0.051914956,-0.04217615618836135,0.04195830458775163,0.05762898921966553,9490,0.2,-0.02249912917613983,0.2388671875,-0.5748901152051985
3433,567,1947648,0.28916471000000005,951,300.0,0.0003,0.058047075,-0.043970074209209994,0.057768567855237055,-0.03454768657684326,9500,0.2,-0.03502438962459564,0.2404296875,-0.586334387306124
3436,567,1949696,0.32857455000000013,952,300.0,0.0003,0.061539195,-0.045069884983240625,0.03652600355562754,-0.10825741291046143,9510,0.2,-0.056831397116184235,0.25673828125,-0.5693005905486643
3438,567,1951744,0.4085060300000001,953,300.0,0.0003,0.055992503,-0.04359926296456251,0.07875711236847564,0.053626835346221924,9520,0.2,-0.04966479539871216,0.23779296875,-0.5737128279171884
3441,567,1953792,0.37932895999999994,954,300.0,0.0003,0.045274086,-0.04043515129305888,0.052238592342473564,0.10123670101165771,9530,0.2,-0.03927987813949585,0.225146484375,-0.56656947536394
3444,567,1955840,0.5277619699999999,955,300.0,0.0003,0.053817466,-0.04266673843376338,0.013994450344762299,0.19387894868850708,9540,0.2,-0.07456241548061371,0.2333984375,-0.5950007521547377
3447,567,1957888,0.43637923000000006,956,300.0,0.0003,0.051425077,-0.042336330594844186,0.04413573266356252,0.15156537294387817,9550,0.2,-0.031286031007766724,0.23603515625,-0.5874382130801677
3450,568,1959936,0.52399674,957,300.0,0.0003,0.054395802,-0.04389953436912038,0.032001054630381984,0.20095491409301758,9560,0.2,-0.04691583290696144,0.248974609375,-0.6011054988019169
3452,568,1961984,0.30642712,958,300.0,0.0003,0.043879032,-0.04204558610508684,0.042942800628952685,0.1661798357963562,9570,0.2,-0.048453427851200104,0.235791015625,-0.6033550541847944
3456,568,1964032,0.4818679499999999,959,300.0,0.0003,0.06255692,-0.04710194088111166,0.02910467759356834,0.07085078954696655,9580,0.2,-0.07891760766506195,0.2517578125,-0.6131454160436988
3459,568,1966080,0.31875041000000004,960,300.0,0.0003,0.062151644,-0.04334673556149937,0.041523960418999195,0.22471314668655396,9590,0.2,-0.060636118054389954,0.242626953125,-0.5967674032784999
3462,568,1968128,0.3557888599999999,961,300.0,0.0003,0.050117515,-0.04276074707886437,0.03940686416171957,0.2717360854148865,9600,0.2,-0.05476014316082001,0.229736328125,-0.5977663974277675
3465,568,1970176,0.22516309999999995,962,300.0,0.0003,0.04800435,-0.04068631546251709,0.076019075041404,0.2926909923553467,9610,0.2,-0.020559541881084442,0.23779296875,-0.6229329033754766
3468,568,1972224,0.2845030599999999,963,300.0,0.0003,0.046218224,-0.04252650180133059,0.026806715221027844,0.2730633020401001,9620,0.2,-0.052346326410770416,0.241015625,-0.6213593004271388
3471,568,1974272,0.24132203,964,300.0,0.0003,0.059778295,-0.04240510735544376,0.03263540812768042,0.2733287215232849,9630,0.2,-0.0568842738866806,0.246826171875,-0.6215766140259802
3473,568,1976320,0.24429022999999994,965,300.0,0.0003,0.043739244,-0.04039803390624001,0.08373060633894056,0.0357089638710022,9640,0.2,-0.045234162360429764,0.2314453125,-0.6112931513227522
3476,569,1978368,0.11419231,966,300.0,0.0003,0.06379758,-0.047330388423870315,0.0542205642326735,0.1065024733543396,9650,0.2,-0.04843996837735176,0.248974609375,-0.6053754116408527
3479,569,1980416,0.31325938000000003,967,300.0,0.0003,0.06585553,-0.04745106587652117,0.016734038616414183,-0.12384212017059326,9660,0.2,-0.06914085149765015,0.249365234375,-0.6064245823770762
3481,569,1982464,0.35142416,968,300.0,0.0003,0.054929398,-0.04297323824139312,0.026473617061856202,0.31337010860443115,9670,0.2,-0.0369904600083828,0.237548828125,-0.6019816122949123
3484,569,1984512,0.54734526,969,300.0,0.0003,0.04598079,-0.04106305041350424,0.051486301573459056,0.2650562524795532,9680,0.2,-0.03962113335728645,0.24296875,-0.6029418964870275
3486,569,1986560,0.32484538,970,300.0,0.0003,0.05800371,-0.04732834645692492,0.07035040039336309,0.1561257243156433,9690,0.2,-0.04193141683936119,0.254296875,-0.6129271557554603
3488,569,1988608,0.31269262999999997,971,300.0,0.0003,0.053688534,-0.0435165687056724,0.04071988838259131,0.14919883012771606,9700,0.2,-0.05940210074186325,0.251123046875,-0.6100126766599715
3491,570,1990656,0.16669435,972,300.0,0.0003,0.04959306,-0.04366897185245762,0.02843462850432843,-0.0008575916290283203,9710,0.2,-0.06608793884515762,0.243603515625,-0.6179947211407125
3493,570,1992704,0.18670822000000004,973,300.0,0.0003,0.050177876,-0.04619393446773756,0.1146286723902449,0.134549081325531,9720,0.2,-0.032581500709056854,0.247509765625,-0.5835945555008948
3495,570,1994752,0.20962627000000006,974,300.0,0.0003,0.05011493,-0.04354998223716393,0.022123266849666832,0.12461000680923462,9730,0.2,-0.03341761976480484,0.235986328125,-0.6083492143079638
3498,570,1996800,0.42220578,975,300.0,0.0003,0.055100866,-0.04288218140718527,0.02027813847817015,0.2006908655166626,9740,0.2,-0.07910607010126114,0.231884765625,-0.5931652226485312
3500,571,1998848,0.4436956099999999,976,300.0,0.0003,0.051859852,-0.04392217591375811,0.04029502494377084,0.1883922815322876,9750,0.2,-0.05224945396184921,0.243408203125,-0.6078861855901778
3565,561,2000896,0.45405766,977,300.0,0.0003,0.052475996,-0.042168938435497696,0.0358238942513708,0.293285608291626,9760,0.2,-0.05645119398832321,0.243701171875,-0.606549009308219
