time/fps,time/total_timesteps,rollout/ep_rew_mean,time/iterations,time/time_elapsed,rollout/ep_len_mean,train/approx_kl,train/value_loss,train/clip_range,train/explained_variance,train/entropy_loss,train/learning_rate,train/n_updates,train/loss,train/clip_fraction,train/policy_gradient_loss
433,2048,0.08642016666666678,1,4,300.0,,,,,,,,,,
599,4096,-0.3135210000000001,2,6,300.0,0.008405872,0.513438536785543,0.2,-0.6560637950897217,-1.937952771037817,0.0003,10,0.1844492107629776,0.0630859375,-0.012534065611544066
692,6144,-0.7376965500000002,3,8,300.0,0.0071827834,0.1563500023446977,0.2,-0.13267791271209717,-1.92900321893394,0.0003,20,0.02517428994178772,0.064697265625,-0.0165412405403913
751,8192,0.5846911481481477,4,10,300.0,0.0075558037,0.6878818421624601,0.2,-0.005804777145385742,-1.928571442142129,0.0003,30,0.25478944182395935,0.04404296875,-0.012528672415646725
786,10240,0.332425852941176,5,13,300.0,0.007835124,0.5975734307430685,0.2,-0.03282368183135986,-1.9186114981770515,0.0003,40,0.3454977869987488,0.05703125,-0.01504511789244134
812,12288,0.3682962249999996,6,15,300.0,0.008791504,0.16458166108932346,0.2,-0.20445466041564941,-1.9013321071863174,0.0003,50,0.051682211458683014,0.085693359375,-0.020565661613363772
824,14336,0.41447355319148893,7,17,300.0,0.008816266,0.5675869737751782,0.2,0.003177642822265625,-1.8827596511691809,0.0003,60,0.1112162321805954,0.077734375,-0.020303824612346942
847,16384,0.47338420370370354,8,19,300.0,0.009767378,0.40218426352366804,0.2,-0.07367110252380371,-1.8808039456605912,0.0003,70,0.10705266147851944,0.069921875,-0.02038498408073792
864,18432,0.2496247704918031,9,21,300.0,0.0108189825,0.0800431084120646,0.2,-0.1608283519744873,-1.859016354009509,0.0003,80,-0.006045490503311157,0.096240234375,-0.023780547711066902
875,20480,0.5325117058823526,10,23,300.0,0.011307445,0.23937474396079778,0.2,-0.021904468536376953,-1.8445434108376504,0.0003,90,0.07964999228715897,0.1265625,-0.02710245838970877
889,22528,0.005757706666666606,11,25,300.0,0.011101684,0.12343837617663667,0.2,-0.014783024787902832,-1.8117728237062694,0.0003,100,-0.0229530967772007,0.1212890625,-0.028064274048665537
901,24576,0.10463301234567907,12,27,300.0,0.0108142765,0.21244200023356824,0.2,-0.026485681533813477,-1.7855220772325993,0.0003,110,0.04184610769152641,0.125830078125,-0.026796008870587685
908,26624,-0.07175261363636366,13,29,300.0,0.010454038,0.6706095484085381,0.2,0.0064563751220703125,-1.7747226405888796,0.0003,120,0.13232876360416412,0.083935546875,-0.021420478353684304
916,28672,-0.36116063157894734,14,31,300.0,0.010300596,0.39830978736281397,0.2,-0.02965521812438965,-1.7588855154812335,0.0003,130,0.0885392278432846,0.09912109375,-0.023699907743139192
915,30720,-0.17843770000000006,15,33,300.0,0.010535269,0.3199998377356678,0.2,-0.05592823028564453,-1.7304007679224014,0.0003,140,0.08281967788934708,0.103466796875,-0.023660064801515546
920,32768,-0.056713629999999904,16,35,300.0,0.009653448,0.3235783024691045,0.2,-0.016202569007873535,-1.7078996356576681,0.0003,150,0.1094016432762146,0.0970703125,-0.022345177046372556
924,34816,0.10846063000000009,17,37,300.0,0.011060669,0.48109320853836834,0.2,-0.006184697151184082,-1.7082622922956943,0.0003,160,0.18917077779769897,0.118359375,-0.024636857028235683
930,36864,0.7257503,18,39,300.0,0.0119482055,0.17408476213458926,0.2,0.052825987339019775,-1.7072041373699904,0.0003,170,0.03321695327758789,0.1205078125,-0.028218335495330392
934,38912,0.51279058,19,41,300.0,0.010711521,0.2693748061545193,0.2,0.1056014895439148,-1.7049956247210503,0.0003,180,0.030016817152500153,0.125390625,-0.027141005842713638
934,40960,1.16290638,20,43,300.0,0.013621023,0.16836669647600502,0.2,-0.04111957550048828,-1.6968846764415502,0.0003,190,0.03137703612446785,0.134326171875,-0.030520069220801815
935,43008,1.5182865500000002,21,45,300.0,0.012288949,0.19530268136877565,0.2,0.0308077335357666,-1.6642908658832312,0.0003,200,0.03809277340769768,0.130810546875,-0.02876996024569962
939,45056,1.67091723,22,47,300.0,0.011579016,0.6209420063532889,0.2,0.06515049934387207,-1.6885255448520184,0.0003,210,0.36061200499534607,0.11279296875,-0.026815609590266833
944,47104,1.9134994900000002,23,49,300.0,0.010089594,0.4943503713235259,0.2,0.008903145790100098,-1.6942400570958853,0.0003,220,0.1674773246049881,0.113232421875,-0.027473593199101743
948,49152,1.7756184800000003,24,51,300.0,0.011501109,0.5385219248011708,0.2,-0.0756913423538208,-1.6812664359807967,0.0003,230,0.11320706456899643,0.12041015625,-0.03000580113584874
948,51200,2.00913216,25,53,300.0,0.012406738,0.5005686154589057,0.2,0.08001953363418579,-1.6780585449188947,0.0003,240,0.184095099568367,0.114892578125,-0.027536179329035803
951,53248,2.3315992800000003,26,55,300.0,0.012649685,0.26972779068164526,0.2,0.29101449251174927,-1.6831130653619766,0.0003,250,0.04408273845911026,0.1435546875,-0.029640024398395325
955,55296,2.0140217700000003,27,57,300.0,0.011450263,0.15968645501416176,0.2,0.5202088952064514,-1.655785884335637,0.0003,260,0.012862913310527802,0.133544921875,-0.03279857677989639
958,57344,1.58082425,28,59,300.0,0.013523443,0.39922256134450435,0.2,0.4110769033432007,-1.6306025590747595,0.0003,270,0.10742919147014618,0.1423828125,-0.03190064361842815
962,59392,1.75112091,29,61,300.0,0.013054314,0.26565216048620643,0.2,0.5615701079368591,-1.6299200531095266,0.0003,280,0.053931623697280884,0.12646484375,-0.030889692023629324
962,61440,1.8799459299999999,30,63,300.0,0.014062194,0.3804010049905628,0.2,0.5720714330673218,-1.5852422676980495,0.0003,290,0.12019435316324234,0.158544921875,-0.03246616485048435
964,63488,1.9198315099999999,31,65,300.0,0.011164114,0.25524306371808053,0.2,0.6372183561325073,-1.5881487198174,0.0003,300,0.07098240405321121,0.1302734375,-0.030073809798341244
965,65536,1.21897056,32,67,300.0,0.015059225,0.12552245121914893,0.2,0.6518241167068481,-1.5491905793547631,0.0003,310,0.007460404187440872,0.16640625,-0.03357561326993164
966,67584,1.07332058,33,69,300.0,0.013929604,0.2420397235546261,0.2,0.5795414447784424,-1.5316455014050008,0.0003,320,0.07084208726882935,0.1494140625,-0.03304984838177916
967,69632,0.8143345,34,71,300.0,0.014081995,0.399227306433022,0.2,0.3310502767562866,-1.5212326858192682,0.0003,330,0.12873731553554535,0.1478515625,-0.030958983648451975
966,71680,0.3376658600000002,35,74,300.0,0.013405196,0.3290685831569135,0.2,0.20235967636108398,-1.4945418398827315,0.0003,340,0.14374199509620667,0.137939453125,-0.03188880094676279
966,73728,-0.25681853,36,76,300.0,0.013277046,0.2744236794533208,0.2,0.0768427848815918,-1.4708679385483265,0.0003,350,0.09637147188186646,0.151953125,-0.03201264750678092
967,75776,-0.4764708200000001,37,78,300.0,0.013048014,0.33509283801540735,0.2,0.10882174968719482,-1.4861287478357554,0.0003,360,0.10005034506320953,0.141162109375,-0.03125704480335116
969,77824,-0.6066987500000001,38,80,300.0,0.012897171,0.612315333634615,0.2,-0.01554858684539795,-1.4940480586141347,0.0003,370,0.24142327904701233,0.133203125,-0.03313104491680861
970,79872,-0.32749398,39,82,300.0,0.012880237,0.16475145877338945,0.2,0.14155209064483643,-1.4925051148980857,0.0003,380,0.03459402918815613,0.133349609375,-0.029457249914412387
971,81920,-0.9131905799999999,40,84,300.0,0.014625352,0.2273346243891865,0.2,0.20783895254135132,-1.4557939149439334,0.0003,390,0.038129016757011414,0.139306640625,-0.03313609668693971
973,83968,-0.82542978,41,86,300.0,0.012509726,0.49375094547867776,0.2,0.11972808837890625,-1.4438727833330631,0.0003,400,0.1886984407901764,0.122607421875,-0.027963545163947855
975,86016,-0.9851574000000001,42,88,300.0,0.014184332,0.6253508653491735,0.2,0.12096107006072998,-1.440851003304124,0.0003,410,0.24518996477127075,0.15302734375,-0.03369471098994836
977,88064,-0.5583890499999997,43,90,300.0,0.015723718,0.3760629973374307,0.2,0.005823731422424316,-1.420695685967803,0.0003,420,0.08997054398059845,0.15859375,-0.03164138100692071
978,90112,-0.37636922999999994,44,92,300.0,0.015332222,0.30521532013081015,0.2,0.2562425136566162,-1.417464479804039,0.0003,430,0.07412057369947433,0.169580078125,-0.0344060031187837
979,92160,-0.44987497999999987,45,94,300.0,0.01606946,0.4066425618249923,0.2,0.2619422674179077,-1.3964340530335904,0.0003,440,0.12509405612945557,0.158642578125,-0.03348132319806609
979,94208,-0.07106170999999997,46,96,300.0,0.016963303,0.37282325527630744,0.2,0.2360857129096985,-1.3510761518031358,0.0003,450,0.14745929837226868,0.1591796875,-0.03134945388010237
981,96256,0.23167853000000002,47,98,300.0,0.015732324,0.39678995972499254,0.2,0.3017287254333496,-1.3736213658004999,0.0003,460,0.10219789296388626,0.15390625,-0.03483035037934314
981,98304,0.48047695999999973,48,100,300.0,0.014362505,0.2906921587884426,0.2,0.32267749309539795,-1.3467903524637221,0.0003,470,0.09498025476932526,0.14853515625,-0.032332043134374544
635,100352,0.05831846999999996,49,158,300.0,0.016691322,0.18905254604760557,0.2,0.21920162439346313,-1.3243017308413982,0.0003,480,0.002743333578109741,0.17265625,-0.03534410646243487
640,102400,0.09777330999999982,50,159,300.0,0.018292625,0.20168710025027395,0.2,0.1422927975654602,-1.3386256150901317,0.0003,490,0.0320625826716423,0.17763671875,-0.035473892671870996
644,104448,0.26692586000000007,51,162,300.0,0.015158779,0.4516863101627678,0.2,0.119365394115448,-1.3369837392121553,0.0003,500,0.16082899272441864,0.165478515625,-0.03478058178443462
648,106496,-0.06929392000000004,52,164,300.0,0.016148634,0.11659309449605644,0.2,0.34491169452667236,-1.3237871181219816,0.0003,510,-0.060818810015916824,0.17041015625,-0.03648909683979582
651,108544,-0.19669077000000013,53,166,300.0,0.016191218,0.12398785823024809,0.2,0.5544437170028687,-1.2983628250658512,0.0003,520,-0.009251005947589874,0.156591796875,-0.035920194123173134
656,110592,-0.23484278999999994,54,168,300.0,0.016028322,0.3952646997757256,0.2,0.15592557191848755,-1.294162118062377,0.0003,530,0.0985034629702568,0.162890625,-0.033798725259839554
660,112640,0.2981957500000001,55,170,300.0,0.014906687,0.5481286164373159,0.2,0.24393075704574585,-1.3140715666115284,0.0003,540,0.16877791285514832,0.166552734375,-0.03442316385335289
664,114688,0.034849920000000055,56,172,300.0,0.017305931,0.3146811637096107,0.2,-0.05434226989746094,-1.2893068250268698,0.0003,550,0.09758305549621582,0.16904296875,-0.0338943901413586
668,116736,0.7863478800000001,57,174,300.0,0.018422563,0.37719664801843467,0.2,0.132479727268219,-1.3081354137510062,0.0003,560,0.04210714250802994,0.16611328125,-0.035064232515287584
672,118784,0.5311876699999999,58,176,300.0,0.014991581,0.267948949104175,0.2,0.09953761100769043,-1.3178613372147083,0.0003,570,0.05216424539685249,0.16611328125,-0.03449321819643956
676,120832,0.20031072000000003,59,178,300.0,0.017586008,0.12679135969374328,0.2,0.09050995111465454,-1.3168982774019242,0.0003,580,-0.012132301926612854,0.169775390625,-0.03206967307487503
680,122880,-0.13316663999999995,60,180,300.0,0.015562423,0.4944731745868921,0.2,-0.01535797119140625,-1.298824666440487,0.0003,590,0.1942570060491562,0.16083984375,-0.03521495829336345
683,124928,-0.06798934000000012,61,182,300.0,0.01799786,0.4941874943673611,0.2,0.03653520345687866,-1.2700997244566679,0.0003,600,0.14551526308059692,0.16728515625,-0.035788004114874636
687,126976,-0.5108385400000001,62,184,300.0,0.015898949,0.3728244676720351,0.2,0.006477236747741699,-1.237682279571891,0.0003,610,0.11155151575803757,0.160546875,-0.03589156997331884
691,129024,0.05093752999999987,63,186,300.0,0.015803494,0.26779604936018586,0.2,-0.02849125862121582,-1.2483183410018683,0.0003,620,0.07316048443317413,0.160693359375,-0.03492362654360477
695,131072,0.08864318999999997,64,188,300.0,0.016309489,0.4043633368331939,0.2,-0.004212856292724609,-1.2245041068643332,0.0003,630,0.13634681701660156,0.1634765625,-0.0356219904802856
698,133120,-0.07071467000000006,65,190,300.0,0.01903193,0.4582259845919907,0.2,-0.05179917812347412,-1.220453567802906,0.0003,640,0.13624276220798492,0.185986328125,-0.03335959350224584
701,135168,-0.06023692000000012,66,192,300.0,0.016606595,0.20340815638191997,0.2,0.10945010185241699,-1.2154154613614083,0.0003,650,0.04034928232431412,0.172119140625,-0.03356713020475581
704,137216,0.08873403999999993,67,194,300.0,0.019546598,0.4814637305215001,0.2,0.00679779052734375,-1.1818829406052829,0.0003,660,0.11149032413959503,0.191796875,-0.03485147098399466
706,139264,-0.30829447999999987,68,197,300.0,0.016060207,0.1902859442634508,0.2,-0.04282176494598389,-1.217741472274065,0.0003,670,0.017290636897087097,0.16513671875,-0.03222798458300531
709,141312,-0.3575515700000001,69,199,300.0,0.018301155,0.3669653098098934,0.2,0.15582871437072754,-1.201121462509036,0.0003,680,0.12327160686254501,0.17998046875,-0.03685344104596879
713,143360,-0.3939222800000001,70,200,300.0,0.016869226,0.2734032349195331,0.2,0.21168529987335205,-1.1908762987703085,0.0003,690,0.05600864067673683,0.167822265625,-0.034884100352064705
715,145408,-0.44239972000000016,71,203,300.0,0.018208543,0.15340886039193719,0.2,-0.05467045307159424,-1.1923779718577863,0.0003,700,-0.0020899027585983276,0.16884765625,-0.037755801301682365
718,147456,-0.6069566199999998,72,205,300.0,0.01882023,0.21384478150866926,0.2,-0.10009515285491943,-1.2195230159908532,0.0003,710,0.01019211858510971,0.1724609375,-0.03255165585287614
722,149504,-0.8837182,73,207,300.0,0.018665142,0.3347562009468675,0.2,0.12718653678894043,-1.2077129445970058,0.0003,720,0.08205562829971313,0.180224609375,-0.03626275316637475
724,151552,-0.8058225099999998,74,209,300.0,0.015660185,0.30124231553636494,0.2,-0.21725761890411377,-1.198110582306981,0.0003,730,0.03744525462388992,0.18271484375,-0.036347380714141765
728,153600,-0.69665175,75,210,300.0,0.018902782,0.09604109602514654,0.2,-0.023932456970214844,-1.2058757923543453,0.0003,740,-0.019759461283683777,0.18837890625,-0.039718996683950535
730,155648,-1.0125920200000003,76,213,300.0,0.017339854,0.37761755543760955,0.2,0.1921256184577942,-1.1982096023857594,0.0003,750,0.07420077919960022,0.193359375,-0.038012740758131255
733,157696,-0.7986881,77,215,300.0,0.017804412,0.45743573773652313,0.2,0.08317667245864868,-1.1989982843399047,0.0003,760,0.12260963022708893,0.184326171875,-0.035803573901648636
735,159744,-0.6422375499999999,78,217,300.0,0.018500257,0.6063295992091298,0.2,0.1371934413909912,-1.204506329447031,0.0003,770,0.1614292412996292,0.179638671875,-0.03719404613948427
736,161792,-0.5491509800000002,79,219,300.0,0.019424912,0.18297144467942417,0.2,0.40674448013305664,-1.1836225759238004,0.0003,780,0.014846459031105042,0.183251953125,-0.036794042546534914
739,163840,-0.44375818999999983,80,221,300.0,0.016990254,0.2584871032740921,0.2,0.2890346050262451,-1.1916246127337218,0.0003,790,0.04589960724115372,0.178564453125,-0.03676010971976211
740,165888,-0.63840691,81,223,300.0,0.015515819,0.5199666603468358,0.2,0.20126914978027344,-1.1624897666275502,0.0003,800,0.18571791052818298,0.167529296875,-0.03517060126905562
741,167936,-0.12805411999999985,82,226,300.0,0.017953962,0.09709814130328595,0.2,0.48435670137405396,-1.1743420798331499,0.0003,810,-0.02250194177031517,0.182763671875,-0.037774256693955975
744,169984,-0.2503714999999999,83,228,300.0,0.016135281,0.16727557843551039,0.2,0.6259940266609192,-1.1706198651343585,0.0003,820,-0.020294956862926483,0.16572265625,-0.03387774114671629
746,172032,-0.4928058899999997,84,230,300.0,0.017729903,0.49096401492133734,0.2,0.1991260051727295,-1.180945271998644,0.0003,830,0.24995234608650208,0.160107421875,-0.03297504266083706
748,174080,-1.10221144,85,232,300.0,0.017565336,0.545857010036707,0.2,0.13554424047470093,-1.1787146033719182,0.0003,840,0.18718034029006958,0.160009765625,-0.0340691175108077
750,176128,-0.49821138999999987,86,234,300.0,0.018243678,0.21448756083846093,0.2,0.08159470558166504,-1.191565616801381,0.0003,850,0.028630472719669342,0.177197265625,-0.038722476511611606
753,178176,0.008542450000000059,87,236,300.0,0.017763294,0.13615394942462444,0.2,0.3343585133552551,-1.1878802619874478,0.0003,860,0.0018714666366577148,0.175927734375,-0.03750862739980221
755,180224,-0.2625831899999998,88,238,300.0,0.019471675,0.35941081582568585,0.2,0.3818575143814087,-1.192847952246666,0.0003,870,0.10582014918327332,0.203466796875,-0.03933416245563422
757,182272,-0.19942207999999986,89,240,300.0,0.021158313,0.8132201401516795,0.2,0.2083221673965454,-1.1908061318099499,0.0003,880,0.3221878409385681,0.21474609375,-0.040430217114044355
759,184320,-0.06088983999999989,90,242,300.0,0.019882444,0.349943498428911,0.2,0.2809677720069885,-1.1948290273547173,0.0003,890,0.15519925951957703,0.181494140625,-0.03867350826621987
761,186368,0.14586540000000028,91,244,300.0,0.021408396,0.1290583037538454,0.2,0.2762370705604553,-1.1760883666574955,0.0003,900,0.010370463132858276,0.193017578125,-0.035659257555380464
762,188416,-0.4091268200000001,92,246,300.0,0.019077113,0.3789202604442835,0.2,0.17520099878311157,-1.1529255986213685,0.0003,910,0.11711443960666656,0.196142578125,-0.038515102246310565
765,190464,-0.9063059900000002,93,248,300.0,0.01828812,0.18221920093055816,0.2,0.012632369995117188,-1.1806905057281256,0.0003,920,0.021833404898643494,0.189599609375,-0.040059917021426375
766,192512,-0.3458010699999997,94,251,300.0,0.021804357,0.2266134398523718,0.2,-0.031883835792541504,-1.17677228115499,0.0003,930,0.02636248618364334,0.193994140625,-0.0403678692469839
767,194560,-0.08488970999999995,95,253,300.0,0.018843228,0.2361924425000325,0.2,0.10342735052108765,-1.1703311018645763,0.0003,940,0.024173561483621597,0.166357421875,-0.03870425249333494
768,196608,-0.08191225000000017,96,255,300.0,0.022552656,0.2957575097680092,0.2,0.0785112977027893,-1.1614586494863033,0.0003,950,0.06030753254890442,0.205419921875,-0.04123905415181071
769,198656,-0.39370747999999994,97,258,300.0,0.018749028,0.20332765434868633,0.2,0.1539188027381897,-1.1591249253600835,0.0003,960,0.016928575932979584,0.196923828125,-0.03906626243842766
635,200704,-0.38436350999999996,98,315,300.0,0.019736076,0.6434533141553402,0.2,-0.010593175888061523,-1.1557926882058382,0.0003,970,0.2667372226715088,0.187255859375,-0.03796593041479355
637,202752,0.07703608000000002,99,317,300.0,0.019234475,0.1698933688690886,0.2,0.08536618947982788,-1.1687547359615564,0.0003,980,-0.042580753564834595,0.199755859375,-0.03939108031336218
640,204800,0.53721138,100,319,300.0,0.021571549,0.4122611369937658,0.2,0.06907832622528076,-1.1870546966791153,0.0003,990,0.17605368793010712,0.203515625,-0.040535137441474946
642,206848,0.41762104999999994,101,321,300.0,0.02175693,0.3785368681419641,0.2,0.1882891058921814,-1.1874283161014318,0.0003,1000,0.09763826429843903,0.208447265625,-0.04133289421442896
644,208896,0.03858964999999996,102,324,300.0,0.017273303,0.1359420437598601,0.2,0.3856249451637268,-1.1852250639349222,0.0003,1010,-0.023390017449855804,0.16826171875,-0.03784199616929982
646,210944,0.05361098000000004,103,326,300.0,0.017850175,0.49285314241424205,0.2,0.21536540985107422,-1.190209709480405,0.0003,1020,0.17081989347934723,0.179345703125,-0.03992741327383555
649,212992,-0.1615847499999999,104,328,300.0,0.018574942,0.4178533533588052,0.2,0.11693620681762695,-1.1870264187455177,0.0003,1030,0.11271350085735321,0.204541015625,-0.038205065042711796
651,215040,-0.22564904999999988,105,330,300.0,0.019434439,0.2950783063191921,0.2,0.06485193967819214,-1.1698363795876503,0.0003,1040,0.09863288700580597,0.196826171875,-0.04066611681482755
653,217088,0.15069751000000017,106,332,300.0,0.019573918,0.40405009081587195,0.2,0.023949861526489258,-1.181290613859892,0.0003,1050,0.11871667206287384,0.174365234375,-0.04001974583734409
655,219136,0.6415642600000001,107,334,300.0,0.018930981,0.52502420861274,0.2,0.060995519161224365,-1.1631642498075963,0.0003,1060,0.20258653163909912,0.19453125,-0.039407896337797864
657,221184,0.6140085800000002,108,336,300.0,0.018652946,0.5752663009800016,0.2,0.006032168865203857,-1.1766230694949626,0.0003,1070,0.21067366003990173,0.175048828125,-0.03827745875605615
659,223232,0.10866342000000007,109,338,300.0,0.023222202,0.21638798359781503,0.2,-0.04024672508239746,-1.1801523424685,0.0003,1080,0.02491094172000885,0.20751953125,-0.04103594337939285
662,225280,-0.04380817999999973,110,340,300.0,0.021393865,0.3003702629823238,0.2,0.04250425100326538,-1.1647459473460913,0.0003,1090,0.08147634565830231,0.207373046875,-0.04442896190739702
664,227328,-0.09083649000000017,111,342,300.0,0.020996287,0.23774480312131346,0.2,0.12944501638412476,-1.1523737519979478,0.0003,1100,0.038097284734249115,0.19375,-0.04094002882047789
665,229376,0.24762331000000004,112,344,300.0,0.022307694,0.2761182644870132,0.2,0.31144005060195923,-1.1427140720188618,0.0003,1110,0.03799410164356232,0.218603515625,-0.04322555630351417
667,231424,0.3906294300000001,113,346,300.0,0.021659056,0.21791301257908344,0.2,0.15502017736434937,-1.1469169795513152,0.0003,1120,0.032340265810489655,0.190234375,-0.044029419467551636
669,233472,0.16856466999999994,114,348,300.0,0.020545455,0.47507467232644557,0.2,0.20324766635894775,-1.1314832456409931,0.0003,1130,0.2312743365764618,0.2130859375,-0.043526217492762954
672,235520,0.37678310999999987,115,350,300.0,0.018218622,0.20227370026987046,0.2,-0.25478696823120117,-1.132313496991992,0.0003,1140,0.039601318538188934,0.1919921875,-0.03751246583124157
673,237568,0.036732869999999966,116,352,300.0,0.020619828,0.7032279095612466,0.2,-0.1155843734741211,-1.130004769563675,0.0003,1150,0.11299458146095276,0.200634765625,-0.04030948220461141
675,239616,-0.12034215000000006,117,354,300.0,0.01884954,0.340119615662843,0.2,0.006338894367218018,-1.1248469524085523,0.0003,1160,0.16375726461410522,0.188671875,-0.039502286820788865
677,241664,-0.03537843,118,356,300.0,0.018188298,0.39471049066632985,0.2,-0.07574343681335449,-1.12926633823663,0.0003,1170,0.10407643020153046,0.1892578125,-0.0374508469743887
679,243712,-0.1359647600000001,119,358,300.0,0.022316879,0.21134627067949624,0.2,-0.15111267566680908,-1.1157691892236472,0.0003,1180,0.019005395472049713,0.199560546875,-0.04038794100197265
681,245760,-0.24918422999999992,120,360,300.0,0.02239361,0.5623846730682999,0.2,-0.0013980865478515625,-1.1430316986516118,0.0003,1190,0.23149989545345306,0.21328125,-0.041216525933123194
683,247808,-0.56004808,121,362,300.0,0.019629663,0.21101307384669782,0.2,-0.06612253189086914,-1.1058608382940291,0.0003,1200,0.0408603735268116,0.199365234375,-0.03960241378517822
685,249856,-0.6832855899999999,122,364,300.0,0.02070233,0.15907145533710718,0.2,-0.008700847625732422,-1.1115131989121436,0.0003,1210,0.02369561418890953,0.1955078125,-0.04118523841607384
687,251904,-0.8454800199999998,123,366,300.0,0.0244416,0.3978748247027397,0.2,0.012875735759735107,-1.1255445608869195,0.0003,1220,0.1317249834537506,0.207373046875,-0.04114401827682741
689,253952,-0.75313721,124,368,300.0,0.021582143,0.4697719088755548,0.2,0.1189698576927185,-1.112136124446988,0.0003,1230,0.1458134800195694,0.19130859375,-0.041798169803223574
690,256000,-0.9685186700000001,125,370,300.0,0.021362867,0.5312528414651752,0.2,0.07285183668136597,-1.076742747053504,0.0003,1240,0.20707307755947113,0.20126953125,-0.04073313066037372
692,258048,-0.7824453200000001,126,372,300.0,0.023133405,0.15915522568393498,0.2,0.4166926145553589,-1.0766849780455232,0.0003,1250,-0.004729662090539932,0.21455078125,-0.04078952690178994
693,260096,-1.2083855399999999,127,374,300.0,0.020416548,0.326419814536348,0.2,0.2525336742401123,-1.0907186858356,0.0003,1260,0.07734823226928711,0.194140625,-0.04019332450989168
692,262144,-1.0224857099999998,128,378,300.0,0.022131186,0.25254653291776774,0.2,0.4751966595649719,-1.092345972545445,0.0003,1270,0.02575894445180893,0.192724609375,-0.03790878731233534
692,264192,-1.7387237899999999,129,381,300.0,0.021172862,0.5432366258464754,0.2,0.2087457776069641,-1.0789307126775385,0.0003,1280,0.029438093304634094,0.205078125,-0.04092019739182433
693,266240,-1.60068233,130,384,300.0,0.019800141,0.2557863266672939,0.2,0.33766067028045654,-1.0928840953856707,0.0003,1290,-0.0034738853573799133,0.197900390625,-0.03925365437753499
693,268288,-1.3440995299999998,131,386,300.0,0.021508235,0.21419327785260975,0.2,0.47475481033325195,-1.0820101926103234,0.0003,1300,0.019341550767421722,0.190625,-0.04037884777644649
694,270336,-1.1002570999999997,132,388,300.0,0.020785887,0.3901389760430902,0.2,0.36367684602737427,-1.0735903348773719,0.0003,1310,0.06818578392267227,0.203173828125,-0.042547274696698875
696,272384,-1.0899534199999998,133,391,300.0,0.02315382,0.30266377292573454,0.2,0.44707489013671875,-1.0858252208679915,0.0003,1320,0.029884621500968933,0.198486328125,-0.04138056968513411
696,274432,-1.21573244,134,394,300.0,0.02089636,0.30463880440220237,0.2,-0.06473302841186523,-1.0795475175604223,0.0003,1330,0.11201496422290802,0.19697265625,-0.03957394439203199
697,276480,-1.34595254,135,396,300.0,0.022331182,0.21726180606056006,0.2,0.1502305269241333,-1.0436565252020955,0.0003,1340,0.05128485709428787,0.204833984375,-0.04255460104905069
699,278528,-0.7198128199999997,136,398,300.0,0.021975823,0.2669159318320453,0.2,0.010264396667480469,-1.058381157182157,0.0003,1350,0.053993187844753265,0.20498046875,-0.037189679522998634
700,280576,-0.7194456800000003,137,400,300.0,0.018364178,0.36618940499611197,0.2,0.03393816947937012,-1.0332383377477528,0.0003,1360,0.06712803989648819,0.174853515625,-0.03731745853583561
701,282624,-0.5594475000000002,138,402,300.0,0.022213653,0.3280430809594691,0.2,0.033277153968811035,-1.039817026257515,0.0003,1370,0.10330051183700562,0.1984375,-0.03998894733376801
702,284672,-0.5474781599999999,139,404,300.0,0.02425011,0.20782350383233278,0.2,-0.09791684150695801,-1.0170575274154543,0.0003,1380,0.009501971304416656,0.21240234375,-0.04040501776034944
704,286720,-0.35518354000000024,140,407,300.0,0.021083778,0.8298514785245061,0.2,-0.025097966194152832,-1.0376065488904715,0.0003,1390,0.30443713068962097,0.2060546875,-0.04036771106475499
705,288768,-0.45425343999999995,141,409,300.0,0.020805307,0.22140321186743678,0.2,0.05765575170516968,-1.0256460275501014,0.0003,1400,0.03208937495946884,0.200341796875,-0.036387049325276165
706,290816,-0.23432391,142,411,300.0,0.021521825,0.2887932355515659,0.2,0.05312836170196533,-1.0273114040493965,0.0003,1410,0.10339304804801941,0.197998046875,-0.04132438493543304
707,292864,-0.0886392799999998,143,413,300.0,0.022991255,0.5427941023372114,0.2,0.02733558416366577,-1.0306827371940017,0.0003,1420,0.11073505133390427,0.203759765625,-0.040765223233029245
709,294912,0.26445728,144,415,300.0,0.026431175,0.29442723202519117,0.2,-0.05247044563293457,-1.0104686342179776,0.0003,1430,0.04098164290189743,0.226806640625,-0.04200961793685565
710,296960,0.2084072500000001,145,417,300.0,0.024283009,0.2186856926418841,0.2,-0.02268373966217041,-1.0095132920891046,0.0003,1440,0.008845947682857513,0.20703125,-0.03924480420246255
711,299008,-0.19380271000000002,146,420,300.0,0.025385104,0.18328501991927623,0.2,0.04015231132507324,-0.9866706136614084,0.0003,1450,0.012746065855026245,0.20146484375,-0.039718011367949654
621,301056,-0.1593720699999999,147,484,300.0,0.024388209,0.1744923542952165,0.2,0.09099560976028442,-1.0150819258764385,0.0003,1460,-0.01208815723657608,0.220068359375,-0.04088451762800105
622,303104,0.05631550999999996,148,486,300.0,0.022958009,0.33672295524738727,0.2,0.04562026262283325,-0.9758429491892457,0.0003,1470,0.07241326570510864,0.216748046875,-0.0451338929386111
624,305152,0.48287577000000015,149,488,300.0,0.023546407,0.27946085329167547,0.2,-0.11006343364715576,-0.9921031642705203,0.0003,1480,0.10770034790039062,0.20810546875,-0.04401523619453655
625,307200,0.2563552000000001,150,491,300.0,0.024175815,0.28591009792871774,0.2,0.1935042142868042,-0.9709278976544737,0.0003,1490,0.09756696224212646,0.201220703125,-0.039666947076329964
626,309248,-0.31609328,151,493,300.0,0.023587197,0.11487953403266146,0.2,0.08641928434371948,-0.9586123237386346,0.0003,1500,-0.02637077122926712,0.190771484375,-0.03830800973228179
628,311296,-0.80659865,152,495,300.0,0.021614883,0.5988116483204067,0.2,-0.06887900829315186,-0.9791052004322409,0.0003,1510,0.2006806582212448,0.19765625,-0.04058582574070897
629,313344,-0.3490390300000001,153,497,300.0,0.025022116,0.18830293812789023,0.2,-0.07227933406829834,-0.9597131360322237,0.0003,1520,0.04015294834971428,0.217236328125,-0.041261916904477405
630,315392,-0.68277187,154,500,300.0,0.02635803,0.2630375508684665,0.2,0.04154777526855469,-0.9582654619589448,0.0003,1530,0.050781115889549255,0.223828125,-0.04254285713250283
632,317440,-0.8788173000000001,155,502,300.0,0.024260938,0.5752417206764221,0.2,0.1431729793548584,-0.9673751512542367,0.0003,1540,0.14514407515525818,0.20234375,-0.04146836595027707
633,319488,-0.6238553499999999,156,504,300.0,0.023619741,0.6771439742296934,0.2,0.09677934646606445,-0.937745300680399,0.0003,1550,0.2121228575706482,0.212158203125,-0.03966377556062071
635,321536,-0.6255289900000002,157,506,300.0,0.02566734,0.69118796819821,0.2,-0.06320643424987793,-0.9592056978493929,0.0003,1560,0.23575276136398315,0.22119140625,-0.04221482336870395
636,323584,-1.0157890800000002,158,508,300.0,0.023605175,0.21233150982297957,0.2,0.19476979970932007,-0.9359474519267679,0.0003,1570,0.04286518692970276,0.204052734375,-0.04002324571774807
638,325632,-0.9123823500000001,159,510,300.0,0.022226514,0.5583153761923313,0.2,0.17485517263412476,-0.9559165626764298,0.0003,1580,0.2903863489627838,0.214013671875,-0.04239813071617391
639,327680,-0.5502296200000002,160,512,300.0,0.025254091,0.2729424772318453,0.2,0.18154317140579224,-0.9269257681444287,0.0003,1590,0.035990290343761444,0.20947265625,-0.041255680395988745
641,329728,-0.19894299000000018,161,514,300.0,0.023797523,0.28576467796228827,0.2,0.23358267545700073,-0.9522121503949166,0.0003,1600,0.08101265877485275,0.215234375,-0.03555113087350037
642,331776,-0.43129416,162,516,300.0,0.027718676,0.30621962770819666,0.2,0.01305532455444336,-0.9294059781357646,0.0003,1610,0.09398283809423447,0.206884765625,-0.04117684637021739
643,333824,-0.78609893,163,518,300.0,0.027083535,0.17173786133062094,0.2,-0.017566204071044922,-0.9307550186291337,0.0003,1620,0.008409645408391953,0.211865234375,-0.04029594996827655
644,335872,-0.4016991600000002,164,521,300.0,0.02222728,0.6103749695234001,0.2,0.039254069328308105,-0.9094245256856084,0.0003,1630,0.2716929316520691,0.187646484375,-0.038679339191003234
645,337920,-0.50879547,165,523,300.0,0.02602484,0.4055165364407003,0.2,0.03311491012573242,-0.9281351126730442,0.0003,1640,0.0591873973608017,0.200439453125,-0.041840986619354224
646,339968,0.1644765199999998,166,525,300.0,0.0259339,0.4165036080405116,0.2,-0.016415715217590332,-0.9302874272689223,0.0003,1650,0.17822296917438507,0.217431640625,-0.04221328289131634
647,342016,0.2342860699999998,167,527,300.0,0.0262907,0.18041593399830164,0.2,0.11692464351654053,-0.9156870149075985,0.0003,1660,0.054300706833601,0.21015625,-0.039406500072800554
648,344064,-0.13100672000000008,168,530,300.0,0.027102938,0.13156325391028076,0.2,-0.15234637260437012,-0.9481367323547601,0.0003,1670,-0.029222868382930756,0.21748046875,-0.0426857224694686
650,346112,0.14798629999999963,169,532,300.0,0.024125766,0.4116668806411326,0.2,0.07137107849121094,-0.9136325029656291,0.0003,1680,0.10109607875347137,0.214990234375,-0.040639018564252186
651,348160,0.2995320800000001,170,534,300.0,0.024520064,0.189750478672795,0.2,0.12754535675048828,-0.9225023748353124,0.0003,1690,0.058053143322467804,0.2099609375,-0.04119497027277248
652,350208,-0.2527894400000001,171,536,300.0,0.022083536,0.24126149299554528,0.2,-0.20452666282653809,-0.9491436203941703,0.0003,1700,0.06829646229743958,0.2005859375,-0.03521054379380075
653,352256,-0.04985777000000003,172,539,300.0,0.022643872,0.31041117906570437,0.2,0.054310500621795654,-0.9409564197063446,0.0003,1710,0.07476543635129929,0.209130859375,-0.0367834676450002
654,354304,-0.2932548599999999,173,541,300.0,0.02652032,0.1329880502773449,0.2,-0.420779824256897,-0.9539841622114181,0.0003,1720,-0.0068575069308280945,0.21787109375,-0.042657687608152625
656,356352,-0.3822699600000001,174,543,300.0,0.02147488,0.5475412614643573,0.2,0.0028176307678222656,-0.9449913933873176,0.0003,1730,0.16928082704544067,0.205859375,-0.03699776387948077
657,358400,-0.47464461999999985,175,545,300.0,0.025977392,0.4610378816258162,0.2,-0.0471576452255249,-0.9595164734870195,0.0003,1740,0.2267991453409195,0.213232421875,-0.039265821513254195
658,360448,-0.2826082299999998,176,547,300.0,0.022387054,0.13785190116614104,0.2,0.12190711498260498,-0.9356187161058187,0.0003,1750,-0.026214223355054855,0.197021484375,-0.041357520790188576
659,362496,-0.05257670999999988,177,549,300.0,0.02687818,0.29628715151920915,0.2,0.3319750428199768,-0.9181342167779803,0.0003,1760,0.058196768164634705,0.21455078125,-0.040960300189908594
660,364544,-0.025408160000000173,178,551,300.0,0.027441137,0.2019072416005656,0.2,0.28852832317352295,-0.9243438998237252,0.0003,1770,0.07669302821159363,0.217919921875,-0.043226484340266325
661,366592,-0.3916920900000002,179,553,300.0,0.026356306,0.33250130275264383,0.2,0.21805673837661743,-0.9322067242115736,0.0003,1780,0.07532250881195068,0.21123046875,-0.03601066052360693
662,368640,-0.19448484000000016,180,556,300.0,0.029212017,0.15905625617597252,0.2,0.18809640407562256,-0.9057260427623988,0.0003,1790,0.006488282233476639,0.2146484375,-0.041591340511513405
664,370688,0.0015512499999997776,181,558,300.0,0.026150279,0.4527497746050358,0.2,0.09107083082199097,-0.8877053290605545,0.0003,1800,0.10494457930326462,0.2041015625,-0.038529727040440775
665,372736,0.03654433999999996,182,560,300.0,0.023548966,0.18894549829419702,0.2,0.2040024995803833,-0.8939582725986839,0.0003,1810,0.05165405571460724,0.19912109375,-0.037928219625609924
666,374784,0.07130948999999995,183,562,300.0,0.02327469,0.46264975545927883,0.2,-0.026714682579040527,-0.8846438664942979,0.0003,1820,0.11553185433149338,0.2048828125,-0.03847347284900025
667,376832,-0.10306432000000008,184,564,300.0,0.027440315,0.1357151662465185,0.2,0.192724347114563,-0.9101682862266898,0.0003,1830,0.0031148605048656464,0.21416015625,-0.040850340522592885
668,378880,-0.042089800000000045,185,566,300.0,0.025300443,0.5686273901723325,0.2,-0.008757829666137695,-0.9154725378379226,0.0003,1840,0.16126540303230286,0.21259765625,-0.04122961241082521
669,380928,0.09783669999999976,186,568,300.0,0.025169373,0.38390419124625624,0.2,0.05764293670654297,-0.9114471355453133,0.0003,1850,0.0931675061583519,0.20791015625,-0.03997213592228945
670,382976,0.18550465000000002,187,570,300.0,0.02409862,0.3342885019257665,0.2,0.001979053020477295,-0.8730397267267108,0.0003,1860,0.12090186774730682,0.1984375,-0.035856591170886534
671,385024,0.12386311000000011,188,573,300.0,0.027513158,0.3215376091189682,0.2,0.12606501579284668,-0.8547775257378817,0.0003,1870,0.0663558766245842,0.2099609375,-0.04084205603285227
672,387072,0.008502780000000088,189,575,300.0,0.028556589,0.2836617499357089,0.2,0.16695892810821533,-0.885661729797721,0.0003,1880,0.06951852142810822,0.2224609375,-0.03919762747827917
673,389120,0.2704706,190,577,300.0,0.02206621,0.3495966914575547,0.2,0.16484946012496948,-0.8550474917516112,0.0003,1890,0.05967080593109131,0.186376953125,-0.0384055209957296
674,391168,0.27737010999999984,191,579,300.0,0.02720926,0.35434710420668125,0.2,0.07271027565002441,-0.8461584586650133,0.0003,1900,0.10505861043930054,0.19716796875,-0.041141441752552056
675,393216,0.42546931,192,582,300.0,0.027745683,0.34399738707579675,0.2,0.12440240383148193,-0.863565107062459,0.0003,1910,0.09914200007915497,0.216748046875,-0.041589880810352045
675,395264,0.11067433999999995,193,584,300.0,0.025055336,0.4708339347504079,0.2,-0.10539400577545166,-0.8691166849806905,0.0003,1920,0.1314290463924408,0.205029296875,-0.03834436794568319
676,397312,-0.14787902000000003,194,587,300.0,0.026963845,0.28156036348082125,0.2,-0.10838472843170166,-0.8944017672911286,0.0003,1930,0.08753669261932373,0.208154296875,-0.04116869479476008
678,399360,-0.3393228600000001,195,589,300.0,0.023221672,0.1870537474285811,0.2,-0.026714444160461426,-0.8818921040743589,0.0003,1940,0.036765292286872864,0.195458984375,-0.03561409366666339
616,401408,-0.13112734999999995,196,651,300.0,0.024113525,0.3788769476581365,0.2,-0.057973265647888184,-0.8178577175363898,0.0003,1950,0.09283560514450073,0.188232421875,-0.03676436087989714
617,403456,-0.39693476999999994,197,653,300.0,0.023144342,0.2853076320141554,0.2,0.11250406503677368,-0.8297430876642465,0.0003,1960,0.050726816058158875,0.19755859375,-0.040287095619714816
618,405504,0.05002027999999999,198,655,300.0,0.029096875,0.403005990665406,0.2,0.22304344177246094,-0.8328158620744943,0.0003,1970,0.1388859748840332,0.215283203125,-0.03736088594450848
619,407552,-0.42803828999999993,199,657,300.0,0.028155033,0.3459862827323377,0.2,0.03565812110900879,-0.844860153272748,0.0003,1980,0.09984744340181351,0.20966796875,-0.03895650328486226
620,409600,-0.23116204999999992,200,659,300.0,0.02854238,0.17733572414144874,0.2,-0.26710081100463867,-0.8430713241919875,0.0003,1990,0.025788236409425735,0.2115234375,-0.03852583933039568
621,411648,-0.4326448499999998,201,662,300.0,0.02304587,0.16186880546156318,0.2,-0.017705798149108887,-0.7936640193685889,0.0003,2000,0.0041919127106666565,0.1890625,-0.03784865991474362
622,413696,-0.5716004799999996,202,664,300.0,0.028658686,0.2852528251707554,0.2,0.02270716428756714,-0.8262379186227917,0.0003,2010,0.06885257363319397,0.21611328125,-0.04082947168499231
623,415744,0.2634883300000002,203,666,300.0,0.028592184,0.21009474063757808,0.2,-0.17780399322509766,-0.8318195106461644,0.0003,2020,0.015628430992364883,0.2166015625,-0.039141763761290346
624,417792,0.023881910000000194,204,669,300.0,0.027137648,0.166609243163839,0.2,0.0968703031539917,-0.8362691845744848,0.0003,2030,-0.023893892765045166,0.217626953125,-0.039859070858801714
625,419840,-0.23226769999999988,205,671,300.0,0.030069675,0.18741368425544352,0.2,0.024000167846679688,-0.8489904819056392,0.0003,2040,0.012190230190753937,0.2185546875,-0.041523245422285984
625,421888,-0.5845376599999998,206,673,300.0,0.026997676,0.17694542105309666,0.2,-0.08901107311248779,-0.8219204505905509,0.0003,2050,0.027543365955352783,0.2060546875,-0.03985573665704578
626,423936,-0.9077951,207,676,300.0,0.022753311,0.4762536432594061,0.2,-0.010519742965698242,-0.8031779268756509,0.0003,2060,0.15887294709682465,0.18525390625,-0.03707274606713327
627,425984,-0.9695661099999999,208,678,300.0,0.02223253,0.6874116372317076,0.2,0.08868062496185303,-0.8365307690575718,0.0003,2070,0.2216300666332245,0.179150390625,-0.039626802600105294
628,428032,-0.10204951999999987,209,680,300.0,0.02747529,0.2189156254287809,0.2,0.09962701797485352,-0.8380605285987258,0.0003,2080,0.03899924457073212,0.22236328125,-0.040189610910601914
629,430080,-0.13683218999999985,210,683,300.0,0.028965877,0.4807981765829027,0.2,0.030274152755737305,-0.8533409409224987,0.0003,2090,0.15013781189918518,0.22666015625,-0.043734581168973816
630,432128,-0.6399103500000001,211,685,300.0,0.025026519,0.39721725075505676,0.2,-0.020904064178466797,-0.8358606915920973,0.0003,2100,0.1768147051334381,0.18994140625,-0.0377962206461234
631,434176,-0.7804348699999999,212,687,300.0,0.026744083,0.22858073946554214,0.2,0.08328592777252197,-0.8510454500094056,0.0003,2110,0.04652956873178482,0.209033203125,-0.03995104909408838
632,436224,-0.81214535,213,690,300.0,0.02446394,0.22253218498080968,0.2,0.309498131275177,-0.8203459611162544,0.0003,2120,0.01965869963169098,0.19521484375,-0.039400588799617255
632,438272,-0.63281986,214,693,300.0,0.02633239,0.3037369874306023,0.2,0.15486031770706177,-0.8254484532400965,0.0003,2130,0.07045693695545197,0.193603515625,-0.041090915590757504
632,440320,-1.2761945700000001,215,696,300.0,0.025737815,0.28562823832035067,0.2,0.20991140604019165,-0.8422182546928525,0.0003,2140,0.049140386283397675,0.21240234375,-0.04160696668550372
632,442368,-0.8539995399999998,216,698,300.0,0.024138367,0.48368603819981215,0.2,0.2342209815979004,-0.8133092626929284,0.0003,2150,0.23572930693626404,0.202587890625,-0.040741577753215096
634,444416,-0.95510503,217,700,300.0,0.028422885,0.4054314037784934,0.2,0.37723439931869507,-0.80571343973279,0.0003,2160,0.14059551060199738,0.1953125,-0.04093400551355444
634,446464,-0.99891223,218,703,300.0,0.026939746,0.3252894470002502,0.2,0.2788136601448059,-0.8087109979242086,0.0003,2170,0.06811057776212692,0.212451171875,-0.03842954330320936
635,448512,-1.15780449,219,706,300.0,0.027662246,0.38578337701037524,0.2,0.40608298778533936,-0.7988206829875708,0.0003,2180,0.1067366749048233,0.19248046875,-0.03923286028148141
636,450560,-1.3957158499999998,220,708,300.0,0.030155703,0.1956143347779289,0.2,0.43612605333328247,-0.8186878807842731,0.0003,2190,-0.001512780785560608,0.223291015625,-0.04303274177655112
637,452608,-1.07012762,221,710,300.0,0.025945146,0.5597992692142725,0.2,0.17871683835983276,-0.8128151452168823,0.0003,2200,0.2158629596233368,0.198779296875,-0.037917228843434715
637,454656,-0.9627010399999999,222,712,300.0,0.027292669,0.5411372250877321,0.2,0.30938178300857544,-0.8231076888740063,0.0003,2210,0.1905747503042221,0.21650390625,-0.04107096896332223
638,456704,-1.60202395,223,715,300.0,0.028548831,0.2145793057978153,0.2,0.5705364942550659,-0.7960208341479301,0.0003,2220,-0.004333525896072388,0.214404296875,-0.04314230065938318
639,458752,-1.24079126,224,717,300.0,0.028388001,0.39069685325957837,0.2,0.2402399778366089,-0.8225696083158255,0.0003,2230,0.1232910081744194,0.205029296875,-0.0417147113752435
640,460800,-1.7521641399999999,225,719,300.0,0.030434625,0.5983305829577148,0.2,0.2624540328979492,-0.8144309360533952,0.0003,2240,0.2472517341375351,0.216748046875,-0.042414686881238596
640,462848,-1.4628729299999998,226,722,300.0,0.028902195,0.23603526735678315,0.2,0.35491663217544556,-0.8066379437223077,0.0003,2250,0.010975174605846405,0.209912109375,-0.03946424820751417
640,464896,-1.1873965199999998,227,725,300.0,0.03161609,0.2714873894583434,0.2,0.27824050188064575,-0.8179998431354761,0.0003,2260,0.1036069318652153,0.20576171875,-0.037796258938033137
641,466944,-1.09951716,228,728,300.0,0.03444559,0.14782557517755776,0.2,0.407940149307251,-0.8171656468883157,0.0003,2270,0.004944115877151489,0.219970703125,-0.042567608566605485
641,468992,-0.85160847,229,730,300.0,0.030690864,0.25243288930505514,0.2,0.43888789415359497,-0.8162700098007918,0.0003,2280,0.054389588534832,0.221826171875,-0.04174719682923751
642,471040,-0.5665920899999999,230,733,300.0,0.030702129,0.44143684692680835,0.2,0.35712379217147827,-0.8458010790869593,0.0003,2290,0.1640777885913849,0.2232421875,-0.042287854546157175
643,473088,-0.4920519699999998,231,735,300.0,0.03324992,0.38858543927781286,0.2,0.4064790606498718,-0.859612389281392,0.0003,2300,0.1249505952000618,0.236083984375,-0.044150557109969665
643,475136,-0.40665376,232,738,300.0,0.028545225,0.39443405754864214,0.2,0.3870657682418823,-0.8866187524050474,0.0003,2310,0.1835336834192276,0.21728515625,-0.04416633728542365
643,477184,-0.08114093000000004,233,741,300.0,0.02899384,0.2488999961176887,0.2,0.4886751174926758,-0.8657111482694745,0.0003,2320,0.055299319326877594,0.219384765625,-0.041793512520962396
644,479232,0.07401724999999992,234,743,300.0,0.035398982,0.31189597658813,0.2,0.4491276741027832,-0.8782206561416388,0.0003,2330,0.06973263621330261,0.235498046875,-0.042724450284731576
643,481280,-0.13029289999999988,235,748,300.0,0.02827452,0.49462906233966353,0.2,0.12064212560653687,-0.851417732425034,0.0003,2340,0.16503635048866272,0.218115234375,-0.043576248518365904
643,483328,-0.09300648,236,750,300.0,0.031600527,0.09851035206811502,0.2,0.15341287851333618,-0.8528343468904496,0.0003,2350,-0.025610826909542084,0.230859375,-0.043253722845111045
644,485376,-0.04526314000000006,237,752,300.0,0.030923145,0.14853528747335076,0.2,0.17757123708724976,-0.8471815820783377,0.0003,2360,0.01205427199602127,0.224560546875,-0.04569915075262543
643,487424,-0.6569435499999998,238,757,300.0,0.029456578,0.3214677845593542,0.2,-0.04368877410888672,-0.8382922660559415,0.0003,2370,0.05592747777700424,0.223583984375,-0.0442233483918244
644,489472,-0.67542992,239,759,300.0,0.029756691,0.16421295939944686,0.2,0.010367810726165771,-0.826558031886816,0.0003,2380,0.032033275812864304,0.218310546875,-0.039728158726939
644,491520,-0.67188503,240,762,300.0,0.03139852,0.4004655804485083,0.2,-0.005334615707397461,-0.8273178109899163,0.0003,2390,0.13226276636123657,0.2265625,-0.040942054391780405
645,493568,-0.8241880100000002,241,765,300.0,0.033393346,0.3067902863956988,0.2,0.03854250907897949,-0.8169166764244438,0.0003,2400,0.0892362892627716,0.21572265625,-0.043218135344795884
645,495616,-0.8545735400000001,242,767,300.0,0.030615572,0.25926492870785295,0.2,0.2966380715370178,-0.8021740557625889,0.0003,2410,0.04655154421925545,0.214404296875,-0.04111010330962017
646,497664,-0.7990838699999999,243,769,300.0,0.02614926,0.35012045530602337,0.2,0.33775824308395386,-0.8065334733575582,0.0003,2420,0.09536539763212204,0.2140625,-0.04181807892455254
647,499712,-1.2314434499999998,244,771,300.0,0.027672086,0.5969096972607076,0.2,-0.016784310340881348,-0.7867414521053433,0.0003,2430,0.21510617434978485,0.216455078125,-0.040811039000982416
596,501760,-0.6339191000000001,245,841,300.0,0.033565763,0.2737802883144468,0.2,0.32446467876434326,-0.8321526380255818,0.0003,2440,0.05353274941444397,0.22255859375,-0.04349014553590678
596,503808,-1.3735282199999999,246,844,300.0,0.030076314,0.3733166588936001,0.2,0.19952690601348877,-0.8352253580465913,0.0003,2450,0.08978010714054108,0.222607421875,-0.040943705948302524
597,505856,-1.5328261999999997,247,847,300.0,0.03268651,0.16468034775462,0.2,0.055792152881622314,-0.8284078415483236,0.0003,2460,0.02457183599472046,0.2310546875,-0.04023201081436127
597,507904,-1.7195850299999997,248,849,300.0,0.03514942,0.2809011537581682,0.2,0.16762995719909668,-0.7999331677332521,0.0003,2470,0.0700213685631752,0.24052734375,-0.04229865268862341
598,509952,-1.1283106099999995,249,852,300.0,0.027182844,0.42183791706338525,0.2,0.24776017665863037,-0.8215260168537497,0.0003,2480,0.1510649472475052,0.21748046875,-0.04406478401797358
598,512000,-1.0752207499999997,250,854,300.0,0.032842774,0.2555532908532768,0.2,0.14826995134353638,-0.8102998204529286,0.0003,2490,0.02749236673116684,0.22119140625,-0.04319059597328305
599,514048,-0.62420572,251,857,300.0,0.03029386,0.29674949375912546,0.2,0.09858506917953491,-0.8302191581577063,0.0003,2500,0.06888733804225922,0.216650390625,-0.04479263201064896
599,516096,-0.6131203099999999,252,860,300.0,0.028784897,0.14166699685156345,0.2,0.13663113117218018,-0.8225348165258766,0.0003,2510,0.007513284683227539,0.235986328125,-0.04082446503962274
600,518144,-0.32939779999999996,253,862,300.0,0.029231258,0.39809119936544446,0.2,0.050499677658081055,-0.8034562358632684,0.0003,2520,0.1268470287322998,0.21943359375,-0.04021237469278276
601,520192,0.27114294000000017,254,864,300.0,0.03128879,0.47588771367445587,0.2,0.06104147434234619,-0.790025188215077,0.0003,2530,0.20164455473423004,0.216455078125,-0.04033827296225354
602,522240,0.29156785,255,867,300.0,0.033870578,0.16431159246712923,0.2,0.05939209461212158,-0.8122091095894575,0.0003,2540,0.012821190059185028,0.242724609375,-0.044842373733990824
602,524288,0.3208623100000001,256,869,300.0,0.030244514,0.27237877803854643,0.2,-0.16059112548828125,-0.8107795717194677,0.0003,2550,0.05244671553373337,0.22666015625,-0.04440527732222108
603,526336,0.45638666000000006,257,871,300.0,0.0266857,0.4217104350682348,0.2,-0.09809350967407227,-0.8029673133045435,0.0003,2560,0.08024723082780838,0.21279296875,-0.04006792007785407
604,528384,0.67314896,258,874,300.0,0.031302862,0.35826256927102806,0.2,-0.009062647819519043,-0.8041015164926648,0.0003,2570,0.1423022598028183,0.21005859375,-0.0424986027093837
604,530432,0.5663817300000001,259,876,300.0,0.03536898,0.2385780795942992,0.2,-0.026908397674560547,-0.8006308836862445,0.0003,2580,0.10438786447048187,0.23701171875,-0.04434980433434248
605,532480,0.23294292000000008,260,879,300.0,0.032254193,0.2955092567484826,0.2,-0.044649481773376465,-0.8280187340453267,0.0003,2590,0.08831112086772919,0.22080078125,-0.04458329506742302
606,534528,0.75963769,261,881,300.0,0.027950428,0.7974012481048703,0.2,0.02636808156967163,-0.8104965079575777,0.0003,2600,0.23807550966739655,0.228955078125,-0.04353734879841795
607,536576,0.4162987400000002,262,883,300.0,0.031173412,0.17348712242674083,0.2,-0.16331279277801514,-0.7914123343303799,0.0003,2610,0.011281423270702362,0.21455078125,-0.04323180651263101
608,538624,-0.4926237299999998,263,885,300.0,0.029148918,0.19630886437371373,0.2,0.04889869689941406,-0.8225928261876106,0.0003,2620,0.0003743022680282593,0.22470703125,-0.043164268721011465
608,540672,-0.62873764,264,887,300.0,0.037814323,0.23132737064734102,0.2,0.19487667083740234,-0.8144479259848595,0.0003,2630,-0.008259519934654236,0.23095703125,-0.04725452214479446
609,542720,-0.9167096399999999,265,889,300.0,0.030385368,0.3286696083843708,0.2,0.17203539609909058,-0.8047123357653618,0.0003,2640,0.05834745615720749,0.220068359375,-0.045116782168042845
610,544768,-1.0785947800000002,266,892,300.0,0.033714745,0.18887911476194857,0.2,0.41918450593948364,-0.8162676570937037,0.0003,2650,0.04708017036318779,0.23935546875,-0.044793434182065536
611,546816,-0.6610686699999999,267,894,300.0,0.033345155,0.32543210247531534,0.2,0.30809473991394043,-0.8073927491903305,0.0003,2660,0.05231615900993347,0.2271484375,-0.04627887049282435
611,548864,-0.5042097800000002,268,896,300.0,0.0266103,0.21111602615565062,0.2,0.30432653427124023,-0.7984095236286521,0.0003,2670,0.0017542541027069092,0.20556640625,-0.03941090793377953
612,550912,-0.8665690399999997,269,899,300.0,0.029100016,0.2749668194446713,0.2,0.3822769522666931,-0.7870834926143289,0.0003,2680,0.034551460295915604,0.20869140625,-0.0432479871698888
612,552960,-1.2323667999999999,270,902,300.0,0.032645665,0.3031804259400815,0.2,0.3602714538574219,-0.8270962780341506,0.0003,2690,0.07696777582168579,0.2322265625,-0.04324732038367074
613,555008,-0.9565082699999999,271,905,300.0,0.032128185,0.09638605524087325,0.2,0.4285840392112732,-0.819417211972177,0.0003,2700,-0.027132157236337662,0.2380859375,-0.04758281394315418
613,557056,-1.15163123,272,907,300.0,0.034848806,0.3003503548912704,0.2,0.2994875907897949,-0.8293191740289331,0.0003,2710,0.15204614400863647,0.24052734375,-0.04642113131412771
614,559104,-1.35811859,273,909,300.0,0.033440914,0.18918159902095794,0.2,0.4072989225387573,-0.8164552208036184,0.0003,2720,0.0005364865064620972,0.22548828125,-0.0438942192151444
615,561152,-1.5195594099999996,274,912,300.0,0.032635465,0.23734162340406328,0.2,0.5500980615615845,-0.8132434723898768,0.0003,2730,0.002871103584766388,0.223291015625,-0.03983520571782719
615,563200,-1.26141179,275,914,300.0,0.033382755,0.2493315086234361,0.2,0.5061616897583008,-0.8000554705038667,0.0003,2740,0.01810546964406967,0.2421875,-0.04527861356618814
616,565248,-1.63031697,276,916,300.0,0.029230706,0.7202903071418405,0.2,0.24154311418533325,-0.8066772567108274,0.0003,2750,0.24980652332305908,0.2302734375,-0.04565567889076192
617,567296,-0.9416308499999998,277,919,300.0,0.031164953,0.6783028718084096,0.2,0.16800391674041748,-0.7883886743336916,0.0003,2760,0.22829604148864746,0.21728515625,-0.0451184095145436
618,569344,-0.3256142399999999,278,921,300.0,0.029646836,0.4326368987094611,0.2,0.30053579807281494,-0.7946102485060692,0.0003,2770,0.08108605444431305,0.215576171875,-0.044321274411049674
618,571392,-0.46001903000000005,279,923,300.0,0.032206677,0.5357585400342941,0.2,0.3145957589149475,-0.8148701565340162,0.0003,2780,0.2073712795972824,0.222265625,-0.043765092096873556
619,573440,-0.1008284600000001,280,925,300.0,0.032694392,0.42248117863200607,0.2,0.3767373561859131,-0.8288657745346427,0.0003,2790,0.09395253658294678,0.233837890625,-0.04681961771275382
620,575488,-0.16019087000000012,281,927,300.0,0.028061882,0.3445582967251539,0.2,0.3113844394683838,-0.8319380892440676,0.0003,2800,0.06450660526752472,0.210693359375,-0.044584455018048176
621,577536,-0.4990478600000002,282,929,300.0,0.03141655,0.34228622559458016,0.2,0.13050693273544312,-0.8164891989901661,0.0003,2810,0.12110298126935959,0.21083984375,-0.04431890654377639
622,579584,-0.7303248500000001,283,931,300.0,0.032643728,0.39333458826877177,0.2,0.11373990774154663,-0.8129770444706083,0.0003,2820,0.0680173859000206,0.219921875,-0.04449542814400047
622,581632,-0.76455389,284,933,300.0,0.031066198,0.33921309481374917,0.2,0.01009446382522583,-0.828804044611752,0.0003,2830,0.10120994597673416,0.225341796875,-0.0441211790748639
623,583680,-0.7712674999999999,285,936,300.0,0.029769367,0.3597846592310816,0.2,-0.05675005912780762,-0.8283317498862743,0.0003,2840,0.1113257110118866,0.216796875,-0.039591728080995384
623,585728,-1.01580022,286,938,300.0,0.027332978,0.20400229224469513,0.2,0.177310049533844,-0.8082814648747444,0.0003,2850,0.024450533092021942,0.213623046875,-0.041874288089456965
624,587776,-1.10329732,287,941,300.0,0.0309112,0.16569568754639477,0.2,0.24645954370498657,-0.808976061269641,0.0003,2860,0.006711050868034363,0.22587890625,-0.044512283569201824
625,589824,-0.825642,288,943,300.0,0.028690528,0.2744066755753011,0.2,0.31290513277053833,-0.8501823265105486,0.0003,2870,0.04600033164024353,0.222900390625,-0.045113325062266084
625,591872,-0.5398342600000001,289,945,300.0,0.029052593,0.31009709821082654,0.2,0.20356178283691406,-0.8501929245889187,0.0003,2880,0.057236358523368835,0.20595703125,-0.043557801909628324
626,593920,-0.9454442600000003,290,947,300.0,0.029100887,0.4211870815604925,0.2,0.270038902759552,-0.838812829181552,0.0003,2890,0.06213539093732834,0.2126953125,-0.04258033223450184
627,595968,-0.9067004,291,949,300.0,0.0283923,0.3162344218697399,0.2,0.39871931076049805,-0.8547608111053705,0.0003,2900,0.10270766168832779,0.21513671875,-0.04403302999271545
628,598016,-1.0663769600000004,292,952,300.0,0.03175628,0.11533292001113296,0.2,0.6725864410400391,-0.8271823933348059,0.0003,2910,-0.018698878586292267,0.22177734375,-0.04751637490990106
586,600064,-0.7118859499999999,293,1023,300.0,0.02950465,0.4716200106777251,0.2,0.22848540544509888,-0.853570283204317,0.0003,2920,0.13254639506340027,0.22177734375,-0.04447157082322519
586,602112,-0.5659204699999999,294,1026,300.0,0.029457731,0.6036309475079179,0.2,0.3256826400756836,-0.846566366404295,0.0003,2930,0.22641515731811523,0.2013671875,-0.04160676843021065
587,604160,-0.8188018499999999,295,1028,300.0,0.027831128,0.7140070575289428,0.2,0.4538974165916443,-0.832288384437561,0.0003,2940,0.21325096487998962,0.202294921875,-0.04322829905140679
588,606208,-0.9511503,296,1030,300.0,0.033466257,0.2955884519964457,0.2,0.5401591658592224,-0.8364036457613111,0.0003,2950,0.020686030387878418,0.235791015625,-0.047657764838368165
588,608256,-0.7547949899999999,297,1033,300.0,0.034058616,0.44867181619629265,0.2,0.3970303535461426,-0.832992534711957,0.0003,2960,0.09443415701389313,0.22041015625,-0.04492863303748891
589,610304,-0.9238731700000002,298,1035,300.0,0.032555804,0.29161334624513985,0.2,0.6157020330429077,-0.8057294577360153,0.0003,2970,0.05240853875875473,0.244091796875,-0.04189871494891122
589,612352,-0.5193437999999999,299,1038,300.0,0.029538993,0.6127815732732416,0.2,0.28183430433273315,-0.8223637053743005,0.0003,2980,0.15711849927902222,0.221630859375,-0.04431249377375934
590,614400,-0.22226261,300,1040,300.0,0.03299234,0.26990159656852486,0.2,0.5687570571899414,-0.8122684089466929,0.0003,2990,0.0953405573964119,0.238720703125,-0.04824011432356201
591,616448,-0.23594838000000007,301,1042,300.0,0.03302416,0.16814895207062364,0.2,0.4685276746749878,-0.8005155988037587,0.0003,3000,-0.008693158626556396,0.23291015625,-0.0443804159440333
591,618496,0.22125053999999994,302,1045,300.0,0.032319136,0.3724475359544158,0.2,0.32940709590911865,-0.7992125350981951,0.0003,3010,0.11935870349407196,0.228955078125,-0.04426557306724135
592,620544,0.14168116000000006,303,1047,300.0,0.029021095,0.36044854247011243,0.2,0.3102044463157654,-0.7879872720688581,0.0003,3020,0.12133635580539703,0.21025390625,-0.039523398206802084
593,622592,-0.07567530999999995,304,1049,300.0,0.033144407,0.11459819313604384,0.2,0.18407845497131348,-0.7852935062721371,0.0003,3030,-0.044280968606472015,0.23779296875,-0.04637703360203886
593,624640,-0.1298753900000002,305,1051,300.0,0.030190151,0.21392841800116003,0.2,0.3785555958747864,-0.7980746859684587,0.0003,3040,0.01115342229604721,0.22568359375,-0.04250996552000288
594,626688,-0.10062402000000002,306,1053,300.0,0.0376402,0.17422744904179127,0.2,0.4456380605697632,-0.7499803874641657,0.0003,3050,0.015766747295856476,0.244482421875,-0.0456778521387605
594,628736,0.13903542000000002,307,1057,300.0,0.029466819,0.2168562666978687,0.2,0.5444273948669434,-0.7484299773350358,0.0003,3060,0.020679660141468048,0.206494140625,-0.03834768481901847
595,630784,-0.4322664599999999,308,1059,300.0,0.02910397,0.42633526120334864,0.2,0.2981511354446411,-0.7759079264476896,0.0003,3070,0.14008423686027527,0.2154296875,-0.04220241025905125
595,632832,0.0005606800000000867,309,1062,300.0,0.034790307,0.30520889032632115,0.2,0.28573256731033325,-0.7414933174848557,0.0003,3080,0.07886029779911041,0.225390625,-0.04513897519209422
595,634880,0.1850760300000001,310,1066,300.0,0.031124514,0.5119318374432623,0.2,-0.010252118110656738,-0.7537434369325637,0.0003,3090,0.1354629099369049,0.19775390625,-0.041522312656161374
595,636928,0.0105382,311,1068,300.0,0.037837863,0.2172527854796499,0.2,-0.1216968297958374,-0.7373622756451368,0.0003,3100,0.025281690061092377,0.228515625,-0.04733471850631758
596,638976,0.07843079000000014,312,1070,300.0,0.037708297,0.3369527513626963,0.2,0.005721032619476318,-0.7210924150422215,0.0003,3110,0.11233121901750565,0.2259765625,-0.039727607971872206
597,641024,0.1488767900000001,313,1073,300.0,0.04027778,0.48521441388875247,0.2,-0.015371203422546387,-0.7469245687127113,0.0003,3120,0.18427729606628418,0.224853515625,-0.043943633190065154
597,643072,-0.13066419000000007,314,1076,300.0,0.032387212,0.24995022520888596,0.2,0.05033993721008301,-0.729653618298471,0.0003,3130,0.011700041592121124,0.21904296875,-0.042396269616438075
598,645120,0.18367593,315,1078,300.0,0.033516288,0.42516606505960225,0.2,0.04909777641296387,-0.743038116581738,0.0003,3140,0.10694865882396698,0.246875,-0.04296112308220472
598,647168,-0.32281335,316,1080,300.0,0.037599936,0.27246950012631715,0.2,0.1634206771850586,-0.73107935693115,0.0003,3150,0.047377560287714005,0.224462890625,-0.04415498283342458
599,649216,-0.11102570000000021,317,1083,300.0,0.033154313,0.19294893089681864,0.2,0.42730987071990967,-0.7404604468494653,0.0003,3160,0.05161698907613754,0.22607421875,-0.04324693411617773
599,651264,0.5367464499999999,318,1085,300.0,0.037151963,0.2636539719067514,0.2,0.14899754524230957,-0.7251580778509379,0.0003,3170,0.018793053925037384,0.234521484375,-0.04533574453089386
600,653312,0.4632510899999998,319,1088,300.0,0.037586782,0.236152932792902,0.2,0.36602187156677246,-0.7336278138682246,0.0003,3180,0.024391569197177887,0.22900390625,-0.04416416301392019
600,655360,0.6228710199999998,320,1090,300.0,0.034612916,0.21347874708008022,0.2,0.011649608612060547,-0.7400582056492567,0.0003,3190,0.040336973965168,0.224462890625,-0.04097638279490638
601,657408,0.6985608699999999,321,1093,300.0,0.032617472,0.32205009208992125,0.2,0.1514979600906372,-0.7226574422791601,0.0003,3200,0.0880865529179573,0.2123046875,-0.041406705201370644
601,659456,0.28282987999999976,322,1095,300.0,0.03678386,0.17497868302743882,0.2,0.01945561170578003,-0.7296305313706398,0.0003,3210,0.022843822836875916,0.23193359375,-0.0433651250845287
602,661504,0.7752309899999996,323,1098,300.0,0.033294912,0.8398413769900799,0.2,0.010222017765045166,-0.7346262738108635,0.0003,3220,0.3266116678714752,0.23056640625,-0.0448878841183614
602,663552,0.15592501,324,1100,300.0,0.035375807,0.21524128653109073,0.2,-0.2485443353652954,-0.7050545156002045,0.0003,3230,0.007124818861484528,0.218408203125,-0.04169468558102381
603,665600,0.50804633,325,1102,300.0,0.03808523,0.44218042893335224,0.2,0.006358325481414795,-0.7114855183288455,0.0003,3240,0.16025370359420776,0.23193359375,-0.04232216044620145
604,667648,0.58230371,326,1104,300.0,0.031196624,0.6138604418374598,0.2,-0.021685361862182617,-0.6904970286414027,0.0003,3250,0.25389713048934937,0.21337890625,-0.041542223168653435
604,669696,0.9202180200000001,327,1107,300.0,0.029463839,0.5020062616560608,0.2,0.0793352723121643,-0.6931933494284749,0.0003,3260,0.14553794264793396,0.21416015625,-0.03826395822688937
605,671744,1.10649952,328,1109,300.0,0.033387862,0.3518541389610618,0.2,0.042384564876556396,-0.7214329296723008,0.0003,3270,0.14437322318553925,0.221826171875,-0.04439632435387466
606,673792,1.47384118,329,1111,300.0,0.041348033,0.1945468208519742,0.2,0.0732688307762146,-0.6757256845012307,0.0003,3280,0.007936589419841766,0.225439453125,-0.043377263133879754
606,675840,1.1699329,330,1113,300.0,0.037702806,0.322661627875641,0.2,-0.004978656768798828,-0.7328685509040952,0.0003,3290,0.12383370101451874,0.2337890625,-0.04384447495394852
607,677888,1.3040458600000002,331,1116,300.0,0.03435137,0.1387333818944171,0.2,0.11546528339385986,-0.7272547379136085,0.0003,3300,-0.010103985667228699,0.224462890625,-0.04354405715421308
607,679936,1.14046096,332,1118,300.0,0.03334225,0.2601269259583205,0.2,0.1634005308151245,-0.6976731240749359,0.0003,3310,0.10397851467132568,0.218115234375,-0.04032643782702507
608,681984,0.86196605,333,1120,300.0,0.040785924,0.18188075858633965,0.2,0.18922966718673706,-0.7102409817278386,0.0003,3320,0.008987508714199066,0.23037109375,-0.04339213635539636
609,684032,1.2441663200000002,334,1122,300.0,0.038801804,0.13742740058805794,0.2,0.03863835334777832,-0.7252314329147339,0.0003,3330,-0.02136586606502533,0.2392578125,-0.0440585323056439
609,686080,1.1783803000000004,335,1125,300.0,0.029540233,0.3959110550116748,0.2,0.13593363761901855,-0.7194180039688944,0.0003,3340,0.11973217129707336,0.210791015625,-0.039763876690994945
610,688128,1.21735867,336,1127,300.0,0.038352996,0.19196117005776614,0.2,0.36057358980178833,-0.7296928768977523,0.0003,3350,0.022696971893310547,0.2330078125,-0.044633319732383825
610,690176,0.8387315700000002,337,1129,300.0,0.03268352,0.3000981330871582,0.2,0.23486292362213135,-0.7652476385235787,0.0003,3360,0.06996305286884308,0.237109375,-0.046204275777563454
611,692224,0.4916963700000001,338,1131,300.0,0.036860928,0.32580568734556437,0.2,0.27711552381515503,-0.7405458245426416,0.0003,3370,0.05510575324296951,0.24296875,-0.04412565004604403
612,694272,1.13461754,339,1134,300.0,0.043617904,0.15641461450140923,0.2,0.517442524433136,-0.7668568510562181,0.0003,3380,0.012841351330280304,0.258251953125,-0.045804954429331704
612,696320,0.7939429100000001,340,1136,300.0,0.036641568,0.2610121754463762,0.2,0.22699671983718872,-0.7546404778957367,0.0003,3390,0.10109557211399078,0.241552734375,-0.046211399594903925
613,698368,0.70977873,341,1138,300.0,0.036259234,0.18409987939521671,0.2,0.27938759326934814,-0.7478823333978653,0.0003,3400,0.037583090364933014,0.226123046875,-0.04418230125302216
581,700416,0.89084925,342,1204,300.0,0.03251298,0.3402156412601471,0.2,0.235490083694458,-0.7726125791668892,0.0003,3410,0.06953512132167816,0.22265625,-0.045104346179869026
582,702464,0.7767265100000001,343,1206,300.0,0.031828664,0.48249832056462766,0.2,0.04392033815383911,-0.7615737808868289,0.0003,3420,0.15439558029174805,0.2130859375,-0.04313468213513261
582,704512,0.5479160399999998,344,1209,300.0,0.041531567,0.14997609821148217,0.2,-0.0389404296875,-0.7651984002441168,0.0003,3430,-0.006212219595909119,0.25166015625,-0.0444517058058409
583,706560,0.71638516,345,1211,300.0,0.034374006,0.19536615065298973,0.2,0.05173492431640625,-0.7439796296879649,0.0003,3440,-0.020032450556755066,0.222607421875,-0.04429437184298877
583,708608,1.20407761,346,1213,300.0,0.03449122,0.3393173479940742,0.2,-0.019685983657836914,-0.779196142964065,0.0003,3450,0.011166393756866455,0.23271484375,-0.04482836067909375
584,710656,1.52001882,347,1216,300.0,0.0346072,0.2706484110094607,0.2,0.0354384183883667,-0.7451770659536123,0.0003,3460,0.0398697704076767,0.225830078125,-0.04353186812077183
584,712704,1.3507997999999994,348,1218,300.0,0.035348978,0.3790027620270848,0.2,0.1400023102760315,-0.772668263502419,0.0003,3470,0.09907305240631104,0.2294921875,-0.04428256130486261
585,714752,0.8827353799999998,349,1220,300.0,0.032360245,0.4548802942968905,0.2,0.11994636058807373,-0.7530203411355615,0.0003,3480,0.18536120653152466,0.223095703125,-0.0416215378238121
585,716800,0.55923791,350,1223,300.0,0.033834055,0.35318726864643396,0.2,0.04249608516693115,-0.7622127462178468,0.0003,3490,0.08120507001876831,0.22685546875,-0.04509956908004824
586,718848,0.53777984,351,1225,300.0,0.037017744,0.16918774375226348,0.2,0.41492515802383423,-0.7653129540383816,0.0003,3500,0.010332182049751282,0.244091796875,-0.04400771991640795
587,720896,1.51225116,352,1227,300.0,0.029541379,0.6563479196280241,0.2,0.16777324676513672,-0.756539236754179,0.0003,3510,0.1805080771446228,0.213916015625,-0.043012413565884346
587,722944,1.4218823300000003,353,1230,300.0,0.036241908,0.20481441582087428,0.2,-0.40358614921569824,-0.7463381260633468,0.0003,3520,-0.02851039171218872,0.218310546875,-0.04535673301143106
588,724992,1.16399519,354,1232,300.0,0.03492476,0.19932373594492675,0.2,0.03225952386856079,-0.7830013524740934,0.0003,3530,0.027731113135814667,0.234716796875,-0.04439633787260391
588,727040,0.9450803900000001,355,1234,300.0,0.03564477,0.608900476526469,0.2,0.042444705963134766,-0.7766976146027446,0.0003,3540,0.205209419131279,0.232421875,-0.049252942253951916
589,729088,0.6408670300000001,356,1236,300.0,0.029603112,0.41034820047207177,0.2,0.1833639144897461,-0.7647215023636817,0.0003,3550,0.07359851896762848,0.222900390625,-0.04311391715891659
590,731136,0.3031140300000001,357,1239,300.0,0.036549255,0.19106262656860054,0.2,0.19662564992904663,-0.7669120667502284,0.0003,3560,-0.009391099214553833,0.236474609375,-0.045946520348661576
590,733184,0.4516062899999999,358,1241,300.0,0.033037134,0.19109647620934994,0.2,0.2781330347061157,-0.7694113967940212,0.0003,3570,0.04280092567205429,0.229931640625,-0.044568863269523716
591,735232,0.06323595000000014,359,1243,300.0,0.035677616,0.23546573580242694,0.2,0.031215429306030273,-0.817060268484056,0.0003,3580,0.004509851336479187,0.228857421875,-0.045773577663931066
591,737280,-0.46207569,360,1245,300.0,0.030298289,0.19983489001169802,0.2,0.06736701726913452,-0.7876135855913162,0.0003,3590,0.0052673593163490295,0.226416015625,-0.041497235718998125
592,739328,-1.01718603,361,1248,300.0,0.02969404,0.6067456664517522,0.2,0.12478595972061157,-0.7986432671546936,0.0003,3600,0.27942150831222534,0.22998046875,-0.042495247104670855
592,741376,-1.2683545699999996,362,1250,300.0,0.035268072,0.2685758262872696,0.2,0.14717310667037964,-0.792023466899991,0.0003,3610,-0.010852187871932983,0.240869140625,-0.04369457979046274
593,743424,-0.5584487799999999,363,1252,300.0,0.032524955,0.27951143980026244,0.2,0.0688556432723999,-0.7899701720103621,0.0003,3620,0.07100135833024979,0.223046875,-0.04272216882382054
594,745472,-0.3883614399999999,364,1254,300.0,0.036494654,0.49371672980487347,0.2,0.020324289798736572,-0.7904534677043558,0.0003,3630,0.10935291647911072,0.230615234375,-0.04404582775605377
593,747520,-0.08157705999999999,365,1258,300.0,0.032764807,0.37061455245129765,0.2,0.036323487758636475,-0.793037754110992,0.0003,3640,0.09976087510585785,0.2376953125,-0.04380048676393926
594,749568,-0.25342891000000023,366,1261,300.0,0.039988987,0.21540398236829789,0.2,-0.14553332328796387,-0.7887989699840545,0.0003,3650,0.009589053690433502,0.24375,-0.04390160384355113
594,751616,-0.3550484399999999,367,1263,300.0,0.03377933,0.5110103067941963,0.2,0.11406755447387695,-0.8303602959960699,0.0003,3660,0.13689258694648743,0.2392578125,-0.04699720141652506
595,753664,-0.55765504,368,1265,300.0,0.04052563,0.18909480147995056,0.2,-0.19616127014160156,-0.794589408300817,0.0003,3670,0.009715847671031952,0.251171875,-0.05003640101494966
595,755712,-0.24163008000000027,369,1268,300.0,0.03855279,0.2915133825968951,0.2,0.13153588771820068,-0.790092546865344,0.0003,3680,0.1364213228225708,0.23916015625,-0.04288744857913116
596,757760,-0.3490597100000001,370,1270,300.0,0.032603383,0.5334507848136127,0.2,0.07052862644195557,-0.8006869105622172,0.0003,3690,0.186924010515213,0.2380859375,-0.04752036093268543
597,759808,-0.19743019000000006,371,1272,300.0,0.035914034,0.3921358482912183,0.2,0.09186112880706787,-0.7791602505370975,0.0003,3700,0.10033852607011795,0.239501953125,-0.045815008469799065
597,761856,0.020929030000000043,372,1275,300.0,0.03566196,0.30688853161409496,0.2,0.12046271562576294,-0.7709240565076471,0.0003,3710,0.09512701630592346,0.233984375,-0.04455984445812646
597,763904,0.025788059999999998,373,1277,300.0,0.043865938,0.18442727567162365,0.2,-0.12038004398345947,-0.7910540416836739,0.0003,3720,0.0039037689566612244,0.24833984375,-0.047456494544167074
598,765952,0.29861516,374,1279,300.0,0.03715001,0.13062540898099542,0.2,0.16770732402801514,-0.7813091512769461,0.0003,3730,-0.019562728703022003,0.23671875,-0.04711503932485357
599,768000,0.65683105,375,1281,300.0,0.034909137,0.20955056936945765,0.2,0.09306395053863525,-0.768974331393838,0.0003,3740,0.039667606353759766,0.24111328125,-0.04714033342752373
599,770048,0.42534654000000016,376,1283,300.0,0.041907784,0.13798771422589198,0.2,0.21393102407455444,-0.7945523941889405,0.0003,3750,-0.005355261266231537,0.2466796875,-0.04711706046655308
600,772096,-0.14930497999999992,377,1286,300.0,0.03317343,0.56301682703197,0.2,0.10222119092941284,-0.7890939814969897,0.0003,3760,0.2144312709569931,0.2271484375,-0.04475253455311758
600,774144,-0.29866670000000006,378,1288,300.0,0.031984143,0.2663955396506935,0.2,-0.08664333820343018,-0.7790476072579622,0.0003,3770,0.024569571018218994,0.229052734375,-0.04453107926528901
601,776192,-0.4619786100000002,379,1290,300.0,0.03446289,0.3208054574672133,0.2,0.05075657367706299,-0.7573178093880415,0.0003,3780,0.04200064390897751,0.2357421875,-0.04640074275375809
602,778240,-0.4831499600000001,380,1292,300.0,0.03568133,0.32216672007925806,0.2,0.023830950260162354,-0.7641848674044013,0.0003,3790,0.08335654437541962,0.242138671875,-0.04694858315051533
602,780288,-0.05853138000000012,381,1294,300.0,0.037164547,0.23148803845979274,0.2,-0.043430328369140625,-0.7718372946605087,0.0003,3800,0.019457198679447174,0.2330078125,-0.04595049327326706
603,782336,0.08700059999999986,382,1296,300.0,0.03662713,0.24959996896795927,0.2,0.11400127410888672,-0.791842620819807,0.0003,3810,0.030632302165031433,0.240771484375,-0.04462316266726703
603,784384,0.15339079999999988,383,1298,300.0,0.029297136,0.7183455596677959,0.2,0.08219903707504272,-0.754096789099276,0.0003,3820,0.21032461524009705,0.211474609375,-0.046037079895904755
604,786432,0.004328589999999828,384,1300,300.0,0.04007891,0.1779832349391654,0.2,0.23253512382507324,-0.7229320840910077,0.0003,3830,0.008423611521720886,0.25361328125,-0.04742804523702944
604,788480,-0.3258660600000002,385,1304,300.0,0.03442007,0.4735798399429768,0.2,-0.1563194990158081,-0.7128333559259772,0.0003,3840,0.30877894163131714,0.215771484375,-0.039078036849969064
604,790528,-0.7728066700000003,386,1307,300.0,0.03683258,0.5156920441891998,0.2,0.07534557580947876,-0.7205116288736463,0.0003,3850,0.23493483662605286,0.229541015625,-0.043137379753170536
605,792576,-0.6687359700000002,387,1309,300.0,0.039694846,0.46796735082753005,0.2,-0.06289243698120117,-0.7329902464523912,0.0003,3860,0.13513794541358948,0.228369140625,-0.04390991757973097
605,794624,-0.9530729700000002,388,1312,300.0,0.03769824,0.20346575670409947,0.2,-0.019582271575927734,-0.7503480760380625,0.0003,3870,0.001994401216506958,0.230712890625,-0.04424136650341097
606,796672,-1.0926224699999998,389,1314,300.0,0.040256906,0.1997167720925063,0.2,0.13705599308013916,-0.7427352659404278,0.0003,3880,-0.0008033290505409241,0.252099609375,-0.044928036123747
606,798720,-1.1993805599999998,390,1316,300.0,0.038354784,0.23049571113660933,0.2,0.1700875163078308,-0.751172393374145,0.0003,3890,0.0208934023976326,0.222265625,-0.04373105999547988
580,800768,-0.48781114000000003,391,1379,300.0,0.032845132,0.45697393342852594,0.2,0.12383520603179932,-0.7567304937168956,0.0003,3900,0.09665565192699432,0.221484375,-0.0437851814305759
580,802816,-0.5442013800000001,392,1381,300.0,0.039585005,0.5195815656799823,0.2,0.12901073694229126,-0.7509040009230376,0.0003,3910,0.17782622575759888,0.228466796875,-0.04835795711842365
581,804864,-0.6253649,393,1384,300.0,0.035371445,0.6722535016015172,0.2,0.2032809853553772,-0.7610237326472997,0.0003,3920,0.14886003732681274,0.24375,-0.04693829835450743
581,806912,-0.6445423600000004,394,1386,300.0,0.03980513,0.2642066040076315,0.2,0.23757803440093994,-0.7556889398023486,0.0003,3930,0.046677254140377045,0.247021484375,-0.047502693565911615
582,808960,-0.6226500600000001,395,1388,300.0,0.0406462,0.38641943484544755,0.2,0.2363930344581604,-0.7730336355045437,0.0003,3940,0.1138642281293869,0.24609375,-0.04726074429345317
583,811008,-1.1759219300000001,396,1391,300.0,0.036652684,0.240617913659662,0.2,0.2200237512588501,-0.7644940858706832,0.0003,3950,0.022084824740886688,0.234033203125,-0.045720332232303915
583,813056,-1.50889049,397,1393,300.0,0.03359452,0.6875068086199463,0.2,0.004514753818511963,-0.7655308935791254,0.0003,3960,0.2143901288509369,0.226318359375,-0.042857652784732636
584,815104,-1.6806188499999997,398,1395,300.0,0.0426806,0.23197181175928563,0.2,0.1301342248916626,-0.7641090735793113,0.0003,3970,0.008034445345401764,0.248486328125,-0.045585542218759656
584,817152,-1.3728143,399,1397,300.0,0.031464566,0.5276351674459875,0.2,0.10724562406539917,-0.7663512218743562,0.0003,3980,0.14252015948295593,0.238427734375,-0.046250767653691585
585,819200,-0.6056976699999997,400,1399,300.0,0.03303902,0.2884104802040383,0.2,-0.1648859977722168,-0.758443009480834,0.0003,3990,0.07984063774347305,0.225537109375,-0.04497567710059229
585,821248,-0.12631558000000012,401,1401,300.0,0.0426222,0.19453386932145805,0.2,0.2734770178794861,-0.7375319475308061,0.0003,4000,0.015386231243610382,0.24560546875,-0.04650775998015888
586,823296,0.43921651000000017,402,1404,300.0,0.038578175,0.24872237402014435,0.2,0.26003384590148926,-0.762114324234426,0.0003,4010,0.04814977943897247,0.233349609375,-0.04555144267505966
586,825344,0.44101359,403,1406,300.0,0.039409112,0.1501408111071214,0.2,0.20450788736343384,-0.7719440765678882,0.0003,4020,-0.02426780015230179,0.24541015625,-0.04730643781949766
587,827392,0.5583135300000001,404,1408,300.0,0.03518182,0.30499478508718314,0.2,-0.029489994049072266,-0.7538755660876632,0.0003,4030,0.05130939185619354,0.22685546875,-0.04446150885778479
588,829440,0.47627691999999994,405,1410,300.0,0.038404204,0.21930917990393936,0.2,0.30436253547668457,-0.7712172629311681,0.0003,4040,0.003971919417381287,0.23974609375,-0.04509021570556797
588,831488,0.2012358500000001,406,1412,300.0,0.036113475,0.448627015016973,0.2,0.2071378231048584,-0.7370315806940198,0.0003,4050,0.15681684017181396,0.23466796875,-0.04719542697130237
589,833536,-0.06968314000000014,407,1415,300.0,0.033356458,0.2745723305735737,0.2,0.20803159475326538,-0.7377480218186975,0.0003,4060,0.024103663861751556,0.223779296875,-0.04407004878012231
589,835584,-0.6081969200000003,408,1417,300.0,0.041995056,0.24053190932609142,0.2,0.43889522552490234,-0.7365229193121194,0.0003,4070,0.034866392612457275,0.2341796875,-0.04434305420436431
590,837632,-0.9891894800000002,409,1419,300.0,0.040974416,0.2296381117310375,0.2,0.5388593673706055,-0.7275296209380031,0.0003,4080,0.027760222554206848,0.232763671875,-0.04644017877872102
590,839680,-0.5834243100000002,410,1421,300.0,0.035357628,0.707087617367506,0.2,0.33363765478134155,-0.7478846678510308,0.0003,4090,0.31655246019363403,0.21787109375,-0.04316532491648104
591,841728,-0.7826761500000002,411,1423,300.0,0.042239755,0.3391203527804464,0.2,0.2226489782333374,-0.7434691093862057,0.0003,4100,0.04279936105012894,0.2431640625,-0.0463046062795911
591,843776,-0.11221145000000013,412,1426,300.0,0.037324842,0.29874076987616716,0.2,0.300110399723053,-0.7494988372549415,0.0003,4110,0.07333788275718689,0.248193359375,-0.046107543414109387
592,845824,-0.12317784000000008,413,1428,300.0,0.039384045,0.19603710086084902,0.2,0.4767732620239258,-0.7455935955047608,0.0003,4120,0.02755655348300934,0.237890625,-0.04640544606372714
592,847872,-0.43703861000000005,414,1430,300.0,0.039609373,0.35131077920086684,0.2,0.38223034143447876,-0.7374403571709991,0.0003,4130,0.07491651922464371,0.24462890625,-0.04857046911201905
593,849920,-1.10790666,415,1432,300.0,0.034941997,0.5941181185655295,0.2,0.33250337839126587,-0.7317243792116642,0.0003,4140,0.1614421010017395,0.231591796875,-0.04300113008066546
593,851968,-1.55150136,416,1435,300.0,0.043049004,0.3652286556083709,0.2,0.5436246395111084,-0.7471369242295622,0.0003,4150,0.10698060691356659,0.24306640625,-0.04790279637090862
593,854016,-1.3905723600000004,417,1437,300.0,0.0360206,0.4764952669851482,0.2,0.5670567750930786,-0.7607148854061961,0.0003,4160,0.13251206278800964,0.25439453125,-0.045879256579792124
594,856064,-1.43311797,418,1440,300.0,0.04431482,0.1824902093736455,0.2,0.576066792011261,-0.7401385983452201,0.0003,4170,0.006048358976840973,0.250244140625,-0.0446602221170906
595,858112,-2.0046727900000003,419,1442,300.0,0.039063253,0.33859068965539335,0.2,0.4321966767311096,-0.7607953796163202,0.0003,4180,0.10870121419429779,0.24794921875,-0.04603701804444427
595,860160,-1.2736587299999997,420,1444,300.0,0.04405548,0.42154367854818703,0.2,0.4699522852897644,-0.769101444259286,0.0003,4190,0.1007007583975792,0.25927734375,-0.050004652061033994
596,862208,-0.9114394,421,1446,300.0,0.038928706,0.37927876180037856,0.2,0.29820913076400757,-0.7549354534596204,0.0003,4200,0.06923198699951172,0.23291015625,-0.045767593302298334
595,864256,-1.4321595100000002,422,1450,300.0,0.04193656,0.46509654843248427,0.2,0.34036630392074585,-0.7719420909881591,0.0003,4210,0.10672827810049057,0.23798828125,-0.04478868205624167
595,866304,-1.5930461300000003,423,1455,300.0,0.04264027,0.43183195441961286,0.2,-0.1408708095550537,-0.7817980833351612,0.0003,4220,0.12094195932149887,0.25849609375,-0.04786448943777941
595,868352,-0.8684366400000002,424,1458,300.0,0.04367405,0.2189263418316841,0.2,-0.12979388236999512,-0.7746168050915003,0.0003,4230,0.03462754935026169,0.26240234375,-0.04672408827173058
595,870400,-1.0368202200000003,425,1461,300.0,0.034744844,0.35648282603360715,0.2,-0.0823749303817749,-0.796101163327694,0.0003,4240,0.05003831535577774,0.237353515625,-0.047522578277857976
595,872448,-1.08453843,426,1464,300.0,0.03739004,0.4366150075569749,0.2,-0.0005724430084228516,-0.796387942135334,0.0003,4250,0.15787410736083984,0.248681640625,-0.046987520428956486
596,874496,-1.11307286,427,1466,300.0,0.041625388,0.11999182261060923,0.2,0.3131464719772339,-0.7877577643841505,0.0003,4260,-0.03353416174650192,0.259033203125,-0.04710808803647524
596,876544,-0.19810335999999984,428,1468,300.0,0.03663523,0.62639722796157,0.2,0.11130654811859131,-0.812131815776229,0.0003,4270,0.2389337420463562,0.234130859375,-0.04677395300241187
597,878592,-0.46523247999999995,429,1471,300.0,0.032688227,0.4070423179771751,0.2,0.14536583423614502,-0.790936671756208,0.0003,4280,0.1429615169763565,0.2291015625,-0.049660964378563224
597,880640,-0.43882827999999996,430,1473,300.0,0.03830064,0.45282354289665816,0.2,0.1449705958366394,-0.8126181391999125,0.0003,4290,0.15996727347373962,0.253076171875,-0.049238671685452574
598,882688,-0.3230411899999998,431,1475,300.0,0.035072945,0.48525046510621905,0.2,0.054456114768981934,-0.7900042325258255,0.0003,4300,0.10362658649682999,0.2453125,-0.04638606173102744
597,884736,-0.3103096199999998,432,1479,300.0,0.043787614,0.21927029229700565,0.2,0.21336209774017334,-0.7956929244101048,0.0003,4310,5.804002285003662e-06,0.26767578125,-0.046326570911332965
598,886784,0.3405971700000002,433,1482,300.0,0.03795144,0.4107811926864088,0.2,0.12405776977539062,-0.787226389348507,0.0003,4320,0.1238991767168045,0.24501953125,-0.04760563992313109
598,888832,0.5435812900000002,434,1485,300.0,0.037681773,0.681619384046644,0.2,0.08390051126480103,-0.7900809573009611,0.0003,4330,0.274665892124176,0.247265625,-0.043393885096884334
598,890880,-0.1766177899999998,435,1488,300.0,0.036888763,0.3316607567947358,0.2,-0.2039409875869751,-0.7819277707487344,0.0003,4340,0.09421072155237198,0.242431640625,-0.04526619272073731
598,892928,0.40655640000000015,436,1491,300.0,0.03686561,0.43009787811897693,0.2,-0.058373451232910156,-0.7917701937258244,0.0003,4350,0.1624314785003662,0.24130859375,-0.04888563668064307
598,894976,1.04873728,437,1494,300.0,0.039225504,0.2559211858082563,0.2,-0.10245561599731445,-0.792293087951839,0.0003,4360,-0.007102742791175842,0.25224609375,-0.049603973512421365
599,897024,0.8008749500000001,438,1496,300.0,0.04485116,0.11945962370373309,0.2,-0.194616436958313,-0.8204455874860287,0.0003,4370,-0.03397950530052185,0.27939453125,-0.05061016818799544
599,899072,0.8246195700000001,439,1498,300.0,0.034472104,0.47360473647713663,0.2,-0.010033726692199707,-0.8143741535022855,0.0003,4380,0.1069984957575798,0.23740234375,-0.04807667600107379
573,901120,1.0257129099999998,440,1571,300.0,0.0387708,0.22872792631387712,0.2,0.04486900568008423,-0.7987896574661135,0.0003,4390,0.04063808172941208,0.2580078125,-0.05119782059045974
573,903168,0.17588149999999994,441,1574,300.0,0.03299989,0.41437153867445886,0.2,-0.04925429821014404,-0.7953563332557678,0.0003,4400,0.1358223557472229,0.23173828125,-0.04361537778459024
574,905216,0.17100192,442,1576,300.0,0.033664078,0.513043166231364,0.2,-0.01342153549194336,-0.7973112026229501,0.0003,4410,0.15579800307750702,0.2267578125,-0.04721130999387242
574,907264,-0.08990365000000004,443,1578,300.0,0.041539244,0.17033478647936134,0.2,0.028722286224365234,-0.7708005383610725,0.0003,4420,0.009426183998584747,0.24072265625,-0.04736503045132849
575,909312,0.2943802100000001,444,1580,300.0,0.043242276,0.12237335653044283,0.2,-0.07266128063201904,-0.8044173881411553,0.0003,4430,-0.04301033169031143,0.268017578125,-0.04922889198205667
575,911360,0.6470304200000001,445,1582,300.0,0.03662361,0.5554270562715828,0.2,0.0114174485206604,-0.7800161182880402,0.0003,4440,0.18572227656841278,0.238134765625,-0.04635264246026054
576,913408,0.31345876999999994,446,1585,300.0,0.038052898,0.22588093853555619,0.2,0.033061206340789795,-0.7607744438573718,0.0003,4450,0.03514343500137329,0.241455078125,-0.04622870787570719
576,915456,0.4160936999999998,447,1587,300.0,0.041201033,0.31331723812036216,0.2,0.06075328588485718,-0.7656181080266833,0.0003,4460,0.0805630013346672,0.24306640625,-0.04645309162297053
577,917504,0.23141535000000005,448,1589,300.0,0.034004528,0.5544757694005966,0.2,0.052811503410339355,-0.7855130420997739,0.0003,4470,0.2158604860305786,0.229052734375,-0.044374080523266454
577,919552,0.48829485000000006,449,1591,300.0,0.038575582,0.41274645579978825,0.2,0.16771256923675537,-0.773449326492846,0.0003,4480,0.1304762065410614,0.227685546875,-0.04548355202714447
578,921600,0.6184508699999999,450,1593,300.0,0.03605522,0.35084571191109715,0.2,0.16982054710388184,-0.7584924632683396,0.0003,4490,0.10247960686683655,0.23564453125,-0.042179849682725035
578,923648,0.31948613999999986,451,1595,300.0,0.039102674,0.283309181407094,0.2,0.3131464719772339,-0.7740892739966512,0.0003,4500,-0.00223609060049057,0.251611328125,-0.04806221773324069
579,925696,0.06746364000000002,452,1598,300.0,0.037452262,0.37159620891325174,0.2,0.24769699573516846,-0.7657323511317372,0.0003,4510,0.07319222390651703,0.23115234375,-0.04507214889745228
579,927744,0.6802108599999999,453,1600,300.0,0.036726825,0.4356895606033504,0.2,0.42537224292755127,-0.7706815449520945,0.0003,4520,0.20134134590625763,0.256591796875,-0.05247044453863055
580,929792,0.30074129000000005,454,1602,300.0,0.03551355,0.4700902755372226,0.2,0.3708738088607788,-0.7552311237901449,0.0003,4530,0.14548373222351074,0.237451171875,-0.044914144246286015
580,931840,0.45292651,455,1604,300.0,0.034746785,0.26715575507842004,0.2,0.45261359214782715,-0.7540114616975189,0.0003,4540,0.05269619822502136,0.245068359375,-0.043804617362911816
581,933888,0.46493725,456,1606,300.0,0.032002054,0.963289525359869,0.2,0.13576436042785645,-0.7500019770115613,0.0003,4550,0.473171591758728,0.227734375,-0.04429021031828597
581,935936,0.6343672300000001,457,1608,300.0,0.042981386,0.2392217345535755,0.2,0.5269017815589905,-0.7607847223058343,0.0003,4560,0.09465562552213669,0.248974609375,-0.04414354752225336
582,937984,0.46166442999999996,458,1610,300.0,0.046256863,0.442045072093606,0.2,0.32791411876678467,-0.7517097938805819,0.0003,4570,0.1818782091140747,0.264111328125,-0.04785628588724648
582,940032,0.41532084999999996,459,1613,300.0,0.039044864,0.5016927440185099,0.2,0.035278916358947754,-0.7565260576084256,0.0003,4580,0.2644611597061157,0.239453125,-0.04306368711113464
583,942080,0.19493073000000002,460,1615,300.0,0.044091843,0.44618345582857727,0.2,0.19588327407836914,-0.7647401954978704,0.0003,4590,0.09683992713689804,0.245849609375,-0.046083367060055024
583,944128,0.07445291000000025,461,1617,300.0,0.038608626,0.4052571292035282,0.2,0.01161956787109375,-0.7700640421360732,0.0003,4600,0.10601893067359924,0.2306640625,-0.04392375910538249
584,946176,0.0962962100000002,462,1619,300.0,0.040785,0.19343428779393435,0.2,0.22214031219482422,-0.7602104282006621,0.0003,4610,-0.0037020668387413025,0.265576171875,-0.04666703107068315
584,948224,-0.39626836999999987,463,1621,300.0,0.046867788,0.5028464188799262,0.2,-0.0659106969833374,-0.7692114830017089,0.0003,4620,0.1412082016468048,0.267138671875,-0.04845628221228253
585,950272,-0.5499699100000001,464,1624,300.0,0.038005028,0.5640666441991925,0.2,0.08487915992736816,-0.7406545558944344,0.0003,4630,0.1649690568447113,0.22578125,-0.04244838959421031
585,952320,-0.43185522999999987,465,1626,300.0,0.04509147,0.2562982270028442,0.2,-0.041512370109558105,-0.7712497564032674,0.0003,4640,0.037458598613739014,0.255615234375,-0.04345363617467228
586,954368,-0.3220486200000002,466,1628,300.0,0.040732358,0.3447260793764144,0.2,-0.07176434993743896,-0.7366921747103333,0.0003,4650,0.0900304988026619,0.244677734375,-0.04336216144147329
586,956416,-0.5615381100000001,467,1630,300.0,0.032996204,0.7109994144178927,0.2,0.10669022798538208,-0.7421463586390018,0.0003,4660,0.38682180643081665,0.222802734375,-0.042115070903673765
587,958464,-0.5376145099999998,468,1632,300.0,0.03945078,0.37907093870453534,0.2,-0.0048830509185791016,-0.7206822706386447,0.0003,4670,0.12772271037101746,0.2474609375,-0.043751256314862985
587,960512,-0.74451056,469,1635,300.0,0.037422754,0.4722996619530022,0.2,0.11861318349838257,-0.7135939951986074,0.0003,4680,0.1533259153366089,0.230078125,-0.04212635473522823
587,962560,-0.80185559,470,1637,300.0,0.03674937,0.4957037875428796,0.2,0.13581395149230957,-0.7377522777765989,0.0003,4690,0.2283412516117096,0.22578125,-0.04305407032079529
588,964608,-0.83697959,471,1639,300.0,0.043483585,0.1570293489145115,0.2,0.5195570588111877,-0.7527613101527095,0.0003,4700,-0.01865588128566742,0.270166015625,-0.04563720766745973
588,966656,-0.7647158100000001,472,1642,300.0,0.04749249,0.18649798990227281,0.2,0.5610239505767822,-0.7336461121216417,0.0003,4710,-0.0019297301769256592,0.2541015625,-0.04625375503383111
588,968704,-1.19235734,473,1644,300.0,0.040052652,0.6928343229927123,0.2,0.21687990427017212,-0.7264003777876497,0.0003,4720,0.31813353300094604,0.249267578125,-0.042446690717770255
589,970752,-1.23086773,474,1647,300.0,0.03898664,0.533568446803838,0.2,0.30079185962677,-0.741393774561584,0.0003,4730,0.25197091698646545,0.23857421875,-0.04559780711424537
589,972800,-0.9912667099999999,475,1650,300.0,0.043905087,0.1977499854983762,0.2,0.4257459044456482,-0.7453273631632328,0.0003,4740,0.015124775469303131,0.251123046875,-0.04329794475925155
589,974848,-1.18225346,476,1652,300.0,0.048838854,0.2904251237865537,0.2,0.3329184651374817,-0.7438110187649727,0.0003,4750,0.07467922568321228,0.27021484375,-0.045369933283654976
590,976896,-1.5124546800000003,477,1654,300.0,0.043752275,0.7429900529794395,0.2,0.20090287923812866,-0.717670689150691,0.0003,4760,0.34213462471961975,0.23408203125,-0.04378997255116701
590,978944,-1.2016769099999998,478,1656,300.0,0.039373487,0.2711122423410416,0.2,0.034260332584381104,-0.7231517676264048,0.0003,4770,0.006137296557426453,0.247265625,-0.04288821706431918
591,980992,-1.0975294999999998,479,1658,300.0,0.04008747,0.5866725772619248,0.2,0.08238965272903442,-0.7399449486285448,0.0003,4780,0.11700984835624695,0.239892578125,-0.04439353102934547
591,983040,-1.24596171,480,1661,300.0,0.04134138,0.22899445057846607,0.2,0.24891996383666992,-0.7405589876696468,0.0003,4790,0.019924134016036987,0.2470703125,-0.047466223494848234
592,985088,-1.3705895100000003,481,1663,300.0,0.042313516,0.15728463970590384,0.2,-0.09677457809448242,-0.7445112703368068,0.0003,4800,-0.008147120475769043,0.26123046875,-0.04577269925794099
592,987136,-0.7343935099999999,482,1666,300.0,0.045068916,0.3300355035811663,0.2,0.024708330631256104,-0.7361317481845617,0.0003,4810,0.11018349975347519,0.237548828125,-0.04464619198697619
592,989184,-0.6343745599999999,483,1669,300.0,0.04696244,0.33543591634370384,0.2,0.022086918354034424,-0.7281297227367759,0.0003,4820,0.1596633642911911,0.259423828125,-0.042411421320866796
592,991232,-0.8429882500000001,484,1672,300.0,0.040483616,0.2438388764159754,0.2,0.12185782194137573,-0.7129357414320111,0.0003,4830,0.04347962886095047,0.25126953125,-0.04959025279385969
593,993280,-0.7482749900000001,485,1674,300.0,0.03905521,0.7908886690624058,0.2,0.008682072162628174,-0.7286252547055483,0.0003,4840,0.43252259492874146,0.248583984375,-0.04874842350254767
593,995328,-1.4518005699999998,486,1677,300.0,0.047303416,0.21606001225300134,0.2,0.1348300576210022,-0.7470809031277895,0.0003,4850,0.011122167110443115,0.26728515625,-0.047279073542449625
593,997376,-1.1611298499999998,487,1679,300.0,0.040871494,0.3815301479306072,0.2,0.152804434299469,-0.7290255909785628,0.0003,4860,0.1228586956858635,0.23779296875,-0.044614206918049605
594,999424,-1.5688143600000004,488,1681,300.0,0.03492146,0.7733516147360205,0.2,0.20833665132522583,-0.7200818289071321,0.0003,4870,0.2599610984325409,0.212939453125,-0.04292156468727626
571,1001472,-1.85106076,489,1751,300.0,0.04354931,0.21419837763532995,0.2,0.4741551876068115,-0.7025470573455095,0.0003,4880,-0.020179983228445053,0.233935546875,-0.04535935898893513
571,1003520,-1.2627284500000002,490,1754,300.0,0.038552094,0.5510561999864876,0.2,0.36269932985305786,-0.7384354662150144,0.0003,4890,0.11416362971067429,0.23603515625,-0.04404077036306262
572,1005568,-1.22418396,491,1757,300.0,0.044643585,0.24265745196025817,0.2,0.5347855091094971,-0.7127665573731065,0.0003,4900,0.03195153921842575,0.235546875,-0.0463147184724221
572,1007616,-1.54389164,492,1760,300.0,0.043231927,0.4060590105131269,0.2,0.42916345596313477,-0.7115847934037447,0.0003,4910,0.10324129462242126,0.2451171875,-0.04131160732649732
572,1009664,-1.3042687700000004,493,1762,300.0,0.051431358,0.18360725017264484,0.2,0.7391942739486694,-0.7321927867829799,0.0003,4920,0.011639527976512909,0.25625,-0.04733707210107241
573,1011712,-1.4240883500000001,494,1765,300.0,0.043769423,0.1845491238636896,0.2,0.7367724180221558,-0.7377555593848228,0.0003,4930,-0.0021677911281585693,0.242724609375,-0.04748954143724404
573,1013760,-1.0449053199999998,495,1767,300.0,0.03831438,0.426173931453377,0.2,0.536414623260498,-0.7303106632083655,0.0003,4940,0.13767793774604797,0.240478515625,-0.04588906246935949
573,1015808,-0.8240770000000002,496,1769,300.0,0.037147902,0.4737150860019028,0.2,0.4898506999015808,-0.7249485585838557,0.0003,4950,0.1350630521774292,0.227392578125,-0.044802874169545245
574,1017856,-0.8829552700000001,497,1772,300.0,0.040373527,0.29587969891726973,0.2,0.5860898494720459,-0.7397428372874856,0.0003,4960,0.08687582612037659,0.237890625,-0.046416580090590284
574,1019904,-0.34634354000000017,498,1774,300.0,0.042572614,0.28804878480732443,0.2,0.6054190397262573,-0.7185092233121395,0.0003,4970,0.08653675019741058,0.24521484375,-0.04701659715501592
575,1021952,-1.2025013199999999,499,1777,300.0,0.040538754,0.527845355682075,0.2,0.5449422597885132,-0.738999473489821,0.0003,4980,0.09447471052408218,0.227392578125,-0.04615067818158423
575,1024000,-0.8086802300000001,500,1779,300.0,0.04437588,0.6419637004844845,0.2,0.054298222064971924,-0.7466873023658991,0.0003,4990,0.22835518419742584,0.252734375,-0.04890669860178605
575,1026048,-0.9445139499999999,501,1782,300.0,0.03870398,0.18278405512683094,0.2,0.3073861002922058,-0.7276331000030041,0.0003,5000,-0.009811058640480042,0.23642578125,-0.04366171465080697
576,1028096,-0.3269190200000001,502,1784,300.0,0.047854878,0.24142452087253333,0.2,-0.05691385269165039,-0.7031872136518359,0.0003,5010,0.020811066031455994,0.2552734375,-0.04680670317320619
576,1030144,-0.23370128,503,1786,300.0,0.040799066,0.5008479305543005,0.2,-0.08983635902404785,-0.6968278314918279,0.0003,5020,0.13134846091270447,0.2322265625,-0.04434610527532641
576,1032192,-0.20118776,504,1789,300.0,0.04332157,0.2497521516866982,0.2,0.034828782081604004,-0.6885241212323308,0.0003,5030,0.06854256987571716,0.257763671875,-0.04526704836753197
577,1034240,-0.57641807,505,1791,300.0,0.046825998,0.20326737933792174,0.2,-0.020195722579956055,-0.7125540288165212,0.0003,5040,0.06171659380197525,0.244580078125,-0.046549504304130095
577,1036288,-0.30142161000000006,506,1793,300.0,0.040241227,0.17070712698623539,0.2,-0.011036276817321777,-0.684999880194664,0.0003,5050,-0.006913982331752777,0.243408203125,-0.043732183272368275
578,1038336,0.11729413000000005,507,1795,300.0,0.04902542,0.07697477376786992,0.2,0.07865607738494873,-0.6990973761305213,0.0003,5060,-0.0574316531419754,0.26025390625,-0.04785192891140468
578,1040384,0.06449696000000003,508,1797,300.0,0.037427127,0.4812324901111424,0.2,0.021454334259033203,-0.6843780744820833,0.0003,5070,0.11799033731222153,0.231982421875,-0.042009394193883054
579,1042432,0.17350712000000001,509,1800,300.0,0.042796202,0.26873217776883396,0.2,0.09446090459823608,-0.6663011725991964,0.0003,5080,0.059178926050662994,0.23173828125,-0.04101903632981703
579,1044480,0.14515825999999993,510,1802,300.0,0.04188384,0.2610466419253498,0.2,0.06546628475189209,-0.6774629125371575,0.0003,5090,0.0008736029267311096,0.235498046875,-0.0439693478809204
579,1046528,-0.24833202999999998,511,1804,300.0,0.04967305,0.2822484860662371,0.2,0.18007904291152954,-0.6850429253652692,0.0003,5100,0.0227770134806633,0.245166015625,-0.04649394712760113
580,1048576,-0.3911585199999999,512,1806,300.0,0.040654656,0.44709950909018514,0.2,0.0510861873626709,-0.6731117280200124,0.0003,5110,0.1465069204568863,0.2224609375,-0.04158213371702004
580,1050624,-0.37867797,513,1808,300.0,0.04027433,0.37508286875672636,0.2,0.07498198747634888,-0.6952658904716372,0.0003,5120,0.1056278645992279,0.236962890625,-0.04546927150804549
581,1052672,0.12910728000000013,514,1811,300.0,0.04707738,0.3699407723266631,0.2,0.0854036808013916,-0.6884879713878036,0.0003,5130,0.13812272250652313,0.242236328125,-0.0426103165227687
581,1054720,-0.08680327000000004,515,1813,300.0,0.042591505,0.5353224229998886,0.2,-0.017108678817749023,-0.684874996356666,0.0003,5140,0.08549568057060242,0.23525390625,-0.045752467832062396
581,1056768,0.3744191200000002,516,1816,300.0,0.05357126,0.20914475119207054,0.2,0.047929227352142334,-0.6836135825142264,0.0003,5150,0.017812006175518036,0.257958984375,-0.04440489652915858
582,1058816,0.70901527,517,1819,300.0,0.042581458,0.4870990295894444,0.2,-0.06211519241333008,-0.6779394345358014,0.0003,5160,0.12657824158668518,0.2412109375,-0.04249430222407682
582,1060864,0.8239994199999999,518,1821,300.0,0.050159506,0.140691569307819,0.2,0.11048012971878052,-0.6836503120139241,0.0003,5170,-0.009860493242740631,0.262890625,-0.046683217157260516
582,1062912,0.9811495900000001,519,1823,300.0,0.03893993,0.2995085108093917,0.2,0.13728594779968262,-0.6589493412524462,0.0003,5180,0.07176559418439865,0.225390625,-0.04450072801264469
583,1064960,0.9118217199999998,520,1825,300.0,0.044851016,0.2314441211754456,0.2,0.3454548716545105,-0.6847346523776651,0.0003,5190,0.07101541757583618,0.25341796875,-0.04497020303970203
583,1067008,1.02691854,521,1827,300.0,0.043982364,0.5080835599452257,0.2,0.11003851890563965,-0.6712953863665462,0.0003,5200,0.15532243251800537,0.236279296875,-0.04506063055596314
584,1069056,0.35507352,522,1830,300.0,0.04423376,0.5697986046783626,0.2,-0.02811563014984131,-0.6831293043680489,0.0003,5210,0.20642152428627014,0.25185546875,-0.04535397510626353
584,1071104,0.32507377000000004,523,1832,300.0,0.043794934,0.2784488693810999,0.2,0.07359093427658081,-0.6852885380387306,0.0003,5220,0.037392061203718185,0.2375,-0.040322986477985975
584,1073152,0.4245523200000001,524,1834,300.0,0.044829495,0.37346573998220267,0.2,0.18943500518798828,-0.6623271891847253,0.0003,5230,0.10626012831926346,0.246240234375,-0.04549779076187406
585,1075200,0.5372484700000001,525,1837,300.0,0.052914187,0.2835164709948003,0.2,0.21227753162384033,-0.655331176891923,0.0003,5240,0.04420146346092224,0.256201171875,-0.04712036360288039
585,1077248,0.56660584,526,1839,300.0,0.05071568,0.36260930383577944,0.2,0.1500449776649475,-0.6499569829553365,0.0003,5250,0.14988014101982117,0.25205078125,-0.04475167675409466
586,1079296,1.0045763699999997,527,1841,300.0,0.050098263,0.35239035468548535,0.2,0.18646842241287231,-0.6642744896933437,0.0003,5260,0.07373839616775513,0.256884765625,-0.04120592243853025
586,1081344,1.4959230300000002,528,1843,300.0,0.057796597,0.23392523266375065,0.2,0.020460188388824463,-0.6356774542480708,0.0003,5270,0.03618822246789932,0.25478515625,-0.045840692950878295
586,1083392,2.36594945,529,1846,300.0,0.03572373,0.6014880052767694,0.2,-0.044918179512023926,-0.6628515856340528,0.0003,5280,0.1134769544005394,0.217431640625,-0.039239323773654175
587,1085440,2.40732197,530,1848,300.0,0.039153133,0.4071808774024248,0.2,0.00898730754852295,-0.6497070100158453,0.0003,5290,0.1479969322681427,0.227001953125,-0.043980934386490846
587,1087488,1.9297921700000003,531,1850,300.0,0.047927313,0.26815661280415953,0.2,0.35839754343032837,-0.6432242792099714,0.0003,5300,0.0220864899456501,0.246435546875,-0.04519627364352345
587,1089536,1.6263853899999998,532,1853,300.0,0.05001446,0.15686488521751016,0.2,0.6498333811759949,-0.6656688459217548,0.0003,5310,0.0012382939457893372,0.25751953125,-0.045016706304159014
588,1091584,1.5940004100000003,533,1855,300.0,0.047452174,0.1827489298535511,0.2,0.7058382034301758,-0.6492061760276556,0.0003,5320,-0.0076443105936050415,0.25263671875,-0.04576627837959677
588,1093632,1.7205564499999997,534,1857,300.0,0.047511533,0.49205904100090264,0.2,0.5092315673828125,-0.6485581789165735,0.0003,5330,0.1331682950258255,0.243115234375,-0.04324804987409152
589,1095680,1.05444187,535,1859,300.0,0.05065185,0.6553671400062739,0.2,0.515384316444397,-0.6524853205308319,0.0003,5340,0.24608474969863892,0.246923828125,-0.04062544305343181
589,1097728,1.5409396499999999,536,1862,300.0,0.04738013,0.26708977394737304,0.2,0.6573947668075562,-0.6272540481761097,0.0003,5350,0.10112667828798294,0.25107421875,-0.041813474675291215
589,1099776,1.6074191699999998,537,1864,300.0,0.048335724,0.3026414855848998,0.2,0.4431571364402771,-0.6551862467080355,0.0003,5360,0.08014395087957382,0.25908203125,-0.04608190922735957
570,1101824,1.5560406299999996,538,1931,300.0,0.038971223,0.8042601117864251,0.2,0.23144012689590454,-0.6532874818891287,0.0003,5370,0.3491916358470917,0.216552734375,-0.04253039112663828
570,1103872,1.04423687,539,1934,300.0,0.042445507,0.2757322777528316,0.2,0.3084227442741394,-0.6655530150979757,0.0003,5380,0.06476589292287827,0.237744140625,-0.042817353815189564
570,1105920,1.7010075900000001,540,1937,300.0,0.04336469,0.6948345946148038,0.2,0.10174721479415894,-0.6667728947475553,0.0003,5390,0.2131468951702118,0.242236328125,-0.04693036457465496
571,1107968,1.8914468500000001,541,1939,300.0,0.055952493,0.3814162236638367,0.2,0.02393937110900879,-0.674881350249052,0.0003,5400,0.08523151278495789,0.25927734375,-0.0458145909185987
571,1110016,1.5734267299999993,542,1941,300.0,0.03930303,0.6175850599072874,0.2,0.024653077125549316,-0.678860429674387,0.0003,5410,0.15924769639968872,0.2466796875,-0.04390171042468864
572,1112064,0.6552206499999995,543,1944,300.0,0.046903647,0.38453443883918226,0.2,0.08746170997619629,-0.6700571803376079,0.0003,5420,0.10257016122341156,0.2408203125,-0.04333260030543897
572,1114112,0.4972387299999996,544,1946,300.0,0.046411328,0.25463350350037217,0.2,0.02050173282623291,-0.6776709045283497,0.0003,5430,0.06654631346464157,0.267919921875,-0.04763203364636866
572,1116160,0.42255481999999966,545,1948,300.0,0.05263325,0.14234502741601318,0.2,-0.15215587615966797,-0.686093850247562,0.0003,5440,-0.01042509451508522,0.2572265625,-0.04733884027518798
573,1118208,0.4413852199999997,546,1950,300.0,0.049104504,0.22585692340508104,0.2,0.02375108003616333,-0.6724488424137235,0.0003,5450,0.041957587003707886,0.250830078125,-0.04638657556206453
573,1120256,0.4781529099999997,547,1952,300.0,0.037350804,0.6041186942718924,0.2,0.06293493509292603,-0.6726401453837753,0.0003,5460,0.21955734491348267,0.240087890625,-0.044365887512685734
574,1122304,0.4540780200000002,548,1954,300.0,0.037837423,0.7544975461438298,0.2,0.10110515356063843,-0.6556610962375998,0.0003,5470,0.31551650166511536,0.223876953125,-0.046390191881801005
574,1124352,0.5915469900000001,549,1957,300.0,0.059890296,0.20347940591163932,0.2,0.129042387008667,-0.6680120665580034,0.0003,5480,-0.010577939450740814,0.244970703125,-0.04278728826902807
574,1126400,0.41005585000000006,550,1959,300.0,0.043601617,0.3127630249131471,0.2,0.0361936092376709,-0.70075419601053,0.0003,5490,0.059190958738327026,0.248779296875,-0.04293313488306012
575,1128448,0.3111006200000001,551,1962,300.0,0.047252767,0.43035304327495394,0.2,0.006066441535949707,-0.6964192435145378,0.0003,5500,0.11654210835695267,0.253369140625,-0.04239462148689199
575,1130496,0.30027664000000004,552,1964,300.0,0.05492166,0.3686038391198963,0.2,-0.06272029876708984,-0.6966067612171173,0.0003,5510,0.058521486818790436,0.264990234375,-0.04914159930776805
575,1132544,0.53896934,553,1967,300.0,0.047465228,0.28334040618501605,0.2,0.014046192169189453,-0.674543141387403,0.0003,5520,0.040353380143642426,0.252001953125,-0.04534470940561732
576,1134592,0.5535998100000002,554,1969,300.0,0.03837462,0.5662611534819006,0.2,0.04725831747055054,-0.6709894919767976,0.0003,5530,0.11711075901985168,0.236328125,-0.04256509915139759
576,1136640,0.18357270000000012,555,1971,300.0,0.040182963,0.3172326576896012,0.2,0.21234214305877686,-0.6778732854872942,0.0003,5540,0.04231364279985428,0.232958984375,-0.04528417524124961
576,1138688,0.15695473000000007,556,1973,300.0,0.051615667,0.23555073346942662,0.2,-0.07847440242767334,-0.653240211494267,0.0003,5550,0.01886408030986786,0.26279296875,-0.04865596627059858
577,1140736,0.3070613300000002,557,1976,300.0,0.04534952,0.31875601769424977,0.2,0.16800004243850708,-0.6671569049358368,0.0003,5560,0.1166067123413086,0.244189453125,-0.046090818685479464
577,1142784,0.07429408000000008,558,1978,300.0,0.05909636,0.1691946168895811,0.2,0.26173388957977295,-0.6383712558075786,0.0003,5570,0.030569538474082947,0.247216796875,-0.04596214461780619
577,1144832,0.024556160000000223,559,1980,300.0,0.054323427,0.2265178134664893,0.2,-0.06729114055633545,-0.6536327427253127,0.0003,5580,0.09515224397182465,0.254443359375,-0.045754242720431645
578,1146880,-0.4454457499999998,560,1982,300.0,0.04975878,0.33516567121259866,0.2,0.11735987663269043,-0.6472289144992829,0.0003,5590,0.06451691687107086,0.2427734375,-0.04207975065219216
578,1148928,-0.09229420999999992,561,1985,300.0,0.046303377,0.29895082926377653,0.2,0.2773330807685852,-0.6552300627343357,0.0003,5600,0.02278076857328415,0.246923828125,-0.04435924549761694
578,1150976,-0.0016267499999999529,562,1987,300.0,0.056528598,0.30262162028811873,0.2,0.011751770973205566,-0.6389674307778478,0.0003,5610,0.06694703549146652,0.254736328125,-0.04077751131408149
579,1153024,-0.07327998999999984,563,1990,300.0,0.05588223,0.20899940945673734,0.2,0.10925018787384033,-0.632989395968616,0.0003,5620,0.0049192458391189575,0.25263671875,-0.04574095989519265
579,1155072,0.2174138600000001,564,1992,300.0,0.039442234,0.6463991936296225,0.2,0.12769269943237305,-0.6432843238115311,0.0003,5630,0.13181310892105103,0.23623046875,-0.0436632157798158
580,1157120,0.52425709,565,1994,300.0,0.045216292,0.16423901505768299,0.2,0.4867976903915405,-0.6328657300211489,0.0003,5640,0.02172384411096573,0.241064453125,-0.047792452160501854
580,1159168,0.14797351000000014,566,1997,300.0,0.041890502,0.21591461894568056,0.2,0.49013155698776245,-0.6330333565361798,0.0003,5650,0.019665338099002838,0.234814453125,-0.04406172015005723
580,1161216,-0.021426669999999922,567,1999,300.0,0.050261404,0.42299165269359945,0.2,0.39050382375717163,-0.6284869633615017,0.0003,5660,0.11874924600124359,0.245166015625,-0.045824911058298314
580,1163264,-0.39546264000000014,568,2002,300.0,0.04698361,0.3575362279545516,0.2,0.4113960862159729,-0.6368721753358841,0.0003,5670,0.07813496887683868,0.24423828125,-0.04451402780541684
581,1165312,-0.9411136299999999,569,2005,300.0,0.05028577,0.37408644990064205,0.2,0.22318720817565918,-0.6241145224310458,0.0003,5680,0.08798974007368088,0.25654296875,-0.043111361362389286
581,1167360,-1.2045299999999999,570,2007,300.0,0.06120801,0.15649368788581342,0.2,0.4456599950790405,-0.6089496969245374,0.0003,5690,0.007532685995101929,0.25859375,-0.04535111360892188
581,1169408,-1.0090012200000003,571,2009,300.0,0.054326024,0.10582595438463613,0.2,0.4778568148612976,-0.6216182101517915,0.0003,5700,-0.02397119626402855,0.25791015625,-0.04272262872837018
582,1171456,-1.40104734,572,2011,300.0,0.042813204,0.22862260893452913,0.2,0.2129380702972412,-0.642512715049088,0.0003,5710,0.03768420219421387,0.245166015625,-0.042092341452371326
582,1173504,-0.99340102,573,2013,300.0,0.036936782,1.0063463225960732,0.2,0.1313912272453308,-0.621081630513072,0.0003,5720,0.286528617143631,0.221826171875,-0.04327673764200881
583,1175552,-0.66900719,574,2016,300.0,0.049264923,0.2686535090673715,0.2,0.16447174549102783,-0.6063808720558882,0.0003,5730,0.06700449436903,0.24091796875,-0.042801190179307017
583,1177600,-0.36607356999999996,575,2018,300.0,0.054756656,0.10678828333038837,0.2,0.37003666162490845,-0.62501574838534,0.0003,5740,-0.030631087720394135,0.26728515625,-0.04967251849884633
583,1179648,-0.2570440399999998,576,2020,300.0,0.046891816,0.19395684383343906,0.2,0.4094417095184326,-0.6149603053927422,0.0003,5750,0.0205828957259655,0.237060546875,-0.03980368522461504
584,1181696,-0.06017689999999989,577,2022,300.0,0.045259833,0.23469250062480568,0.2,0.27791309356689453,-0.6357720654457808,0.0003,5760,0.03456846624612808,0.23369140625,-0.04494432684441563
584,1183744,-0.1995339699999999,578,2025,300.0,0.046460718,0.08050335315056145,0.2,-0.038222432136535645,-0.5929535252973437,0.0003,5770,-0.04844866320490837,0.244921875,-0.04092020564276026
584,1185792,-0.19431206999999995,579,2027,300.0,0.045267306,0.2566212728619576,0.2,0.05372244119644165,-0.6240964542143047,0.0003,5780,0.030606381595134735,0.246728515625,-0.04479817744577304
585,1187840,-0.3534600799999999,580,2029,300.0,0.04637628,0.17669087273534387,0.2,0.15500271320343018,-0.6325982194393873,0.0003,5790,-0.005381155759096146,0.236328125,-0.04034550766518805
585,1189888,-0.17854938999999995,581,2031,300.0,0.0453114,0.2719531619455665,0.2,-0.028874874114990234,-0.6302358448505402,0.0003,5800,0.022559545934200287,0.23837890625,-0.04497003318974748
586,1191936,0.51891705,582,2033,300.0,0.037717864,0.5119016201235354,0.2,0.09643852710723877,-0.6452054006978869,0.0003,5810,0.08381281048059464,0.227880859375,-0.04351805078622419
586,1193984,0.7638475799999999,583,2036,300.0,0.039651137,0.5013797640334815,0.2,0.1372484564781189,-0.6356670968234539,0.0003,5820,0.16011612117290497,0.220166015625,-0.04028633170237299
586,1196032,1.1649219199999998,584,2039,300.0,0.04259372,0.32997764549218117,0.2,0.29927414655685425,-0.6105674189515412,0.0003,5830,0.08133227378129959,0.230712890625,-0.040888115549751095
586,1198080,1.1314954,585,2042,300.0,0.0448361,0.7463369390927255,0.2,0.29003238677978516,-0.6173281840980053,0.0003,5840,0.18745927512645721,0.24873046875,-0.04305921974591911
567,1200128,0.98979405,586,2112,300.0,0.04980854,0.3335058863274753,0.2,0.5301976203918457,-0.608530520554632,0.0003,5850,0.06347188353538513,0.242822265625,-0.044285458480590026
568,1202176,1.7438623199999999,587,2115,300.0,0.039186727,0.4397905078250915,0.2,0.6431071758270264,-0.6305937225930393,0.0003,5860,0.13713552057743073,0.24794921875,-0.04334210235101636
568,1204224,1.4759799199999997,588,2118,300.0,0.048218355,0.24359280792996288,0.2,0.627460241317749,-0.610470412299037,0.0003,5870,0.07104142010211945,0.243798828125,-0.04330475757305976
568,1206272,1.45162265,589,2120,300.0,0.046851814,0.26386493393220006,0.2,0.6132502555847168,-0.6141197114251554,0.0003,5880,0.018899500370025635,0.249658203125,-0.04579170216165949
569,1208320,1.3340666200000002,590,2123,300.0,0.047240093,0.4173184788785875,0.2,0.41845840215682983,-0.6294008148834109,0.0003,5890,0.12495111674070358,0.239501953125,-0.04191946643695701
569,1210368,1.2070382499999999,591,2125,300.0,0.04466237,0.6287317492067814,0.2,0.0547260046005249,-0.619986811466515,0.0003,5900,0.2598877251148224,0.219384765625,-0.03929369584366214
569,1212416,1.4582400699999996,592,2127,300.0,0.054935105,0.20912487513851374,0.2,-0.0017981529235839844,-0.6240763275884091,0.0003,5910,0.0224333256483078,0.2470703125,-0.04398362363572232
570,1214464,1.2856950799999998,593,2130,300.0,0.050846145,0.23214178360067309,0.2,0.13788002729415894,-0.6178180774673819,0.0003,5920,0.029048636555671692,0.24404296875,-0.043502015178091824
570,1216512,1.2992376399999999,594,2132,300.0,0.046909004,0.29028851822949947,0.2,0.26306653022766113,-0.6066534231416881,0.0003,5930,0.058254726231098175,0.244091796875,-0.044386196252889934
570,1218560,1.36694344,595,2135,300.0,0.056131806,0.17879970187786967,0.2,0.47024691104888916,-0.6397954564541578,0.0003,5940,-0.004896052181720734,0.2619140625,-0.04537887899496127
571,1220608,1.32872011,596,2137,300.0,0.05348534,0.32475811783224345,0.2,0.2839720845222473,-0.6155912518501282,0.0003,5950,0.057577960193157196,0.2509765625,-0.042651863829814826
571,1222656,0.4753177500000001,597,2139,300.0,0.044385247,0.24992840699851512,0.2,0.2633625864982605,-0.6224957727827132,0.0003,5960,0.061858825385570526,0.243505859375,-0.04324266768235248
571,1224704,0.29693385000000005,598,2141,300.0,0.041976273,0.34753858209587635,0.2,0.28299957513809204,-0.6104915800504387,0.0003,5970,0.09381677955389023,0.23671875,-0.04096457010600716
572,1226752,0.4305217399999999,599,2143,300.0,0.05371993,0.3395751531235874,0.2,0.23045134544372559,-0.6394494210369885,0.0003,5980,0.1350722759962082,0.2609375,-0.045634255791082975
572,1228800,-0.033163760000000125,600,2146,300.0,0.047604635,0.23012666655704378,0.2,-0.1930011510848999,-0.6088168842718005,0.0003,5990,0.03226378560066223,0.244921875,-0.046331561845727266
572,1230848,-0.3989626700000001,601,2148,300.0,0.040265024,0.815722880139947,0.2,0.021852493286132812,-0.6077724492177368,0.0003,6000,0.38014844059944153,0.21083984375,-0.03744712493789848
573,1232896,-0.5556023099999999,602,2150,300.0,0.047513,0.24369119482580573,0.2,-0.023157835006713867,-0.6195321476086975,0.0003,6010,0.06828851997852325,0.24375,-0.04443819427397102
573,1234944,-0.86484943,603,2152,300.0,0.046195894,0.37923020026646553,0.2,0.10585087537765503,-0.6063175450079143,0.0003,6020,0.09523740410804749,0.241796875,-0.04116730766836554
573,1236992,-0.82611399,604,2155,300.0,0.04508375,0.3434003486763686,0.2,0.3085208535194397,-0.6107455401681363,0.0003,6030,0.12758392095565796,0.238623046875,-0.04389112087956164
574,1239040,-1.22774155,605,2157,300.0,0.04675343,0.22616357561200856,0.2,0.4211881160736084,-0.6125443146564067,0.0003,6040,0.02399243414402008,0.234375,-0.04104220518638613
574,1241088,-0.9682137900000001,606,2159,300.0,0.04615607,0.30231756968423723,0.2,0.4914865493774414,-0.625967176258564,0.0003,6050,0.07753418385982513,0.261474609375,-0.04453998686221894
575,1243136,-1.3784081300000002,607,2161,300.0,0.053427424,0.22850271556526422,0.2,0.613013505935669,-0.6195928799919784,0.0003,6060,0.060495324432849884,0.256689453125,-0.04826998418720905
575,1245184,-1.3154562499999998,608,2163,300.0,0.053440727,0.2899023598060012,0.2,0.4355142116546631,-0.6124870842322707,0.0003,6070,0.08465864509344101,0.243212890625,-0.04082125178829301
575,1247232,-0.8869153700000001,609,2165,300.0,0.053467527,0.22143406334798782,0.2,0.48200279474258423,-0.6165558015927672,0.0003,6080,0.03311730548739433,0.260986328125,-0.04734562623198144
576,1249280,-1.4683124500000002,610,2168,300.0,0.04501192,0.3743621911853552,0.2,0.48947203159332275,-0.6141608916223049,0.0003,6090,0.1277076154947281,0.2337890625,-0.04299032216367778
576,1251328,-1.2138458200000004,611,2170,300.0,0.058201108,0.12296269899234176,0.2,0.2942497134208679,-0.5876649181358516,0.0003,6100,8.213892579078674e-05,0.242333984375,-0.044654506962979214
576,1253376,-1.06531696,612,2172,300.0,0.044252582,0.43097261535003784,0.2,-0.002686619758605957,-0.5746525269001722,0.0003,6110,0.15532180666923523,0.2330078125,-0.03829798550432315
577,1255424,-1.08122834,613,2174,300.0,0.05224225,0.2104915154632181,0.2,-0.0166318416595459,-0.5970973771065473,0.0003,6120,0.03799664229154587,0.242431640625,-0.046123292166157626
577,1257472,-1.0255294300000002,614,2177,300.0,0.05384148,0.17573841409757734,0.2,0.1976044774055481,-0.6007674840278924,0.0003,6130,0.018649358302354813,0.24873046875,-0.04256781788280932
577,1259520,-0.2139168099999999,615,2179,300.0,0.043370433,0.4616964442655444,0.2,0.07534152269363403,-0.5773581833578646,0.0003,6140,0.216447114944458,0.2388671875,-0.040915434542694126
578,1261568,-0.43082784000000013,616,2181,300.0,0.052062977,0.6210670730099082,0.2,-0.028415799140930176,-0.5999985349364578,0.0003,6150,0.22642098367214203,0.236083984375,-0.03894639252393972
578,1263616,-0.49337458999999995,617,2183,300.0,0.04923413,0.13748840184416622,0.2,0.10566049814224243,-0.5936090538278223,0.0003,6160,0.031990665942430496,0.2443359375,-0.04213823531172238
579,1265664,-0.45802450000000006,618,2185,300.0,0.044686154,0.4093378712423146,0.2,-0.024262428283691406,-0.6242389255203307,0.0003,6170,0.07856353372335434,0.237744140625,-0.04537581338081509
579,1267712,-0.3595833799999999,619,2187,300.0,0.043281592,0.190771432640031,0.2,0.06559175252914429,-0.6062767087481916,0.0003,6180,0.03205738589167595,0.24169921875,-0.04028674029395916
579,1269760,-0.36897921000000006,620,2189,300.0,0.04961887,0.24111609715037047,0.2,0.0590631365776062,-0.5866931900382042,0.0003,6190,0.0682256743311882,0.239306640625,-0.042601820817799306
580,1271808,-0.48458066999999994,621,2191,300.0,0.043738395,0.36907543973065915,0.2,0.13122546672821045,-0.5919673821888864,0.0003,6200,0.0725756511092186,0.226806640625,-0.04326671651215293
580,1273856,-0.47588699999999995,622,2194,300.0,0.04363752,0.42248231465928254,0.2,-0.0022552013397216797,-0.581891187466681,0.0003,6210,0.1317802369594574,0.232763671875,-0.04058505006687483
580,1275904,-0.8097104500000002,623,2196,300.0,0.04392345,0.17094575462397188,0.2,0.22281324863433838,-0.5875728268176317,0.0003,6220,-0.010230518877506256,0.226025390625,-0.038859851335291754
581,1277952,-0.8904264100000002,624,2198,300.0,0.046267293,0.18681765180081128,0.2,0.03828519582748413,-0.5732154933735728,0.0003,6230,-0.019002504646778107,0.237890625,-0.04311840269801905
581,1280000,-0.72288035,625,2200,300.0,0.06755812,0.1840035269036889,0.2,0.20936435461044312,-0.5961443441919982,0.0003,6240,0.01183559000492096,0.235302734375,-0.042235730652464554
582,1282048,-0.5636717,626,2202,300.0,0.04443145,0.11184560436522588,0.2,0.3914673328399658,-0.5987444804981351,0.0003,6250,0.028490308672189713,0.2361328125,-0.041943706179154105
582,1284096,-0.13895858,627,2204,300.0,0.055271048,0.15873618989717214,0.2,0.5534096956253052,-0.5920376287773251,0.0003,6260,0.016225405037403107,0.2513671875,-0.04552249686094001
582,1286144,0.2943631600000002,628,2207,300.0,0.04649476,0.34700581775978206,0.2,0.34721696376800537,-0.5813429959118366,0.0003,6270,0.10464850068092346,0.240966796875,-0.04214088798617013
583,1288192,0.4445042599999999,629,2209,300.0,0.04374364,0.46710482966154815,0.2,0.2721251845359802,-0.5855173389427364,0.0003,6280,0.13421940803527832,0.246435546875,-0.04459722592437174
583,1290240,0.3158571399999999,630,2211,300.0,0.048888847,0.14906784768681974,0.2,0.5520812273025513,-0.5984170312061906,0.0003,6290,-0.013131208717823029,0.23740234375,-0.0448921189585235
583,1292288,0.30363741,631,2213,300.0,0.05250557,0.21343354790005833,0.2,0.32412219047546387,-0.5958780341781675,0.0003,6300,0.009134620428085327,0.238623046875,-0.043120703598833646
584,1294336,0.17957204000000007,632,2215,300.0,0.046423845,0.26022775056771935,0.2,0.05017375946044922,-0.5808233573101461,0.0003,6310,0.04407312721014023,0.24384765625,-0.041341901200939904
584,1296384,0.05777035000000023,633,2217,300.0,0.04876345,0.12892168294638395,0.2,0.13017070293426514,-0.5999910387210547,0.0003,6320,-0.021220620721578598,0.222607421875,-0.04157369174354244
584,1298432,0.2003973900000001,634,2219,300.0,0.048322942,0.1854044621810317,0.2,0.3124670386314392,-0.6116261068731547,0.0003,6330,0.02047961950302124,0.2330078125,-0.04232358442532132
569,1300480,0.32394827,635,2285,300.0,0.044745646,0.2737564864102751,0.2,0.2733299732208252,-0.6032465517520904,0.0003,6340,0.09443604946136475,0.2517578125,-0.04684104674961418
569,1302528,0.4944815999999998,636,2287,300.0,0.047282718,0.2816920768935233,0.2,0.37933021783828735,-0.601263172738254,0.0003,6350,0.10663124918937683,0.247265625,-0.046619071983150205
569,1304576,0.9143171200000002,637,2289,300.0,0.052112848,0.26029865704476834,0.2,0.15124112367630005,-0.5809660091996193,0.0003,6360,0.06056525558233261,0.240576171875,-0.04506884932052344
570,1306624,1.0249526800000002,638,2291,300.0,0.04757532,0.18206867494154721,0.2,0.17175078392028809,-0.5843274890445173,0.0003,6370,-0.01639624685049057,0.247998046875,-0.04310031102213543
570,1308672,0.6975776599999999,639,2294,300.0,0.048190903,0.16234537758864462,0.2,-0.030780553817749023,-0.6063703272491694,0.0003,6380,-0.00983874499797821,0.242578125,-0.04301059977442492
570,1310720,0.9749938600000001,640,2296,300.0,0.036956765,0.27402509753592313,0.2,0.12610960006713867,-0.5973925129510462,0.0003,6390,0.06331086158752441,0.228759765625,-0.041509300059988166
571,1312768,1.0988243100000001,641,2298,300.0,0.050760966,0.178925998066552,0.2,0.14033234119415283,-0.5826846168376505,0.0003,6400,-0.00598444789648056,0.2369140625,-0.04279025922587607
571,1314816,0.61200702,642,2300,300.0,0.049146526,0.3199801615905017,0.2,-0.13692212104797363,-0.571897198446095,0.0003,6410,0.04685092717409134,0.2322265625,-0.04153634012618568
571,1316864,0.31595586000000003,643,2302,300.0,0.05123222,0.10881070733303204,0.2,0.035072386264801025,-0.5882729651406408,0.0003,6420,-0.03048849105834961,0.25,-0.045032190426718445
572,1318912,0.32733608999999997,644,2305,300.0,0.046131395,0.18339577428996562,0.2,0.2432040572166443,-0.607568746060133,0.0003,6430,0.007362581789493561,0.2291015625,-0.04211851466388907
572,1320960,0.4595658000000002,645,2307,300.0,0.04833036,0.2667209421750158,0.2,0.29110491275787354,-0.6093109073117375,0.0003,6440,0.05330556631088257,0.234375,-0.045869593817042184
572,1323008,0.4378891000000001,646,2309,300.0,0.046370156,0.3190058294683695,0.2,0.10765951871871948,-0.5742944062687456,0.0003,6450,0.07483600825071335,0.2212890625,-0.03875356520002242
573,1325056,0.7056893000000001,647,2311,300.0,0.053800046,0.13002431307686493,0.2,0.43111443519592285,-0.612924529146403,0.0003,6460,-0.06206906959414482,0.243896484375,-0.042986172367091055
573,1327104,0.5792100399999998,648,2313,300.0,0.044542868,0.4529528782237321,0.2,0.2566816210746765,-0.5834042209200561,0.0003,6470,0.10648289322853088,0.233203125,-0.03679337134963134
573,1329152,0.28498021000000007,649,2315,300.0,0.049803108,0.32510241768322884,0.2,0.12248581647872925,-0.6115203408524394,0.0003,6480,0.03452906757593155,0.244970703125,-0.04479613647563383
574,1331200,-0.25976284000000005,650,2318,300.0,0.050010577,0.2278928748331964,0.2,0.054474472999572754,-0.5908614159561694,0.0003,6490,0.00527481734752655,0.2505859375,-0.04387599402980413
574,1333248,-0.21118135,651,2320,300.0,0.05390548,0.3041606828104705,0.2,0.10284948348999023,-0.5941176229156554,0.0003,6500,0.09815621376037598,0.2396484375,-0.04228382828150643
574,1335296,-0.6362099499999999,652,2322,300.0,0.046610337,0.44345941063947975,0.2,0.05529129505157471,-0.6017580480314791,0.0003,6510,0.11546453088521957,0.2380859375,-0.04311405223561451
575,1337344,-0.5964525300000001,653,2324,300.0,0.047829498,0.4236718255095184,0.2,0.07448601722717285,-0.5772168247960507,0.0003,6520,0.1431940346956253,0.23056640625,-0.04337545348098502
575,1339392,0.009167099999999904,654,2327,300.0,0.049732313,0.09836340696783737,0.2,0.29104113578796387,-0.6006015953607857,0.0003,6530,-0.04212870076298714,0.25673828125,-0.046662143501453104
575,1341440,0.1472071100000001,655,2329,300.0,0.050485484,0.13386085418751464,0.2,0.38245517015457153,-0.601960111502558,0.0003,6540,0.006469167768955231,0.2392578125,-0.043033357254171276
576,1343488,-0.09639709999999999,656,2331,300.0,0.04528936,0.42597474064677954,0.2,0.13011115789413452,-0.5882088663056493,0.0003,6550,0.15629597008228302,0.232763671875,-0.04377699526376091
576,1345536,0.18239438000000022,657,2333,300.0,0.038509056,0.7193189558573068,0.2,-0.003475666046142578,-0.5744317965582013,0.0003,6560,0.3382551074028015,0.207568359375,-0.04012594816304045
576,1347584,-0.18386769,658,2335,300.0,0.043936893,0.38053197767585517,0.2,0.23146241903305054,-0.5851931072771549,0.0003,6570,0.09707489609718323,0.23544921875,-0.04346933365450241
577,1349632,-0.16460413000000002,659,2338,300.0,0.04827121,0.44245632300153376,0.2,0.180597186088562,-0.5903710938058794,0.0003,6580,0.06546200811862946,0.221533203125,-0.04160304000542965
577,1351680,-0.03939593000000021,660,2340,300.0,0.053252593,0.359095494216308,0.2,0.31476926803588867,-0.5907243808731437,0.0003,6590,0.1123754158616066,0.24990234375,-0.0442438233672874
577,1353728,0.2802243299999998,661,2342,300.0,0.04329979,0.1909660424804315,0.2,0.26903367042541504,-0.563625761680305,0.0003,6600,-0.0018266886472702026,0.227099609375,-0.04073326299258042
578,1355776,0.43020228999999977,662,2344,300.0,0.047913812,0.24786200048401952,0.2,0.21916109323501587,-0.5823886725120246,0.0003,6610,0.015866752713918686,0.244677734375,-0.0391036763379816
578,1357824,0.28370458,663,2346,300.0,0.050740182,0.3316551140509546,0.2,0.2766973376274109,-0.5876549391075969,0.0003,6620,0.07258807867765427,0.23837890625,-0.04282731113780756
578,1359872,0.58538427,664,2348,300.0,0.0529014,0.10362789726350456,0.2,0.4724763035774231,-0.5842519615776837,0.0003,6630,-0.020430132746696472,0.24453125,-0.043459198175696656
579,1361920,0.4356893499999998,665,2351,300.0,0.04749928,0.30450066747143867,0.2,0.4596704840660095,-0.5748158518224955,0.0003,6640,0.07949234545230865,0.234765625,-0.04342588182189502
579,1363968,0.3888880199999997,666,2353,300.0,0.054597404,0.23575294576585293,0.2,0.5467849969863892,-0.5921928676776588,0.0003,6650,0.0428716242313385,0.24609375,-0.044399302155943586
579,1366016,0.37935513,667,2355,300.0,0.0465134,0.7391337076202035,0.2,0.19485127925872803,-0.5723919793963432,0.0003,6660,0.20619703829288483,0.23505859375,-0.0398441777942935
580,1368064,-0.16333513999999993,668,2358,300.0,0.04344684,0.5258003553375602,0.2,0.16864323616027832,-0.603862215206027,0.0003,6670,0.12226102501153946,0.230126953125,-0.04504072682466358
580,1370112,-0.47259470000000015,669,2360,300.0,0.050755285,0.1890541128348559,0.2,0.23959320783615112,-0.5957585130818188,0.0003,6680,0.021358735859394073,0.24697265625,-0.044871951069217174
580,1372160,-0.18777019000000017,670,2362,300.0,0.05285471,0.3288049327209592,0.2,0.2066049575805664,-0.5941640668548643,0.0003,6690,0.06825610250234604,0.2369140625,-0.0440208982778131
581,1374208,-0.48031832,671,2364,300.0,0.05647987,0.24051308892667295,0.2,0.04872781038284302,-0.5914547707885504,0.0003,6700,0.022516056895256042,0.246484375,-0.0457249490194954
581,1376256,-0.5506893799999999,672,2366,300.0,0.0502272,0.30763700562529267,0.2,0.09242230653762817,-0.5782032391056419,0.0003,6710,0.04860605299472809,0.248681640625,-0.04490410255384632
581,1378304,-0.52248795,673,2368,300.0,0.067200065,0.27166955452412367,0.2,-0.08399462699890137,-0.5589209067635238,0.0003,6720,0.029770053923130035,0.2548828125,-0.04357144953974057
582,1380352,-0.49038590000000004,674,2370,300.0,0.051685803,0.19706618112977595,0.2,0.2525385618209839,-0.559628776833415,0.0003,6730,0.010622017085552216,0.24716796875,-0.04310031772765797
582,1382400,-0.29138264999999997,675,2372,300.0,0.05643361,0.46293707443401216,0.2,-0.07082200050354004,-0.5768939565867186,0.0003,6740,0.10821735858917236,0.24208984375,-0.04119658935815096
582,1384448,-0.38777713999999996,676,2374,300.0,0.049371053,0.23750367108732462,0.2,0.04456520080566406,-0.5661950375884771,0.0003,6750,0.06395843625068665,0.24111328125,-0.04358879173814785
583,1386496,-0.6127491899999998,677,2376,300.0,0.056814324,0.37223805859684944,0.2,-0.03740251064300537,-0.5618037435226142,0.0003,6760,0.09839104115962982,0.24501953125,-0.041366780115640725
583,1388544,-0.6894594200000003,678,2379,300.0,0.04628828,0.6139435838907957,0.2,0.015547335147857666,-0.5621983703225851,0.0003,6770,0.13973240554332733,0.234423828125,-0.04457812379696406
584,1390592,-0.84142893,679,2381,300.0,0.053800534,0.18797670921776444,0.2,-0.1332838535308838,-0.571230395231396,0.0003,6780,0.015508465468883514,0.24912109375,-0.045116452376532834
584,1392640,-0.5949094,680,2383,300.0,0.048101038,0.2997035992331803,0.2,0.07850033044815063,-0.5592221694998443,0.0003,6790,0.03523017466068268,0.243896484375,-0.04415708873129916
584,1394688,0.041070859999999945,681,2385,300.0,0.056425504,0.19573790116701276,0.2,0.030096828937530518,-0.5736074618995189,0.0003,6800,0.01478952169418335,0.24775390625,-0.04326472602406284
584,1396736,-0.01920012000000007,682,2387,300.0,0.051293314,0.24561385898850857,0.2,0.11841326951980591,-0.5843346078880132,0.0003,6810,0.06602631509304047,0.242724609375,-0.04213251405744813
585,1398784,0.008913560000000022,683,2389,300.0,0.044683155,0.5028695457614958,0.2,0.16064876317977905,-0.5835063449107111,0.0003,6820,0.12878471612930298,0.223388671875,-0.04242764606024139
570,1400832,0.24787046000000018,684,2455,300.0,0.052228086,0.215673456992954,0.2,0.36239588260650635,-0.5761166869662702,0.0003,6830,0.010754652321338654,0.24736328125,-0.04567518456024118
570,1402880,-0.0326955199999999,685,2458,300.0,0.055803154,0.3588277874980122,0.2,0.3881543278694153,-0.5895707131363451,0.0003,6840,0.0789562314748764,0.2544921875,-0.0473519166582264
571,1404928,0.11617630000000012,686,2460,300.0,0.04930499,0.41351421317085624,0.2,0.31065016984939575,-0.5646143837831914,0.0003,6850,0.08200909197330475,0.24453125,-0.04599068122624885
571,1406976,0.017488750000000178,687,2462,300.0,0.054306496,0.10618030083132908,0.2,0.492949903011322,-0.569141031615436,0.0003,6860,-0.02437826246023178,0.246435546875,-0.04618391336989589
571,1409024,0.04202762999999989,688,2464,300.0,0.04566861,0.41032581301406024,0.2,0.24692368507385254,-0.573807907756418,0.0003,6870,0.10393741726875305,0.233642578125,-0.0385560552123934
572,1411072,-0.75381473,689,2466,300.0,0.056675322,0.15023101961705834,0.2,0.00136488676071167,-0.5852047979831696,0.0003,6880,-0.004372462630271912,0.2515625,-0.045738525473279876
572,1413120,-1.3034717700000005,690,2468,300.0,0.049505584,0.3253455422818661,0.2,-0.0031964778900146484,-0.5849202475510538,0.0003,6890,0.08741889148950577,0.235400390625,-0.0422713142063003
572,1415168,-0.50501408,691,2470,300.0,0.054347128,0.24010749333538114,0.2,0.024840056896209717,-0.5667814649641514,0.0003,6900,0.014934711158275604,0.249267578125,-0.04711662396439351
573,1417216,-0.6847034699999998,692,2472,300.0,0.054593157,0.29361174665391443,0.2,0.13097310066223145,-0.5615408480167389,0.0003,6910,0.05458379536867142,0.250830078125,-0.043249398535408545
573,1419264,-0.67422221,693,2475,300.0,0.065773696,0.2915176449343562,0.2,0.11959755420684814,-0.5687048457562923,0.0003,6920,0.038578689098358154,0.2505859375,-0.04265579346538288
573,1421312,-0.32621289999999975,694,2478,300.0,0.049275566,0.32215749635361135,0.2,0.14833968877792358,-0.5642380786128343,0.0003,6930,0.052986398339271545,0.243408203125,-0.045178994981688446
573,1423360,-0.37397702999999993,695,2480,300.0,0.044520155,0.28180853091180325,0.2,0.32939422130584717,-0.5747291778214276,0.0003,6940,0.09986524283885956,0.237060546875,-0.044522579840850084
574,1425408,-0.46560393000000005,696,2482,300.0,0.059497535,0.2945546270813793,0.2,0.4055209755897522,-0.5653968968428671,0.0003,6950,0.04104036092758179,0.24013671875,-0.04276615476992447
574,1427456,-0.14690521000000006,697,2485,300.0,0.051005818,0.22263535666279494,0.2,0.42244887351989746,-0.568824477866292,0.0003,6960,0.03586713597178459,0.2421875,-0.04174773247796111
574,1429504,-0.14464854000000002,698,2487,300.0,0.05028446,0.26293657296337186,0.2,0.3795340657234192,-0.5517231963574887,0.0003,6970,0.09559938311576843,0.232177734375,-0.043703408061992376
575,1431552,-0.07038415999999986,699,2489,300.0,0.038754176,0.6666332400403917,0.2,0.19366103410720825,-0.5648688167333603,0.0003,6980,0.23582209646701813,0.211669921875,-0.04137220105330926
575,1433600,0.4353254700000001,700,2491,300.0,0.045041308,0.4893733522854745,0.2,0.27409827709198,-0.5408581779338419,0.0003,6990,0.10803894698619843,0.218603515625,-0.041900882878690024
575,1435648,0.7739041,701,2493,300.0,0.052011736,0.5982783668674528,0.2,0.26283466815948486,-0.5557395818643271,0.0003,7000,0.18738684058189392,0.24912109375,-0.04241032645222731
576,1437696,1.0017191699999999,702,2495,300.0,0.053146966,0.16985106174834072,0.2,0.49135249853134155,-0.549975605122745,0.0003,7010,-0.0025268420577049255,0.24560546875,-0.04252395352814346
576,1439744,1.15104873,703,2497,300.0,0.049231596,0.20156884358730168,0.2,0.544590950012207,-0.5577989963814616,0.0003,7020,-0.03360037878155708,0.24365234375,-0.0425780061254045
576,1441792,1.4552447400000004,704,2499,300.0,0.047707163,0.3384164660703391,0.2,0.5233719348907471,-0.5396922783926129,0.0003,7030,0.04481063038110733,0.2310546875,-0.04228895581763936
577,1443840,1.8175165000000002,705,2501,300.0,0.07266084,0.13548284693388268,0.2,0.6729480028152466,-0.5468034167774022,0.0003,7040,0.04163583368062973,0.26171875,-0.04213864734338131
577,1445888,1.1851833000000005,706,2504,300.0,0.055357933,0.25715167745947837,0.2,0.5343173742294312,-0.5459845104254782,0.0003,7050,0.04710516333580017,0.25078125,-0.047705773074267196
577,1447936,1.74034078,707,2506,300.0,0.041528456,0.5882010363042355,0.2,0.3988555073738098,-0.5706964567303657,0.0003,7060,0.23597043752670288,0.229296875,-0.0448456965124933
577,1449984,1.6394321299999999,708,2509,300.0,0.05313075,0.20883017319720237,0.2,0.19398564100265503,-0.5576045577414334,0.0003,7070,0.004670977592468262,0.24580078125,-0.04407976811635308
578,1452032,1.5388026199999998,709,2511,300.0,0.06101437,0.24557091249153018,0.2,0.40040844678878784,-0.5577149082906544,0.0003,7080,0.050427913665771484,0.245654296875,-0.04251760861952789
578,1454080,1.86409224,710,2513,300.0,0.059168722,0.1285935237072408,0.2,0.5884612798690796,-0.560805682092905,0.0003,7090,-0.012638658285140991,0.25126953125,-0.04387062827590853
578,1456128,1.8146791700000007,711,2515,300.0,0.04709299,0.44859065422788263,0.2,0.3478763699531555,-0.5491348722949624,0.0003,7100,0.20642106235027313,0.225732421875,-0.03910721415886655
579,1458176,1.8242352900000003,712,2518,300.0,0.060087837,0.23851226863916963,0.2,0.5732464790344238,-0.5662659882567823,0.0003,7110,0.03800158575177193,0.2357421875,-0.041911215185245966
579,1460224,1.3699873000000002,713,2520,300.0,0.04701617,0.3678567389491946,0.2,0.5014237761497498,-0.5690922561101616,0.0003,7120,0.05633196234703064,0.222509765625,-0.042923669697484
579,1462272,1.6418246300000001,714,2523,300.0,0.049330708,0.3491520216688514,0.2,0.46791166067123413,-0.5615364612080157,0.0003,7130,0.0567115917801857,0.23349609375,-0.041671312547987324
579,1464320,1.1005690200000002,715,2526,300.0,0.050244436,0.6687963898293674,0.2,0.23731738328933716,-0.5688059159554542,0.0003,7140,0.21330346167087555,0.234375,-0.042823141123517414
579,1466368,1.09804307,716,2528,300.0,0.053050168,0.2708567700814456,0.2,0.40513747930526733,-0.5687493070028722,0.0003,7150,0.04241330176591873,0.24208984375,-0.04385313506354578
580,1468416,1.1291884900000002,717,2530,300.0,0.054153178,0.38070103945210576,0.2,0.19533371925354004,-0.5623645436950028,0.0003,7160,0.06554640829563141,0.25234375,-0.045854798538493925
580,1470464,0.9622468199999997,718,2532,300.0,0.049836054,0.39650916610844433,0.2,0.2196558713912964,-0.5594193839468062,0.0003,7170,0.05621869117021561,0.24423828125,-0.044629575856379236
580,1472512,0.9153878900000001,719,2535,300.0,0.05950135,0.19504512110725045,0.2,0.41379737854003906,-0.5692356308922172,0.0003,7180,0.014434367418289185,0.2490234375,-0.04504888080700766
581,1474560,1.2240198600000003,720,2537,300.0,0.061174106,0.0965474804281257,0.2,0.6163100004196167,-0.5807407141663135,0.0003,7190,-0.03232309967279434,0.25439453125,-0.04670037070463877
581,1476608,1.4614371300000002,721,2539,300.0,0.05782419,0.19332044820766897,0.2,0.3842986822128296,-0.5528777542524039,0.0003,7200,-0.00548987090587616,0.2396484375,-0.039557353765121664
581,1478656,1.3587018900000003,722,2542,300.0,0.055328973,0.45285049807280303,0.2,0.20686358213424683,-0.5765089849941433,0.0003,7210,0.22129005193710327,0.245068359375,-0.042258961158222516
581,1480704,1.0983694499999999,723,2544,300.0,0.06310219,0.27052684989757836,0.2,0.06184196472167969,-0.5809788811020553,0.0003,7220,0.031781457364559174,0.27109375,-0.04952875251474324
582,1482752,0.7496361399999997,724,2546,300.0,0.042956304,0.6466655554249883,0.2,0.07149964570999146,-0.5688662346452474,0.0003,7230,0.15275916457176208,0.2236328125,-0.04052250405002269
582,1484800,0.7941184099999999,725,2548,300.0,0.053462006,0.21332915525417775,0.2,-0.05968141555786133,-0.5593687739223242,0.0003,7240,0.05889657139778137,0.23359375,-0.04267797903739847
582,1486848,0.6553945999999997,726,2550,300.0,0.053680003,0.2318262133747339,0.2,0.04241931438446045,-0.5703468087129295,0.0003,7250,0.02561631053686142,0.25205078125,-0.04378620163770393
583,1488896,0.3708713299999999,727,2552,300.0,0.06410278,0.10602828550618142,0.2,-0.1335759162902832,-0.5610116778872907,0.0003,7260,-0.03318694606423378,0.27099609375,-0.045964147604536265
583,1490944,0.17284111000000016,728,2554,300.0,0.060383942,0.32482686527073384,0.2,0.04318588972091675,-0.5651175493374467,0.0003,7270,0.05958205461502075,0.25146484375,-0.047331987484358254
583,1492992,0.17745798000000004,729,2557,300.0,0.04604493,0.5822103932499886,0.2,-0.1216350793838501,-0.5807984549552202,0.0003,7280,0.23648187518119812,0.231298828125,-0.04217303863260895
584,1495040,-0.0682597599999999,730,2559,300.0,0.05186998,0.6690014204010367,0.2,-0.10871458053588867,-0.5686135646887124,0.0003,7290,0.16586372256278992,0.232666015625,-0.04417245624354109
584,1497088,-0.49602428,731,2561,300.0,0.054291226,0.41268634735606613,0.2,-0.057621002197265625,-0.5708798579871655,0.0003,7300,0.11915644258260727,0.248681640625,-0.046897863401682116
584,1499136,-0.64610828,732,2564,300.0,0.060588397,0.20721535622142256,0.2,0.03552788496017456,-0.5785410923883318,0.0003,7310,0.0025603249669075012,0.257861328125,-0.044163398203090766
568,1501184,-0.7169035699999998,733,2641,300.0,0.05422128,0.19770253885071726,0.2,0.12881290912628174,-0.5924790085293352,0.0003,7320,0.042380742728710175,0.254541015625,-0.04168059732182883
568,1503232,-0.5837061099999998,734,2643,300.0,0.054343984,0.27700111805461347,0.2,0.13027864694595337,-0.5816574160940945,0.0003,7330,0.06837349385023117,0.255859375,-0.04786915148579283
568,1505280,-1.2523804599999997,735,2645,300.0,0.05301649,0.25795584698207674,0.2,0.0895271897315979,-0.5834647078998387,0.0003,7340,0.047562990337610245,0.24013671875,-0.04380577132687904
569,1507328,-1.2698703799999997,736,2647,300.0,0.06569386,0.0845676360069774,0.2,0.31029415130615234,-0.5640065161511302,0.0003,7350,-0.03838391602039337,0.252197265625,-0.04234998425235972
569,1509376,-1.2142743299999998,737,2650,300.0,0.05602271,0.2582577907014638,0.2,0.09905862808227539,-0.5706068342551589,0.0003,7360,0.043784596025943756,0.233984375,-0.041844778510858306
569,1511424,-0.84890397,738,2652,300.0,0.050231084,0.39807319827377796,0.2,0.15324294567108154,-0.5657762519083918,0.0003,7370,0.08814989030361176,0.2486328125,-0.04337115328526124
570,1513472,-0.9663351900000001,739,2654,300.0,0.06584296,0.30849974043667316,0.2,0.1465865969657898,-0.5817314095795154,0.0003,7380,0.03541363775730133,0.256103515625,-0.047009353528846984
570,1515520,-1.0841927199999999,740,2657,300.0,0.058237344,0.390180380968377,0.2,0.0977824330329895,-0.5971701204776764,0.0003,7390,0.15449367463588715,0.258203125,-0.044810657053312754
570,1517568,-1.2250155500000002,741,2659,300.0,0.05630088,0.2322435392998159,0.2,0.3184093236923218,-0.5683413838036359,0.0003,7400,0.01162431389093399,0.241796875,-0.04425112331809942
570,1519616,-0.58946583,742,2661,300.0,0.054493643,0.17726353129837663,0.2,0.23164576292037964,-0.5774974234402179,0.0003,7410,0.020636819303035736,0.251953125,-0.043155818775994705
571,1521664,-0.5821903800000002,743,2664,300.0,0.05212586,0.1985395159572363,0.2,0.2852081060409546,-0.5760763718746602,0.0003,7420,0.008603990077972412,0.2494140625,-0.045878037286456674
571,1523712,-0.4655965100000003,744,2666,300.0,0.05846312,0.20740962370764465,0.2,0.2885124087333679,-0.563989866245538,0.0003,7430,0.03147140145301819,0.250341796875,-0.045398330216994506
571,1525760,-0.5618168500000003,745,2668,300.0,0.055938985,0.246463365200907,0.2,0.2849884033203125,-0.5675527457147836,0.0003,7440,0.025935836136341095,0.244873046875,-0.045222232048399744
572,1527808,-0.46311835000000023,746,2670,300.0,0.05977855,0.07377252385485918,0.2,-0.2388463020324707,-0.5639698369428515,0.0003,7450,-0.020117688924074173,0.23994140625,-0.04598469859338365
572,1529856,-0.8576287300000002,747,2673,300.0,0.057928894,0.16924925588537007,0.2,-0.1266462802886963,-0.5680371581576764,0.0003,7460,0.021743901073932648,0.26103515625,-0.044960931001696736
572,1531904,-0.8071456700000001,748,2675,300.0,0.04135198,0.3760223500430584,0.2,-0.07028329372406006,-0.5420370454899966,0.0003,7470,0.12783744931221008,0.21611328125,-0.04244565506814979
572,1533952,-0.7236326200000002,749,2677,300.0,0.04873178,0.3781618159264326,0.2,0.10671013593673706,-0.5554074588231742,0.0003,7480,0.14052921533584595,0.23017578125,-0.041758401016704735
573,1536000,-0.23785422000000014,750,2679,300.0,0.056690887,0.32696127258241175,0.2,0.020225107669830322,-0.553761715721339,0.0003,7490,0.09626820683479309,0.247998046875,-0.045081334997667
573,1538048,-0.12818236000000024,751,2681,300.0,0.04619977,0.4805318527854979,0.2,-0.031164884567260742,-0.5517128583043813,0.0003,7500,0.19431844353675842,0.23759765625,-0.04115449372038711
573,1540096,-0.44254584999999996,752,2684,300.0,0.05157507,0.38851049123331904,0.2,-0.009360671043395996,-0.55591363273561,0.0003,7510,0.11878643184900284,0.242041015625,-0.0418930204687058
574,1542144,-0.6573096100000002,753,2686,300.0,0.05553641,0.2729713798966259,0.2,0.1008562445640564,-0.5587162991985679,0.0003,7520,0.07392910867929459,0.246337890625,-0.04508180051925592
574,1544192,-0.3064395099999999,754,2688,300.0,0.05972705,0.23661379609256983,0.2,-0.02110767364501953,-0.5464045541360975,0.0003,7530,0.04493888467550278,0.247021484375,-0.047327913090703076
574,1546240,-0.33780054,755,2691,300.0,0.0548731,0.4063294728752226,0.2,-0.21779751777648926,-0.5374329159036279,0.0003,7540,0.1209145039319992,0.2287109375,-0.04087856027763337
574,1548288,-0.7691843300000001,756,2693,300.0,0.0526994,0.13554854793474078,0.2,-0.16941070556640625,-0.5530151732265949,0.0003,7550,-0.012569103389978409,0.231103515625,-0.04455568346311338
575,1550336,-0.65949973,757,2695,300.0,0.048209734,0.4417868494056165,0.2,-0.08339536190032959,-0.5581906083039939,0.0003,7560,0.16552308201789856,0.2404296875,-0.043989854282699525
575,1552384,-0.8730229899999997,758,2697,300.0,0.06393486,0.09753169533796609,0.2,-0.041166067123413086,-0.5613986766897142,0.0003,7570,-0.03644932061433792,0.265478515625,-0.043369465482828676
575,1554432,-0.48831610000000014,759,2699,300.0,0.05615882,0.112021146225743,0.2,-0.07890403270721436,-0.5501165357418358,0.0003,7580,-0.05067016929388046,0.245361328125,-0.04608409228821984
576,1556480,-0.6544229899999999,760,2701,300.0,0.0540836,0.1405873314011842,0.2,0.19371670484542847,-0.5525536423549056,0.0003,7590,-0.0026674941182136536,0.23232421875,-0.04340264074562583
576,1558528,-0.14270600999999994,761,2703,300.0,0.051142514,0.4171099422033876,0.2,0.07838457822799683,-0.5376308371312917,0.0003,7600,0.07900331914424896,0.2294921875,-0.041592807858251035
576,1560576,0.10373463000000002,762,2706,300.0,0.057159904,0.3355063295457512,0.2,-0.05166053771972656,-0.5723338538780809,0.0003,7610,0.08754482865333557,0.244287109375,-0.04433878420095425
576,1562624,-0.1798530800000001,763,2708,300.0,0.050169475,0.22913704733364285,0.2,-0.015573978424072266,-0.5568857953883708,0.0003,7620,0.04814096912741661,0.23984375,-0.044757126067997886
577,1564672,-0.6876344500000002,764,2710,300.0,0.055829078,0.43889938686043023,0.2,0.017441749572753906,-0.5552050234749913,0.0003,7630,0.0830969586968422,0.231494140625,-0.04123401657561772
577,1566720,-1.07542892,765,2712,300.0,0.043197237,0.43020969950594007,0.2,-0.0042999982833862305,-0.5590565010905266,0.0003,7640,0.10170692205429077,0.22890625,-0.04545652212545974
577,1568768,-1.25837565,766,2715,300.0,0.068410516,0.1473590396461077,0.2,0.10745561122894287,-0.5507885509170591,0.0003,7650,0.023771420121192932,0.2505859375,-0.044737392739625646
577,1570816,-1.5489406300000002,767,2718,300.0,0.052879713,0.15613152724690735,0.2,0.05938142538070679,-0.5813570150174201,0.0003,7660,0.036911506205797195,0.239013671875,-0.042237243715499063
578,1572864,-1.4991779799999998,768,2720,300.0,0.05191885,0.2545504675246775,0.2,0.26435089111328125,-0.5560907507315278,0.0003,7670,0.021676339209079742,0.233642578125,-0.04303860214567976
578,1574912,-1.2066646300000003,769,2722,300.0,0.053931672,0.17078235405497252,0.2,0.3319530487060547,-0.5620725345797837,0.0003,7680,-0.004599392414093018,0.246533203125,-0.046021184606070166
578,1576960,-0.9930722800000001,770,2724,300.0,0.046410345,0.2102359674172476,0.2,0.32160067558288574,-0.5585081525146961,0.0003,7690,0.028828032314777374,0.228564453125,-0.04200576290022582
579,1579008,-1.1855810900000001,771,2726,300.0,0.04708679,0.41223693303763864,0.2,0.3728359341621399,-0.5506152256391943,0.0003,7700,0.082496777176857,0.230712890625,-0.04145642304356443
579,1581056,-1.03394835,772,2728,300.0,0.048177756,0.3809983305167407,0.2,0.449510395526886,-0.5478469096124172,0.0003,7710,0.07432462275028229,0.23359375,-0.04323154884041287
579,1583104,-0.8822765000000001,773,2730,300.0,0.04661206,0.5324125912040472,0.2,0.4523964524269104,-0.5646569471806288,0.0003,7720,0.21525929868221283,0.2263671875,-0.0429325674806023
579,1585152,-0.8910444599999999,774,2733,300.0,0.055169255,0.4219011465553194,0.2,0.470004141330719,-0.5503093354403973,0.0003,7730,0.2516464591026306,0.240673828125,-0.04419492625020212
580,1587200,-0.38451160000000023,775,2735,300.0,0.048751485,0.33952667051926255,0.2,0.4069223403930664,-0.5615973693318665,0.0003,7740,0.06310191750526428,0.22783203125,-0.042058384581469
580,1589248,-0.026346260000000035,776,2737,300.0,0.051689073,0.16016953906510026,0.2,0.6894881725311279,-0.5611895740963518,0.0003,7750,-0.00278501957654953,0.234326171875,-0.04221974953834433
580,1591296,-0.1150053000000001,777,2739,300.0,0.060958967,0.24066104162484409,0.2,0.587002694606781,-0.5591347496025264,0.0003,7760,0.06501772254705429,0.246630859375,-0.04513133262516931
581,1593344,0.2664646600000001,778,2741,300.0,0.045995384,0.2554644547402859,0.2,0.41232579946517944,-0.5860139360651374,0.0003,7770,0.018050864338874817,0.248291015625,-0.04624716290272772
581,1595392,0.06095514000000003,779,2744,300.0,0.062093213,0.42443275353871285,0.2,0.34303581714630127,-0.5770731005817652,0.0003,7780,0.12052807956933975,0.267822265625,-0.04942606696567964
581,1597440,0.5636696799999998,780,2746,300.0,0.05037052,0.42006185543723407,0.2,0.18728214502334595,-0.5747696243226528,0.0003,7790,0.15674026310443878,0.25517578125,-0.044797947301412934
581,1599488,0.9600521999999998,781,2749,300.0,0.058128685,0.23761983010917903,0.2,0.40021830797195435,-0.554732752405107,0.0003,7800,0.004009522497653961,0.251171875,-0.04589604213251732
568,1601536,0.77638533,782,2817,300.0,0.055994406,0.1953358965460211,0.2,0.48270827531814575,-0.5640276869758963,0.0003,7810,0.016144655644893646,0.247314453125,-0.04756184897269122
568,1603584,0.5969950199999999,783,2819,300.0,0.04991623,0.2430282797664404,0.2,0.3846359848976135,-0.5693138415925205,0.0003,7820,0.08925473690032959,0.2412109375,-0.043671691286726856
568,1605632,0.8734021400000002,784,2822,300.0,0.05214298,0.15200317099224775,0.2,0.7253744006156921,-0.565625786781311,0.0003,7830,0.005800910294055939,0.24931640625,-0.04564634135749657
569,1607680,0.99164943,785,2824,300.0,0.05033993,0.33734524599276483,0.2,0.590233564376831,-0.5633173357695341,0.0003,7840,0.0774373859167099,0.235400390625,-0.045268675591796634
569,1609728,1.4131524400000002,786,2826,300.0,0.047363997,0.29589160478208215,0.2,0.5598914623260498,-0.5347732030786574,0.0003,7850,0.008163198828697205,0.224853515625,-0.04122364824288525
569,1611776,1.1392272900000002,787,2828,300.0,0.053902302,0.714478824660182,0.2,0.31871455907821655,-0.5401250409893692,0.0003,7860,0.27056825160980225,0.233349609375,-0.043317062366986646
569,1613824,0.91236422,788,2831,300.0,0.046363324,0.6102066200226546,0.2,0.31874895095825195,-0.5391926933079958,0.0003,7870,0.18831180036067963,0.230029296875,-0.04248611988732591
570,1615872,0.9006731600000001,789,2833,300.0,0.056209933,0.19623389444313943,0.2,0.5587064027786255,-0.5393488328903914,0.0003,7880,0.005723699927330017,0.23798828125,-0.04568951537949033
570,1617920,0.8677468899999999,790,2836,300.0,0.051582597,0.16573359901085497,0.2,0.5404801964759827,-0.5325325777754187,0.0003,7890,-0.009658925235271454,0.23623046875,-0.041014989221002905
570,1619968,0.5444775799999999,791,2838,300.0,0.05161783,0.256236669793725,0.2,0.41679877042770386,-0.5421563976444304,0.0003,7900,0.08010856807231903,0.238525390625,-0.042105710113537496
570,1622016,0.69187762,792,2841,300.0,0.055302665,0.1766103127039969,0.2,0.410722553730011,-0.5496447284705936,0.0003,7910,-0.0011744052171707153,0.248193359375,-0.046022668151999825
571,1624064,0.7985467900000002,793,2843,300.0,0.055412225,0.24340699964668602,0.2,0.5656455755233765,-0.5406973107717932,0.0003,7920,0.04458564519882202,0.24384765625,-0.044299923288053836
571,1626112,0.8803170299999998,794,2845,300.0,0.05064128,0.4250153828412294,0.2,0.474579393863678,-0.552030024677515,0.0003,7930,0.17861588299274445,0.24580078125,-0.04738404638192151
571,1628160,0.77479822,795,2847,300.0,0.06799327,0.14617145992815495,0.2,0.6463751792907715,-0.5524392515420914,0.0003,7940,-0.01713418960571289,0.250732421875,-0.044130597733601465
572,1630208,0.7940480999999998,796,2849,300.0,0.052657716,0.29267780198715626,0.2,0.44669467210769653,-0.5560303227044642,0.0003,7950,0.06975526362657547,0.24599609375,-0.04707436586322729
572,1632256,1.14154881,797,2852,300.0,0.048380174,0.6043187864124775,0.2,0.27454519271850586,-0.561614908464253,0.0003,7960,0.2638355791568756,0.241455078125,-0.0476251491549192
572,1634304,1.0001672199999998,798,2854,300.0,0.06342932,0.1566477583022788,0.2,0.4398881196975708,-0.5360885072499514,0.0003,7970,-0.019354186952114105,0.241357421875,-0.0424068374093622
572,1636352,0.7426168900000001,799,2856,300.0,0.055299904,0.3505452584475279,0.2,0.3514624238014221,-0.5493500384502112,0.0003,7980,0.12846706807613373,0.23466796875,-0.04074387389264302
572,1638400,0.5557928100000001,800,2860,300.0,0.058111735,0.22974278386682273,0.2,0.29695820808410645,-0.546616842970252,0.0003,7990,0.02317502722144127,0.2421875,-0.04697856922866776
573,1640448,0.5339191000000001,801,2862,300.0,0.04532225,0.4912576258648187,0.2,0.08234715461730957,-0.5400824053213,0.0003,8000,0.08798688650131226,0.213916015625,-0.03903618127806112
573,1642496,0.36205394000000024,802,2865,300.0,0.06452393,0.17149641108699143,0.2,-0.5853148698806763,-0.5414142943918705,0.0003,8010,-0.02184632420539856,0.248046875,-0.04564707011450082
573,1644544,0.21534522000000003,803,2868,300.0,0.043975182,0.5025296495296061,0.2,0.08695560693740845,-0.5328752582892775,0.0003,8020,0.10913706570863724,0.223486328125,-0.04166332960739964
573,1646592,0.5299611800000001,804,2870,300.0,0.049156994,0.4365014991723001,0.2,-0.06766283512115479,-0.5538184258155525,0.0003,8030,0.09732386469841003,0.228759765625,-0.04442808470630553
573,1648640,0.36043365,805,2873,300.0,0.054269698,0.2730416341684759,0.2,0.01199805736541748,-0.5545758381485939,0.0003,8040,0.06134914606809616,0.2439453125,-0.0454040370779694
573,1650688,0.39804345000000013,806,2875,300.0,0.048191268,0.22592267920263112,0.2,0.021457552909851074,-0.5579169543460012,0.0003,8050,0.02455184981226921,0.23818359375,-0.041886453834013085
574,1652736,0.3577346700000002,807,2878,300.0,0.053781565,0.12811657960992306,0.2,0.010883986949920654,-0.5519091285765171,0.0003,8060,0.004935089498758316,0.24345703125,-0.043630955601111056
574,1654784,0.27019182000000014,808,2880,300.0,0.059159562,0.1487003963207826,0.2,-0.022886157035827637,-0.5518614674918354,0.0003,8070,-0.0002238154411315918,0.2537109375,-0.044200667148106734
574,1656832,0.000700460000000156,809,2883,300.0,0.055999756,0.5298976595047862,0.2,0.002418041229248047,-0.5605708102695643,0.0003,8080,0.208433598279953,0.2365234375,-0.042664658481953666
574,1658880,0.4889947899999999,810,2885,300.0,0.05733066,0.3193749227561057,0.2,-0.13059234619140625,-0.5716654688119889,0.0003,8090,0.06357862800359726,0.254443359375,-0.0449295851693023
574,1660928,0.09718437000000002,811,2888,300.0,0.058437645,0.20853608599863946,0.2,0.10406970977783203,-0.5594069557264447,0.0003,8100,0.016439922153949738,0.241943359375,-0.043046871808473955
575,1662976,0.28994428000000005,812,2891,300.0,0.052560583,0.35391427474096415,0.2,-0.0539320707321167,-0.5555437909439206,0.0003,8110,0.13160410523414612,0.24208984375,-0.046331571519840506
575,1665024,0.47854135999999997,813,2893,300.0,0.067892425,0.1883898074971512,0.2,0.07593625783920288,-0.5567297908477485,0.0003,8120,0.0027083978056907654,0.251611328125,-0.045021892504883
575,1667072,0.4086577600000002,814,2895,300.0,0.048273146,0.5510838449001312,0.2,0.010887563228607178,-0.5666997652500868,0.0003,8130,0.167320117354393,0.239892578125,-0.047004933051357514
575,1669120,0.5376932000000001,815,2898,300.0,0.05769506,0.2440953322686255,0.2,0.13910162448883057,-0.555629208497703,0.0003,8140,0.016016241163015366,0.261181640625,-0.04787867677223403
576,1671168,0.27530442,816,2901,300.0,0.052685358,0.2878285868559033,0.2,-0.07140088081359863,-0.5603493292815983,0.0003,8150,0.034913480281829834,0.2365234375,-0.043949272052850576
576,1673216,0.42639648,817,2903,300.0,0.05657595,0.23385340149980038,0.2,0.027794063091278076,-0.5432918810285627,0.0003,8160,-0.005030207335948944,0.23955078125,-0.04357760659622727
576,1675264,0.1265744400000001,818,2905,300.0,0.059563722,0.2521914520068094,0.2,-0.17928242683410645,-0.5504309022799134,0.0003,8170,0.06010851263999939,0.25087890625,-0.041109130146651296
576,1677312,-0.24986603999999996,819,2908,300.0,0.050323762,0.4919753709807992,0.2,0.016377568244934082,-0.5715707504190505,0.0003,8180,0.22918589413166046,0.22021484375,-0.03915562655602116
577,1679360,-0.5516342099999999,820,2910,300.0,0.05804864,0.18713488944340498,0.2,0.044101595878601074,-0.5665145031176507,0.0003,8190,0.048245519399642944,0.242236328125,-0.04340232074609958
577,1681408,-0.5017751800000001,821,2912,300.0,0.045823596,0.5691712193191052,0.2,0.019150733947753906,-0.5752948648296297,0.0003,8200,0.1790488064289093,0.241650390625,-0.044404243724420665
577,1683456,-0.4346099499999999,822,2915,300.0,0.05561527,0.38130551893264053,0.2,-0.12584960460662842,-0.5643870626576245,0.0003,8210,0.04204689711332321,0.24296875,-0.046160814655013385
577,1685504,-0.7048726399999998,823,2917,300.0,0.05469224,0.22072394201532006,0.2,0.12461346387863159,-0.5631842041388154,0.0003,8220,0.03855980932712555,0.2419921875,-0.04378867967461701
577,1687552,-0.9186599700000001,824,2920,300.0,0.051933244,0.2782997967675328,0.2,0.14967679977416992,-0.5519043607637286,0.0003,8230,0.03351088613271713,0.2421875,-0.0411699837204651
578,1689600,-0.8300408600000001,825,2922,300.0,0.054449778,0.14212388780433685,0.2,-0.0323634147644043,-0.5517313475720584,0.0003,8240,-0.01319095492362976,0.2353515625,-0.04383050434989855
578,1691648,-1.1683715300000004,826,2925,300.0,0.04796263,0.34490310279652475,0.2,0.05925697088241577,-0.5676621136255562,0.0003,8250,0.09673857688903809,0.236328125,-0.04516796714160591
578,1693696,-1.5331256600000003,827,2928,300.0,0.049303263,0.7206744253635406,0.2,0.1520397663116455,-0.5799492905847728,0.0003,8260,0.22405311465263367,0.224462890625,-0.043752699511242096
578,1695744,-1.6036468999999998,828,2932,300.0,0.053500168,0.24330190089531242,0.2,0.3798869252204895,-0.5772967861033976,0.0003,8270,0.03428024798631668,0.246728515625,-0.04418328894680599
578,1697792,-1.52328654,829,2935,300.0,0.050325323,0.32191510070115326,0.2,0.3119965195655823,-0.566751875821501,0.0003,8280,0.06263157725334167,0.236328125,-0.04313298815541202
578,1699840,-1.3389585,830,2938,300.0,0.050239664,0.17525609452277421,0.2,0.5942052602767944,-0.5572626591660083,0.0003,8290,-0.009927913546562195,0.239013671875,-0.042834181991929655
564,1701888,-1.4479659200000004,831,3012,300.0,0.051714573,0.3023696606978774,0.2,0.39169806241989136,-0.5861929508857429,0.0003,8300,0.10491902381181717,0.250732421875,-0.043654518679250034
565,1703936,-1.8583640399999999,832,3015,300.0,0.049830087,0.5789740583859384,0.2,0.20491206645965576,-0.5927395280450583,0.0003,8310,0.17178285121917725,0.249169921875,-0.048098914750153196
565,1705984,-1.2194499999999997,833,3017,300.0,0.0556209,0.125295973662287,0.2,0.5835399627685547,-0.5686756302602589,0.0003,8320,0.005439411848783493,0.256103515625,-0.04511091332678916
565,1708032,-1.0838725699999998,834,3020,300.0,0.0490383,0.461796020809561,0.2,0.42947423458099365,-0.5535540240816772,0.0003,8330,0.10493163764476776,0.229345703125,-0.040503874007845296
565,1710080,-1.8538559100000003,835,3023,300.0,0.05185438,0.3329735036473721,0.2,0.603091835975647,-0.5608781873248517,0.0003,8340,0.10747510939836502,0.24287109375,-0.044094970577862116
565,1712128,-1.6315175499999999,836,3026,300.0,0.05748293,0.25993801639415326,0.2,0.5700551271438599,-0.5640211584977806,0.0003,8350,0.06354229152202606,0.22841796875,-0.04124828129279194
565,1714176,-1.9171097899999996,837,3028,300.0,0.060599346,0.2532961414195597,0.2,0.6375921368598938,-0.5625568835996091,0.0003,8360,0.06610280275344849,0.247216796875,-0.042491788536426614
566,1716224,-1.2430984599999997,838,3031,300.0,0.041626547,0.9864876482635736,0.2,0.27019965648651123,-0.5747642295435071,0.0003,8370,0.3246503174304962,0.229296875,-0.0433055562665686
566,1718272,-0.56611128,839,3034,300.0,0.048899934,0.6105535769835114,0.2,0.21729880571365356,-0.568073598574847,0.0003,8380,0.1062922403216362,0.24296875,-0.04562618076452054
566,1720320,-0.21363825999999997,840,3036,300.0,0.054211747,0.3899938279762864,0.2,0.41647928953170776,-0.5282065832056105,0.0003,8390,0.08610924333333969,0.234814453125,-0.044670209966716355
566,1722368,-0.31866914999999996,841,3040,300.0,0.058447547,0.30988758262246846,0.2,0.4093731641769409,-0.555862489901483,0.0003,8400,0.06722918152809143,0.251318359375,-0.04549320400401484
566,1724416,-0.45259165,842,3042,300.0,0.05264231,0.2805149501655251,0.2,0.37314939498901367,-0.5498551753349602,0.0003,8410,0.0539097860455513,0.24384765625,-0.04290457357710693
566,1726464,-0.4047252700000001,843,3045,300.0,0.048769534,0.9398276016116143,0.2,0.26160120964050293,-0.5609915284439921,0.0003,8420,0.386307954788208,0.233837890625,-0.0416974519379437
567,1728512,-0.4865730200000001,844,3048,300.0,0.0569902,0.42430832372047006,0.2,0.34340548515319824,-0.5544368710368872,0.0003,8430,0.09561167657375336,0.2689453125,-0.04439302356622647
567,1730560,-0.55222431,845,3051,300.0,0.075003326,0.2060967167839408,0.2,0.4261082410812378,-0.554974230658263,0.0003,8440,0.010985076427459717,0.26220703125,-0.04718392761133146
567,1732608,-1.0331446800000001,846,3053,300.0,0.052904718,0.5782881936989724,0.2,0.14298135042190552,-0.5511644233949482,0.0003,8450,0.2032240480184555,0.23837890625,-0.040299563569715244
567,1734656,-0.33478682999999987,847,3056,300.0,0.06199021,0.2936361980158836,0.2,-0.16604959964752197,-0.5447854619473219,0.0003,8460,0.04735277593135834,0.235546875,-0.04302547735278495
567,1736704,-0.20363445000000005,848,3059,300.0,0.056979552,0.3692784174811095,0.2,0.012770652770996094,-0.5515414129942655,0.0003,8470,0.06878958642482758,0.236962890625,-0.043426402680051976
567,1738752,0.26307212999999996,849,3061,300.0,0.053903222,0.5372092960402369,0.2,0.02575594186782837,-0.5585456108674407,0.0003,8480,0.23574517667293549,0.239404296875,-0.04385202262783423
567,1740800,0.5322423,850,3066,300.0,0.053474896,0.36531101148575545,0.2,0.04903578758239746,-0.566864644922316,0.0003,8490,0.08883725851774216,0.236865234375,-0.04365084264827601
567,1742848,0.2605637099999997,851,3068,300.0,0.06560439,0.22500034014228731,0.2,0.19317227602005005,-0.5725964508019388,0.0003,8500,0.05340588092803955,0.2533203125,-0.04598997770517599
568,1744896,0.6158230499999999,852,3071,300.0,0.06285207,0.16306817471049725,0.2,0.21449434757232666,-0.5724541080184281,0.0003,8510,-0.01616615056991577,0.267919921875,-0.04706809734634589
568,1746944,0.32251733999999976,853,3073,300.0,0.04661264,0.8199345586821437,0.2,0.10940814018249512,-0.5531943316571415,0.0003,8520,0.33929285407066345,0.231591796875,-0.0437718813540414
568,1748992,-0.06591507999999989,854,3076,300.0,0.06669606,0.13133099775295703,0.2,0.27229809761047363,-0.5580306776799262,0.0003,8530,-0.009112030267715454,0.2541015625,-0.04249137658334803
568,1751040,0.12317596999999982,855,3078,300.0,0.054521203,0.2617331210989505,0.2,0.275316059589386,-0.5620976116508245,0.0003,8540,0.10575293004512787,0.25,-0.04495840193994809
568,1753088,0.34055958999999963,856,3081,300.0,0.0581673,0.538905970333144,0.2,0.08702772855758667,-0.5496897836215794,0.0003,8550,0.20289641618728638,0.22998046875,-0.0421998579549836
568,1755136,-0.07403007000000002,857,3084,300.0,0.050048955,0.33291540797799823,0.2,-0.04254150390625,-0.5443965381011366,0.0003,8560,0.04532190412282944,0.2296875,-0.042023081888328304
569,1757184,-0.24826596,858,3087,300.0,0.057154924,0.261208305042237,0.2,0.2107689380645752,-0.5505853288806974,0.0003,8570,0.07187483459711075,0.23681640625,-0.04295921151060611
569,1759232,-0.31354168000000004,859,3089,300.0,0.055494938,0.21024209717288614,0.2,0.21915143728256226,-0.5479010662063957,0.0003,8580,0.027465276420116425,0.256005859375,-0.04503681331989355
569,1761280,-0.12204067999999997,860,3093,300.0,0.06335462,0.3269964527804404,0.2,-0.05364525318145752,-0.5516822031699121,0.0003,8590,0.09787746518850327,0.24921875,-0.04649868486740161
569,1763328,-0.3418060899999999,861,3097,300.0,0.05940007,0.4352962446399033,0.2,0.010377049446105957,-0.5424410504288971,0.0003,8600,0.1708829700946808,0.233837890625,-0.038913832537946294
569,1765376,-0.6438297000000002,862,3100,300.0,0.058233827,0.16164114426355808,0.2,-0.17301392555236816,-0.5362634633667767,0.0003,8610,0.02002553641796112,0.2541015625,-0.042947913313400934
569,1767424,-0.8972407599999999,863,3102,300.0,0.05684778,0.3790480730123818,0.2,0.17483997344970703,-0.5553650774993002,0.0003,8620,0.08056893944740295,0.247705078125,-0.043018027557991445
569,1769472,-1.21598428,864,3105,300.0,0.05155826,0.4055642345920205,0.2,0.1139259934425354,-0.5464018812403083,0.0003,8630,0.09992070496082306,0.24423828125,-0.045854336029151455
570,1771520,-1.1368229300000001,865,3107,300.0,0.048787195,0.48064748402684926,0.2,0.2225637435913086,-0.5602074896916747,0.0003,8640,0.1263236403465271,0.23564453125,-0.045073689686250876
570,1773568,-1.3212247699999995,866,3109,300.0,0.053014316,0.5339134221896529,0.2,0.11705082654953003,-0.5474312197417021,0.0003,8650,0.18062254786491394,0.22568359375,-0.04288899672974367
570,1775616,-1.2912644199999996,867,3112,300.0,0.057032384,0.87410021238029,0.2,0.06918036937713623,-0.5534123443067074,0.0003,8660,0.32940059900283813,0.2220703125,-0.04063678365491796
570,1777664,-1.20498257,868,3114,300.0,0.06608641,0.267686143796891,0.2,0.14125919342041016,-0.5464102766476572,0.0003,8670,0.05028002709150314,0.25869140625,-0.04415254573104903
570,1779712,-1.5739541000000004,869,3117,300.0,0.060797226,0.2592899669427425,0.2,0.28984391689300537,-0.5288869414478541,0.0003,8680,0.03272293508052826,0.2529296875,-0.04488043639867101
571,1781760,-1.51014274,870,3120,300.0,0.058436535,0.24622532301582395,0.2,0.3658992052078247,-0.5392715720459819,0.0003,8690,0.029706217348575592,0.253173828125,-0.04109340636932757
571,1783808,-0.9972983499999998,871,3122,300.0,0.052993156,0.5917382353916765,0.2,0.31401312351226807,-0.5251624212600291,0.0003,8700,0.18426182866096497,0.2326171875,-0.042710676562273876
571,1785856,-0.61303748,872,3124,300.0,0.06254097,0.4923881535418332,0.2,0.24456524848937988,-0.5144324681721628,0.0003,8710,0.15583547949790955,0.24951171875,-0.03751282795128645
571,1787904,-0.3743234800000002,873,3127,300.0,0.07049982,0.1443343794438988,0.2,0.5465742945671082,-0.5021422635763884,0.0003,8720,0.022673089057207108,0.253515625,-0.04198982684174553
571,1789952,-0.11230690000000011,874,3129,300.0,0.06498702,0.3452875537797809,0.2,0.4444412589073181,-0.5307999271899462,0.0003,8730,0.06999741494655609,0.2501953125,-0.046863638766808435
572,1792000,0.3955709200000001,875,3132,300.0,0.052546203,0.44078876907005904,0.2,0.35825949907302856,-0.5096698172390461,0.0003,8740,0.07219373434782028,0.227880859375,-0.04187802480591927
572,1794048,0.6044655999999999,876,3134,300.0,0.058176387,0.17731875472236425,0.2,0.5744925141334534,-0.5220999585464596,0.0003,8750,-0.009025722742080688,0.244677734375,-0.04416549960151315
572,1796096,0.8048221699999998,877,3137,300.0,0.053403057,0.4753045400604606,0.2,0.3064075708389282,-0.516114738304168,0.0003,8760,0.15416273474693298,0.2349609375,-0.04275230813655071
572,1798144,0.6563611999999998,878,3139,300.0,0.057593778,0.2637266306672245,0.2,0.2994793653488159,-0.5161056159064173,0.0003,8770,0.09233678132295609,0.250732421875,-0.04685935793095268
560,1800192,1.2136370599999997,879,3212,300.0,0.070897155,0.18737430984620004,0.2,0.3093109726905823,-0.5167601574212313,0.0003,8780,-0.001011289656162262,0.262451171875,-0.04372507541556843
560,1802240,1.0670705499999997,880,3214,300.0,0.062429506,0.42039970657788217,0.2,0.3220294713973999,-0.5130073770880699,0.0003,8790,0.07531429827213287,0.2439453125,-0.04227489430340938
560,1804288,1.0855646399999999,881,3216,300.0,0.06656284,0.3771840519737452,0.2,-0.14455080032348633,-0.5431936209090054,0.0003,8800,0.11477900296449661,0.245947265625,-0.042899063002550974
561,1806336,0.90874398,882,3218,300.0,0.059658743,0.4035037765279412,0.2,0.17343848943710327,-0.5534584170207382,0.0003,8810,0.12655538320541382,0.24150390625,-0.045178153764572924
561,1808384,1.3578151299999999,883,3220,300.0,0.06289753,0.2184385229833424,0.2,0.40001392364501953,-0.5660980036482215,0.0003,8820,0.030710488557815552,0.24921875,-0.04793598001124337
561,1810432,1.6128216099999997,884,3223,300.0,0.05153288,0.3271770522929728,0.2,-0.13740968704223633,-0.5293150429613889,0.0003,8830,0.10592328757047653,0.23037109375,-0.04034352968155872
561,1812480,1.5813513799999999,885,3225,300.0,0.052915603,0.5110576388426125,0.2,0.1410353183746338,-0.5178083075210452,0.0003,8840,0.251714289188385,0.23271484375,-0.04250782080052886
562,1814528,1.79673377,886,3227,300.0,0.060846195,0.35092208459973334,0.2,0.05536091327667236,-0.5369931644760072,0.0003,8850,0.07217543572187424,0.262646484375,-0.0481578752893256
562,1816576,1.78973465,887,3230,300.0,0.061700154,0.36056989398784933,0.2,0.10046654939651489,-0.5338790157809854,0.0003,8860,0.1144396960735321,0.249951171875,-0.045187851597438565
562,1818624,1.7748793099999998,888,3232,300.0,0.062518016,0.2914272867143154,0.2,0.24492532014846802,-0.5409046476706862,0.0003,8870,0.052431508898735046,0.248486328125,-0.04529212181223556
562,1820672,1.6263640699999997,889,3234,300.0,0.056749336,0.391112553095445,0.2,0.20293551683425903,-0.5246162550523877,0.0003,8880,0.09626363962888718,0.235302734375,-0.042157217892236074
563,1822720,1.39741067,890,3236,300.0,0.055563077,0.20414269908796995,0.2,0.31813639402389526,-0.5088731662370265,0.0003,8890,0.01184035837650299,0.24990234375,-0.04323784068692475
563,1824768,1.6953678399999996,891,3238,300.0,0.068560824,0.15717941799666732,0.2,0.5344604849815369,-0.5110457597300411,0.0003,8900,0.0014170631766319275,0.24609375,-0.04101900101086357
563,1826816,1.56650318,892,3240,300.0,0.06459243,0.5576819449663162,0.2,0.3301622271537781,-0.5108911246061325,0.0003,8910,0.18627482652664185,0.237939453125,-0.0447167171179899
563,1828864,1.5658780999999997,893,3242,300.0,0.061189942,0.3241211093496531,0.2,0.5531554222106934,-0.5041670220904052,0.0003,8920,0.024422094225883484,0.2291015625,-0.040320960817916786
564,1830912,1.3379365599999995,894,3245,300.0,0.057335652,0.3366853770334274,0.2,0.626710832118988,-0.5156455677002668,0.0003,8930,0.07905802875757217,0.21923828125,-0.04154035656829365
564,1832960,1.2472080799999998,895,3247,300.0,0.055643424,0.24928961698897184,0.2,0.7161605358123779,-0.5225778194144368,0.0003,8940,0.04014232009649277,0.2439453125,-0.04674364020756912
564,1835008,1.3224723000000003,896,3249,300.0,0.053225584,0.248578376066871,0.2,0.6507458686828613,-0.514134206995368,0.0003,8950,0.02795872837305069,0.230078125,-0.042276682012015954
564,1837056,1.3290519800000005,897,3252,300.0,0.052798323,0.33232307410798967,0.2,0.6951141953468323,-0.5278720034286379,0.0003,8960,0.05903894454240799,0.241357421875,-0.042323553637834264
565,1839104,0.88969363,898,3254,300.0,0.043370027,1.014646152034402,0.2,0.4949781894683838,-0.5249026421457529,0.0003,8970,0.36686593294143677,0.227734375,-0.04330180035321973
565,1841152,1.2139731800000002,899,3257,300.0,0.06548493,0.3203152657486498,0.2,0.32922452688217163,-0.5119983110576868,0.0003,8980,0.07041125744581223,0.23916015625,-0.042271880022599365
565,1843200,0.8711786900000001,900,3259,300.0,0.052957155,0.40712642506696284,0.2,0.22369003295898438,-0.5118287742137909,0.0003,8990,0.1197153851389885,0.24853515625,-0.04349961660191184
565,1845248,0.5133951800000002,901,3261,300.0,0.06411453,0.40644010649994017,0.2,0.04294949769973755,-0.5196582600474358,0.0003,9000,0.10281634330749512,0.25546875,-0.04631883042457048
565,1847296,0.6949315500000001,902,3263,300.0,0.07260979,0.3032386661507189,0.2,-0.08223319053649902,-0.5006019939668477,0.0003,9010,0.04706774652004242,0.243212890625,-0.04575829485547729
566,1849344,0.3530055399999999,903,3266,300.0,0.076413535,0.17591587021015584,0.2,0.02390134334564209,-0.5046686809509993,0.0003,9020,0.0011338293552398682,0.256787109375,-0.04397171533346409
566,1851392,0.14135718000000017,904,3268,300.0,0.05560179,0.3151993816718459,0.2,0.1481289267539978,-0.4925346327014267,0.0003,9030,0.016024485230445862,0.24384765625,-0.043068849793053234
566,1853440,0.1645326399999999,905,3270,300.0,0.0683936,0.11183680470567196,0.2,-0.15420329570770264,-0.5047967430204153,0.0003,9040,0.011197537183761597,0.23583984375,-0.043262682874046735
566,1855488,-0.1575138,906,3273,300.0,0.053999618,0.5833328728564083,0.2,0.02974468469619751,-0.5139214940369129,0.0003,9050,0.1820734143257141,0.222509765625,-0.04116343551431782
567,1857536,-0.03450841999999996,907,3275,300.0,0.06351301,0.20680569729302078,0.2,-0.0011481046676635742,-0.5248514791950584,0.0003,9060,0.024504274129867554,0.252294921875,-0.0451698390650563
567,1859584,-0.3078949999999998,908,3278,300.0,0.054265693,0.2978736582677811,0.2,0.01452779769897461,-0.51975948959589,0.0003,9070,0.06202147156000137,0.233740234375,-0.040148784578195776
567,1861632,-0.01489822000000002,909,3280,300.0,0.05916799,0.31107363747432826,0.2,0.11125081777572632,-0.5253792934119701,0.0003,9080,0.10503721237182617,0.237939453125,-0.0435476506332634
567,1863680,0.6747472900000002,910,3282,300.0,0.066357024,0.29977880059741435,0.2,0.043276429176330566,-0.5315301662310958,0.0003,9090,0.0956965833902359,0.25537109375,-0.04483889200491831
567,1865728,0.85211664,911,3284,300.0,0.05807516,0.2638168789446354,0.2,0.17858421802520752,-0.5191328205168247,0.0003,9100,0.02581680566072464,0.24296875,-0.04407801406050567
568,1867776,0.6865576400000003,912,3287,300.0,0.05265666,0.5497077140957117,0.2,0.1184188723564148,-0.5235955846495927,0.0003,9110,0.27593937516212463,0.238330078125,-0.043303993850713596
568,1869824,0.1532626500000001,913,3289,300.0,0.06280918,0.22969754943624138,0.2,-0.34698688983917236,-0.5326684736646712,0.0003,9120,-0.005464419722557068,0.2349609375,-0.04108396980154794
568,1871872,-0.3619203299999998,914,3291,300.0,0.05798794,0.2609273132868111,0.2,0.10913312435150146,-0.49742559446021917,0.0003,9130,0.0029661282896995544,0.23486328125,-0.04377437330840621
568,1873920,0.0801741900000001,915,3294,300.0,0.053446632,0.3747854027431458,0.2,0.1980142593383789,-0.5059955765493214,0.0003,9140,0.10646723210811615,0.23955078125,-0.043226189407869244
569,1875968,0.17543345000000024,916,3296,300.0,0.07130209,0.2549283143365756,0.2,0.12303251028060913,-0.5114571212790906,0.0003,9150,0.023717708885669708,0.24384765625,-0.045095153004513125
569,1878016,0.051101140000000045,917,3299,300.0,0.057214126,0.3943246426060796,0.2,0.04840672016143799,-0.5251497592777014,0.0003,9160,0.09126196056604385,0.249658203125,-0.04295561579929199
569,1880064,0.2469000500000001,918,3301,300.0,0.063760675,0.2591227066237479,0.2,0.08496040105819702,-0.5337935710325837,0.0003,9170,0.10023684799671173,0.250048828125,-0.04221724844246637
569,1882112,0.26013395,919,3303,300.0,0.066823274,0.19936942751519382,0.2,-0.15564978122711182,-0.5352076799608767,0.0003,9180,0.007753387093544006,0.26103515625,-0.046602310650632715
569,1884160,-0.15754818999999973,920,3306,300.0,0.053560518,0.3025696278549731,0.2,-0.05549490451812744,-0.5273936732672155,0.0003,9190,0.10856281220912933,0.2322265625,-0.037751370092155415
570,1886208,0.24207802999999997,921,3308,300.0,0.051236127,0.337853881996125,0.2,0.3389924168586731,-0.5420838658697903,0.0003,9200,0.07216713577508926,0.243994140625,-0.04419769227388315
570,1888256,0.23060225000000023,922,3310,300.0,0.04913093,0.5866838422603905,0.2,0.07068270444869995,-0.5370605775155127,0.0003,9210,0.21170729398727417,0.233935546875,-0.040174259402556346
570,1890304,0.20617112000000012,923,3313,300.0,0.064326406,0.4074591152835637,0.2,-0.08574271202087402,-0.5292045139707625,0.0003,9220,0.17506363987922668,0.24345703125,-0.044027359451865776
570,1892352,0.2830721899999999,924,3315,300.0,0.056407683,0.5111726495437324,0.2,0.11680418252944946,-0.542070017568767,0.0003,9230,0.11516400426626205,0.24072265625,-0.041983363713370636
570,1894400,-0.24862543999999986,925,3317,300.0,0.065037206,0.25895545789971947,0.2,-0.0643007755279541,-0.5323401325382292,0.0003,9240,0.06269361823797226,0.243115234375,-0.04213658814551309
571,1896448,-0.46809275999999983,926,3320,300.0,0.056359112,0.3125998782925308,0.2,-0.23872137069702148,-0.5205190920270979,0.0003,9250,0.07923170924186707,0.2470703125,-0.04732728487288114
571,1898496,0.08172452000000018,927,3322,300.0,0.0638934,0.3613046153448522,0.2,0.03764241933822632,-0.527278820797801,0.0003,9260,0.09044013917446136,0.25458984375,-0.046762811255757694
558,1900544,0.2052994599999999,928,3404,300.0,0.0751095,0.07530599324963987,0.2,0.0002307295799255371,-0.5137447464279831,0.0003,9270,-0.02899257093667984,0.251416015625,-0.0441276080426178
558,1902592,0.027593460000000104,929,3407,300.0,0.048525535,0.42293722927570343,0.2,0.06300783157348633,-0.5181632995605469,0.0003,9280,0.14324800670146942,0.2310546875,-0.04076943468680838
558,1904640,-0.2894665400000001,930,3410,300.0,0.057054237,0.23802821915596722,0.2,-0.01564764976501465,-0.5254886905662716,0.0003,9290,0.03176391124725342,0.239306640625,-0.04533425204717787
558,1906688,-0.6411609100000001,931,3413,300.0,0.05457854,0.6273423800244927,0.2,0.0680546760559082,-0.522445871680975,0.0003,9300,0.24190883338451385,0.228662109375,-0.046856334496987985
558,1908736,-0.48854928999999997,932,3416,300.0,0.058316648,0.37579814260825517,0.2,0.16252046823501587,-0.52042669178918,0.0003,9310,0.06485544890165329,0.247412109375,-0.04663098707678728
558,1910784,-0.6069242000000001,933,3419,300.0,0.061063927,0.32744025005958977,0.2,0.12277114391326904,-0.5143771255388856,0.0003,9320,0.08564414829015732,0.24775390625,-0.04036805904906941
558,1912832,-0.7374307400000001,934,3423,300.0,0.07427119,0.21790842802729457,0.2,0.07713449001312256,-0.5364942322485149,0.0003,9330,0.04190601781010628,0.257666015625,-0.045954262700979596
558,1914880,-0.08907918000000015,935,3426,300.0,0.059497144,0.2724437472876161,0.2,0.32702118158340454,-0.5195460617542267,0.0003,9340,0.035984329879283905,0.24873046875,-0.045547905124840325
559,1916928,-0.41751401,936,3428,300.0,0.06864478,0.26360863940790297,0.2,0.36536866426467896,-0.5267711437307299,0.0003,9350,0.060420580208301544,0.24541015625,-0.04428172036423348
559,1918976,-0.6679185400000001,937,3431,300.0,0.060200587,0.1343717825366184,0.2,0.3760644197463989,-0.5298572197556496,0.0003,9360,0.007596269249916077,0.2576171875,-0.04751754059398081
559,1921024,-0.6866948499999996,938,3434,300.0,0.06846455,0.20475117827299982,0.2,0.4870409369468689,-0.520921529084444,0.0003,9370,0.05376490205526352,0.24951171875,-0.04464855991245713
559,1923072,-0.46324571000000003,939,3437,300.0,0.056950826,0.278765027737245,0.2,0.31427574157714844,-0.5279773419722915,0.0003,9380,0.05138865113258362,0.242919921875,-0.047993478845455684
559,1925120,-0.69062885,940,3440,300.0,0.05743655,0.47835326604545114,0.2,0.22999805212020874,-0.5079527017660439,0.0003,9390,0.20357030630111694,0.225927734375,-0.0446854153109598
559,1927168,-0.8410394099999996,941,3442,300.0,0.049861275,0.6667025619186461,0.2,0.15094220638275146,-0.5219953970052302,0.0003,9400,0.18893997371196747,0.2255859375,-0.04159961123659741
559,1929216,-0.6228364799999999,942,3445,300.0,0.06436399,0.2505960986483842,0.2,0.25534701347351074,-0.5142456747591495,0.0003,9410,0.030565530061721802,0.2451171875,-0.0453862895083148
560,1931264,-0.61035912,943,3447,300.0,0.06507486,0.2157436398556456,0.2,0.37283509969711304,-0.5109818463213742,0.0003,9420,0.032338809221982956,0.241748046875,-0.044389548141043636
560,1933312,-0.6291114800000002,944,3450,300.0,0.051383853,0.6101965269073844,0.2,0.1433735489845276,-0.522094944678247,0.0003,9430,0.22563156485557556,0.231298828125,-0.04227493243815843
560,1935360,-0.16422940000000005,945,3453,300.0,0.067177355,0.29174271277152003,0.2,-0.09253478050231934,-0.5239452153444291,0.0003,9440,0.08994723111391068,0.2517578125,-0.04614112840208691
560,1937408,0.10009804999999997,946,3455,300.0,0.08003114,0.18858685560990124,0.2,0.05857616662979126,-0.4978658093139529,0.0003,9450,0.006582088768482208,0.265185546875,-0.044368818710790944
560,1939456,0.027291819999999984,947,3458,300.0,0.06556398,0.2985247713979334,0.2,0.11043572425842285,-0.5120483779348433,0.0003,9460,0.03503809869289398,0.25234375,-0.04530913060007151
561,1941504,-0.16617464999999992,948,3460,300.0,0.05874749,0.9518363371491432,0.2,0.012045025825500488,-0.5186142171733081,0.0003,9470,0.3568004071712494,0.236669921875,-0.045662986417301
561,1943552,0.06471134000000005,949,3463,300.0,0.056762956,0.281285488139838,0.2,0.038321614265441895,-0.5143207691609859,0.0003,9480,0.04176740348339081,0.225634765625,-0.04498497926397249
561,1945600,0.5479564100000001,950,3465,300.0,0.060949467,0.199371074186638,0.2,0.22087353467941284,-0.5014574184082449,0.0003,9490,0.023112095892429352,0.24755859375,-0.040606098918215136
561,1947648,0.6722633900000001,951,3468,300.0,0.059073433,0.26410535438917576,0.2,0.15141481161117554,-0.5067262412048876,0.0003,9500,0.03400664031505585,0.2318359375,-0.04313000806432683
561,1949696,0.32897507000000004,952,3470,300.0,0.0568365,0.19560649497434496,0.2,0.15989959239959717,-0.5092712121084333,0.0003,9510,0.032265931367874146,0.2466796875,-0.044571436740807255
561,1951744,0.41648454000000024,953,3473,300.0,0.06418417,0.428914183145389,0.2,0.13626539707183838,-0.5080199167132378,0.0003,9520,0.11864592880010605,0.250537109375,-0.04843044674344128
562,1953792,0.45302510000000035,954,3475,300.0,0.062083714,0.2758013150189072,0.2,0.23542892932891846,-0.5043246162123978,0.0003,9530,0.057180389761924744,0.242529296875,-0.045959690296149346
562,1955840,0.006942850000000096,955,3478,300.0,0.057885654,0.5366385146975517,0.2,-0.06065928936004639,-0.5010203381069005,0.0003,9540,0.14389383792877197,0.229931640625,-0.04070646658656187
562,1957888,-0.4223115599999999,956,3480,300.0,0.05914311,0.4207845469471067,0.2,0.0034693479537963867,-0.4908537605777383,0.0003,9550,0.13363103568553925,0.23271484375,-0.04262771760986652
562,1959936,-1.01332954,957,3482,300.0,0.062044136,0.5130065717734397,0.2,0.16755294799804688,-0.49470831286162137,0.0003,9560,0.22490337491035461,0.237158203125,-0.0461928027914837
562,1961984,-1.2269582399999999,958,3485,300.0,0.06500086,0.3112366592045873,0.2,0.21305114030838013,-0.4902998889796436,0.0003,9570,0.06399522721767426,0.23896484375,-0.04379911971045658
562,1964032,-1.27877171,959,3488,300.0,0.06909241,0.31825871248729526,0.2,0.2106596827507019,-0.4842079319059849,0.0003,9580,0.054362744092941284,0.246435546875,-0.043657134784734805
563,1966080,-1.58384427,960,3491,300.0,0.06034244,0.39334394307807086,0.2,-0.002547025680541992,-0.4900497606024146,0.0003,9590,0.0707106664776802,0.242724609375,-0.04300535676447907
563,1968128,-2.07825131,961,3494,300.0,0.059467636,0.4031301265116781,0.2,0.19883882999420166,-0.4737794643267989,0.0003,9600,0.04593741148710251,0.230615234375,-0.04022191866097273
563,1970176,-2.11406542,962,3496,300.0,0.0526032,0.7795905060134828,0.2,0.13515472412109375,-0.47109097158536317,0.0003,9610,0.35529494285583496,0.2287109375,-0.04005067491088994
563,1972224,-2.3763943099999993,963,3499,300.0,0.08930349,0.1810681792674586,0.2,0.28039705753326416,-0.50479223029688,0.0003,9620,-0.00013686716556549072,0.2701171875,-0.04842922681418713
563,1974272,-2.4489660499999997,964,3501,300.0,0.06631661,0.35056944987736643,0.2,0.33185046911239624,-0.476076041534543,0.0003,9630,0.09309206902980804,0.23720703125,-0.04389368262200151
563,1976320,-2.4996149699999997,965,3504,300.0,0.06791567,0.27886940047610553,0.2,0.39986926317214966,-0.4987740971148014,0.0003,9640,0.084721639752388,0.259423828125,-0.04724141679471359
564,1978368,-2.11704493,966,3507,300.0,0.061345503,0.5307199584785849,0.2,0.29708993434906006,-0.4989491403102875,0.0003,9650,0.22080928087234497,0.239990234375,-0.04232937237538863
564,1980416,-2.27680887,967,3510,300.0,0.06967467,0.16402530639898033,0.2,0.5688889622688293,-0.49633617997169494,0.0003,9660,0.01889597624540329,0.25380859375,-0.04784491230238928
564,1982464,-2.3829740399999992,968,3513,300.0,0.062431574,0.3797298106830567,0.2,0.510981023311615,-0.48164184736087917,0.0003,9670,0.06289035826921463,0.23603515625,-0.04162749657407403
564,1984512,-2.10941329,969,3517,300.0,0.058875166,0.677118259575218,0.2,0.43944478034973145,-0.4900295571424067,0.0003,9680,0.2602216601371765,0.217529296875,-0.042845401036902334
564,1986560,-2.06945001,970,3520,300.0,0.05749713,0.5282517394050956,0.2,0.49819451570510864,-0.493610015977174,0.0003,9690,0.17711831629276276,0.22744140625,-0.04239063530549174
564,1988608,-1.7408700899999996,971,3523,300.0,0.061992176,0.549820892419666,0.2,0.2835240960121155,-0.5038640988059342,0.0003,9700,0.21694903075695038,0.253515625,-0.046564335218863565
564,1990656,-1.1791800399999999,972,3527,300.0,0.059209254,0.4291054543107748,0.2,0.34027743339538574,-0.4928135246969759,0.0003,9710,0.10070833563804626,0.23154296875,-0.04209998422302306
564,1992704,-0.57282242,973,3529,300.0,0.07774836,0.15227626154664903,0.2,0.6499124765396118,-0.4817315962165594,0.0003,9720,0.026644621044397354,0.26123046875,-0.04207662121334579
564,1994752,0.03179821000000001,974,3532,300.0,0.079515584,0.2073032943997532,0.2,0.5148497819900513,-0.47746726786717775,0.0003,9730,-0.012699171900749207,0.235498046875,-0.0419527090707561
564,1996800,1.02954944,975,3534,300.0,0.09396262,0.13270972471218556,0.2,0.5907745361328125,-0.47115052994340656,0.0003,9740,0.006097171455621719,0.245458984375,-0.04148948060465045
565,1998848,0.9400334499999999,976,3537,300.0,0.058534335,0.41082147383131085,0.2,0.38787686824798584,-0.4832417581230402,0.0003,9750,0.09464702010154724,0.224365234375,-0.04424711814208422
554,2000896,0.9045173700000001,977,3610,300.0,0.087793745,0.14267169192899018,0.2,0.3404623866081238,-0.4712116594426334,0.0003,9760,-0.008427925407886505,0.252197265625,-0.04435565207677428
