time/iterations,time/fps,time/total_timesteps,rollout/ep_rew_mean,rollout/ep_len_mean,time/time_elapsed,train/n_updates,train/value_loss,train/clip_fraction,train/clip_range,train/policy_gradient_loss,train/explained_variance,train/approx_kl,train/learning_rate,train/loss,train/entropy_loss
1,221,2048,0.7930531666666667,300.0,9,,,,,,,,,,
2,326,4096,-1.2811663846153845,300.0,12,10,0.05257753907935694,0.052197265625,0.2,-0.008795379268121906,-1.632476806640625,0.009986092,0.0003,-0.014099139720201492,-1.937498063966632
3,376,6144,-0.6224517,300.0,16,20,0.020751691996701994,0.03935546875,0.2,-0.010425957496045158,-0.3818356990814209,0.00686552,0.0003,-0.05479789152741432,-1.9331437401473521
4,432,8192,-0.7906366666666668,300.0,18,30,0.061286560352891685,0.059912109375,0.2,-0.013447802500741091,-0.11248588562011719,0.008307297,0.0003,-0.010368835180997849,-1.918147973716259
5,480,10240,-0.30086373529411764,300.0,21,40,0.0383487272891216,0.085595703125,0.2,-0.016565041565627325,-0.011287212371826172,0.008864345,0.0003,-0.05065099522471428,-1.9069027349352836
6,501,12288,-0.14854279999999997,300.0,24,50,0.11400882486486807,0.07666015625,0.2,-0.018071882784715852,0.043407440185546875,0.008250913,0.0003,0.016419578343629837,-1.9069396182894707
7,531,14336,-0.05244225531914892,300.0,26,60,0.04243012339575216,0.07822265625,0.2,-0.01888768118515145,0.2088649868965149,0.008369448,0.0003,-0.020972389727830887,-1.8896912299096584
8,549,16384,0.3013355185185185,300.0,29,70,0.03305866682785563,0.093115234375,0.2,-0.021280819742241875,-0.0005701780319213867,0.009983433,0.0003,-0.021731162443757057,-1.8727087639272213
9,574,18432,0.3092483278688524,300.0,32,80,0.05027242295327596,0.097021484375,0.2,-0.022996772975602653,0.13387709856033325,0.009464677,0.0003,-0.04908716678619385,-1.8671465516090393
10,583,20480,0.4204442794117647,300.0,35,90,0.059767273650504646,0.0919921875,0.2,-0.021429294595145622,0.09492999315261841,0.009479953,0.0003,-0.014929162338376045,-1.8581526815891265
11,591,22528,0.41342553333333326,300.0,38,100,0.0805333090131171,0.094384765625,0.2,-0.021287390642100945,0.11477196216583252,0.009299302,0.0003,-0.0370355024933815,-1.8462100580334664
12,610,24576,0.24582454320987648,300.0,40,110,0.02119423903641291,0.091748046875,0.2,-0.02334768304717727,0.03555041551589966,0.009493663,0.0003,-0.0267342496663332,-1.8297817479819058
13,629,26624,0.3612286704545454,300.0,42,120,0.0489550661528483,0.10224609375,0.2,-0.025558745265880135,-0.09307610988616943,0.010017037,0.0003,-0.043645963072776794,-1.8271911434829236
14,638,28672,0.14884561052631579,300.0,44,130,0.05005335987079888,0.1109375,0.2,-0.02449472345178947,-0.005132317543029785,0.010979759,0.0003,-0.026606790721416473,-1.8046298757195474
15,652,30720,-0.002363800000000058,300.0,47,140,0.05260354459169321,0.093505859375,0.2,-0.023647125469869933,-0.011779189109802246,0.009747317,0.0003,-0.03829650208353996,-1.7686652157455682
16,665,32768,0.029571709999999994,300.0,49,150,0.09717089119367302,0.12197265625,0.2,-0.02615578133845702,0.002705514430999756,0.010655829,0.0003,-0.008601076900959015,-1.7735251300036907
17,675,34816,0.18397844,300.0,51,160,0.03575791994808242,0.108740234375,0.2,-0.027087869518436492,0.04204821586608887,0.011922509,0.0003,-0.04732136055827141,-1.7749175798147916
18,681,36864,0.09567497999999999,300.0,54,170,0.0366249333426822,0.134521484375,0.2,-0.027460506904753858,-0.036193132400512695,0.013253816,0.0003,-0.07111543416976929,-1.7679891396313905
19,691,38912,0.10958686999999996,300.0,56,180,0.03463269470958039,0.139453125,0.2,-0.028444048810342792,-0.0422825813293457,0.012425169,0.0003,-0.04061830788850784,-1.7539710652083158
20,701,40960,-0.0058763500000000215,300.0,58,190,0.060045636410359295,0.13984375,0.2,-0.02839788424607832,0.02385002374649048,0.01184787,0.0003,-0.03121224045753479,-1.7522599972784518
21,709,43008,-0.06888713999999997,300.0,60,200,0.04709926212672144,0.146484375,0.2,-0.02991390802490059,0.025756478309631348,0.012711455,0.0003,-0.04623464122414589,-1.7498228318989277
22,715,45056,-0.13969866,300.0,62,210,0.06681207759538665,0.10908203125,0.2,-0.028269509808160363,0.020852386951446533,0.010488188,0.0003,-0.02303454279899597,-1.7280500147491693
23,719,47104,-0.27089051000000003,300.0,65,220,0.07593833995051683,0.12763671875,0.2,-0.029426598142890725,-0.01126551628112793,0.012182612,0.0003,-0.013968553394079208,-1.7023718424141407
24,715,49152,-0.33336106,300.0,68,230,0.03673716364428401,0.1271484375,0.2,-0.02979477060143836,0.01674973964691162,0.011544788,0.0003,-0.04915133863687515,-1.690406220406294
25,720,51200,-0.49344108999999997,300.0,71,240,0.020794958563055844,0.1455078125,0.2,-0.030230975977610798,0.04199248552322388,0.013425169,0.0003,-0.011041555553674698,-1.6819611020386218
26,726,53248,-0.47552024999999987,300.0,73,250,0.053226901922607796,0.112109375,0.2,-0.02596038666961249,0.007772326469421387,0.010144587,0.0003,-0.021541420370340347,-1.6749386742711068
27,732,55296,-0.44182291000000007,300.0,75,260,0.05070299904327839,0.139990234375,0.2,-0.030579787940951064,0.05495750904083252,0.012779998,0.0003,-0.049812354147434235,-1.6512412019073963
28,735,57344,-0.47947064000000006,300.0,77,270,0.0507271068636328,0.14833984375,0.2,-0.028303938679164274,0.14026397466659546,0.01278863,0.0003,-0.05675926432013512,-1.64846281260252
29,742,59392,-0.4896297100000001,300.0,79,280,0.041628318943548945,0.135205078125,0.2,-0.03032268967072014,0.0760267972946167,0.012376897,0.0003,-0.06560508161783218,-1.6420933794230224
30,748,61440,-0.22589844000000003,300.0,82,290,0.11074417621130124,0.15322265625,0.2,-0.03250069018104114,0.06184881925582886,0.014784595,0.0003,-0.027048617601394653,-1.6114083465188742
31,749,63488,-0.38115075,300.0,84,300,0.05712153706117533,0.1619140625,0.2,-0.03484430360986153,-0.0064716339111328125,0.01487785,0.0003,-0.04413612186908722,-1.5885672748088837
32,754,65536,-0.3381124099999998,300.0,86,310,0.026794460165547207,0.161474609375,0.2,-0.03287287433631718,0.07870227098464966,0.0136281885,0.0003,-0.06249859184026718,-1.5664299938827753
33,759,67584,-0.3286216700000001,300.0,89,320,0.026124478317797184,0.1482421875,0.2,-0.029753164271824062,0.0778951644897461,0.01326037,0.0003,-0.04291844367980957,-1.5475483544170856
34,764,69632,-0.3207561600000002,300.0,91,330,0.05912072483915835,0.1705078125,0.2,-0.036292548195342535,0.08380001783370972,0.016381394,0.0003,-0.02017618715763092,-1.5447612311691046
35,767,71680,-0.2475902000000001,300.0,93,340,0.08407594057498499,0.18125,0.2,-0.03537348153477069,0.1459648609161377,0.017075127,0.0003,-0.006079379469156265,-1.5084644362330437
36,771,73728,-0.21162178999999995,300.0,95,350,0.035383998753968623,0.1423828125,0.2,-0.03397646541998256,0.1355631947517395,0.014726517,0.0003,-0.08885692805051804,-1.5064805757254363
37,771,75776,-0.33792627000000003,300.0,98,360,0.04614425801555626,0.14013671875,0.2,-0.02991758925782051,-0.036765336990356445,0.013254922,0.0003,-0.0444832444190979,-1.4930046327412128
38,775,77824,-0.4355948099999999,300.0,100,370,0.060038754309061915,0.150390625,0.2,-0.028173935285303743,0.07280319929122925,0.014269337,0.0003,-0.034156784415245056,-1.466558040678501
39,779,79872,-0.31852347999999997,300.0,102,380,0.049772872641915454,0.1681640625,0.2,-0.03349151039146818,0.10146480798721313,0.014045092,0.0003,-0.03566252440214157,-1.4619201347231865
40,780,81920,-0.15351573999999998,300.0,104,390,0.062409057025797667,0.13994140625,0.2,-0.0295700805116212,0.09195840358734131,0.012678554,0.0003,-0.027371365576982498,-1.462798721343279
41,785,83968,-0.061208510000000056,300.0,106,400,0.016161331537296063,0.17578125,0.2,-0.03540164432197344,0.34515678882598877,0.015065555,0.0003,-0.054179009050130844,-1.4398843113332986
42,788,86016,-0.10348737000000009,300.0,109,410,0.047878658486297354,0.16337890625,0.2,-0.0347524362950935,0.22791248559951782,0.016856585,0.0003,-0.056886881589889526,-1.4318643055856228
43,791,88064,-0.24538161000000006,300.0,111,420,0.03832755817566067,0.175732421875,0.2,-0.030778247280977666,0.09548395872116089,0.016257524,0.0003,-0.06442622095346451,-1.4443644482642413
44,792,90112,-0.3534287,300.0,113,430,0.049819991283584386,0.175,0.2,-0.03216007327137049,-0.12578606605529785,0.015699094,0.0003,-0.05013961344957352,-1.4153008315712214
45,796,92160,-0.27288134,300.0,115,440,0.04189395083812997,0.185693359375,0.2,-0.03477077423303854,0.0765528678894043,0.016467933,0.0003,-0.0371859110891819,-1.413115218654275
46,799,94208,-0.07820594000000006,300.0,117,450,0.03407005831832066,0.168701171875,0.2,-0.03315784938458819,-0.18638527393341064,0.017137894,0.0003,-0.06049893796443939,-1.39123679921031
47,799,96256,-0.021217320000000036,300.0,120,460,0.030434036278165877,0.17705078125,0.2,-0.032950882239674684,-0.15839111804962158,0.015982293,0.0003,-0.04789137840270996,-1.3865743909031152
48,802,98304,-0.07226174,300.0,122,470,0.05325639101210981,0.187548828125,0.2,-0.03372755663585849,0.03537130355834961,0.01883389,0.0003,-0.04316490888595581,-1.3585965294390916
49,539,100352,-0.012263750000000026,300.0,186,480,0.03192970237578265,0.16015625,0.2,-0.03162877314607613,0.0068930983543396,0.015203542,0.0003,-0.05099424719810486,-1.3500183302909137
50,541,102400,0.12808966,300.0,189,490,0.04582168366760016,0.159130859375,0.2,-0.030817952216602863,0.09066009521484375,0.015200105,0.0003,-0.04299258440732956,-1.3705361928790807
51,546,104448,0.26866055,300.0,191,500,0.04915297215920873,0.167626953125,0.2,-0.034585061206598766,0.03902733325958252,0.0153735895,0.0003,-0.02818988263607025,-1.363181083649397
52,548,106496,0.30106225999999997,300.0,194,510,0.03362836333981249,0.188916015625,0.2,-0.032438295712927355,0.3239022493362427,0.018848982,0.0003,-0.0366680771112442,-1.3600039925426244
53,551,108544,0.40240636,300.0,196,520,0.03789745515096001,0.161328125,0.2,-0.03008131731185131,0.2247323989868164,0.015145076,0.0003,-0.05111699551343918,-1.328907099366188
54,556,110592,0.18984147,300.0,198,530,0.12426791039761156,0.156201171875,0.2,-0.03249589973711409,0.09426319599151611,0.015368906,0.0003,-0.03690801560878754,-1.3275839269161225
55,560,112640,0.2652375900000001,300.0,201,540,0.0619896215503104,0.178955078125,0.2,-0.03659578982333187,0.004530966281890869,0.016864706,0.0003,-0.025421086698770523,-1.3098065320402383
56,562,114688,0.14004949999999994,300.0,203,550,0.059380235977005216,0.16337890625,0.2,-0.029783561448857652,0.18532675504684448,0.014195366,0.0003,-0.034808412194252014,-1.2851138584315778
57,566,116736,0.14194679000000004,300.0,205,560,0.04727201610221528,0.175048828125,0.2,-0.03257574303715956,0.37692582607269287,0.017432144,0.0003,-0.010803371667861938,-1.3221711110323668
58,569,118784,0.25108011,300.0,208,570,0.04641511677764356,0.169970703125,0.2,-0.03512323061877396,0.21604537963867188,0.015023231,0.0003,-0.0664757564663887,-1.3503518771380185
59,573,120832,0.19075306,300.0,210,580,0.04761053543188609,0.177294921875,0.2,-0.036597713915398344,0.372599720954895,0.016998678,0.0003,-0.059941742569208145,-1.3379309467971325
60,576,122880,0.07001258,300.0,213,590,0.10609587648650631,0.15146484375,0.2,-0.031428959121694786,0.2838059067726135,0.017756108,0.0003,-0.03052731603384018,-1.3140633307397365
61,576,124928,-0.023981179999999998,300.0,216,600,0.03324123472557403,0.16875,0.2,-0.0331723885377869,0.468842089176178,0.019858096,0.0003,-0.03541082143783569,-1.2883855536580087
62,579,126976,0.09674759999999998,300.0,219,610,0.08836558922193945,0.183251953125,0.2,-0.03109508531342726,0.2832789421081543,0.01737302,0.0003,-0.014636553823947906,-1.2412461940199138
63,581,129024,0.12731841999999996,300.0,221,620,0.05357622440205887,0.1779296875,0.2,-0.03196316883550025,-0.18150293827056885,0.01726763,0.0003,-0.05902582406997681,-1.2333724342286587
64,583,131072,0.15552043999999995,300.0,224,630,0.07657667621970177,0.170361328125,0.2,-0.03311330448195804,-0.07404077053070068,0.015745685,0.0003,-0.041262436658144,-1.2166997373104096
65,585,133120,0.0369404799999999,300.0,227,640,0.021232254290953278,0.16904296875,0.2,-0.029703678929945455,-0.0032807588577270508,0.019012125,0.0003,-0.04161558672785759,-1.241651678085327
66,587,135168,-0.006490880000000015,300.0,229,650,0.022601865383330734,0.169677734375,0.2,-0.030438450224755796,-0.05037415027618408,0.016079739,0.0003,-0.0503874346613884,-1.2157724887132644
67,591,137216,-0.16128961999999997,300.0,232,660,0.07399912436958403,0.18271484375,0.2,-0.03068527524956153,0.05130583047866821,0.017397385,0.0003,0.005945965647697449,-1.2334774628281593
68,592,139264,-0.31008655000000007,300.0,234,670,0.02860850834986195,0.181396484375,0.2,-0.033003566262777895,-0.26399409770965576,0.01727163,0.0003,-0.06531726568937302,-1.2209349293261766
69,595,141312,-0.24569328000000001,300.0,237,680,0.028874922660179436,0.16435546875,0.2,-0.034095966853783466,0.3692880868911743,0.016686458,0.0003,-0.05146085470914841,-1.220633226633072
70,598,143360,-0.27245363000000006,300.0,239,690,0.05900738909840584,0.181884765625,0.2,-0.03443281220970675,0.14871716499328613,0.01627533,0.0003,-0.03433762490749359,-1.2462207909673453
71,601,145408,-0.25789995999999993,300.0,241,700,0.06398516225162894,0.1759765625,0.2,-0.03257564242521767,0.07024085521697998,0.01649989,0.0003,-0.019959304481744766,-1.2352187186479568
72,603,147456,-0.11903377000000002,300.0,244,710,0.03530903593054972,0.16337890625,0.2,-0.0327680488146143,0.16271185874938965,0.01614663,0.0003,-0.042961202561855316,-1.2450353238731622
73,605,149504,-0.18491797,300.0,247,720,0.030540609647869133,0.213623046875,0.2,-0.03689361776050646,0.23892325162887573,0.022155574,0.0003,-0.06156130135059357,-1.245448349043727
74,606,151552,-0.12393723000000005,300.0,250,730,0.09188852881779894,0.17919921875,0.2,-0.03478016483277315,0.04700189828872681,0.017521271,0.0003,-0.03481515496969223,-1.224752551317215
75,608,153600,-0.08642673000000001,300.0,252,740,0.05875649034278467,0.176416015625,0.2,-0.03797310128575191,0.14086639881134033,0.018518634,0.0003,-0.0642356127500534,-1.2370894368737937
76,610,155648,0.03523591999999995,300.0,254,750,0.02548105792957358,0.197412109375,0.2,-0.03286293744458817,0.22481489181518555,0.01867133,0.0003,-0.07092875987291336,-1.2326394941657781
77,613,157696,-0.1964485200000001,300.0,257,760,0.1180252602789551,0.18837890625,0.2,-0.03327033889072482,0.025570273399353027,0.019910803,0.0003,0.02112729102373123,-1.2221157811582088
78,615,159744,-0.26821535999999996,300.0,259,770,0.058829250029521066,0.186962890625,0.2,-0.034149876730225515,0.1472678780555725,0.02020815,0.0003,-0.023783516138792038,-1.2398784060031176
79,617,161792,-0.30043156,300.0,262,780,0.09675196642056108,0.196484375,0.2,-0.037429558143776374,0.03192204236984253,0.021788353,0.0003,0.0042323097586631775,-1.2440260645002126
80,618,163840,-0.56853812,300.0,265,790,0.05221469919779338,0.214599609375,0.2,-0.03768158266320824,-0.02684175968170166,0.020560961,0.0003,-0.03839586302638054,-1.250881015136838
81,619,165888,-0.48189929,300.0,267,800,0.022882078564725815,0.18701171875,0.2,-0.03772879420721438,-0.006611347198486328,0.018541045,0.0003,-0.06138065084815025,-1.2445256493985652
82,621,167936,-0.38903982000000004,300.0,270,810,0.024445273115998135,0.1693359375,0.2,-0.032573617857997304,0.16341322660446167,0.015609226,0.0003,-0.029115425422787666,-1.2218686103820802
83,623,169984,-0.37692591,300.0,272,820,0.04550359416170977,0.181005859375,0.2,-0.0339397911389824,0.16263651847839355,0.019631084,0.0003,-0.05313746631145477,-1.2493446920067073
84,621,172032,-0.5221930300000001,300.0,276,830,0.03884389826562255,0.196435546875,0.2,-0.03383270956983324,0.23307102918624878,0.017422896,0.0003,-0.05363982543349266,-1.2327318537980319
85,623,174080,-0.47388948999999997,300.0,279,840,0.026711774989962578,0.21923828125,0.2,-0.039124329038895664,0.32007378339767456,0.021890048,0.0003,-0.06267859041690826,-1.257602744176984
86,626,176128,-0.51639628,300.0,281,850,0.05570728898746893,0.20078125,0.2,-0.03925754103984218,0.28551214933395386,0.01917731,0.0003,-0.0608329176902771,-1.21164145283401
87,628,178176,-0.5202927999999999,300.0,283,860,0.03812162016401999,0.176025390625,0.2,-0.035401135924621484,0.40169644355773926,0.016950488,0.0003,-0.05165274441242218,-1.2177823413163424
88,630,180224,-0.48994359000000004,300.0,285,870,0.03753037119167857,0.19990234375,0.2,-0.03439144098083489,0.4929986000061035,0.020526716,0.0003,-0.06323407590389252,-1.1807059679180383
89,632,182272,-0.5790200200000001,300.0,288,880,0.08549450529972091,0.202587890625,0.2,-0.035866844130214307,0.1663435697555542,0.021924313,0.0003,-0.03806983679533005,-1.1695197749882937
90,634,184320,-0.43791954999999994,300.0,290,890,0.030154680233681574,0.20498046875,0.2,-0.03999093219463248,0.4693377614021301,0.022106301,0.0003,-0.08260197937488556,-1.1810018490999936
91,636,186368,-0.48660509999999996,300.0,292,900,0.027541391219710932,0.207177734375,0.2,-0.03719477243139409,0.6047818660736084,0.019565672,0.0003,-0.0490657314658165,-1.1397648360580206
92,637,188416,-0.5703258099999999,300.0,295,910,0.013698109361575917,0.1982421875,0.2,-0.03577613968373043,0.696846604347229,0.02136503,0.0003,-0.049327701330184937,-1.1283454939723014
93,638,190464,-0.59912944,300.0,298,920,0.02695036270597484,0.20966796875,0.2,-0.035448969469871375,0.3995348811149597,0.022463195,0.0003,-0.05254029482603073,-1.1529702447354793
94,640,192512,-0.4475585000000001,300.0,300,930,0.04534908714704215,0.188134765625,0.2,-0.03644367917586351,0.18034088611602783,0.018351106,0.0003,-0.06447203457355499,-1.1242590840905904
95,638,194560,-0.15173375,300.0,304,940,0.048041432187892495,0.197607421875,0.2,-0.036197305940731894,0.2050083875656128,0.022506107,0.0003,-0.04497688263654709,-1.1464843574911356
96,636,196608,-0.18677535000000006,300.0,308,950,0.04156657751300372,0.173828125,0.2,-0.03260403008607682,0.3393964171409607,0.016608343,0.0003,-0.04952341318130493,-1.1357420161366463
97,636,198656,-0.22859873999999997,300.0,311,960,0.12553656834643334,0.206982421875,0.2,-0.035335375877912155,0.1759698987007141,0.01991117,0.0003,-0.006760343909263611,-1.1231869673356414
98,533,200704,-0.17738840000000006,300.0,376,970,0.054375704401172696,0.1953125,0.2,-0.036071331161656416,0.32647740840911865,0.01969519,0.0003,-0.022016607224941254,-1.1568932142108679
99,534,202752,-0.17722861000000006,300.0,379,980,0.06999943109694869,0.19521484375,0.2,-0.03543506594432984,0.09941864013671875,0.0194364,0.0003,-0.033354610204696655,-1.1278198029845954
100,536,204800,-0.23822928999999998,300.0,381,990,0.07963439170271158,0.177978515625,0.2,-0.03617551545612514,0.029334306716918945,0.017973816,0.0003,-0.03323511779308319,-1.1332659363746642
101,537,206848,-0.19500221,300.0,385,1000,0.0444285785604734,0.183642578125,0.2,-0.03617868023866322,-0.02315998077392578,0.021457095,0.0003,-0.03960489481687546,-1.1323671737685799
102,539,208896,-0.13611570999999997,300.0,387,1010,0.048052643763367084,0.175048828125,0.2,-0.03477158992027398,0.057964205741882324,0.018376403,0.0003,-0.044056110084056854,-1.124404064565897
103,541,210944,-0.12965978,300.0,389,1020,0.04525430183275603,0.1951171875,0.2,-0.03528970943298191,0.006809353828430176,0.018927786,0.0003,-0.030262451618909836,-1.0986106429249047
104,543,212992,-0.1636516499999999,300.0,391,1030,0.08243402665248141,0.171826171875,0.2,-0.031223348711500877,0.06247293949127197,0.018162202,0.0003,-0.016045302152633667,-1.070594784989953
105,545,215040,-0.22632552999999994,300.0,394,1040,0.04562367551261559,0.17724609375,0.2,-0.03573462883359753,0.09733313322067261,0.018679159,0.0003,-0.05405866354703903,-1.087853178754449
106,547,217088,-0.20960324999999988,300.0,396,1050,0.06638888153247535,0.18662109375,0.2,-0.03650720229197759,0.002826213836669922,0.019878302,0.0003,-0.027733897790312767,-1.1081423867493867
107,549,219136,-0.10324183999999992,300.0,399,1060,0.042477324098581445,0.200927734375,0.2,-0.03800186747394037,0.17861729860305786,0.022241902,0.0003,-0.0544821135699749,-1.058217903226614
108,551,221184,-0.19753959999999998,300.0,401,1070,0.038185974775115025,0.187890625,0.2,-0.03713712732715067,0.26711034774780273,0.018800423,0.0003,-0.032547809183597565,-1.0782046373933554
109,553,223232,-0.3091191199999999,300.0,403,1080,0.04263952008332126,0.172216796875,0.2,-0.0349556160508655,0.009541213512420654,0.019965569,0.0003,-0.034077368676662445,-1.0344564806669951
110,553,225280,-0.43545693999999996,300.0,407,1090,0.050616262096446006,0.186279296875,0.2,-0.03214452984102536,-0.0048749446868896484,0.01927512,0.0003,-0.06200370937585831,-1.0414659587666393
111,550,227328,-0.3818821,300.0,412,1100,0.03279186739237048,0.1962890625,0.2,-0.03477370169421192,-0.23154354095458984,0.01998794,0.0003,-0.04186969995498657,-1.0363553173840045
112,548,229376,-0.32864132999999995,300.0,418,1110,0.03137946621864103,0.215283203125,0.2,-0.03571339336631354,0.21355432271957397,0.02396917,0.0003,-0.05427836626768112,-1.037691236846149
113,546,231424,-0.32334722,300.0,423,1120,0.06579587265150622,0.209375,0.2,-0.03724005383846816,0.14983099699020386,0.024496453,0.0003,-0.0226559080183506,-1.0595864653587341
114,546,233472,-0.36642639000000005,300.0,427,1130,0.04651708765304648,0.227734375,0.2,-0.03406746333494084,-0.009010672569274902,0.026075158,0.0003,-0.03963404521346092,-1.0671537367627024
115,544,235520,-0.1658265500000001,300.0,432,1140,0.05906884670839645,0.1908203125,0.2,-0.03324392203940078,-0.0823063850402832,0.019552648,0.0003,-0.03189333528280258,-1.0606880674138666
116,544,237568,-0.11423711000000003,300.0,436,1150,0.06587666248669848,0.196923828125,0.2,-0.0346635618203436,0.1017417311668396,0.018903641,0.0003,-0.037252992391586304,-1.0521564779803156
117,544,239616,-0.27404234000000005,300.0,440,1160,0.04568264454137534,0.183935546875,0.2,-0.03343460355827119,0.22960716485977173,0.020847235,0.0003,-0.06742875277996063,-1.0608496442437172
118,542,241664,-0.10369294,300.0,445,1170,0.036896990344394,0.18681640625,0.2,-0.03573298507835716,0.3095248341560364,0.02166297,0.0003,-0.059214234352111816,-1.0540296943858265
119,540,243712,-0.07782001,300.0,450,1180,0.08190937651088462,0.188037109375,0.2,-0.035935478680767116,0.2926425337791443,0.020688629,0.0003,-0.010572122409939766,-1.0072939129546286
120,537,245760,-0.3724219100000001,300.0,457,1190,0.017655811947770418,0.215234375,0.2,-0.038226219406351444,0.6741651892662048,0.025541198,0.0003,-0.02764059416949749,-1.0028756868094206
121,536,247808,-0.4349093800000001,300.0,462,1200,0.04386574416421354,0.1841796875,0.2,-0.03487787649501115,0.18799901008605957,0.019280925,0.0003,-0.048216812312603,-1.0274176947772502
122,535,249856,-0.29943837000000006,300.0,466,1210,0.026031670355587268,0.217626953125,0.2,-0.03701362680294551,0.24530047178268433,0.02348575,0.0003,-0.0562446154654026,-0.9992667214944959
123,536,251904,-0.33241875000000015,300.0,469,1220,0.02857297355949413,0.184033203125,0.2,-0.03408400538028218,0.46390265226364136,0.018190151,0.0003,-0.048056818544864655,-1.011860755085945
124,536,253952,-0.24999472999999997,300.0,473,1230,0.04225118351168931,0.20458984375,0.2,-0.04025017571693752,0.1519966721534729,0.024990719,0.0003,-0.059237852692604065,-1.0330491364002228
125,535,256000,-0.2087047300000001,300.0,478,1240,0.023979641206096858,0.198583984375,0.2,-0.03572118341398891,0.2617776393890381,0.024842354,0.0003,-0.06806694716215134,-0.9966629175469279
126,536,258048,-0.35919540000000005,300.0,481,1250,0.035905520117376,0.215478515625,0.2,-0.0396370430564275,0.0816800594329834,0.027468905,0.0003,-0.052619818598032,-1.0095771200954915
127,534,260096,-0.32803854,300.0,486,1260,0.03681552655179985,0.198974609375,0.2,-0.03436072075273842,-0.016564607620239258,0.021499962,0.0003,-0.06461918354034424,-1.0058803895488382
128,535,262144,-0.31300269999999997,300.0,489,1270,0.02754985841456801,0.19482421875,0.2,-0.03504841167887207,0.08763813972473145,0.01903461,0.0003,-0.04520179331302643,-0.9902325391769409
129,536,264192,-0.27760854,300.0,491,1280,0.04663092705886811,0.19150390625,0.2,-0.03657491022895556,0.12563079595565796,0.022483699,0.0003,-0.03358437865972519,-1.0314339641481638
130,537,266240,-0.43388804000000003,300.0,494,1290,0.1015534347621724,0.194384765625,0.2,-0.037075881208875214,0.10327857732772827,0.021849371,0.0003,-0.01593548059463501,-1.063466969318688
131,539,268288,-0.3919871,300.0,497,1300,0.046372581768082455,0.20498046875,0.2,-0.03637577082263306,0.02886110544204712,0.023521755,0.0003,-0.0505203902721405,-1.0346234254539013
132,541,270336,-0.6288359600000001,300.0,499,1310,0.04333332572714425,0.208935546875,0.2,-0.03846667433535913,-0.07524573802947998,0.022387218,0.0003,-0.06555992364883423,-1.025686307810247
133,543,272384,-0.5373494700000001,300.0,501,1320,0.033216305240057406,0.20078125,0.2,-0.036274455532839055,0.037116944789886475,0.02312264,0.0003,-0.02207294851541519,-1.0538956917822362
134,544,274432,-0.6246744100000001,300.0,503,1330,0.05710613382398151,0.203173828125,0.2,-0.038053995126392695,0.12323325872421265,0.021962259,0.0003,-0.06283034384250641,-1.0542518401518464
135,546,276480,-0.4063862200000001,300.0,506,1340,0.02168197396094911,0.21201171875,0.2,-0.04068737016204978,0.1436368227005005,0.022722859,0.0003,-0.07053861021995544,-1.078318558074534
136,547,278528,-0.41801014,300.0,508,1350,0.06523715150542557,0.203076171875,0.2,-0.035744568247173446,0.1439812183380127,0.021299634,0.0003,-0.02599133364856243,-1.0553471878170968
137,549,280576,-0.44258028000000005,300.0,510,1360,0.0649000465287827,0.205322265625,0.2,-0.03844682875496801,0.11482846736907959,0.0225337,0.0003,-0.028941169381141663,-1.0372390624135732
138,551,282624,-0.37005062999999994,300.0,512,1370,0.018904664096771738,0.183740234375,0.2,-0.03520589734980604,0.2393762469291687,0.02229287,0.0003,-0.06379605829715729,-1.0236642038449646
139,552,284672,-0.28544429999999993,300.0,514,1380,0.020078963332343845,0.19814453125,0.2,-0.035121235047699886,0.36897075176239014,0.020577654,0.0003,-0.07572251558303833,-1.0466590708121657
140,554,286720,-0.34774550999999987,300.0,517,1390,0.040341205336153506,0.201025390625,0.2,-0.03508640836807899,0.1522931456565857,0.023084031,0.0003,-0.03501330316066742,-1.050487028993666
141,555,288768,-0.3438315999999999,300.0,519,1400,0.025798453457537108,0.203662109375,0.2,-0.037236020783893764,0.3608720898628235,0.022958027,0.0003,-0.05679094418883324,-1.0603543791919947
142,557,290816,-0.12956151000000002,300.0,522,1410,0.034709744667634365,0.212255859375,0.2,-0.039404205887694846,0.05648773908615112,0.021926291,0.0003,-0.05063887685537338,-1.0418006947264076
143,558,292864,-0.20560165999999996,300.0,524,1420,0.03127978035481647,0.19375,0.2,-0.03761686918442138,0.3166061043739319,0.022297883,0.0003,-0.010920863598585129,-1.0237655282020568
144,559,294912,-0.40432829,300.0,527,1430,0.07918932841857895,0.190966796875,0.2,-0.03718064658460207,0.005984663963317871,0.021874765,0.0003,-0.0029212012887001038,-1.0102154482156038
145,561,296960,-0.6510909199999999,300.0,529,1440,0.021779518117546103,0.203564453125,0.2,-0.035032115833018906,0.16606271266937256,0.022635492,0.0003,-0.05985049158334732,-0.999409019201994
146,562,299008,-0.5473417399999999,300.0,531,1450,0.03034332725801505,0.202392578125,0.2,-0.034143876616144556,0.14251935482025146,0.025787048,0.0003,-0.05439719185233116,-1.0081304743885995
147,507,301056,-0.4481411599999999,300.0,593,1460,0.016652958549093454,0.216162109375,0.2,-0.03992620316275861,0.4192560911178589,0.021463545,0.0003,-0.05187588185071945,-0.9842713801190257
148,508,303104,-0.6083619000000001,300.0,595,1470,0.04913808809360489,0.192578125,0.2,-0.03455213870911393,0.3276585340499878,0.021320127,0.0003,-0.05220433324575424,-1.034675551019609
149,509,305152,-0.6397845700000001,300.0,598,1480,0.04025894179358147,0.213134765625,0.2,-0.03826580793829635,0.47917020320892334,0.023990005,0.0003,-0.03659059852361679,-1.0030345140025019
150,511,307200,-0.7075033,300.0,600,1490,0.03141369756194763,0.2095703125,0.2,-0.034988510375842455,0.6180770397186279,0.022140596,0.0003,-0.071602463722229,-1.0278100164607167
151,512,309248,-0.54887922,300.0,603,1500,0.04804358496330678,0.1958984375,0.2,-0.036311397000099534,0.587204098701477,0.023770843,0.0003,-0.0366327241063118,-1.0420838138088584
152,513,311296,-0.47773777999999995,300.0,606,1510,0.0712266128277406,0.189013671875,0.2,-0.03720981468213722,0.5772465467453003,0.021198696,0.0003,-0.04554014652967453,-1.0094651874154805
153,514,313344,-0.73227666,300.0,609,1520,0.03980165225802921,0.20888671875,0.2,-0.039848148214514365,0.7512398958206177,0.025504518,0.0003,-0.059085994958877563,-1.0820223022252322
154,515,315392,-0.7307405800000001,300.0,611,1530,0.04694078322499991,0.194287109375,0.2,-0.037599985173437746,0.6446442604064941,0.021089021,0.0003,-0.05853908509016037,-1.0356797551736237
155,517,317440,-0.63467965,300.0,613,1540,0.04874663265072741,0.179150390625,0.2,-0.034500986299826765,0.5752140283584595,0.020816712,0.0003,-0.05155061185359955,-1.0289229974150658
156,518,319488,-0.7712868100000003,300.0,615,1550,0.03622217810479924,0.20185546875,0.2,-0.03872605096839834,0.6238808631896973,0.02170475,0.0003,-0.062352702021598816,-1.0723897498100996
157,519,321536,-0.7901917199999999,300.0,618,1560,0.029132114007370546,0.210888671875,0.2,-0.038347237816196866,0.37768787145614624,0.023525178,0.0003,-0.04660848528146744,-1.039648275077343
158,521,323584,-0.8321096400000001,300.0,620,1570,0.01496071341971401,0.2119140625,0.2,-0.03701658922364004,0.5072141289710999,0.024884958,0.0003,-0.061855498701334,-1.0276593573391437
159,522,325632,-0.74797326,300.0,622,1580,0.030461050278972834,0.2046875,0.2,-0.04123475187807344,0.30786216259002686,0.021608239,0.0003,-0.0328507199883461,-1.0548482624813915
160,524,327680,-0.5558842500000001,300.0,625,1590,0.027864941029110923,0.18076171875,0.2,-0.03697711176646408,0.2545960545539856,0.020900384,0.0003,-0.06830993294715881,-1.0311357697471977
161,525,329728,-0.4095122299999999,300.0,627,1600,0.04446246276493184,0.193359375,0.2,-0.03564436644664966,0.08984923362731934,0.02176417,0.0003,-0.036005452275276184,-1.001122751645744
162,527,331776,-0.53460521,300.0,629,1610,0.027930865192320197,0.21357421875,0.2,-0.03816105527948821,0.16131657361984253,0.024237031,0.0003,-0.03993421792984009,-0.994882026873529
163,528,333824,-0.42282141,300.0,631,1620,0.014614092715783044,0.204296875,0.2,-0.03869465690804645,0.025640785694122314,0.020926217,0.0003,-0.07591323554515839,-1.0085579618811606
164,530,335872,-0.28277450000000004,300.0,633,1630,0.05100301846978254,0.2130859375,0.2,-0.041468438546871766,0.16136622428894043,0.023488456,0.0003,-0.052913155406713486,-1.012547884322703
165,531,337920,-0.34217615,300.0,635,1640,0.055836887785699216,0.186328125,0.2,-0.03621634809533134,0.19480139017105103,0.019454952,0.0003,-0.06048800051212311,-0.970645253919065
166,532,339968,-0.5664595299999999,300.0,638,1650,0.038848509383387866,0.193212890625,0.2,-0.03481587469868828,0.2618648409843445,0.021120287,0.0003,-0.03529626876115799,-0.9852450612932444
167,533,342016,-0.4341327499999999,300.0,640,1660,0.025220561979222112,0.188916015625,0.2,-0.03952031187072862,0.5016399621963501,0.022943472,0.0003,-0.05016327649354935,-0.9854355020448565
168,534,344064,-0.3370825699999999,300.0,643,1670,0.03789407279691659,0.223291015625,0.2,-0.03881958484707866,0.35254478454589844,0.024194574,0.0003,-0.038421500474214554,-0.9644715953618288
169,536,346112,-0.22434760000000004,300.0,645,1680,0.026398996956413612,0.1982421875,0.2,-0.037071840875432825,0.3919169306755066,0.023599198,0.0003,-0.047956760972738266,-0.9482922106981277
170,537,348160,-0.14874949000000004,300.0,647,1690,0.04303737852605991,0.20224609375,0.2,-0.04170262283587363,0.4711940884590149,0.023101706,0.0003,-0.05024746432900429,-0.9717394588515162
171,539,350208,0.032267720000000014,300.0,649,1700,0.03607781723840162,0.19130859375,0.2,-0.03580739782046294,0.31929826736450195,0.02388338,0.0003,-0.04432813078165054,-0.9733912071213127
172,540,352256,0.13522032999999997,300.0,651,1710,0.04133044094196521,0.18837890625,0.2,-0.03659018962935079,0.26437675952911377,0.021721926,0.0003,-0.065671905875206,-0.9472845317795873
173,541,354304,0.17744100000000004,300.0,654,1720,0.04762989045120776,0.200390625,0.2,-0.03665925564419013,0.22668808698654175,0.023255043,0.0003,-0.04174983501434326,-0.9485177043825388
174,543,356352,0.09197924999999994,300.0,655,1730,0.016142182206385768,0.18984375,0.2,-0.037145629267615735,0.14235490560531616,0.023522552,0.0003,-0.054479341953992844,-0.9521091632544995
175,544,358400,-0.062038100000000075,300.0,658,1740,0.05542209384730086,0.207568359375,0.2,-0.03881571855163202,-0.11221849918365479,0.025752408,0.0003,-0.02137552574276924,-0.9547519275918603
176,545,360448,-0.005084269999999966,300.0,660,1750,0.046889795525930825,0.198046875,0.2,-0.03662985352857504,0.1583043932914734,0.020924542,0.0003,-0.033856749534606934,-0.960747323743999
177,547,362496,-0.02240028999999999,300.0,662,1760,0.039808598632225765,0.202880859375,0.2,-0.037602719449205325,-0.03725540637969971,0.02370427,0.0003,-0.07393388450145721,-0.9428005542606115
178,548,364544,-0.02448761000000001,300.0,664,1770,0.04754892453202046,0.206982421875,0.2,-0.03516566146281548,0.09030395746231079,0.023889983,0.0003,-0.039902180433273315,-0.8977084999904037
179,549,366592,0.04255049999999999,300.0,667,1780,0.06308880008291454,0.192431640625,0.2,-0.03753420456196181,0.03172498941421509,0.026312694,0.0003,-0.047899097204208374,-0.9374243507161737
180,549,368640,0.16359983999999994,300.0,671,1790,0.023692558045149782,0.208349609375,0.2,-0.039239271375117825,0.091499924659729,0.025278116,0.0003,-0.03619568422436714,-0.969538844935596
181,550,370688,0.2611319299999999,300.0,673,1800,0.022315371362492443,0.201806640625,0.2,-0.038297050384426254,0.09138268232345581,0.022544354,0.0003,-0.045190855860710144,-0.9403985567390919
182,551,372736,0.38491979,300.0,676,1810,0.01747374428960029,0.194140625,0.2,-0.03754514026804827,0.20176947116851807,0.022527885,0.0003,-0.06064876168966293,-0.9445639887824655
183,552,374784,0.2278250699999999,300.0,678,1820,0.03641528744483367,0.21591796875,0.2,-0.03854461816663388,0.19761109352111816,0.02829893,0.0003,-0.07501283288002014,-0.9019447883591056
184,553,376832,0.25893664999999993,300.0,680,1830,0.05918468283489346,0.197607421875,0.2,-0.03186767196166329,0.1343601942062378,0.023410384,0.0003,-0.028116265311837196,-0.8911409774795175
185,554,378880,0.1347254899999999,300.0,683,1840,0.03641948421718553,0.206005859375,0.2,-0.036062836882774715,0.18426984548568726,0.027266009,0.0003,-0.023976007476449013,-0.8468396317213773
186,555,380928,0.018047509999999968,300.0,685,1850,0.029057969065615908,0.211669921875,0.2,-0.03740582880709553,0.01980757713317871,0.02542743,0.0003,-0.04613831639289856,-0.8622525436803699
187,556,382976,0.052766609999999936,300.0,687,1860,0.03497503954858985,0.199951171875,0.2,-0.03689224505214952,0.2854997515678406,0.02386043,0.0003,-0.04492596536874771,-0.8524893062189222
188,557,385024,0.1793367899999999,300.0,690,1870,0.03169373673154041,0.19248046875,0.2,-0.0349265769473277,0.2968277931213379,0.025905408,0.0003,-0.07304834574460983,-0.8479937881231308
189,559,387072,0.329101,300.0,692,1880,0.033727173128863794,0.202197265625,0.2,-0.03582260221883189,0.17960625886917114,0.02615372,0.0003,-0.04811082407832146,-0.8441095383837819
190,559,389120,0.4252684699999999,300.0,695,1890,0.02461118726641871,0.217041015625,0.2,-0.037577902773045936,0.14912265539169312,0.028416023,0.0003,-0.06558273732662201,-0.8198730995878577
191,560,391168,0.3544387799999999,300.0,697,1900,0.029936907667433843,0.223095703125,0.2,-0.039057539532950616,0.06932902336120605,0.028920308,0.0003,-0.07076206803321838,-0.8654854953289032
192,561,393216,0.39483545,300.0,700,1910,0.07677063653245568,0.199755859375,0.2,-0.0360070753202308,0.17487120628356934,0.026165465,0.0003,-0.030879970639944077,-0.8298360472545028
193,562,395264,0.4436839499999998,300.0,702,1920,0.08929794653085991,0.198095703125,0.2,-0.03601594924693927,0.15334630012512207,0.027436709,0.0003,-0.023213811218738556,-0.8682564405724407
194,563,397312,0.34468868999999996,300.0,704,1930,0.030668754148064182,0.20302734375,0.2,-0.03700510047201533,-0.06672012805938721,0.027820278,0.0003,-0.0485541895031929,-0.8308073369786143
195,564,399360,0.4691839699999999,300.0,707,1940,0.036594415421131996,0.21845703125,0.2,-0.03798480397381354,0.2707688808441162,0.028159048,0.0003,-0.07124633342027664,-0.8679593799635767
196,516,401408,0.23163626999999995,300.0,777,1950,0.025954963749973102,0.215234375,0.2,-0.03739542147668544,0.1484367847442627,0.029536018,0.0003,-0.05108978971838951,-0.827023951895535
197,517,403456,0.14092255999999995,300.0,780,1960,0.030867688023135997,0.211767578125,0.2,-0.035578565881587566,0.3447110056877136,0.03172643,0.0003,-0.03294159471988678,-0.8637133847922087
198,518,405504,0.07952346,300.0,782,1970,0.03612316973740235,0.201220703125,0.2,-0.03709057031519478,0.45348602533340454,0.025710147,0.0003,-0.052940040826797485,-0.8633994186297059
199,518,407552,0.10680729,300.0,785,1980,0.06114502017153427,0.2291015625,0.2,-0.040514794492628424,0.016539692878723145,0.026901593,0.0003,-0.02664485014975071,-0.8733797207474708
200,519,409600,0.3447872,300.0,788,1990,0.11377108619781211,0.20126953125,0.2,-0.036219842376885934,0.043412208557128906,0.023403952,0.0003,0.0054857730865478516,-0.8592300187796355
201,520,411648,0.32447597,300.0,790,2000,0.031926424335688354,0.2041015625,0.2,-0.037603805045364425,-0.06006062030792236,0.024167307,0.0003,-0.06498915702104568,-0.8623303914442658
202,521,413696,0.39862425,300.0,792,2010,0.0716865948983468,0.206103515625,0.2,-0.039310143164766484,0.0073059797286987305,0.02612808,0.0003,-0.038696739822626114,-0.8597564989700913
203,522,415744,0.5282018700000001,300.0,795,2020,0.05756960951257497,0.213916015625,0.2,-0.03698113813588862,0.156754732131958,0.026126731,0.0003,-0.02087693102657795,-0.8682347599416971
204,523,417792,0.38366498,300.0,797,2030,0.05171255427412689,0.21376953125,0.2,-0.038294412892719266,0.18811744451522827,0.027525002,0.0003,-0.044954486191272736,-0.8580825509503484
205,524,419840,0.27728307,300.0,799,2040,0.03872522260644473,0.197412109375,0.2,-0.03436807765974663,0.26649683713912964,0.024913274,0.0003,-0.03482789546251297,-0.868870135769248
206,526,421888,0.31238162,300.0,801,2050,0.08678959513781592,0.21767578125,0.2,-0.041226120927603915,0.1705983281135559,0.029846206,0.0003,-0.029485702514648438,-0.856087152659893
207,526,423936,0.24924398000000003,300.0,804,2060,0.051157524809241295,0.203564453125,0.2,-0.03679634057334624,0.020842134952545166,0.025436617,0.0003,-0.03759013116359711,-0.8834145534783602
208,527,425984,0.27366637000000005,300.0,806,2070,0.022460846620379015,0.2271484375,0.2,-0.039803705966915,-0.10513472557067871,0.03312549,0.0003,-0.0560256727039814,-0.8997964946553111
209,528,428032,0.19878931000000005,300.0,809,2080,0.05355063215829432,0.225439453125,0.2,-0.041718980463338086,0.027244508266448975,0.03144571,0.0003,-0.04473402351140976,-0.8861219381913543
210,529,430080,0.22942789000000002,300.0,811,2090,0.04761898769647814,0.21630859375,0.2,-0.038562294459552504,0.13210511207580566,0.027761925,0.0003,-0.03954417258501053,-0.8774953071027994
211,530,432128,0.36772096,300.0,813,2100,0.03981655738898553,0.2125,0.2,-0.039517290650110226,0.03973078727722168,0.027434621,0.0003,-0.0493108406662941,-0.8996908323839307
212,531,434176,0.38184646000000005,300.0,816,2110,0.03364772890636232,0.207666015625,0.2,-0.04077377924986649,0.052220046520233154,0.027285611,0.0003,-0.06996092945337296,-0.8410185098648071
213,532,436224,0.3735356,300.0,818,2120,0.040164331905543804,0.2123046875,0.2,-0.03786704998346977,0.1379636526107788,0.028198706,0.0003,-0.024761419743299484,-0.8707830261439085
214,533,438272,0.19790852999999997,300.0,820,2130,0.049462635279633106,0.2193359375,0.2,-0.04032674548798241,0.10479950904846191,0.030502282,0.0003,-0.05841344594955444,-0.8559542544186115
215,534,440320,0.15436138,300.0,823,2140,0.0435046898026485,0.212158203125,0.2,-0.03818154047621647,0.16996407508850098,0.028757516,0.0003,-0.05872968211770058,-0.8416668323799967
216,535,442368,0.22696891999999994,300.0,825,2150,0.03490034021087922,0.19765625,0.2,-0.037535975888022224,0.1671389937400818,0.024688885,0.0003,-0.05290388688445091,-0.861611169949174
217,536,444416,0.11528237999999989,300.0,827,2160,0.07516880295006559,0.22998046875,0.2,-0.040077611460583286,0.06366664171218872,0.029914329,0.0003,-0.053600601851940155,-0.877209959551692
218,537,446464,-0.04255759000000001,300.0,830,2170,0.024596350695355797,0.209423828125,0.2,-0.03354923131555552,0.1155051589012146,0.027996076,0.0003,-0.05875750631093979,-0.8486379608511925
219,538,448512,0.05060365000000003,300.0,832,2180,0.05717397393891588,0.20751953125,0.2,-0.036366347756120375,0.17018771171569824,0.02949334,0.0003,-0.03583858534693718,-0.8442083967849612
220,539,450560,0.038928689999999995,300.0,835,2190,0.046676246280549095,0.208056640625,0.2,-0.03815343427122571,-0.11665010452270508,0.026161056,0.0003,-0.04121115058660507,-0.8287863882258535
221,540,452608,0.22598196999999995,300.0,837,2200,0.04219277020310983,0.207421875,0.2,-0.03850488325842889,0.14266639947891235,0.028255505,0.0003,-0.03810872882604599,-0.8369316661730408
222,541,454656,0.33182643999999994,300.0,839,2210,0.03440433933865279,0.214306640625,0.2,-0.038386965106474234,0.06669479608535767,0.027902037,0.0003,-0.04511575400829315,-0.8399160664528609
223,542,456704,0.17538167999999985,300.0,841,2220,0.0436382788058836,0.23505859375,0.2,-0.037601987316156736,0.09356725215911865,0.03628725,0.0003,-0.05038284510374069,-0.8477924732491374
224,543,458752,0.08923786999999994,300.0,844,2230,0.04721384660806507,0.211572265625,0.2,-0.037257704348303375,0.1158376932144165,0.032324,0.0003,-0.015084613114595413,-0.8223664578050375
225,544,460800,0.05775183999999995,300.0,846,2240,0.03569280710071325,0.2078125,0.2,-0.03678515485080425,0.01335597038269043,0.02677677,0.0003,-0.06725338101387024,-0.8274908199906349
226,545,462848,0.07196375999999992,300.0,849,2250,0.02778548592759762,0.212451171875,0.2,-0.040186490456108004,-0.22408676147460938,0.027527817,0.0003,-0.06101216375827789,-0.8639119975268841
227,546,464896,-0.00046816000000005076,300.0,851,2260,0.018954499287065118,0.2216796875,0.2,-0.03972754954302218,0.08585017919540405,0.032395482,0.0003,-0.07740841805934906,-0.8327953301370143
228,547,466944,0.10875066,300.0,853,2270,0.022685773661942223,0.221533203125,0.2,-0.04106226698204409,0.10350823402404785,0.033822313,0.0003,-0.06770060211420059,-0.8172088971361517
229,548,468992,0.16913313000000002,300.0,855,2280,0.036776101758005095,0.2115234375,0.2,-0.0408580985997105,0.062303781509399414,0.02800569,0.0003,-0.051319342106580734,-0.8786845134571195
230,549,471040,0.029261880000000004,300.0,857,2290,0.10204248495865613,0.21845703125,0.2,-0.03600553867581766,-0.04745519161224365,0.029722184,0.0003,-0.01977509818971157,-0.8346210615709424
231,549,473088,-0.14307565999999994,300.0,861,2300,0.03949380980629939,0.212353515625,0.2,-0.03730579951079562,-0.004912257194519043,0.028814323,0.0003,-0.04144444316625595,-0.8512253226712346
232,548,475136,-0.12108932999999997,300.0,865,2310,0.03571249900269322,0.218310546875,0.2,-0.038941161535331045,-0.10108888149261475,0.027462792,0.0003,-0.055288247764110565,-0.8302493961527944
233,549,477184,0.12024260999999994,300.0,868,2320,0.05367820569081232,0.198876953125,0.2,-0.03706987472687615,0.03817266225814819,0.028192973,0.0003,-0.046718236058950424,-0.8651008328422904
234,549,479232,0.18241889,300.0,871,2330,0.018450639786897226,0.223193359375,0.2,-0.039933261166152076,-0.27522075176239014,0.030603189,0.0003,-0.06971269845962524,-0.8546304753050208
235,550,481280,0.16054835999999997,300.0,873,2340,0.03934702544356696,0.231298828125,0.2,-0.0413921068655327,0.26316648721694946,0.028481048,0.0003,-0.06275627017021179,-0.8355759873986244
236,551,483328,0.09019902999999997,300.0,876,2350,0.05114454308059067,0.201904296875,0.2,-0.04009358840557979,-0.0056722164154052734,0.02611346,0.0003,-0.03724740818142891,-0.8327845266088844
237,552,485376,0.0983791399999999,300.0,879,2360,0.061520043562632055,0.21044921875,0.2,-0.038816790579585356,0.08248180150985718,0.030431764,0.0003,-0.04662568122148514,-0.8614687506109476
238,552,487424,0.035014559999999945,300.0,881,2370,0.03541305886465125,0.2091796875,0.2,-0.0389178415061906,-0.08386778831481934,0.028530046,0.0003,-0.045083172619342804,-0.8409152306616307
239,553,489472,-0.02865420999999997,300.0,884,2380,0.026287446916103362,0.22431640625,0.2,-0.03816725104843499,-0.22553110122680664,0.034372848,0.0003,-0.05816167965531349,-0.8291386108845472
240,554,491520,0.11086274000000004,300.0,886,2390,0.05494771870435215,0.20693359375,0.2,-0.03854505726194475,0.055692434310913086,0.025672194,0.0003,-0.03373854607343674,-0.8423932567238808
241,555,493568,0.08711998,300.0,889,2400,0.021999280550517142,0.21083984375,0.2,-0.03740281259233598,-0.11615598201751709,0.02721804,0.0003,-0.0832257866859436,-0.847506033629179
242,556,495616,0.23173912000000002,300.0,891,2410,0.03188670125673525,0.208349609375,0.2,-0.037910052173538135,-0.05062603950500488,0.027398735,0.0003,-0.05892195925116539,-0.8370269710198045
243,556,497664,-0.019110979999999972,300.0,893,2420,0.03391352988546714,0.211865234375,0.2,-0.0407369325926993,0.12239861488342285,0.02905238,0.0003,-0.04146653413772583,-0.8605364844202995
244,557,499712,0.037076550000000104,300.0,896,2430,0.03594336158712395,0.22490234375,0.2,-0.0375363978499081,0.09713447093963623,0.03162441,0.0003,-0.04189876466989517,-0.8804266776889562
245,522,501760,0.09018802000000001,300.0,959,2440,0.13279293735977263,0.205224609375,0.2,-0.039717049710452555,0.024415194988250732,0.026655987,0.0003,0.0018234103918075562,-0.8809555418789387
246,523,503808,0.07604474000000004,300.0,962,2450,0.04864641399472021,0.22763671875,0.2,-0.03966555573570076,-0.0498272180557251,0.030304631,0.0003,-0.023519273847341537,-0.8589357603341341
247,524,505856,0.12193257,300.0,964,2460,0.045079805713612586,0.210400390625,0.2,-0.04039829797693528,0.008964776992797852,0.028747858,0.0003,-0.050350889563560486,-0.8782840544357896
248,525,507904,0.07243026999999999,300.0,967,2470,0.020516269747167824,0.21767578125,0.2,-0.03912022117292509,-0.13577771186828613,0.029185563,0.0003,-0.07376126199960709,-0.8695635188370943
249,525,509952,-0.03090111999999999,300.0,970,2480,0.03483983536134474,0.215673828125,0.2,-0.03931884906196501,-0.06657624244689941,0.030844463,0.0003,-0.05632331967353821,-0.8331362146884203
250,526,512000,0.00964967000000001,300.0,972,2490,0.016468831856036557,0.230126953125,0.2,-0.04143427662784234,-0.13444924354553223,0.030303229,0.0003,-0.025132708251476288,-0.8880040304735303
251,527,514048,-0.05558852999999999,300.0,974,2500,0.01975862080580555,0.2271484375,0.2,-0.038860010952339506,0.04637843370437622,0.030168653,0.0003,-0.07142140716314316,-0.8781511468812824
252,528,516096,-0.009771720000000053,300.0,977,2510,0.022197329442133196,0.220263671875,0.2,-0.03787093794817338,-0.03237926959991455,0.03058733,0.0003,-0.029747668653726578,-0.849858951754868
253,528,518144,0.13171469999999996,300.0,979,2520,0.03704702809336595,0.218701171875,0.2,-0.04020477901794948,-0.022348523139953613,0.028533323,0.0003,-0.06701915711164474,-0.8783076912164688
254,529,520192,0.19819524000000008,300.0,981,2530,0.023591481638140975,0.213720703125,0.2,-0.04104087059968151,-0.07147216796875,0.027976291,0.0003,-0.051627110689878464,-0.9016701482236386
255,530,522240,0.11989823000000004,300.0,983,2540,0.03940623777452856,0.205615234375,0.2,-0.03828141127305571,-0.13862824440002441,0.027205124,0.0003,-0.03516583889722824,-0.8760726014152169
256,531,524288,0.031265289999999994,300.0,986,2550,0.05783335259766318,0.2177734375,0.2,-0.037446879484923555,0.025067806243896484,0.030080773,0.0003,-0.030573584139347076,-0.8483041055500508
257,532,526336,-0.13300732,300.0,988,2560,0.04156097142840735,0.22880859375,0.2,-0.03984910550934728,-0.03394889831542969,0.031336572,0.0003,-0.03825145959854126,-0.8682005509734154
258,533,528384,-0.17740519000000002,300.0,990,2570,0.04190612055244856,0.226220703125,0.2,-0.04385523943929002,-0.15629661083221436,0.029458087,0.0003,-0.05117378756403923,-0.8531683614477515
259,534,530432,-0.19595331000000005,300.0,992,2580,0.03788287354400381,0.218505859375,0.2,-0.03994732778955949,0.03273278474807739,0.0287172,0.0003,-0.052570827305316925,-0.8831015883013607
260,535,532480,-0.08284517000000005,300.0,994,2590,0.037868734612129626,0.237060546875,0.2,-0.0424123180040624,0.15459567308425903,0.031233363,0.0003,-0.05945506691932678,-0.8725194960832596
261,535,534528,-0.06540642999999997,300.0,997,2600,0.04232359496527351,0.21884765625,0.2,-0.04456937087816186,-0.045516014099121094,0.030365214,0.0003,-0.06322073191404343,-0.8685091216117143
262,536,536576,-0.08302577999999997,300.0,999,2610,0.09907465019496157,0.210791015625,0.2,-0.03900460695876973,0.013701081275939941,0.028869133,0.0003,-0.028972283005714417,-0.8755602177232504
263,537,538624,0.0025525400000000376,300.0,1002,2620,0.05559190335916355,0.23193359375,0.2,-0.041308402533468326,-0.02740013599395752,0.028392551,0.0003,-0.04478119686245918,-0.8783804286271334
264,538,540672,-0.10614145000000004,300.0,1004,2630,0.05395432724035345,0.232373046875,0.2,-0.039688382484018805,0.08837127685546875,0.03044539,0.0003,-0.04167658090591431,-0.8746023662388325
265,539,542720,-0.14267664000000002,300.0,1006,2640,0.052712120494106784,0.240771484375,0.2,-0.03893931399506982,0.1569409966468811,0.029779319,0.0003,-0.05079079419374466,-0.864746804535389
266,539,544768,-0.09854078000000005,300.0,1008,2650,0.03807026474387385,0.2083984375,0.2,-0.04060303816222586,-0.2254486083984375,0.02712915,0.0003,-0.059046704322099686,-0.8733641803264618
267,540,546816,-0.39879873000000005,300.0,1011,2660,0.02676442500378471,0.225244140625,0.2,-0.04040124708553776,0.01560431718826294,0.027361173,0.0003,-0.04210365191102028,-0.8712554348632693
268,541,548864,-0.538063,300.0,1014,2670,0.028545189800206573,0.242822265625,0.2,-0.03937270824972074,-0.12066209316253662,0.031621628,0.0003,-0.06376374512910843,-0.8605253037065268
269,541,550912,-0.5186544899999999,300.0,1016,2680,0.0737531952210702,0.215625,0.2,-0.0401385532139102,0.004233241081237793,0.029302066,0.0003,-0.0411505252122879,-0.8544189427047968
270,542,552960,-0.5441055099999998,300.0,1018,2690,0.060282364627346395,0.223681640625,0.2,-0.040866763397934845,0.1261950135231018,0.028827231,0.0003,-0.05113259702920914,-0.8701050648465752
271,543,555008,-0.5464200399999999,300.0,1020,2700,0.06270018892828375,0.220361328125,0.2,-0.03780458279070444,0.033097684383392334,0.025066774,0.0003,-0.05747286230325699,-0.8707478204742074
272,544,557056,-0.3724449799999999,300.0,1023,2710,0.05213493765913881,0.24521484375,0.2,-0.04214886476111133,0.19986110925674438,0.031998873,0.0003,-0.039266228675842285,-0.8719164988026022
273,544,559104,-0.49411488999999986,300.0,1026,2720,0.04301714649191126,0.241552734375,0.2,-0.04141218776640017,0.3619641065597534,0.03472794,0.0003,-0.0458097830414772,-0.8735036324709654
274,545,561152,-0.3898762,300.0,1028,2730,0.024679753891541624,0.204736328125,0.2,-0.0422249013761757,-0.3201814889907837,0.029692853,0.0003,-0.05773548036813736,-0.8465307371690869
275,546,563200,-0.67923445,300.0,1031,2740,0.08689192594029009,0.21826171875,0.2,-0.03884969791979529,0.08784294128417969,0.029073544,0.0003,-0.02519487589597702,-0.8434599660336971
276,546,565248,-0.50892398,300.0,1033,2750,0.046895584050798786,0.22626953125,0.2,-0.04012315391737502,0.12529373168945312,0.027916562,0.0003,-0.04306476190686226,-0.8455753890797496
277,547,567296,-0.55766709,300.0,1035,2760,0.0296437720884569,0.230224609375,0.2,-0.04379458821931621,0.4100971817970276,0.030588783,0.0003,-0.05375095084309578,-0.8191789770498872
278,548,569344,-0.5762805400000001,300.0,1037,2770,0.06987012152094393,0.210791015625,0.2,-0.04196611393126659,0.18559002876281738,0.027218048,0.0003,-0.044722579419612885,-0.8246331421658397
279,549,571392,-0.5110265300000001,300.0,1039,2780,0.027261111911502666,0.21904296875,0.2,-0.040092623111559075,0.2335304617881775,0.02919918,0.0003,-0.06109672039747238,-0.8404700558632612
280,550,573440,-0.39708785999999996,300.0,1042,2790,0.053717498388141396,0.2357421875,0.2,-0.04156940447282977,0.17852294445037842,0.029541688,0.0003,-0.046836137771606445,-0.8611089454963803
281,550,575488,-0.30534441,300.0,1044,2800,0.09516469485824927,0.229541015625,0.2,-0.04156497227377258,0.24257612228393555,0.028525695,0.0003,-0.04050413891673088,-0.8237069390714169
282,551,577536,-0.31105259,300.0,1046,2810,0.09109209408052266,0.230322265625,0.2,-0.04369872589595616,0.3810443878173828,0.029336724,0.0003,0.004903849214315414,-0.8489684930071235
283,552,579584,-0.12271564,300.0,1049,2820,0.01262738128862111,0.227587890625,0.2,-0.0432771209278144,0.6966594457626343,0.027471956,0.0003,-0.05599071830511093,-0.878786214068532
284,553,581632,-0.08194428999999992,300.0,1051,2830,0.019459556593210435,0.23203125,0.2,-0.04337107570027001,0.6044947504997253,0.036638074,0.0003,-0.060530614107847214,-0.8348422031849623
285,554,583680,-0.04165129999999993,300.0,1053,2840,0.05640890973736532,0.245556640625,0.2,-0.043423531379085036,0.23687994480133057,0.029831972,0.0003,-0.06241205334663391,-0.8496264999732375
286,554,585728,-0.005621460000000047,300.0,1055,2850,0.0607886279176455,0.20634765625,0.2,-0.039860557418433015,0.1611146330833435,0.029095192,0.0003,-0.05971502512693405,-0.8068638622760773
287,555,587776,-0.055639479999999956,300.0,1058,2860,0.03798873696359806,0.214697265625,0.2,-0.04048975432524458,-0.012645363807678223,0.03133808,0.0003,-0.06047169864177704,-0.8094339037314058
288,556,589824,0.15390084999999998,300.0,1060,2870,0.04083699992042966,0.214306640625,0.2,-0.041091367207991426,-0.08796799182891846,0.031196771,0.0003,-0.0550805926322937,-0.8114502299576998
289,557,591872,-0.08277028,300.0,1062,2880,0.022197835173574276,0.219580078125,0.2,-0.04097711411013734,-0.0638352632522583,0.029077161,0.0003,-0.047845419496297836,-0.8071494180709123
290,557,593920,0.010660699999999954,300.0,1065,2890,0.04688349548378028,0.210693359375,0.2,-0.04188926614879165,0.048063576221466064,0.028758693,0.0003,-0.0343036875128746,-0.7825063966214657
291,558,595968,0.02402237999999998,300.0,1067,2900,0.03378054199274629,0.219921875,0.2,-0.04287389127421193,0.06901240348815918,0.02980408,0.0003,-0.05069294199347496,-0.8221134940162301
292,558,598016,0.002074559999999954,300.0,1069,2910,0.044988053530687466,0.2345703125,0.2,-0.04336795195122249,-0.18031108379364014,0.033979036,0.0003,-0.06304033100605011,-0.8124087106436491
293,530,600064,-0.022720369999999986,300.0,1131,2920,0.05427339177695103,0.220556640625,0.2,-0.043404491766705175,-0.05196952819824219,0.029080829,0.0003,-0.04956115037202835,-0.8271343214437366
294,531,602112,-0.032796549999999994,300.0,1133,2930,0.0461086314113345,0.23115234375,0.2,-0.04297729244281072,-0.18437063694000244,0.033823013,0.0003,-0.04725755751132965,-0.8093531591817736
295,531,604160,-0.06860708,300.0,1135,2940,0.08170231317635626,0.21826171875,0.2,-0.04496139405237045,-0.025143146514892578,0.029559229,0.0003,-0.0511016808450222,-0.7851503521203995
296,532,606208,-0.11443914999999995,300.0,1138,2950,0.027079576428513975,0.21494140625,0.2,-0.04095008097065147,-0.040549516677856445,0.028566722,0.0003,-0.05927053093910217,-0.7872416771948337
297,533,608256,-0.03196402999999999,300.0,1140,2960,0.04364210763014853,0.22529296875,0.2,-0.04359861125994939,0.10215812921524048,0.032549784,0.0003,-0.06324601173400879,-0.8252890937030315
298,534,610304,-0.12183884000000006,300.0,1142,2970,0.04691170314908959,0.2314453125,0.2,-0.043723366488120516,-0.01886439323425293,0.031693213,0.0003,-0.07211573421955109,-0.8007210301235318
299,534,612352,-0.3228295100000001,300.0,1145,2980,0.07199912894284352,0.22451171875,0.2,-0.04266256443515885,0.11699670553207397,0.02830569,0.0003,-0.03813163936138153,-0.820449392683804
300,535,614400,-0.13711481000000006,300.0,1147,2990,0.02619904826278798,0.20498046875,0.2,-0.042006975709227845,-0.16280126571655273,0.025843557,0.0003,-0.07331140339374542,-0.8281843790784478
301,535,616448,-0.15835165000000007,300.0,1150,3000,0.03048623131471686,0.228564453125,0.2,-0.043547539180144666,-0.19268584251403809,0.03112129,0.0003,-0.05861224979162216,-0.81627634242177
302,536,618496,-0.19213047000000005,300.0,1152,3010,0.015457520082418342,0.2095703125,0.2,-0.03912425100279506,0.24774420261383057,0.027693022,0.0003,-0.07132325321435928,-0.819705392792821
303,537,620544,-0.26721232,300.0,1155,3020,0.021590032911626623,0.2140625,0.2,-0.0411837466963334,0.14530038833618164,0.029253103,0.0003,-0.056100670248270035,-0.7943405302241444
304,537,622592,-0.31854250000000006,300.0,1157,3030,0.031012266263132915,0.230029296875,0.2,-0.04142710275191348,0.2435320019721985,0.030489797,0.0003,-0.05989518016576767,-0.8102594388648867
305,538,624640,-0.33843336,300.0,1159,3040,0.08985035959631205,0.2103515625,0.2,-0.03994612828391837,0.04354041814804077,0.025629412,0.0003,-0.036143708974123,-0.7779581302776932
306,539,626688,-0.33738564,300.0,1161,3050,0.038522214139811696,0.216064453125,0.2,-0.04103323642775649,0.35493004322052,0.030813064,0.0003,-0.05338408052921295,-0.8120942616835236
307,540,628736,-0.3768478,300.0,1164,3060,0.06335115185938775,0.224365234375,0.2,-0.043129293955280444,0.16077178716659546,0.03266923,0.0003,-0.038467053323984146,-0.8297066058963537
308,540,630784,-0.49070488999999995,300.0,1166,3070,0.08446488339686767,0.20908203125,0.2,-0.037999239802593364,0.13980889320373535,0.027400494,0.0003,0.002939946949481964,-0.7974336048588156
309,541,632832,-0.6583792499999999,300.0,1168,3080,0.028739400667836888,0.215771484375,0.2,-0.041697796220250896,-0.010657787322998047,0.028933413,0.0003,-0.05696489289402962,-0.783181550912559
310,542,634880,-0.7296830000000001,300.0,1170,3090,0.07757641081698238,0.22470703125,0.2,-0.041836627750308254,0.18919920921325684,0.030543864,0.0003,-0.022470448166131973,-0.7704384259879589
311,542,636928,-0.7433316300000002,300.0,1173,3100,0.04214922723476775,0.22353515625,0.2,-0.043085684161633254,0.288188636302948,0.030506952,0.0003,-0.05675867944955826,-0.8045324804261327
312,543,638976,-0.8134545199999998,300.0,1175,3110,0.026283796195639298,0.22841796875,0.2,-0.041035336146887855,0.47304171323776245,0.030157331,0.0003,-0.06113000959157944,-0.7789852084591985
313,543,641024,-0.86363795,300.0,1178,3120,0.04507317583193071,0.21552734375,0.2,-0.04100890126719605,0.23820120096206665,0.03223777,0.0003,-0.07171087712049484,-0.7877753261476755
314,544,643072,-0.7432048900000001,300.0,1180,3130,0.06713620906230063,0.19873046875,0.2,-0.039678374901995994,0.3156753182411194,0.024689492,0.0003,-0.03666457161307335,-0.7817298406735063
315,545,645120,-0.7465428300000001,300.0,1182,3140,0.034680971381021664,0.20869140625,0.2,-0.04076798747410067,0.5019589066505432,0.029747125,0.0003,-0.0687977522611618,-0.7856995234265923
316,545,647168,-0.70420894,300.0,1185,3150,0.04021213336964138,0.21943359375,0.2,-0.043237997582764365,0.5091664791107178,0.03202027,0.0003,-0.048353031277656555,-0.7731035945937037
317,546,649216,-0.55990761,300.0,1187,3160,0.055878861236851665,0.217431640625,0.2,-0.042013382003642616,0.5706806182861328,0.03167377,0.0003,-0.022859573364257812,-0.7671262910589576
318,547,651264,-0.4287449299999999,300.0,1189,3170,0.1378304246580228,0.21787109375,0.2,-0.04194469446374569,0.29932379722595215,0.027401181,0.0003,0.0056039318442344666,-0.7765010533854365
319,547,653312,-0.48712247,300.0,1192,3180,0.05053204681025818,0.222314453125,0.2,-0.042224186941166406,0.5174510478973389,0.032758497,0.0003,-0.04755912721157074,-0.789995570294559
320,548,655360,-0.5490362000000001,300.0,1194,3190,0.06815692022209988,0.22578125,0.2,-0.041648269555298614,0.4238208532333374,0.03007451,0.0003,-0.040776774287223816,-0.7707868600264192
321,549,657408,-0.4822535499999999,300.0,1196,3200,0.0491342039720621,0.2173828125,0.2,-0.041882766812341286,0.32807421684265137,0.03061672,0.0003,-0.04255635291337967,-0.8023467877879739
322,549,659456,-0.47182862999999997,300.0,1199,3210,0.030303579417522996,0.21884765625,0.2,-0.04354985104437219,0.5618716478347778,0.031596173,0.0003,-0.07024310529232025,-0.7776137152686715
323,550,661504,-0.18890164,300.0,1201,3220,0.05239734249189496,0.209326171875,0.2,-0.04396267796691973,0.4806082844734192,0.028312132,0.0003,-0.041806869208812714,-0.7937302248552441
324,551,663552,-0.17125747,300.0,1203,3230,0.09722878651227802,0.235205078125,0.2,-0.04490184981841594,0.13088929653167725,0.034328077,0.0003,-0.02622189000248909,-0.7691767640411854
325,551,665600,-0.07431738000000002,300.0,1206,3240,0.02344298925891053,0.2138671875,0.2,-0.04041504296474159,0.400332510471344,0.031012455,0.0003,-0.07306021451950073,-0.7836035592481494
326,552,667648,-0.03695362000000001,300.0,1208,3250,0.01971805215580389,0.216650390625,0.2,-0.04223587835149374,0.44956374168395996,0.031785168,0.0003,-0.05162389948964119,-0.7653886023908854
327,553,669696,0.09750047999999996,300.0,1210,3260,0.07725815022131428,0.210107421875,0.2,-0.041604055603966114,0.14822131395339966,0.029081276,0.0003,-0.031571704894304276,-0.7503369888290763
328,553,671744,0.13370017,300.0,1213,3270,0.04868632241850719,0.2140625,0.2,-0.03847729812841862,0.07216185331344604,0.03250462,0.0003,-0.03712019696831703,-0.7409383572638035
329,554,673792,0.014687440000000027,300.0,1215,3280,0.03911541160196066,0.213525390625,0.2,-0.040356337804405486,0.20979750156402588,0.03249089,0.0003,-0.05475929379463196,-0.7549754587933422
330,554,675840,-0.05391472000000006,300.0,1217,3290,0.019209462267463097,0.220263671875,0.2,-0.04563933290191926,-0.14502954483032227,0.03523689,0.0003,-0.061151012778282166,-0.7435054255649447
331,555,677888,0.040352629999999896,300.0,1219,3300,0.026997797947842628,0.219482421875,0.2,-0.0421727875538636,-0.009306192398071289,0.031097718,0.0003,-0.06286239624023438,-0.743281964585185
332,556,679936,-0.2142442100000001,300.0,1222,3310,0.03880323404446244,0.21748046875,0.2,-0.04161765611497685,-0.01175379753112793,0.034359485,0.0003,-0.055212050676345825,-0.7402242219075561
333,556,681984,-0.11734418000000005,300.0,1224,3320,0.020272058309637943,0.220361328125,0.2,-0.04293751353980042,0.09927058219909668,0.032618057,0.0003,-0.04513624683022499,-0.7398159936070442
334,557,684032,-0.19806665000000007,300.0,1227,3330,0.10123897964367642,0.220947265625,0.2,-0.04091125099221245,-0.08866167068481445,0.035790257,0.0003,-0.003992937505245209,-0.7374347317963839
335,557,686080,-0.06942076000000005,300.0,1229,3340,0.014752633875468745,0.218798828125,0.2,-0.04002778386930004,-0.2690925598144531,0.032179944,0.0003,-0.061124738305807114,-0.7207772823050618
336,558,688128,-0.12373130000000003,300.0,1232,3350,0.04951407783664763,0.216943359375,0.2,-0.0366220016090665,-0.04402315616607666,0.033003528,0.0003,-0.04088428616523743,-0.7078159054741263
337,558,690176,-0.14005721999999998,300.0,1235,3360,0.049753426003735515,0.218017578125,0.2,-0.03794588946620934,0.031723856925964355,0.034267247,0.0003,-0.014070097357034683,-0.6831515165045857
338,559,692224,-0.08628702,300.0,1238,3370,0.0815174549119547,0.217431640625,0.2,-0.039636090291605794,0.1352524757385254,0.033464625,0.0003,-0.04327733814716339,-0.7065716799348593
339,559,694272,-0.18829356,300.0,1240,3380,0.05047416526940651,0.2193359375,0.2,-0.03871110846375814,0.15476977825164795,0.032167114,0.0003,-0.03727400675415993,-0.7025795292109251
340,560,696320,-0.3156262700000001,300.0,1242,3390,0.03169074199395254,0.215625,0.2,-0.04030608822940849,0.23051196336746216,0.032478936,0.0003,-0.05925210565328598,-0.6801012067124248
341,560,698368,-0.24228716000000006,300.0,1245,3400,0.03546575322980061,0.22041015625,0.2,-0.042374758573714644,0.33343130350112915,0.030610863,0.0003,-0.03550461679697037,-0.6759768858551979
342,534,700416,-0.39468295000000003,300.0,1309,3410,0.07383077025879174,0.206591796875,0.2,-0.03888140863564331,0.08210605382919312,0.033581786,0.0003,-0.013379599899053574,-0.6660784159786999
343,535,702464,-0.45490737000000003,300.0,1311,3420,0.042083821701817216,0.21591796875,0.2,-0.03710990506224334,-0.05666148662567139,0.03234245,0.0003,-0.04207853972911835,-0.6625914867967367
344,536,704512,-0.40580197000000007,300.0,1313,3430,0.017011355483555236,0.216552734375,0.2,-0.03624375828367192,-0.07719457149505615,0.035931066,0.0003,-0.04150131717324257,-0.67252038102597
345,536,706560,-0.4113692500000001,300.0,1315,3440,0.053954639652511106,0.21962890625,0.2,-0.03868455008778256,0.09103024005889893,0.037098534,0.0003,-0.0536448135972023,-0.6644912007264793
346,537,708608,-0.34752599000000006,300.0,1318,3450,0.06374629962956532,0.225830078125,0.2,-0.041106242378009486,-0.10197365283966064,0.034098282,0.0003,-0.03647478297352791,-0.6555845441296697
347,538,710656,-0.19631508999999994,300.0,1320,3460,0.023977912051486784,0.227099609375,0.2,-0.040247736041783354,-0.033731698989868164,0.03658494,0.0003,-0.04745221138000488,-0.666394751612097
348,538,712704,-0.22785406999999996,300.0,1322,3470,0.06984173152595759,0.21806640625,0.2,-0.041098994901403785,0.03842473030090332,0.031199707,0.0003,-0.03833352029323578,-0.6612909708172083
349,539,714752,-0.17620085999999993,300.0,1325,3480,0.05318984833429567,0.236083984375,0.2,-0.03947374041599687,-0.008580803871154785,0.03540181,0.0003,-0.07610147446393967,-0.680155853368342
350,539,716800,-0.11713263,300.0,1327,3490,0.05285604198579676,0.222607421875,0.2,-0.03680038528109435,0.03518521785736084,0.032675248,0.0003,-0.01922599971294403,-0.6822742465883493
351,540,718848,-0.37797886000000014,300.0,1330,3500,0.048944260395364834,0.21162109375,0.2,-0.0395067519712029,-0.03102588653564453,0.03666964,0.0003,-0.0483398362994194,-0.6671296885237098
352,540,720896,-0.39920158,300.0,1332,3510,0.07848554605152458,0.213818359375,0.2,-0.04048797427967656,-0.20583128929138184,0.032995157,0.0003,-0.037312641739845276,-0.6877621833235026
353,541,722944,-0.33053382,300.0,1335,3520,0.03770524424617179,0.216162109375,0.2,-0.04063921665219823,0.04469555616378784,0.03507387,0.0003,-0.02503497339785099,-0.7067926473915577
354,541,724992,-0.33008471000000006,300.0,1337,3530,0.03721035323105752,0.213720703125,0.2,-0.03864846655633301,0.011235833168029785,0.032682166,0.0003,-0.056081101298332214,-0.6786917133256793
355,542,727040,-0.39502553,300.0,1340,3540,0.05038957137730904,0.2244140625,0.2,-0.038068760052556175,0.0700499415397644,0.04153017,0.0003,-0.040271494537591934,-0.6743959741666913
356,542,729088,-0.25352194000000006,300.0,1343,3550,0.06308672709856182,0.201708984375,0.2,-0.03774923937744461,0.003301560878753662,0.026586482,0.0003,-0.03927075117826462,-0.6717394372448325
357,543,731136,-0.16667287000000008,300.0,1345,3560,0.09663278287043794,0.207763671875,0.2,-0.038270378040033394,0.03682976961135864,0.031187326,0.0003,-0.04272403568029404,-0.6651523131877184
358,543,733184,-0.11891992000000005,300.0,1347,3570,0.015323572952183895,0.222900390625,0.2,-0.04263775580911897,0.627382218837738,0.033964388,0.0003,-0.053301624953746796,-0.6914737677201629
359,544,735232,-0.20128284000000007,300.0,1350,3580,0.040346914355177434,0.229248046875,0.2,-0.04115695661457721,0.43946707248687744,0.034971472,0.0003,-0.028708651661872864,-0.6759530607610941
360,544,737280,-0.23244149,300.0,1353,3590,0.028212069516303017,0.227490234375,0.2,-0.04235158882802352,0.09016209840774536,0.035595134,0.0003,-0.07373610138893127,-0.7059832641854882
361,545,739328,-0.20811145999999997,300.0,1355,3600,0.013648631688556633,0.2080078125,0.2,-0.040657145724981095,0.36322736740112305,0.034560844,0.0003,-0.05599207058548927,-0.6938610419631004
362,545,741376,-0.42695905999999995,300.0,1358,3610,0.03772193209151738,0.200537109375,0.2,-0.0353509286098415,0.15588819980621338,0.029789615,0.0003,-0.04518909752368927,-0.6575906157493592
363,546,743424,-0.5242807700000001,300.0,1360,3620,0.060651544423308223,0.219287109375,0.2,-0.03893959526612889,0.24326306581497192,0.034536093,0.0003,-0.05573713406920433,-0.6702619295567274
364,546,745472,-0.6584904599999999,300.0,1363,3630,0.1252873194986023,0.227734375,0.2,-0.04217856548493728,0.15576642751693726,0.034474835,0.0003,-0.010823436081409454,-0.705020484700799
365,547,747520,-0.8712904,300.0,1366,3640,0.04274865962797776,0.210595703125,0.2,-0.04302784441388212,0.01730477809906006,0.03103923,0.0003,-0.034754421561956406,-0.7000502904877066
366,547,749568,-0.65921673,300.0,1368,3650,0.05610782727599144,0.225048828125,0.2,-0.04184038270032033,-0.031375765800476074,0.030837802,0.0003,-0.04205433279275894,-0.7340359916910529
367,548,751616,-0.70411755,300.0,1370,3660,0.07572037985082716,0.20966796875,0.2,-0.03871786158706527,0.10597509145736694,0.03277804,0.0003,-0.035979099571704865,-0.7169748585671186
368,548,753664,-0.74773647,300.0,1372,3670,0.027057895535835996,0.2046875,0.2,-0.03858468546532094,-0.02269721031188965,0.037924062,0.0003,-0.04906092956662178,-0.6776689173653722
369,549,755712,-0.49184675,300.0,1375,3680,0.04485826813033782,0.228173828125,0.2,-0.04368457323871553,0.14944249391555786,0.032567237,0.0003,-0.051768697798252106,-0.7192828988656401
370,550,757760,-0.6307229899999999,300.0,1377,3690,0.03816434222389944,0.222412109375,0.2,-0.03810840855003335,0.2566409707069397,0.033007104,0.0003,-0.05900942534208298,-0.7301678851246833
371,550,759808,-0.60845245,300.0,1379,3700,0.047428065235726534,0.215283203125,0.2,-0.0424822148081148,0.10888326168060303,0.031179162,0.0003,-0.07464075088500977,-0.7343198403716087
372,551,761856,-0.67271755,300.0,1381,3710,0.04535827932995744,0.210888671875,0.2,-0.04271229300065897,-0.001749873161315918,0.034497596,0.0003,-0.04250594601035118,-0.6952989775687456
373,551,763904,-0.6084747699999999,300.0,1384,3720,0.028137229022104294,0.2181640625,0.2,-0.03830284127179766,0.20695841312408447,0.032558575,0.0003,-0.0670071467757225,-0.7041295284405351
374,552,765952,-0.52384795,300.0,1386,3730,0.03983301225816831,0.209716796875,0.2,-0.04077265743108001,0.1276567578315735,0.031384524,0.0003,-0.06496638059616089,-0.7067015860229731
375,552,768000,-0.4777725300000001,300.0,1389,3740,0.033668808871880174,0.211572265625,0.2,-0.04008285846794024,0.18427568674087524,0.03418134,0.0003,-0.05380493402481079,-0.6721647208556533
376,553,770048,-0.56723146,300.0,1391,3750,0.027847552750608885,0.206298828125,0.2,-0.04145841826102696,0.44927269220352173,0.028513916,0.0003,-0.047776225954294205,-0.7001624174416066
377,554,772096,-0.38379557999999997,300.0,1393,3760,0.03285722768050618,0.214990234375,0.2,-0.0403049680753611,0.3327937126159668,0.032502647,0.0003,-0.07053130120038986,-0.7022507207468152
378,554,774144,-0.33307446000000007,300.0,1396,3770,0.043051079416181894,0.21103515625,0.2,-0.04061724109051283,0.39179736375808716,0.03396395,0.0003,-0.04901833087205887,-0.6769629679620266
379,555,776192,-0.1274811,300.0,1398,3780,0.046588961564702915,0.235107421875,0.2,-0.044892625336069615,0.39395177364349365,0.0399781,0.0003,-0.036321863532066345,-0.6946029754355549
380,555,778240,-0.19050246,300.0,1400,3790,0.021608046026085504,0.21826171875,0.2,-0.039829277695389464,0.6015768051147461,0.03212978,0.0003,-0.05593809112906456,-0.707732448913157
381,556,780288,-0.12260556999999998,300.0,1402,3800,0.050070859579136595,0.20283203125,0.2,-0.03938388986280188,0.11830133199691772,0.029443162,0.0003,-0.04737967252731323,-0.6729996828362346
382,556,782336,-0.07328403000000003,300.0,1404,3810,0.04231657458585687,0.205615234375,0.2,-0.036875852249795574,0.20114213228225708,0.031770367,0.0003,-0.034044746309518814,-0.646241956949234
383,557,784384,-0.12586851,300.0,1407,3820,0.025340818174299784,0.220751953125,0.2,-0.04060553721210454,0.10124468803405762,0.03703876,0.0003,-0.055659592151641846,-0.6594060688279569
384,557,786432,-0.19814936000000002,300.0,1409,3830,0.022925532719818877,0.2091796875,0.2,-0.04011881984188222,0.1489887237548828,0.03406832,0.0003,-0.057200491428375244,-0.66326649710536
385,558,788480,-0.26051657000000006,300.0,1411,3840,0.07228133215103298,0.225537109375,0.2,-0.044262137764599176,0.08892500400543213,0.03497051,0.0003,-0.03908250853419304,-0.673959001339972
386,559,790528,-0.18619668999999997,300.0,1413,3850,0.0335452206840273,0.224072265625,0.2,-0.039216582151129845,-0.041536927223205566,0.035046116,0.0003,-0.04977753385901451,-0.6730892103165388
387,559,792576,-0.20980973000000006,300.0,1416,3860,0.03928178344503976,0.220849609375,0.2,-0.04109962696093135,0.06073558330535889,0.03438271,0.0003,-0.03914119303226471,-0.6670456359162926
388,560,794624,-0.31156550000000005,300.0,1418,3870,0.049206313630566004,0.22548828125,0.2,-0.04418985403026454,0.1183515191078186,0.033996142,0.0003,-0.055338650941848755,-0.6629762016236782
389,560,796672,-0.38642227000000007,300.0,1420,3880,0.035168426530435684,0.22978515625,0.2,-0.043234852721798236,0.04336827993392944,0.03544232,0.0003,-0.06603696942329407,-0.6980207638815046
390,561,798720,-0.2397621,300.0,1423,3890,0.0407552718941588,0.210498046875,0.2,-0.03705743899772642,-0.09298956394195557,0.032725997,0.0003,-0.04058511555194855,-0.6528626903891563
391,539,800768,-0.10232353000000001,300.0,1483,3900,0.05285348299657926,0.22041015625,0.2,-0.03968497198948171,0.1280626654624939,0.034642078,0.0003,-0.034023672342300415,-0.6647265244275331
392,540,802816,-0.08401259,300.0,1486,3910,0.03739969638409093,0.219482421875,0.2,-0.03964481549046468,0.35911017656326294,0.036468785,0.0003,-0.03974916785955429,-0.6859362576156854
393,540,804864,-0.21426603999999994,300.0,1488,3920,0.06835873206146062,0.2001953125,0.2,-0.038894418234121986,0.02836507558822632,0.030894864,0.0003,-0.03983472287654877,-0.6661305347457528
394,541,806912,0.11108375999999998,300.0,1490,3930,0.02557190185470972,0.21494140625,0.2,-0.040562546154251325,0.045133888721466064,0.03353561,0.0003,-0.06005473807454109,-0.6734834169968963
395,541,808960,0.026240040000000006,300.0,1492,3940,0.03269629060523584,0.21552734375,0.2,-0.03932191756612156,0.20593172311782837,0.032755308,0.0003,-0.053429730236530304,-0.6649550082162022
396,542,811008,0.14463639000000003,300.0,1495,3950,0.03185603971360251,0.2169921875,0.2,-0.0424976042995695,-0.14570224285125732,0.03618986,0.0003,-0.05180840194225311,-0.6821443961933256
397,542,813056,0.14679483000000002,300.0,1497,3960,0.07813423640327528,0.23408203125,0.2,-0.04831276633194648,0.16437381505966187,0.037044566,0.0003,-0.0582173727452755,-0.7382423859089613
398,543,815104,0.008084899999999973,300.0,1499,3970,0.08875891880597919,0.207373046875,0.2,-0.04015053401235491,-0.13478469848632812,0.028980514,0.0003,-0.046415895223617554,-0.7112688481807709
399,544,817152,0.08678189999999997,300.0,1501,3980,0.0591040690545924,0.21279296875,0.2,-0.039367594610666856,0.0931125283241272,0.030200066,0.0003,-0.043504927307367325,-0.6985670017078519
400,544,819200,-0.004452559999999998,300.0,1504,3990,0.03271584144677035,0.233251953125,0.2,-0.04299179283843842,0.18044579029083252,0.038562298,0.0003,-0.04957171902060509,-0.6916450671851635
401,545,821248,-0.13620181000000003,300.0,1506,4000,0.06673079712782055,0.21259765625,0.2,-0.04111543859762605,0.14025920629501343,0.03621902,0.0003,-0.0359257273375988,-0.7289782851934433
402,545,823296,-0.05889269999999997,300.0,1508,4010,0.0344703882932663,0.208349609375,0.2,-0.043218063315725884,0.22083675861358643,0.033506587,0.0003,-0.07168101519346237,-0.7225503072142601
403,546,825344,-0.10991102999999999,300.0,1511,4020,0.022329141819500364,0.232958984375,0.2,-0.04462837347527966,0.4453190565109253,0.03771947,0.0003,-0.06478331983089447,-0.6991877002641559
404,546,827392,-4.887000000000974e-05,300.0,1513,4030,0.051365987351164225,0.2177734375,0.2,-0.039808908879058434,0.31494688987731934,0.03201231,0.0003,-0.03522072732448578,-0.6952708914875985
405,547,829440,-0.12600394,300.0,1515,4040,0.0553544232272543,0.2193359375,0.2,-0.04145689809520263,0.13751697540283203,0.03160808,0.0003,-0.044061366468667984,-0.7071161588653923
406,547,831488,-0.23845920000000004,300.0,1517,4050,0.03580067091388628,0.224560546875,0.2,-0.04182369321642909,0.27327167987823486,0.029475756,0.0003,-0.06557459384202957,-0.719544387795031
407,548,833536,-0.20577654999999992,300.0,1520,4060,0.08742877721088008,0.20908203125,0.2,-0.03913842106121592,0.08801501989364624,0.03481442,0.0003,-0.018881287425756454,-0.6985091656446457
408,548,835584,-0.29040221999999993,300.0,1522,4070,0.0718700734549202,0.217822265625,0.2,-0.04139925011695596,0.2086006999015808,0.034323435,0.0003,-0.047439128160476685,-0.7269311022013426
409,549,837632,-0.3048246799999999,300.0,1524,4080,0.020002027513692157,0.242578125,0.2,-0.04478811138687888,-0.08079242706298828,0.039139993,0.0003,-0.06192084774374962,-0.7154092378914356
410,549,839680,-0.43483805999999986,300.0,1526,4090,0.06424078687559813,0.220703125,0.2,-0.04270485952147283,0.17226821184158325,0.034912713,0.0003,-0.049984995275735855,-0.6994811365380883
411,550,841728,-0.37301725,300.0,1528,4100,0.06029264068929478,0.221875,0.2,-0.04243934867408825,0.26855313777923584,0.03637055,0.0003,-0.03762830048799515,-0.7152559811249375
412,551,843776,-0.53805212,300.0,1531,4110,0.05582862534211017,0.224169921875,0.2,-0.04383404445834458,0.2250434160232544,0.032217897,0.0003,-0.034855350852012634,-0.7099139945581555
413,551,845824,-0.43509706000000004,300.0,1533,4120,0.05304194176569581,0.198193359375,0.2,-0.03963632450904697,0.2391144037246704,0.031466696,0.0003,-0.038025904446840286,-0.7047085639089345
414,552,847872,-0.27027347999999995,300.0,1535,4130,0.03559985355823301,0.214697265625,0.2,-0.039806158005376346,0.3549487590789795,0.033631906,0.0003,-0.04406024515628815,-0.718462136015296
415,552,849920,-0.2740521599999999,300.0,1538,4140,0.0464725423429627,0.231591796875,0.2,-0.039228343483409846,0.4025745391845703,0.034911275,0.0003,-0.030932851135730743,-0.7168868785724044
416,553,851968,-0.25243938,300.0,1540,4150,0.06160029706661589,0.230908203125,0.2,-0.04355984379944857,0.41539961099624634,0.038079545,0.0003,-0.03605123236775398,-0.7268982598558068
417,553,854016,-0.18955259,300.0,1542,4160,0.07030465854913928,0.246044921875,0.2,-0.04161678967648186,0.49130725860595703,0.042751722,0.0003,-0.02781432494521141,-0.7387219270691275
418,554,856064,-0.019012089999999975,300.0,1544,4170,0.038082710391609,0.22109375,0.2,-0.044274991829297505,0.476518452167511,0.033006087,0.0003,-0.04948379844427109,-0.7135040462017059
419,554,858112,-0.2531497999999999,300.0,1546,4180,0.07080761011457071,0.209619140625,0.2,-0.04138061236590147,0.2473764419555664,0.030725231,0.0003,-0.05038263276219368,-0.7329585798084736
420,555,860160,0.030512450000000014,300.0,1549,4190,0.04506355365156196,0.23828125,0.2,-0.043484482122585176,0.17628389596939087,0.037514884,0.0003,-0.051257871091365814,-0.7314558954909444
421,555,862208,-0.11637621999999993,300.0,1551,4200,0.028275816625682636,0.22255859375,0.2,-0.04227281030907761,0.3824421167373657,0.032181576,0.0003,-0.07151748985052109,-0.761847166903317
422,556,864256,-0.10910931999999995,300.0,1553,4210,0.08130464721471072,0.22919921875,0.2,-0.045433740841690454,0.17648190259933472,0.033076733,0.0003,-0.045741334557533264,-0.7539401890709996
423,556,866304,-0.13548576000000007,300.0,1555,4220,0.059088629414327444,0.234033203125,0.2,-0.04385988460562658,-0.1514986753463745,0.03444755,0.0003,-0.039559733122587204,-0.7433484615758061
424,557,868352,-0.17484902,300.0,1557,4230,0.03173725979286246,0.228271484375,0.2,-0.041455276202759704,-0.09548377990722656,0.0324296,0.0003,-0.06832442432641983,-0.7378454111516476
425,557,870400,-0.16357212999999995,300.0,1560,4240,0.020274275325937195,0.2158203125,0.2,-0.04124875761626754,-0.07790231704711914,0.033229154,0.0003,-0.06940840184688568,-0.7341777877882123
426,558,872448,-0.15572509999999995,300.0,1562,4250,0.08082157940370963,0.2259765625,0.2,-0.043155272185686044,-0.04291069507598877,0.033298694,0.0003,-0.025137487798929214,-0.7344093536958098
427,558,874496,-0.14623785999999991,300.0,1564,4260,0.027350320073310286,0.226171875,0.2,-0.04388485034869518,-0.031023621559143066,0.035999954,0.0003,-0.060206349939107895,-0.743448905274272
428,559,876544,-0.15197845000000001,300.0,1566,4270,0.03636975315748714,0.2263671875,0.2,-0.042624808821710755,0.07935553789138794,0.029921543,0.0003,-0.04131558537483215,-0.7308850618079304
429,559,878592,-0.38412948999999996,300.0,1569,4280,0.026821014727465807,0.213623046875,0.2,-0.041613240327569655,-0.04985976219177246,0.03177876,0.0003,-0.06079283729195595,-0.7273658756166697
430,560,880640,-0.3420403199999999,300.0,1571,4290,0.029975268957787193,0.238916015625,0.2,-0.04723914511559997,0.2047317624092102,0.038058907,0.0003,-0.06226355955004692,-0.7426501449197531
431,560,882688,-0.4259402000000001,300.0,1574,4300,0.024516664998373017,0.23671875,0.2,-0.04495224714628421,0.01997619867324829,0.034903385,0.0003,-0.06448681652545929,-0.7460533687844872
432,561,884736,-0.23977945999999994,300.0,1576,4310,0.027289829042274505,0.225048828125,0.2,-0.04269233594095567,0.2238173484802246,0.03922566,0.0003,-0.06064501032233238,-0.7338905051350594
433,561,886784,-0.22692170999999994,300.0,1578,4320,0.03143617361783981,0.22734375,0.2,-0.04617881102894898,0.36818671226501465,0.03875266,0.0003,-0.07272327691316605,-0.7384091468527914
434,562,888832,-0.23268787,300.0,1580,4330,0.0358128143416252,0.22177734375,0.2,-0.04289339217066299,0.37450075149536133,0.03051218,0.0003,-0.06740274280309677,-0.760823454707861
435,562,890880,-0.29824783000000005,300.0,1582,4340,0.06829482713947073,0.22880859375,0.2,-0.04421919864835218,0.20883262157440186,0.03321663,0.0003,-0.004851400852203369,-0.7594270491972566
436,563,892928,-0.32085898,300.0,1585,4350,0.037447290518321096,0.228271484375,0.2,-0.04242713858839124,0.15269124507904053,0.031605586,0.0003,-0.06124347448348999,-0.7567636061459779
437,563,894976,-0.2323321100000001,300.0,1587,4360,0.049536992656067015,0.219677734375,0.2,-0.043751763901673256,0.2373712658882141,0.03947775,0.0003,-0.056944042444229126,-0.7350208969786763
438,564,897024,-0.25248513,300.0,1589,4370,0.02375296752434224,0.2205078125,0.2,-0.046537856291979554,0.2685604691505432,0.03274744,0.0003,-0.05993349850177765,-0.7469582464545965
439,564,899072,-0.14194616000000002,300.0,1592,4380,0.0319455772114452,0.227685546875,0.2,-0.04599841586896218,0.10654598474502563,0.039102055,0.0003,-0.06901533156633377,-0.716260414198041
440,544,901120,-0.13465668,300.0,1654,4390,0.02750860248343088,0.236376953125,0.2,-0.04446662203408778,-0.012434244155883789,0.034201108,0.0003,-0.07048144191503525,-0.7147890286520123
441,544,903168,-0.22744919999999996,300.0,1657,4400,0.020285904398770073,0.226806640625,0.2,-0.04446798184944782,0.022963345050811768,0.035082653,0.0003,-0.07722495496273041,-0.7018086494877934
442,545,905216,-0.057074879999999995,300.0,1659,4410,0.047941029025241735,0.21689453125,0.2,-0.04406891579274088,-0.04908037185668945,0.030981759,0.0003,-0.047436054795980453,-0.7316243909299374
443,545,907264,-0.025329270000000043,300.0,1662,4420,0.03355886616045609,0.223583984375,0.2,-0.04403105404926464,0.1480189561843872,0.034045406,0.0003,-0.07639233767986298,-0.692154991067946
444,546,909312,0.03369591999999998,300.0,1664,4430,0.023132791809621266,0.19521484375,0.2,-0.04229414120636647,0.12389057874679565,0.031808726,0.0003,-0.07540127635002136,-0.7429236773401499
445,546,911360,0.03044262999999995,300.0,1666,4440,0.03066448464524001,0.213916015625,0.2,-0.042170125199481844,0.0431210994720459,0.032967918,0.0003,-0.06220575422048569,-0.7191680073738098
446,547,913408,-0.01074632000000001,300.0,1668,4450,0.029943224415183066,0.22734375,0.2,-0.04621086528059095,0.2344883680343628,0.037768286,0.0003,-0.071705661714077,-0.7331771243363618
447,548,915456,-0.03485601999999994,300.0,1670,4460,0.06151786973932758,0.23984375,0.2,-0.04444113186036702,-0.1159125566482544,0.037170753,0.0003,-0.047180965542793274,-0.7042574439197778
448,548,917504,-0.07336954000000004,300.0,1672,4470,0.06939197093015537,0.22802734375,0.2,-0.04388722164731007,0.020998597145080566,0.03928625,0.0003,-0.042633216828107834,-0.7184768002480268
449,549,919552,-0.24524089,300.0,1674,4480,0.037777011218713595,0.226318359375,0.2,-0.043681334753637203,0.1294880509376526,0.03293264,0.0003,-0.030546437948942184,-0.7057250756770372
450,549,921600,0.047773629999999956,300.0,1676,4490,0.05288499075104482,0.226171875,0.2,-0.045238614606205374,0.07752370834350586,0.03326889,0.0003,-0.048362746834754944,-0.721851073950529
451,550,923648,0.011155490000000016,300.0,1678,4500,0.05304364491021261,0.2126953125,0.2,-0.041338378624641334,0.08307713270187378,0.031902544,0.0003,-0.03460554778575897,-0.7061029765754938
452,550,925696,-0.08917007000000005,300.0,1680,4510,0.09189286191249266,0.214892578125,0.2,-0.040590443211840466,0.10907363891601562,0.03287176,0.0003,-0.017272673547267914,-0.7144211875274777
453,551,927744,0.06428342999999996,300.0,1682,4520,0.03162598360504489,0.22958984375,0.2,-0.0442558401482529,0.06325149536132812,0.03276616,0.0003,-0.06933514773845673,-0.7205081667751074
454,551,929792,0.02581642,300.0,1685,4530,0.04627388541121036,0.235107421875,0.2,-0.04279447809240082,0.09159702062606812,0.042557225,0.0003,-0.05139477923512459,-0.7162802718579769
455,552,931840,-0.19930763999999995,300.0,1687,4540,0.01407335626136046,0.24345703125,0.2,-0.046933373113279234,-0.15097355842590332,0.03602388,0.0003,-0.06011383235454559,-0.7278952106833458
456,552,933888,-0.27341365000000006,300.0,1689,4550,0.014326642511878162,0.229541015625,0.2,-0.046618534908338914,0.028593778610229492,0.038554505,0.0003,-0.04558978229761124,-0.7270328594371677
457,553,935936,-0.21738686000000007,300.0,1691,4560,0.05053862268105149,0.2275390625,0.2,-0.04802815058210399,0.2636604309082031,0.036197003,0.0003,-0.0501982718706131,-0.7536692477762699
458,553,937984,-0.18667124000000004,300.0,1693,4570,0.03634730170597322,0.23984375,0.2,-0.04337898475059774,0.03531217575073242,0.03695838,0.0003,-0.06779518723487854,-0.7164817003533244
459,554,940032,-0.015439760000000018,300.0,1695,4580,0.04596141865476966,0.229638671875,0.2,-0.03968085172236897,-0.011771798133850098,0.037658155,0.0003,-0.03230133652687073,-0.6935624524950981
460,554,942080,-0.03086694000000001,300.0,1697,4590,0.06850302694365382,0.21630859375,0.2,-0.041074287678929976,0.09655189514160156,0.03522054,0.0003,-0.041728634387254715,-0.697529299557209
461,555,944128,0.09411584999999995,300.0,1700,4600,0.023404328085598537,0.250341796875,0.2,-0.0441266416804865,-0.056936025619506836,0.04643985,0.0003,-0.050248123705387115,-0.7160568580031395
462,555,946176,0.10852929999999995,300.0,1702,4610,0.028013047069543974,0.218359375,0.2,-0.04334796470357105,0.05978059768676758,0.037722833,0.0003,-0.04806485027074814,-0.7028985753655433
463,556,948224,0.05121066999999997,300.0,1704,4620,0.026336899102898315,0.238916015625,0.2,-0.04455242000840372,-0.07390522956848145,0.03967181,0.0003,-0.0741303339600563,-0.7096404114738106
464,556,950272,-0.026829160000000102,300.0,1706,4630,0.031196680848370305,0.230517578125,0.2,-0.04213531223067548,0.008332371711730957,0.037997417,0.0003,-0.05152451992034912,-0.7414652409031988
465,557,952320,-0.18732920000000008,300.0,1709,4640,0.035865214635850864,0.216748046875,0.2,-0.04399962647585198,-0.042476773262023926,0.037104577,0.0003,-0.07517760246992111,-0.7121591199189424
466,557,954368,-0.46497743999999996,300.0,1711,4650,0.023986535970470867,0.252978515625,0.2,-0.04787668307835702,-0.05773580074310303,0.04206811,0.0003,-0.06613756716251373,-0.735016213543713
467,558,956416,-0.44814424,300.0,1713,4660,0.06846289412351325,0.222412109375,0.2,-0.04385879059555009,0.1137891411781311,0.039921153,0.0003,-0.028618494048714638,-0.7154566001147031
468,558,958464,-0.45629744,300.0,1715,4670,0.021151121373986826,0.223828125,0.2,-0.04539204491156852,0.14498627185821533,0.03518503,0.0003,-0.07063066214323044,-0.7023413656279445
469,559,960512,-0.3276175100000001,300.0,1717,4680,0.052117839234415445,0.231640625,0.2,-0.043506994191557166,0.21644240617752075,0.041516237,0.0003,-0.07127321511507034,-0.6824868455529213
470,559,962560,-0.14429653,300.0,1719,4690,0.06461517266579904,0.22919921875,0.2,-0.04457636867591645,0.37837517261505127,0.042156626,0.0003,-0.0301832165569067,-0.6899152174592018
471,560,964608,-0.10462142,300.0,1721,4700,0.03548815688118338,0.23154296875,0.2,-0.044043462388799526,0.45571190118789673,0.04118642,0.0003,-0.04796279966831207,-0.687006825208664
472,560,966656,-0.029341219999999977,300.0,1723,4710,0.022886123112402856,0.228125,0.2,-0.046568610092799646,0.6609998941421509,0.0391621,0.0003,-0.07250888645648956,-0.6949594967067242
473,561,968704,-0.06368055999999993,300.0,1726,4720,0.05892710444750264,0.210595703125,0.2,-0.04156597189430613,0.3068770170211792,0.034912698,0.0003,-0.05394916608929634,-0.6826605534180998
474,561,970752,-0.16367046999999996,300.0,1727,4730,0.04464723176788539,0.22685546875,0.2,-0.038834638506523335,0.3579285144805908,0.038177077,0.0003,-0.038881514221429825,-0.6621143415570259
475,562,972800,-0.20508029,300.0,1730,4740,0.03597325509763323,0.23212890625,0.2,-0.04506236042070668,0.19572120904922485,0.03486934,0.0003,-0.05129742622375488,-0.7187537800520658
476,562,974848,-0.38481458,300.0,1731,4750,0.03480677694315091,0.219775390625,0.2,-0.04044486764178146,0.20419269800186157,0.039139204,0.0003,-0.05924113839864731,-0.6795778334140777
477,563,976896,-0.37161396,300.0,1734,4760,0.05607723484863527,0.241259765625,0.2,-0.04529259637638461,-0.1804187297821045,0.036920708,0.0003,-0.04871242493391037,-0.7039335718378424
478,563,978944,-0.20066244,300.0,1736,4770,0.06998679522657766,0.225146484375,0.2,-0.043098116698092784,0.11149489879608154,0.03843085,0.0003,-0.02112942561507225,-0.6957954619079828
479,564,980992,-0.20347693,300.0,1738,4780,0.04152464490034617,0.230419921875,0.2,-0.0433837378222961,0.015209019184112549,0.03835889,0.0003,-0.05388978496193886,-0.6752432141453028
480,564,983040,-0.10564614000000006,300.0,1740,4790,0.03944118251092732,0.215283203125,0.2,-0.04255051506916061,-0.10737824440002441,0.03588809,0.0003,-0.05299600586295128,-0.6595983773469924
481,565,985088,0.12614306000000003,300.0,1742,4800,0.05764539281371981,0.226953125,0.2,-0.04535316062392667,-0.028960466384887695,0.040672176,0.0003,-0.037720244377851486,-0.7102200806140899
482,565,987136,0.10477298000000004,300.0,1745,4810,0.02406991304305848,0.23291015625,0.2,-0.04503181514737662,0.03561216592788696,0.041133508,0.0003,-0.05170879885554314,-0.684318758174777
483,566,989184,-0.05262531000000004,300.0,1747,4820,0.04428694808739238,0.238330078125,0.2,-0.04333723355521215,0.18025243282318115,0.04007604,0.0003,-0.045661963522434235,-0.6932626534253359
484,566,991232,-0.0723091200000001,300.0,1749,4830,0.053605654608691114,0.237548828125,0.2,-0.04404538891685661,-0.1090008020401001,0.040377337,0.0003,-0.053731273859739304,-0.7236310908570885
485,567,993280,-0.18434894000000007,300.0,1751,4840,0.05452462325920351,0.23134765625,0.2,-0.039221992087550464,-0.0845646858215332,0.032439806,0.0003,-0.0353856198489666,-0.6959572937339544
486,567,995328,-0.1996590500000001,300.0,1753,4850,0.05112257614382543,0.225439453125,0.2,-0.042661389263230376,0.0518571138381958,0.03609587,0.0003,-0.03747343271970749,-0.6885197345167399
487,567,997376,-0.3843130900000001,300.0,1755,4860,0.03521573831094429,0.226220703125,0.2,-0.042952909952146,0.02431309223175049,0.0362904,0.0003,-0.05119613930583,-0.6804531650617719
488,568,999424,-0.37642513,300.0,1757,4870,0.03236780055449344,0.2328125,0.2,-0.0427278324146755,0.236405611038208,0.039813004,0.0003,-0.04139664024114609,-0.6930245926603675
489,551,1001472,-0.26195516999999996,300.0,1816,4880,0.03482648545177654,0.232470703125,0.2,-0.043945277322200126,0.17850923538208008,0.04027842,0.0003,-0.04773767665028572,-0.6759892271831631
490,551,1003520,-0.20302288000000013,300.0,1818,4890,0.06340112736215815,0.2248046875,0.2,-0.04467084102216177,0.02311551570892334,0.03444605,0.0003,-0.06515462696552277,-0.700809802673757
491,552,1005568,0.054696619999999856,300.0,1820,4900,0.01594013384747086,0.223974609375,0.2,-0.041635301802307366,-0.19546091556549072,0.03537962,0.0003,-0.050576142966747284,-0.6862363800406456
492,552,1007616,0.023524619999999975,300.0,1822,4910,0.10387824770295992,0.22119140625,0.2,-0.04677269629901275,0.012885987758636475,0.0377306,0.0003,-0.03934324160218239,-0.7014434671029448
493,553,1009664,0.06202621999999997,300.0,1824,4920,0.03774234441225417,0.215771484375,0.2,-0.04049632176756859,0.0792660117149353,0.02843597,0.0003,-0.04719427227973938,-0.7080349968746305
494,553,1011712,0.2705788700000001,300.0,1826,4930,0.02686141318990849,0.243310546875,0.2,-0.04628316908638226,-0.13673996925354004,0.03895127,0.0003,-0.07370883971452713,-0.6744561813771724
495,554,1013760,0.28197634000000005,300.0,1828,4940,0.029572671477217226,0.238916015625,0.2,-0.04660384709713981,0.011626124382019043,0.04356429,0.0003,-0.04746650904417038,-0.6724762134253979
496,554,1015808,0.23814358000000005,300.0,1830,4950,0.02802414332400076,0.2265625,0.2,-0.0440655070298817,-0.0025360584259033203,0.038152,0.0003,-0.04665900021791458,-0.701550472714007
497,555,1017856,0.3670788600000002,300.0,1832,4960,0.05469214461627416,0.231005859375,0.2,-0.04393791034235619,0.09421831369400024,0.033641197,0.0003,-0.057355381548404694,-0.6758852928876877
498,555,1019904,0.5359381900000002,300.0,1834,4970,0.02928394452901557,0.242578125,0.2,-0.04549378279625671,-0.016316771507263184,0.045291044,0.0003,-0.07978293299674988,-0.7032089553773403
499,556,1021952,0.71563798,300.0,1837,4980,0.06015216215746477,0.223876953125,0.2,-0.04249466197798028,0.24788492918014526,0.03476742,0.0003,-0.06778419017791748,-0.6527695538476109
500,556,1024000,0.5867775100000001,300.0,1839,4990,0.040513220214052126,0.228515625,0.2,-0.04344300315715373,0.377419114112854,0.038821124,0.0003,-0.04275442659854889,-0.6572510620579124
501,557,1026048,0.63459477,300.0,1841,5000,0.0418935130466707,0.233203125,0.2,-0.04591246057243552,0.35709989070892334,0.03448829,0.0003,-0.049387335777282715,-0.6820139829069376
502,557,1028096,0.6147601399999999,300.0,1843,5010,0.03514872106607072,0.221435546875,0.2,-0.04009186112671159,0.3988558053970337,0.034772567,0.0003,-0.060411326587200165,-0.6843688188120722
503,558,1030144,0.49502139999999994,300.0,1845,5020,0.014910420028900261,0.228173828125,0.2,-0.04306031776359305,0.6064046025276184,0.038591214,0.0003,-0.0753222182393074,-0.6824217271059752
504,558,1032192,0.49690930999999994,300.0,1847,5030,0.05607137633487582,0.239697265625,0.2,-0.04637824191886466,0.4195480942726135,0.03676878,0.0003,-0.05650925263762474,-0.6994229890406132
505,559,1034240,0.30350596,300.0,1849,5040,0.04032282470725477,0.2693359375,0.2,-0.0508470768108964,0.5688700675964355,0.04365385,0.0003,-0.06498576700687408,-0.7150504788383841
506,559,1036288,0.26429303000000004,300.0,1851,5050,0.029345816766726783,0.25009765625,0.2,-0.04779468345805071,0.6261817216873169,0.041506555,0.0003,-0.06732609868049622,-0.7031285090371966
507,560,1038336,0.29936357999999996,300.0,1854,5060,0.08762523789191619,0.218212890625,0.2,-0.042241916566854346,0.34387481212615967,0.038114224,0.0003,-0.05066027492284775,-0.6938943045213819
508,560,1040384,0.23686217999999992,300.0,1856,5070,0.07456160670844839,0.2365234375,0.2,-0.04350759221997578,0.3014202117919922,0.03904822,0.0003,-0.06691161543130875,-0.7007075047120452
509,560,1042432,0.3675711499999999,300.0,1858,5080,0.04439383345306851,0.25390625,0.2,-0.04389444451662712,0.21601378917694092,0.04475324,0.0003,-0.016672231256961823,-0.7004252552986145
510,561,1044480,0.19529172999999997,300.0,1860,5090,0.05560525970067829,0.2462890625,0.2,-0.04446942529757507,-0.006616711616516113,0.040161747,0.0003,-0.038443922996520996,-0.7037020727992058
511,561,1046528,0.1874249199999999,300.0,1862,5100,0.03721824221429415,0.23515625,0.2,-0.04352770260884427,-0.05329477787017822,0.038303275,0.0003,-0.076852947473526,-0.6788683647289873
512,562,1048576,0.33064521999999996,300.0,1864,5110,0.07022726399591192,0.24638671875,0.2,-0.049124346990720366,-0.023298025131225586,0.04029432,0.0003,-0.05708007141947746,-0.6823223561048508
513,562,1050624,0.21062638,300.0,1867,5120,0.029339437893941066,0.22587890625,0.2,-0.04412560486598523,0.03228360414505005,0.03738609,0.0003,-0.06484653800725937,-0.6800167806446552
514,563,1052672,0.25039607,300.0,1869,5130,0.028206437773769723,0.23466796875,0.2,-0.047455432041897436,0.16816109418869019,0.04358439,0.0003,-0.06353066861629486,-0.6747571494430303
515,563,1054720,0.22766755000000002,300.0,1871,5140,0.028857221291400493,0.23876953125,0.2,-0.04750572806078708,0.3366734981536865,0.040574715,0.0003,-0.05791899189352989,-0.6964399928227067
516,563,1056768,0.16907249,300.0,1873,5150,0.02858652930299286,0.230419921875,0.2,-0.0462735246430384,0.403329074382782,0.037813447,0.0003,-0.06729267537593842,-0.6820673948153854
517,564,1058816,0.27885976,300.0,1875,5160,0.03765566187503282,0.22392578125,0.2,-0.043142657549469735,0.41261720657348633,0.038095437,0.0003,-0.050467878580093384,-0.6937931163236499
518,564,1060864,0.35070065,300.0,1877,5170,0.06891720968997106,0.237841796875,0.2,-0.04557652488729218,0.24183326959609985,0.039404757,0.0003,-0.04647255688905716,-0.689504311978817
519,565,1062912,0.4490180899999999,300.0,1879,5180,0.0402219956566114,0.22861328125,0.2,-0.04501347460027318,0.34638166427612305,0.040365145,0.0003,-0.055115245282649994,-0.6806255644187331
520,565,1064960,0.47307892999999995,300.0,1881,5190,0.0829668696387671,0.23583984375,0.2,-0.0440953175566392,0.169763445854187,0.039609633,0.0003,-0.011135376989841461,-0.683773977868259
521,566,1067008,0.29576533,300.0,1884,5200,0.03329456262581516,0.22607421875,0.2,-0.04480016582820099,0.4105210304260254,0.04303786,0.0003,-0.0446476973593235,-0.6668423855677247
522,566,1069056,0.14901687000000002,300.0,1886,5210,0.03332082473207265,0.237939453125,0.2,-0.04636450150574092,0.3616541028022766,0.040621296,0.0003,-0.04657949507236481,-0.6872296996414662
523,567,1071104,0.02815984000000002,300.0,1888,5220,0.06378530384972692,0.23212890625,0.2,-0.045778127347875855,0.3232758641242981,0.038292944,0.0003,-0.05712796002626419,-0.6707358593121171
524,567,1073152,-0.05476294000000004,300.0,1890,5230,0.054433474643155934,0.2259765625,0.2,-0.04424448862555437,0.26803481578826904,0.039803803,0.0003,-0.035405438393354416,-0.6777904283255338
525,568,1075200,-0.12430073999999991,300.0,1892,5240,0.07208690711995587,0.22353515625,0.2,-0.04273765286197886,0.11172699928283691,0.0363452,0.0003,-0.05258394777774811,-0.6793218363076449
526,568,1077248,-0.08033386999999999,300.0,1894,5250,0.036835143432836046,0.2357421875,0.2,-0.04302403572655748,0.22634553909301758,0.040876195,0.0003,-0.051273413002491,-0.6630151476711035
527,569,1079296,-0.16927021999999997,300.0,1896,5260,0.0586644045310095,0.213623046875,0.2,-0.038233117539493836,0.0792352557182312,0.036138166,0.0003,-0.04943380504846573,-0.6668213915079833
528,569,1081344,-0.12621970000000005,300.0,1899,5270,0.04851005011005327,0.240234375,0.2,-0.04475003762927372,0.14125752449035645,0.040262505,0.0003,-0.032359056174755096,-0.6655014937743544
529,569,1083392,-0.16166910999999998,300.0,1901,5280,0.025240607841988096,0.237060546875,0.2,-0.044358908521826376,-0.08002078533172607,0.04218653,0.0003,-0.0717577412724495,-0.6574969040229917
530,570,1085440,-0.17107839000000005,300.0,1902,5290,0.015146308424300514,0.244677734375,0.2,-0.04568603624647949,0.20675617456436157,0.04312952,0.0003,-0.06763545423746109,-0.6648093458265066
531,570,1087488,0.06040275999999998,300.0,1905,5300,0.024355132109485568,0.23984375,0.2,-0.04266196312964894,0.040773749351501465,0.04143628,0.0003,-0.06593186408281326,-0.6757223704829812
532,571,1089536,0.020436979999999955,300.0,1907,5310,0.04319066639291123,0.227783203125,0.2,-0.044743567556724886,0.15287351608276367,0.040637493,0.0003,-0.054649483412504196,-0.6660959580913186
533,571,1091584,-0.14710455999999997,300.0,1909,5320,0.01991814640641678,0.239697265625,0.2,-0.04630458524043206,0.02190786600112915,0.040242884,0.0003,-0.050366781651973724,-0.6766374042257667
534,572,1093632,0.0052734799999999615,300.0,1911,5330,0.036220919364131986,0.2353515625,0.2,-0.04308783286105609,0.1205933690071106,0.04440152,0.0003,-0.04507356137037277,-0.6442015251144767
535,572,1095680,0.05082832999999997,300.0,1913,5340,0.015604295322555117,0.241064453125,0.2,-0.04453159135300666,0.34450381994247437,0.0383239,0.0003,-0.09326820820569992,-0.6489394577220082
536,573,1097728,0.20844268,300.0,1915,5350,0.012855500578007195,0.23583984375,0.2,-0.044632681130315176,-0.26444220542907715,0.042353116,0.0003,-0.043530236929655075,-0.6170350626111031
537,573,1099776,0.3282959100000001,300.0,1917,5360,0.02840045481279958,0.218408203125,0.2,-0.04138655862188898,0.15226638317108154,0.037429202,0.0003,-0.03675593063235283,-0.6583405293524265
538,557,1101824,0.4071545300000001,300.0,1977,5370,0.09567181470338255,0.238916015625,0.2,-0.04443632707116194,0.04868263006210327,0.04656749,0.0003,-0.03693715110421181,-0.6278640180826187
539,557,1103872,0.28600263000000004,300.0,1979,5380,0.038701244123512876,0.24189453125,0.2,-0.04171387400419917,0.21035045385360718,0.044701293,0.0003,-0.04560636729001999,-0.6312532069161534
540,558,1105920,0.18262261000000005,300.0,1981,5390,0.02457350061449688,0.22900390625,0.2,-0.04503530214424245,0.09798574447631836,0.041951776,0.0003,-0.06655041128396988,-0.655672468431294
541,558,1107968,0.16815750000000002,300.0,1983,5400,0.07041419292800129,0.220166015625,0.2,-0.037879755237372595,0.04131495952606201,0.036877297,0.0003,-0.0456528402864933,-0.633509929291904
542,558,1110016,0.051489520000000004,300.0,1986,5410,0.04042165905120783,0.222607421875,0.2,-0.04256361497973558,-0.0364452600479126,0.04416366,0.0003,-0.05525246635079384,-0.6197856687940657
543,559,1112064,-0.014816330000000018,300.0,1988,5420,0.03430108365719207,0.22490234375,0.2,-0.04631426100677345,-0.03772532939910889,0.042711373,0.0003,-0.06779173016548157,-0.6224922420457005
544,559,1114112,-0.10849815,300.0,1990,5430,0.032424894662108274,0.234375,0.2,-0.044552875304361805,0.12556993961334229,0.0459555,0.0003,-0.06515499204397202,-0.6274561198428273
545,560,1116160,-0.044705270000000005,300.0,1992,5440,0.03094286760315299,0.2234375,0.2,-0.04097931660362519,0.033789992332458496,0.037859924,0.0003,-0.03678244352340698,-0.6426515817642212
546,560,1118208,-0.20599572000000002,300.0,1995,5450,0.02528054177237209,0.23154296875,0.2,-0.04241733727249084,0.05106467008590698,0.04445366,0.0003,-0.05330071598291397,-0.6275296032428741
547,560,1120256,-0.09899677000000001,300.0,1997,5460,0.019589641256607136,0.223046875,0.2,-0.04399734917096794,0.17281794548034668,0.037082784,0.0003,-0.07194910943508148,-0.6233260449022054
548,561,1122304,-0.16090913,300.0,1999,5470,0.03813092089840211,0.218359375,0.2,-0.0431992932659341,0.06734049320220947,0.04022855,0.0003,-0.07312257587909698,-0.6232300871051848
549,561,1124352,-0.17364858000000002,300.0,2001,5480,0.06476741960505024,0.23203125,0.2,-0.04448260221979581,0.10803669691085815,0.039996948,0.0003,-0.04287688061594963,-0.649065943993628
550,562,1126400,-0.19613494000000006,300.0,2003,5490,0.023005422702408396,0.23115234375,0.2,-0.044067054719198494,0.2973249554634094,0.039906975,0.0003,-0.07000134140253067,-0.6457017182372511
551,562,1128448,-0.22655671,300.0,2005,5500,0.043172497855266556,0.236669921875,0.2,-0.041359201597515494,0.3394469618797302,0.03937909,0.0003,-0.048738718032836914,-0.6455522013828159
552,563,1130496,-0.23453063000000005,300.0,2007,5510,0.030313112237490714,0.23681640625,0.2,-0.044165726326173174,0.4376997947692871,0.039240673,0.0003,-0.07041327655315399,-0.6507488500326872
553,563,1132544,-0.17971876999999994,300.0,2010,5520,0.019667313582613134,0.2216796875,0.2,-0.044395477292709984,0.4721212387084961,0.03733122,0.0003,-0.07026396691799164,-0.6370069917291403
554,563,1134592,0.062035959999999994,300.0,2012,5530,0.04909731682855636,0.237353515625,0.2,-0.048330657940823585,0.24440044164657593,0.045596287,0.0003,-0.05939721316099167,-0.645557645149529
555,564,1136640,-0.16170174999999998,300.0,2014,5540,0.028744291604380124,0.226953125,0.2,-0.04327922888915055,0.3626112937927246,0.041355416,0.0003,-0.04981018975377083,-0.6460346756502986
556,564,1138688,-0.17275728,300.0,2016,5550,0.032808371642022396,0.211474609375,0.2,-0.046613817609613764,-0.29015886783599854,0.035810668,0.0003,-0.08995676040649414,-0.6397529397159815
557,565,1140736,-0.13142146999999998,300.0,2018,5560,0.039484566275496034,0.225439453125,0.2,-0.04272837199969217,-0.010623335838317871,0.039643064,0.0003,-0.05430562049150467,-0.628052310924977
558,565,1142784,-0.07869294000000002,300.0,2020,5570,0.03869225602247752,0.23369140625,0.2,-0.04760425243584905,-0.11144018173217773,0.04288995,0.0003,-0.03271860256791115,-0.6530674800276757
559,565,1144832,-0.038703460000000016,300.0,2023,5580,0.08098147445125506,0.23515625,0.2,-0.047333867178531365,0.03406393527984619,0.044836804,0.0003,-0.03222659230232239,-0.6383883507922292
560,566,1146880,0.017311930000000027,300.0,2025,5590,0.04357274291687645,0.22353515625,0.2,-0.044068853108910844,-0.02301764488220215,0.044491738,0.0003,-0.0287763774394989,-0.6208288633264601
561,566,1148928,0.22730589,300.0,2027,5600,0.1157781606540084,0.227685546875,0.2,-0.04407745850767242,-0.011537313461303711,0.04048053,0.0003,-0.011863641440868378,-0.638818915747106
562,567,1150976,0.10292678000000001,300.0,2029,5610,0.04696192587143742,0.244140625,0.2,-0.047058814685442485,-0.05547070503234863,0.04468386,0.0003,-0.05956850200891495,-0.658573841303587
563,567,1153024,0.12706609000000005,300.0,2031,5620,0.053649044700432566,0.240185546875,0.2,-0.04275676687248051,0.1789819598197937,0.045609217,0.0003,-0.04782682657241821,-0.6347424708306789
564,567,1155072,0.022897130000000016,300.0,2033,5630,0.03516215845593251,0.236328125,0.2,-0.047751152468845245,0.13304084539413452,0.052387573,0.0003,-0.04920047149062157,-0.6466034108772873
565,568,1157120,0.16540966999999995,300.0,2036,5640,0.06286156789865345,0.24033203125,0.2,-0.047586284711724144,0.11726212501525879,0.043244652,0.0003,-0.040807995945215225,-0.641340976767242
566,568,1159168,-0.0015326900000000164,300.0,2038,5650,0.07958836358739063,0.231640625,0.2,-0.04517088936117943,0.12619787454605103,0.04211738,0.0003,-0.01682501658797264,-0.6357919002883137
567,569,1161216,-0.09762737000000002,300.0,2040,5660,0.030522800117614678,0.233154296875,0.2,-0.042895267554558816,0.21357297897338867,0.039740752,0.0003,-0.0691797286272049,-0.6494069531559944
568,569,1163264,-0.17458603000000011,300.0,2042,5670,0.02416953245992772,0.23349609375,0.2,-0.04687700012582354,0.09069013595581055,0.04099954,0.0003,-0.06338585913181305,-0.675739698112011
569,569,1165312,-0.15809017000000003,300.0,2045,5680,0.0127047220536042,0.239501953125,0.2,-0.0457594002073165,-0.1547379493713379,0.05086132,0.0003,-0.08006539195775986,-0.6532663710415363
570,570,1167360,-0.16968858000000003,300.0,2047,5690,0.030215671588666736,0.23193359375,0.2,-0.044391611775790804,-0.017163872718811035,0.03890869,0.0003,-0.059759750962257385,-0.6620431318879128
571,570,1169408,-0.13255171999999996,300.0,2050,5700,0.04861635136767291,0.23046875,0.2,-0.0420493635465391,0.1191759705543518,0.041307908,0.0003,-0.03013003058731556,-0.6953354930505157
572,570,1171456,-0.11624947000000001,300.0,2052,5710,0.06438978060614317,0.231982421875,0.2,-0.04307468973856885,-0.012547612190246582,0.03940452,0.0003,-0.06495033204555511,-0.6820481821894646
573,571,1173504,0.06677804000000004,300.0,2055,5720,0.02118990266462788,0.2298828125,0.2,-0.047452282316226044,0.26455050706863403,0.036863364,0.0003,-0.061003610491752625,-0.6804856473580003
574,571,1175552,0.04264621,300.0,2057,5730,0.02956574846175499,0.242822265625,0.2,-0.04728580260416493,0.1910448670387268,0.041025154,0.0003,-0.07009723782539368,-0.6922190867364406
575,571,1177600,-0.12410000999999998,300.0,2059,5740,0.02499006307916716,0.240869140625,0.2,-0.04396953466639388,0.37392741441726685,0.044982098,0.0003,-0.06045766919851303,-0.6801761627197266
576,572,1179648,-0.28259340999999993,300.0,2061,5750,0.12162921613780782,0.21767578125,0.2,-0.04286732672189828,0.11134868860244751,0.03742744,0.0003,0.032614320516586304,-0.6748384479433298
577,572,1181696,-0.16934232999999987,300.0,2063,5760,0.025374107973766512,0.235107421875,0.2,-0.04550933876307681,0.17610609531402588,0.044099808,0.0003,-0.04857631400227547,-0.6530974462628365
578,573,1183744,-0.2994801399999999,300.0,2065,5770,0.02674479498527944,0.242041015625,0.2,-0.042953425506129864,0.047785282135009766,0.045976043,0.0003,-0.051069147884845734,-0.6790555840358138
579,573,1185792,-0.1743792399999999,300.0,2067,5780,0.02478266916295979,0.241259765625,0.2,-0.043682554125553,-0.14132416248321533,0.043645773,0.0003,-0.03953497111797333,-0.6771670319139957
580,573,1187840,-0.21604507000000006,300.0,2070,5790,0.035798493976471946,0.2419921875,0.2,-0.0467571015964495,0.14996391534805298,0.04365688,0.0003,-0.03904053568840027,-0.6679250193759799
581,574,1189888,-0.022970590000000044,300.0,2072,5800,0.08636924909660593,0.24052734375,0.2,-0.04147548149921931,0.1055152416229248,0.044457503,0.0003,-0.057900071144104004,-0.6577504275366663
582,574,1191936,0.03488530000000001,300.0,2074,5810,0.03495204469654709,0.2380859375,0.2,-0.04466065670130774,0.11486804485321045,0.04859209,0.0003,-0.029307913035154343,-0.6793630534783006
583,574,1193984,-0.01727936000000004,300.0,2076,5820,0.04378988127573393,0.225634765625,0.2,-0.04600966776488349,0.3345516324043274,0.03901916,0.0003,-0.048762015998363495,-0.6596176706254482
584,575,1196032,0.12912099000000002,300.0,2079,5830,0.04609907769481651,0.22333984375,0.2,-0.04491025454190094,0.1007765531539917,0.03908286,0.0003,-0.05393053591251373,-0.6665424348786473
585,575,1198080,0.26955200000000007,300.0,2081,5840,0.0185411245765863,0.236083984375,0.2,-0.043079885083716365,0.3585668206214905,0.042653054,0.0003,-0.0807197317481041,-0.6554194102063775
586,560,1200128,0.3265298000000001,300.0,2141,5850,0.02244249148934614,0.228125,0.2,-0.04304848829342518,-0.03566694259643555,0.03976254,0.0003,-0.0639406368136406,-0.6472105296328664
587,560,1202176,0.28235548000000005,300.0,2144,5860,0.06475221267901361,0.234814453125,0.2,-0.044646782564814205,0.13728320598602295,0.04632185,0.0003,-0.04754399135708809,-0.6401662893593312
588,561,1204224,0.052984000000000024,300.0,2146,5870,0.01919276361586526,0.244091796875,0.2,-0.04601331007434055,0.07056242227554321,0.045667533,0.0003,-0.06520745158195496,-0.6729587715119123
589,561,1206272,0.13694224000000005,300.0,2148,5880,0.029289406613679604,0.2326171875,0.2,-0.04400077568134293,0.08730697631835938,0.041536823,0.0003,-0.0818970650434494,-0.6784305579960346
590,561,1208320,-0.05739932000000001,300.0,2150,5890,0.06901178607367911,0.224462890625,0.2,-0.04384764922724571,0.04886716604232788,0.0427294,0.0003,-0.02220582589507103,-0.6454430749639869
591,562,1210368,0.023858370000000014,300.0,2152,5900,0.04851562809199095,0.233642578125,0.2,-0.04382952521555126,0.029514670372009277,0.03898862,0.0003,-0.038809940218925476,-0.6644045915454626
592,562,1212416,0.10720648000000002,300.0,2154,5910,0.034213438324513845,0.247021484375,0.2,-0.045514910845668055,0.3312898874282837,0.041787043,0.0003,-0.06371837854385376,-0.6495246464386583
593,563,1214464,0.14836881,300.0,2156,5920,0.06669704228406773,0.239794921875,0.2,-0.045691018473007716,0.03715670108795166,0.048286695,0.0003,-0.048554882407188416,-0.6312412652187049
594,563,1216512,0.039680059999999975,300.0,2158,5930,0.03181591646862216,0.23447265625,0.2,-0.04596845703053987,0.08442074060440063,0.040553942,0.0003,-0.05539004132151604,-0.6369294816628098
595,563,1218560,0.047416420000000015,300.0,2161,5940,0.04161341727594845,0.2421875,0.2,-0.04415765084559098,-0.03043651580810547,0.042875275,0.0003,-0.04195027053356171,-0.6473092261701823
596,564,1220608,-0.04089830000000001,300.0,2163,5950,0.01825913539796602,0.229052734375,0.2,-0.04309217231930233,0.056770265102386475,0.042023346,0.0003,-0.07477615773677826,-0.6530779518187046
597,564,1222656,-0.03131113999999996,300.0,2165,5960,0.065761898458004,0.247216796875,0.2,-0.04399796459765639,0.006840407848358154,0.04902751,0.0003,-0.03227078169584274,-0.6435008998960257
598,564,1224704,0.24124943999999998,300.0,2168,5970,0.044608439347939566,0.23740234375,0.2,-0.04398346923408099,0.004150390625,0.043349713,0.0003,-0.06503969430923462,-0.6358967735432088
599,565,1226752,0.26623138999999996,300.0,2170,5980,0.043104133696760985,0.236962890625,0.2,-0.048815066475071944,-0.0687025785446167,0.04369738,0.0003,-0.07065998017787933,-0.624341499619186
600,565,1228800,0.30807846999999994,300.0,2172,5990,0.06443109959363938,0.22109375,0.2,-0.04242496704100631,0.06654101610183716,0.039476104,0.0003,-0.06439921259880066,-0.6228323927149176
601,565,1230848,0.26003429000000006,300.0,2174,6000,0.04126391875906847,0.235888671875,0.2,-0.042663406781503,0.183976411819458,0.045688607,0.0003,-0.03939264267683029,-0.6331435375846922
602,566,1232896,0.23380101,300.0,2176,6010,0.03762600905029103,0.23994140625,0.2,-0.04577743215195369,0.2739158868789673,0.04284233,0.0003,-0.050348345190286636,-0.6514482757076621
603,566,1234944,0.23284675999999999,300.0,2178,6020,0.02885973214288242,0.238427734375,0.2,-0.047154452881659384,0.4079754948616028,0.045820385,0.0003,-0.06082793325185776,-0.6191288359463215
604,567,1236992,0.11651785000000008,300.0,2180,6030,0.024434432724956424,0.21689453125,0.2,-0.04148184373625554,0.29788607358932495,0.042781845,0.0003,-0.08257634937763214,-0.6183751845732331
605,567,1239040,0.28567419,300.0,2183,6040,0.03590826101135462,0.2130859375,0.2,-0.04291705656796694,0.4600255489349365,0.038251396,0.0003,-0.058631815016269684,-0.6248777929693461
606,567,1241088,0.13447605999999998,300.0,2185,6050,0.016807467138278298,0.230419921875,0.2,-0.0442424264998408,0.5196852684020996,0.046159036,0.0003,-0.05249364301562309,-0.6480076475068927
607,568,1243136,0.07856359000000004,300.0,2187,6060,0.07688498594798147,0.231884765625,0.2,-0.0483207557874266,0.31307452917099,0.03541918,0.0003,-0.03850696235895157,-0.6430661248974502
608,568,1245184,0.15804453000000004,300.0,2189,6070,0.022781820921227335,0.244970703125,0.2,-0.04622087337775156,0.6130948662757874,0.049244583,0.0003,-0.0704265683889389,-0.6482301514595747
609,569,1247232,0.19901686999999996,300.0,2191,6080,0.04177865122910589,0.24072265625,0.2,-0.04343816804466769,0.24212956428527832,0.048441008,0.0003,-0.05281958356499672,-0.6205778968520462
610,569,1249280,0.10061111,300.0,2193,6090,0.060758496448397634,0.23232421875,0.2,-0.043564984131080564,-0.02348923683166504,0.044891924,0.0003,-0.03692154586315155,-0.6217797892168164
611,569,1251328,0.26012052999999996,300.0,2196,6100,0.049512097728438675,0.22958984375,0.2,-0.043702074594330044,0.005883991718292236,0.046805337,0.0003,-0.0640878826379776,-0.622964814864099
612,570,1253376,0.04369171999999999,300.0,2198,6110,0.043761563836596906,0.242724609375,0.2,-0.04470645215769764,-0.11329329013824463,0.05182793,0.0003,-0.05182073265314102,-0.6428783671930433
613,570,1255424,-0.06969359000000003,300.0,2200,6120,0.03335276906727813,0.238037109375,0.2,-0.04637610853824299,-0.055785417556762695,0.03973541,0.0003,-0.06367743015289307,-0.6487859178334474
614,570,1257472,-0.23499393,300.0,2202,6130,0.03838100917055272,0.232763671875,0.2,-0.04260815589223057,-0.09993171691894531,0.040590882,0.0003,-0.027063000947237015,-0.6240372668020427
615,571,1259520,-0.38239632000000007,300.0,2204,6140,0.030640503764152525,0.24345703125,0.2,-0.04777761753357481,-9.810924530029297e-05,0.048457123,0.0003,-0.0242912694811821,-0.626077140122652
616,571,1261568,-0.46173717,300.0,2206,6150,0.02866458403877914,0.2328125,0.2,-0.044921357548446395,0.025167346000671387,0.04216993,0.0003,-0.05360126122832298,-0.6265555900521577
617,571,1263616,-0.41971294,300.0,2209,6160,0.04281589980819263,0.262646484375,0.2,-0.04788565654598642,-0.035982728004455566,0.050065793,0.0003,-0.05893147736787796,-0.6490349039435387
618,572,1265664,-0.21662086000000003,300.0,2211,6170,0.06179643063805997,0.2359375,0.2,-0.048475035722367464,0.021023809909820557,0.04391652,0.0003,-0.05904170870780945,-0.6551069831475616
619,572,1267712,-0.28572764000000006,300.0,2213,6180,0.07944489293731749,0.2375,0.2,-0.04403124437812948,0.006537735462188721,0.045058362,0.0003,-0.02540445327758789,-0.6467840543016792
620,573,1269760,-0.2092244,300.0,2215,6190,0.08348316923948004,0.229443359375,0.2,-0.03924613851995673,0.1660137176513672,0.04077895,0.0003,-0.027599982917308807,-0.6453020937740803
621,573,1271808,-0.06702448000000004,300.0,2217,6200,0.03329544204752892,0.225830078125,0.2,-0.04410934109182563,0.27981483936309814,0.04690531,0.0003,-0.06427902728319168,-0.6340392526239157
622,573,1273856,0.0023205299999999873,300.0,2219,6210,0.06280977106653154,0.23828125,0.2,-0.04520598373783287,0.19408655166625977,0.046175987,0.0003,-0.01590261608362198,-0.6723093718290329
623,574,1275904,-0.07095376,300.0,2221,6220,0.0733751795371063,0.23056640625,0.2,-0.04680717152368743,0.40185052156448364,0.045282263,0.0003,-0.03840292617678642,-0.6482305703684688
624,574,1277952,-0.31026919000000003,300.0,2224,6230,0.037347400927683336,0.231982421875,0.2,-0.043515561026288195,0.4528600573539734,0.043104783,0.0003,-0.06408461928367615,-0.6435883780941367
625,574,1280000,-0.18291203000000003,300.0,2226,6240,0.02997435420402326,0.2193359375,0.2,-0.042795559181831776,0.04189115762710571,0.042204138,0.0003,-0.062484752386808395,-0.6417127860710025
626,575,1282048,-0.21258831999999994,300.0,2229,6250,0.08347740928875283,0.217236328125,0.2,-0.042586367065086964,0.13310867547988892,0.03987331,0.0003,-0.044322602450847626,-0.6419940133579075
627,575,1284096,-0.16361535,300.0,2231,6260,0.05042166599887423,0.237255859375,0.2,-0.045695544834597965,0.1280568242073059,0.043586552,0.0003,-0.09011343121528625,-0.6229483370669187
628,575,1286144,-0.23363451999999996,300.0,2234,6270,0.04005981168011204,0.239990234375,0.2,-0.04573741614003666,0.08699727058410645,0.04804676,0.0003,-0.0589565671980381,-0.6017340128310025
629,576,1288192,-0.32235577999999987,300.0,2236,6280,0.06036648452281952,0.222265625,0.2,-0.04231414742826019,0.05470079183578491,0.038252562,0.0003,-0.041936323046684265,-0.6238606761209666
630,576,1290240,-0.29504622999999996,300.0,2238,6290,0.06816948347259313,0.235302734375,0.2,-0.04418081360927317,-0.005309939384460449,0.04589256,0.0003,-0.022813133895397186,-0.6205822759307921
631,576,1292288,-0.24457269999999998,300.0,2240,6300,0.08904223054414614,0.23232421875,0.2,-0.0461932301914203,-0.00809621810913086,0.041474044,0.0003,-0.0340057909488678,-0.6409284845925868
632,577,1294336,-0.3039566399999999,300.0,2242,6310,0.023683902333141306,0.25478515625,0.2,-0.04657729185710195,0.1113884449005127,0.045643844,0.0003,-0.0601203627884388,-0.6463180606253445
633,577,1296384,-0.1628893899999999,300.0,2245,6320,0.05164361192728393,0.225341796875,0.2,-0.046290493110427634,0.2560548782348633,0.038728572,0.0003,-0.04028494656085968,-0.6490218289196491
634,577,1298432,-0.007426279999999913,300.0,2247,6330,0.048713875649264084,0.2322265625,0.2,-0.0462012847448932,-0.015116095542907715,0.043750226,0.0003,-0.029932597652077675,-0.6394839780405164
635,563,1300480,-0.08836745999999991,300.0,2309,6340,0.03155651055276394,0.2509765625,0.2,-0.04768758497666568,-0.021898865699768066,0.05237169,0.0003,-0.06587613373994827,-0.6084151479415596
636,563,1302528,-0.16070246000000002,300.0,2311,6350,0.06484535441268235,0.234619140625,0.2,-0.043686215292837005,-0.06535935401916504,0.044009868,0.0003,-0.04573281854391098,-0.6377388142049313
637,563,1304576,-0.32397152999999995,300.0,2313,6360,0.06856038820696994,0.25185546875,0.2,-0.04610589170479216,0.06389707326889038,0.050363857,0.0003,-0.032942406833171844,-0.6287351863458752
638,564,1306624,-0.20207319999999998,300.0,2315,6370,0.030862834851723163,0.253955078125,0.2,-0.04851133190386463,-0.03222966194152832,0.050335243,0.0003,-0.08560594916343689,-0.6334372598677873
639,564,1308672,-0.12815357,300.0,2318,6380,0.04321987804141827,0.242138671875,0.2,-0.04396978135337122,0.01615804433822632,0.05457002,0.0003,-0.017030326649546623,-0.6157904667779803
640,564,1310720,-0.30461395999999996,300.0,2320,6390,0.046306544169783595,0.22666015625,0.2,-0.04253704059374286,0.05273246765136719,0.04079915,0.0003,-0.055715229362249374,-0.6070054792799056
641,565,1312768,-0.18196632999999995,300.0,2322,6400,0.03258710696245544,0.231640625,0.2,-0.043198703219241,-0.30675506591796875,0.041804757,0.0003,-0.06368769705295563,-0.6026271183043719
642,565,1314816,-0.10413497999999993,300.0,2324,6410,0.07124283163575455,0.2099609375,0.2,-0.043548803546582346,-0.04489791393280029,0.04161947,0.0003,-0.023606527596712112,-0.5841962141916156
643,565,1316864,-0.001293139999999986,300.0,2326,6420,0.03606993967550807,0.2248046875,0.2,-0.04521699821634684,0.17987585067749023,0.045557655,0.0003,-0.0471167266368866,-0.6000280901789665
644,566,1318912,0.15570842000000001,300.0,2328,6430,0.049442433402873576,0.23359375,0.2,-0.04430973661656026,-0.020176291465759277,0.04749629,0.0003,-0.04512057453393936,-0.5994449306279421
645,566,1320960,-0.009055720000000007,300.0,2330,6440,0.05289687273907475,0.252294921875,0.2,-0.04425109794392483,-0.022832751274108887,0.049040824,0.0003,-0.04121014475822449,-0.620167825371027
646,567,1323008,-0.019392919999999977,300.0,2333,6450,0.026844810775946824,0.22529296875,0.2,-0.043159404673497194,-0.2368760108947754,0.04256104,0.0003,-0.06841056793928146,-0.5963836539536714
647,567,1325056,0.16219948999999992,300.0,2335,6460,0.03252883451059461,0.23876953125,0.2,-0.04392429768049624,0.057260096073150635,0.048618387,0.0003,-0.07910151779651642,-0.6162552881985903
648,567,1327104,0.19075347000000004,300.0,2337,6470,0.05391350533463992,0.215869140625,0.2,-0.045194952876772734,0.046004414558410645,0.045370646,0.0003,-0.05445143207907677,-0.6081773853860796
649,568,1329152,0.12357276999999996,300.0,2339,6480,0.019150540776900017,0.228759765625,0.2,-0.04632212294745841,-0.03683018684387207,0.047962397,0.0003,-0.08305855095386505,-0.6202928298152983
650,568,1331200,0.034129409999999985,300.0,2342,6490,0.04271289479802363,0.232763671875,0.2,-0.04528660927899182,0.06821179389953613,0.04579361,0.0003,-0.07414429634809494,-0.6331574872136116
651,568,1333248,0.37051845,300.0,2344,6500,0.04634133813087828,0.2388671875,0.2,-0.04550553275039419,0.13298463821411133,0.042289738,0.0003,-0.03824291750788689,-0.6107452109456062
652,569,1335296,0.43262247000000004,300.0,2346,6510,0.017509627586696296,0.236279296875,0.2,-0.04254188998893369,0.3007798194885254,0.05014314,0.0003,-0.06601577252149582,-0.6015746817924083
653,569,1337344,0.23942929,300.0,2348,6520,0.025840514796436766,0.232666015625,0.2,-0.04727231015567668,0.14596641063690186,0.048646905,0.0003,-0.08215771615505219,-0.6018066501244903
654,569,1339392,0.40867196000000006,300.0,2351,6530,0.021027799733565188,0.232861328125,0.2,-0.04647344573168084,0.4034588932991028,0.042563386,0.0003,-0.06459593772888184,-0.602409578487277
655,570,1341440,0.49883057999999997,300.0,2353,6540,0.05601331600919366,0.235205078125,0.2,-0.04370524281694088,0.3044242262840271,0.04840779,0.0003,-0.05907893553376198,-0.5982446430251003
656,570,1343488,0.54116264,300.0,2355,6550,0.02763343323604204,0.239208984375,0.2,-0.04424987218226306,0.3937441110610962,0.048891928,0.0003,-0.06205242872238159,-0.5950609969906508
657,570,1345536,0.34081723999999997,300.0,2357,6560,0.03228492041816935,0.23056640625,0.2,-0.043188833669410086,0.46620625257492065,0.05932935,0.0003,-0.07168981432914734,-0.5890803671441972
658,571,1347584,0.3123024300000001,300.0,2359,6570,0.027577441331231967,0.22119140625,0.2,-0.04310930871288292,0.48884904384613037,0.04993725,0.0003,-0.05837554857134819,-0.5663936327211558
659,571,1349632,0.43264135,300.0,2361,6580,0.02173289772181306,0.22578125,0.2,-0.0418022232450312,0.5426702499389648,0.051364534,0.0003,-0.03133613243699074,-0.5794048928655684
660,571,1351680,0.58430027,300.0,2363,6590,0.024398096211371012,0.2384765625,0.2,-0.04836104243877344,0.5912309885025024,0.04808353,0.0003,-0.06736962497234344,-0.5804806553758681
661,572,1353728,0.58535761,300.0,2366,6600,0.0744822432869114,0.228564453125,0.2,-0.041618827657657675,0.2660364508628845,0.044468198,0.0003,-0.03789432346820831,-0.5961126551032067
662,572,1355776,0.6292090499999999,300.0,2368,6610,0.0612656217883341,0.242919921875,0.2,-0.042230733943870294,0.24705487489700317,0.044047937,0.0003,-0.06112584471702576,-0.5949827125295997
663,572,1357824,0.66604434,300.0,2370,6620,0.05945666346815415,0.240771484375,0.2,-0.04328809492581058,-0.0006692409515380859,0.050469417,0.0003,-0.04661111533641815,-0.5847633739002049
664,573,1359872,0.6855845099999999,300.0,2372,6630,0.02377869744959753,0.231787109375,0.2,-0.04361930267332355,0.23175126314163208,0.049246494,0.0003,-0.05537071079015732,-0.59066801071167
665,573,1361920,0.63589323,300.0,2374,6640,0.04939262468833476,0.2333984375,0.2,-0.04631775355373975,0.21668332815170288,0.04726953,0.0003,-0.034154877066612244,-0.5692513074725867
666,573,1363968,0.45639588,300.0,2376,6650,0.025902943252003752,0.22587890625,0.2,-0.043184677086537705,-0.11283242702484131,0.042428747,0.0003,-0.04910745844244957,-0.582295477297157
667,574,1366016,0.5113133700000002,300.0,2379,6660,0.0324553633632604,0.234228515625,0.2,-0.047147029463667424,0.2901151180267334,0.04636327,0.0003,-0.03513999283313751,-0.6054333196952939
668,574,1368064,0.45626219,300.0,2381,6670,0.027495694227400235,0.239013671875,0.2,-0.0446975741913775,0.22976940870285034,0.04868372,0.0003,-0.04144228994846344,-0.5996995291672647
669,574,1370112,0.20414584000000013,300.0,2383,6680,0.051829527103109285,0.2294921875,0.2,-0.04211963767302222,0.2766069769859314,0.050647266,0.0003,-0.02005549892783165,-0.593273872230202
670,575,1372160,0.24082988,300.0,2385,6690,0.02584695340774488,0.24501953125,0.2,-0.04877863576984964,0.4966960549354553,0.050720926,0.0003,-0.06229841709136963,-0.5923333034850657
671,575,1374208,0.19194611000000003,300.0,2387,6700,0.042128810012945904,0.23505859375,0.2,-0.04560121751856059,0.29100310802459717,0.050287988,0.0003,-0.040837015956640244,-0.5667915332131088
672,575,1376256,0.31824104,300.0,2389,6710,0.043372102541616185,0.23408203125,0.2,-0.047279734624316914,0.3865814805030823,0.053793292,0.0003,-0.05159354954957962,-0.5763243709690868
673,576,1378304,0.28765917,300.0,2391,6720,0.058614397270139305,0.24677734375,0.2,-0.04650463562866207,0.21884334087371826,0.053795487,0.0003,-0.0609569326043129,-0.5885643697343766
674,576,1380352,0.18949967000000004,300.0,2393,6730,0.032967558759264645,0.237744140625,0.2,-0.044233108853222805,0.06620025634765625,0.04545308,0.0003,-0.05627547949552536,-0.5964678002521395
675,576,1382400,0.22339493000000007,300.0,2396,6740,0.032043591723777354,0.23701171875,0.2,-0.044797878438839686,0.11489236354827881,0.048064105,0.0003,-0.06652265042066574,-0.5944868841208517
676,577,1384448,0.41033338999999996,300.0,2398,6750,0.07060792607953773,0.216650390625,0.2,-0.040603361444664185,0.04237353801727295,0.04491975,0.0003,-0.049119457602500916,-0.5595032161101698
677,577,1386496,0.2892942099999999,300.0,2400,6760,0.06574203185737133,0.236376953125,0.2,-0.04409977798932232,-0.07117629051208496,0.04753106,0.0003,-0.029220398515462875,-0.608555615786463
678,577,1388544,0.30969893,300.0,2402,6770,0.08535811183974147,0.231396484375,0.2,-0.04514033491432201,0.055053651332855225,0.049755782,0.0003,-0.037789613008499146,-0.605546941794455
679,578,1390592,0.11796810999999999,300.0,2404,6780,0.03283927557058632,0.23798828125,0.2,-0.047505100912530906,0.06491166353225708,0.048362643,0.0003,-0.07603202760219574,-0.5975705290213227
680,578,1392640,0.12144221,300.0,2407,6790,0.06082777814590372,0.2345703125,0.2,-0.04312506791320629,0.09196251630783081,0.050088692,0.0003,-0.03090408444404602,-0.5943121480755508
681,578,1394688,0.020099709999999976,300.0,2409,6800,0.07774412904400378,0.234765625,0.2,-0.04242895312199835,0.20652174949645996,0.048403468,0.0003,-0.05879715830087662,-0.5951923340559006
682,579,1396736,0.009204739999999932,300.0,2411,6810,0.0425988684874028,0.2376953125,0.2,-0.04679616125649773,0.11561930179595947,0.050299615,0.0003,-0.04593871533870697,-0.6013089100830257
683,579,1398784,0.24796329,300.0,2413,6820,0.03242186516872607,0.235498046875,0.2,-0.04585823395173065,0.39356285333633423,0.05241566,0.0003,-0.07166977226734161,-0.6080255602486432
684,565,1400832,0.26892309000000003,300.0,2475,6830,0.049566843273350966,0.236376953125,0.2,-0.04280356752278749,0.17037415504455566,0.054269448,0.0003,-0.05012722685933113,-0.5835678393021226
685,566,1402880,0.28868236,300.0,2478,6840,0.05103594804531895,0.239453125,0.2,-0.04670251818752149,0.23744845390319824,0.05211232,0.0003,-0.04605026915669441,-0.5943574419245123
686,566,1404928,0.35027101,300.0,2480,6850,0.019296138593927026,0.23623046875,0.2,-0.04291311050910736,0.1884562373161316,0.05348055,0.0003,-0.03585350513458252,-0.5988866977393628
687,566,1406976,0.42544665000000004,300.0,2482,6860,0.012872888286074158,0.22890625,0.2,-0.046393412246834485,-0.5968905687332153,0.05027529,0.0003,-0.06609562784433365,-0.577688598819077
688,567,1409024,0.52947936,300.0,2484,6870,0.02130187864531763,0.2314453125,0.2,-0.0451671337505104,-0.03426802158355713,0.049004473,0.0003,-0.07466697692871094,-0.5810932310298085
689,567,1411072,0.40925245000000005,300.0,2486,6880,0.027796399031649342,0.23515625,0.2,-0.04435544004663825,0.2002861499786377,0.04861275,0.0003,-0.07904516160488129,-0.6020201133564115
690,567,1413120,0.32342746999999994,300.0,2488,6890,0.028169088446884417,0.24306640625,0.2,-0.0468193212262122,0.13944631814956665,0.052503653,0.0003,-0.08847487717866898,-0.5942721570841968
691,568,1415168,0.29553293,300.0,2491,6900,0.017533586703939362,0.23271484375,0.2,-0.04547625517880079,-0.05770301818847656,0.050318502,0.0003,-0.06407482922077179,-0.5888554878532887
692,568,1417216,0.06234201000000006,300.0,2493,6910,0.07053185715340078,0.224951171875,0.2,-0.040404072764795275,0.15966129302978516,0.041896705,0.0003,-0.03816718980669975,-0.6172564405016601
693,568,1419264,0.07779047000000001,300.0,2495,6920,0.048065910988952965,0.216259765625,0.2,-0.04346852911694441,0.1428268551826477,0.044600878,0.0003,-0.04636073857545853,-0.5685222312808037
694,568,1421312,0.13380034999999998,300.0,2498,6930,0.030615249869879336,0.243310546875,0.2,-0.04621438924368704,-0.053925514221191406,0.050970808,0.0003,-0.06989014148712158,-0.6020552579313516
695,569,1423360,0.36323578000000006,300.0,2500,6940,0.018191510631004347,0.2330078125,0.2,-0.04447362188075203,0.1898220181465149,0.048739117,0.0003,-0.08287741988897324,-0.5965665014460683
696,569,1425408,0.47900900999999996,300.0,2502,6950,0.06389523062971421,0.243798828125,0.2,-0.04254692243703175,-0.09437572956085205,0.052920796,0.0003,-0.04370472952723503,-0.5917086123488844
697,569,1427456,0.58846074,300.0,2504,6960,0.04505693212850019,0.230419921875,0.2,-0.042186231244704685,0.012938439846038818,0.04802261,0.0003,-0.042492449283599854,-0.5912518947385251
698,570,1429504,0.37919117,300.0,2506,6970,0.04512305147945881,0.249951171875,0.2,-0.04538808305223938,0.01651906967163086,0.05152152,0.0003,-0.05735645070672035,-0.588587774708867
699,570,1431552,0.4710054,300.0,2508,6980,0.03191828347044066,0.23828125,0.2,-0.046404480846831575,0.1965498924255371,0.048735075,0.0003,-0.0480036735534668,-0.6075609811581671
700,570,1433600,0.40038882000000015,300.0,2510,6990,0.0242820870334981,0.236083984375,0.2,-0.04128433295772993,0.5765493512153625,0.048052344,0.0003,-0.04305632784962654,-0.5989728483371437
701,571,1435648,0.48966297999999997,300.0,2513,7000,0.0429733662342187,0.24267578125,0.2,-0.04547424409975065,0.24210679531097412,0.049830634,0.0003,-0.06425188481807709,-0.5908265750855207
702,571,1437696,0.4570067400000001,300.0,2515,7010,0.0715490676346235,0.243212890625,0.2,-0.044058884275727905,0.1659589409828186,0.05019541,0.0003,-0.01823841594159603,-0.5881116395816207
703,571,1439744,0.44584196000000004,300.0,2517,7020,0.04390543577610515,0.23642578125,0.2,-0.04497237954346929,0.2579386830329895,0.050522827,0.0003,-0.05344807356595993,-0.5878835102543235
704,572,1441792,0.50838846,300.0,2519,7030,0.03591247329604812,0.241748046875,0.2,-0.043795547063928096,0.3055642247200012,0.050620254,0.0003,-0.06318125128746033,-0.5974571136757731
705,572,1443840,0.5210029500000001,300.0,2521,7040,0.07797099818708375,0.24248046875,0.2,-0.04429447053407785,0.20027852058410645,0.04513766,0.0003,-0.03473203629255295,-0.5920837367884815
706,572,1445888,0.5093317500000001,300.0,2524,7050,0.0743554259184748,0.236328125,0.2,-0.04497644570219563,0.2259368896484375,0.05071546,0.0003,-0.03014330193400383,-0.6251880623400211
707,573,1447936,0.5308221500000001,300.0,2526,7060,0.052412870130501686,0.227685546875,0.2,-0.04271367117762566,0.10576421022415161,0.04817689,0.0003,-0.055970579385757446,-0.6110600393265486
708,573,1449984,0.42308473,300.0,2529,7070,0.026962750247912483,0.2171875,0.2,-0.04164262118865736,-0.04193687438964844,0.04152713,0.0003,-0.053584590554237366,-0.5991982695646584
709,573,1452032,0.29121526000000003,300.0,2531,7080,0.044086447882000356,0.233740234375,0.2,-0.04426953817019239,0.12350696325302124,0.04815624,0.0003,-0.033924996852874756,-0.6138640653342009
710,573,1454080,0.21747349999999993,300.0,2533,7090,0.05932973491726443,0.2322265625,0.2,-0.0440327152464306,0.07740718126296997,0.045707315,0.0003,-0.040999773889780045,-0.622719691041857
711,574,1456128,0.12789695,300.0,2535,7100,0.04357303465949371,0.245263671875,0.2,-0.04823586309357779,0.08062106370925903,0.048600674,0.0003,-0.05873105674982071,-0.6410211719572544
712,574,1458176,0.07136336999999997,300.0,2538,7110,0.037704724236391485,0.22978515625,0.2,-0.043966462902608326,0.01204460859298706,0.044205844,0.0003,-0.05483119189739227,-0.6292654667980969
713,574,1460224,0.028386579999999988,300.0,2540,7120,0.06394575634039938,0.22978515625,0.2,-0.043304820379125884,0.07936036586761475,0.054757454,0.0003,-0.028471846133470535,-0.6319508466869592
714,575,1462272,0.04983756999999999,300.0,2542,7130,0.05532806298579089,0.24384765625,0.2,-0.04645428855437785,0.04852712154388428,0.04792819,0.0003,-0.05864023417234421,-0.659060375019908
715,575,1464320,0.009120949999999982,300.0,2544,7140,0.06920925955055282,0.246044921875,0.2,-0.043900387853500436,0.042689621448516846,0.050348837,0.0003,-0.0163138285279274,-0.6453208860941231
716,575,1466368,-0.23591929,300.0,2546,7150,0.04215231747948565,0.24365234375,0.2,-0.04578432859125314,-0.009579896926879883,0.055078745,0.0003,-0.05013163387775421,-0.6424266297370196
717,576,1468416,-0.3432383700000001,300.0,2549,7160,0.028863338101655246,0.231591796875,0.2,-0.04259723485447466,0.02345484495162964,0.05381795,0.0003,-0.06812302768230438,-0.6111462151631712
718,576,1470464,-0.47157200000000005,300.0,2551,7170,0.04297908359440043,0.239697265625,0.2,-0.048048457317054274,0.0853002667427063,0.05071643,0.0003,-0.0584094412624836,-0.627173438295722
719,576,1472512,-0.5142760000000001,300.0,2553,7180,0.01963021166739054,0.21806640625,0.2,-0.04173597439948935,0.2098332643508911,0.043239884,0.0003,-0.07925742119550705,-0.6092187806032598
720,576,1474560,-0.48927598000000005,300.0,2556,7190,0.037643211224349216,0.25859375,0.2,-0.04683165858441498,0.022656023502349854,0.0596888,0.0003,-0.05572950094938278,-0.5999250168912112
721,577,1476608,-0.5598016600000001,300.0,2558,7200,0.03993926229304634,0.224951171875,0.2,-0.04243494218098931,0.16963857412338257,0.04381494,0.0003,-0.08060093224048615,-0.6105062510818243
722,577,1478656,-0.47889989000000005,300.0,2560,7210,0.019673049155971966,0.237451171875,0.2,-0.04640323524945415,0.0626077651977539,0.050482046,0.0003,-0.06052740290760994,-0.629461258277297
723,577,1480704,-0.52993215,300.0,2562,7220,0.021885371120879425,0.229443359375,0.2,-0.04325793343305122,-0.08940625190734863,0.04515312,0.0003,-0.055224087089300156,-0.6004777399823069
724,578,1482752,-0.63976795,300.0,2564,7230,0.02824727934494149,0.253759765625,0.2,-0.044661555509082976,0.10586988925933838,0.052210677,0.0003,-0.0491771474480629,-0.6218921003863216
725,578,1484800,-0.56825128,300.0,2567,7240,0.06257624408463017,0.253271484375,0.2,-0.043898881474160587,0.08661878108978271,0.047894176,0.0003,-0.04318983852863312,-0.6277806092984974
726,578,1486848,-0.5810582,300.0,2569,7250,0.041040626470930874,0.24453125,0.2,-0.047269567771581936,0.2517543435096741,0.048298158,0.0003,-0.07714279741048813,-0.6059648572467268
727,579,1488896,-0.59618834,300.0,2571,7260,0.0437414568499662,0.24072265625,0.2,-0.0445260666689137,0.00788801908493042,0.05030309,0.0003,-0.02024046704173088,-0.6062844394706189
728,579,1490944,-0.52781441,300.0,2573,7270,0.040111428761156274,0.235791015625,0.2,-0.045042490560445,0.3164571523666382,0.04702459,0.0003,-0.05571983754634857,-0.6074973874725401
729,579,1492992,-0.61968922,300.0,2576,7280,0.019038308964809403,0.237353515625,0.2,-0.04541800860315561,0.43600189685821533,0.0498244,0.0003,-0.06095850095152855,-0.6196613878011703
730,579,1495040,-0.6439416400000002,300.0,2578,7290,0.07907851785421371,0.227392578125,0.2,-0.04267682858480839,0.1710612177848816,0.04735098,0.0003,-0.025589607656002045,-0.6090803239494562
731,580,1497088,-0.70238327,300.0,2580,7300,0.03311310722492635,0.2431640625,0.2,-0.04422278415586334,0.2929632067680359,0.0499188,0.0003,-0.03524947166442871,-0.616052252240479
732,580,1499136,-0.5287366,300.0,2583,7310,0.040879253786988555,0.230029296875,0.2,-0.04345312609220855,0.3691120147705078,0.052764427,0.0003,-0.05205085128545761,-0.6232444050721824
733,567,1501184,-0.39979152,300.0,2645,7320,0.0292221614276059,0.24287109375,0.2,-0.045401953769032846,0.5255098342895508,0.04990556,0.0003,-0.07501666992902756,-0.6317352401092649
734,567,1503232,-0.27190968,300.0,2648,7330,0.050356354302493855,0.236376953125,0.2,-0.04546469374618027,0.5278606414794922,0.050987083,0.0003,-0.036994002759456635,-0.6004921059124172
735,567,1505280,-0.34789854000000003,300.0,2650,7340,0.029306441961671224,0.218798828125,0.2,-0.0417247718636645,0.6664443612098694,0.042918123,0.0003,-0.0629357323050499,-0.6192271047271788
736,568,1507328,-0.2923969099999999,300.0,2652,7350,0.05255258397664875,0.244775390625,0.2,-0.04589591187541373,0.5755999088287354,0.055401072,0.0003,-0.050675682723522186,-0.6419024365022779
737,568,1509376,-0.23514784000000002,300.0,2654,7360,0.030712821456836535,0.25029296875,0.2,-0.044710088570718655,0.5974428057670593,0.053665716,0.0003,-0.07038599252700806,-0.6180218139663338
738,568,1511424,-0.24001339999999996,300.0,2656,7370,0.027757512911921366,0.258154296875,0.2,-0.048034669943444894,0.678498387336731,0.056308467,0.0003,-0.05417601019144058,-0.6525146348401905
739,569,1513472,-0.11762135999999998,300.0,2658,7380,0.060316345351748166,0.254345703125,0.2,-0.04971437701315153,0.4467393159866333,0.058899008,0.0003,-0.056586965918540955,-0.6294312259182334
740,569,1515520,-0.026186130000000002,300.0,2660,7390,0.02980338331544772,0.24423828125,0.2,-0.04640475563937798,0.46146613359451294,0.05260682,0.0003,-0.06404107809066772,-0.6089046908542514
741,569,1517568,0.0077073799999999885,300.0,2662,7400,0.015326937689678743,0.2306640625,0.2,-0.042511451142490844,0.6949821710586548,0.04531493,0.0003,-0.06094028800725937,-0.6131742465309798
742,570,1519616,-0.037910110000000025,300.0,2665,7410,0.03771963467006571,0.2578125,0.2,-0.043472214511712085,0.277016818523407,0.053583056,0.0003,-0.06634849309921265,-0.6266755173914135
743,570,1521664,0.03818088999999998,300.0,2667,7420,0.049686164763988926,0.23115234375,0.2,-0.04046386898844503,-0.011899590492248535,0.046558794,0.0003,-0.037196721881628036,-0.6081578576005995
744,570,1523712,0.38734995,300.0,2669,7430,0.05949625859502703,0.2322265625,0.2,-0.04200694626197219,0.0562971830368042,0.046202496,0.0003,-0.03085370361804962,-0.6023477136157454
745,571,1525760,0.29070857,300.0,2671,7440,0.03281427168403752,0.238671875,0.2,-0.04561639284074772,0.06948298215866089,0.050653085,0.0003,-0.07105500996112823,-0.6095267930068076
746,571,1527808,0.31602416,300.0,2673,7450,0.04921254925429821,0.233447265625,0.2,-0.044216651457827535,0.05867224931716919,0.050287724,0.0003,-0.043581523001194,-0.5926960457116366
747,571,1529856,0.2509630399999999,300.0,2676,7460,0.05989141023019329,0.244091796875,0.2,-0.041063904031761925,0.27477794885635376,0.057109028,0.0003,-0.03744702786207199,-0.5882196730002761
748,571,1531904,0.08373976,300.0,2678,7470,0.039910073386272414,0.251416015625,0.2,-0.04394461769843474,0.41479915380477905,0.05589973,0.0003,-0.05683649331331253,-0.57848408408463
749,572,1533952,-0.10901662,300.0,2680,7480,0.04950340211507864,0.223388671875,0.2,-0.04184733632573625,0.2832103967666626,0.04776333,0.0003,-0.04433727264404297,-0.5916204361245037
750,572,1536000,0.004643140000000043,300.0,2682,7490,0.059968735335860404,0.241259765625,0.2,-0.046743500232696536,0.36980509757995605,0.046166778,0.0003,-0.050414077937603,-0.5931378301233053
751,572,1538048,-0.06085298999999999,300.0,2685,7500,0.05217428999021649,0.23017578125,0.2,-0.037999884656164794,0.268540620803833,0.04677669,0.0003,-0.03331683948636055,-0.5937182296998799
752,573,1540096,-0.06543943999999997,300.0,2687,7510,0.0712830315111205,0.239599609375,0.2,-0.04411162089963909,0.22154492139816284,0.04927125,0.0003,-0.03961425647139549,-0.5782887269742787
753,573,1542144,0.17866655000000006,300.0,2689,7520,0.019712309606256896,0.240234375,0.2,-0.04807010723161511,0.051611244678497314,0.058934875,0.0003,-0.07721304148435593,-0.6028691285289824
754,573,1544192,0.11781356000000001,300.0,2691,7530,0.013543947202560958,0.263623046875,0.2,-0.04612761758326087,0.31657010316848755,0.056990847,0.0003,-0.0735577717423439,-0.5925476443953812
755,574,1546240,-0.035816679999999976,300.0,2693,7540,0.013625121203949675,0.23720703125,0.2,-0.04479091843677452,0.4511687755584717,0.05534658,0.0003,-0.048696015030145645,-0.5927591903135181
756,574,1548288,-0.1502876599999999,300.0,2696,7550,0.04365866109728813,0.25439453125,0.2,-0.04651445403869729,0.17452681064605713,0.05777159,0.0003,-0.04965589940547943,-0.6099762556143105
757,574,1550336,0.025970630000000074,300.0,2698,7560,0.0954854860319756,0.245703125,0.2,-0.043655190983554346,0.08160924911499023,0.050123196,0.0003,-0.01145320013165474,-0.6076677195727825
758,574,1552384,-0.1382974599999999,300.0,2700,7570,0.06224476784700528,0.239697265625,0.2,-0.04234279182564933,0.16625314950942993,0.049772482,0.0003,-0.049489933997392654,-0.602569044008851
759,575,1554432,-0.13473514,300.0,2702,7580,0.03368377845035866,0.2423828125,0.2,-0.04453765364305582,0.3051784038543701,0.051612604,0.0003,-0.062406107783317566,-0.6043027876876295
760,575,1556480,-0.27980591,300.0,2704,7590,0.07637250354746357,0.23916015625,0.2,-0.044641400905675255,0.24098163843154907,0.0480961,0.0003,-0.03726400434970856,-0.5964082167483866
761,575,1558528,-0.3898688899999999,300.0,2707,7600,0.06419503266806714,0.243505859375,0.2,-0.04238781958410982,0.05816429853439331,0.052933455,0.0003,-0.04447590187191963,-0.5903992054052651
762,575,1560576,-0.42042450000000003,300.0,2709,7610,0.02705069932853803,0.244140625,0.2,-0.04711830358282896,0.2814343571662903,0.054459807,0.0003,-0.052570976316928864,-0.5939897009171545
763,576,1562624,-0.3915621,300.0,2711,7620,0.014346954553911929,0.239990234375,0.2,-0.04565636722545605,0.2696211338043213,0.04708558,0.0003,-0.05808250606060028,-0.5824427388608455
764,576,1564672,-0.37935339000000007,300.0,2713,7630,0.02343292846926488,0.2271484375,0.2,-0.04339741513540503,0.19140130281448364,0.045236185,0.0003,-0.05973203852772713,-0.6011729427613318
765,576,1566720,-0.5427119800000001,300.0,2716,7640,0.06589163870085031,0.23720703125,0.2,-0.04413377270102501,0.17794084548950195,0.051151052,0.0003,-0.06333859264850616,-0.5896916074678302
766,577,1568768,-0.6234152399999999,300.0,2718,7650,0.08754063871456311,0.237744140625,0.2,-0.04002553372120019,0.034209609031677246,0.057172664,0.0003,-0.04768211394548416,-0.6018669281154871
767,577,1570816,-0.60584452,300.0,2720,7660,0.051345358672551814,0.247412109375,0.2,-0.048089421054464766,0.04474061727523804,0.061734505,0.0003,-0.04726218432188034,-0.5789117556996644
768,577,1572864,-0.6974935999999999,300.0,2722,7670,0.0319787350599654,0.24052734375,0.2,-0.044126737033366226,0.31297463178634644,0.057424664,0.0003,-0.0754883736371994,-0.5836814538575709
769,578,1574912,-0.78738364,300.0,2724,7680,0.04160242520156317,0.255859375,0.2,-0.04714181866147556,0.46022188663482666,0.0595625,0.0003,-0.04599052667617798,-0.606283914949745
770,578,1576960,-0.65222562,300.0,2726,7690,0.06351766205625609,0.236083984375,0.2,-0.043712216455605815,0.39658474922180176,0.049066216,0.0003,-0.05839235335588455,-0.6137402701191604
771,578,1579008,-0.7139768100000002,300.0,2729,7700,0.038055134611204265,0.244775390625,0.2,-0.04381001444562571,0.4622042179107666,0.05563282,0.0003,-0.04578586667776108,-0.5916763962246477
772,578,1581056,-0.7504049999999998,300.0,2733,7710,0.03631042807828635,0.234912109375,0.2,-0.039238131162710486,0.5502908229827881,0.05144099,0.0003,-0.04081205278635025,-0.5766244844533503
773,578,1583104,-0.8541614099999998,300.0,2736,7720,0.05118154737283476,0.23935546875,0.2,-0.04499469882284757,0.545009195804596,0.05455915,0.0003,-0.06034722179174423,-0.5925971717573703
774,578,1585152,-0.6871503100000002,300.0,2738,7730,0.024757025795406663,0.26171875,0.2,-0.04626494379481301,0.6788217425346375,0.059864916,0.0003,-0.07407356798648834,-0.590298670437187
775,579,1587200,-0.5559735199999999,300.0,2741,7740,0.08269699873635546,0.218310546875,0.2,-0.03762732055329252,0.36738449335098267,0.042768233,0.0003,-0.013767469674348831,-0.5842651480808854
776,579,1589248,-0.37486622,300.0,2743,7750,0.06589087871834635,0.24404296875,0.2,-0.04561138503195252,0.3867775797843933,0.053985137,0.0003,-0.05030852556228638,-0.6021894647739827
777,579,1591296,-0.5938255400000001,300.0,2745,7760,0.06639548141974956,0.24716796875,0.2,-0.04464712467743084,0.20973455905914307,0.051377364,0.0003,-0.04055535048246384,-0.5738589546643198
778,579,1593344,-0.54875464,300.0,2747,7770,0.02916035317175556,0.239990234375,0.2,-0.04603913599567022,-0.40895915031433105,0.056217737,0.0003,-0.0686330795288086,-0.5746076417155563
779,580,1595392,-0.58697023,300.0,2749,7780,0.043637313833460215,0.23623046875,0.2,-0.042174421808158516,0.12251108884811401,0.053779375,0.0003,-0.06358759105205536,-0.5758537308312952
780,580,1597440,-0.5397737499999999,300.0,2751,7790,0.06190556276123971,0.23134765625,0.2,-0.045267257490195334,0.09220659732818604,0.053363122,0.0003,-0.03444909676909447,-0.593719726242125
781,580,1599488,-0.62380732,300.0,2754,7800,0.02933589884778485,0.22578125,0.2,-0.043070968610118145,0.09311830997467041,0.051902853,0.0003,-0.04059183597564697,-0.573603873886168
782,568,1601536,-0.70917511,300.0,2817,7810,0.04202798043261282,0.24853515625,0.2,-0.0434617726248689,0.10983067750930786,0.051825188,0.0003,-0.04489210247993469,-0.5840925494208932
783,568,1603584,-0.5427337799999999,300.0,2819,7820,0.07557955252705142,0.239990234375,0.2,-0.04513675765774679,0.11665087938308716,0.049158797,0.0003,-0.060439400374889374,-0.5881104370579123
784,568,1605632,-0.4846689799999999,300.0,2822,7830,0.04151848541805521,0.2392578125,0.2,-0.045129058255406564,0.07628220319747925,0.059394933,0.0003,-0.047014132142066956,-0.5736199454404414
785,569,1607680,-0.3458031399999999,300.0,2824,7840,0.01315577696368564,0.24990234375,0.2,-0.04653933301742654,0.5728274583816528,0.05605635,0.0003,-0.06959817558526993,-0.5917793465778232
786,569,1609728,-0.27066316999999995,300.0,2826,7850,0.022950429964112118,0.235986328125,0.2,-0.04342419216118287,0.541468620300293,0.054330625,0.0003,-0.059824105352163315,-0.5738926999270916
787,569,1611776,-0.13863678999999995,300.0,2829,7860,0.021071438802755436,0.230859375,0.2,-0.042753713685669936,0.5071923732757568,0.052250918,0.0003,-0.07244707643985748,-0.5729326938278974
788,569,1613824,-0.05727989999999993,300.0,2831,7870,0.047949648590292784,0.235009765625,0.2,-0.044682466439553536,0.33387744426727295,0.04785257,0.0003,-0.019332988187670708,-0.576847423799336
789,570,1615872,0.018505720000000038,300.0,2833,7880,0.02495969323790632,0.21865234375,0.2,-0.03996673839574214,0.47194504737854004,0.053471677,0.0003,-0.05004069581627846,-0.5336538335308433
790,570,1617920,-0.20592388,300.0,2836,7890,0.06503791039576753,0.248779296875,0.2,-0.041179717492195775,0.37452030181884766,0.061869662,0.0003,-0.03669673949480057,-0.54495500754565
791,570,1619968,-0.16937315999999997,300.0,2838,7900,0.049508957791840655,0.22158203125,0.2,-0.03928513188729994,0.40648597478866577,0.045780513,0.0003,-0.036848776042461395,-0.5392284007743001
792,571,1622016,-0.09159240999999999,300.0,2840,7910,0.07436578517081216,0.246044921875,0.2,-0.04094530718430178,0.3626519441604614,0.057852484,0.0003,-0.03161326050758362,-0.5842969231307507
793,571,1624064,0.014205280000000032,300.0,2842,7920,0.06145246772794053,0.23359375,0.2,-0.041585561045212674,0.3775038719177246,0.052645225,0.0003,-0.017184719443321228,-0.5564673190005124
794,571,1626112,0.07480621000000004,300.0,2844,7930,0.018762879882706328,0.245068359375,0.2,-0.043773409287678075,0.34308648109436035,0.059031643,0.0003,-0.06457163393497467,-0.5602697658352553
795,571,1628160,0.2265224400000001,300.0,2846,7940,0.03190528591221664,0.242333984375,0.2,-0.04131899687636178,0.3793131113052368,0.05817476,0.0003,-0.05153269320726395,-0.5411794957704842
796,572,1630208,0.24428283000000003,300.0,2849,7950,0.03549619219265878,0.232568359375,0.2,-0.04136275762866717,0.17604804039001465,0.050824754,0.0003,-0.062349725514650345,-0.5712849754840136
797,572,1632256,0.27923852000000005,300.0,2851,7960,0.02311949729628395,0.2392578125,0.2,-0.039510849834186956,-0.001385331153869629,0.059899308,0.0003,-0.052149660885334015,-0.5542368645779788
798,572,1634304,0.12303448999999998,300.0,2853,7970,0.04721572352573276,0.24365234375,0.2,-0.042149531340692194,0.1995510458946228,0.056584828,0.0003,-0.040321603417396545,-0.5556421811692417
799,573,1636352,0.018056450000000012,300.0,2855,7980,0.02422812802833505,0.223583984375,0.2,-0.044516008003847675,0.16063165664672852,0.051838726,0.0003,-0.048313070088624954,-0.5514141897670924
800,573,1638400,-0.021979799999999963,300.0,2858,7990,0.02022360800183378,0.236962890625,0.2,-0.044362053216900676,0.09063011407852173,0.053594716,0.0003,-0.06090262159705162,-0.5595198766328394
801,573,1640448,-0.023321569999999996,300.0,2860,8000,0.019387125095818192,0.229638671875,0.2,-0.04216877105936874,0.041914403438568115,0.055720866,0.0003,-0.04534617438912392,-0.5247607327066361
802,573,1642496,-0.13432313,300.0,2864,8010,0.03192369555472396,0.2451171875,0.2,-0.046271264835377225,0.0765998363494873,0.05822099,0.0003,-0.07596931606531143,-0.5597449873574079
803,573,1644544,-0.15126099000000004,300.0,2867,8020,0.0478225942060817,0.2255859375,0.2,-0.043242095306050034,0.026366353034973145,0.050202433,0.0003,-0.048374444246292114,-0.5461363795213401
804,573,1646592,-0.16016954000000005,300.0,2869,8030,0.03528738226159476,0.22900390625,0.2,-0.042833729142148516,-0.1389927864074707,0.05130626,0.0003,-0.05132799223065376,-0.5405325347557663
805,573,1648640,-0.09051697000000004,300.0,2872,8040,0.03304783018538728,0.243994140625,0.2,-0.04171458010096103,0.14460420608520508,0.05978381,0.0003,-0.06004595011472702,-0.5472793291322887
806,574,1650688,-0.16078250000000005,300.0,2874,8050,0.04978031946811825,0.234423828125,0.2,-0.04548769221873954,0.1692354679107666,0.050261136,0.0003,-0.05886198952794075,-0.5526936286129057
807,574,1652736,-0.2727594900000001,300.0,2876,8060,0.03286950370820705,0.214794921875,0.2,-0.03731024308654014,0.11947309970855713,0.04969029,0.0003,-0.0474066361784935,-0.49405738404020666
808,574,1654784,-0.14726098000000004,300.0,2878,8070,0.0648344584624283,0.2166015625,0.2,-0.03872843309727614,0.07478660345077515,0.062669724,0.0003,-0.04349284619092941,-0.5144611846655607
809,575,1656832,-0.23372653000000007,300.0,2881,8080,0.023376768696471116,0.230224609375,0.2,-0.04003226972490666,-0.12291610240936279,0.052921508,0.0003,-0.04075395315885544,-0.5333391725085675
810,575,1658880,-0.2665619800000001,300.0,2883,8090,0.015370622264163103,0.244677734375,0.2,-0.04275946861307602,0.17347902059555054,0.058098275,0.0003,-0.06295832246541977,-0.5533383944071829
811,575,1660928,-0.2752741,300.0,2886,8100,0.04545233311946504,0.222412109375,0.2,-0.041681836958741766,0.13359421491622925,0.060412668,0.0003,-0.04956797882914543,-0.5211662424728274
812,575,1662976,-0.12909520000000005,300.0,2888,8110,0.020874060850474052,0.243896484375,0.2,-0.04285477808443829,0.38749438524246216,0.05496656,0.0003,-0.03764285147190094,-0.5381226077675819
813,575,1665024,-0.07264679000000002,300.0,2890,8120,0.04989103228435852,0.2349609375,0.2,-0.04122515714843757,0.35050928592681885,0.05675431,0.0003,-0.03623446822166443,-0.5208677895367145
814,576,1667072,-0.12499492000000004,300.0,2893,8130,0.0356816150364466,0.232861328125,0.2,-0.044688553654123095,0.07965558767318726,0.056437634,0.0003,-0.02896665409207344,-0.5303255525417626
815,576,1669120,-0.21644071999999998,300.0,2895,8140,0.023397993904654867,0.24794921875,0.2,-0.04719475370948203,0.17815643548965454,0.05904142,0.0003,-0.06776151806116104,-0.5398672130890191
816,576,1671168,-0.32459118000000003,300.0,2897,8150,0.017497855206602252,0.23759765625,0.2,-0.04174903116072528,-0.12419271469116211,0.06269041,0.0003,-0.09183195978403091,-0.5456273760646582
817,577,1673216,-0.25809723,300.0,2899,8160,0.027060004672966896,0.240673828125,0.2,-0.04240101090981625,0.05154216289520264,0.061547328,0.0003,-0.0729379802942276,-0.525357510522008
818,577,1675264,-0.13671619999999993,300.0,2901,8170,0.021792679111240432,0.241552734375,0.2,-0.04215534366085194,0.2088409662246704,0.056482278,0.0003,-0.06235974282026291,-0.5161921710707247
819,577,1677312,-0.19681866999999997,300.0,2903,8180,0.0169742850237526,0.225927734375,0.2,-0.0414049246290233,-0.21174156665802002,0.055470243,0.0003,-0.057063255459070206,-0.5079818877391518
820,577,1679360,-0.15240931000000002,300.0,2906,8190,0.05725378092029132,0.242138671875,0.2,-0.04150912047625752,0.04247027635574341,0.059598327,0.0003,-0.028178777545690536,-0.5003096189349889
821,578,1681408,-0.042666789999999975,300.0,2908,8200,0.038657104974845424,0.2376953125,0.2,-0.0419526364072226,-0.056391239166259766,0.06691846,0.0003,-0.060552626848220825,-0.4978489750996232
822,578,1683456,0.02961066000000003,300.0,2910,8210,0.12552473889663815,0.2123046875,0.2,-0.03883297913125716,0.0344538688659668,0.05579842,0.0003,-0.00041922181844711304,-0.48285630960017445
823,578,1685504,-0.08010443999999994,300.0,2912,8220,0.02841969353030436,0.23115234375,0.2,-0.0403770353354048,-0.26153242588043213,0.06424151,0.0003,-0.06522519886493683,-0.49437687611207365
824,578,1687552,-0.09209287999999992,300.0,2915,8230,0.046512761426856744,0.237548828125,0.2,-0.038504284297232516,-0.07930612564086914,0.061037626,0.0003,-0.020856764167547226,-0.4996543820016086
825,579,1689600,-0.11685960999999992,300.0,2917,8240,0.04370234163943678,0.21787109375,0.2,-0.03929250304936431,-0.19835186004638672,0.051946387,0.0003,-0.06555691361427307,-0.4905973689630628
826,579,1691648,-0.011208349999999983,300.0,2919,8250,0.04747175795491785,0.24140625,0.2,-0.04080055055965204,-0.014518022537231445,0.05303171,0.0003,-0.033076319843530655,-0.4934069517999887
827,579,1693696,-0.21707463000000002,300.0,2922,8260,0.01699226755881682,0.244482421875,0.2,-0.04637942109038704,-0.3491191864013672,0.059444487,0.0003,-0.050105951726436615,-0.49862938225269315
828,579,1695744,-0.15257911,300.0,2925,8270,0.042140057898359375,0.22626953125,0.2,-0.04029700225073611,-0.12212598323822021,0.064907275,0.0003,-0.06232021749019623,-0.48293481338769195
829,579,1697792,-0.13228942000000002,300.0,2929,8280,0.04627969911089167,0.230078125,0.2,-0.03915888917108532,-0.048793673515319824,0.061780106,0.0003,-0.030691836029291153,-0.4789060404524207
830,579,1699840,-0.02179516999999999,300.0,2931,8290,0.13702456429600715,0.2234375,0.2,-0.03841814093175344,0.010918140411376953,0.057252157,0.0003,0.008904367685317993,-0.47331810407340524
831,564,1701888,0.03311371999999999,300.0,3014,8300,0.04272324141929858,0.249169921875,0.2,-0.04320969298714772,0.11174297332763672,0.06850502,0.0003,-0.07382570207118988,-0.4917202663607895
832,564,1703936,-0.08261867000000002,300.0,3016,8310,0.03104627162683755,0.22158203125,0.2,-0.03931021172611508,-0.09041464328765869,0.055941544,0.0003,-0.045914411544799805,-0.48332772254943845
833,565,1705984,-0.04427372999999999,300.0,3019,8320,0.02304026967904065,0.233251953125,0.2,-0.03744736348744482,0.02477443218231201,0.060084622,0.0003,-0.04718608781695366,-0.4917307525873184
834,565,1708032,-0.08095771000000002,300.0,3022,8330,0.051351472170790655,0.21318359375,0.2,-0.03937334590882528,0.08037799596786499,0.0530627,0.0003,-0.041850507259368896,-0.4780904620885849
835,565,1710080,0.045081549999999984,300.0,3024,8340,0.03674227480078116,0.2404296875,0.2,-0.038644565906724895,-0.07900416851043701,0.06317854,0.0003,-0.0375966839492321,-0.48692548582330347
836,565,1712128,0.08641815000000001,300.0,3026,8350,0.09527032185578718,0.2236328125,0.2,-0.04213755638047587,-0.028420090675354004,0.05810519,0.0003,-0.02568722888827324,-0.4726135044358671
837,565,1714176,-0.07126170999999998,300.0,3029,8360,0.014138938338146546,0.230029296875,0.2,-0.0425429954790161,-0.1698230504989624,0.060506508,0.0003,-0.07085426151752472,-0.4619225742295384
838,566,1716224,0.1082964,300.0,3031,8370,0.0788389194291085,0.221826171875,0.2,-0.04048201985715423,-0.020274043083190918,0.05582452,0.0003,-0.023597218096256256,-0.4770574157126248
839,566,1718272,0.11719922,300.0,3034,8380,0.04996005943976343,0.200537109375,0.2,-0.03638468766293954,-0.2958561182022095,0.052867368,0.0003,-0.030756015330553055,-0.4720042137429118
840,566,1720320,0.16917178999999996,300.0,3036,8390,0.039293645560974255,0.2259765625,0.2,-0.04142519601446111,-0.045324087142944336,0.05887665,0.0003,-0.047708816826343536,-0.48514764178544284
841,566,1722368,0.022079500000000012,300.0,3039,8400,0.07888090406777337,0.224462890625,0.2,-0.03980089681863319,0.1188463568687439,0.06024805,0.0003,-0.012755122035741806,-0.46774908984079955
842,566,1724416,0.008846990000000004,300.0,3041,8410,0.052431488741422075,0.224609375,0.2,-0.03865534560754895,-0.08950221538543701,0.065509304,0.0003,-0.03492538630962372,-0.46203309269621967
843,567,1726464,-0.05695885000000001,300.0,3043,8420,0.05986544076586142,0.221044921875,0.2,-0.04115487536764704,0.128631591796875,0.058502696,0.0003,-0.05022368207573891,-0.4807579293847084
844,567,1728512,-0.00045691999999996735,300.0,3046,8430,0.022194912363192997,0.24033203125,0.2,-0.042646916129160675,-0.11816442012786865,0.051665753,0.0003,-0.060588907450437546,-0.5049208587035536
845,567,1730560,0.05744727999999988,300.0,3048,8440,0.023927538411226124,0.218408203125,0.2,-0.03779654730751645,-0.1499267816543579,0.051643156,0.0003,-0.07152359187602997,-0.4879194223321974
846,567,1732608,-0.11738275999999999,300.0,3050,8450,0.07662421892164276,0.2236328125,0.2,-0.03889986709691584,-0.06585192680358887,0.0645445,0.0003,-0.037124715745449066,-0.47425366984680295
847,568,1734656,0.05619613000000004,300.0,3053,8460,0.07004438978619873,0.22265625,0.2,-0.041449616217869335,-0.004252314567565918,0.057583466,0.0003,-0.02011178247630596,-0.4869469448924065
848,568,1736704,-0.12725441999999995,300.0,3055,8470,0.10287548238411545,0.234912109375,0.2,-0.03905628474312835,0.05695408582687378,0.06783752,0.0003,0.003895185887813568,-0.4881358237937093
849,568,1738752,-0.06369725999999994,300.0,3058,8480,0.03936165805789642,0.234228515625,0.2,-0.04284368542139418,-0.0023480653762817383,0.072054766,0.0003,-0.0323997437953949,-0.47517961068078873
850,568,1740800,-0.04744348999999996,300.0,3060,8490,0.04418225778499618,0.225537109375,0.2,-0.038830010787933134,0.13901883363723755,0.064977825,0.0003,-0.041157111525535583,-0.4688115164637566
851,569,1742848,-0.046669950000000016,300.0,3062,8500,0.03477570484683383,0.232080078125,0.2,-0.04158023029740434,0.25457334518432617,0.062309235,0.0003,-0.05463606119155884,-0.48649752559140325
852,569,1744896,-0.06180919999999993,300.0,3064,8510,0.04976610742160119,0.231201171875,0.2,-0.042072032496798785,-0.09377920627593994,0.07271759,0.0003,-0.0484217032790184,-0.4837126142345369
853,569,1746944,0.10864646000000003,300.0,3067,8520,0.026507690898142755,0.22822265625,0.2,-0.04005988946300931,0.2986912727355957,0.061493132,0.0003,-0.06659963726997375,-0.4543032320216298
854,569,1748992,0.036377040000000055,300.0,3069,8530,0.04473952000262216,0.215380859375,0.2,-0.03880111836188007,0.2728080153465271,0.06583631,0.0003,-0.07055078446865082,-0.4718124793842435
855,569,1751040,0.010705869999999998,300.0,3072,8540,0.04324584818677977,0.2337890625,0.2,-0.044139570454717614,0.06558942794799805,0.054992706,0.0003,-0.02652793936431408,-0.4992542952299118
856,570,1753088,0.14431406000000002,300.0,3074,8550,0.09736227502580733,0.21923828125,0.2,-0.03691698739421554,0.0076122283935546875,0.05670643,0.0003,-0.0027585774660110474,-0.49486588686704636
857,570,1755136,0.10638628000000003,300.0,3078,8560,0.06322634398238733,0.226904296875,0.2,-0.04171447245462332,0.2536596655845642,0.06399323,0.0003,-0.0458076186478138,-0.4845713478513062
858,570,1757184,0.14956987000000002,300.0,3082,8570,0.016718702160869726,0.22373046875,0.2,-0.039694726023299154,0.3023679852485657,0.061588217,0.0003,-0.061016909778118134,-0.49877074314281344
859,570,1759232,-0.04792493999999997,300.0,3086,8580,0.02902870492544025,0.239404296875,0.2,-0.04280820403073449,0.388705313205719,0.06532465,0.0003,-0.054750651121139526,-0.49800783609971405
860,570,1761280,0.057651349999999935,300.0,3088,8590,0.08824907980160787,0.22861328125,0.2,-0.04185025443439372,0.2001650333404541,0.058525525,0.0003,-0.05129365622997284,-0.48033126899972556
861,570,1763328,0.07370722000000007,300.0,3090,8600,0.06742089247563854,0.2416015625,0.2,-0.04306907665450126,0.28625500202178955,0.06926344,0.0003,-0.0248317439109087,-0.48924323124811053
862,570,1765376,0.02474565999999995,300.0,3092,8610,0.038036220788490026,0.229833984375,0.2,-0.04148095246491721,0.41210758686065674,0.061739296,0.0003,-0.03601398691534996,-0.4624199204146862
863,571,1767424,0.06662262999999993,300.0,3095,8620,0.03250556862330996,0.222705078125,0.2,-0.040986328560393304,0.45875948667526245,0.053457104,0.0003,-0.04534153267741203,-0.5113286665640772
864,571,1769472,-0.11300935000000002,300.0,3098,8630,0.09954981076298282,0.224365234375,0.2,-0.03905057051742915,0.13486361503601074,0.053198423,0.0003,-0.013282902538776398,-0.49147300524637105
865,571,1771520,-0.32594212,300.0,3100,8640,0.0328637923754286,0.23984375,0.2,-0.04044321279507131,0.16088074445724487,0.07036416,0.0003,-0.0697786882519722,-0.48878695322200655
866,571,1773568,-0.28934095,300.0,3102,8650,0.03608660828904249,0.219873046875,0.2,-0.0383255963693955,0.21975833177566528,0.053221196,0.0003,-0.05898487567901611,-0.4854841847904027
867,571,1775616,-0.3210212,300.0,3105,8660,0.028712549776537345,0.228955078125,0.2,-0.04081701790273655,0.3009400963783264,0.05560369,0.0003,-0.06004064902663231,-0.473696512542665
868,571,1777664,-0.5445846,300.0,3108,8670,0.03471895636757836,0.243701171875,0.2,-0.040154184243874624,0.4447455406188965,0.06338583,0.0003,-0.044992703944444656,-0.49405379705131053
869,572,1779712,-0.44300129,300.0,3110,8680,0.02723215937730856,0.248828125,0.2,-0.04463156278943643,0.4214369058609009,0.07808238,0.0003,-0.04167584329843521,-0.5047907501459121
870,572,1781760,-0.4507053399999999,300.0,3113,8690,0.08413303038105369,0.226513671875,0.2,-0.039936487772502006,0.21318328380584717,0.07106548,0.0003,0.008264482021331787,-0.4836383454501629
871,572,1783808,-0.32836439,300.0,3115,8700,0.02714643011568114,0.234375,0.2,-0.0436889957607491,0.5400259494781494,0.065845415,0.0003,-0.05592728033661842,-0.46956708189100027
872,572,1785856,-0.3545229299999999,300.0,3117,8710,0.02370747375243809,0.225048828125,0.2,-0.03721718418528326,0.5916647911071777,0.061021484,0.0003,-0.06242385879158974,-0.4782223546877503
873,572,1787904,-0.09955624000000003,300.0,3120,8720,0.026403437898261474,0.226708984375,0.2,-0.03986691175523447,0.5667738318443298,0.05762154,0.0003,-0.05707904323935509,-0.4889891737140715
874,573,1789952,-0.0855945,300.0,3122,8730,0.01956269412767142,0.232080078125,0.2,-0.043079805339220914,0.6455827355384827,0.06906297,0.0003,-0.058212053030729294,-0.4616063242778182
875,573,1792000,0.01702111999999996,300.0,3125,8740,0.04312794277793728,0.22197265625,0.2,-0.04282883098931052,0.21561485528945923,0.05584926,0.0003,-0.060014139860868454,-0.4737270299345255
876,573,1794048,-0.07851748999999998,300.0,3127,8750,0.1053857744904235,0.245703125,0.2,-0.044789790752111,0.005031704902648926,0.07828545,0.0003,-0.01983725279569626,-0.4782670570537448
877,573,1796096,-0.11314075999999997,300.0,3130,8760,0.03772568663116545,0.230029296875,0.2,-0.04166460703127086,-0.096549391746521,0.059866287,0.0003,-0.0384562686085701,-0.4819414083845913
878,573,1798144,-0.12707150000000003,300.0,3133,8770,0.12055902503198013,0.226025390625,0.2,-0.039934973526396786,0.0929974913597107,0.060339052,0.0003,-0.0009050220251083374,-0.4705009555444121
879,562,1800192,-0.05689417999999998,300.0,3200,8780,0.05610553997103125,0.229248046875,0.2,-0.042539126184419726,0.04150909185409546,0.058215633,0.0003,-0.028173353523015976,-0.482015098631382
880,562,1802240,-0.0055700500000000555,300.0,3203,8790,0.04497961539018434,0.228125,0.2,-0.03899429060547845,0.007551848888397217,0.05589405,0.0003,-0.05201408639550209,-0.4866383195854723
881,562,1804288,5.078000000000582e-05,300.0,3205,8800,0.0588756027398631,0.222607421875,0.2,-0.04264833113120403,-0.05965745449066162,0.09066088,0.0003,-0.01449180394411087,-0.4788815163075924
882,563,1806336,-0.027154649999999902,300.0,3207,8810,0.022066202526912094,0.22890625,0.2,-0.040439651664928536,0.07758742570877075,0.0735247,0.0003,-0.049477480351924896,-0.46423339294269683
883,563,1808384,0.07347785000000007,300.0,3210,8820,0.03907251177588478,0.233935546875,0.2,-0.0439211893157335,0.08833551406860352,0.0636887,0.0003,-0.05551221966743469,-0.48402082389220596
884,563,1810432,0.00930381000000001,300.0,3212,8830,0.032529595994856206,0.23955078125,0.2,-0.03909569400566397,-0.11866605281829834,0.05759319,0.0003,-0.04848950356245041,-0.48805475030094386
885,563,1812480,0.03204211999999999,300.0,3214,8840,0.06580567376804539,0.229833984375,0.2,-0.03865237003192305,0.0002053976058959961,0.061021235,0.0003,-0.04288654029369354,-0.48411150090396404
886,563,1814528,-0.19630875,300.0,3218,8850,0.04556540090125054,0.23486328125,0.2,-0.04552571754611563,0.028230726718902588,0.058029227,0.0003,-0.05201083794236183,-0.49981368854641917
887,564,1816576,-0.18839883999999996,300.0,3220,8860,0.03526638303883374,0.223876953125,0.2,-0.03786378421646077,0.13444799184799194,0.05205214,0.0003,-0.056731000542640686,-0.49265266600996255
888,564,1818624,-0.46381414,300.0,3222,8870,0.04461837006965652,0.219677734375,0.2,-0.04311333593796007,0.0724560022354126,0.057300426,0.0003,-0.052582643926143646,-0.48189853550866246
889,564,1820672,-0.7083218400000001,300.0,3224,8880,0.04197369252797216,0.232177734375,0.2,-0.045396279977285306,0.15002864599227905,0.06889345,0.0003,-0.04586496949195862,-0.48607062846422194
890,564,1822720,-0.5738285200000001,300.0,3227,8890,0.08595449946587905,0.235498046875,0.2,-0.039654839760623874,0.10572952032089233,0.06870125,0.0003,-0.03591175749897957,-0.48536479035392405
891,564,1824768,-0.6550904,300.0,3229,8900,0.12055282588116825,0.2279296875,0.2,-0.0401533022231888,0.10386419296264648,0.06127969,0.0003,-0.014108039438724518,-0.47556716250255704
892,565,1826816,-0.53656417,300.0,3232,8910,0.020253632043022662,0.2220703125,0.2,-0.03892581105465069,0.47329550981521606,0.0644701,0.0003,-0.06926268339157104,-0.47382501820102335
893,565,1828864,-0.56490468,300.0,3234,8920,0.027603448179434054,0.2251953125,0.2,-0.04065829410101287,0.32919812202453613,0.058897514,0.0003,-0.04256459325551987,-0.47518378011882306
894,565,1830912,-0.6573396600000001,300.0,3237,8930,0.06707536281319335,0.228564453125,0.2,-0.040513116351212373,0.06297260522842407,0.062178094,0.0003,-0.03441595286130905,-0.47347604129463433
895,565,1832960,-0.60653988,300.0,3239,8940,0.07672457885928452,0.22900390625,0.2,-0.043434750303276815,0.19371342658996582,0.061551012,0.0003,-0.030662011355161667,-0.4867057655006647
896,566,1835008,-0.4125003300000001,300.0,3241,8950,0.01711520089011174,0.238427734375,0.2,-0.039339811428362736,0.5301308035850525,0.07092859,0.0003,-0.06114804744720459,-0.4796478952281177
897,566,1837056,-0.39141619000000005,300.0,3244,8960,0.03721033860347234,0.2330078125,0.2,-0.04075422740424983,0.46604442596435547,0.06701798,0.0003,-0.04307755082845688,-0.47563093304634096
898,566,1839104,-0.43784738000000006,300.0,3246,8970,0.038979762454982844,0.2451171875,0.2,-0.041877428709995,0.43158602714538574,0.07714767,0.0003,-0.04828431457281113,-0.48391930377110837
899,566,1841152,-0.5837875699999999,300.0,3249,8980,0.03507630599197,0.239794921875,0.2,-0.042998289526440206,0.45230865478515625,0.060316607,0.0003,-0.05250953137874603,-0.5051723626442254
900,566,1843200,-0.46762268,300.0,3251,8990,0.025070982772740537,0.234326171875,0.2,-0.039735154146910645,0.41248655319213867,0.06399827,0.0003,-0.0601104274392128,-0.49886563792824745
901,567,1845248,-0.35809741999999994,300.0,3253,9000,0.07721796868136152,0.23779296875,0.2,-0.03969352117273957,0.3611553907394409,0.0608097,0.0003,-0.03464337810873985,-0.5127615490928292
902,567,1847296,-0.09879298999999998,300.0,3255,9010,0.04286244563409127,0.2291015625,0.2,-0.0435416147869546,0.40647995471954346,0.06092164,0.0003,-0.05107101798057556,-0.5193131061270833
903,567,1849344,0.06589717999999994,300.0,3258,9020,0.020241952917422167,0.25205078125,0.2,-0.04388306284963619,0.6418944597244263,0.072034344,0.0003,-0.0526043139398098,-0.520118978433311
904,567,1851392,0.07334391000000003,300.0,3261,9030,0.024240649087005295,0.239990234375,0.2,-0.04319444208667846,0.47467851638793945,0.06624594,0.0003,-0.04186937212944031,-0.5201580508612096
905,567,1853440,0.07212990000000002,300.0,3265,9040,0.05584660753374919,0.228564453125,0.2,-0.041653685076744294,0.16374152898788452,0.05422099,0.0003,-0.03591173142194748,-0.5289249162189662
906,567,1855488,0.159677,300.0,3267,9050,0.0603716149344109,0.233935546875,0.2,-0.04465991453907918,0.2287808656692505,0.05511066,0.0003,-0.04878433793783188,-0.5089182456023991
907,567,1857536,0.05572999000000003,300.0,3270,9060,0.022870505385799333,0.234423828125,0.2,-0.04145271668385249,0.299557626247406,0.065705515,0.0003,-0.07186970114707947,-0.5137997459620237
908,568,1859584,0.08064718000000001,300.0,3273,9070,0.023660447270958684,0.235791015625,0.2,-0.04405832364573144,0.23392724990844727,0.05760646,0.0003,-0.060946524143218994,-0.5360509411431849
909,568,1861632,0.1580726,300.0,3275,9080,0.06956939613446593,0.22861328125,0.2,-0.04446635308559053,0.015241742134094238,0.07600476,0.0003,-0.058997783809900284,-0.5070223147980869
910,568,1863680,0.17126555000000004,300.0,3278,9090,0.03852215536753647,0.248681640625,0.2,-0.04436718570359517,-0.3117668628692627,0.06244234,0.0003,-0.0785370022058487,-0.5249127548187971
911,568,1865728,0.16583548,300.0,3280,9100,0.11739401067607105,0.225830078125,0.2,-0.04036131731700152,0.031294167041778564,0.050369486,0.0003,-0.01735379546880722,-0.5319559381343424
912,568,1867776,0.07635201000000005,300.0,3283,9110,0.03618103930493817,0.22841796875,0.2,-0.04188949648087146,0.14592188596725464,0.054416344,0.0003,-0.02381245233118534,-0.5330430404283106
913,569,1869824,0.10114365000000003,300.0,3286,9120,0.10080551108112559,0.235009765625,0.2,-0.04072562832152471,0.12771135568618774,0.06096666,0.0003,0.02396227791905403,-0.5177739280276
914,569,1871872,0.18905519999999995,300.0,3288,9130,0.021641226988867855,0.243310546875,0.2,-0.04506275173043832,0.376537561416626,0.06709812,0.0003,-0.04083207994699478,-0.5121295345015824
915,569,1873920,0.04095613000000003,300.0,3291,9140,0.02725301099708304,0.224267578125,0.2,-0.040490749413584125,0.3674086332321167,0.05257215,0.0003,-0.042462725192308426,-0.5055061700753868
916,569,1875968,-0.11984515000000004,300.0,3293,9150,0.04723278257297352,0.2396484375,0.2,-0.04296097791811917,0.15237098932266235,0.059463967,0.0003,-0.06865118443965912,-0.5079306568950415
917,569,1878016,-0.11027545000000011,300.0,3296,9160,0.026727001744438893,0.24111328125,0.2,-0.042003196306177416,0.2510142922401428,0.059859343,0.0003,-0.04546318203210831,-0.5282865347340703
918,569,1880064,-0.09903781000000006,300.0,3298,9170,0.03928600420476869,0.23935546875,0.2,-0.04163198269961867,0.3355962634086609,0.065436006,0.0003,-0.07496646791696548,-0.4995120675303042
919,570,1882112,-0.004251760000000102,300.0,3300,9180,0.030861726857256144,0.246875,0.2,-0.04470664236287121,0.3589973449707031,0.066164434,0.0003,-0.07309667021036148,-0.5157590930350124
920,570,1884160,-0.05602887000000004,300.0,3303,9190,0.03575201242347248,0.241796875,0.2,-0.04130998433101922,0.16860872507095337,0.06873831,0.0003,-0.05203425511717796,-0.4990024999715388
921,570,1886208,-0.17622967000000003,300.0,3305,9200,0.10641973810270429,0.232958984375,0.2,-0.03996135411725845,-0.028743624687194824,0.068532035,0.0003,-0.024836916476488113,-0.4979414313100278
922,570,1888256,-0.16320939000000004,300.0,3308,9210,0.031154897745000198,0.2294921875,0.2,-0.040469819973804985,0.17371338605880737,0.062349435,0.0003,-0.041081614792346954,-0.4869324589148164
923,571,1890304,-0.06957154000000006,300.0,3310,9220,0.03331019833567552,0.233740234375,0.2,-0.04212149551021867,0.14423495531082153,0.06410731,0.0003,-0.04689290374517441,-0.49287740234285593
924,571,1892352,-0.08391624000000006,300.0,3312,9230,0.05056870690314099,0.23916015625,0.2,-0.040100480281398634,0.16962313652038574,0.058434933,0.0003,-0.043000370264053345,-0.5030390590429306
925,571,1894400,-0.26547345,300.0,3315,9240,0.04689916161587462,0.231298828125,0.2,-0.03820059204590507,0.23484665155410767,0.05702586,0.0003,-0.04487471282482147,-0.5079753535799683
926,571,1896448,-0.4036328,300.0,3317,9250,0.08360108082415536,0.2404296875,0.2,-0.03828185787424445,0.249811053276062,0.05500313,0.0003,0.00820743665099144,-0.5072938051074743
927,571,1898496,-0.25693962,300.0,3319,9260,0.05098105801152997,0.2396484375,0.2,-0.03985773898020852,0.18513906002044678,0.07404907,0.0003,-0.06105934828519821,-0.4969295029528439
928,560,1900544,-0.35959455000000007,300.0,3388,9270,0.0336914938146947,0.244384765625,0.2,-0.039235262549482286,0.20744895935058594,0.07420339,0.0003,-0.04642774909734726,-0.5018778742291033
929,561,1902592,-0.3271934400000001,300.0,3390,9280,0.017530993834952824,0.229248046875,0.2,-0.040796044503804293,0.4928057789802551,0.058092244,0.0003,-0.061805326491594315,-0.49224707735702394
930,561,1904640,-0.40198149000000005,300.0,3392,9290,0.03345289821736515,0.222119140625,0.2,-0.0397987658448983,0.4131283164024353,0.06325423,0.0003,-0.049415674060583115,-0.4978081208653748
931,561,1906688,-0.28998643,300.0,3395,9300,0.08229373471694998,0.234814453125,0.2,-0.04231217937776819,0.3023717999458313,0.064892024,0.0003,-0.014615420252084732,-0.48908386593684555
932,561,1908736,-0.2504632200000001,300.0,3398,9310,0.09665226067882031,0.241748046875,0.2,-0.03980296145018656,0.36572182178497314,0.073529825,0.0003,-0.0025191381573677063,-0.511603579390794
933,561,1910784,-0.34481925,300.0,3400,9320,0.054561512579675765,0.24130859375,0.2,-0.04236053464701399,0.45431989431381226,0.060738597,0.0003,-0.04985778406262398,-0.4967165551148355
934,562,1912832,-0.41642451,300.0,3402,9330,0.05681588884326629,0.2353515625,0.2,-0.04215588042643503,0.13452637195587158,0.06418893,0.0003,-0.04332777112722397,-0.502431267593056
935,562,1914880,-0.4141544200000001,300.0,3404,9340,0.03148795985616744,0.2326171875,0.2,-0.040685533842770384,0.11363399028778076,0.053941056,0.0003,-0.04266463965177536,-0.5112570414319635
936,562,1916928,-0.40482102999999997,300.0,3407,9350,0.0678357390104793,0.221435546875,0.2,-0.03818545995891327,0.10188895463943481,0.06492903,0.0003,-0.02008075639605522,-0.4999369179829955
937,562,1918976,-0.3286631100000001,300.0,3409,9360,0.030301910621346906,0.23212890625,0.2,-0.044632387813180685,0.2550947070121765,0.05705332,0.0003,-0.04518281668424606,-0.5077490041032433
938,563,1921024,-0.37068698999999994,300.0,3411,9370,0.05412611856590956,0.22744140625,0.2,-0.04125589123868849,0.16653895378112793,0.06410305,0.0003,-0.04859161376953125,-0.5154220052994788
939,563,1923072,-0.14210940999999996,300.0,3414,9380,0.07831506693037227,0.25224609375,0.2,-0.04512147145578638,0.0995587706565857,0.071723625,0.0003,-0.046104833483695984,-0.5193277938291431
940,563,1925120,-0.37234030999999995,300.0,3416,9390,0.0661578050814569,0.223388671875,0.2,-0.03913876201258972,0.2598230838775635,0.06291902,0.0003,-0.02003581076860428,-0.49435237385332587
941,563,1927168,-0.44320630999999994,300.0,3418,9400,0.07437445900868625,0.23046875,0.2,-0.04250588004942983,0.021405398845672607,0.054744363,0.0003,-0.04810831695795059,-0.5175429836846888
942,563,1929216,-0.30701996000000004,300.0,3420,9410,0.037990408804034814,0.23984375,0.2,-0.04455546580429655,0.06846308708190918,0.05704517,0.0003,-0.05031312257051468,-0.5158573776483536
943,564,1931264,-0.2107690599999999,300.0,3423,9420,0.027350034963455984,0.223779296875,0.2,-0.041785903231357224,-0.20675373077392578,0.08507861,0.0003,-0.03796562924981117,-0.49660507971420886
944,564,1933312,-0.21045979999999992,300.0,3425,9430,0.07433665005955845,0.23427734375,0.2,-0.04072188746649772,0.03414022922515869,0.064608164,0.0003,-0.03638534992933273,-0.5082580654881894
945,564,1935360,-0.30727505,300.0,3428,9440,0.03242793939716648,0.25361328125,0.2,-0.04291642903408501,0.2626332640647888,0.07488727,0.0003,-0.05508720874786377,-0.5051834081299603
946,564,1937408,-0.33447860000000007,300.0,3430,9450,0.030634704563999547,0.2298828125,0.2,-0.04082404503715224,0.37716275453567505,0.0573121,0.0003,-0.04765918105840683,-0.49709922075271606
947,564,1939456,-0.15947042999999994,300.0,3432,9460,0.05063510147156194,0.23515625,0.2,-0.04274554714065744,0.023491740226745605,0.06148231,0.0003,-0.04686165228486061,-0.4930504142306745
948,565,1941504,-0.018544730000000002,300.0,3435,9470,0.04254205175675452,0.240673828125,0.2,-0.04033630843623541,0.3373323082923889,0.06958912,0.0003,-0.04239754378795624,-0.5098162837326526
949,565,1943552,-0.07117018000000008,300.0,3437,9480,0.03461081205168739,0.24755859375,0.2,-0.0421376545651583,0.17737656831741333,0.061762266,0.0003,-0.036312080919742584,-0.5276945349760354
950,565,1945600,-0.1552856,300.0,3439,9490,0.05867311777547002,0.224072265625,0.2,-0.04154876664397307,0.12510979175567627,0.052486025,0.0003,-0.047606952488422394,-0.5106008485890925
951,565,1947648,-0.013475550000000058,300.0,3442,9500,0.05130522295949049,0.23681640625,0.2,-0.042418555272161027,0.06093233823776245,0.05496961,0.0003,-0.0651811733841896,-0.5008257816545665
952,565,1949696,0.11511727,300.0,3445,9510,0.05585992318810895,0.2431640625,0.2,-0.04532440292823594,0.19410747289657593,0.0617592,0.0003,-0.03279389068484306,-0.5268644446507096
953,565,1951744,0.045963020000000035,300.0,3448,9520,0.04314414098043926,0.23408203125,0.2,-0.043022164129070006,0.11214148998260498,0.061216485,0.0003,-0.04519649222493172,-0.5007330914959311
954,566,1953792,0.09517205,300.0,3450,9530,0.04158163167885505,0.220703125,0.2,-0.0397129728080472,-0.08566951751708984,0.057645496,0.0003,-0.06656627357006073,-0.5060123563744128
955,566,1955840,0.17768557000000001,300.0,3453,9540,0.03758508744649589,0.242822265625,0.2,-0.042791333494824356,0.002634406089782715,0.07507631,0.0003,-0.06060532107949257,-0.5133199890144169
956,566,1957888,0.13997102,300.0,3457,9550,0.015522791002877057,0.241796875,0.2,-0.04380952685896773,0.037724316120147705,0.06783012,0.0003,-0.08833669126033783,-0.5246241196990014
957,566,1959936,0.03189435999999998,300.0,3460,9560,0.06451729064574466,0.23212890625,0.2,-0.041155723952397236,0.023470044136047363,0.05784064,0.0003,-0.04603889212012291,-0.5175961339846253
958,566,1961984,-0.0031908099999999684,300.0,3463,9570,0.03094152413541451,0.214599609375,0.2,-0.03739556217915378,-0.014230608940124512,0.05923313,0.0003,-0.03259435296058655,-0.49118080660700797
959,566,1964032,-0.01792410999999997,300.0,3466,9580,0.01580986106855562,0.236669921875,0.2,-0.03945686064835172,0.2437557578086853,0.061608166,0.0003,-0.05689987167716026,-0.5327103334479034
960,566,1966080,0.15730916999999991,300.0,3469,9590,0.041275443852646275,0.234912109375,0.2,-0.041513603429484645,0.08374053239822388,0.05125791,0.0003,-0.04929593950510025,-0.5466119269840419
961,566,1968128,0.05810151999999999,300.0,3472,9600,0.0381867658928968,0.218017578125,0.2,-0.03644777715962846,0.18422716856002808,0.062054597,0.0003,-0.03260476514697075,-0.49948848523199557
962,566,1970176,-0.016586050000000022,300.0,3475,9610,0.049038891308009626,0.223193359375,0.2,-0.037829708262870555,0.05857574939727783,0.056727894,0.0003,-0.0378703847527504,-0.5218691261485219
963,567,1972224,0.05220559999999999,300.0,3477,9620,0.0641637013060972,0.23955078125,0.2,-0.04266504914558027,0.06878960132598877,0.06289707,0.0003,-0.03499806299805641,-0.5369537733495235
964,567,1974272,0.13789032,300.0,3480,9630,0.021072607653331944,0.2326171875,0.2,-0.041324113623704764,-0.06637156009674072,0.061727878,0.0003,-0.05897391214966774,-0.5416100705973804
965,567,1976320,0.08270518999999993,300.0,3483,9640,0.037206153880106285,0.24111328125,0.2,-0.04349873402388767,-0.07505679130554199,0.07153529,0.0003,-0.02526283822953701,-0.5558083593845368
966,567,1978368,-0.06979277000000002,300.0,3485,9650,0.025358758051879704,0.22685546875,0.2,-0.042810153239406644,-0.07289719581604004,0.059302207,0.0003,-0.04905904829502106,-0.5382579087279737
967,567,1980416,-0.24390239000000005,300.0,3488,9660,0.04726348756812513,0.23173828125,0.2,-0.04224973625969142,0.09487742185592651,0.05379667,0.0003,-0.049086637794971466,-0.5211781241931022
968,567,1982464,-0.19208313999999999,300.0,3490,9670,0.045353608520235865,0.23388671875,0.2,-0.041210352411144416,0.08730185031890869,0.06258884,0.0003,-0.043769266456365585,-0.5422876384109259
969,568,1984512,-0.17848760999999996,300.0,3492,9680,0.053186671360163015,0.237255859375,0.2,-0.04259461066976655,0.19934093952178955,0.048201628,0.0003,-0.05001169443130493,-0.5528796790167689
970,568,1986560,-0.33651016999999994,300.0,3495,9690,0.03650964761618525,0.23095703125,0.2,-0.04193885087297531,-0.29048895835876465,0.06698035,0.0003,-0.05252033844590187,-0.5360916395671665
971,568,1988608,-0.32813194,300.0,3497,9700,0.033976938435807826,0.23759765625,0.2,-0.04235609024181031,0.2248520851135254,0.056890547,0.0003,-0.07205101102590561,-0.5563836640678346
972,568,1990656,-0.35037912,300.0,3499,9710,0.047419666405767204,0.240380859375,0.2,-0.045063431025482714,0.14587396383285522,0.063871674,0.0003,-0.04145164042711258,-0.5333202600479126
973,569,1992704,-0.33922953000000006,300.0,3501,9720,0.029437711706850677,0.2279296875,0.2,-0.04216195997869363,0.3275541067123413,0.05145464,0.0003,-0.04334881156682968,-0.5545883858576417
974,569,1994752,-0.25264703999999993,300.0,3504,9730,0.03006139514327515,0.2419921875,0.2,-0.04305680013494566,0.17840039730072021,0.06594812,0.0003,-0.06403602659702301,-0.5457308077253401
975,569,1996800,-0.36694246999999997,300.0,3506,9740,0.02675115057500079,0.227392578125,0.2,-0.04412311059131753,0.15979433059692383,0.062428076,0.0003,-0.07932867109775543,-0.542601456400007
976,569,1998848,-0.5195464299999999,300.0,3509,9750,0.037106888979906216,0.247802734375,0.2,-0.04177311385574285,0.2637630105018616,0.057163797,0.0003,-0.03361083194613457,-0.5474126101471484
977,560,2000896,-0.7161127,300.0,3572,9760,0.05678123984253034,0.225537109375,0.2,-0.0399963427829789,0.15595996379852295,0.04937145,0.0003,-0.014227662235498428,-0.5376378335058689
