time/time_elapsed,rollout/ep_len_mean,time/iterations,time/total_timesteps,time/fps,rollout/ep_rew_mean,train/clip_fraction,train/entropy_loss,train/approx_kl,train/policy_gradient_loss,train/clip_range,train/loss,train/learning_rate,train/value_loss,train/explained_variance,train/n_updates
4,300.0,1,2048,449,-1.3700578333333333,,,,,,,,,,
6,300.0,2,4096,629,-0.10659861538461558,0.0765625,-1.9382162153720857,0.008274806,-0.010998210632533301,0.2,0.11074058711528778,0.0003,0.3242518743965775,-0.5912344455718994,10
8,300.0,3,6144,726,0.60940255,0.067431640625,-1.923539799079299,0.009406535,-0.014862279631779529,0.2,0.21599888801574707,0.0003,0.526405499689281,-0.08430039882659912,20
10,300.0,4,8192,786,1.8096696296296297,0.0720703125,-1.9060985997319222,0.009292288,-0.01882271915965248,0.2,0.04546786844730377,0.0003,0.2484689569566399,-0.06430292129516602,30
12,300.0,5,10240,807,0.14394155882352921,0.08408203125,-1.8988490704447032,0.008977622,-0.01819477319077123,0.2,0.11058501899242401,0.0003,0.435831494955346,-0.019246935844421387,40
14,300.0,6,12288,845,-0.10690327500000016,0.06025390625,-1.8907352082431317,0.008302912,-0.01625814000435639,0.2,0.19890469312667847,0.0003,0.4906371152959764,-0.007121086120605469,50
16,300.0,7,14336,861,-1.1528893191489362,0.07822265625,-1.8780255414545537,0.009289676,-0.01791572068177629,0.2,0.182289719581604,0.0003,0.4716565027832985,0.00632399320602417,60
18,300.0,8,16384,878,-0.7462844074074079,0.0724609375,-1.8577120799571276,0.007953165,-0.018455167923821136,0.2,0.11918395012617111,0.0003,0.3199386006686836,0.023653507232666016,70
20,300.0,9,18432,891,-0.7693056393442624,0.07236328125,-1.8450110204517842,0.0083254855,-0.02148838061839342,0.2,0.1708151400089264,0.0003,0.4719741352833807,-0.06600344181060791,80
22,300.0,10,20480,899,-1.1442864117647058,0.09580078125,-1.8250034734606744,0.008915777,-0.025648767220263834,0.2,0.0635320320725441,0.0003,0.2511988431215286,-0.031111836433410645,90
24,300.0,11,22528,905,-1.69070516,0.102978515625,-1.8076296903192997,0.009579579,-0.02522043410281185,0.2,0.19789725542068481,0.0003,0.4575950943864882,-0.008388638496398926,100
27,300.0,12,24576,907,-1.3296596419753086,0.10087890625,-1.8029824379831552,0.009453472,-0.027687444270122798,0.2,0.4820486903190613,0.0003,0.963686419930309,0.027932465076446533,110
29,300.0,13,26624,917,-1.5149927840909092,0.10390625,-1.7912299893796444,0.01027349,-0.024969958135625348,0.2,0.27303966879844666,0.0003,0.6138328761793673,-0.04553520679473877,120
30,300.0,14,28672,925,-1.324584863157895,0.150390625,-1.766181980073452,0.012432606,-0.027086709336435887,0.2,0.08056081831455231,0.0003,0.3851788838859648,-0.0867462158203125,130
33,300.0,15,30720,928,-1.09583098,0.105322265625,-1.7719283536076547,0.010928364,-0.02551971806678921,0.2,0.23290713131427765,0.0003,0.5241217965260148,-0.006103634834289551,140
35,300.0,16,32768,935,-0.8547902500000001,0.123876953125,-1.770848274230957,0.011193166,-0.030271726759383454,0.2,0.06601112335920334,0.0003,0.3511470740661025,-0.043572306632995605,150
36,300.0,17,34816,940,-1.60017435,0.1287109375,-1.7441150430589913,0.010901958,-0.027856392340618187,0.2,0.16636347770690918,0.0003,0.44488951908424496,-0.08501577377319336,160
38,300.0,18,36864,945,-1.4451178100000002,0.127392578125,-1.7382351350039245,0.012174494,-0.028864648657327054,0.2,0.04275728017091751,0.0003,0.3094681433867663,-0.21440815925598145,170
40,300.0,19,38912,952,-1.2426245200000001,0.13623046875,-1.7368551909923553,0.011372027,-0.028954732195416,0.2,0.0917046070098877,0.0003,0.3112214009044692,-0.10331249237060547,180
43,300.0,20,40960,950,-0.9270066,0.15322265625,-1.7296467773616313,0.012767425,-0.029949387651868165,0.2,0.06909165531396866,0.0003,0.28693883595988157,0.009396910667419434,190
45,300.0,21,43008,952,-0.6804914299999999,0.16044921875,-1.6968307480216027,0.012824372,-0.03198218232428189,0.2,0.1165168359875679,0.0003,0.4295347503386438,0.020761549472808838,200
47,300.0,22,45056,955,-0.6855370900000001,0.152734375,-1.6831715885549783,0.0135606835,-0.03095995900221169,0.2,0.03487373888492584,0.0003,0.28119132672436536,0.07479298114776611,210
49,300.0,23,47104,959,-1.39106112,0.1373046875,-1.6634473837912083,0.0126221655,-0.02946043907722924,0.2,0.028824716806411743,0.0003,0.2308008901309222,0.020052731037139893,220
51,300.0,24,49152,961,-1.24173045,0.14111328125,-1.6488758075982333,0.013114188,-0.030243839941977057,0.2,0.052659645676612854,0.0003,0.3335780958645046,0.014209628105163574,230
53,300.0,25,51200,962,-1.30890887,0.154052734375,-1.652748679369688,0.013791916,-0.032666774195968175,0.2,0.029997795820236206,0.0003,0.19837076044641436,-0.0033997297286987305,240
55,300.0,26,53248,963,-0.5924152299999997,0.145654296875,-1.6287016898393631,0.012966835,-0.032417886605253445,0.2,0.19270937144756317,0.0003,0.5878315674141049,0.05639803409576416,250
57,300.0,27,55296,964,-0.8769134399999997,0.1357421875,-1.6147270660847426,0.012914031,-0.029834138111618815,0.2,0.040539100766181946,0.0003,0.2598756737541407,-0.2616398334503174,260
59,300.0,28,57344,967,-1.15888887,0.150146484375,-1.5992618456482888,0.014090527,-0.03167789604194695,0.2,0.050509028136730194,0.0003,0.20712777657900006,-0.07525551319122314,270
61,300.0,29,59392,970,-0.83362139,0.134228515625,-1.5834354143589735,0.014116945,-0.031193217607506086,0.2,0.11156854778528214,0.0003,0.29488929440267386,-0.03581678867340088,280
63,300.0,30,61440,971,-0.6815322000000001,0.1474609375,-1.5771437253803016,0.013572414,-0.03374066455435241,0.2,0.2068159580230713,0.0003,0.44215568490326407,0.01672804355621338,290
65,300.0,31,63488,974,-0.8328106400000002,0.145068359375,-1.5735521692782641,0.012228923,-0.032011537175276314,0.2,0.020482879132032394,0.0003,0.19715434787794947,-0.00031888484954833984,300
67,300.0,32,65536,976,-0.20229249000000007,0.15322265625,-1.5586388096213342,0.012983197,-0.030704564496409147,0.2,0.163158118724823,0.0003,0.5238018001895398,0.15176630020141602,310
69,300.0,33,67584,979,-0.6941751899999999,0.1541015625,-1.536023325845599,0.015500553,-0.03206345087091904,0.2,0.21655291318893433,0.0003,0.500387430563569,0.278978168964386,320
70,300.0,34,69632,981,-0.44376853000000016,0.141455078125,-1.5394008863717317,0.013873929,-0.03209507806895999,0.2,0.10248741507530212,0.0003,0.3918315444141626,-0.07417857646942139,330
72,300.0,35,71680,982,-0.23105555000000016,0.1521484375,-1.5217644151300191,0.012957135,-0.03463195577642182,0.2,0.1017950251698494,0.0003,0.32286116583272817,0.21995079517364502,340
74,300.0,36,73728,983,0.32083669,0.141943359375,-1.5346120961010457,0.014308622,-0.03302913902443834,0.2,0.31353074312210083,0.0003,0.8391496810130775,0.15645551681518555,350
76,300.0,37,75776,985,0.7886820899999999,0.180419921875,-1.4794348020106554,0.015693268,-0.03579811744566541,0.2,0.15671014785766602,0.0003,0.416971297794953,0.36167049407958984,360
78,300.0,38,77824,985,1.3158618299999998,0.169970703125,-1.5111574076116085,0.014409268,-0.03613837448938284,0.2,0.28065353631973267,0.0003,0.6400805795565248,0.10819607973098755,370
81,300.0,39,79872,985,1.6945184599999998,0.157470703125,-1.479421367496252,0.014568228,-0.03283279345050687,0.2,0.2361525297164917,0.0003,0.7035537710413337,0.10167235136032104,380
83,300.0,40,81920,985,1.7478423800000003,0.1470703125,-1.4484550055116414,0.013700619,-0.03309494002605788,0.2,0.1201237365603447,0.0003,0.3729982129763812,0.21708184480667114,390
85,300.0,41,83968,985,1.4780147300000002,0.1521484375,-1.4409785594791173,0.014711904,-0.030604391172528268,0.2,0.0856039971113205,0.0003,0.25715609421022234,0.1895999312400818,400
87,300.0,42,86016,983,1.66420469,0.189794921875,-1.4530983187258244,0.017031986,-0.037389471486676484,0.2,0.10079237818717957,0.0003,0.2371852031443268,-0.0022965669631958008,410
89,300.0,43,88064,985,2.20262088,0.153564453125,-1.461994954571128,0.014795108,-0.030440212847315705,0.2,0.23384281992912292,0.0003,0.5954556230455637,0.13743489980697632,420
91,300.0,44,90112,986,1.6449602,0.12685546875,-1.4499595016241074,0.013874764,-0.03164270880515687,0.2,0.07686729729175568,0.0003,0.24327117472421378,0.3097904324531555,430
93,300.0,45,92160,986,1.1137660199999997,0.1611328125,-1.4450918938964605,0.014911732,-0.0350285516367876,0.2,-0.006909288465976715,0.0003,0.18242376523558052,0.5036346912384033,440
95,300.0,46,94208,987,0.8225575200000002,0.15205078125,-1.4455447498708964,0.014826296,-0.030368441119208,0.2,0.017640113830566406,0.0003,0.1839127972489223,0.5981653332710266,450
97,300.0,47,96256,989,0.63572227,0.158349609375,-1.4194640286266804,0.014194164,-0.03180810229969211,0.2,0.16679148375988007,0.0003,0.48868235368281604,0.4521893858909607,460
99,300.0,48,98304,990,0.7500512200000001,0.15087890625,-1.4314057864248753,0.0148412585,-0.03210897230528644,0.2,0.03862139582633972,0.0003,0.25258147227577865,0.5480267405509949,470
156,300.0,49,100352,641,1.0080813300000002,0.149462890625,-1.3883165027946234,0.0146575505,-0.03254134671005886,0.2,0.18252792954444885,0.0003,0.4505877451039851,0.2174939513206482,480
158,300.0,50,102400,645,0.46842999999999985,0.17666015625,-1.3991495937108993,0.01535237,-0.03506161008117488,0.2,0.1799226701259613,0.0003,0.5696622645482421,0.1054919958114624,490
160,300.0,51,104448,650,0.13465313999999992,0.174755859375,-1.4368303146213293,0.01531271,-0.0372232553025242,0.2,0.16498352587223053,0.0003,0.5013397533446551,-0.0013244152069091797,500
162,300.0,52,106496,654,-0.18138354000000015,0.1755859375,-1.4305549640208484,0.01756758,-0.03783317922207061,0.2,0.004010885953903198,0.0003,0.12792009504046292,-0.03522074222564697,510
164,300.0,53,108544,659,-0.27621586,0.1509765625,-1.4371417783200742,0.015721885,-0.031249777897028253,0.2,0.09484819322824478,0.0003,0.3440421736799181,-0.005289316177368164,520
167,300.0,54,110592,661,-0.11560538999999992,0.175048828125,-1.412616142258048,0.015981901,-0.036556286131963135,0.2,0.10856204479932785,0.0003,0.5044451635330915,-0.036714792251586914,530
169,300.0,55,112640,665,-0.06250090999999988,0.15400390625,-1.4110857732594013,0.015029017,-0.0311318900086917,0.2,0.29094910621643066,0.0003,0.5449785077478737,0.0011534690856933594,540
171,300.0,56,114688,670,0.15959577,0.16484375,-1.375867535173893,0.0155765405,-0.031931047668331304,0.2,0.052822381258010864,0.0003,0.23016907102428377,0.06345438957214355,550
173,300.0,57,116736,673,0.06783447000000009,0.187548828125,-1.3537359200417995,0.01653881,-0.03399292462854646,0.2,0.13533565402030945,0.0003,0.41909502097405493,0.10176891088485718,560
175,300.0,58,118784,676,-0.06891247999999982,0.157275390625,-1.3344255555421114,0.01486416,-0.03487096506287344,0.2,0.02919265627861023,0.0003,0.26607948672026394,0.1312185525894165,570
177,300.0,59,120832,680,0.21098141999999995,0.160205078125,-1.313948680460453,0.015143605,-0.03272678481298499,0.2,0.05648494139313698,0.0003,0.2702952505555004,-0.04632270336151123,580
179,300.0,60,122880,684,1.08842129,0.199365234375,-1.310382802411914,0.019226123,-0.034236828550638164,0.2,0.038082294166088104,0.0003,0.27303925310261545,0.0954136848449707,590
181,300.0,61,124928,688,1.16662065,0.170947265625,-1.33274264074862,0.016111284,-0.03578968104557134,0.2,0.11274448037147522,0.0003,0.3136818374041468,0.1748868227005005,600
183,300.0,62,126976,690,1.0236108599999998,0.167138671875,-1.3052342664450407,0.016226396,-0.03326757613249356,0.2,0.02651144564151764,0.0003,0.19320639839861542,0.3050454258918762,610
185,300.0,63,129024,693,0.8181173700000002,0.15537109375,-1.3053646687418223,0.015398117,-0.03045524426706834,0.2,0.2874179184436798,0.0003,0.6617055484093726,0.13164252042770386,620
187,300.0,64,131072,697,0.9259234500000001,0.16416015625,-1.3296561367809772,0.015604521,-0.03388579663296696,0.2,0.07086194306612015,0.0003,0.34970366102643313,0.28205162286758423,630
189,300.0,65,133120,701,0.7747270199999999,0.1818359375,-1.3194961618632077,0.015678965,-0.0321626307675615,0.2,0.09539656341075897,0.0003,0.2755512861767784,0.2277417778968811,640
191,300.0,66,135168,704,0.6584085600000001,0.199853515625,-1.3289812713861466,0.01783723,-0.03799118270108011,0.2,0.019199900329113007,0.0003,0.22101205403450877,0.4119701385498047,650
194,300.0,67,137216,707,0.71395182,0.1822265625,-1.3191188596189023,0.017058153,-0.036264084937283766,0.2,0.22149509191513062,0.0003,0.6246960246935487,0.17680573463439941,660
196,300.0,68,139264,710,1.32017075,0.204345703125,-1.2938146341592074,0.020314775,-0.036613926096470094,0.2,0.10147489607334137,0.0003,0.3445650522597134,0.2591293454170227,670
198,300.0,69,141312,713,1.0066488699999998,0.183642578125,-1.2987365428358317,0.01658997,-0.03403369815205224,0.2,0.10699562728404999,0.0003,0.3030070282053202,0.23467892408370972,680
199,300.0,70,143360,716,0.9565485299999998,0.18359375,-1.3146834418177604,0.015931915,-0.03450266330619343,0.2,0.06059810519218445,0.0003,0.30736251748166976,0.2974913716316223,690
202,300.0,71,145408,719,0.8543338300000001,0.197509765625,-1.2866161156445741,0.020546267,-0.03715218122670194,0.2,0.034822866320610046,0.0003,0.22649901364929975,0.38735431432724,700
204,300.0,72,147456,721,1.1678232,0.16796875,-1.296830778196454,0.015354134,-0.03428044515603688,0.2,0.05810067057609558,0.0003,0.3055624672677368,0.274263858795166,710
206,300.0,73,149504,723,1.1209116700000001,0.188525390625,-1.2961693450808525,0.017868433,-0.03658652809390332,0.2,0.05922868847846985,0.0003,0.2653405772289261,0.03303062915802002,720
208,300.0,74,151552,726,0.7919446900000001,0.175927734375,-1.3004404615610838,0.017807424,-0.038090024871053174,0.2,0.04378516227006912,0.0003,0.2652465988416225,0.1051444411277771,730
210,300.0,75,153600,729,0.9053619,0.193408203125,-1.3159793332219123,0.017751016,-0.03750547568488401,0.2,0.0957874208688736,0.0003,0.3702315589878708,0.10089153051376343,740
212,300.0,76,155648,731,0.7523363900000001,0.181494140625,-1.3056586377322674,0.01809978,-0.03505562893406022,0.2,0.1135748028755188,0.0003,0.4317637696862221,0.10935866832733154,750
214,300.0,77,157696,734,1.1024004000000003,0.2046875,-1.2909516222774982,0.019713137,-0.040319841931341215,0.2,0.1823439598083496,0.0003,0.43083132090978327,0.25242507457733154,760
216,300.0,78,159744,737,1.4898712299999999,0.197265625,-1.2992408208549022,0.020479307,-0.0371029212634312,0.2,-0.017500385642051697,0.0003,0.20023654573597013,0.23385435342788696,770
218,300.0,79,161792,739,0.92762009,0.224609375,-1.2995719876140357,0.021483667,-0.039882741481415,0.2,0.09610086679458618,0.0003,0.3031568250153214,0.040716588497161865,780
220,300.0,80,163840,742,0.6724806899999999,0.18193359375,-1.2834799036383628,0.018151432,-0.03600722747796681,0.2,0.36746716499328613,0.0003,0.8956094915978611,0.1237950325012207,790
222,300.0,81,165888,744,0.22729407999999993,0.193212890625,-1.2822575487196446,0.019564258,-0.0363464864785783,0.2,0.054205507040023804,0.0003,0.2709167445078492,0.1781488060951233,800
224,300.0,82,167936,747,-0.04595634000000013,0.199755859375,-1.2794034268707037,0.017761232,-0.037975871350499804,0.2,0.06714292615652084,0.0003,0.343853619042784,0.2956302762031555,810
226,300.0,83,169984,749,-0.21546481,0.211865234375,-1.2824665166437625,0.020951726,-0.04026454858540092,0.2,0.016650870442390442,0.0003,0.14194248749408872,0.563621997833252,820
229,300.0,84,172032,750,0.30040282000000007,0.177490234375,-1.2601200856268406,0.019006876,-0.03629571821365971,0.2,0.01649586111307144,0.0003,0.2016511254478246,0.418373703956604,830
231,300.0,85,174080,752,0.42269423000000006,0.19814453125,-1.2551758676767348,0.020266432,-0.03507449403550709,0.2,0.035962752997875214,0.0003,0.2708396221045405,-0.1593775749206543,840
233,300.0,86,176128,754,0.17802478000000016,0.199169921875,-1.2746218841522932,0.018985463,-0.03638649778440595,0.2,0.17971578240394592,0.0003,0.5692926744930447,-0.018976449966430664,850
235,300.0,87,178176,755,-0.006745269999999977,0.193603515625,-1.2644287168979644,0.019993568,-0.036385000401060096,0.2,0.17841187119483948,0.0003,0.44126667296513916,-0.0033828020095825195,860
238,300.0,88,180224,757,0.5247754600000001,0.202587890625,-1.2392141614109278,0.019341405,-0.037003421054396315,0.2,0.0993492379784584,0.0003,0.245418830960989,0.05661141872406006,870
240,300.0,89,182272,759,0.23272570000000012,0.1833984375,-1.2586326897144318,0.017037235,-0.036871396808419374,0.2,0.04973749816417694,0.0003,0.33930904236622156,0.15609794855117798,880
242,300.0,90,184320,761,0.02312093000000023,0.1931640625,-1.252116671949625,0.021144705,-0.036654776018986014,0.2,0.037448760122060776,0.0003,0.2239525309065357,-0.09008598327636719,890
244,300.0,91,186368,762,0.3979649900000002,0.20234375,-1.2542830381542445,0.020970277,-0.039780546659312674,0.2,0.11226679384708405,0.0003,0.295050017721951,0.009927749633789062,900
246,300.0,92,188416,765,0.06893879000000017,0.188671875,-1.2015780832618475,0.018326227,-0.03502574294398073,0.2,0.016708262264728546,0.0003,0.17459412410389633,0.22858017683029175,910
248,300.0,93,190464,767,0.2325503500000001,0.178076171875,-1.1948601264506578,0.01578268,-0.03478372515528463,0.2,0.13868947327136993,0.0003,0.41320695923641326,0.15901505947113037,920
250,300.0,94,192512,769,0.44957130999999995,0.201806640625,-1.2028531923890113,0.01906236,-0.035608694606344214,0.2,0.08519434183835983,0.0003,0.38703256379812956,0.27426671981811523,930
252,300.0,95,194560,771,0.38019019,0.200439453125,-1.197961063683033,0.022256745,-0.040260885548195804,0.2,0.10003748536109924,0.0003,0.3294273328501731,0.3213961720466614,940
254,300.0,96,196608,773,0.21589780000000008,0.17763671875,-1.1988638941198588,0.019272914,-0.03611129822093062,0.2,0.11064773052930832,0.0003,0.43883122131228447,0.4448288083076477,950
256,300.0,97,198656,774,0.49747392999999995,0.156640625,-1.2138682179152966,0.015125244,-0.03339911776711233,0.2,0.2354290932416916,0.0003,0.5571459016762674,0.45615941286087036,960
315,300.0,98,200704,636,0.10065477999999996,0.185546875,-1.214016253501177,0.017448353,-0.036541490769013765,0.2,0.10800023376941681,0.0003,0.36708985683508216,0.4680415987968445,970
317,300.0,99,202752,639,-0.1521705000000001,0.194091796875,-1.233855539560318,0.018566273,-0.03600884004845284,0.2,0.26373618841171265,0.0003,0.5208335450850428,0.23422151803970337,980
319,300.0,100,204800,641,-0.5002248300000001,0.190966796875,-1.239098486304283,0.020099446,-0.03923449971480295,0.2,0.29785189032554626,0.0003,0.71045239912346,0.11629921197891235,990
321,300.0,101,206848,643,-0.12566251000000003,0.203955078125,-1.2115521870553494,0.021569956,-0.03701820316782687,0.2,-0.008545838296413422,0.0003,0.2513568421592936,-0.08002996444702148,1000
323,300.0,102,208896,646,-0.37480872,0.18046875,-1.2317090563476085,0.016759308,-0.037800387346942445,0.2,0.2082746922969818,0.0003,0.5103478290140628,0.07465898990631104,1010
325,300.0,103,210944,648,0.10295409999999994,0.18603515625,-1.2093346502631903,0.01908515,-0.0402741911530029,0.2,0.0925585925579071,0.0003,0.3390126791782677,0.1726265549659729,1020
327,300.0,104,212992,650,0.04290240999999991,0.187109375,-1.1870275508612393,0.018075522,-0.035867485948256214,0.2,0.14991867542266846,0.0003,0.6024596593342721,0.24871045351028442,1030
329,300.0,105,215040,652,-0.13633735000000013,0.191552734375,-1.2170061774551868,0.018633569,-0.039053517632419245,0.2,0.4344101548194885,0.0003,0.9663406165316701,0.21763432025909424,1040
331,300.0,106,217088,655,0.27689106999999985,0.182080078125,-1.2078487597405911,0.019511526,-0.037124628372839655,0.2,0.2758142054080963,0.0003,0.5518733555451035,-0.017275333404541016,1050
333,300.0,107,219136,657,0.52630803,0.203955078125,-1.215325779095292,0.020592567,-0.0368541017989628,0.2,0.1497761309146881,0.0003,0.4300734234042466,0.28107601404190063,1060
335,300.0,108,221184,659,0.40713311999999996,0.18994140625,-1.2003515679389238,0.01947678,-0.038330771848268344,0.2,0.23119190335273743,0.0003,0.6703680420294404,0.1382291316986084,1070
337,300.0,109,223232,661,0.3569410499999999,0.22646484375,-1.183098542317748,0.02255151,-0.03948978960397653,0.2,0.07294651120901108,0.0003,0.40654885158874093,0.2827894687652588,1080
339,300.0,110,225280,663,1.01334262,0.199560546875,-1.1611707706004382,0.01918855,-0.036346710854559205,0.2,0.04526453837752342,0.0003,0.30289529962465167,0.26267749071121216,1090
341,300.0,111,227328,665,1.3506689399999998,0.18974609375,-1.1659313760697843,0.01979769,-0.038538653835712464,0.2,-0.017777033150196075,0.0003,0.16188402380794287,0.4731951355934143,1100
343,300.0,112,229376,667,1.04539463,0.208642578125,-1.1534756805747748,0.018522974,-0.03524390622333158,0.2,-0.014924779534339905,0.0003,0.18567439867183566,0.4578741192817688,1110
345,300.0,113,231424,669,0.8967552499999999,0.178076171875,-1.1720998644828797,0.017184922,-0.03332859788788482,0.2,0.11089606583118439,0.0003,0.4191433000843972,0.24987798929214478,1120
347,300.0,114,233472,671,1.4353421899999999,0.1984375,-1.1807165507227182,0.019832416,-0.038621094686095606,0.2,-0.009058225899934769,0.0003,0.1207976893056184,0.6365205645561218,1130
349,300.0,115,235520,674,1.33210374,0.18115234375,-1.1591511264443397,0.015459137,-0.03369206196293817,0.2,0.44332200288772583,0.0003,0.9699909897521138,0.20227289199829102,1140
351,300.0,116,237568,676,1.1203078999999998,0.189990234375,-1.1691863626241683,0.020061113,-0.03643213953328086,0.2,0.11181728541851044,0.0003,0.3860916767735034,0.12736672163009644,1150
353,300.0,117,239616,678,0.7616620199999998,0.208251953125,-1.1500524960458278,0.022185016,-0.036837627054774204,0.2,-0.03187058866024017,0.0003,0.13802000763826072,0.6476616859436035,1160
355,300.0,118,241664,679,-0.005711930000000062,0.2111328125,-1.1526779834181071,0.021216886,-0.037498643180879296,0.2,0.18722891807556152,0.0003,0.6050479757599533,0.12653779983520508,1170
357,300.0,119,243712,681,0.31583859999999997,0.209423828125,-1.165107374638319,0.02198239,-0.03880459736683406,0.2,0.051545217633247375,0.0003,0.2137892137048766,0.4312862753868103,1180
359,300.0,120,245760,683,0.5104201700000002,0.17783203125,-1.1602778531610967,0.018812548,-0.036436636099824685,0.2,0.13338881731033325,0.0003,0.4135764897800982,0.2202610969543457,1190
361,300.0,121,247808,685,0.5237219800000001,0.184423828125,-1.1574543241411448,0.019911095,-0.0342824687511893,0.2,0.08810970932245255,0.0003,0.467900447268039,0.016972601413726807,1200
363,300.0,122,249856,687,0.23554083000000006,0.191943359375,-1.1287986919283868,0.022149973,-0.03953167616564315,0.2,0.26014602184295654,0.0003,0.47816202766261995,-0.09216010570526123,1210
365,300.0,123,251904,689,-0.12922347999999986,0.20634765625,-1.1403673991560936,0.020337451,-0.040069596320972775,0.2,-0.013454508036375046,0.0003,0.13773996385280043,-0.05558121204376221,1220
367,300.0,124,253952,691,0.08616161000000008,0.2111328125,-1.1643644355237484,0.019953193,-0.03888085218495689,0.2,0.06967904418706894,0.0003,0.23035643431358038,0.06441885232925415,1230
369,300.0,125,256000,693,-0.010391869999999965,0.183251953125,-1.1245380491018295,0.01917807,-0.03901521655207034,0.2,0.07475993037223816,0.0003,0.3412100302055478,0.08944076299667358,1240
371,300.0,126,258048,694,0.32967218000000004,0.201171875,-1.1370138645172119,0.021213442,-0.039720651649986394,0.2,0.21775004267692566,0.0003,0.5665100487880409,0.1295652985572815,1250
373,300.0,127,260096,696,0.04228897000000004,0.185009765625,-1.1034375218674541,0.021811917,-0.03534828567353543,0.2,0.104734405875206,0.0003,0.3662565242964774,0.18674808740615845,1260
375,300.0,128,262144,698,0.002286270000000137,0.20634765625,-1.1318283189088105,0.022182617,-0.03528555351658724,0.2,0.07523137331008911,0.0003,0.298526778514497,-0.07550668716430664,1270
377,300.0,129,264192,700,-0.3323555300000001,0.18232421875,-1.1043164175003768,0.021535365,-0.03611312013817951,0.2,0.19031141698360443,0.0003,0.4867261722218245,-0.05978119373321533,1280
379,300.0,130,266240,701,-0.005680369999999977,0.2185546875,-1.1003767304122447,0.024842225,-0.04066348732449114,0.2,0.03991159796714783,0.0003,0.21475139437243343,0.13734501600265503,1290
381,300.0,131,268288,703,-0.014380759999999916,0.206640625,-1.0857598481699824,0.022848269,-0.040890483562543524,0.2,0.04501977562904358,0.0003,0.22468264298513532,-0.010175943374633789,1300
383,300.0,132,270336,704,0.66610217,0.1984375,-1.0772638190537691,0.019091982,-0.03883968969603302,0.2,0.07367511838674545,0.0003,0.33877041125670077,0.05375063419342041,1310
387,300.0,133,272384,703,0.46285723999999995,0.1849609375,-1.0876044305041432,0.01940405,-0.03770562596619129,0.2,0.15337885916233063,0.0003,0.6068594735115767,0.10718369483947754,1320
389,300.0,134,274432,704,0.4906196,0.21923828125,-1.0777166571468115,0.02322685,-0.041837407455022915,0.2,0.10850066691637039,0.0003,0.5070259032770992,-0.058588624000549316,1330
392,300.0,135,276480,704,0.2772223499999998,0.19482421875,-1.04983449857682,0.019710973,-0.03739380958722904,0.2,0.00951186940073967,0.0003,0.24437891175039111,0.05956697463989258,1340
394,300.0,136,278528,705,0.2629108299999998,0.2181640625,-1.0403170945122837,0.024310527,-0.038091549216187556,0.2,0.00717569887638092,0.0003,0.16945700522046536,-0.08098304271697998,1350
397,300.0,137,280576,706,0.6874410599999998,0.194677734375,-1.0390331467613578,0.02360207,-0.039043510376359336,0.2,-0.027301251888275146,0.0003,0.1555272083496675,0.013025760650634766,1360
399,300.0,138,282624,707,0.82431365,0.197509765625,-1.060912693478167,0.023836752,-0.035481577660539186,0.2,0.06589994579553604,0.0003,0.20617210646159947,0.025350868701934814,1370
401,300.0,139,284672,708,0.30895840999999996,0.211474609375,-1.0677817665040492,0.02044719,-0.039602312850183806,0.2,0.004740387201309204,0.0003,0.31995816389098763,0.14845210313796997,1380
404,300.0,140,286720,708,0.11692815999999993,0.2041015625,-1.0618722066283226,0.020735838,-0.03503441050997935,0.2,0.22437116503715515,0.0003,0.47543549509719013,-0.014532208442687988,1390
406,300.0,141,288768,710,0.5177754900000001,0.201611328125,-1.0525266284123063,0.021430241,-0.040179514660849236,0.2,0.05881861597299576,0.0003,0.37139859129674735,0.041751205921173096,1400
408,300.0,142,290816,711,1.0664543199999998,0.182275390625,-1.052605233900249,0.019933369,-0.037217802106169984,0.2,0.07684725522994995,0.0003,0.4721060048788786,0.12208735942840576,1410
410,300.0,143,292864,712,1.12236023,0.196533203125,-1.035557430051267,0.01997922,-0.03836023129697423,0.2,0.10582118481397629,0.0003,0.3595000833272934,0.16248595714569092,1420
413,300.0,144,294912,713,0.8377882,0.1912109375,-1.0537203337997199,0.019559696,-0.038013991218758744,0.2,0.200333833694458,0.0003,0.5487764672376215,0.1609652042388916,1430
415,300.0,145,296960,715,0.5473556800000001,0.20126953125,-1.020439723879099,0.02364729,-0.0392232496466022,0.2,0.13674278557300568,0.0003,0.3066271706018597,0.31946587562561035,1440
417,300.0,146,299008,716,0.88947161,0.21552734375,-1.0290265066549182,0.02482408,-0.041115707528661005,0.2,0.047522544860839844,0.0003,0.21660398319363594,0.494670569896698,1450
481,300.0,147,301056,625,-0.12127730000000003,0.19853515625,-1.03120740018785,0.021823803,-0.04155526561080478,0.2,0.09958316385746002,0.0003,0.392698124749586,0.3521266579627991,1460
483,300.0,148,303104,626,0.05314606000000021,0.211328125,-1.0082474328577518,0.024242532,-0.03879023597110063,0.2,0.0775420069694519,0.0003,0.3477678086142987,0.5779668092727661,1470
486,300.0,149,305152,627,-0.07872634999999988,0.179833984375,-1.046602580137551,0.019298473,-0.038653910711582286,0.2,0.17783336341381073,0.0003,0.5582527196034789,0.3406565189361572,1480
488,300.0,150,307200,629,-0.23323022000000024,0.18388671875,-1.044706799648702,0.0179547,-0.03182493200292811,0.2,0.16404300928115845,0.0003,0.4422655589878559,0.41000038385391235,1490
490,300.0,151,309248,630,-0.28052056000000003,0.208984375,-1.044519292935729,0.022398222,-0.038328706522588615,0.2,-0.02642442286014557,0.0003,0.1284259348642081,0.6051230430603027,1500
492,300.0,152,311296,632,-0.43690098,0.19736328125,-1.0578178314492106,0.021642767,-0.04147357716865372,0.2,0.07918829470872879,0.0003,0.29558273176662625,0.2828899025917053,1510
494,300.0,153,313344,633,-0.32875526,0.19375,-1.0469102988019585,0.019448569,-0.03591896063298918,0.2,0.13262076675891876,0.0003,0.3272662369534373,0.21080279350280762,1520
496,300.0,154,315392,634,-0.005799529999999962,0.218212890625,-1.0443887120112776,0.024188595,-0.04320476485881954,0.2,0.06091189384460449,0.0003,0.3248743496835232,0.18864578008651733,1530
499,300.0,155,317440,636,0.15036667000000012,0.181494140625,-1.03706947080791,0.021351255,-0.037110958772245795,0.2,0.23016324639320374,0.0003,0.6085863160900772,-0.011412262916564941,1540
501,300.0,156,319488,637,-0.22752717000000003,0.1900390625,-1.020895190909505,0.019759532,-0.039317981088242956,0.2,0.313976526260376,0.0003,0.6825718073174357,0.020918607711791992,1550
503,300.0,157,321536,638,-0.76676265,0.221484375,-1.0043191278353334,0.02550063,-0.040049325488507745,0.2,-0.0066929832100868225,0.0003,0.1970895956736058,0.048234760761260986,1560
505,300.0,158,323584,639,-0.65138761,0.214453125,-1.0169023353606463,0.023624018,-0.040304861724143846,0.2,0.10766185075044632,0.0003,0.3583507286850363,-0.13177740573883057,1570
508,300.0,159,325632,640,-0.46763335,0.20654296875,-1.0097689904272555,0.021584595,-0.03795941806602059,0.2,0.09511762857437134,0.0003,0.4888904759660363,-0.020186424255371094,1580
510,300.0,160,327680,642,-0.5750412899999999,0.20166015625,-0.9859681179746985,0.022247575,-0.04031385558191687,0.2,0.2019326090812683,0.0003,0.674804480932653,0.06995445489883423,1590
512,300.0,161,329728,643,-0.4014188999999998,0.2119140625,-0.9676064219325781,0.023681235,-0.03898687830369454,0.2,0.15989333391189575,0.0003,0.6544742036610842,0.037432968616485596,1600
514,300.0,162,331776,645,-0.46175125999999994,0.216015625,-0.9722840545699001,0.023670686,-0.03924235555459745,0.2,0.0137452632188797,0.0003,0.27310116197913886,0.14246618747711182,1610
516,300.0,163,333824,646,-0.3133615999999998,0.19755859375,-0.9609207440167665,0.022046253,-0.03814689190476202,0.2,0.04027844965457916,0.0003,0.2874924358446151,0.14483320713043213,1620
518,300.0,164,335872,648,0.14742285000000002,0.203369140625,-0.962952172756195,0.02440356,-0.03721850647270912,0.2,0.18682916462421417,0.0003,0.4499668999575078,0.06389087438583374,1630
520,300.0,165,337920,649,0.10897087999999985,0.187353515625,-0.9613253407180309,0.020301064,-0.0386231925454922,0.2,0.137796550989151,0.0003,0.42632114761509,0.19600582122802734,1640
522,300.0,166,339968,650,-0.48089511,0.21259765625,-0.9763158360496164,0.023820959,-0.03950515730830375,0.2,0.24364328384399414,0.0003,0.6569752285256982,0.2506332993507385,1650
524,300.0,167,342016,652,-0.4216690899999997,0.209033203125,-0.958911825530231,0.022656804,-0.03775654404889792,0.2,0.015205342322587967,0.0003,0.2996245872229338,0.16384577751159668,1660
526,300.0,168,344064,653,-0.1934604799999998,0.21025390625,-0.9395937733352184,0.024154529,-0.03885126877285074,0.2,0.0709870234131813,0.0003,0.4061759234406054,0.20951396226882935,1670
528,300.0,169,346112,654,-0.2693352999999999,0.20361328125,-0.954397401958704,0.025453337,-0.039062752982135865,0.2,0.08867451548576355,0.0003,0.3511635649483651,0.2639542818069458,1680
531,300.0,170,348160,655,0.006866690000000206,0.191552734375,-0.9377839222550393,0.020173142,-0.03949541827751091,0.2,0.19491246342658997,0.0003,0.4409075672738254,0.1627131700515747,1690
533,300.0,171,350208,656,0.06711248000000011,0.1994140625,-0.9553817978128791,0.022147428,-0.040724085536203346,0.2,0.04584203660488129,0.0003,0.2699998542200774,0.3034633994102478,1700
535,300.0,172,352256,657,0.27926431,0.192236328125,-0.957429826259613,0.02408399,-0.03938068113056943,0.2,0.06028187274932861,0.0003,0.30785399326123297,0.07268494367599487,1710
537,300.0,173,354304,658,0.13846817,0.19150390625,-0.964392084442079,0.022277566,-0.03830198949726764,0.2,0.0794157162308693,0.0003,0.2343615256715566,0.06524193286895752,1720
540,300.0,174,356352,659,0.18806088999999993,0.2314453125,-0.9714014619588852,0.029084202,-0.04402477889962029,0.2,-0.0033128559589385986,0.0003,0.1414883236051537,-0.03833615779876709,1730
542,300.0,175,358400,660,0.6820976400000002,0.180810546875,-0.9748257821425795,0.021246672,-0.037998725402576386,0.2,0.09503234922885895,0.0003,0.39474527654238045,0.02102184295654297,1740
544,300.0,176,360448,661,0.8217290199999999,0.185107421875,-0.9875166645273566,0.01957845,-0.04001447524642572,0.2,0.07322096824645996,0.0003,0.36190265920013187,0.26551657915115356,1750
546,300.0,177,362496,663,0.64667615,0.1966796875,-1.009603668190539,0.021189883,-0.04196325308876112,0.2,0.1343175321817398,0.0003,0.4244394778274,0.11000251770019531,1760
548,300.0,178,364544,664,0.5152284899999998,0.210791015625,-1.0082316340878605,0.021144766,-0.04127842788439011,0.2,0.3684403896331787,0.0003,0.7907502958551049,0.04099148511886597,1770
550,300.0,179,366592,665,0.7737884199999998,0.209423828125,-0.9890090411528945,0.022915293,-0.040674460763693784,0.2,0.07725637406110764,0.0003,0.35654467321000993,0.12234759330749512,1780
553,300.0,180,368640,666,0.8822434700000003,0.196728515625,-0.9778005711734294,0.025441539,-0.04161308056500275,0.2,0.26807481050491333,0.0003,0.5852140920236707,0.09407258033752441,1790
555,300.0,181,370688,667,1.12313276,0.21552734375,-0.9464182553812861,0.027203111,-0.04056262164522195,0.2,0.13783591985702515,0.0003,0.3922271756455302,0.03314781188964844,1800
557,300.0,182,372736,668,1.56842304,0.196044921875,-0.9509912168607115,0.023506414,-0.037983101571444425,0.2,0.32149508595466614,0.0003,0.5539117180742323,0.12145191431045532,1810
559,300.0,183,374784,670,1.4997761399999998,0.183251953125,-0.9684100130572915,0.020326864,-0.04100654948560987,0.2,0.17796260118484497,0.0003,0.6409731422550976,-0.18525421619415283,1820
561,300.0,184,376832,670,1.28220075,0.184130859375,-0.9941625621169805,0.023110922,-0.03941753364051692,0.2,0.2235344499349594,0.0003,0.6055298148654401,0.11427557468414307,1830
563,300.0,185,378880,672,1.1579985799999999,0.208642578125,-0.9712569730356335,0.024105033,-0.03866453660011757,0.2,0.03680970519781113,0.0003,0.36084475815296174,0.11254149675369263,1840
565,300.0,186,380928,673,1.10304825,0.22080078125,-0.9833362523466349,0.023156945,-0.03812467974494212,0.2,0.2474983036518097,0.0003,0.6707038077525794,0.08422064781188965,1850
568,300.0,187,382976,674,1.13334495,0.2072265625,-0.9713639715686441,0.02608407,-0.04078123532453901,0.2,0.11117061227560043,0.0003,0.37173979948274793,0.15184611082077026,1860
570,300.0,188,385024,675,0.97390908,0.20693359375,-0.9730469899252057,0.021577036,-0.0380353634362109,0.2,0.10210683941841125,0.0003,0.27883376022800804,0.30918633937835693,1870
572,300.0,189,387072,676,1.3611382699999999,0.213427734375,-0.9747108647599816,0.02445754,-0.039792718255193905,0.2,0.06984416395425797,0.0003,0.3585342629812658,0.303488552570343,1880
574,300.0,190,389120,677,1.39810689,0.203173828125,-0.9767875956371427,0.025751932,-0.03768410038319416,0.2,0.06804732978343964,0.0003,0.30960735676344486,0.16053760051727295,1890
576,300.0,191,391168,678,1.5952101400000003,0.208447265625,-0.9544384378939867,0.024206944,-0.04078130202542525,0.2,0.27539730072021484,0.0003,0.7835342708043754,0.0058234333992004395,1900
578,300.0,192,393216,679,1.3432195999999998,0.2171875,-0.9725464269518852,0.02712551,-0.042784892561030574,0.2,0.1283169686794281,0.0003,0.48052609357982873,-0.06254780292510986,1910
580,300.0,193,395264,680,1.2375379500000003,0.201708984375,-0.9575939051806927,0.023287142,-0.041076447155501225,0.2,0.5287149548530579,0.0003,1.0115818563848733,0.05950617790222168,1920
583,300.0,194,397312,681,0.9212869500000003,0.216796875,-0.9642014877870679,0.028254757,-0.038388374354690315,0.2,0.12254846096038818,0.0003,0.3612382340244949,0.13663828372955322,1930
585,300.0,195,399360,682,0.85595607,0.220458984375,-0.937427706643939,0.023530675,-0.04497793854388874,0.2,0.07765249162912369,0.0003,0.28804065138101576,-0.0033855438232421875,1940
648,300.0,196,401408,619,0.8350788300000002,0.234814453125,-0.9129822071641683,0.025271133,-0.04375936299620662,0.2,0.25014129281044006,0.0003,0.5092829660512507,0.10680633783340454,1950
650,300.0,197,403456,620,0.5575647600000001,0.209521484375,-0.9315535172820091,0.026615465,-0.040807836051681076,0.2,0.01313507929444313,0.0003,0.16002475435379893,0.39005953073501587,1960
652,300.0,198,405504,621,0.4720871799999999,0.217529296875,-0.9215329306200146,0.026564024,-0.042954842196195386,0.2,0.16223008930683136,0.0003,0.3329120616428554,0.27778351306915283,1970
654,300.0,199,407552,622,0.15046679999999996,0.21171875,-0.8923625910654664,0.025055595,-0.040694461271050385,0.2,0.21489614248275757,0.0003,0.48199900253675876,-0.0234067440032959,1980
656,300.0,200,409600,623,-0.06122001,0.18740234375,-0.8956384725868702,0.02665582,-0.040032881559454836,0.2,0.256675660610199,0.0003,0.5639065532945097,0.22400712966918945,1990
658,300.0,201,411648,624,0.14110749000000022,0.21064453125,-0.8853139705955982,0.025517397,-0.04209558254515287,0.2,0.06572764366865158,0.0003,0.33620463842526077,0.11674273014068604,2000
661,300.0,202,413696,625,0.48806114,0.207958984375,-0.8861389191821217,0.023707997,-0.039858851637109186,0.2,0.5072252154350281,0.0003,0.8628433719277382,0.03240489959716797,2010
663,300.0,203,415744,626,0.055870949999999905,0.20966796875,-0.8771592857316136,0.02480777,-0.04128979000815889,0.2,0.05670202523469925,0.0003,0.4554377224761993,-0.07774996757507324,2020
665,300.0,204,417792,627,-0.0200738400000001,0.203173828125,-0.8996188931167126,0.023554713,-0.04273478012473788,0.2,0.2863105535507202,0.0003,0.8727130657061934,-0.008884310722351074,2030
667,300.0,205,419840,628,-0.5077051400000002,0.207470703125,-0.8789168687537312,0.028286742,-0.040626583952689546,0.2,0.08809003978967667,0.0003,0.4004981345962733,0.2685372233390808,2040
669,300.0,206,421888,629,0.1629505200000001,0.212451171875,-0.8829369375482201,0.02561471,-0.03777082658489235,0.2,0.03379536792635918,0.0003,0.28687868679407985,-0.27074360847473145,2050
671,300.0,207,423936,631,0.6945898800000001,0.183984375,-0.8835536424070597,0.022732945,-0.035593503637937826,0.2,0.33196258544921875,0.0003,0.7398642950691283,-0.10776758193969727,2060
674,300.0,208,425984,631,0.98446072,0.234423828125,-0.8801871381700039,0.027464164,-0.04333089490683051,0.2,0.05965948849916458,0.0003,0.22638864365871997,0.004084765911102295,2070
676,300.0,209,428032,632,0.72525258,0.2091796875,-0.8453976580873132,0.026210733,-0.04088059552013874,0.2,0.05020364373922348,0.0003,0.18918782172258944,0.256105899810791,2080
678,300.0,210,430080,633,0.4682738800000001,0.197021484375,-0.8644234716892243,0.02340699,-0.036679514008574186,0.2,0.005477309226989746,0.0003,0.3550360611174256,0.29242146015167236,2090
681,300.0,211,432128,634,0.4940293899999999,0.217431640625,-0.8635023217648268,0.025065873,-0.042327478686638643,0.2,0.30488723516464233,0.0003,0.5346876583993435,0.00680619478225708,2100
683,300.0,212,434176,635,0.18779372000000014,0.19306640625,-0.8645405072718859,0.024507053,-0.04198168633156456,0.2,0.1896110475063324,0.0003,0.5463283094577491,0.1559615135192871,2110
686,300.0,213,436224,635,0.80776081,0.179296875,-0.8623932357877493,0.020061862,-0.036867940401134544,0.2,0.3628948926925659,0.0003,0.9806737599894404,0.17910826206207275,2120
688,300.0,214,438272,636,1.2945657299999995,0.21796875,-0.87172657456249,0.030218642,-0.043845240278460554,0.2,0.02155197411775589,0.0003,0.2874361612368375,-0.5096845626831055,2130
690,300.0,215,440320,637,1.03185962,0.2025390625,-0.8582050496712327,0.025442854,-0.03973524029715918,0.2,0.2906552255153656,0.0003,0.676292834058404,-0.004377007484436035,2140
693,300.0,216,442368,638,1.2287040200000001,0.214013671875,-0.8672566086053848,0.028279983,-0.04149083356605843,0.2,0.12696227431297302,0.0003,0.3584096638485789,-0.04238152503967285,2150
695,300.0,217,444416,639,1.4864056699999997,0.200439453125,-0.8357931213453412,0.025116185,-0.037056704648421146,0.2,0.1303001195192337,0.0003,0.4428942175582051,0.09311932325363159,2160
697,300.0,218,446464,639,1.47369925,0.218212890625,-0.8560972705483436,0.029317364,-0.04075858295254875,0.2,0.04009003937244415,0.0003,0.19496626085601748,0.03384995460510254,2170
699,300.0,219,448512,640,1.6032566199999996,0.22783203125,-0.8768257914111018,0.029314572,-0.04096715566702187,0.2,0.0676942691206932,0.0003,0.2699010203126818,-0.05189967155456543,2180
702,300.0,220,450560,641,1.36114518,0.219921875,-0.8430084407329559,0.031035792,-0.04241865649819374,0.2,0.0393327921628952,0.0003,0.21861533704213798,-0.011257290840148926,2190
705,300.0,221,452608,641,0.7023234,0.2197265625,-0.8460978776216507,0.023271194,-0.04295457219996024,0.2,-0.025702163577079773,0.0003,0.17060912719462068,0.19535446166992188,2200
708,300.0,222,454656,641,0.4049968500000001,0.202783203125,-0.8620632002130151,0.023405965,-0.03480370089237113,0.2,0.30754512548446655,0.0003,0.7152350166346878,0.14529955387115479,2210
710,300.0,223,456704,642,0.57820942,0.196875,-0.832746671512723,0.028707,-0.03938373307173606,0.2,0.0692242980003357,0.0003,0.3036691130604595,0.29623597860336304,2220
712,300.0,224,458752,643,1.1403594499999998,0.20341796875,-0.8625235507264734,0.025607768,-0.04031087803596165,0.2,0.1970180720090866,0.0003,0.46607609395869076,-0.06166243553161621,2230
715,300.0,225,460800,643,0.9057912999999997,0.214599609375,-0.8420713432133198,0.028562427,-0.040494491791469044,0.2,0.14345015585422516,0.0003,0.3914926058612764,0.06486153602600098,2240
717,300.0,226,462848,644,0.8703642099999999,0.193310546875,-0.885567849688232,0.02508205,-0.04222451231617015,0.2,0.16007795929908752,0.0003,0.39344490924850106,0.2504822611808777,2250
719,300.0,227,464896,645,1.50976107,0.211669921875,-0.8699542788788677,0.024587397,-0.04530353462178027,0.2,0.08915707468986511,0.0003,0.35115337441675365,0.48910045623779297,2260
722,300.0,228,466944,646,1.1975815900000002,0.206982421875,-0.8589856551960111,0.025902588,-0.041566769580822435,0.2,0.005619734525680542,0.0003,0.19712372829671948,-0.024404048919677734,2270
724,300.0,229,468992,647,1.1793884000000001,0.2115234375,-0.8670482959598302,0.024679221,-0.037827543362800496,0.2,0.47612133622169495,0.0003,0.9288238503970205,0.13753175735473633,2280
726,300.0,230,471040,648,0.9702259200000001,0.1908203125,-0.8230143869295716,0.024659816,-0.037430399245931764,0.2,0.3965710401535034,0.0003,0.7160231256391854,0.11727708578109741,2290
729,300.0,231,473088,648,0.4190537599999999,0.222216796875,-0.8080724308267235,0.029489068,-0.03950423954665894,0.2,0.0925230160355568,0.0003,0.32899215291254225,-0.21548771858215332,2300
732,300.0,232,475136,649,0.29058417000000025,0.21748046875,-0.8158758470788599,0.021093965,-0.03850607666827273,0.2,0.3175477385520935,0.0003,0.678721088822931,0.08644533157348633,2310
734,300.0,233,477184,649,0.8429692900000002,0.228271484375,-0.8498595727607607,0.029557467,-0.04291539979458321,0.2,0.0006950944662094116,0.0003,0.16920277115423232,0.04262220859527588,2320
737,300.0,234,479232,649,0.8568925500000002,0.2138671875,-0.8578576590865851,0.02694346,-0.036711810863926074,0.2,0.1030920222401619,0.0003,0.44868357563391326,-0.2815338373184204,2330
739,300.0,235,481280,650,1.1603204499999997,0.229345703125,-0.8582659950479865,0.032248676,-0.04320279505045619,0.2,0.05263477563858032,0.0003,0.22660486081149428,-0.05477309226989746,2340
742,300.0,236,483328,650,1.2665830500000004,0.201806640625,-0.8291884010657669,0.02367257,-0.03736639422713779,0.2,0.28240966796875,0.0003,0.8421925355680286,0.07857799530029297,2350
744,300.0,237,485376,651,0.8228181800000003,0.231787109375,-0.8570103632286191,0.027343143,-0.039253582048695536,0.2,0.18272945284843445,0.0003,0.5047283148393035,0.06692385673522949,2360
747,300.0,238,487424,651,0.6999188899999998,0.2416015625,-0.839078739285469,0.031568713,-0.045644956929027106,0.2,0.034244462847709656,0.0003,0.16274266059044748,0.4264623522758484,2370
749,300.0,239,489472,652,0.4305562500000001,0.234765625,-0.8588016729801893,0.028437708,-0.04136713072948624,0.2,0.04575660824775696,0.0003,0.2828831988852471,0.07589840888977051,2380
752,300.0,240,491520,653,0.90231494,0.22060546875,-0.836529659666121,0.0274865,-0.04071481488645077,0.2,0.0946231409907341,0.0003,0.3254445201717317,-0.025152206420898438,2390
755,300.0,241,493568,653,1.1260203600000003,0.223681640625,-0.8651571650058031,0.031325303,-0.03980962693021865,0.2,0.05428018420934677,0.0003,0.2721427084878087,0.0337374210357666,2400
759,300.0,242,495616,652,0.5718154000000003,0.232861328125,-0.8628313951194286,0.028822346,-0.045231595904624555,0.2,-0.00992092490196228,0.0003,0.1817133420612663,0.24106711149215698,2410
761,300.0,243,497664,653,0.40014055000000004,0.204150390625,-0.8489577470347285,0.02324799,-0.03748684847087134,0.2,0.1600739061832428,0.0003,0.47585676377639174,0.18597835302352905,2420
763,300.0,244,499712,654,0.6449228600000001,0.21806640625,-0.8378527596592903,0.030240612,-0.04298545115452725,0.2,0.11006671190261841,0.0003,0.3928294639103115,0.33323389291763306,2430
833,300.0,245,501760,601,0.49016126000000015,0.18681640625,-0.8510907225310802,0.022459164,-0.03874015961191617,0.2,0.2196805477142334,0.0003,0.6407945537939668,0.23829293251037598,2440
836,300.0,246,503808,602,0.47406733,0.2109375,-0.8734625838696957,0.028298777,-0.04372732286865357,0.2,0.04578489810228348,0.0003,0.23588906666263937,0.5793663263320923,2450
838,300.0,247,505856,603,0.8985912399999998,0.21728515625,-0.8206549677997828,0.028689507,-0.04337725939694792,0.2,0.02658575028181076,0.0003,0.23919539963826536,0.6788166761398315,2460
841,300.0,248,507904,603,0.2212626300000001,0.1888671875,-0.8190959881991148,0.025308877,-0.0393863348668674,0.2,0.09524787962436676,0.0003,0.2732076452113688,-0.3270430564880371,2470
843,300.0,249,509952,604,0.15677379000000002,0.201611328125,-0.8388178134337068,0.023163166,-0.04067399716586806,0.2,0.21090419590473175,0.0003,0.6519955568946898,0.15018117427825928,2480
845,300.0,250,512000,605,-0.6304079299999998,0.228759765625,-0.8080753769725562,0.029374398,-0.04077498067636043,0.2,0.024136170744895935,0.0003,0.21515559724066408,0.30446332693099976,2490
847,300.0,251,514048,606,-0.5485317499999997,0.194140625,-0.8330464193597436,0.025153713,-0.04212318838108331,0.2,0.1663954257965088,0.0003,0.4576470240950584,0.259657621383667,2500
851,300.0,252,516096,605,-0.13135150999999984,0.198974609375,-0.8286586068570614,0.02755259,-0.04197165927616879,0.2,0.0745556578040123,0.0003,0.278857734054327,-0.031455397605895996,2510
854,300.0,253,518144,606,-0.06733567000000001,0.1955078125,-0.8091102262958885,0.028475072,-0.04029676626378205,0.2,0.14020365476608276,0.0003,0.39972215979360043,-0.17741549015045166,2520
857,300.0,254,520192,606,0.2607429800000002,0.20771484375,-0.8062299709767103,0.029361986,-0.041336127955582926,0.2,0.08241674304008484,0.0003,0.30737320207990704,-0.038718223571777344,2530
859,300.0,255,522240,607,0.0030490499999998467,0.196923828125,-0.7924231657758355,0.027265841,-0.03947605266002938,0.2,0.24811235070228577,0.0003,0.6997171973809599,-0.06314826011657715,2540
862,300.0,256,524288,608,-0.19225043999999986,0.221533203125,-0.793841321580112,0.031491544,-0.04091643543652026,0.2,-0.029593609273433685,0.0003,0.1400360724888742,-0.06737399101257324,2550
864,300.0,257,526336,608,0.18181488999999995,0.230029296875,-0.7854810720309615,0.027052127,-0.03880932920583291,0.2,0.2558934688568115,0.0003,0.4884700670372695,-0.04526364803314209,2560
868,300.0,258,528384,608,0.012262240000000126,0.21103515625,-0.768906326033175,0.027052239,-0.03671338411222678,0.2,0.0454956516623497,0.0003,0.38367883902974426,0.017423033714294434,2570
870,300.0,259,530432,609,0.47536321999999986,0.224755859375,-0.788944405131042,0.036636107,-0.04136444091564044,0.2,0.23328983783721924,0.0003,0.54512873981148,-0.09370112419128418,2580
872,300.0,260,532480,610,0.8634324,0.216162109375,-0.7589274132624269,0.03090261,-0.0386447086581029,0.2,0.3171147108078003,0.0003,0.9557749094441533,-0.07201504707336426,2590
874,300.0,261,534528,610,0.8080794199999999,0.2044921875,-0.7554396079853177,0.028808456,-0.03710701254167361,0.2,0.14624911546707153,0.0003,0.2684739464893937,0.11361181735992432,2600
877,300.0,262,536576,611,0.84719617,0.224853515625,-0.7910007797181606,0.034938857,-0.03977683824195992,0.2,0.14494751393795013,0.0003,0.3656159122940153,0.146051287651062,2610
879,300.0,263,538624,612,1.1978312100000001,0.216064453125,-0.800139926187694,0.027867943,-0.04086182334576734,0.2,0.25579702854156494,0.0003,0.7432117046788335,0.10383814573287964,2620
882,300.0,264,540672,612,1.40294475,0.195703125,-0.7791156293824315,0.027624015,-0.037535204840241934,0.2,0.11739680916070938,0.0003,0.4585597553290427,0.06786537170410156,2630
884,300.0,265,542720,613,1.9867865,0.210693359375,-0.7678614806383848,0.032629386,-0.03897901666496182,0.2,-0.024312835186719894,0.0003,0.1500586529960856,0.6075717806816101,2640
887,300.0,266,544768,614,1.9541003399999999,0.21572265625,-0.7630874920636416,0.029465942,-0.04118587204720825,0.2,0.1061750203371048,0.0003,0.5258969886228442,0.3229334354400635,2650
889,300.0,267,546816,614,1.9822181799999996,0.21318359375,-0.7632157273590565,0.028334254,-0.03937143550429027,0.2,0.14911958575248718,0.0003,0.4485426657367498,0.23818010091781616,2660
891,300.0,268,548864,615,2.0229291899999997,0.215771484375,-0.7641346026211977,0.0322412,-0.03999902700597886,0.2,0.030724741518497467,0.0003,0.18387102438136935,0.5057733654975891,2670
893,300.0,269,550912,616,2.3262112299999997,0.213720703125,-0.7817527655512094,0.031355068,-0.037747600943839645,0.2,0.10561362653970718,0.0003,0.3164052532520145,0.27455341815948486,2680
895,300.0,270,552960,617,2.3914372799999994,0.19794921875,-0.7632738281041384,0.027274303,-0.036569612679886634,0.2,0.2857506573200226,0.0003,0.63773851133883,0.24478834867477417,2690
898,300.0,271,555008,618,1.6859499,0.2064453125,-0.7664799492806196,0.029132575,-0.04228838657436427,0.2,0.08855155855417252,0.0003,0.471856346540153,0.2716085910797119,2700
900,300.0,272,557056,618,1.04863035,0.208154296875,-0.7853312803432345,0.027839761,-0.03777158326411154,0.2,0.1591218262910843,0.0003,0.4792558045592159,0.2861883044242859,2710
902,300.0,273,559104,619,1.2726700999999998,0.21015625,-0.7499368593096734,0.03085475,-0.03872224465594627,0.2,0.07842616736888885,0.0003,0.28070948300883175,0.6332905888557434,2720
904,300.0,274,561152,620,1.18710436,0.200390625,-0.752423382550478,0.028180234,-0.03559359656937886,0.2,0.20663076639175415,0.0003,0.5008885657414794,0.39070916175842285,2730
907,300.0,275,563200,620,0.32699201,0.204345703125,-0.7823005545884371,0.027366992,-0.03983108694956172,0.2,0.23530294001102448,0.0003,0.6810520803555846,0.3386806845664978,2740
910,300.0,276,565248,621,0.5430208599999999,0.2109375,-0.7711221465840936,0.02957438,-0.03986876195995137,0.2,0.05853208526968956,0.0003,0.28003555252216755,0.6549617648124695,2750
912,300.0,277,567296,621,0.26047699,0.20537109375,-0.756058581545949,0.030153165,-0.03721704232011689,0.2,0.22995737195014954,0.0003,0.6580577158369124,0.3033761978149414,2760
915,300.0,278,569344,622,0.27982924999999975,0.219677734375,-0.7411598706617951,0.035550185,-0.03915544743067585,0.2,0.13758105039596558,0.0003,0.4165165815502405,0.237338125705719,2770
917,300.0,279,571392,622,0.19219565999999996,0.19912109375,-0.7259186344221235,0.03068979,-0.03946472933603218,0.2,0.16865530610084534,0.0003,0.5187330119311809,0.11936396360397339,2780
920,300.0,280,573440,623,0.74345494,0.217578125,-0.728283342346549,0.03156461,-0.0425539622141514,0.2,0.0585591122508049,0.0003,0.23054868350736796,-0.25132620334625244,2790
922,300.0,281,575488,623,0.30727400999999993,0.18818359375,-0.7256122486665845,0.026866317,-0.035271091024333144,0.2,0.1699090600013733,0.0003,0.6403267382644117,-0.04260993003845215,2800
924,300.0,282,577536,624,0.047374339999999876,0.221142578125,-0.7342628171667457,0.0320536,-0.04191104596975492,0.2,0.03999046981334686,0.0003,0.16633146626409143,-0.1917797327041626,2810
926,300.0,283,579584,625,0.09102487000000004,0.208349609375,-0.7222766801714897,0.03303732,-0.039094002670026384,0.2,0.08487501740455627,0.0003,0.35507891648449,0.010877907276153564,2820
929,300.0,284,581632,625,-0.1683780099999999,0.183349609375,-0.7009062550961971,0.026424002,-0.03326128956541652,0.2,0.24628877639770508,0.0003,1.3816767860203982,0.042832016944885254,2830
931,300.0,285,583680,626,0.24574977999999983,0.2234375,-0.7294806234538556,0.03420744,-0.041764269466511905,0.2,0.06807027012109756,0.0003,0.22008271529339254,-0.2709423303604126,2840
933,300.0,286,585728,627,0.44502156000000015,0.20029296875,-0.7167837044224143,0.030064417,-0.03568033774499781,0.2,0.544230043888092,0.0003,0.8649195063859224,-0.02571570873260498,2850
935,300.0,287,587776,628,0.6264285900000002,0.21748046875,-0.7334943551570177,0.03456564,-0.040319185183034276,0.2,0.08585157990455627,0.0003,0.2673765089828521,-0.04103577136993408,2860
937,300.0,288,589824,629,0.6827835900000003,0.1998046875,-0.7408782487735153,0.025077805,-0.034221315105969555,0.2,0.17024663090705872,0.0003,0.6926991255488246,0.05031698942184448,2870
939,300.0,289,591872,629,0.6663388599999999,0.218994140625,-0.7455033339560032,0.031390242,-0.03713148852984886,0.2,0.12780237197875977,0.0003,0.4405914735049009,-0.009596109390258789,2880
941,300.0,290,593920,630,0.9577750699999998,0.23447265625,-0.7789665350690484,0.030783195,-0.04100960124633275,0.2,0.011287819594144821,0.0003,0.15288717932999135,0.11465734243392944,2890
944,300.0,291,595968,631,0.3999057199999999,0.20673828125,-0.7772364916279912,0.027647505,-0.03736841407080647,0.2,0.14146000146865845,0.0003,0.3775997814256698,0.17513799667358398,2900
946,300.0,292,598016,631,0.34634112000000045,0.210205078125,-0.7540506917983294,0.033244707,-0.03816530844924273,0.2,0.03769686073064804,0.0003,0.2508796668611467,0.37218034267425537,2910
1018,300.0,293,600064,589,0.2417427900000002,0.21806640625,-0.8099468559026718,0.030603945,-0.03881255667947699,0.2,0.19214840233325958,0.0003,0.8292573525570333,0.13624966144561768,2920
1020,300.0,294,602112,589,-0.38320160000000003,0.195703125,-0.7974418181926012,0.025070244,-0.036793670554470734,0.2,0.07937905192375183,0.0003,0.5033690175041556,0.18813568353652954,2930
1022,300.0,295,604160,590,-0.14867811,0.219189453125,-0.77865498829633,0.029085949,-0.040470822917995974,0.2,0.037844158709049225,0.0003,0.2792891747318208,0.11530226469039917,2940
1024,300.0,296,606208,591,-0.30204102,0.219189453125,-0.7739317396655678,0.029729418,-0.042378874105634165,0.2,0.07818271964788437,0.0003,0.2933277325704694,-0.12491285800933838,2950
1027,300.0,297,608256,592,-0.38460983999999976,0.1935546875,-0.7732988309115172,0.02427822,-0.03416950221580919,0.2,0.17499369382858276,0.0003,0.7279575652442872,0.0547562837600708,2960
1030,300.0,298,610304,592,-0.18938430999999994,0.219873046875,-0.7667445948347449,0.03128623,-0.04235614983190317,0.2,0.04839885234832764,0.0003,0.3901981980074197,-0.018027663230895996,2970
1032,300.0,299,612352,592,0.2873703399999998,0.22021484375,-0.7558019267395139,0.033137262,-0.039398087679001034,0.2,0.04287443682551384,0.0003,0.15752892775926738,-0.23727965354919434,2980
1034,300.0,300,614400,593,0.027367949999999867,0.1982421875,-0.7749957328662276,0.029560372,-0.041528817240032365,0.2,0.16129717230796814,0.0003,0.4336339701898396,0.038477182388305664,2990
1037,300.0,301,616448,594,-0.5442022700000001,0.210595703125,-0.7810842426493764,0.030283475,-0.04261317391064949,0.2,0.1992107629776001,0.0003,0.4161277052015066,-0.06868958473205566,3000
1039,300.0,302,618496,595,-0.59532003,0.21953125,-0.8081353599205613,0.032838628,-0.042513071466237305,0.2,0.027514956891536713,0.0003,0.1905768235679716,-0.08332085609436035,3010
1041,300.0,303,620544,595,-0.12571548999999985,0.218994140625,-0.7752352640032768,0.03422033,-0.04161793174280319,0.2,0.22434714436531067,0.0003,0.6073018805123865,0.01384514570236206,3020
1043,300.0,304,622592,596,-0.23169199000000007,0.237353515625,-0.7718338772654534,0.038796227,-0.04500983832404017,0.2,-0.0451967678964138,0.0003,0.07814073382178321,-0.10997891426086426,3030
1046,300.0,305,624640,596,0.22376054000000004,0.224365234375,-0.7770226988941431,0.03269914,-0.04066954891604837,0.2,0.0879383310675621,0.0003,0.29793259566649793,0.07933396100997925,3040
1048,300.0,306,626688,597,0.43645700000000004,0.221044921875,-0.776327021792531,0.032213572,-0.04213231700414326,0.2,0.05484502390027046,0.0003,0.3111413305159658,0.0217706561088562,3050
1050,300.0,307,628736,598,0.3062807400000001,0.1978515625,-0.7578529410064221,0.030232858,-0.03693731833336642,0.2,0.0996362566947937,0.0003,0.41723775761201976,-0.21024370193481445,3060
1053,300.0,308,630784,598,0.32637803000000004,0.2333984375,-0.7878800697624684,0.034877278,-0.045584040865651335,0.2,0.03780199587345123,0.0003,0.3341712724883109,-0.047415971755981445,3070
1055,300.0,309,632832,599,0.23053763999999974,0.227099609375,-0.7959979858249426,0.03046202,-0.04006030561577063,0.2,0.059112854301929474,0.0003,0.2956319187302142,-0.05314207077026367,3080
1057,300.0,310,634880,600,-0.0891172900000003,0.230029296875,-0.7857756508514285,0.033461817,-0.042764544964302334,0.2,0.3926748037338257,0.0003,0.6417629930190742,-0.004502773284912109,3090
1059,300.0,311,636928,600,0.6604024899999998,0.2228515625,-0.770344502851367,0.03515943,-0.040325421512534376,0.2,0.03910931944847107,0.0003,0.23815868338569998,-0.006848812103271484,3100
1062,300.0,312,638976,601,0.4376859599999999,0.219580078125,-0.7863321056589484,0.03186279,-0.04136543241911568,0.2,0.02755681425333023,0.0003,0.2702925341203809,-0.02507460117340088,3110
1064,300.0,313,641024,602,-0.08958862000000019,0.212939453125,-0.7902314940467476,0.030388096,-0.037871988432016224,0.2,0.08263437449932098,0.0003,0.3669186671730131,-0.05774974822998047,3120
1067,300.0,314,643072,602,-0.2985875699999999,0.20556640625,-0.8029034398496151,0.03159949,-0.03774489095667377,0.2,0.09675950556993484,0.0003,0.4798841848038137,-0.02693641185760498,3130
1070,300.0,315,645120,602,0.22297081999999996,0.21220703125,-0.7760262824594975,0.031863168,-0.04028385676210746,0.2,0.16085629165172577,0.0003,0.48103756196796893,0.05696970224380493,3140
1073,300.0,316,647168,602,0.46998457999999993,0.226318359375,-0.7696028299629688,0.03380114,-0.0432339708408108,0.2,0.05027078092098236,0.0003,0.2965394540689886,-0.1317448616027832,3150
1077,300.0,317,649216,602,0.5990618800000003,0.233154296875,-0.783614069968462,0.03245715,-0.03993934848112986,0.2,0.09880955517292023,0.0003,0.3148609603289515,-0.04145157337188721,3160
1079,300.0,318,651264,603,0.68702379,0.232373046875,-0.7812643019482494,0.03543581,-0.04199900965031702,0.2,0.10768695175647736,0.0003,0.3875612098257989,-0.011983990669250488,3170
1081,300.0,319,653312,604,0.62017726,0.232275390625,-0.7752490546554327,0.031865593,-0.044943172647617755,0.2,0.028625838458538055,0.0003,0.2587031779345125,0.08454728126525879,3180
1084,300.0,320,655360,604,1.0164053499999999,0.223046875,-0.7834071161225438,0.032617517,-0.04604032973002177,0.2,0.10802944004535675,0.0003,0.44541032128036023,0.12629330158233643,3190
1086,300.0,321,657408,604,1.4473036099999999,0.20244140625,-0.7843639960512518,0.027786635,-0.03999502640217543,0.2,0.37537896633148193,0.0003,0.9078976707533002,0.18984746932983398,3200
1089,300.0,322,659456,605,1.1073835999999997,0.22412109375,-0.8074676476418972,0.031683367,-0.042503399125416765,0.2,0.10029283165931702,0.0003,0.3907085436396301,0.22144126892089844,3210
1091,300.0,323,661504,606,1.43353791,0.2267578125,-0.7980821795761586,0.035814926,-0.04379239424015395,0.2,0.01389014720916748,0.0003,0.2858619530219585,0.35787028074264526,3220
1093,300.0,324,663552,606,1.2174173999999998,0.226708984375,-0.7755727335810662,0.031099083,-0.039886732990271415,0.2,0.0568375289440155,0.0003,0.29005518096964805,0.3657669425010681,3230
1096,300.0,325,665600,607,0.9463546499999999,0.22529296875,-0.7982576120644808,0.030413894,-0.041708059291704555,0.2,0.010982915759086609,0.0003,0.2059001071145758,0.3987160921096802,3240
1098,300.0,326,667648,607,1.0535901,0.22900390625,-0.7824972346425056,0.0327091,-0.04308081099879928,0.2,0.007758133113384247,0.0003,0.23219775250181557,0.5734913349151611,3250
1101,300.0,327,669696,608,0.8783918399999999,0.210791015625,-0.7964908692985773,0.03077959,-0.04377301253844053,0.2,0.025004565715789795,0.0003,0.14844340374693274,0.6808104515075684,3260
1103,300.0,328,671744,608,1.4125281000000003,0.21064453125,-0.8047316633164883,0.024629403,-0.038120265112956984,0.2,0.31152042746543884,0.0003,0.6306621142663061,0.3404967188835144,3270
1105,300.0,329,673792,609,1.3953897600000003,0.224365234375,-0.8124458771198988,0.031720944,-0.042762575033702885,0.2,0.09235689043998718,0.0003,0.2877341237850487,0.3880174160003662,3280
1108,300.0,330,675840,609,1.2394068300000003,0.2181640625,-0.7960730016231536,0.031436972,-0.04249786733125802,0.2,0.16343307495117188,0.0003,0.46756524639204144,0.05663269758224487,3290
1110,300.0,331,677888,610,1.12536177,0.2328125,-0.8140926571562886,0.038266957,-0.045694802812067795,0.2,0.05869852006435394,0.0003,0.27328162346966567,0.2682153582572937,3300
1113,300.0,332,679936,610,1.4790469400000001,0.22001953125,-0.8247627666220069,0.031085791,-0.045463510575063995,0.2,0.11332257091999054,0.0003,0.3952981109730899,0.33965349197387695,3310
1115,300.0,333,681984,611,1.3524988500000001,0.221533203125,-0.7771936632692814,0.03222686,-0.041406309299054554,0.2,0.10034345090389252,0.0003,0.33652738612145183,0.3557875156402588,3320
1117,300.0,334,684032,612,1.2251823999999998,0.232763671875,-0.8027669619768858,0.03535137,-0.04370247924525757,0.2,-0.029621895402669907,0.0003,0.135579207027331,0.5961636900901794,3330
1119,300.0,335,686080,612,0.9932451000000002,0.2279296875,-0.7827962687239051,0.032785945,-0.04213263800775167,0.2,0.1641046553850174,0.0003,0.4237364219501615,0.2762455940246582,3340
1121,300.0,336,688128,613,0.7015019699999999,0.228955078125,-0.8300120478495956,0.034830585,-0.04323305536527187,0.2,0.02455994486808777,0.0003,0.26413709404878316,0.3606860041618347,3350
1124,300.0,337,690176,614,0.6465671299999998,0.231005859375,-0.8185713648796081,0.03306014,-0.04529318807763048,0.2,0.035338617861270905,0.0003,0.272871155757457,0.31908416748046875,3360
1126,300.0,338,692224,614,0.9433397300000002,0.24443359375,-0.7985535893589258,0.034959912,-0.04616052187193418,0.2,0.11173968762159348,0.0003,0.3387568052858114,0.41413605213165283,3370
1128,300.0,339,694272,615,1.1731408399999999,0.24384765625,-0.8258356546983123,0.03407126,-0.046611992715043016,0.2,0.00466369092464447,0.0003,0.2944118952844292,0.08797615766525269,3380
1130,300.0,340,696320,615,0.66273196,0.204833984375,-0.7878816368058323,0.027889062,-0.04110034224431729,0.2,0.32516878843307495,0.0003,0.7185273032635451,0.1597146987915039,3390
1132,300.0,341,698368,616,0.3976759499999997,0.229931640625,-0.7875750944018364,0.036897656,-0.043803373284754345,0.2,0.023705292493104935,0.0003,0.15581275175791234,0.401430606842041,3400
1197,300.0,342,700416,585,0.7105034399999998,0.220751953125,-0.8011290838941931,0.029317183,-0.04182994483126094,0.2,0.2750917375087738,0.0003,0.5326885157264769,0.2567065358161926,3410
1199,300.0,343,702464,585,0.40880593999999976,0.227197265625,-0.7835012309253215,0.03527385,-0.044562497414881365,0.2,-0.010154616087675095,0.0003,0.15196533289272338,0.4357672333717346,3420
1202,300.0,344,704512,585,0.2664930799999999,0.225927734375,-0.790808985196054,0.031374253,-0.04245245659549255,0.2,0.16974887251853943,0.0003,0.7700665073469282,-0.025619864463806152,3430
1204,300.0,345,706560,586,0.3978435199999997,0.230615234375,-0.8133304581046105,0.032047812,-0.043313284890609795,0.2,0.031153850257396698,0.0003,0.36671921764500437,0.12118422985076904,3440
1207,300.0,346,708608,586,0.08812017999999973,0.217822265625,-0.8026975592598319,0.028940648,-0.040625219958019446,0.2,0.09121087938547134,0.0003,0.6132471195422113,0.09530270099639893,3450
1209,300.0,347,710656,587,-0.24620157000000023,0.235400390625,-0.7977389421314001,0.033491373,-0.04230419601080939,0.2,0.19468072056770325,0.0003,0.4768391869030893,0.07258528470993042,3460
1211,300.0,348,712704,588,-0.8570072400000002,0.2236328125,-0.8158221310004592,0.035335753,-0.047168934339424595,0.2,0.1470242142677307,0.0003,0.5086530569009483,0.059411048889160156,3470
1214,300.0,349,714752,588,-0.92405784,0.23740234375,-0.8040162716060877,0.03734468,-0.04567879050446209,0.2,0.07378482073545456,0.0003,0.2981820571236312,0.15447986125946045,3480
1217,300.0,350,716800,588,-1.0047832300000001,0.221484375,-0.8032978553324938,0.030449005,-0.045165024921880105,0.2,0.01958794891834259,0.0003,0.21678180717863144,0.2536749839782715,3490
1219,300.0,351,718848,589,-0.5376165,0.238720703125,-0.8089625164866447,0.035030108,-0.047494669391016944,0.2,0.022690892219543457,0.0003,0.22656903443858029,0.1847134828567505,3500
1221,300.0,352,720896,590,-0.25775770999999986,0.23427734375,-0.8121396183967591,0.029557208,-0.041104637467651625,0.2,0.140860453248024,0.0003,0.4984313971363008,0.19500809907913208,3510
1223,300.0,353,722944,590,-0.3702542199999999,0.23056640625,-0.8153370967134833,0.034707353,-0.044585230559459885,0.2,0.03452859818935394,0.0003,0.3091882322449237,0.13341951370239258,3520
1226,300.0,354,724992,591,0.3616641200000001,0.24228515625,-0.8185082521289587,0.03568282,-0.04201863486377988,0.2,0.03550747036933899,0.0003,0.20451634479686617,0.3953801989555359,3530
1228,300.0,355,727040,591,0.8406383300000002,0.231982421875,-0.8197309071198106,0.030973747,-0.04540383541025221,0.2,0.13956302404403687,0.0003,0.4351947383955121,0.29234570264816284,3540
1230,300.0,356,729088,592,1.21104962,0.23056640625,-0.7867859616875649,0.032874927,-0.045199015707476066,0.2,0.18786799907684326,0.0003,0.43547114115208385,0.2524538040161133,3550
1232,300.0,357,731136,593,1.1380334300000001,0.22734375,-0.7658331125974656,0.034977622,-0.04252852238714695,0.2,0.021357476711273193,0.0003,0.2571889653336257,0.17109984159469604,3560
1235,300.0,358,733184,593,1.2809259400000002,0.223388671875,-0.7691775014623999,0.031954702,-0.045075273749534975,0.2,0.17064541578292847,0.0003,0.43689284697175024,0.27026432752609253,3570
1237,300.0,359,735232,594,1.3497323600000002,0.219677734375,-0.771611338853836,0.030662391,-0.03981254538812209,0.2,0.04538588970899582,0.0003,0.254762452468276,0.4814654588699341,3580
1239,300.0,360,737280,594,1.76349186,0.228662109375,-0.7740460652858019,0.033568077,-0.04617330597102409,0.2,0.1479896903038025,0.0003,0.5990586776286364,0.3488345146179199,3590
1242,300.0,361,739328,595,1.5568730700000004,0.221533203125,-0.7777068836614489,0.03127845,-0.040719088856712916,0.2,0.3520151376724243,0.0003,0.8861240405589342,0.2703695297241211,3600
1244,300.0,362,741376,595,1.7081118500000003,0.22470703125,-0.7725597629323602,0.031751562,-0.040575403941329566,0.2,0.10559774935245514,0.0003,0.3842674074694514,0.3222224712371826,3610
1246,300.0,363,743424,596,1.7409499899999998,0.230615234375,-0.7517312606796622,0.03411552,-0.04080259106558515,0.2,0.10842165350914001,0.0003,0.3203207524958998,0.29024773836135864,3620
1248,300.0,364,745472,596,1.74187997,0.22177734375,-0.7666671343147755,0.03587818,-0.04385386059002485,0.2,0.03241284191608429,0.0003,0.3126273993868381,0.3854469656944275,3630
1250,300.0,365,747520,597,1.7572889999999999,0.220849609375,-0.7827002642676234,0.030031476,-0.04288566028117202,0.2,0.16241559386253357,0.0003,0.6380308968946338,0.3255452513694763,3640
1253,300.0,366,749568,598,1.4550390500000003,0.251953125,-0.7968669133260846,0.042537168,-0.047897070908220485,0.2,0.04842400550842285,0.0003,0.20365731539204718,0.566116988658905,3650
1255,300.0,367,751616,598,1.28742574,0.225390625,-0.8066304402425886,0.02926661,-0.04505815854936372,0.2,0.09451650828123093,0.0003,0.41515798470936716,0.5855382680892944,3660
1257,300.0,368,753664,599,0.9493047200000002,0.234326171875,-0.7932543912902474,0.033396475,-0.045362296237726696,0.2,0.06205438822507858,0.0003,0.5415756240021438,0.48972421884536743,3670
1260,300.0,369,755712,599,0.35512972999999987,0.2458984375,-0.7923015473410487,0.034133013,-0.04616889329336118,0.2,0.03957065939903259,0.0003,0.2401944755576551,0.2636715769767761,3680
1262,300.0,370,757760,600,0.3579025999999999,0.22626953125,-0.7786683361977339,0.030530725,-0.04307216085435357,0.2,0.06827821582555771,0.0003,0.2634956607595086,0.28236693143844604,3690
1264,300.0,371,759808,600,0.29352829999999996,0.225732421875,-0.781359288468957,0.03255101,-0.04372813834925182,0.2,0.030551493167877197,0.0003,0.20767378096934408,0.03342527151107788,3700
1267,300.0,372,761856,600,0.5101363200000002,0.228369140625,-0.8037635311484337,0.032851737,-0.04596782640583115,0.2,0.1661316603422165,0.0003,0.4632266946602613,-0.05339860916137695,3710
1270,300.0,373,763904,601,0.41634126000000005,0.22373046875,-0.7968386765569448,0.031175751,-0.041664859344018625,0.2,0.01989598572254181,0.0003,0.17790055789519102,0.1625382900238037,3720
1273,300.0,374,765952,601,0.05826987999999991,0.226025390625,-0.7974888000637292,0.036047693,-0.04426299127517268,0.2,-0.01573396474123001,0.0003,0.209472454758361,0.2999227046966553,3730
1275,300.0,375,768000,602,-0.1403874900000001,0.21904296875,-0.8043646328151226,0.028720614,-0.04037267295789206,0.2,0.1849297136068344,0.0003,0.3419844484888017,0.07846724987030029,3740
1277,300.0,376,770048,602,-0.12195894000000009,0.240869140625,-0.7842954114079476,0.03513121,-0.04340976332314313,0.2,0.2141314297914505,0.0003,0.44702029768377544,0.05487626791000366,3750
1279,300.0,377,772096,603,0.63146156,0.244970703125,-0.7930181533098221,0.034722716,-0.04390981831529643,0.2,0.00618039071559906,0.0003,0.21659659268334508,0.04077756404876709,3760
1282,300.0,378,774144,603,0.9098385599999997,0.21748046875,-0.8106281600892544,0.029928587,-0.043654077663086356,0.2,0.17737750709056854,0.0003,0.47168737947940825,0.09268897771835327,3770
1284,300.0,379,776192,604,0.84999853,0.226611328125,-0.7963302159681916,0.03556051,-0.04249676878098398,0.2,0.042291685938835144,0.0003,0.1882170573575422,0.3697139620780945,3780
1287,300.0,380,778240,604,0.6833767600000001,0.215380859375,-0.7932469943538308,0.02949214,-0.038862638885620984,0.2,0.1690591275691986,0.0003,0.5402200881391763,0.1574152708053589,3790
1289,300.0,381,780288,605,0.7603812999999999,0.243359375,-0.8160723965615034,0.035699233,-0.04645338314876426,0.2,-0.00363810732960701,0.0003,0.2022098317509517,0.3409467339515686,3800
1291,300.0,382,782336,605,0.94968279,0.23876953125,-0.8096401745453476,0.033977643,-0.04634354412555695,0.2,0.04436234384775162,0.0003,0.34042125749401747,0.37626737356185913,3810
1293,300.0,383,784384,606,1.17577652,0.253076171875,-0.8133209181949497,0.038009956,-0.04831336805655155,0.2,-0.007845636457204819,0.0003,0.18020119722932576,0.19981765747070312,3820
1295,300.0,384,786432,607,1.2303974899999999,0.2255859375,-0.8180057596415281,0.035301585,-0.04169127853529062,0.2,0.013618804514408112,0.0003,0.22248366912826895,0.29793041944503784,3830
1297,300.0,385,788480,607,1.61171898,0.24423828125,-0.8329501323401928,0.03406833,-0.046973042053286916,0.2,0.08715248852968216,0.0003,0.32654973268508913,0.38357609510421753,3840
1299,300.0,386,790528,608,1.5100782000000001,0.229931640625,-0.8159786242991686,0.031698078,-0.04438101554114837,0.2,0.23520421981811523,0.0003,0.6067554188892246,0.23717540502548218,3850
1301,300.0,387,792576,608,1.0249768400000001,0.237841796875,-0.8186224909499288,0.039142452,-0.04618394990975503,0.2,0.06866417825222015,0.0003,0.3444563958328217,0.32851141691207886,3860
1303,300.0,388,794624,609,0.9923580599999999,0.252783203125,-0.8186927791684866,0.03670916,-0.04957250655861571,0.2,0.05133441835641861,0.0003,0.3216184903867543,0.43863964080810547,3870
1305,300.0,389,796672,610,1.09342709,0.2291015625,-0.7807397149503231,0.031499997,-0.04376319933217019,0.2,0.025310784578323364,0.0003,0.1720062596257776,0.6142129302024841,3880
1307,300.0,390,798720,610,1.2514527199999999,0.225634765625,-0.8190834671258926,0.032501724,-0.04318539106461685,0.2,0.05185528099536896,0.0003,0.29405474876984955,0.16072195768356323,3890
1373,300.0,391,800768,583,0.9095342700000001,0.232568359375,-0.8054381148889661,0.033407096,-0.0418428104443592,0.2,0.0719890147447586,0.0003,0.2495302183320746,0.0054645538330078125,3900
1375,300.0,392,802816,583,0.48932934000000006,0.24873046875,-0.8169126085937023,0.032810107,-0.04706987189711072,0.2,0.008382037281990051,0.0003,0.23789238072931768,0.17852866649627686,3910
1377,300.0,393,804864,584,0.27261376000000015,0.229736328125,-0.8237547179684043,0.03712468,-0.04219435435952619,0.2,0.11017169058322906,0.0003,0.313411731692031,0.1617000699043274,3920
1379,300.0,394,806912,584,0.23980802000000018,0.227587890625,-0.8244130110368133,0.031088077,-0.045281548734055835,0.2,0.06593143939971924,0.0003,0.38806690643541514,0.16706156730651855,3930
1381,300.0,395,808960,585,0.52940553,0.2345703125,-0.8062598673626781,0.032289993,-0.04497612021223176,0.2,0.17730508744716644,0.0003,0.3663199487607926,0.03185439109802246,3940
1383,300.0,396,811008,586,0.35550508999999997,0.236279296875,-0.7842635286971926,0.03705785,-0.04507006703497609,0.2,0.021722353994846344,0.0003,0.1946280628675595,0.15330076217651367,3950
1385,300.0,397,813056,586,0.03149591999999994,0.23505859375,-0.7840177893638611,0.0354331,-0.04307797326182481,0.2,0.09012999385595322,0.0003,0.3256494023371488,0.145455002784729,3960
1387,300.0,398,815104,587,0.15325106999999993,0.225244140625,-0.7626739401370287,0.033703145,-0.04300581103598233,0.2,0.020247191190719604,0.0003,0.26784937069751324,0.07712823152542114,3970
1390,300.0,399,817152,587,0.43989449999999997,0.228466796875,-0.7512360386550426,0.0328494,-0.04328095888195094,0.2,0.26526176929473877,0.0003,0.6057744815945625,-0.0727224349975586,3980
1392,300.0,400,819200,588,-0.36734384,0.243408203125,-0.7701433720067143,0.039901573,-0.043715507237357086,0.2,0.0013317354023456573,0.0003,0.16633332942146808,0.001673877239227295,3990
1395,300.0,401,821248,588,-0.18451198000000005,0.243505859375,-0.7846530316397547,0.03707789,-0.043895762297324836,0.2,-0.0002790316939353943,0.0003,0.14638891357462852,-0.11585569381713867,4000
1397,300.0,402,823296,589,0.18311532,0.22314453125,-0.7795005142688751,0.028557176,-0.039733388477179686,0.2,0.11939968913793564,0.0003,0.2794619198422879,0.057202935218811035,4010
1399,300.0,403,825344,589,0.47147445000000004,0.22705078125,-0.7631151046603918,0.03097442,-0.04163249675184488,0.2,0.11488345265388489,0.0003,0.4216996975708753,0.1373453140258789,4020
1401,300.0,404,827392,590,0.59238113,0.230859375,-0.7557106958702207,0.03546232,-0.04240214274759637,0.2,0.057547494769096375,0.0003,0.2660865515936166,-0.7805103063583374,4030
1403,300.0,405,829440,590,0.7605139499999999,0.21865234375,-0.7507863646373153,0.031153992,-0.03912522577738855,0.2,0.1843254268169403,0.0003,0.5238627132494003,0.08081817626953125,4040
1406,300.0,406,831488,591,1.5115115300000002,0.240234375,-0.7470506366342307,0.037483294,-0.042985283509187865,0.2,0.41108036041259766,0.0003,0.8270705594681204,0.1353422999382019,4050
1408,300.0,407,833536,591,1.7031528899999997,0.245703125,-0.7309915510937571,0.03952258,-0.04422422075876966,0.2,0.01551249623298645,0.0003,0.1659198725828901,0.2915276885032654,4060
1410,300.0,408,835584,592,2.10849328,0.2412109375,-0.7271411344408989,0.04398216,-0.042977875817450696,0.2,-0.013847298920154572,0.0003,0.12797099638264625,0.47450292110443115,4070
1412,300.0,409,837632,592,2.0412868899999994,0.25224609375,-0.7132332680746913,0.0393884,-0.04670040688943118,0.2,-0.019811972975730896,0.0003,0.16645543556660414,0.5370619297027588,4080
1415,300.0,410,839680,593,1.7547938499999998,0.240869140625,-0.7188022935763001,0.038461845,-0.041762756987009195,0.2,0.09360814094543457,0.0003,0.25324051473289727,0.49499380588531494,4090
1417,300.0,411,841728,593,1.8812714400000004,0.225146484375,-0.7353119004517794,0.033084415,-0.04074127426429186,0.2,0.11778829991817474,0.0003,0.40601499704644084,0.22498995065689087,4100
1419,300.0,412,843776,594,1.8553362000000004,0.229443359375,-0.7278069444000721,0.034119584,-0.043631531932624056,0.2,0.08209802955389023,0.0003,0.2852517990861088,0.4127025008201599,4110
1421,300.0,413,845824,595,1.5964969300000005,0.2232421875,-0.7422847611829638,0.0332837,-0.03989370906492695,0.2,0.05831807106733322,0.0003,0.3991424849256873,0.45087164640426636,4120
1423,300.0,414,847872,595,1.95453607,0.22646484375,-0.7127579292282462,0.03147997,-0.04314107482932741,0.2,0.2711370289325714,0.0003,0.8742986191064119,0.35793018341064453,4130
1425,300.0,415,849920,596,2.5372020600000003,0.235400390625,-0.7068549044430256,0.038727295,-0.04020806296612136,0.2,0.09684015810489655,0.0003,0.4564272590447217,0.4556005597114563,4140
1428,300.0,416,851968,596,2.28077904,0.230029296875,-0.7158527793362737,0.04049947,-0.038763191769248806,0.2,0.006575997918844223,0.0003,0.19430442738812417,0.42599761486053467,4150
1430,300.0,417,854016,597,2.1591721199999996,0.24248046875,-0.7234649086371064,0.037791923,-0.041838250841828996,0.2,0.06449105590581894,0.0003,0.29448842192068697,0.5041055679321289,4160
1432,300.0,418,856064,597,1.4337572700000003,0.227587890625,-0.7053922140970826,0.041379128,-0.04535325874639966,0.2,0.055736690759658813,0.0003,0.2822875711135566,0.6020081043243408,4170
1435,300.0,419,858112,597,0.8826082099999998,0.233544921875,-0.7455534465610981,0.036887713,-0.04236808364512399,0.2,0.03348935395479202,0.0003,0.25313175111077724,0.6827837228775024,4180
1437,300.0,420,860160,598,0.4280945999999999,0.226220703125,-0.7218371946364641,0.0384249,-0.04280535508005414,0.2,0.11682520806789398,0.0003,0.35615223259665074,0.5390748977661133,4190
1439,300.0,421,862208,599,0.63248116,0.22021484375,-0.7469348123297095,0.031674355,-0.03979682856588625,0.2,0.5766812562942505,0.0003,0.9116336199454963,0.310976505279541,4200
1441,300.0,422,864256,599,0.34498100999999987,0.222509765625,-0.7406883031129837,0.031848714,-0.04138636891439092,0.2,0.1684415638446808,0.0003,0.5488481055013835,0.3263195753097534,4210
1443,300.0,423,866304,600,0.6372371399999999,0.229052734375,-0.7227746913209557,0.036354423,-0.04211342095804867,0.2,0.13885441422462463,0.0003,0.4668096905574203,0.3189172148704529,4220
1446,300.0,424,868352,600,0.33308473,0.225634765625,-0.7197391528636217,0.032943934,-0.044206478272099045,0.2,0.2021327018737793,0.0003,0.7698382043279708,-0.09394967555999756,4230
1448,300.0,425,870400,600,0.55198921,0.23125,-0.7206599766388535,0.03454823,-0.04160080643487163,0.2,0.09809164702892303,0.0003,0.4977681017015129,0.1666746735572815,4240
1450,300.0,426,872448,601,0.19935888000000002,0.2490234375,-0.7133754819631577,0.04730043,-0.04420643739285879,0.2,-0.026418332010507584,0.0003,0.10769420182332397,0.14900124073028564,4250
1452,300.0,427,874496,601,0.09683707999999994,0.2224609375,-0.7306676441803575,0.035526082,-0.04199822866066825,0.2,0.19456103444099426,0.0003,0.6279747917316854,0.123981773853302,4260
1454,300.0,428,876544,602,-0.34560624000000006,0.256201171875,-0.7137847825884819,0.05017945,-0.04756905078393174,0.2,-0.022026427090168,0.0003,0.16946537962649016,0.35474109649658203,4270
1457,300.0,429,878592,603,-0.7949827599999999,0.216748046875,-0.6995857497677207,0.038009677,-0.043059381570492404,0.2,0.07714433968067169,0.0003,0.377266560588032,0.17135202884674072,4280
1462,300.0,430,880640,602,-1.1266287,0.2314453125,-0.7030336296185851,0.040176973,-0.04378411257930566,0.2,0.17287322878837585,0.0003,0.5676610380411148,0.08988416194915771,4290
1465,300.0,431,882688,602,-1.4228652,0.22568359375,-0.709921021014452,0.037944704,-0.040084754678537136,0.2,0.08293294161558151,0.0003,0.3381438426673412,0.18198102712631226,4300
1470,300.0,432,884736,601,-1.23888243,0.2353515625,-0.6951926128938795,0.03461481,-0.044121487330994566,0.2,0.16519363224506378,0.0003,0.40340570169501005,0.15425556898117065,4310
1472,300.0,433,886784,602,-0.8238793199999997,0.2271484375,-0.7151809146627783,0.037401844,-0.04409850105876103,0.2,0.15673890709877014,0.0003,0.4813387003261596,0.08842319250106812,4320
1474,300.0,434,888832,602,-0.3836022999999999,0.223046875,-0.7181921234354377,0.035289347,-0.04426440309616737,0.2,0.02713271975517273,0.0003,0.26544219851493833,0.3632829189300537,4330
1477,300.0,435,890880,603,-0.6397511599999999,0.216650390625,-0.7166959114372731,0.035546176,-0.04085301134036854,0.2,0.27343928813934326,0.0003,0.8421382743865251,0.13667291402816772,4340
1479,300.0,436,892928,603,-0.6437441100000001,0.22568359375,-0.7211283085867762,0.04767905,-0.04054825321800308,0.2,0.08553898334503174,0.0003,0.4343448017723858,0.3279133439064026,4350
1481,300.0,437,894976,603,-0.7459471,0.2412109375,-0.6996528094634413,0.044972852,-0.044179818101110865,0.2,0.036706771701574326,0.0003,0.2644910523900762,0.5483297109603882,4360
1484,300.0,438,897024,604,-0.91100508,0.239208984375,-0.6880764272063971,0.040680885,-0.03994055666262284,0.2,0.12814593315124512,0.0003,0.3303026446141303,0.3527977466583252,4370
1486,300.0,439,899072,604,-0.8982049300000002,0.236328125,-0.7163215208798647,0.036201764,-0.04146472922875546,0.2,0.2276042103767395,0.0003,0.3948710656259209,0.3119780421257019,4380
1564,300.0,440,901120,575,-0.7409985900000002,0.23740234375,-0.7145438699051738,0.038113926,-0.043656933715101334,0.2,0.14929518103599548,0.0003,0.4492156220600009,0.19477516412734985,4390
1566,300.0,441,903168,576,-0.4803431200000001,0.239013671875,-0.6965327676385641,0.042198323,-0.04407283315958921,0.2,0.050033580511808395,0.0003,0.21431295326910912,0.39227139949798584,4400
1568,300.0,442,905216,577,-0.36444386000000006,0.228955078125,-0.725928770005703,0.035796925,-0.04718352419731673,0.2,0.22894591093063354,0.0003,0.7590036058798433,0.13588756322860718,4410
1570,300.0,443,907264,577,-0.9103705099999998,0.216015625,-0.6890605537220835,0.039578587,-0.04201206063735299,0.2,0.3027035593986511,0.0003,0.5883229965344071,-0.004195094108581543,4420
1572,300.0,444,909312,578,-0.48303358000000024,0.2201171875,-0.6919975787401199,0.036990486,-0.040564122988143936,0.2,0.17718937993049622,0.0003,0.42187428171746433,-0.036745548248291016,4430
1574,300.0,445,911360,578,-0.6876492300000001,0.236669921875,-0.7173024181276559,0.042214297,-0.04273123436141759,0.2,0.0787549763917923,0.0003,0.3396609381772578,0.11827927827835083,4440
1576,300.0,446,913408,579,-0.3804467300000002,0.21201171875,-0.7177147109061479,0.03451346,-0.041615773108787835,0.2,0.1945440173149109,0.0003,0.525478748138994,0.04467284679412842,4450
1578,300.0,447,915456,579,-0.10123298000000013,0.244970703125,-0.7344884533435106,0.039902672,-0.042206744948634876,0.2,0.15203720331192017,0.0003,0.4407550414092839,0.08175826072692871,4460
1580,300.0,448,917504,580,0.20506919999999987,0.220654296875,-0.7443789649754763,0.034955427,-0.04228456336131785,0.2,0.10868173837661743,0.0003,0.32771909604780375,-0.01170492172241211,4470
1583,300.0,449,919552,580,-0.13518333000000005,0.245068359375,-0.7685140017420053,0.050484028,-0.04086194304545643,0.2,0.019430771470069885,0.0003,0.28701110344845804,0.26064246892929077,4480
1585,300.0,450,921600,581,-0.15801687999999994,0.230126953125,-0.7377568228170276,0.037818387,-0.043970921461004765,0.2,0.1288822591304779,0.0003,0.3627711456269026,0.3342181444168091,4490
1587,300.0,451,923648,581,0.29514561000000006,0.244482421875,-0.7419521747156977,0.042535104,-0.04399332957982551,0.2,-0.021406084299087524,0.0003,0.16255231858231128,0.453618586063385,4500
1589,300.0,452,925696,582,0.54588144,0.208642578125,-0.7427509941160679,0.030860342,-0.04048863294592593,0.2,0.5700867772102356,0.0003,1.0195602398365735,0.24963676929473877,4510
1592,300.0,453,927744,582,0.70495636,0.220166015625,-0.762390511855483,0.03720394,-0.04461845809128136,0.2,0.12173996865749359,0.0003,0.487869057059288,0.3033928871154785,4520
1594,300.0,454,929792,583,0.76653181,0.238525390625,-0.7496308285742999,0.03709835,-0.04522602323268075,0.2,0.05979521572589874,0.0003,0.28341465019620954,0.30393946170806885,4530
1596,300.0,455,931840,583,0.5130652200000001,0.261376953125,-0.7395368883386254,0.04519989,-0.04811617149534868,0.2,-0.04643324762582779,0.0003,0.09859271608293056,0.504349946975708,4540
1598,300.0,456,933888,584,0.8651432299999997,0.217529296875,-0.738165556639433,0.032188486,-0.04119368365791161,0.2,0.02175876870751381,0.0003,0.17636827628593893,0.5479779243469238,4550
1600,300.0,457,935936,584,1.0181713000000001,0.250439453125,-0.7183345155790448,0.039977692,-0.046008459824952296,0.2,-0.005088917911052704,0.0003,0.16395516423508524,0.49613362550735474,4560
1602,300.0,458,937984,585,1.44301802,0.241796875,-0.7421416401863098,0.041098446,-0.04481775364547502,0.2,-0.01424187421798706,0.0003,0.15018657688051462,0.5890800952911377,4570
1604,300.0,459,940032,585,1.5411610900000001,0.2283203125,-0.738030636869371,0.040344242,-0.04447513384075137,0.2,0.034419331699609756,0.0003,0.14241404461208731,0.6188983917236328,4580
1607,300.0,460,942080,586,1.92141285,0.25224609375,-0.7196982685476542,0.042138472,-0.044177056406624615,0.2,-0.016614817082881927,0.0003,0.1400562758790329,0.6577019691467285,4590
1609,300.0,461,944128,586,2.24479426,0.228076171875,-0.7285133635625243,0.036468647,-0.04301507683412638,0.2,0.10909973084926605,0.0003,0.3421555610373616,0.5450316667556763,4600
1611,300.0,462,946176,587,1.7595741500000002,0.2240234375,-0.7345312401652336,0.034098607,-0.04158736380632035,0.2,0.13123726844787598,0.0003,0.43631432759575545,0.4923551678657532,4610
1613,300.0,463,948224,587,1.7633154600000003,0.22919921875,-0.6972973670810461,0.04012686,-0.04306542612903286,0.2,0.10272493958473206,0.0003,0.27607386382296684,0.6408988237380981,4620
1615,300.0,464,950272,588,2.1186356400000004,0.238330078125,-0.7075977340340615,0.043305438,-0.04328036961960606,0.2,0.011776037514209747,0.0003,0.1445788217941299,0.6858097314834595,4630
1617,300.0,465,952320,588,2.5682222900000005,0.255859375,-0.715479240193963,0.049806572,-0.044635839614784345,0.2,-0.012177854776382446,0.0003,0.12394646406173707,0.7696826457977295,4640
1620,300.0,466,954368,589,1.48570845,0.227490234375,-0.7036447793245315,0.03747698,-0.04060072906431742,0.2,0.08068785071372986,0.0003,0.3117887870874256,0.554027795791626,4650
1622,300.0,467,956416,589,1.72043499,0.246875,-0.7403477123007178,0.039358146,-0.04451437186507974,0.2,0.0688399076461792,0.0003,0.27888489407487216,0.6528159379959106,4660
1624,300.0,468,958464,590,1.8794902700000007,0.217822265625,-0.7387765003368258,0.02977478,-0.04497713250166271,0.2,0.18118137121200562,0.0003,0.6430441495962441,0.45562613010406494,4670
1626,300.0,469,960512,590,2.28058382,0.233984375,-0.7355840623378753,0.037045833,-0.0446547799219843,0.2,0.018055126070976257,0.0003,0.35696460092440246,0.4953780770301819,4680
1628,300.0,470,962560,590,2.61685454,0.234765625,-0.7264326361939311,0.03806211,-0.04386024728009943,0.2,0.07083684951066971,0.0003,0.43723327554762365,0.4901425242424011,4690
1631,300.0,471,964608,591,2.7166173099999997,0.239599609375,-0.7236858738586307,0.04521243,-0.042331182392081244,0.2,0.0543428510427475,0.0003,0.34238576581701635,0.6015423536300659,4700
1633,300.0,472,966656,591,2.6751102500000004,0.224169921875,-0.709829905629158,0.03848975,-0.04129915962839732,0.2,0.11043430864810944,0.0003,0.3552429406438023,0.5457683801651001,4710
1635,300.0,473,968704,592,2.5172305600000002,0.253857421875,-0.7228341219946742,0.044145845,-0.045746739086462186,0.2,0.04072503745555878,0.0003,0.24583003288134933,0.6553303003311157,4720
1637,300.0,474,970752,592,2.36328344,0.23916015625,-0.7282883752137422,0.039974906,-0.04579201360756997,0.2,0.19666090607643127,0.0003,0.588972736429423,0.4570356011390686,4730
1639,300.0,475,972800,593,1.81745016,0.226611328125,-0.7197702310979366,0.0360768,-0.04306061298120767,0.2,0.04887863248586655,0.0003,0.28549881880171596,0.6206651926040649,4740
1641,300.0,476,974848,593,1.84276868,0.238671875,-0.7214845046401024,0.040720128,-0.04520759242004715,0.2,0.03275563567876816,0.0003,0.21587998731993138,0.7327293753623962,4750
1643,300.0,477,976896,594,2.5565403999999994,0.239892578125,-0.7151331685483455,0.03791584,-0.04681554169510491,0.2,0.17326119542121887,0.0003,0.6051290762610734,0.4464659094810486,4760
1646,300.0,478,978944,594,1.8889197800000002,0.2333984375,-0.6978491216897964,0.039063103,-0.04368323679082096,0.2,0.11819417774677277,0.0003,0.36056088344193993,0.46439194679260254,4770
1648,300.0,479,980992,595,1.5614921099999999,0.23828125,-0.7295208586379885,0.041401796,-0.046409028391644826,0.2,0.19617442786693573,0.0003,0.5190278380177915,0.4505331516265869,4780
1650,300.0,480,983040,595,1.1971882500000002,0.209033203125,-0.7328673126176,0.03001845,-0.04118694713979494,0.2,0.21275222301483154,0.0003,0.6736019996926188,0.15016627311706543,4790
1652,300.0,481,985088,595,1.9053084200000001,0.25732421875,-0.7336298676207662,0.038343657,-0.04768747231864836,0.2,-0.03261435404419899,0.0003,0.13750865936744958,0.49138665199279785,4800
1655,300.0,482,987136,596,1.3779073900000003,0.241552734375,-0.7399387275800109,0.038067326,-0.044076874016900545,0.2,0.13864868879318237,0.0003,0.39213420553132894,0.03538203239440918,4810
1658,300.0,483,989184,596,1.1083566,0.235205078125,-0.7201692244037986,0.041134372,-0.04415389569767285,0.2,-0.018445003777742386,0.0003,0.15596417654305697,0.022582709789276123,4820
1660,300.0,484,991232,596,1.058648,0.227490234375,-0.7379561591893434,0.038943216,-0.04618326635390986,0.2,0.10305003076791763,0.0003,0.3457343748304993,0.16931551694869995,4830
1662,300.0,485,993280,597,0.6234075500000001,0.257861328125,-0.7481831923127175,0.040006008,-0.04836195475654677,0.2,0.0560101643204689,0.0003,0.2675999876111746,0.09439986944198608,4840
1665,300.0,486,995328,597,0.3120087900000002,0.2412109375,-0.7472478147596121,0.035795882,-0.048361205798573795,0.2,-0.021749421954154968,0.0003,0.14453727537766098,0.03936195373535156,4850
1667,300.0,487,997376,598,0.71037058,0.219189453125,-0.7187312891706824,0.03474902,-0.04363371565850684,0.2,0.20218977332115173,0.0003,0.4602925818413496,0.09441870450973511,4860
1669,300.0,488,999424,598,0.3200224200000001,0.23076171875,-0.7344010304659605,0.035203777,-0.04239254964631982,0.2,0.3963449001312256,0.0003,1.0000606395304203,0.01959395408630371,4870
1740,300.0,489,1001472,575,1.05150506,0.227099609375,-0.7528828645125032,0.036044154,-0.045430733927059916,0.2,0.23777249455451965,0.0003,0.5152735733427107,0.12407952547073364,4880
1742,300.0,490,1003520,575,1.0544812300000002,0.217333984375,-0.7409226261079311,0.033592522,-0.04220836742169922,0.2,0.4635043144226074,0.0003,1.1125883065164088,0.09463286399841309,4890
1744,300.0,491,1005568,576,1.46725509,0.23232421875,-0.7151112027466298,0.040680073,-0.04522297083385638,0.2,0.12247638404369354,0.0003,0.4299160461407155,0.2775009274482727,4900
1747,300.0,492,1007616,576,0.8190110800000001,0.25615234375,-0.7304319242015481,0.04316712,-0.044630996041814794,0.2,0.00707940012216568,0.0003,0.21453178476076573,0.4240071773529053,4910
1749,300.0,493,1009664,577,1.06942173,0.24921875,-0.7178389757871628,0.042752072,-0.04628988657786977,0.2,-0.004701092839241028,0.0003,0.13911756239831446,0.6204990148544312,4920
1751,300.0,494,1011712,577,0.9149520400000002,0.23828125,-0.713902584835887,0.039981477,-0.04603702739987057,0.2,0.1703357994556427,0.0003,0.47925049290060995,0.30877935886383057,4930
1754,300.0,495,1013760,577,1.3179046800000003,0.239453125,-0.7270792331546545,0.042593002,-0.042005194607190786,0.2,0.1323932260274887,0.0003,0.5318147930316627,0.3878018260002136,4940
1756,300.0,496,1015808,578,1.0739127300000002,0.23408203125,-0.7055267374962568,0.039711893,-0.043659418338211256,0.2,0.20454716682434082,0.0003,0.43539516078308227,0.19795101881027222,4950
1758,300.0,497,1017856,578,1.1073828000000001,0.240869140625,-0.6974355636164546,0.039210916,-0.04445420539123006,0.2,0.2921310365200043,0.0003,0.8228171261027455,0.04744887351989746,4960
1761,300.0,498,1019904,579,1.1930008399999998,0.255859375,-0.7170285364612937,0.038655747,-0.04582435041957069,0.2,0.007263273000717163,0.0003,0.1768873286899179,-0.5909527540206909,4970
1763,300.0,499,1021952,579,0.59420335,0.2380859375,-0.7091483240947127,0.041894622,-0.04739698123012204,0.2,0.029312975704669952,0.0003,0.23659404183272273,0.005165219306945801,4980
1766,300.0,500,1024000,579,0.8522111200000001,0.253955078125,-0.7374649967998266,0.043603275,-0.04907286164816469,0.2,0.0012587904930114746,0.0003,0.15609403038397432,-0.052036404609680176,4990
1769,300.0,501,1026048,579,0.3244879400000002,0.23046875,-0.7327738545835019,0.037414692,-0.04475071719207335,0.2,0.01129157841205597,0.0003,0.16729661226272582,-0.02437567710876465,5000
1771,300.0,502,1028096,580,0.3570600700000001,0.22294921875,-0.7246928252279758,0.03143422,-0.04456662122975104,0.2,0.08987033367156982,0.0003,0.4672743478789926,-0.07695508003234863,5010
1773,300.0,503,1030144,580,0.34608349,0.21962890625,-0.7150364877656102,0.03774473,-0.04306809544214048,0.2,0.070489302277565,0.0003,0.3091208256781101,-0.06624090671539307,5020
1776,300.0,504,1032192,581,0.13810432999999983,0.2314453125,-0.7321848729625344,0.04050275,-0.04047388355247676,0.2,0.03871627151966095,0.0003,0.22723009195178748,0.11222630739212036,5030
1778,300.0,505,1034240,581,-0.08280857999999998,0.254931640625,-0.7617847252637148,0.040614974,-0.04736423043505056,0.2,0.047052256762981415,0.0003,0.3242191651836038,-0.0720144510269165,5040
1780,300.0,506,1036288,581,-0.2764742200000002,0.227099609375,-0.7386020358651877,0.034851775,-0.04351865423668642,0.2,0.21342691779136658,0.0003,0.7964696965180338,0.02060532569885254,5050
1783,300.0,507,1038336,582,-0.3686259300000001,0.236083984375,-0.7269287157803774,0.04006331,-0.04482120627071708,0.2,0.09628076106309891,0.0003,0.27643605787307024,0.007797718048095703,5060
1785,300.0,508,1040384,582,-0.17301218000000007,0.223828125,-0.7229305591434241,0.03243692,-0.043594752153148876,0.2,0.11472243070602417,0.0003,0.45678414423018693,0.13686305284500122,5070
1787,300.0,509,1042432,583,-0.60180906,0.23876953125,-0.7133577093482018,0.038987614,-0.04582991240895353,0.2,0.07236870378255844,0.0003,0.40683282376267016,0.049243927001953125,5080
1790,300.0,510,1044480,583,-0.8257439500000001,0.2384765625,-0.7112709369510413,0.04334195,-0.044473306738655086,0.2,0.015190362930297852,0.0003,0.18619177504442633,0.0327678918838501,5090
1792,300.0,511,1046528,583,-0.41412916999999994,0.24384765625,-0.7189422974362969,0.044836357,-0.047768767733941786,0.2,0.08018435537815094,0.0003,0.2921658986713737,-0.019821643829345703,5100
1795,300.0,512,1048576,584,-0.78829955,0.251904296875,-0.7135424718260766,0.040748883,-0.044513261812971903,0.2,-0.000925213098526001,0.0003,0.17733190362341703,0.09345352649688721,5110
1797,300.0,513,1050624,584,-0.47475554000000014,0.227978515625,-0.7087725505232811,0.035428617,-0.03951560569985304,0.2,0.0358310341835022,0.0003,0.2527871033642441,-0.04608488082885742,5120
1799,300.0,514,1052672,584,-0.8986956,0.24296875,-0.7175624791532755,0.040000215,-0.04340884550329065,0.2,0.018390744924545288,0.0003,0.1792483033845201,-0.14104557037353516,5130
1801,300.0,515,1054720,585,-0.91192863,0.231396484375,-0.7216190779581666,0.03448397,-0.041715059443959035,0.2,0.12760844826698303,0.0003,0.45787087376229463,-0.012749910354614258,5140
1803,300.0,516,1056768,585,-0.4495130000000001,0.222119140625,-0.7146016100421548,0.03130664,-0.04185837283439468,0.2,0.23504701256752014,0.0003,0.5944321133196354,-0.008138418197631836,5150
1805,300.0,517,1058816,586,-0.6958999200000002,0.240234375,-0.7068546000868082,0.041449126,-0.04282000664970838,0.2,0.055240437388420105,0.0003,0.3014853966422379,0.03567880392074585,5160
1808,300.0,518,1060864,586,-0.44584368000000024,0.2357421875,-0.7294731060042977,0.03517966,-0.04366677374782739,0.2,0.12202399224042892,0.0003,0.46499020643532274,0.04055619239807129,5170
1810,300.0,519,1062912,587,-0.1692606500000003,0.251904296875,-0.7152534317225218,0.047152974,-0.04582924343412742,0.2,0.0629931166768074,0.0003,0.2243529398459941,-0.0479508638381958,5180
1812,300.0,520,1064960,587,0.061793819999999826,0.23271484375,-0.7023374373093247,0.038328238,-0.0448046664649155,0.2,0.18765483796596527,0.0003,0.48200725773349407,0.08699780702590942,5190
1814,300.0,521,1067008,587,-0.39593277000000016,0.222021484375,-0.6942478097975254,0.038125135,-0.040840145527909044,0.2,0.29252755641937256,0.0003,0.5838797920383513,0.0740441083908081,5200
1816,300.0,522,1069056,588,0.22958731999999987,0.24853515625,-0.6978977775201202,0.045117196,-0.04766412874887464,0.2,0.05102948099374771,0.0003,0.3070848961826414,-0.2528378963470459,5210
1819,300.0,523,1071104,588,0.34986406999999986,0.249169921875,-0.7171597149223089,0.040824473,-0.04551351865229662,0.2,0.30073660612106323,0.0003,0.7448899208568036,-0.07656705379486084,5220
1821,300.0,524,1073152,589,0.7226634399999999,0.24599609375,-0.7043529190123081,0.042266607,-0.04620655573526165,0.2,0.12479566037654877,0.0003,0.46126642925664785,0.052109599113464355,5230
1824,300.0,525,1075200,589,0.75155529,0.237353515625,-0.7143752804026008,0.04261543,-0.04630469046824146,0.2,0.10486318171024323,0.0003,0.3620559854898602,0.15339434146881104,5240
1826,300.0,526,1077248,589,0.9595330900000001,0.24853515625,-0.7397000923752785,0.043841925,-0.04781047792348545,0.2,0.05644892901182175,0.0003,0.2850069297011942,0.05733412504196167,5250
1829,300.0,527,1079296,589,1.2249938999999996,0.23154296875,-0.7364314746111631,0.03793778,-0.04752771976636723,0.2,0.16126775741577148,0.0003,0.44053078098222614,0.1300683617591858,5260
1831,300.0,528,1081344,590,1.32915199,0.2427734375,-0.7645885037258268,0.042133737,-0.045876654982566836,0.2,0.10316527634859085,0.0003,0.35029937797226013,0.0858619213104248,5270
1833,300.0,529,1083392,590,1.7759575300000003,0.23251953125,-0.7526225356385112,0.03969218,-0.04615457928157411,0.2,0.055657073855400085,0.0003,0.2571653566788882,0.2093961238861084,5280
1836,300.0,530,1085440,591,1.8534639,0.248828125,-0.7454559518024325,0.040704247,-0.04620064159098547,0.2,-0.010221779346466064,0.0003,0.22841220130212606,0.2642970085144043,5290
1838,300.0,531,1087488,591,1.6300946599999997,0.254931640625,-0.7586322939023376,0.039242025,-0.04522404724848457,0.2,0.03217868506908417,0.0003,0.19520465706009418,0.3181060552597046,5300
1840,300.0,532,1089536,592,1.8689968399999999,0.237060546875,-0.7371520716696978,0.043220904,-0.04698580189142376,0.2,0.01935875415802002,0.0003,0.23526618028990925,0.34469419717788696,5310
1842,300.0,533,1091584,592,0.9810233600000002,0.242333984375,-0.7375282572582365,0.038624454,-0.04597539355163462,0.2,-0.01717337965965271,0.0003,0.17306502154096962,-0.03287076950073242,5320
1844,300.0,534,1093632,592,0.85255293,0.22568359375,-0.7499888489022851,0.035672028,-0.043863945989869535,0.2,0.02683744579553604,0.0003,0.29899327813182025,0.32100480794906616,5330
1847,300.0,535,1095680,593,0.3687286700000001,0.229052734375,-0.7281030539423228,0.036198672,-0.0455566035641823,0.2,0.3690700829029083,0.0003,0.7954895365983248,0.12238705158233643,5340
1849,300.0,536,1097728,593,0.42387889,0.249365234375,-0.7306621130555868,0.040976066,-0.04468622974527534,0.2,0.1004398837685585,0.0003,0.38089968655258416,0.37201160192489624,5350
1852,300.0,537,1099776,593,0.41646768,0.21943359375,-0.7215704465284943,0.034545787,-0.045622844094759786,0.2,0.2934986650943756,0.0003,0.7471143426373601,0.18946588039398193,5360
1919,300.0,538,1101824,573,0.3575054500000001,0.225537109375,-0.741452963091433,0.035950817,-0.041511158349749167,0.2,0.07516193389892578,0.0003,0.32270722882822156,-0.10917365550994873,5370
1921,300.0,539,1103872,574,-0.09584220999999989,0.254736328125,-0.7391641095280648,0.04214735,-0.047301477193832396,0.2,0.0965031087398529,0.0003,0.37372243027202784,0.23043489456176758,5380
1923,300.0,540,1105920,574,-0.02410737000000009,0.25009765625,-0.750905511714518,0.04396946,-0.04990149619261501,0.2,0.0014680474996566772,0.0003,0.15424729066435247,0.41179734468460083,5390
1925,300.0,541,1107968,575,-0.5996999399999999,0.24462890625,-0.7308274511247873,0.043610413,-0.04412350918864831,0.2,0.02252265065908432,0.0003,0.27229163169395176,0.08405649662017822,5400
1928,300.0,542,1110016,575,-0.26832991000000006,0.21572265625,-0.7225852724164724,0.032265026,-0.04452554067975143,0.2,0.052109524607658386,0.0003,0.31746370820328595,0.23185837268829346,5410
1929,300.0,543,1112064,576,-0.2911812099999999,0.233642578125,-0.7190968994051218,0.04086871,-0.04643791421840433,0.2,0.029776789247989655,0.0003,0.2330081133171916,0.13790017366409302,5420
1932,300.0,544,1114112,576,-0.5922493499999999,0.23203125,-0.6885533021762967,0.042325698,-0.04281985532143153,0.2,0.017041079699993134,0.0003,0.15309618099126965,0.2946898341178894,5430
1934,300.0,545,1116160,577,-0.6528371699999999,0.219921875,-0.7090513175353408,0.03456974,-0.04106155735207721,0.2,0.11794582009315491,0.0003,0.4100467151030898,0.15654593706130981,5440
1936,300.0,546,1118208,577,-0.9683767699999997,0.245458984375,-0.7247031537815929,0.03979588,-0.046159225258452355,0.2,0.19940057396888733,0.0003,0.39727483852766454,0.2815128564834595,5450
1938,300.0,547,1120256,577,-1.15471112,0.240087890625,-0.7282110786065459,0.03740418,-0.04649662416486535,0.2,0.0238441601395607,0.0003,0.20966768697835506,0.3357098698616028,5460
1941,300.0,548,1122304,578,-0.65102133,0.236279296875,-0.7262461377307773,0.042768937,-0.04639124957611784,0.2,0.0057175010442733765,0.0003,0.19266976844519376,0.22723889350891113,5470
1943,300.0,549,1124352,578,-0.028608359999999954,0.230908203125,-0.7152182282879949,0.037313685,-0.044753570004832,0.2,0.2666236460208893,0.0003,0.5379548680968582,0.06714034080505371,5480
1946,300.0,550,1126400,578,0.030845620000000067,0.22490234375,-0.7099316587671638,0.0422222,-0.043279793029068966,0.2,0.0747617557644844,0.0003,0.3272897796239704,0.1975511908531189,5490
1948,300.0,551,1128448,579,0.13317909000000014,0.21552734375,-0.713470384478569,0.03431437,-0.04275070141884498,0.2,0.21069800853729248,0.0003,0.5342315228655934,0.16690224409103394,5500
1951,300.0,552,1130496,579,-0.17419680999999998,0.242626953125,-0.7129929646849632,0.040301245,-0.050015898395213296,0.2,0.03110426664352417,0.0003,0.2610159705858678,0.24427002668380737,5510
1953,300.0,553,1132544,579,0.07183982000000001,0.244189453125,-0.7020412359386683,0.04215784,-0.042391603588475844,0.2,0.02186521887779236,0.0003,0.2405684303957969,0.21860188245773315,5520
1955,300.0,554,1134592,580,0.33264428999999995,0.238720703125,-0.6864762339740992,0.05025528,-0.04466564163158182,0.2,-0.05648823082447052,0.0003,0.06704863389022649,0.5182288885116577,5530
1957,300.0,555,1136640,580,-0.24287934999999997,0.24462890625,-0.699695142172277,0.0440891,-0.04688661885738839,0.2,0.030247770249843597,0.0003,0.27525684898719194,0.26583176851272583,5540
1959,300.0,556,1138688,581,-0.6377904200000001,0.2416015625,-0.6929673483595252,0.044307087,-0.04169539749418618,0.2,-0.02091250568628311,0.0003,0.14423682475462557,-0.17362213134765625,5550
1961,300.0,557,1140736,581,-0.67952288,0.235986328125,-0.6935065833851695,0.037796967,-0.043572041613515466,0.2,0.09322602301836014,0.0003,0.2844228402711451,0.1520519256591797,5560
1964,300.0,558,1142784,581,-0.17166553,0.224951171875,-0.688562318123877,0.039932653,-0.04327964436815819,0.2,0.1125950813293457,0.0003,0.37380795697681607,0.3246110677719116,5570
1966,300.0,559,1144832,582,0.18907409,0.241064453125,-0.6742290478199721,0.04346674,-0.043428126198705286,0.2,0.027864273637533188,0.0003,0.2623262737877667,-0.009174823760986328,5580
1969,300.0,560,1146880,582,-0.14580498999999994,0.227734375,-0.6533862655982375,0.045696005,-0.04064871330920141,0.2,0.062112364917993546,0.0003,0.27711777021177114,0.27172428369522095,5590
1971,300.0,561,1148928,582,-0.16783041999999995,0.2287109375,-0.6711447970941663,0.046412572,-0.044330629002070056,0.2,0.06154873967170715,0.0003,0.3080731311812997,0.12296897172927856,5600
1973,300.0,562,1150976,583,-0.2887392699999999,0.248583984375,-0.6839296219870448,0.04734757,-0.04524655232962686,0.2,0.06318638473749161,0.0003,0.1935501147294417,0.2561536431312561,5610
1975,300.0,563,1153024,583,-0.7453808400000002,0.236572265625,-0.6732948774471879,0.046938952,-0.043893638331792315,0.2,0.10091155022382736,0.0003,0.3477439714130014,0.1329439878463745,5620
1978,300.0,564,1155072,583,-1.0248083700000001,0.2275390625,-0.6762772569432854,0.036826912,-0.0432904137938749,0.2,0.10735077410936356,0.0003,0.620981474686414,0.22019755840301514,5630
1980,300.0,565,1157120,584,-0.7388275200000001,0.249951171875,-0.7022301081568003,0.051624298,-0.04596065360528882,0.2,0.04644465446472168,0.0003,0.28103942312300206,0.15897363424301147,5640
1982,300.0,566,1159168,584,-0.83291016,0.230859375,-0.6653214883059263,0.046319988,-0.04306035549670924,0.2,0.02708481252193451,0.0003,0.29523352021351457,0.12995541095733643,5650
1985,300.0,567,1161216,584,-0.9341229799999999,0.2599609375,-0.6846245033666492,0.043416247,-0.04453797693568049,0.2,-0.004802960902452469,0.0003,0.14450861664954573,0.5523958206176758,5660
1987,300.0,568,1163264,585,-1.23246817,0.220361328125,-0.7005633398890495,0.03965532,-0.04295215417223517,0.2,0.15799590945243835,0.0003,0.5686677093617618,0.29355138540267944,5670
1989,300.0,569,1165312,585,-1.2397754499999998,0.238916015625,-0.7060603260993957,0.039912246,-0.04523667015891988,0.2,0.024297624826431274,0.0003,0.23910023404750974,0.3916167616844177,5680
1991,300.0,570,1167360,586,-0.5331859099999999,0.2359375,-0.6868558214977384,0.038692344,-0.04525741002289578,0.2,0.06205189228057861,0.0003,0.2679673824924976,0.551135778427124,5690
1994,300.0,571,1169408,586,-0.3731755499999999,0.2392578125,-0.7080268707126379,0.041668374,-0.04575908961123787,0.2,0.09878773987293243,0.0003,0.30277617801912127,0.5064404606819153,5700
1996,300.0,572,1171456,586,-0.24691348000000005,0.241015625,-0.6959153713658452,0.04796062,-0.044908952577679885,0.2,-0.048200007528066635,0.0003,0.13724228281062095,0.34277063608169556,5710
1998,300.0,573,1173504,587,-0.38545884999999996,0.214892578125,-0.6953904515132308,0.03726762,-0.04322873960772995,0.2,0.32165130972862244,0.0003,0.504497055336833,0.24030566215515137,5720
2001,300.0,574,1175552,587,-0.28286708000000005,0.222509765625,-0.6897103203460574,0.041211598,-0.04557048158312682,0.2,0.11058996617794037,0.0003,0.565389796346426,0.16778850555419922,5730
2003,300.0,575,1177600,587,0.21233439000000004,0.2369140625,-0.6776058061048389,0.03983229,-0.04320607100671623,0.2,0.0441567525267601,0.0003,0.37599246720783414,0.021745383739471436,5740
2005,300.0,576,1179648,588,0.41070976999999986,0.243505859375,-0.691885294020176,0.04414887,-0.04597170606139116,0.2,0.23774845898151398,0.0003,0.5612486204132437,0.15207195281982422,5750
2008,300.0,577,1181696,588,0.41915727999999997,0.229833984375,-0.7169293774291873,0.035887472,-0.046448502561543134,0.2,0.1905929446220398,0.0003,0.6357765283435584,0.1616327166557312,5760
2011,300.0,578,1183744,588,0.5151691800000002,0.243994140625,-0.6976922562345862,0.048800223,-0.04302768766938243,0.2,0.0762033462524414,0.0003,0.31775624020956456,0.3322605490684509,5770
2013,300.0,579,1185792,588,0.6000928600000001,0.271923828125,-0.7102039869874716,0.050929256,-0.04835862082836684,0.2,0.019834555685520172,0.0003,0.2819012648891658,0.46271806955337524,5780
2016,300.0,580,1187840,589,0.59129092,0.257080078125,-0.6957318145781756,0.053526904,-0.04689663813333027,0.2,0.0049838051199913025,0.0003,0.1640768071403727,0.5873560905456543,5790
2018,300.0,581,1189888,589,0.35115196000000004,0.2349609375,-0.6908870041370392,0.035220303,-0.044025050243362784,0.2,0.10498379170894623,0.0003,0.3711878403555602,0.31186771392822266,5800
2020,300.0,582,1191936,589,0.44027699999999986,0.220361328125,-0.69662812538445,0.03399178,-0.041330903966445474,0.2,0.154353067278862,0.0003,0.6116125875152647,0.2649347186088562,5810
2022,300.0,583,1193984,590,0.4672419200000001,0.250927734375,-0.6949698142707348,0.04684988,-0.044095557830587495,0.2,0.01665070280432701,0.0003,0.15465333233587444,0.5590130090713501,5820
2024,300.0,584,1196032,590,0.10810923000000013,0.235546875,-0.6880922997370362,0.0375413,-0.042919186752988024,0.2,0.04754496365785599,0.0003,0.3573055874556303,0.17278409004211426,5830
2027,300.0,585,1198080,591,-0.12836643000000003,0.20546875,-0.7080649960786104,0.030241169,-0.042747496358060744,0.2,0.2372286021709442,0.0003,0.7159987931139767,0.2596108317375183,5840
2098,300.0,586,1200128,571,-0.4107605000000001,0.245361328125,-0.6866181127727031,0.049295213,-0.04672906656051055,0.2,0.05521548539400101,0.0003,0.28370338925160465,0.256181538105011,5850
2100,300.0,587,1202176,572,-0.9039077399999997,0.243115234375,-0.6943815264850854,0.04220129,-0.04436743392070639,0.2,0.07021002471446991,0.0003,0.2685376134701073,0.263624370098114,5860
2103,300.0,588,1204224,572,-1.1091726499999999,0.254052734375,-0.6822186712175607,0.042990766,-0.046732741061714475,0.2,0.06261870265007019,0.0003,0.2282372274203226,0.17587661743164062,5870
2106,300.0,589,1206272,572,-1.5747018599999998,0.257568359375,-0.7179766504094005,0.04308887,-0.05134056562819751,0.2,0.10276762396097183,0.0003,0.39307836862280965,0.22561657428741455,5880
2108,300.0,590,1208320,573,-1.8760926400000002,0.24892578125,-0.7133661489933729,0.043438822,-0.043287924880860376,0.2,0.02480374649167061,0.0003,0.27175036002881825,0.24717563390731812,5890
2110,300.0,591,1210368,573,-2.19872759,0.22138671875,-0.7176961453631521,0.027683549,-0.03984192632196937,0.2,0.3517899513244629,0.0003,0.9056456215679646,0.20648550987243652,5900
2112,300.0,592,1212416,573,-1.71520303,0.232177734375,-0.7167104007676244,0.037112154,-0.04285979424603283,0.2,0.3169669806957245,0.0003,0.7904847621917724,0.10784465074539185,5910
2115,300.0,593,1214464,574,-1.7003806399999999,0.2609375,-0.7482689997181297,0.041985646,-0.044570343638770285,0.2,-0.008722849190235138,0.0003,0.10923705162713304,0.6384185552597046,5920
2117,300.0,594,1216512,574,-2.04078168,0.258251953125,-0.7447818035259843,0.04243794,-0.048815688514150676,0.2,0.045169539749622345,0.0003,0.25590220037847755,0.4830625653266907,5930
2119,300.0,595,1218560,574,-2.27878727,0.257568359375,-0.7472899617627263,0.041637108,-0.04867180416185875,0.2,0.03794088214635849,0.0003,0.21602479936555027,0.5079942345619202,5940
2121,300.0,596,1220608,575,-1.9058093199999993,0.23955078125,-0.7190804693847894,0.040659185,-0.04573059176327661,0.2,0.02837279438972473,0.0003,0.23089242831338197,0.5530328154563904,5950
2124,300.0,597,1222656,575,-1.9895221799999996,0.240283203125,-0.7336285011842847,0.038539965,-0.04705034290091135,0.2,0.18257154524326324,0.0003,0.4671857429202646,0.5121133923530579,5960
2126,300.0,598,1224704,575,-1.3729384500000001,0.245947265625,-0.7410812236368656,0.03898508,-0.04633574512845371,0.2,0.08078350126743317,0.0003,0.2469133642036468,0.7002803087234497,5970
2129,300.0,599,1226752,576,-1.1037886499999998,0.228662109375,-0.7235349329188466,0.039506715,-0.043398546829121185,0.2,0.027187801897525787,0.0003,0.23304502633400262,0.7380081415176392,5980
2132,300.0,600,1228800,576,-0.7686158899999999,0.247119140625,-0.7270158056169749,0.046944007,-0.04667898851330392,0.2,0.0484732948243618,0.0003,0.231642603315413,0.6147599220275879,5990
2134,300.0,601,1230848,576,-0.7673250999999999,0.2458984375,-0.6999567413702608,0.04638131,-0.043839370086789134,0.2,0.02091507613658905,0.0003,0.19935348152648658,0.6562123894691467,6000
2136,300.0,602,1232896,576,-1.06886192,0.226953125,-0.7149111645296216,0.037535094,-0.04360547594696982,0.2,0.08929787576198578,0.0003,0.40665620574727657,0.3242689371109009,6010
2139,300.0,603,1234944,577,-0.8820860899999999,0.223193359375,-0.6997209474444389,0.044896644,-0.04476771954505239,0.2,0.057996802031993866,0.0003,0.41904603503644466,-0.06130492687225342,6020
2141,300.0,604,1236992,577,-1.0143964800000003,0.254052734375,-0.7075319230556488,0.0454615,-0.047489529629820025,0.2,0.020888879895210266,0.0003,0.16406315518543124,-0.0218350887298584,6030
2143,300.0,605,1239040,577,-0.7143788100000004,0.222998046875,-0.6806773854419589,0.034786515,-0.04410470344300847,0.2,0.10175853967666626,0.0003,0.5182657099794596,0.08544141054153442,6040
2146,300.0,606,1241088,578,-0.4221984200000003,0.23154296875,-0.6848490379750729,0.040442336,-0.03882959156180732,0.2,0.1066141277551651,0.0003,0.29829181456007064,0.2322218418121338,6050
2148,300.0,607,1243136,578,-0.52906087,0.246435546875,-0.7026811944320798,0.0441396,-0.04756229693884961,0.2,0.24420075118541718,0.0003,0.60207215026021,0.27751773595809937,6060
2150,300.0,608,1245184,579,-0.10274542000000014,0.255712890625,-0.702726236730814,0.04082893,-0.042084558357601054,0.2,-0.01444893330335617,0.0003,0.38914755689911545,0.3730592727661133,6070
2152,300.0,609,1247232,579,0.21362928,0.23095703125,-0.7037911761552096,0.041539937,-0.04601168867666274,0.2,0.019401490688323975,0.0003,0.29613210512325167,0.494232714176178,6080
2154,300.0,610,1249280,579,0.48894680000000007,0.24462890625,-0.6867093179374933,0.039576106,-0.04273626040958334,0.2,0.07924040406942368,0.0003,0.267687050672248,0.3301405906677246,6090
2157,300.0,611,1251328,580,0.4117783200000001,0.249169921875,-0.6912443609908223,0.046216536,-0.04353833837230923,0.2,0.009843513369560242,0.0003,0.194007976539433,0.5323054790496826,6100
2159,300.0,612,1253376,580,0.61882633,0.23232421875,-0.693632667325437,0.03829997,-0.04581686689052731,0.2,0.09196446090936661,0.0003,0.3602282176259905,0.3027447462081909,6110
2161,300.0,613,1255424,580,0.2828517000000001,0.230419921875,-0.7098064463585615,0.035587333,-0.04449797048728214,0.2,0.16284748911857605,0.0003,0.6124115104787051,0.1762303113937378,6120
2163,300.0,614,1257472,581,0.13759381999999987,0.245947265625,-0.6892008097842336,0.041658986,-0.04347258233174216,0.2,0.0685947984457016,0.0003,0.23695748946629464,0.40530186891555786,6130
2166,300.0,615,1259520,581,-0.5865912399999998,0.2380859375,-0.6945328798145056,0.04854389,-0.04442999870079802,0.2,0.049321942031383514,0.0003,0.31320279543288054,0.19549036026000977,6140
2168,300.0,616,1261568,581,-0.27863101,0.2505859375,-0.7136700049042701,0.043649085,-0.04474206841696286,0.2,0.03677666187286377,0.0003,0.24444214515388013,0.24273616075515747,6150
2170,300.0,617,1263616,582,0.17859568999999997,0.22939453125,-0.7163423463702202,0.037591398,-0.042790679342579095,0.2,0.20526084303855896,0.0003,0.4800054108723998,0.20338034629821777,6160
2172,300.0,618,1265664,582,0.38417444,0.243017578125,-0.7177084377035499,0.0430591,-0.0447656533884583,0.2,0.03609880805015564,0.0003,0.20014143912121654,0.08976560831069946,6170
2174,300.0,619,1267712,582,0.5886044299999998,0.235791015625,-0.6906057393178344,0.041665196,-0.04705158854048932,0.2,0.00030875951051712036,0.0003,0.1754266274627298,0.1723625659942627,6180
2177,300.0,620,1269760,583,0.8603189500000002,0.218310546875,-0.6999314172193408,0.03379775,-0.03916024948994164,0.2,0.0834336131811142,0.0003,0.3494068743661046,0.01594364643096924,6190
2179,300.0,621,1271808,583,0.65786562,0.2517578125,-0.691065114364028,0.042546615,-0.04459334461425897,0.2,0.011555284261703491,0.0003,0.24865582718048246,-0.027971386909484863,6200
2181,300.0,622,1273856,583,0.36830525999999997,0.223681640625,-0.6807683983817696,0.040454827,-0.04277662765525747,0.2,0.0621512308716774,0.0003,0.27620079889893534,0.03711217641830444,6210
2183,300.0,623,1275904,584,-0.14778067,0.22705078125,-0.6847844831645489,0.04273177,-0.036190659750718626,0.2,0.050953976809978485,0.0003,0.41364423809573053,-0.029593944549560547,6220
2185,300.0,624,1277952,584,0.01780926,0.248974609375,-0.6604924216866493,0.048850637,-0.046131584284012206,0.2,0.14406254887580872,0.0003,0.3742465015500784,-0.043769240379333496,6230
2188,300.0,625,1280000,584,0.0023989999999999958,0.2458984375,-0.6991824405267835,0.037931867,-0.042388417769689116,0.2,0.1976575255393982,0.0003,0.580672625079751,0.11608153581619263,6240
2190,300.0,626,1282048,585,-1.06078856,0.24990234375,-0.7047316374257206,0.047900572,-0.04096351504267659,0.2,0.04285544902086258,0.0003,0.24252313014585525,-0.008947610855102539,6250
2192,300.0,627,1284096,585,-0.7534372099999999,0.237744140625,-0.6863432670012116,0.03561486,-0.03961208626569714,0.2,0.18553146719932556,0.0003,0.5515150424093008,0.07154679298400879,6260
2194,300.0,628,1286144,585,-0.47260387000000015,0.22841796875,-0.6968234913423658,0.04113847,-0.04294437796634156,0.2,0.042150840163230896,0.0003,0.24951674367766827,-0.12679147720336914,6270
2196,300.0,629,1288192,586,-0.5608764699999998,0.24541015625,-0.6981526823714376,0.043460306,-0.04560957910434808,0.2,0.04637505114078522,0.0003,0.2093284741276875,-0.0370030403137207,6280
2198,300.0,630,1290240,586,0.14548961000000016,0.249658203125,-0.7009038137272,0.039921273,-0.044276832736795765,0.2,0.14965301752090454,0.0003,0.3460162459407002,-0.02723407745361328,6290
2201,300.0,631,1292288,587,0.21542990000000006,0.2330078125,-0.7134777346625925,0.038663737,-0.04742009285182576,0.2,0.13247480988502502,0.0003,0.41696480065584185,-0.02715277671813965,6300
2203,300.0,632,1294336,587,0.28457047999999996,0.2392578125,-0.7084272593259812,0.04614772,-0.04290908164693974,0.2,0.03719985485076904,0.0003,0.3392134006600827,0.23212391138076782,6310
2205,300.0,633,1296384,587,0.50577002,0.22236328125,-0.7030309777706861,0.038647138,-0.041806627489859235,0.2,0.15319478511810303,0.0003,0.47423498183488844,0.227314293384552,6320
2207,300.0,634,1298432,588,0.5984256400000002,0.260205078125,-0.7262183632701635,0.04523384,-0.04738094385538716,0.2,0.041940465569496155,0.0003,0.2632955607958138,0.21529871225357056,6330
2272,300.0,635,1300480,572,0.62061797,0.23876953125,-0.7163779355585576,0.038675435,-0.043418401811504734,0.2,0.23457233607769012,0.0003,0.5630396549589932,0.024508535861968994,6340
2275,300.0,636,1302528,572,0.7662717800000002,0.250390625,-0.7162014273926616,0.04592254,-0.04669142601051135,0.2,0.08201397210359573,0.0003,0.29772095680236815,0.254319965839386,6350
2277,300.0,637,1304576,572,0.3762633999999999,0.24287109375,-0.7023983107879758,0.04366001,-0.044481958783580924,0.2,0.03406405448913574,0.0003,0.2392358423443511,0.2869557738304138,6360
2279,300.0,638,1306624,573,0.9384385599999997,0.226318359375,-0.6981000958010555,0.044739313,-0.04348491486452986,0.2,0.12888103723526,0.0003,0.5534066357649863,0.13953596353530884,6370
2281,300.0,639,1308672,573,0.7006608000000001,0.248876953125,-0.6945500710979104,0.046032865,-0.0458876045915531,0.2,0.09599258005619049,0.0003,0.3486596321221441,0.1351909041404724,6380
2283,300.0,640,1310720,573,0.69359868,0.246923828125,-0.7010191835463047,0.046504475,-0.05094036668888293,0.2,0.039389245212078094,0.0003,0.2709768377710134,0.15638601779937744,6390
2285,300.0,641,1312768,574,0.8165834,0.230078125,-0.7014654368162155,0.036896948,-0.048163642906001766,0.2,0.22822372615337372,0.0003,0.6829089391976595,0.09694236516952515,6400
2287,300.0,642,1314816,574,0.42510968,0.25009765625,-0.7028857266530395,0.0405372,-0.04549877790850587,0.2,0.15938334167003632,0.0003,0.5123658920638263,0.06204485893249512,6410
2290,300.0,643,1316864,575,0.6244333299999998,0.240625,-0.703108586370945,0.039444394,-0.04567803149693646,0.2,0.41162312030792236,0.0003,0.8670218678191304,0.12855345010757446,6420
2292,300.0,644,1318912,575,0.85172766,0.259423828125,-0.6973213776946068,0.04946139,-0.04671498140669428,0.2,0.12700647115707397,0.0003,0.4409412322565913,-0.11700904369354248,6430
2294,300.0,645,1320960,575,0.98419165,0.23916015625,-0.6973325476050377,0.04514958,-0.04267299651692156,0.2,0.09651167690753937,0.0003,0.39205168625339865,-0.106414794921875,6440
2296,300.0,646,1323008,576,0.38839896999999984,0.25537109375,-0.7234392521902919,0.045513753,-0.04720133709779475,0.2,0.00892222672700882,0.0003,0.26919897156767547,-0.10800015926361084,6450
2298,300.0,647,1325056,576,-0.38116179000000017,0.247509765625,-0.7034652307629585,0.041256003,-0.04438553136860719,0.2,0.07677219063043594,0.0003,0.26317879776470365,-0.057338833808898926,6460
2300,300.0,648,1327104,576,-0.7966176000000001,0.251904296875,-0.7258074080571533,0.042370412,-0.04651742439018562,0.2,0.007754713296890259,0.0003,0.15469086929224432,-0.012488007545471191,6470
2302,300.0,649,1329152,577,-0.9617284,0.24482421875,-0.7154070638120175,0.04536508,-0.04670784459158313,0.2,0.04319162666797638,0.0003,0.22085070991888642,0.08746153116226196,6480
2305,300.0,650,1331200,577,-0.73020168,0.253857421875,-0.7161239549517632,0.05107291,-0.04969848981127143,0.2,0.0018421858549118042,0.0003,0.2616568565368652,-0.04148304462432861,6490
2307,300.0,651,1333248,577,-0.6858737399999997,0.255078125,-0.723111579567194,0.040448736,-0.04508222720760387,0.2,0.2215271294116974,0.0003,0.4712999854236841,0.037856459617614746,6500
2309,300.0,652,1335296,578,-0.7211480499999999,0.234765625,-0.7008055942133069,0.043752585,-0.04326529145764653,0.2,0.1542336642742157,0.0003,0.3850739222019911,0.05428898334503174,6510
2311,300.0,653,1337344,578,-0.7841883399999997,0.249072265625,-0.7185896316543221,0.046242222,-0.04623905331536662,0.2,0.11943988502025604,0.0003,0.3277547402773052,0.22156590223312378,6520
2314,300.0,654,1339392,578,-0.26465740000000004,0.2396484375,-0.7041193844750524,0.044562854,-0.042486996622756124,0.2,0.2217627465724945,0.0003,0.5154234061483294,0.038121044635772705,6530
2316,300.0,655,1341440,579,-0.15391580999999982,0.24833984375,-0.7131560701876879,0.046995446,-0.04318827653769404,0.2,0.03423897922039032,0.0003,0.24203678425401448,0.32900500297546387,6540
2318,300.0,656,1343488,579,-0.4093159099999998,0.2453125,-0.6776510450989008,0.046674673,-0.04667250911297742,0.2,0.09533943235874176,0.0003,0.37421952625736593,0.32700175046920776,6550
2320,300.0,657,1345536,579,-0.54261499,0.2474609375,-0.7105193579569459,0.04173528,-0.04460054431983736,0.2,0.0803295448422432,0.0003,0.3658438283018768,0.3556522727012634,6560
2322,300.0,658,1347584,580,-0.71724808,0.24111328125,-0.6829399361275137,0.047868893,-0.04318268915085355,0.2,-0.007226504385471344,0.0003,0.1695366840576753,0.541245698928833,6570
2324,300.0,659,1349632,580,-0.8702455,0.26015625,-0.7109994664788246,0.04090458,-0.04820612485636957,0.2,0.04994620382785797,0.0003,0.24533065101131796,0.5044528841972351,6580
2327,300.0,660,1351680,580,-0.7500013299999999,0.248681640625,-0.7034369047731162,0.043903098,-0.046353221632307394,0.2,0.08354009687900543,0.0003,0.32613877425901594,0.4462161660194397,6590
2329,300.0,661,1353728,581,-0.36266508999999986,0.23798828125,-0.6859748484566808,0.04297576,-0.04137681510183029,0.2,0.01042357087135315,0.0003,0.1925938539672643,0.41816866397857666,6600
2331,300.0,662,1355776,581,0.3419971600000001,0.252490234375,-0.6928034834563732,0.043212727,-0.047327243778272535,0.2,0.06845690310001373,0.0003,0.262134162383154,0.2839151620864868,6610
2333,300.0,663,1357824,581,0.25335775,0.2205078125,-0.6851069284603,0.044135556,-0.04247423596389126,0.2,0.19843819737434387,0.0003,0.6063468066975475,0.008895337581634521,6620
2335,300.0,664,1359872,582,0.16141773000000006,0.2314453125,-0.6925702333450318,0.03679958,-0.04300451116578188,0.2,0.2116643190383911,0.0003,0.6006085408851505,0.06989312171936035,6630
2338,300.0,665,1361920,582,0.14036066000000003,0.2373046875,-0.6737862020730973,0.04254993,-0.047226535595837046,0.2,0.04878615587949753,0.0003,0.3010156566277146,0.25740623474121094,6640
2340,300.0,666,1363968,582,0.2596192999999999,0.2611328125,-0.7026009827852249,0.05172229,-0.04944206066429615,0.2,-0.03468579053878784,0.0003,0.1529472551541403,0.11788821220397949,6650
2342,300.0,667,1366016,583,0.5663438200000003,0.22314453125,-0.7147816762328147,0.035346385,-0.04355840930074919,0.2,0.16607150435447693,0.0003,0.5375213012099266,0.2251703143119812,6660
2344,300.0,668,1368064,583,0.29470028,0.251953125,-0.7003112776204944,0.049108926,-0.04727916918345727,0.2,-0.006532460451126099,0.0003,0.17769312399905174,0.37277650833129883,6670
2346,300.0,669,1370112,583,0.11121757999999982,0.232666015625,-0.6828608470037579,0.04716199,-0.04588018882495817,0.2,0.0864749625325203,0.0003,0.3508901443798095,0.28339290618896484,6680
2348,300.0,670,1372160,584,0.60354513,0.249169921875,-0.7051045401021838,0.04485605,-0.046620377610088325,0.2,0.02655058354139328,0.0003,0.31008262247778473,0.10968363285064697,6690
2350,300.0,671,1374208,584,0.8895491500000001,0.2275390625,-0.7015469007194042,0.041104294,-0.044773714055190796,0.2,0.03405176103115082,0.0003,0.3566536523401737,0.02177637815475464,6700
2353,300.0,672,1376256,584,0.8883558600000002,0.245849609375,-0.7210761180147529,0.040691048,-0.04472365702386014,0.2,0.004496857523918152,0.0003,0.18845787236932665,-0.07176804542541504,6710
2355,300.0,673,1378304,585,0.9087505200000001,0.236865234375,-0.7212071023881436,0.04183843,-0.046891406271606685,0.2,0.10644185543060303,0.0003,0.48697337564080956,0.0024549365043640137,6720
2357,300.0,674,1380352,585,0.93525311,0.2435546875,-0.7277369948104024,0.039304573,-0.04721097264555283,0.2,0.13680142164230347,0.0003,0.43955496335402133,-0.04909384250640869,6730
2359,300.0,675,1382400,585,0.53664489,0.249169921875,-0.6999299198389053,0.042731516,-0.046957196021685375,0.2,0.03502365201711655,0.0003,0.21158547492232174,-0.04930257797241211,6740
2361,300.0,676,1384448,586,0.26876974000000003,0.24306640625,-0.7235185731202364,0.038522527,-0.04631659353617579,0.2,0.018988214433193207,0.0003,0.23598951939493418,-0.008104324340820312,6750
2364,300.0,677,1386496,586,0.3559616600000001,0.228662109375,-0.7258061531931161,0.039660566,-0.04340611265215557,0.2,0.24550597369670868,0.0003,0.5863960855640471,0.03273749351501465,6760
2366,300.0,678,1388544,586,0.04859634000000012,0.25908203125,-0.714311309531331,0.05146617,-0.04707667733309791,0.2,-0.018342770636081696,0.0003,0.09468162079574541,-0.3375113010406494,6770
2368,300.0,679,1390592,587,-0.1507932099999999,0.26962890625,-0.720771818049252,0.052908417,-0.049028058513067664,0.2,-0.008091442286968231,0.0003,0.11789903005119413,-0.16545605659484863,6780
2370,300.0,680,1392640,587,-0.21699967,0.25791015625,-0.7473623987287283,0.042795908,-0.043243793793953954,0.2,-0.01370394229888916,0.0003,0.16575476087164134,-0.012072920799255371,6790
2372,300.0,681,1394688,587,0.12992082000000005,0.23779296875,-0.734895939566195,0.040644765,-0.04488799637474585,0.2,0.05769883841276169,0.0003,0.330073570786044,0.07550042867660522,6800
2375,300.0,682,1396736,588,0.15142676000000008,0.24072265625,-0.7315877169370651,0.038896613,-0.046366155715077184,0.2,0.10399487614631653,0.0003,0.39542937390506266,0.18950694799423218,6810
2377,300.0,683,1398784,588,0.47666516999999986,0.246337890625,-0.712277801334858,0.046620555,-0.04538146933191456,0.2,-0.014908194541931152,0.0003,0.13550409032031893,0.07022148370742798,6820
2442,300.0,684,1400832,573,0.25280683000000026,0.248876953125,-0.7489454172551632,0.042105068,-0.04599530833947938,0.2,0.12343668937683105,0.0003,0.32850854443386196,0.23085439205169678,6830
2444,300.0,685,1402880,573,-0.07562641999999986,0.24833984375,-0.719122302159667,0.058473982,-0.04575930094288196,0.2,0.0795106440782547,0.0003,0.24865100861061365,0.17422783374786377,6840
2446,300.0,686,1404928,574,-0.6644507599999997,0.244677734375,-0.7238236559554935,0.042660974,-0.04610872722696513,0.2,0.1968475878238678,0.0003,0.4463956083636731,-0.01757943630218506,6850
2448,300.0,687,1406976,574,-0.8181569099999999,0.23916015625,-0.7098491221666337,0.0427222,-0.04289411772333551,0.2,0.021828830242156982,0.0003,0.23500060779042542,-0.030747056007385254,6860
2451,300.0,688,1409024,574,-0.8181529599999999,0.23310546875,-0.7494984054937959,0.041972622,-0.04071359903900884,0.2,0.04420486092567444,0.0003,0.2266217802884057,-0.09214293956756592,6870
2453,300.0,689,1411072,575,-1.0974042099999999,0.25341796875,-0.7274827476590872,0.04483787,-0.0459012798324693,0.2,0.15519845485687256,0.0003,0.46734953550621866,0.02145308256149292,6880
2455,300.0,690,1413120,575,-1.0474870299999999,0.24931640625,-0.7094251114875079,0.044185128,-0.04527321591449436,0.2,0.20360469818115234,0.0003,0.526742672920227,-0.0012322664260864258,6890
2457,300.0,691,1415168,575,-0.8895415799999998,0.24892578125,-0.6891092734411359,0.043903477,-0.04262263517593965,0.2,-0.0131034255027771,0.0003,0.16200979709392413,0.10615664720535278,6900
2459,300.0,692,1417216,576,-1.1128179099999997,0.232275390625,-0.7198427196592092,0.04016742,-0.04632411727798171,0.2,0.18103978037834167,0.0003,0.49742073463276026,0.05592811107635498,6910
2461,300.0,693,1419264,576,-1.00406059,0.239208984375,-0.7143704853951931,0.037428197,-0.04369151094870176,0.2,0.030952222645282745,0.0003,0.18031674795784056,0.04645663499832153,6920
2463,300.0,694,1421312,576,-0.6158956000000002,0.2431640625,-0.7175252756103874,0.04411991,-0.047332068998366596,0.2,0.00677143782377243,0.0003,0.19591227751225232,0.172978937625885,6930
2466,300.0,695,1423360,577,-0.96334719,0.248974609375,-0.7047526273876429,0.049462177,-0.04756109692098107,0.2,0.1372302621603012,0.0003,0.3940238259267062,0.2687527537345886,6940
2468,300.0,696,1425408,577,-1.4866592899999997,0.245556640625,-0.7152346797287464,0.043136522,-0.046260654267098286,0.2,0.1120615154504776,0.0003,0.4726313822902739,0.24249029159545898,6950
2470,300.0,697,1427456,577,-1.72532542,0.248583984375,-0.6908578030765057,0.046824552,-0.041646660305559635,0.2,0.008085530251264572,0.0003,0.16164028686471282,0.4119029641151428,6960
2472,300.0,698,1429504,578,-1.6320814100000007,0.23349609375,-0.726542610116303,0.03918446,-0.04365854362404207,0.2,0.03750740736722946,0.0003,0.32025656951591375,0.14239811897277832,6970
2474,300.0,699,1431552,578,-1.30563152,0.23984375,-0.706990723311901,0.045097284,-0.045067832160566465,0.2,0.024634748697280884,0.0003,0.293600572925061,0.2460506558418274,6980
2476,300.0,700,1433600,578,-1.01342107,0.223388671875,-0.7006978210061788,0.04168497,-0.04425601504044607,0.2,0.21947446465492249,0.0003,0.5866104600951075,0.3585248589515686,6990
2479,300.0,701,1435648,579,-0.5305334200000001,0.2568359375,-0.7249502561986446,0.04719481,-0.045279098418541254,0.2,0.021959159523248672,0.0003,0.17955932165496052,0.5124808549880981,7000
2481,300.0,702,1437696,579,-0.21114573000000017,0.230126953125,-0.7032122395932674,0.0411037,-0.0449633159005316,0.2,0.21258118748664856,0.0003,0.6376834612339735,0.27537697553634644,7010
2483,300.0,703,1439744,579,-0.21652492000000023,0.273583984375,-0.6943935690447688,0.052540228,-0.045817792601883414,0.2,0.05676163733005524,0.0003,0.25269038588739934,0.03161698579788208,7020
2485,300.0,704,1441792,580,0.16582143999999974,0.229150390625,-0.6745623521506786,0.043691352,-0.042326961731305346,0.2,0.13787150382995605,0.0003,0.5632144504226744,0.01958388090133667,7030
2488,300.0,705,1443840,580,0.17136536000000002,0.230029296875,-0.6515212815254927,0.047123812,-0.042975513546844014,0.2,-0.002527102828025818,0.0003,0.1875907886540517,-0.07355284690856934,7040
2490,300.0,706,1445888,580,0.6129466700000002,0.241015625,-0.6788300409913063,0.042984273,-0.047132162825437265,0.2,0.13565614819526672,0.0003,0.4464274259284139,0.03194582462310791,7050
2492,300.0,707,1447936,580,0.7387659,0.232080078125,-0.6629760354757309,0.042508792,-0.041177923887153155,0.2,0.11595964431762695,0.0003,0.48048461936414244,0.09142667055130005,7060
2495,300.0,708,1449984,581,0.5509618000000001,0.240185546875,-0.6681307403370738,0.055023514,-0.04044161911588162,0.2,0.2491443008184433,0.0003,0.5496639342978596,-0.12417769432067871,7070
2497,300.0,709,1452032,581,0.64255851,0.245654296875,-0.6517571598291397,0.048950337,-0.04241927936673164,0.2,0.11905568838119507,0.0003,0.3099606339354068,0.07284665107727051,7080
2499,300.0,710,1454080,581,0.8012123800000001,0.2064453125,-0.636538689956069,0.038054936,-0.04053852146462304,0.2,0.22060424089431763,0.0003,0.8081233525648713,0.006217241287231445,7090
2501,300.0,711,1456128,582,1.1654505199999998,0.240283203125,-0.656148917786777,0.045819502,-0.04208480916713597,0.2,0.19916479289531708,0.0003,0.7607375132851303,-0.009679079055786133,7100
2503,300.0,712,1458176,582,1.4294657100000001,0.20859375,-0.6210346997715532,0.03767215,-0.039661572585464454,0.2,0.22079621255397797,0.0003,0.4808386847376823,-0.09045898914337158,7110
2505,300.0,713,1460224,582,1.3031167699999997,0.22412109375,-0.614951365813613,0.05469402,-0.04153942862758413,0.2,0.3000408709049225,0.0003,0.719905273243785,0.03309226036071777,7120
2508,300.0,714,1462272,583,1.35094645,0.254296875,-0.6283232583664358,0.053062703,-0.04845139415410813,0.2,-0.01281304657459259,0.0003,0.16546935804653912,0.2570352554321289,7130
2510,300.0,715,1464320,583,1.38378491,0.2365234375,-0.5938255886547268,0.05158867,-0.041962414121371694,0.2,0.18995246291160583,0.0003,0.5466846276074648,0.01940709352493286,7140
2512,300.0,716,1466368,583,1.3550307800000005,0.243896484375,-0.6017620180733502,0.04873047,-0.04208374196896329,0.2,0.02282605692744255,0.0003,0.1991918580373749,-0.033869385719299316,7150
2514,300.0,717,1468416,583,1.1142326100000002,0.2267578125,-0.6188407224602998,0.046403673,-0.04284968500433024,0.2,0.23009853065013885,0.0003,0.5726322755217552,0.17297965288162231,7160
2517,300.0,718,1470464,584,1.13262961,0.251318359375,-0.60840047551319,0.052954514,-0.04092411975143477,0.2,0.00934329628944397,0.0003,0.2603304604301229,0.2073986530303955,7170
2519,300.0,719,1472512,584,0.9657024799999998,0.242236328125,-0.6227693166583776,0.046922617,-0.044119723088806496,0.2,0.06284511089324951,0.0003,0.22647542390041053,0.37354540824890137,7180
2521,300.0,720,1474560,584,1.0161118799999997,0.22705078125,-0.6212499178946018,0.04462984,-0.037244196163374,0.2,0.04215209186077118,0.0003,0.2675314877415076,0.4460793733596802,7190
2523,300.0,721,1476608,585,1.26923382,0.23037109375,-0.588901094906032,0.050892793,-0.04002291787182912,0.2,0.09322189539670944,0.0003,0.34679109081625936,0.32188278436660767,7200
2525,300.0,722,1478656,585,1.0450615200000002,0.2380859375,-0.6087738104164601,0.051897082,-0.04487328833929496,0.2,0.043983280658721924,0.0003,0.28225013627670703,0.4515913724899292,7210
2528,300.0,723,1480704,585,0.7230131499999999,0.219580078125,-0.6204097263514996,0.0407122,-0.040946610760875045,0.2,0.34639135003089905,0.0003,0.8300119680352509,0.20960623025894165,7220
2530,300.0,724,1482752,585,0.6786782499999998,0.226953125,-0.6166529214009643,0.043009408,-0.03632539576792624,0.2,0.08269892632961273,0.0003,0.21706495964899658,0.429060697555542,7230
2532,300.0,725,1484800,586,0.7825785000000002,0.2185546875,-0.6039249311201275,0.03961134,-0.04149426632066024,0.2,0.13571764528751373,0.0003,0.4496221154928207,0.3166937232017517,7240
2535,300.0,726,1486848,586,0.3976416099999999,0.216357421875,-0.6084775337018072,0.03708847,-0.042665479084826076,0.2,0.16080708801746368,0.0003,0.6277644746005535,-0.025296807289123535,7250
2537,300.0,727,1488896,586,0.6044601099999999,0.23515625,-0.6200747380033136,0.044831797,-0.04438179979915731,0.2,0.06702108681201935,0.0003,0.2951319439802319,0.3629259467124939,7260
2540,300.0,728,1490944,586,0.30331564,0.254248046875,-0.6236763221211732,0.056278944,-0.04528422303847037,0.2,0.014650784432888031,0.0003,0.22728569405153393,0.13941943645477295,7270
2542,300.0,729,1492992,587,-0.0011227800000000877,0.2443359375,-0.6197721373289824,0.047416646,-0.045736055824090724,0.2,0.12143850326538086,0.0003,0.3880316883325577,-9.834766387939453e-05,7280
2544,300.0,730,1495040,587,-0.22186281000000016,0.221435546875,-0.6282316301017999,0.04425039,-0.040740681110764856,0.2,0.06242002546787262,0.0003,0.3264718986582011,0.03195607662200928,7290
2547,300.0,731,1497088,587,-0.012373620000000028,0.2294921875,-0.6240671494044363,0.050645553,-0.041276311757974325,0.2,0.18521375954151154,0.0003,0.4892514333128929,0.2538643479347229,7300
2549,300.0,732,1499136,588,-0.14196725,0.221435546875,-0.6252458762377501,0.041099206,-0.04107202645100187,0.2,0.19160297513008118,0.0003,0.46356316171586515,-0.0013524293899536133,7310
2626,300.0,733,1501184,571,-0.2813076000000001,0.25634765625,-0.6390626117587089,0.06365134,-0.043238391604973,0.2,0.0292629674077034,0.0003,0.19860756108537317,0.06363022327423096,7320
2629,300.0,734,1503232,571,-0.8302889100000002,0.237744140625,-0.6255795943550766,0.050873622,-0.045069627373595725,0.2,-0.024590685963630676,0.0003,0.16818629978224636,-0.23895800113677979,7330
2631,300.0,735,1505280,572,-0.83546129,0.255126953125,-0.6336989079602062,0.06594424,-0.04941934413509443,0.2,-0.01884905993938446,0.0003,0.15869044319260867,-0.04011392593383789,7340
2633,300.0,736,1507328,572,-0.7355054400000002,0.229833984375,-0.6403233755379916,0.04609362,-0.043861125226248986,0.2,0.0745379850268364,0.0003,0.3876779313664883,0.010778546333312988,7350
2636,300.0,737,1509376,572,-0.10943364000000003,0.246875,-0.6402381057851017,0.048198216,-0.04161250185279641,0.2,0.02673257142305374,0.0003,0.3003993480466306,0.0833660364151001,7360
2638,300.0,738,1511424,572,0.06290448000000017,0.219287109375,-0.6273494401946664,0.04340347,-0.0430687634361675,0.2,0.06057974696159363,0.0003,0.41876767757348715,-0.035750746726989746,7370
2640,300.0,739,1513472,573,0.19694432000000003,0.222607421875,-0.6260008650831879,0.043844588,-0.03958320907549932,0.2,0.06336817145347595,0.0003,0.32701280382461845,0.10939425230026245,7380
2642,300.0,740,1515520,573,0.29269169,0.237255859375,-0.6346347796730697,0.048969172,-0.041313401715888175,0.2,0.033816732466220856,0.0003,0.2506516936700791,0.09194976091384888,7390
2645,300.0,741,1517568,573,0.12252147999999989,0.251953125,-0.6190956841222942,0.057143375,-0.0448850619897712,0.2,0.016572222113609314,0.0003,0.292864088807255,0.07620060443878174,7400
2647,300.0,742,1519616,574,0.47414072999999995,0.24052734375,-0.6581752168014645,0.04310773,-0.04298641360364854,0.2,0.06639014929533005,0.0003,0.29908176357857885,0.14205652475357056,7410
2649,300.0,743,1521664,574,0.3247659300000001,0.23291015625,-0.6501531165093184,0.049004957,-0.04331350481661502,0.2,0.08435966819524765,0.0003,0.3060452837962657,0.185366690158844,7420
2651,300.0,744,1523712,574,0.2093040600000001,0.228125,-0.6463579660281539,0.046311714,-0.04141419327352196,0.2,0.057268302887678146,0.0003,0.3358436327427626,0.13920676708221436,7430
2653,300.0,745,1525760,574,0.08728344000000003,0.21455078125,-0.6510745584964752,0.043461848,-0.03833120685594622,0.2,0.34411877393722534,0.0003,0.8873929172754288,0.03306472301483154,7440
2656,300.0,746,1527808,575,-0.04529166000000002,0.248486328125,-0.6387313203886151,0.046623684,-0.04691672908520559,0.2,0.07978555560112,0.0003,0.4763187660370022,0.12367457151412964,7450
2658,300.0,747,1529856,575,-0.08755854000000003,0.262939453125,-0.6578299615532159,0.053588323,-0.04944998604769353,0.2,0.1124034896492958,0.0003,0.419566885009408,-0.014335155487060547,7460
2660,300.0,748,1531904,575,0.28871435,0.25419921875,-0.6373522065579891,0.055369027,-0.04505825400119647,0.2,-0.010239645838737488,0.0003,0.14678166715893895,-0.1531890630722046,7470
2662,300.0,749,1533952,576,0.16618019999999994,0.22724609375,-0.6503211537376046,0.046944797,-0.04074887835304253,0.2,0.25547873973846436,0.0003,0.7345422432757914,0.015543818473815918,7480
2665,300.0,750,1536000,576,0.009258019999999955,0.24541015625,-0.6383261212147773,0.052697115,-0.0437597456300864,0.2,0.16988906264305115,0.0003,0.4516766557469964,-0.14640462398529053,7490
2667,300.0,751,1538048,576,-0.11977086999999985,0.2521484375,-0.6469794465228915,0.05759771,-0.0471523172367597,0.2,0.03538784384727478,0.0003,0.28431638958863914,0.053389012813568115,7500
2669,300.0,752,1540096,576,-0.39599179000000023,0.26259765625,-0.6638556450605393,0.054364875,-0.04548785698862048,0.2,0.09973803907632828,0.0003,0.3702539851423353,0.012371182441711426,7510
2671,300.0,753,1542144,577,-0.34628845999999996,0.24287109375,-0.6549129713326692,0.052654438,-0.04276334605528973,0.2,0.06766067445278168,0.0003,0.3432376792654395,0.10589838027954102,7520
2674,300.0,754,1544192,577,-0.18444102999999998,0.2318359375,-0.6449143821373582,0.036855817,-0.04214702678873437,0.2,0.06546454131603241,0.0003,0.4206523187458515,0.07746356725692749,7530
2676,300.0,755,1546240,577,-0.29386008999999996,0.229150390625,-0.6431992297060788,0.039326932,-0.042707979222177526,0.2,0.3782600462436676,0.0003,1.180501402541995,0.0098457932472229,7540
2678,300.0,756,1548288,578,-0.45869457999999985,0.248583984375,-0.6568195411935449,0.047320344,-0.044423257852031384,0.2,0.08562709391117096,0.0003,0.3432563798967749,-0.11779046058654785,7550
2680,300.0,757,1550336,578,-0.7431245599999998,0.27392578125,-0.6735257226973772,0.05828255,-0.047815051791258154,0.2,0.10687583684921265,0.0003,0.3165518517140299,-0.032092928886413574,7560
2683,300.0,758,1552384,578,-0.39239826999999994,0.254638671875,-0.6575461907312274,0.053662427,-0.0460426682504476,0.2,0.10442863404750824,0.0003,0.35865278970450165,0.16759365797042847,7570
2685,300.0,759,1554432,578,-0.18698857000000008,0.235498046875,-0.6284856428392231,0.046236932,-0.041414959775283935,0.2,0.12958618998527527,0.0003,0.41325411065481604,-0.06716549396514893,7580
2687,300.0,760,1556480,579,0.28862875000000016,0.23154296875,-0.6556836102157831,0.042741712,-0.042827790704905055,0.2,0.16425944864749908,0.0003,0.5241035862825811,0.0717165470123291,7590
2689,300.0,761,1558528,579,0.4090833500000002,0.25615234375,-0.6702446045354009,0.052423082,-0.04632179240579717,0.2,0.090443454682827,0.0003,0.3708434457890689,-0.1007394790649414,7600
2691,300.0,762,1560576,579,0.3606838800000001,0.2365234375,-0.6605507105588913,0.045251623,-0.04219015732232947,0.2,0.015481673181056976,0.0003,0.39501275643706324,0.1621795892715454,7610
2693,300.0,763,1562624,580,0.3226030200000001,0.222607421875,-0.6581105401739478,0.042925514,-0.043256934706005265,0.2,0.2079014778137207,0.0003,0.5259976934641599,-0.04245889186859131,7620
2696,300.0,764,1564672,580,-0.012187160000000148,0.248291015625,-0.649591394327581,0.0790788,-0.04399783455010038,0.2,0.23375371098518372,0.0003,0.5536402969621121,-0.17891407012939453,7630
2698,300.0,765,1566720,580,0.39292028,0.230615234375,-0.6362158251926303,0.043571874,-0.03995696147030685,0.2,0.10995997488498688,0.0003,0.38110246835276484,-0.04859471321105957,7640
2700,300.0,766,1568768,580,0.059296860000000076,0.264208984375,-0.6573063608258962,0.053552113,-0.04927108205738477,0.2,0.05661323666572571,0.0003,0.2829171305987984,0.14399588108062744,7650
2703,300.0,767,1570816,581,-0.2561789399999999,0.24970703125,-0.647956030163914,0.057316653,-0.04359751245647203,0.2,0.14050939679145813,0.0003,0.3558820347767323,0.04636913537979126,7660
2705,300.0,768,1572864,581,0.007650449999999953,0.23623046875,-0.6340380657464266,0.052251313,-0.04179176815378014,0.2,0.024187594652175903,0.0003,0.17431755349971353,0.10865473747253418,7670
2707,300.0,769,1574912,581,-0.5477397600000001,0.258837890625,-0.627759207226336,0.047268834,-0.04597274530970026,0.2,0.1295158565044403,0.0003,0.36240500011481347,-0.05468320846557617,7680
2709,300.0,770,1576960,582,-0.2289968400000001,0.228173828125,-0.6285512724891305,0.045381352,-0.04155346210754942,0.2,0.06912772357463837,0.0003,0.3020320264622569,-0.03903055191040039,7690
2711,300.0,771,1579008,582,-0.4824359199999999,0.2359375,-0.6247242734767496,0.042523287,-0.04326594662561547,0.2,0.11026033014059067,0.0003,0.4712369395419955,-0.00861966609954834,7700
2713,300.0,772,1581056,582,-0.82297003,0.225,-0.6333797159604728,0.041934483,-0.04093074884149246,0.2,0.3664427399635315,0.0003,0.6899513962678612,0.08625900745391846,7710
2716,300.0,773,1583104,582,-0.9286276499999998,0.23515625,-0.6160655913874507,0.047889672,-0.04376155934296548,0.2,0.1372060775756836,0.0003,0.4189414907246828,0.10155844688415527,7720
2718,300.0,774,1585152,583,-1.0277072400000002,0.250927734375,-0.6213839833624661,0.054064177,-0.045194979258667445,0.2,0.12865382432937622,0.0003,0.3392412144690752,0.2183605432510376,7730
2720,300.0,775,1587200,583,-0.9197877900000004,0.25283203125,-0.6166259956546127,0.052284796,-0.044638322075479665,0.2,0.1296839714050293,0.0003,0.4104492808692157,0.16257363557815552,7740
2722,300.0,776,1589248,583,-1.23790744,0.232958984375,-0.6294835422188043,0.0485892,-0.036782069073524326,0.2,0.11942260712385178,0.0003,0.48272803174331785,0.08573979139328003,7750
2725,300.0,777,1591296,583,-1.32457425,0.22275390625,-0.60524998344481,0.04941264,-0.04334180553996703,0.2,0.20229627192020416,0.0003,0.5987270746380091,0.12851333618164062,7760
2728,300.0,778,1593344,584,-0.6061676699999999,0.2462890625,-0.633607891574502,0.049410194,-0.04507347775215749,0.2,0.1331530213356018,0.0003,0.673810210917145,0.22085458040237427,7770
2730,300.0,779,1595392,584,-0.14541830999999997,0.2384765625,-0.6230825174599885,0.050324522,-0.04331395387998782,0.2,0.061814822256565094,0.0003,0.40283071720041336,0.46667879819869995,7780
2732,300.0,780,1597440,584,-0.68705613,0.24287109375,-0.6083822458051145,0.05096257,-0.04332569092803169,0.2,0.13046365976333618,0.0003,0.3640189388301224,0.437408447265625,7790
2734,300.0,781,1599488,584,-0.3009756600000002,0.25283203125,-0.6256938248872757,0.05547306,-0.04440042712958529,0.2,0.06856095790863037,0.0003,0.37794174952432513,0.3882066011428833,7800
2802,300.0,782,1601536,571,0.3497532899999999,0.2392578125,-0.6023625141941011,0.050585855,-0.041441216750536115,0.2,0.15026870369911194,0.0003,0.3984486808534712,0.3786349296569824,7810
2805,300.0,783,1603584,571,-0.15756524999999993,0.234375,-0.619573341216892,0.0467396,-0.04321052476298064,0.2,0.1729428470134735,0.0003,0.5897880556993187,0.29168951511383057,7820
2807,300.0,784,1605632,571,-0.57333222,0.2294921875,-0.6391527144238353,0.045311168,-0.04350777720683254,0.2,0.15669943392276764,0.0003,0.5571251151151955,-0.2568778991699219,7830
2809,300.0,785,1607680,572,-0.45398134,0.241162109375,-0.6288233129307628,0.046099517,-0.046627735975198446,0.2,0.21152830123901367,0.0003,0.5335585664026439,0.03447932004928589,7840
2812,300.0,786,1609728,572,0.25694465,0.2498046875,-0.6126297801733017,0.050488107,-0.04263663060264662,0.2,0.04053898900747299,0.0003,0.2578367508715019,0.05803823471069336,7850
2814,300.0,787,1611776,572,0.3758746099999998,0.269384765625,-0.627367183752358,0.05516416,-0.04393910206272267,0.2,0.06088557094335556,0.0003,0.2864488124847412,-0.12082982063293457,7860
2817,300.0,788,1613824,572,0.21297831000000006,0.262353515625,-0.6120759725570679,0.05715001,-0.0450659969705157,0.2,0.005654580891132355,0.0003,0.16083550315815956,-0.09805607795715332,7870
2819,300.0,789,1615872,573,0.5023576299999999,0.220556640625,-0.6183245833031833,0.040351328,-0.03944148990412941,0.2,0.16973239183425903,0.0003,0.5153338924050331,0.002120375633239746,7880
2821,300.0,790,1617920,573,0.5881596299999998,0.2443359375,-0.6264385067857802,0.047709122,-0.043262869786121885,0.2,0.14678819477558136,0.0003,0.5217024188488721,0.07918721437454224,7890
2823,300.0,791,1619968,573,0.75090042,0.22109375,-0.6176585391163826,0.042691007,-0.04168954716587905,0.2,0.39027225971221924,0.0003,0.9593399936333299,0.016053199768066406,7900
2826,300.0,792,1622016,573,0.5796297900000001,0.247705078125,-0.6284473981708288,0.055065,-0.04495911988633452,0.2,0.015101678669452667,0.0003,0.1977483490947634,-0.09123218059539795,7910
2828,300.0,793,1624064,574,0.25081326,0.22958984375,-0.5994014832191169,0.053806577,-0.044916026567807424,0.2,0.0459473542869091,0.0003,0.34228568035177886,0.23056697845458984,7920
2830,300.0,794,1626112,574,-0.003281689999999919,0.242822265625,-0.6158012297935784,0.059372228,-0.03760223749559373,0.2,0.1683843731880188,0.0003,0.3923439566046,0.09509390592575073,7930
2832,300.0,795,1628160,574,0.11380422000000001,0.2423828125,-0.6014839904382825,0.05139173,-0.044931417290354145,0.2,0.007700033485889435,0.0003,0.23105333256535232,0.14981019496917725,7940
2834,300.0,796,1630208,575,-0.036445289999999846,0.23408203125,-0.5903818493708968,0.052201517,-0.043825647413905246,0.2,0.2432977706193924,0.0003,0.5922260892577469,0.1502819061279297,7950
2837,300.0,797,1632256,575,-0.24256039999999993,0.247021484375,-0.588440201152116,0.051636778,-0.042743046695250086,0.2,-0.013604778796434402,0.0003,0.1841085307765752,-0.14607977867126465,7960
2839,300.0,798,1634304,575,-0.10228236999999987,0.23857421875,-0.609355978295207,0.053093605,-0.04253766799229197,0.2,0.023980364203453064,0.0003,0.26082135336473583,0.021626055240631104,7970
2841,300.0,799,1636352,575,0.3346958600000001,0.250634765625,-0.621663098782301,0.045255225,-0.04376017762115225,0.2,0.08506281673908234,0.0003,0.27253556200303136,0.0435030460357666,7980
2844,300.0,800,1638400,576,0.18489128000000019,0.227001953125,-0.5982618087902665,0.041652467,-0.04362737610936165,0.2,0.08911491185426712,0.0003,0.48545710649341345,-0.03318333625793457,7990
2846,300.0,801,1640448,576,-0.22562069999999987,0.22255859375,-0.6240944903343916,0.038909316,-0.041168643548735416,0.2,0.45775532722473145,0.0003,0.9992685083299875,0.033264219760894775,8000
2849,300.0,802,1642496,576,-0.06518439000000005,0.236083984375,-0.6085313289426267,0.045471944,-0.04196487933804747,0.2,0.1196395754814148,0.0003,0.3525454218033701,-0.0003783702850341797,8010
2851,300.0,803,1644544,576,-0.20641811999999984,0.25517578125,-0.6224947127513587,0.054247282,-0.04750445952086011,0.2,-0.014416974037885666,0.0003,0.09950209291419014,0.131677508354187,8020
2853,300.0,804,1646592,576,-0.0968048199999997,0.250537109375,-0.6128150227479636,0.05736173,-0.04460842863772996,0.2,-0.01592206209897995,0.0003,0.12862474385183303,0.15439289808273315,8030
2856,300.0,805,1648640,577,-0.47734193999999974,0.23046875,-0.6156572486273945,0.043723557,-0.041681540408171715,0.2,0.7236452698707581,0.0003,1.3004420561715961,0.059175193309783936,8040
2858,300.0,806,1650688,577,-0.76218001,0.239501953125,-0.5864643910899758,0.051072318,-0.04432214193802793,0.2,0.050997018814086914,0.0003,0.2967221137136221,-0.11274182796478271,8050
2860,300.0,807,1652736,577,-0.27695798999999993,0.241845703125,-0.5890872738324106,0.044616543,-0.04209610467951279,0.2,0.06253542006015778,0.0003,0.3680245766416192,0.11808180809020996,8060
2862,300.0,808,1654784,578,-0.030926909999999867,0.2447265625,-0.5988680410198868,0.04988869,-0.0423885475815041,0.2,0.07060430198907852,0.0003,0.28793136635795236,-0.024273037910461426,8070
2864,300.0,809,1656832,578,-0.39711381,0.24033203125,-0.597486155666411,0.04785389,-0.04451169244130142,0.2,0.2707425355911255,0.0003,0.5851890063844621,-0.021684646606445312,8080
2867,300.0,810,1658880,578,-0.6002395200000001,0.22802734375,-0.5948618610389531,0.044959474,-0.040171225782250984,0.2,0.20202219486236572,0.0003,0.48978663329035044,-0.09597206115722656,8090
2870,300.0,811,1660928,578,-0.6024213300000002,0.255126953125,-0.6158486251719296,0.055196717,-0.04305469657701906,0.2,0.025897912681102753,0.0003,0.35660688001662494,-0.02423989772796631,8100
2873,300.0,812,1662976,578,-0.70028826,0.2375,-0.5958710746839643,0.050795518,-0.04197303948312765,0.2,0.05229424685239792,0.0003,0.2902294913306832,0.022484540939331055,8110
2876,300.0,813,1665024,578,-0.9197048199999999,0.239794921875,-0.6122302735224366,0.048017435,-0.04587014389107935,0.2,-0.010846391320228577,0.0003,0.16910198049154132,0.00824129581451416,8120
2878,300.0,814,1667072,579,-0.63852638,0.238330078125,-0.612801197078079,0.051390916,-0.04591206231270917,0.2,-0.0071123093366622925,0.0003,0.20891543987672775,0.2446821928024292,8130
2880,300.0,815,1669120,579,-0.6721368699999997,0.24599609375,-0.5845411123707891,0.058298826,-0.04410281712771393,0.2,0.024292275309562683,0.0003,0.17687227523420007,0.2418726086616516,8140
2883,300.0,816,1671168,579,-0.8494601799999998,0.242529296875,-0.5933715797029435,0.046331957,-0.04429337927285815,0.2,0.00195380300283432,0.0003,0.1712871927767992,0.5462927222251892,8150
2885,300.0,817,1673216,579,-1.1518930299999999,0.216455078125,-0.6105540185235441,0.04578949,-0.04051256831153296,0.2,0.1772383451461792,0.0003,0.5739572247490287,0.21817010641098022,8160
2888,300.0,818,1675264,579,-0.95698183,0.23251953125,-0.6018266302533448,0.050878108,-0.042709436389850454,0.2,0.032915808260440826,0.0003,0.2602985736913979,0.4131031632423401,8170
2890,300.0,819,1677312,580,-0.2568286099999998,0.22763671875,-0.6067151289433241,0.052391544,-0.04337292398267891,0.2,0.1092953011393547,0.0003,0.34751227372325955,0.27250808477401733,8180
2893,300.0,820,1679360,580,-0.42905824999999986,0.225146484375,-0.5891935671679676,0.044167094,-0.041476038820110264,0.2,0.09179346263408661,0.0003,0.33298311796970664,0.4053191542625427,8190
2895,300.0,821,1681408,580,-0.54244031,0.2732421875,-0.6185056962072849,0.05822142,-0.0489102688676212,0.2,-0.023534588515758514,0.0003,0.20300290742889046,0.2997053861618042,8200
2898,300.0,822,1683456,580,-0.4151828999999998,0.234521484375,-0.5894577431492507,0.053535365,-0.042214352209703064,0.2,0.09897464513778687,0.0003,0.27861850685440004,0.2947290539741516,8210
2900,300.0,823,1685504,581,-0.2942726,0.239990234375,-0.5851657222025096,0.050979555,-0.0404868773825001,0.2,0.06091833859682083,0.0003,0.2643227287102491,0.4469575881958008,8220
2903,300.0,824,1687552,581,-0.21461823000000002,0.23095703125,-0.6243078170344234,0.046438135,-0.04422460919886362,0.2,0.05529438704252243,0.0003,0.3326485550031066,0.4353041648864746,8230
2905,300.0,825,1689600,581,-0.20820400999999986,0.244873046875,-0.6078018007799983,0.05165563,-0.04503750192816369,0.2,0.037755101919174194,0.0003,0.20294436342082917,0.18452107906341553,8240
2908,300.0,826,1691648,581,-0.1585258599999999,0.237158203125,-0.6135752421803773,0.04927261,-0.045525111457391174,0.2,0.002015829086303711,0.0003,0.15046045277267694,0.33508872985839844,8250
2910,300.0,827,1693696,581,0.09419666000000004,0.236669921875,-0.5971682360395789,0.04886215,-0.04431064638047246,0.2,0.0954139456152916,0.0003,0.22538966950960457,0.10724258422851562,8260
2912,300.0,828,1695744,582,0.04574485000000008,0.232666015625,-0.6174162135459482,0.051712938,-0.04063971468131058,0.2,0.04728829860687256,0.0003,0.31454758807085453,0.14594966173171997,8270
2915,300.0,829,1697792,582,0.060488369999999986,0.2412109375,-0.6175755948759616,0.04624959,-0.04584907444950659,0.2,0.13949653506278992,0.0003,0.4978566521778703,0.00958704948425293,8280
2917,300.0,830,1699840,582,1.0840129100000002,0.24443359375,-0.6079373205080628,0.056482535,-0.04725719609414227,0.2,0.02817106992006302,0.0003,0.24346798625774682,0.17766278982162476,8290
2995,300.0,831,1701888,568,1.22501457,0.248681640625,-0.6171430033631623,0.053202514,-0.045208165337680836,0.2,-0.016055479645729065,0.0003,0.1549854387063533,0.47812914848327637,8300
2997,300.0,832,1703936,568,1.63103932,0.251171875,-0.5969161042943597,0.053693436,-0.04616352236189414,0.2,-0.007968619465827942,0.0003,0.13932445887476205,0.33079588413238525,8310
2999,300.0,833,1705984,568,1.3504440400000002,0.239013671875,-0.6280611692927778,0.049155444,-0.045346769539173694,0.2,0.03995027393102646,0.0003,0.23919269829057158,0.39450669288635254,8320
3002,300.0,834,1708032,568,0.4465607200000001,0.23583984375,-0.6122940989211202,0.044966772,-0.04401318627787987,0.2,0.07470232248306274,0.0003,0.35596105954609814,0.48220115900039673,8330
3004,300.0,835,1710080,569,0.21689125999999995,0.2291015625,-0.6055072484537959,0.048636384,-0.043098527824622576,0.2,0.008922204375267029,0.0003,0.15770848500542342,0.6660919189453125,8340
3006,300.0,836,1712128,569,-0.07683683000000005,0.224560546875,-0.5970672116614878,0.051455572,-0.04316987847851124,0.2,0.07566244155168533,0.0003,0.3348112245555967,0.6215720772743225,8350
3009,300.0,837,1714176,569,-0.01380076000000004,0.235791015625,-0.6113409282639622,0.04732113,-0.03992064233752899,0.2,0.06992338597774506,0.0003,0.45740757626481354,0.5587341785430908,8360
3011,300.0,838,1716224,569,0.012444409999999993,0.235498046875,-0.6054187445901335,0.05351545,-0.043067226151470094,0.2,0.018885783851146698,0.0003,0.2461274784989655,0.3831002116203308,8370
3013,300.0,839,1718272,570,-0.34584251,0.2470703125,-0.6251207130029798,0.05145237,-0.04818023447005544,0.2,0.10285715758800507,0.0003,0.3903392321430147,0.3448787331581116,8380
3016,300.0,840,1720320,570,-0.11611154000000021,0.233203125,-0.6099550240673125,0.054054055,-0.04055732351844199,0.2,0.0899222269654274,0.0003,0.3255706951022148,0.3996845483779907,8390
3018,300.0,841,1722368,570,-0.11549575000000012,0.240478515625,-0.5960332645103336,0.053960532,-0.04524382041417994,0.2,0.04897266626358032,0.0003,0.309907982731238,0.19228994846343994,8400
3021,300.0,842,1724416,570,-0.59984265,0.244580078125,-0.6196557784453034,0.063079774,-0.045277003294904715,0.2,0.15867483615875244,0.0003,0.31983374813571575,0.30986684560775757,8410
3023,300.0,843,1726464,571,0.01860674000000005,0.2349609375,-0.6175160767510534,0.03995485,-0.03920945159625262,0.2,0.166841059923172,0.0003,0.7143314640969038,0.11895698308944702,8420
3025,300.0,844,1728512,571,-0.22527037999999988,0.247265625,-0.6180033138953149,0.05358287,-0.04554553011839744,0.2,0.04116494581103325,0.0003,0.22092059231363237,0.046148598194122314,8430
3028,300.0,845,1730560,571,-0.83049062,0.25263671875,-0.627650361135602,0.055211626,-0.047165083032450636,0.2,0.03220809996128082,0.0003,0.2550742046441883,0.14473509788513184,8440
3031,300.0,846,1732608,571,-1.07152874,0.23779296875,-0.6296765657141805,0.049772978,-0.04702001241093967,0.2,0.03315912187099457,0.0003,0.2459570721257478,0.00022518634796142578,8450
3034,300.0,847,1734656,571,-0.98181336,0.24599609375,-0.6175308482721448,0.054921173,-0.046339837863342836,0.2,0.06452140212059021,0.0003,0.20949100386351346,0.012608766555786133,8460
3036,300.0,848,1736704,571,-0.13501949000000013,0.24716796875,-0.6340020740404725,0.05256626,-0.047581174096558244,0.2,0.13785000145435333,0.0003,0.4092129975557327,0.014657557010650635,8470
3039,300.0,849,1738752,572,0.2177066999999997,0.233349609375,-0.645600144378841,0.04658498,-0.04433470193762332,0.2,0.1508684754371643,0.0003,0.3054535948671401,0.12248289585113525,8480
3041,300.0,850,1740800,572,0.6062497299999998,0.246435546875,-0.6534409997984767,0.045093007,-0.046124225796665995,0.2,0.015040360391139984,0.0003,0.24034807016141713,0.18496698141098022,8490
3044,300.0,851,1742848,572,0.6713131699999999,0.236083984375,-0.6363324261270463,0.051022597,-0.04427662438538391,0.2,0.0510876327753067,0.0003,0.2628403983078897,0.1844736933708191,8500
3047,300.0,852,1744896,572,0.3335079600000001,0.249072265625,-0.6485731049440802,0.051273175,-0.049121436473797075,0.2,0.03790599852800369,0.0003,0.2794909467920661,0.0284883975982666,8510
3050,300.0,853,1746944,572,0.39865795000000015,0.233935546875,-0.6521991309709847,0.053862657,-0.04652797524468042,0.2,0.1308528184890747,0.0003,0.48640125812962653,0.05671072006225586,8520
3052,300.0,854,1748992,572,0.16229515000000028,0.2212890625,-0.6436186334118247,0.04596619,-0.04247120274521876,0.2,0.25198397040367126,0.0003,0.579302910529077,-0.12470746040344238,8530
3056,300.0,855,1751040,572,0.3819743,0.26787109375,-0.6727389907464385,0.065821104,-0.048904297736589795,0.2,0.09231419116258621,0.0003,0.2917249341495335,0.12927299737930298,8540
3058,300.0,856,1753088,573,0.24368310999999993,0.226318359375,-0.6412366297096014,0.04384721,-0.04304209033725783,0.2,0.17984619736671448,0.0003,0.652924923505634,0.0981442928314209,8550
3061,300.0,857,1755136,573,0.3886332500000001,0.251220703125,-0.6546453308314085,0.057933103,-0.04685999588982668,0.2,0.006846815347671509,0.0003,0.2108953014248982,-0.030320405960083008,8560
3063,300.0,858,1757184,573,-0.1140238799999999,0.2490234375,-0.6390684954822063,0.054542065,-0.04518941301794257,0.2,0.033345483243465424,0.0003,0.17966368831694127,0.3065980076789856,8570
3065,300.0,859,1759232,573,-0.08063983000000004,0.239697265625,-0.6371633642353117,0.047323547,-0.045310268321190963,0.2,0.1552504599094391,0.0003,0.4472658517770469,0.2775545120239258,8580
3069,300.0,860,1761280,573,-0.18325915,0.2248046875,-0.6497402362525463,0.04266705,-0.04282489908218849,0.2,0.09546346962451935,0.0003,0.42174088656902314,0.06921398639678955,8590
3071,300.0,861,1763328,574,-0.15098662000000002,0.219189453125,-0.6644368333742022,0.038072437,-0.04273433755879523,0.2,0.5645079612731934,0.0003,1.4921770617365837,0.019303619861602783,8600
3075,300.0,862,1765376,573,-0.9762277800000001,0.247607421875,-0.667088875733316,0.056751087,-0.04583678271446843,0.2,-0.0016978085041046143,0.0003,0.2629145088605583,0.27957212924957275,8610
3078,300.0,863,1767424,574,-1.2274590200000002,0.25166015625,-0.6565661566331983,0.055177614,-0.04502914169570431,0.2,0.048647500574588776,0.0003,0.2540061340201646,0.18243616819381714,8620
3081,300.0,864,1769472,574,-0.6407768199999998,0.25,-0.6533050706610084,0.051911786,-0.0449538746572216,0.2,0.01165628433227539,0.0003,0.2025623994646594,0.4581186771392822,8630
3083,300.0,865,1771520,574,-0.31771563999999997,0.232763671875,-0.6584392113611102,0.047839865,-0.045733242988353594,0.2,0.15949015319347382,0.0003,0.5156255071982742,0.26898956298828125,8640
3085,300.0,866,1773568,574,-0.6931346399999998,0.245849609375,-0.6677672784775496,0.05239754,-0.04550380830769427,0.2,0.2070184201002121,0.0003,0.6278633513022214,0.34300583600997925,8650
3088,300.0,867,1775616,574,-0.3203066300000001,0.25947265625,-0.6873289737850428,0.05309193,-0.04421842195515637,0.2,0.19188682734966278,0.0003,0.5170383071992546,0.16384732723236084,8660
3090,300.0,868,1777664,575,-0.4601213800000002,0.264453125,-0.6521676570177078,0.05910542,-0.04752016127167735,0.2,0.03444584459066391,0.0003,0.2169655892532319,0.24905139207839966,8670
3094,300.0,869,1779712,575,-0.6650341300000001,0.2751953125,-0.6684082560241222,0.064647585,-0.04771919825579971,0.2,0.056198544800281525,0.0003,0.26056061750277876,0.11653774976730347,8680
3097,300.0,870,1781760,575,-0.6574253000000002,0.247265625,-0.6627546451985836,0.052657306,-0.04553960564808222,0.2,0.03132059425115585,0.0003,0.21739699305035173,0.013033092021942139,8690
3099,300.0,871,1783808,575,-0.4856585,0.23525390625,-0.6592597565613687,0.046545625,-0.046388015904813076,0.2,0.06428778916597366,0.0003,0.28183618127368393,0.024022698402404785,8700
3103,300.0,872,1785856,575,-0.4213199900000003,0.24326171875,-0.6655039846897125,0.05215416,-0.048623780778143555,0.2,0.07636381685733795,0.0003,0.3041435574647039,0.13282811641693115,8710
3106,300.0,873,1787904,575,-0.24371164,0.244287109375,-0.6596566384658218,0.04789,-0.047798283622978485,0.2,0.29196515679359436,0.0003,0.7637779979035259,0.06044119596481323,8720
3109,300.0,874,1789952,575,-0.8336019200000002,0.260205078125,-0.6412806585431099,0.055560805,-0.0483451211504871,0.2,-0.0032018348574638367,0.0003,0.22953127473592758,-0.14587104320526123,8730
3112,300.0,875,1792000,575,-1.1164933599999998,0.257177734375,-0.6588101595640182,0.051912673,-0.04930673307098914,0.2,0.07610294222831726,0.0003,0.3144370059948415,-0.0355151891708374,8740
3114,300.0,876,1794048,575,-1.0402298399999999,0.245556640625,-0.6642143929377198,0.053287312,-0.04722181911347434,0.2,0.062253061681985855,0.0003,0.31795650366693734,0.10167980194091797,8750
3117,300.0,877,1796096,576,-0.62788688,0.258203125,-0.6418676478788257,0.05706115,-0.046020900877192614,0.2,0.009680293500423431,0.0003,0.12601658960338682,0.2662774324417114,8760
3119,300.0,878,1798144,576,-1.23111607,0.24267578125,-0.6461788961663842,0.047705725,-0.04736749933799729,0.2,0.030777104198932648,0.0003,0.36718022972345354,0.2190866470336914,8770
3193,300.0,879,1800192,563,-1.7472977400000005,0.23837890625,-0.6472568109631538,0.04828386,-0.04321813262795331,0.2,0.041938506066799164,0.0003,0.29185308404266835,0.11011213064193726,8780
3195,300.0,880,1802240,563,-2.3574630300000003,0.251171875,-0.6379707070067525,0.04960136,-0.05023974477953743,0.2,0.02478805184364319,0.0003,0.24374942858703436,0.4042307138442993,8790
3198,300.0,881,1804288,564,-2.3498471,0.237939453125,-0.6369825959205627,0.048744794,-0.04725447183882352,0.2,0.06920702755451202,0.0003,0.2971684149000794,0.4426100254058838,8800
3200,300.0,882,1806336,564,-1.64253932,0.23681640625,-0.6259320115670561,0.047777664,-0.046226427800138484,0.2,0.13855046033859253,0.0003,0.4865185523405671,0.4150923490524292,8810
3202,300.0,883,1808384,564,-1.6926360700000003,0.254443359375,-0.6349380182102322,0.054320954,-0.04719323503377382,0.2,-0.007959529757499695,0.0003,0.23179675913415848,0.6102721691131592,8820
3205,300.0,884,1810432,564,-1.68513173,0.237646484375,-0.6520399633795023,0.0489709,-0.041029134050768336,0.2,0.20614686608314514,0.0003,0.41840720549225807,0.5533908009529114,8830
3207,300.0,885,1812480,565,-1.16720124,0.233642578125,-0.6429721033200622,0.04282292,-0.04213297154055908,0.2,0.1622796356678009,0.0003,0.400309198256582,0.6187176704406738,8840
3209,300.0,886,1814528,565,-1.4163794599999997,0.25615234375,-0.6549487624317407,0.05743928,-0.048790644883411005,0.2,-0.010056868195533752,0.0003,0.15807566912844778,0.8320052027702332,8850
3212,300.0,887,1816576,565,-1.7038730599999996,0.263525390625,-0.6481529621407389,0.058856655,-0.04813219013158232,0.2,-0.036789245903491974,0.0003,0.08805530181853101,0.805191695690155,8860
3214,300.0,888,1818624,565,-1.2725646399999995,0.23466796875,-0.647836559638381,0.047394082,-0.04479815999220591,0.2,0.19372110068798065,0.0003,0.6155510158278048,0.13354146480560303,8870
3216,300.0,889,1820672,566,-1.0872930200000004,0.234033203125,-0.621484552975744,0.04370113,-0.04301353985647438,0.2,0.22248494625091553,0.0003,0.606419795844704,0.20909523963928223,8880
3218,300.0,890,1822720,566,-1.0848418800000004,0.2455078125,-0.6250524908304215,0.054026492,-0.04734765945468098,0.2,0.017794422805309296,0.0003,0.22729513237718493,0.007507622241973877,8890
3220,300.0,891,1824768,566,-0.8083994500000001,0.237109375,-0.621093556843698,0.048895575,-0.04352166460303124,0.2,0.2899583578109741,0.0003,0.698364567104727,0.03667092323303223,8900
3223,300.0,892,1826816,566,-0.7532851100000002,0.24638671875,-0.6310691414400935,0.052171744,-0.04400859852321446,0.2,0.2484355866909027,0.0003,0.5054426021408289,0.043908774852752686,8910
3225,300.0,893,1828864,567,-0.7229897199999997,0.265673828125,-0.6327134486287832,0.07419245,-0.04924859746242873,0.2,-0.004949688911437988,0.0003,0.13962309474591167,-0.1346656084060669,8920
3227,300.0,894,1830912,567,-0.5481606899999999,0.247216796875,-0.638046717364341,0.054573007,-0.045830372979980896,0.2,-0.03856237977743149,0.0003,0.1492185957496986,0.14383995532989502,8930
3229,300.0,895,1832960,567,-0.73916212,0.2537109375,-0.6366681001149118,0.048593167,-0.04519432060769759,0.2,0.01166551560163498,0.0003,0.1964918793644756,-0.01826632022857666,8940
3231,300.0,896,1835008,567,-0.21491111000000004,0.238330078125,-0.6296844180673361,0.0459226,-0.04539214827527758,0.2,0.1947982758283615,0.0003,0.5581084626726807,-0.0017894506454467773,8950
3234,300.0,897,1837056,568,-0.7371718499999999,0.250390625,-0.6391259616240859,0.061526965,-0.04266033412422985,0.2,0.032693035900592804,0.0003,0.3155280136503279,-0.07112085819244385,8960
3236,300.0,898,1839104,568,-0.4446570199999998,0.237548828125,-0.6364763477817178,0.048574574,-0.04631465545389801,0.2,0.055830828845500946,0.0003,0.47292943876236676,0.13115453720092773,8970
3238,300.0,899,1841152,568,-0.68825169,0.249462890625,-0.626557606831193,0.056574732,-0.04368961296859197,0.2,-0.0033786967396736145,0.0003,0.23438771076034753,0.17495834827423096,8980
3240,300.0,900,1843200,568,-0.9147579199999999,0.2572265625,-0.6256282879039645,0.05894582,-0.040425453157513405,0.2,0.06596863269805908,0.0003,0.3345463663339615,0.23434406518936157,8990
3243,300.0,901,1845248,568,-0.5934704299999999,0.2537109375,-0.6198161667212844,0.055752046,-0.043681482048123145,0.2,0.06821445375680923,0.0003,0.2836654868442565,0.1550387740135193,9000
3245,300.0,902,1847296,569,-0.20990761000000002,0.259765625,-0.6302533326670527,0.06757653,-0.04557324455818161,0.2,-0.04303748905658722,0.0003,0.10036442064447329,0.36393630504608154,9010
3247,300.0,903,1849344,569,-0.04514492000000015,0.23935546875,-0.6073154345154762,0.053819075,-0.04616989220085088,0.2,0.04690711945295334,0.0003,0.3505442962050438,0.18056899309158325,9020
3249,300.0,904,1851392,569,-0.09785223000000011,0.254736328125,-0.6137110345996917,0.050616384,-0.04624158577644266,0.2,-0.05274602398276329,0.0003,0.16712399346288292,0.2927832007408142,9030
3251,300.0,905,1853440,569,0.12907709,0.238720703125,-0.6172224461100996,0.04432334,-0.04446184933331097,0.2,-0.015081048011779785,0.0003,0.17863601541612298,0.09875726699829102,9040
3253,300.0,906,1855488,570,0.6574873,0.229736328125,-0.6129609098657965,0.038793698,-0.04237726944847964,0.2,0.1558636724948883,0.0003,0.5368244409561157,0.13826638460159302,9050
3256,300.0,907,1857536,570,0.6381170099999999,0.21103515625,-0.5892596538178623,0.039225172,-0.03939742228831165,0.2,0.29458537697792053,0.0003,0.8632696960121393,0.1872461438179016,9060
3258,300.0,908,1859584,570,0.5202952899999999,0.2322265625,-0.6252614235505461,0.04311064,-0.04317929590761196,0.2,0.2996169328689575,0.0003,0.6606465253978968,0.20596015453338623,9070
3261,300.0,909,1861632,570,0.96932811,0.23818359375,-0.6029799617826939,0.047822945,-0.04239073600037955,0.2,0.27912357449531555,0.0003,0.740777871478349,0.21399658918380737,9080
3263,300.0,910,1863680,571,1.4566464700000004,0.254345703125,-0.6167502117343246,0.05534196,-0.04436233236338012,0.2,0.05521204695105553,0.0003,0.29427647674456237,0.18313133716583252,9090
3265,300.0,911,1865728,571,0.8782361500000002,0.240380859375,-0.6024798360653222,0.046696074,-0.046320369464228864,0.2,0.15161064267158508,0.0003,0.5434790226630867,0.1299721598625183,9100
3267,300.0,912,1867776,571,1.0749462099999998,0.25458984375,-0.59100939380005,0.05319243,-0.045263054239330816,0.2,-0.015056811273097992,0.0003,0.21345748458988964,0.10262614488601685,9110
3270,300.0,913,1869824,571,1.0691045199999998,0.262109375,-0.601749665942043,0.07009004,-0.04693766600685194,0.2,0.015115179121494293,0.0003,0.20863032236229628,0.2629234790802002,9120
3272,300.0,914,1871872,572,0.9383556499999999,0.220947265625,-0.5867886397987604,0.04485054,-0.04283711106108967,0.2,0.1909366399049759,0.0003,0.5939554470591247,0.17889940738677979,9130
3274,300.0,915,1873920,572,0.7151797200000002,0.2419921875,-0.6196541559882462,0.044875436,-0.04342729938798584,0.2,0.14939624071121216,0.0003,0.4110201293136925,0.30649155378341675,9140
3276,300.0,916,1875968,572,0.6321440299999999,0.253662109375,-0.6198317698203027,0.05374199,-0.04648664664418902,0.2,0.11877298355102539,0.0003,0.4705543772317469,0.41906213760375977,9150
3279,300.0,917,1878016,572,0.25503931,0.25302734375,-0.5742359054274857,0.056362092,-0.043796677977661604,0.2,0.03279346600174904,0.0003,0.23431864890735596,0.6320386528968811,9160
3281,300.0,918,1880064,572,0.001529870000000142,0.253515625,-0.6009345498867333,0.061426647,-0.043452543794410305,0.2,-0.013841688632965088,0.0003,0.12215046505443752,0.7155551314353943,9170
3283,300.0,919,1882112,573,0.33890106000000003,0.239697265625,-0.5939980830065906,0.048132896,-0.0438673368335003,0.2,0.20339913666248322,0.0003,0.6236238922923804,0.3618946075439453,9180
3286,300.0,920,1884160,573,0.06231505000000006,0.2421875,-0.5855985478498041,0.05193658,-0.04619663325429428,0.2,0.13675275444984436,0.0003,0.469244395988062,0.30845797061920166,9190
3288,300.0,921,1886208,573,-0.07621454999999994,0.25234375,-0.6090066411532462,0.062145364,-0.04318412327847909,0.2,0.032021135091781616,0.0003,0.22351961834356188,0.03343164920806885,9200
3290,300.0,922,1888256,573,0.4506665300000002,0.247412109375,-0.5975172311067581,0.056982473,-0.04356111120723653,0.2,0.05748744308948517,0.0003,0.3420290476642549,0.12524354457855225,9210
3292,300.0,923,1890304,574,0.12059090000000001,0.233447265625,-0.6064506605267524,0.046882547,-0.04427256292547099,0.2,0.21691475808620453,0.0003,0.5911556351929903,-0.012036919593811035,9220
3295,300.0,924,1892352,574,-0.5634470500000002,0.23154296875,-0.608491272199899,0.043986604,-0.04604478604742326,0.2,0.14470753073692322,0.0003,0.4788317684084177,0.09647244215011597,9230
3297,300.0,925,1894400,574,-0.85291245,0.233837890625,-0.6164287557825446,0.051553376,-0.04356043077714276,0.2,0.21077176928520203,0.0003,0.5473958269692958,0.036413490772247314,9240
3299,300.0,926,1896448,574,-0.3369804899999999,0.253955078125,-0.6020682108588516,0.059297323,-0.04608777271641884,0.2,0.24990461766719818,0.0003,0.5381826359778643,0.11172974109649658,9250
3301,300.0,927,1898496,574,-0.4567898,0.2482421875,-0.5956841786392033,0.056853212,-0.044856477182474916,0.2,0.09425286948680878,0.0003,0.3269234461709857,0.0016388893127441406,9260
3379,300.0,928,1900544,562,-0.45049001000000005,0.253857421875,-0.5952881985343993,0.05339129,-0.04289870633510873,0.2,0.04515857994556427,0.0003,0.23956317473202943,-0.03829395771026611,9270
3381,300.0,929,1902592,562,-0.23564604999999997,0.238623046875,-0.6030440403148531,0.061038554,-0.04513026928761974,0.2,0.13199187815189362,0.0003,0.39274537581950425,0.02702915668487549,9280
3383,300.0,930,1904640,562,-0.3221737199999999,0.2529296875,-0.6185022573918104,0.057853427,-0.04635125521454029,0.2,0.12785136699676514,0.0003,0.4380004286300391,0.03259557485580444,9290
3386,300.0,931,1906688,563,-0.28583645000000013,0.251611328125,-0.6394121011719107,0.0561663,-0.0441465819691075,0.2,0.05794467031955719,0.0003,0.30556875329930333,-0.09655976295471191,9300
3388,300.0,932,1908736,563,-0.38979158999999997,0.259130859375,-0.6159736905246973,0.058930315,-0.04849611178797204,0.2,0.14431485533714294,0.0003,0.4493662742897868,-0.06740856170654297,9310
3391,300.0,933,1910784,563,-0.3748146799999999,0.248876953125,-0.5920350684784352,0.05143536,-0.043245399199076925,0.2,0.08877711743116379,0.0003,0.2782129039056599,-0.15253448486328125,9320
3393,300.0,934,1912832,563,-0.72438153,0.265234375,-0.5844192075543105,0.063062966,-0.042767360241850835,0.2,0.05241665989160538,0.0003,0.2837558101862669,-0.017910361289978027,9330
3396,300.0,935,1914880,563,-1.2283533699999998,0.242919921875,-0.5718265123665333,0.060009833,-0.04512689640687313,0.2,0.044246673583984375,0.0003,0.4267025779001415,0.10023188591003418,9340
3398,300.0,936,1916928,564,-1.19493915,0.222802734375,-0.5729877665638924,0.043059018,-0.04169646901573287,0.2,0.4659133553504944,0.0003,0.9566001349128783,0.053224802017211914,9350
3401,300.0,937,1918976,564,-1.5494474500000002,0.244287109375,-0.5837432127445936,0.052147336,-0.040555843617767096,0.2,0.13073739409446716,0.0003,0.3452331718057394,-0.02381134033203125,9360
3405,300.0,938,1921024,564,-1.1492218600000002,0.239208984375,-0.590521103143692,0.05550672,-0.041802319974522106,0.2,0.0388302281498909,0.0003,0.21388102686032653,0.27019691467285156,9370
3408,300.0,939,1923072,564,-1.4470810400000005,0.252783203125,-0.5936244034208358,0.05910085,-0.04305143187521025,0.2,0.032802850008010864,0.0003,0.28567645787261425,0.22259140014648438,9380
3411,300.0,940,1925120,564,-1.3465007199999999,0.2486328125,-0.5930124952457845,0.05279272,-0.04535611582978163,0.2,0.1991901695728302,0.0003,0.41574161071330307,0.21615445613861084,9390
3414,300.0,941,1927168,564,-1.31147853,0.240625,-0.6093849523924291,0.05424875,-0.04322387798310956,0.2,0.20731350779533386,0.0003,0.5704474076628685,0.11922293901443481,9400
3418,300.0,942,1929216,564,-0.9587606200000002,0.24765625,-0.5993462055921555,0.055615615,-0.04321566946164239,0.2,0.057930465787649155,0.0003,0.2693424069788307,0.38329726457595825,9410
3421,300.0,943,1931264,564,-1.3234061100000003,0.245556640625,-0.6231621755287051,0.05532212,-0.04595556108106393,0.2,0.13098201155662537,0.0003,0.5027873856015503,0.32632434368133545,9420
3423,300.0,944,1933312,564,-1.3404382900000003,0.26044921875,-0.6093344462104142,0.060008306,-0.04796240956056863,0.2,0.08511894941329956,0.0003,0.2624243985163048,0.5162136554718018,9430
3426,300.0,945,1935360,564,-1.1107851799999997,0.235986328125,-0.6085360621102154,0.0489481,-0.042859717505052686,0.2,0.21495281159877777,0.0003,0.5738581487908959,0.1531074047088623,9440
3430,300.0,946,1937408,564,-0.7058351,0.25439453125,-0.6101551136001945,0.055595525,-0.042849838611437006,0.2,0.050333742052316666,0.0003,0.3368513762019575,0.22536057233810425,9450
3433,300.0,947,1939456,564,-0.66485945,0.241455078125,-0.5948451788164675,0.05412165,-0.044200340373208746,0.2,0.16561003029346466,0.0003,0.5579009108245373,0.12529534101486206,9460
3436,300.0,948,1941504,564,-0.43760670000000007,0.23994140625,-0.5968021862208843,0.050809406,-0.04350101889722282,0.2,0.06832066178321838,0.0003,0.2995555852074176,0.18205535411834717,9470
3439,300.0,949,1943552,565,-0.24149216999999998,0.239599609375,-0.6115243195556104,0.052760504,-0.04296696120291017,0.2,0.12852010130882263,0.0003,0.4168112266343087,0.08497405052185059,9480
3441,300.0,950,1945600,565,0.33022951000000006,0.242041015625,-0.5995373611338437,0.051256325,-0.04548530274478253,0.2,0.08828239887952805,0.0003,0.32288552350364624,-0.034493446350097656,9490
3444,300.0,951,1947648,565,0.36581273,0.22958984375,-0.6169035554863512,0.049958333,-0.04436975173011888,0.2,0.218170166015625,0.0003,0.6787408102303744,-0.009707927703857422,9500
3447,300.0,952,1949696,565,0.04530897999999992,0.2359375,-0.6066765315830708,0.052382335,-0.042054137883678774,0.2,0.0451236292719841,0.0003,0.35815207548439504,0.003600478172302246,9510
3450,300.0,953,1951744,565,-0.28282386000000004,0.266357421875,-0.6184344246983529,0.06273169,-0.045257307961583136,0.2,-0.04028649628162384,0.0003,0.15282339341938495,-0.14089739322662354,9520
3452,300.0,954,1953792,565,-0.37191752999999994,0.24296875,-0.612994821369648,0.049816202,-0.047303113411180674,0.2,0.16480323672294617,0.0003,0.5322680230252445,0.13186997175216675,9530
3455,300.0,955,1955840,566,-0.2310774699999999,0.2451171875,-0.6335816288366913,0.04977933,-0.046773439837852496,0.2,-0.022292762994766235,0.0003,0.2441802592948079,0.2248985767364502,9540
3457,300.0,956,1957888,566,-0.5843066799999999,0.228564453125,-0.6116979901678861,0.043013357,-0.044689577084500345,0.2,0.054819270968437195,0.0003,0.42529070586897433,-0.10054922103881836,9550
3460,300.0,957,1959936,566,-0.7349066800000001,0.2263671875,-0.6346507340669632,0.048373297,-0.04459906854317523,0.2,0.09766631573438644,0.0003,0.330320385703817,0.1501057744026184,9560
3462,300.0,958,1961984,566,-1.2989911799999998,0.245458984375,-0.6234815400093794,0.050325032,-0.04576951958006248,0.2,0.017923228442668915,0.0003,0.29996885121800004,0.15173053741455078,9570
3465,300.0,959,1964032,566,-0.95418108,0.239013671875,-0.6172682170756161,0.054255024,-0.045612332731252536,0.2,0.12258846312761307,0.0003,0.5024066368117929,0.2745601534843445,9580
3468,300.0,960,1966080,566,-0.60460208,0.25576171875,-0.6391897819936275,0.06793841,-0.04932788439909928,0.2,0.050848282873630524,0.0003,0.29452871563844385,0.062114715576171875,9590
3470,300.0,961,1968128,567,-0.7518203099999997,0.255859375,-0.6549062270671129,0.05136695,-0.044373166593140924,0.2,0.07785803079605103,0.0003,0.3582712299656123,0.13497930765151978,9600
3472,300.0,962,1970176,567,-0.52322354,0.246240234375,-0.6211202338337898,0.05891476,-0.043729433478438294,0.2,0.21473315358161926,0.0003,0.43797842641361057,0.2433512806892395,9610
3475,300.0,963,1972224,567,-0.4821957599999998,0.24609375,-0.6154728669673204,0.04673196,-0.04525361041596625,0.2,0.1314915269613266,0.0003,0.45841679275035857,0.37434959411621094,9620
3478,300.0,964,1974272,567,-0.60543908,0.2615234375,-0.6062124869786203,0.062422775,-0.04648935743025504,0.2,0.09678580611944199,0.0003,0.351456732628867,0.3780173659324646,9630
3480,300.0,965,1976320,567,-1.2186317,0.266259765625,-0.6185626795515418,0.056071218,-0.048061536776367576,0.2,-0.012562602758407593,0.0003,0.18960135707166045,0.6706458330154419,9640
3483,300.0,966,1978368,568,-1.1175936999999998,0.2400390625,-0.6194725875742734,0.04788895,-0.04491563836636488,0.2,0.10975120961666107,0.0003,0.37500254837796093,0.02858060598373413,9650
3485,300.0,967,1980416,568,-1.04096183,0.213427734375,-0.601894224062562,0.045643277,-0.039094069064594804,0.2,0.25207817554473877,0.0003,0.7729082078672945,0.19710761308670044,9660
3487,300.0,968,1982464,568,-0.7462721100000003,0.243505859375,-0.6140983208082617,0.05212174,-0.04775083711137995,0.2,0.2818114757537842,0.0003,0.6238007347099483,0.08053010702133179,9670
3490,300.0,969,1984512,568,-0.9499436200000001,0.2455078125,-0.5945817190222442,0.054033652,-0.042857534429640506,0.2,0.19944274425506592,0.0003,0.487943465448916,0.020893573760986328,9680
3493,300.0,970,1986560,568,-0.9371129100000003,0.258447265625,-0.6018004505895078,0.059952363,-0.048724278682493606,0.2,0.08892146497964859,0.0003,0.3752191182691604,-0.25408899784088135,9690
3496,300.0,971,1988608,568,-1.0593212600000002,0.266064453125,-0.6208617218770087,0.055918485,-0.04883520164294168,0.2,0.19219695031642914,0.0003,0.5061981655657292,0.15481680631637573,9700
3498,300.0,972,1990656,568,-0.7806146500000001,0.226904296875,-0.6014637747779489,0.0488256,-0.040779273622320034,0.2,0.18545950949192047,0.0003,0.49895525388419626,0.11920642852783203,9710
3501,300.0,973,1992704,569,-0.5361883000000003,0.239794921875,-0.6061591112986207,0.047791578,-0.047352841508109124,0.2,0.04087013751268387,0.0003,0.3357650489546359,-0.10589385032653809,9720
3504,300.0,974,1994752,569,-1.0244562200000003,0.2423828125,-0.5933278613723815,0.061675057,-0.042797423657611945,0.2,0.07559523731470108,0.0003,0.326490264153108,0.31011295318603516,9730
3507,300.0,975,1996800,569,-1.42423294,0.260009765625,-0.6155965268611908,0.054726586,-0.047903749870602044,0.2,0.18438228964805603,0.0003,0.5762737065553665,0.1643396019935608,9740
3509,300.0,976,1998848,569,-1.29431593,0.2509765625,-0.5969940501265227,0.056048393,-0.04402657597674988,0.2,0.10820068418979645,0.0003,0.2630117631983012,0.3913923501968384,9750
3590,300.0,977,2000896,557,-1.90517094,0.2521484375,-0.6156640849076211,0.05060097,-0.04725706922472454,0.2,0.10319611430168152,0.0003,0.3351432187017053,0.39977431297302246,9760
