time/fps,time/total_timesteps,time/iterations,time/time_elapsed,rollout/ep_rew_mean,rollout/ep_len_mean,train/entropy_loss,train/loss,train/explained_variance,train/approx_kl,train/value_loss,train/learning_rate,train/n_updates,train/clip_range,train/clip_fraction,train/policy_gradient_loss
462,2048,1,4,0.4361661666666667,300.0,,,,,,,,,,
627,4096,2,6,1.738925384615385,300.0,-1.9412063099443913,0.08470544219017029,-0.8440009355545044,0.006105219,0.2769272375386208,0.0003,10,0.2,0.0337890625,-0.007604835756501416
701,6144,3,8,2.32367395,300.0,-1.930447043851018,0.05176527053117752,-0.052159667015075684,0.0069115367,0.3540351659525186,0.0003,20,0.2,0.04130859375,-0.012625821350957267
768,8192,4,10,2.5540289629629633,300.0,-1.916845278814435,0.3094277083873749,0.01916295289993286,0.0070377896,0.9028628670610488,0.0003,30,0.2,0.044775390625,-0.013499187846900896
788,10240,5,12,2.0857776176470586,300.0,-1.9223849423229695,0.16232259571552277,0.03081601858139038,0.007882938,0.48122248230502007,0.0003,40,0.2,0.07421875,-0.018356913056049962
828,12288,6,14,2.319944425,300.0,-1.9117641501128673,0.11064746230840683,0.13457906246185303,0.0066507477,0.30927564152516424,0.0003,50,0.2,0.0419921875,-0.016025743595673703
846,14336,7,16,1.8644751702127655,300.0,-1.8911640610545875,-0.0204632505774498,0.22696661949157715,0.0097561255,0.17052217887248844,0.0003,60,0.2,0.10498046875,-0.024262730334885418
861,16384,8,19,0.8979721481481482,300.0,-1.8608820389956235,0.1322271078824997,0.25120776891708374,0.01003821,0.3591251575388014,0.0003,70,0.2,0.113037109375,-0.022837480340967886
865,18432,9,21,0.4631582295081965,300.0,-1.8424530241638422,0.15847045183181763,0.469376802444458,0.010704502,0.351222427142784,0.0003,80,0.2,0.106591796875,-0.02345483057142701
878,20480,10,23,0.6680190441176469,300.0,-1.824292428046465,0.2119303196668625,0.4566332697868347,0.009845585,0.554235964640975,0.0003,90,0.2,0.08359375,-0.02481408752792049
891,22528,11,25,0.8631330799999999,300.0,-1.8116145700216293,0.171098992228508,0.4296388626098633,0.009622372,0.49574049450457097,0.0003,100,0.2,0.091552734375,-0.02335750747297425
900,24576,12,27,0.49493945679012324,300.0,-1.7861232344061135,0.13393953442573547,0.4147075414657593,0.010908611,0.38333532367832956,0.0003,110,0.2,0.1091796875,-0.02495971211756114
909,26624,13,29,0.5827786136363634,300.0,-1.767865239456296,0.09488960355520248,0.5301898121833801,0.008751012,0.2546256484463811,0.0003,120,0.2,0.091162109375,-0.023625097445619758
917,28672,14,31,0.2154764842105259,300.0,-1.7556696265935898,0.12724150717258453,0.24060779809951782,0.009981914,0.5186190337873995,0.0003,130,0.2,0.105615234375,-0.02700564546394162
925,30720,15,33,0.3641837499999998,300.0,-1.7601153377443552,0.031272321939468384,0.43859708309173584,0.010488354,0.2391773050185293,0.0003,140,0.2,0.107421875,-0.0266087146155769
930,32768,16,35,0.13625137999999992,300.0,-1.7601567856967448,0.23588323593139648,0.0810549259185791,0.011176158,0.6174929643049836,0.0003,150,0.2,0.116796875,-0.024827401028596797
932,34816,17,37,0.23914724999999976,300.0,-1.7358432836830615,0.11181843280792236,-0.008668303489685059,0.00951766,0.3134122199844569,0.0003,160,0.2,0.089013671875,-0.026627008539799137
937,36864,18,39,-0.34449203000000006,300.0,-1.7373611491173506,0.08683035522699356,-0.11482536792755127,0.010855664,0.33801782242953776,0.0003,170,0.2,0.103564453125,-0.02690448712965008
942,38912,19,41,-0.08505220000000017,300.0,-1.7162883430719376,-0.012962080538272858,-0.0029724836349487305,0.0112444,0.11290906245121732,0.0003,180,0.2,0.107763671875,-0.027789893904991914
947,40960,20,43,-0.18691556999999995,300.0,-1.7052872736006974,0.07404260337352753,0.00744473934173584,0.01221931,0.3796295856591314,0.0003,190,0.2,0.129833984375,-0.030678536454797723
949,43008,21,45,-0.48777081999999994,300.0,-1.7185764349997044,0.3134515881538391,0.030948519706726074,0.011604216,0.6071932783350349,0.0003,200,0.2,0.11943359375,-0.027807689471228515
950,45056,22,47,-0.012052089999999955,300.0,-1.6951222140341997,0.13307031989097595,-0.0465240478515625,0.011420168,0.393916861852631,0.0003,210,0.2,0.127783203125,-0.029522490757517516
951,47104,23,49,0.02501294000000005,300.0,-1.6662524189800023,0.004935532808303833,0.03246593475341797,0.01210391,0.18158006025478243,0.0003,220,0.2,0.156103515625,-0.03108586454181932
956,49152,24,51,-0.09588092000000001,300.0,-1.6619748193770647,0.22269371151924133,-0.01879405975341797,0.011749834,0.5694158178754151,0.0003,230,0.2,0.114990234375,-0.030971071825479157
959,51200,25,53,-0.21936751000000007,300.0,-1.6436340026557446,0.08441855013370514,0.0007155537605285645,0.012047948,0.4628978084307164,0.0003,240,0.2,0.13564453125,-0.028342549630906433
963,53248,26,55,-0.27622317999999996,300.0,-1.6451498296111822,-0.0038079358637332916,-0.11584973335266113,0.01417283,0.15271886291448028,0.0003,250,0.2,0.150146484375,-0.03143189981929027
964,55296,27,57,-0.2329238700000001,300.0,-1.636367667093873,0.008196711540222168,-0.012501716613769531,0.011672584,0.1834057666361332,0.0003,260,0.2,0.126416015625,-0.03107170811854303
967,57344,28,59,0.055703459999999955,300.0,-1.6310619335621594,0.07397475838661194,-0.02655768394470215,0.012834917,0.25648978794924915,0.0003,270,0.2,0.13984375,-0.03293506241461728
970,59392,29,61,0.06224692999999996,300.0,-1.5939812306314707,0.05278369039297104,-0.10144948959350586,0.012427292,0.46741458512842654,0.0003,280,0.2,0.13779296875,-0.030520780241931788
973,61440,30,63,0.15580478999999983,300.0,-1.5759453877806664,0.15928596258163452,0.10581338405609131,0.013670416,0.34472286445088685,0.0003,290,0.2,0.13671875,-0.02968398900120519
977,63488,31,64,0.08719676000000005,300.0,-1.584544475004077,-0.020988188683986664,0.1970139741897583,0.014964189,0.09730560809839517,0.0003,300,0.2,0.1587890625,-0.03570945687679341
978,65536,32,66,0.2488247500000002,300.0,-1.567418233677745,0.18999578058719635,0.15509963035583496,0.011431966,0.4192635195329785,0.0003,310,0.2,0.1353515625,-0.029104755591833963
978,67584,33,69,0.22724841000000004,300.0,-1.5694824539124965,0.06261523067951202,0.2265636920928955,0.013221473,0.3374041952658445,0.0003,320,0.2,0.130615234375,-0.029502401666832156
978,69632,34,71,0.36610282000000005,300.0,-1.575989254191518,0.42979687452316284,0.10331684350967407,0.011037856,0.7761481070891023,0.0003,330,0.2,0.102880859375,-0.0261644908474409
981,71680,35,73,-0.18376880999999998,300.0,-1.5804325059056281,0.2061832994222641,0.1896216869354248,0.0144669395,0.4856150096282363,0.0003,340,0.2,0.147705078125,-0.029166942079609726
981,73728,36,75,-0.6727777,300.0,-1.5705279573798179,0.07344351708889008,-0.2246781587600708,0.013709109,0.2214981726836413,0.0003,350,0.2,0.153759765625,-0.0322520987567259
980,75776,37,77,-0.6244799799999999,300.0,-1.5609060075134038,0.11331015825271606,-0.037076592445373535,0.013112131,0.2603799400385469,0.0003,360,0.2,0.13134765625,-0.028644095819618087
981,77824,38,79,-0.2371375599999999,300.0,-1.5699724689126016,0.14635318517684937,0.06231808662414551,0.013924134,0.5126202484127134,0.0003,370,0.2,0.13056640625,-0.032812239606573715
979,79872,39,81,-0.18308014999999986,300.0,-1.5301627814769745,0.08477092534303665,-0.12745070457458496,0.014654334,0.37070247558876873,0.0003,380,0.2,0.161279296875,-0.03233279317501001
981,81920,40,83,-0.6434456799999998,300.0,-1.489647850394249,0.0896720141172409,0.05602973699569702,0.015100392,0.42948050033301116,0.0003,390,0.2,0.1494140625,-0.03242199769592844
983,83968,41,85,0.2993347400000001,300.0,-1.4940126832574605,0.09817566722631454,0.04375815391540527,0.01634149,0.2763384539168328,0.0003,400,0.2,0.16171875,-0.03327783275162801
983,86016,42,87,0.5260165300000001,300.0,-1.492234219610691,0.06289109587669373,0.1641668677330017,0.014588774,0.31154594956897197,0.0003,410,0.2,0.15283203125,-0.030555416928837075
985,88064,43,89,0.1598867700000001,300.0,-1.4848738476634025,0.20819205045700073,-0.20043492317199707,0.015678085,0.48778938478790224,0.0003,420,0.2,0.165185546875,-0.03413009540818166
986,90112,44,91,-0.2673785299999999,300.0,-1.4676322959363461,0.22987227141857147,-0.08639311790466309,0.014127663,0.5326330320909619,0.0003,430,0.2,0.1435546875,-0.03184138375218026
988,92160,45,93,-0.5489528899999998,300.0,-1.4595804542303086,0.005368053913116455,0.1683717966079712,0.0130390655,0.12452400544425472,0.0003,440,0.2,0.13701171875,-0.03217558921460295
989,94208,46,95,-0.052236529999999774,300.0,-1.4566832456737757,0.3909960985183716,-0.02007901668548584,0.014976075,0.6747086478397251,0.0003,450,0.2,0.166650390625,-0.03536386928462889
991,96256,47,97,0.29067704000000005,300.0,-1.4293092343956233,0.2191222757101059,-0.15328025817871094,0.016447447,0.40914374524727465,0.0003,460,0.2,0.166845703125,-0.033540279290173204
991,98304,48,99,0.2193718800000003,300.0,-1.3983070891350509,0.05358066409826279,0.01915639638900757,0.014786501,0.312834006594494,0.0003,470,0.2,0.15966796875,-0.0336119554733159
641,100352,49,156,0.5793584000000002,300.0,-1.3977188412100077,0.17067554593086243,0.07954221963882446,0.015700845,0.7216579136438668,0.0003,480,0.2,0.1728515625,-0.032537902353215034
646,102400,50,158,0.87808626,300.0,-1.3938207130879163,0.19512031972408295,0.003790140151977539,0.014611056,0.6018834825605154,0.0003,490,0.2,0.169970703125,-0.0348324333463097
651,104448,51,160,1.4111096400000003,300.0,-1.3781940042972565,0.12242817878723145,0.13717728853225708,0.0151689155,0.4223375159315765,0.0003,500,0.2,0.1716796875,-0.03573878797469661
653,106496,52,162,1.6560402699999996,300.0,-1.3390375703573227,0.2261713445186615,0.19026166200637817,0.016481284,0.41073819403536616,0.0003,510,0.2,0.1783203125,-0.03293899459531531
658,108544,53,164,1.3922846800000002,300.0,-1.3425487577915192,0.10667021572589874,0.20643091201782227,0.015303686,0.39517541429959235,0.0003,520,0.2,0.15869140625,-0.03485555554216262
662,110592,54,166,1.24659651,300.0,-1.3495261061936616,0.008404053747653961,0.3107905387878418,0.016207436,0.13075126335024834,0.0003,530,0.2,0.177685546875,-0.037610661808867005
666,112640,55,169,1.5227566799999999,300.0,-1.3412195529788733,0.03945068269968033,0.35133272409439087,0.017333094,0.23836084553040565,0.0003,540,0.2,0.180419921875,-0.033125566074158994
668,114688,56,171,1.5227260100000002,300.0,-1.3206382170319557,0.16539716720581055,-0.01463305950164795,0.015291053,0.49672112804837526,0.0003,550,0.2,0.151025390625,-0.033062443259404974
672,116736,57,173,1.5257023900000002,300.0,-1.3039106845855712,0.20118525624275208,-0.07324957847595215,0.017074302,0.4614297101274133,0.0003,560,0.2,0.16259765625,-0.032653729646699506
677,118784,58,175,1.9449258900000002,300.0,-1.3157042432576418,0.09144126623868942,0.13681691884994507,0.015690293,0.3363801756408066,0.0003,570,0.2,0.179150390625,-0.034556441013410225
680,120832,59,177,2.9396666300000005,300.0,-1.2966954115778209,0.28024134039878845,0.169408917427063,0.014512925,0.6091441546566785,0.0003,580,0.2,0.14306640625,-0.0331129049154697
684,122880,60,179,2.7190946100000004,300.0,-1.2716798238456248,0.020530633628368378,0.5390666723251343,0.015892029,0.22127022193744778,0.0003,590,0.2,0.16259765625,-0.0331647849525325
687,124928,61,181,2.09855263,300.0,-1.2594374239444732,0.16240617632865906,0.3922778367996216,0.014763564,0.5283170052804053,0.0003,600,0.2,0.168408203125,-0.03461889135505771
691,126976,62,183,2.09081263,300.0,-1.265813271701336,0.033216699957847595,0.6666883230209351,0.014066553,0.21851937780156733,0.0003,610,0.2,0.152978515625,-0.031562462067813615
695,129024,63,185,1.5853623699999997,300.0,-1.2729682762175798,0.05421729385852814,0.5959627628326416,0.018492416,0.2846975015476346,0.0003,620,0.2,0.1619140625,-0.035672309504298026
698,131072,64,187,1.29551294,300.0,-1.2555520672351121,0.06599454581737518,0.5439517498016357,0.017618269,0.30606580208987,0.0003,630,0.2,0.17451171875,-0.03672813839802984
701,133120,65,189,0.9128323399999997,300.0,-1.286987903341651,0.11998699605464935,0.5552341938018799,0.01683763,0.3846813580021262,0.0003,640,0.2,0.181591796875,-0.033798724060761745
705,135168,66,191,0.9859546699999998,300.0,-1.2646079879254102,0.17169055342674255,0.4012089967727661,0.016035192,0.5820921332575381,0.0003,650,0.2,0.165576171875,-0.03252870407595765
708,137216,67,193,1.30925933,300.0,-1.2668142728507519,-0.0017100125551223755,0.6123789548873901,0.01940921,0.13952780356630684,0.0003,660,0.2,0.171240234375,-0.03539419454900781
711,139264,68,195,0.9494942900000001,300.0,-1.2580938756465911,0.2782370448112488,0.20874619483947754,0.017567895,0.7431538244709373,0.0003,670,0.2,0.18720703125,-0.03660253448615549
714,141312,69,197,1.3058148399999998,300.0,-1.2196364503353834,0.32637810707092285,0.1905442476272583,0.016327938,0.8265389576554298,0.0003,680,0.2,0.160302734375,-0.03445242492307443
717,143360,70,199,1.4255581599999996,300.0,-1.2312029864639045,0.10033175349235535,-0.12525546550750732,0.01753446,0.3551066931337118,0.0003,690,0.2,0.1806640625,-0.03452416875225026
719,145408,71,201,1.0719703299999999,300.0,-1.1884716551750898,0.055407747626304626,-0.20803844928741455,0.022364035,0.230220068548806,0.0003,700,0.2,0.202685546875,-0.035821292074979284
722,147456,72,204,0.8414313000000001,300.0,-1.1763336520642043,0.021532773971557617,-0.03935587406158447,0.018297475,0.190684391441755,0.0003,710,0.2,0.183837890625,-0.035599516009096985
725,149504,73,206,-0.04009142000000011,300.0,-1.2031909819692372,0.021323896944522858,-0.03935670852661133,0.018334921,0.20087091051973402,0.0003,720,0.2,0.179833984375,-0.038166044614627026
727,151552,74,208,-0.3805108500000001,300.0,-1.1925759330391883,0.05694705247879028,-0.06294095516204834,0.018661583,0.28728095651604235,0.0003,730,0.2,0.1861328125,-0.03319994213961763
730,153600,75,210,-0.36097481000000003,300.0,-1.2089428897947072,0.17592450976371765,0.09857654571533203,0.014532156,0.5896421205252409,0.0003,740,0.2,0.157666015625,-0.03381621585576795
734,155648,76,212,-0.49543809999999994,300.0,-1.2351711742579936,0.3159070611000061,0.0316317081451416,0.017733179,0.6722563507966697,0.0003,750,0.2,0.176904296875,-0.03636224072542973
736,157696,77,214,-0.5278459499999998,300.0,-1.1943480245769025,0.029551535844802856,0.07961523532867432,0.01911127,0.1835950341075659,0.0003,760,0.2,0.177197265625,-0.03478627417935058
739,159744,78,216,0.09736009000000007,300.0,-1.1893975708633662,0.0551978200674057,0.07959365844726562,0.02134265,0.2044194933725521,0.0003,770,0.2,0.2068359375,-0.04027532441832591
741,161792,79,218,0.4715623699999999,300.0,-1.193134495615959,0.2775769829750061,-0.05337631702423096,0.017385706,0.784616919979453,0.0003,780,0.2,0.17412109375,-0.03416561549820472
743,163840,80,220,0.48127680000000006,300.0,-1.1881150912493468,0.2491290122270584,0.2221735715866089,0.018671015,0.6401182842440903,0.0003,790,0.2,0.183056640625,-0.03613719838613179
746,165888,81,222,0.4553472800000001,300.0,-1.208261151239276,0.12972179055213928,0.2594062089920044,0.018178394,0.3080054886639118,0.0003,800,0.2,0.1884765625,-0.034551850127172656
747,167936,82,224,0.7942146100000003,300.0,-1.173206812888384,0.09712649881839752,0.24583029747009277,0.017149549,0.4790584221482277,0.0003,810,0.2,0.16396484375,-0.03418692721606931
749,169984,83,226,0.5597767700000001,300.0,-1.1894156977534294,0.04441917687654495,0.380482017993927,0.017596027,0.20109982844442129,0.0003,820,0.2,0.17431640625,-0.03277417231947766
750,172032,84,229,0.6432807500000002,300.0,-1.173328948765993,0.17304469645023346,0.09462642669677734,0.020429973,0.5863327415660023,0.0003,830,0.2,0.187646484375,-0.038434268836863336
751,174080,85,231,0.13296148000000016,300.0,-1.1761133443564176,0.09529444575309753,0.10430961847305298,0.01771771,0.4258581572212279,0.0003,840,0.2,0.1740234375,-0.0319051020196639
753,176128,86,233,0.15366106999999996,300.0,-1.1571953337639571,0.08708061277866364,-0.043908119201660156,0.020311968,0.3804364827927202,0.0003,850,0.2,0.179638671875,-0.034295725665288046
756,178176,87,235,0.24197479999999982,300.0,-1.1480545334517955,0.20107010006904602,0.023187875747680664,0.018627666,0.47348395381122826,0.0003,860,0.2,0.17783203125,-0.03555116227944381
757,180224,88,237,0.9460511199999998,300.0,-1.1488599896430969,0.07434263825416565,0.29250234365463257,0.018371344,0.30271663833409546,0.0003,870,0.2,0.1783203125,-0.0354998921364313
759,182272,89,239,0.2914347999999998,300.0,-1.167835224047303,0.0020954906940460205,0.2489742636680603,0.019715458,0.1749118813080713,0.0003,880,0.2,0.192822265625,-0.03604800054745283
762,184320,90,241,0.6993277799999998,300.0,-1.1827620580792426,0.10737135261297226,0.27167946100234985,0.018270707,0.3171980449929833,0.0003,890,0.2,0.18564453125,-0.03532670490385499
764,186368,91,243,1.26399227,300.0,-1.1489068435505032,0.10041529685258865,0.20181196928024292,0.01978815,0.43818078432232144,0.0003,900,0.2,0.189501953125,-0.035388231958495456
766,188416,92,245,0.7189582799999998,300.0,-1.1639511547982693,0.2875794470310211,0.003568708896636963,0.018035725,0.6976051623933017,0.0003,910,0.2,0.17626953125,-0.035984924479271284
768,190464,93,247,0.69622315,300.0,-1.1624948963522912,0.18045592308044434,0.0713496208190918,0.016386306,0.4657910341396928,0.0003,920,0.2,0.179931640625,-0.0347856313950615
770,192512,94,249,0.4698397699999999,300.0,-1.1647099647670984,0.06386725604534149,0.07394075393676758,0.018983379,0.22975599518977105,0.0003,930,0.2,0.19189453125,-0.03720439658645773
771,194560,95,252,0.18370910999999984,300.0,-1.145741731673479,0.018398664891719818,0.2024521827697754,0.022005102,0.1713424702640623,0.0003,940,0.2,0.20673828125,-0.036282193308579735
773,196608,96,254,0.44696173,300.0,-1.1294332712888717,0.3409819006919861,0.08707994222640991,0.016284743,0.9029238678514957,0.0003,950,0.2,0.17001953125,-0.0360468690880225
775,198656,97,256,0.16331667999999994,300.0,-1.113211509026587,0.3186538815498352,0.006372332572937012,0.019563604,0.8237607975490391,0.0003,960,0.2,0.178369140625,-0.03307100186939351
638,200704,98,314,0.23366113999999982,300.0,-1.1210278779268266,0.09978526830673218,0.05748862028121948,0.019279644,0.35833376715891063,0.0003,970,0.2,0.18525390625,-0.03682970219815616
640,202752,99,316,-0.2474001800000001,300.0,-1.067726768925786,0.09514836966991425,0.1564529538154602,0.019270113,0.3589898054488003,0.0003,980,0.2,0.176904296875,-0.03503233164083212
642,204800,100,318,0.05035940999999978,300.0,-1.1025274006649852,0.17655599117279053,0.20751160383224487,0.021210795,0.4096205275505781,0.0003,990,0.2,0.190087890625,-0.03724173171503935
645,206848,101,320,-0.45332613000000016,300.0,-1.1012462835758925,0.10741206258535385,0.24427443742752075,0.017648935,0.32364246691577137,0.0003,1000,0.2,0.167041015625,-0.03400991043745307
647,208896,102,322,-0.6444742800000001,300.0,-1.120196010544896,0.10250024497509003,0.43037402629852295,0.02074392,0.3827584326500073,0.0003,1010,0.2,0.199658203125,-0.03492534970864654
649,210944,103,324,-0.63065019,300.0,-1.09552669711411,0.40694311261177063,0.25367271900177,0.019089397,0.8220571970567108,0.0003,1020,0.2,0.17890625,-0.03604606357694138
652,212992,104,326,-0.3236802400000002,300.0,-1.111062308959663,0.05320163816213608,0.21569275856018066,0.019032968,0.33656024746596813,0.0003,1030,0.2,0.192333984375,-0.036749001510906966
654,215040,105,328,-0.20775590000000035,300.0,-1.0813555091619491,0.1074034795165062,0.15186315774917603,0.019200658,0.5665492502972483,0.0003,1040,0.2,0.179248046875,-0.03415610350130009
656,217088,106,330,-0.37616900000000036,300.0,-1.0798141922801734,0.044058360159397125,0.333254873752594,0.018917441,0.22935914972331375,0.0003,1050,0.2,0.185791015625,-0.03753759787941817
658,219136,107,332,-0.6089147200000001,300.0,-1.0918540490791202,0.13105618953704834,0.25485754013061523,0.017890442,0.5472591801546514,0.0003,1060,0.2,0.187109375,-0.03539738526451401
660,221184,108,334,-0.8464390900000002,300.0,-1.0981809381395577,0.18145698308944702,0.2186174988746643,0.019461993,0.5636908928863704,0.0003,1070,0.2,0.2025390625,-0.03743309751735069
663,223232,109,336,-0.5580589100000001,300.0,-1.107840881124139,0.030106939375400543,0.44380587339401245,0.021852292,0.29130268599838016,0.0003,1080,0.2,0.19873046875,-0.0405070474545937
665,225280,110,338,-1.0363116499999998,300.0,-1.1381652288138866,0.16311317682266235,0.2585691213607788,0.018626444,0.5531066900119186,0.0003,1090,0.2,0.188037109375,-0.03812322204757947
667,227328,111,340,-1.55134506,300.0,-1.1070437559857964,0.09290711581707001,0.3577078580856323,0.020201951,0.32041033054701984,0.0003,1100,0.2,0.190234375,-0.035472341053537096
669,229376,112,342,-1.8076351899999998,300.0,-1.1169512400403618,0.13333041965961456,0.387323796749115,0.02199214,0.35830192528665067,0.0003,1110,0.2,0.204638671875,-0.03695105789520312
671,231424,113,344,-1.5001724800000003,300.0,-1.1370064463466405,0.17586633563041687,0.36055994033813477,0.020329555,0.47229261230677366,0.0003,1120,0.2,0.201416015625,-0.037751803544233554
673,233472,114,346,-1.2689180999999998,300.0,-1.1296593897044658,0.09543468058109283,0.4631430506706238,0.018438771,0.3639256377704442,0.0003,1130,0.2,0.187255859375,-0.038293031917419285
675,235520,115,348,-1.1405165199999996,300.0,-1.1247185487300158,0.2309398055076599,0.4045194387435913,0.020022195,0.8018333018757403,0.0003,1140,0.2,0.20009765625,-0.03727680795127526
677,237568,116,350,-0.5231144199999999,300.0,-1.0987588495016098,0.526376485824585,0.432586669921875,0.017675396,1.0657901600003243,0.0003,1150,0.2,0.1818359375,-0.035507434204919266
679,239616,117,352,-0.7318890299999999,300.0,-1.1212606370449065,0.1263122856616974,0.5886141657829285,0.022652442,0.38501173970289526,0.0003,1160,0.2,0.209521484375,-0.03905408915015869
681,241664,118,354,-0.63959112,300.0,-1.099846263229847,0.24012213945388794,0.4697185158729553,0.019934008,0.6091070217080414,0.0003,1170,0.2,0.193603515625,-0.03747186595282983
682,243712,119,356,-0.2409121199999998,300.0,-1.0880226349458098,0.30507856607437134,0.3745882511138916,0.019404028,0.7136675149202347,0.0003,1180,0.2,0.20009765625,-0.03869455151434522
684,245760,120,358,-0.14824195999999967,300.0,-1.0844489125534893,0.16540312767028809,0.5217163562774658,0.025350872,0.514973078854382,0.0003,1190,0.2,0.221337890625,-0.03764156985125737
686,247808,121,360,-0.2885063499999998,300.0,-1.0549057897180318,0.04200812056660652,0.5357321500778198,0.022114016,0.22694718611892312,0.0003,1200,0.2,0.202685546875,-0.036102989164646715
688,249856,122,362,0.03996358000000015,300.0,-1.0586911203339695,0.05141575634479523,0.6082989573478699,0.023586769,0.2214411199092865,0.0003,1210,0.2,0.21787109375,-0.04010819268005435
690,251904,123,364,0.17778091000000007,300.0,-1.0530841344967485,0.06889880448579788,0.40181535482406616,0.019398581,0.3465495528653264,0.0003,1220,0.2,0.195947265625,-0.03710572436393704
692,253952,124,366,0.2934062599999999,300.0,-1.042595238983631,0.14054587483406067,0.3010496497154236,0.020879366,0.2811309135053307,0.0003,1230,0.2,0.19365234375,-0.03608392158348579
694,256000,125,368,0.7196712500000001,300.0,-1.0369061140343547,0.18242529034614563,0.17145204544067383,0.019857105,0.6427423818968236,0.0003,1240,0.2,0.18984375,-0.03679853927606018
695,258048,126,370,0.86693479,300.0,-1.0249648777768017,0.19610847532749176,0.07184559106826782,0.019644275,0.7100815462879837,0.0003,1250,0.2,0.1873046875,-0.03684565695584752
697,260096,127,372,0.91976366,300.0,-1.0376654578372837,0.08034512400627136,0.10587239265441895,0.022599824,0.3592945937998593,0.0003,1260,0.2,0.192626953125,-0.03721258694131393
699,262144,128,374,1.08102053,300.0,-1.0233443668112159,0.014043383300304413,0.25594955682754517,0.022884581,0.22378087104298175,0.0003,1270,0.2,0.20693359375,-0.040702386514749375
701,264192,129,376,1.2630212900000002,300.0,-1.0227646907791494,-0.009307652711868286,0.37895822525024414,0.024176367,0.1593297625426203,0.0003,1280,0.2,0.21298828125,-0.038430543051799756
702,266240,130,378,0.5548243,300.0,-1.0261107329279184,0.11353669315576553,0.20238935947418213,0.020212673,0.3723090586718172,0.0003,1290,0.2,0.173583984375,-0.034754223517666105
700,268288,131,382,0.42104267,300.0,-1.0430137207731605,0.27468571066856384,0.1626078486442566,0.019679569,0.8055445554666221,0.0003,1300,0.2,0.1845703125,-0.03547814993944485
701,270336,132,385,0.7002524099999999,300.0,-1.0290308065712452,0.1251617670059204,0.3842264413833618,0.022817727,0.3992886682040989,0.0003,1310,0.2,0.206005859375,-0.03965140853542835
702,272384,133,387,0.5004681500000001,300.0,-1.0430418891832232,0.10996704548597336,0.008092761039733887,0.022818299,0.35758753744885324,0.0003,1320,0.2,0.198828125,-0.037086741605889983
702,274432,134,390,0.41133628,300.0,-1.0317877875640988,0.17847275733947754,0.259965181350708,0.022629192,0.47750605568289756,0.0003,1330,0.2,0.201025390625,-0.038281144024222155
703,276480,135,392,0.10428392999999989,300.0,-1.0341396326199175,0.15145069360733032,-0.03452324867248535,0.022170437,0.5262370227836073,0.0003,1340,0.2,0.20869140625,-0.03764944543072488
705,278528,136,395,0.27019666999999986,300.0,-1.0553054578602314,-0.009734626859426498,0.4990575909614563,0.019595575,0.12204348528757691,0.0003,1350,0.2,0.187255859375,-0.037539408516022374
705,280576,137,397,0.26038122999999996,300.0,-1.0288399608805776,0.09514857083559036,0.15915191173553467,0.022092719,0.5078986507840455,0.0003,1360,0.2,0.2076171875,-0.036678532077348794
706,282624,138,399,0.26118953000000006,300.0,-1.053900600783527,0.1015365868806839,-0.05839264392852783,0.020198762,0.42072276398539543,0.0003,1370,0.2,0.1814453125,-0.03601415822195122
707,284672,139,402,0.015394470000000151,300.0,-1.0577820619568228,0.06467907130718231,0.10301768779754639,0.020641174,0.28695823731832204,0.0003,1380,0.2,0.19375,-0.03462140048213769
709,286720,140,404,-0.24171123000000005,300.0,-1.0750717297196388,0.09229118376970291,-0.023193359375,0.022597529,0.49247866002842783,0.0003,1390,0.2,0.1998046875,-0.039643791380512994
710,288768,141,406,-0.23580874000000007,300.0,-1.0516350254416467,0.059282876551151276,-0.0020726919174194336,0.021454848,0.19357447701040656,0.0003,1400,0.2,0.206494140625,-0.039271648434805684
711,290816,142,408,-0.17774026999999998,300.0,-1.0595509057864547,0.02003822848200798,0.10029333829879761,0.02200233,0.16827935732435434,0.0003,1410,0.2,0.218115234375,-0.040837596033816224
712,292864,143,410,-0.35617979999999994,300.0,-1.0313419803977013,0.03207417577505112,0.19589072465896606,0.024165954,0.21615558243356645,0.0003,1420,0.2,0.20498046875,-0.04230966417308082
714,294912,144,412,-0.2091586199999999,300.0,-1.043579620309174,0.03794175386428833,-0.06719255447387695,0.02158955,0.26624304575379937,0.0003,1430,0.2,0.213818359375,-0.03635301243048161
715,296960,145,414,-0.3585693999999999,300.0,-1.0277712797746061,0.10789025574922562,-0.01431131362915039,0.022323012,0.362591805588454,0.0003,1440,0.2,0.2140625,-0.039572656288510186
716,299008,146,417,0.0469897200000001,300.0,-1.0516782987862825,-0.01824154704809189,0.17121785879135132,0.025432762,0.14639811527449637,0.0003,1450,0.2,0.224755859375,-0.04249375087383669
625,301056,147,481,-0.32775032,300.0,-1.071477827616036,0.07456547766923904,-0.041243553161621094,0.023352835,0.296386608062312,0.0003,1460,0.2,0.21982421875,-0.03928775150270667
627,303104,148,483,0.06513403999999995,300.0,-1.0524278324097396,0.13215839862823486,0.08811736106872559,0.01973885,0.5765074423514307,0.0003,1470,0.2,0.174951171875,-0.03580686040077126
628,305152,149,485,-0.35124153000000014,300.0,-1.0594322551041842,0.0865800604224205,0.001066446304321289,0.019418597,0.29842635937966405,0.0003,1480,0.2,0.1884765625,-0.038694234301510734
630,307200,150,487,-0.18869856999999993,300.0,-1.044216101616621,-0.040290530771017075,-0.0932474136352539,0.026612975,0.11607427484123037,0.0003,1490,0.2,0.231103515625,-0.04322006823349511
631,309248,151,489,0.20516452999999998,300.0,-1.0412417754530907,0.02987077087163925,-0.10492467880249023,0.026896948,0.1994203653652221,0.0003,1500,0.2,0.21533203125,-0.037814146192977204
632,311296,152,492,0.06088675999999997,300.0,-1.0453066570684313,0.12427502125501633,0.018999695777893066,0.02345591,0.5059673215262592,0.0003,1510,0.2,0.20634765625,-0.041192595309985335
634,313344,153,494,0.5563303099999998,300.0,-1.0726855661720038,0.0802101418375969,-0.02255392074584961,0.026078777,0.3856105469632894,0.0003,1520,0.2,0.197412109375,-0.03841585033223964
635,315392,154,496,0.7631683699999999,300.0,-1.0894552413374186,0.051790669560432434,-0.025795578956604004,0.022437647,0.3485588419251144,0.0003,1530,0.2,0.194921875,-0.04100427720113657
636,317440,155,498,0.6221760900000001,300.0,-1.0896174242720007,0.19312500953674316,-0.01952838897705078,0.023121687,0.44813117682933806,0.0003,1540,0.2,0.210595703125,-0.0412994012949639
638,319488,156,500,0.5491865799999996,300.0,-1.0823834117501974,0.21877145767211914,0.015657365322113037,0.021876343,0.612993040215224,0.0003,1550,0.2,0.1908203125,-0.03611735672893701
639,321536,157,503,0.6427690799999999,300.0,-1.0705365793779493,0.09546332061290741,0.0777466893196106,0.021094825,0.41929921992123126,0.0003,1560,0.2,0.20205078125,-0.042030396425980145
640,323584,158,505,0.4119978900000001,300.0,-1.078922264277935,0.05584890395402908,0.22765541076660156,0.020800658,0.2775660868734121,0.0003,1570,0.2,0.200634765625,-0.04071530460787472
641,325632,159,507,0.40358188999999994,300.0,-1.094057705067098,-0.011673204600811005,0.24896717071533203,0.02277578,0.17771772909909486,0.0003,1580,0.2,0.21201171875,-0.041227851613075475
643,327680,160,509,0.22851917000000022,300.0,-1.0628524417057634,0.07532554119825363,0.26933997869491577,0.02010108,0.28193044434301556,0.0003,1590,0.2,0.18779296875,-0.03899114188097883
644,329728,161,511,-0.050688849999999924,300.0,-1.0562563544139265,0.17295923829078674,0.07909125089645386,0.022953916,0.43407557788304985,0.0003,1600,0.2,0.22314453125,-0.03738538679608609
646,331776,162,513,-0.1310469899999998,300.0,-1.0618426894769073,0.055983319878578186,0.21804922819137573,0.024027012,0.2669670100091025,0.0003,1610,0.2,0.220458984375,-0.03953631406766363
647,333824,163,515,0.19033369999999997,300.0,-1.063562429510057,0.25801360607147217,0.03238004446029663,0.018393863,0.7365561346523464,0.0003,1620,0.2,0.184228515625,-0.03745517785864649
649,335872,164,517,0.42528647000000014,300.0,-1.059118625894189,0.0699700191617012,-0.07737648487091064,0.025802871,0.3138514799065888,0.0003,1630,0.2,0.2154296875,-0.043122702720575036
650,337920,165,519,0.4928590200000001,300.0,-1.0608941493555903,0.0790378600358963,0.1484423279762268,0.02356014,0.4149708278942853,0.0003,1640,0.2,0.2099609375,-0.040722423857368996
651,339968,166,521,-0.11487423999999993,300.0,-1.0772984566166997,0.015027768909931183,0.21994876861572266,0.02395391,0.16083990079350768,0.0003,1650,0.2,0.217626953125,-0.04120578524743905
652,342016,167,524,-0.14780549999999987,300.0,-1.0746412659063935,0.04345906525850296,0.07646775245666504,0.025100948,0.30581252328120173,0.0003,1660,0.2,0.2212890625,-0.04249121209431905
653,344064,168,526,-0.5583575999999999,300.0,-1.066275922395289,0.28638017177581787,-0.0007597208023071289,0.019081958,0.7788907617330552,0.0003,1670,0.2,0.186376953125,-0.03853615613770671
655,346112,169,528,0.1417746900000001,300.0,-1.0896980211138725,-0.020024307072162628,0.04407238960266113,0.022944657,0.15554494853131473,0.0003,1680,0.2,0.214404296875,-0.04302918073954061
656,348160,170,530,0.32172452999999984,300.0,-1.0743632385507227,-0.013397812843322754,0.12752419710159302,0.027073847,0.16777841746807098,0.0003,1690,0.2,0.208349609375,-0.040578833964536896
657,350208,171,532,0.18805613,300.0,-1.0901932002976538,0.265644371509552,0.036208927631378174,0.024584685,0.67213363815099,0.0003,1700,0.2,0.203564453125,-0.03802556667651515
658,352256,172,535,-0.03880801000000002,300.0,-1.0865979738533498,0.2107439488172531,-0.10172069072723389,0.02558421,0.5367037271149456,0.0003,1710,0.2,0.22294921875,-0.04467164356319699
659,354304,173,537,0.6651493800000001,300.0,-1.083278227597475,0.023459285497665405,-0.07432854175567627,0.02325702,0.20921773938462138,0.0003,1720,0.2,0.213037109375,-0.03889679566200357
660,356352,174,539,1.0302019400000002,300.0,-1.0618762634694576,0.0011638067662715912,-0.03161799907684326,0.024185948,0.15877549804281443,0.0003,1730,0.2,0.216748046875,-0.040713436354417355
661,358400,175,541,1.7088059100000002,300.0,-1.0390853397548199,0.03750033676624298,0.10015672445297241,0.023200529,0.29734686156734824,0.0003,1740,0.2,0.19755859375,-0.04035295671492349
662,360448,176,543,1.7093025999999998,300.0,-1.0638196097686887,0.017472535371780396,0.18876761198043823,0.026027987,0.2237378560937941,0.0003,1750,0.2,0.222705078125,-0.03834658403065987
663,362496,177,545,1.43356288,300.0,-1.0240346152335404,0.36565810441970825,0.09861820936203003,0.02212565,0.7547033736482263,0.0003,1760,0.2,0.197412109375,-0.04021082169783767
664,364544,178,548,1.20180377,300.0,-1.0631470575928688,0.055913761258125305,0.2874429225921631,0.027064193,0.2159663540078327,0.0003,1770,0.2,0.2349609375,-0.0402389465860324
666,366592,179,550,1.4309292599999999,300.0,-1.0765988310799002,-0.017294030636548996,0.4832138419151306,0.025799587,0.14462090162560343,0.0003,1780,0.2,0.225,-0.043003094295272604
667,368640,180,552,1.2330323,300.0,-1.052349715679884,0.1559840887784958,0.43378138542175293,0.023556791,0.3835043333470821,0.0003,1790,0.2,0.223974609375,-0.04348933197616134
668,370688,181,554,1.1497740900000002,300.0,-1.065724167227745,0.07988651096820831,0.2849922180175781,0.025000181,0.5743265381082893,0.0003,1800,0.2,0.22138671875,-0.03847463368147146
669,372736,182,556,1.2872816699999998,300.0,-1.0724848894402386,0.2968537211418152,0.344498872756958,0.024020825,0.715112597309053,0.0003,1810,0.2,0.22060546875,-0.04226891417638399
670,374784,183,558,1.6913497799999997,300.0,-1.067251300998032,0.07046935707330704,0.511162519454956,0.024341386,0.3248611902818084,0.0003,1820,0.2,0.216357421875,-0.041373427270445975
671,376832,184,560,1.0583615399999997,300.0,-1.0462431007996202,0.29697808623313904,0.39590275287628174,0.026861621,0.6440823106095195,0.0003,1830,0.2,0.220654296875,-0.04064902275567874
672,378880,185,563,1.11862904,300.0,-1.0434186978265643,0.04000158607959747,0.5461341142654419,0.026432443,0.20476536764763295,0.0003,1840,0.2,0.22802734375,-0.043147665055585094
674,380928,186,565,1.48850381,300.0,-1.0575729673728347,0.06704182177782059,0.33960914611816406,0.029372524,0.3730991772376001,0.0003,1850,0.2,0.23984375,-0.04340787568435189
674,382976,187,567,1.5712799799999997,300.0,-1.0550968777388334,0.09814988076686859,0.20413905382156372,0.024558779,0.35785539271309974,0.0003,1860,0.2,0.2212890625,-0.03953781051677652
675,385024,188,569,1.1251947900000001,300.0,-1.0366914808750152,0.10845600068569183,0.19157707691192627,0.025634447,0.2988799669314176,0.0003,1870,0.2,0.217724609375,-0.04199361584614962
676,387072,189,571,0.54752167,300.0,-1.026529953815043,0.11289086937904358,0.3106011748313904,0.025313906,0.4995984835550189,0.0003,1880,0.2,0.232421875,-0.047287368073011746
678,389120,190,573,0.7002760500000003,300.0,-1.0148491654545069,0.08301769196987152,0.26643508672714233,0.023681259,0.3147455981466919,0.0003,1890,0.2,0.2134765625,-0.03852278996928362
679,391168,191,575,1.0657284600000003,300.0,-1.0385223109275104,0.052767083048820496,0.09205836057662964,0.03040681,0.3529424448963255,0.0003,1900,0.2,0.2380859375,-0.04139482783793937
680,393216,192,578,0.9679495600000001,300.0,-1.0152286080643536,0.17263080179691315,0.0053678154945373535,0.027082391,0.46264502676203845,0.0003,1910,0.2,0.235400390625,-0.043009902563062495
681,395264,193,580,0.58737989,300.0,-1.014384034834802,0.3731197118759155,0.1023632287979126,0.023443924,0.6509636925533414,0.0003,1920,0.2,0.199365234375,-0.03884561312734149
681,397312,194,582,0.7000053100000001,300.0,-1.0283066233620048,0.07859709858894348,0.001825869083404541,0.026080566,0.40714029404334723,0.0003,1930,0.2,0.230517578125,-0.043904762709280475
682,399360,195,584,1.1230737399999997,300.0,-1.0167705621570349,0.004108957946300507,-0.2420966625213623,0.03180872,0.20063300954643637,0.0003,1940,0.2,0.24033203125,-0.04464419843570795
620,401408,196,647,1.1796817899999998,300.0,-1.015208906121552,-0.02788436785340309,0.25017106533050537,0.026162796,0.15181996242608875,0.0003,1950,0.2,0.234521484375,-0.043946354312356564
621,403456,197,649,0.71584148,300.0,-0.985496923699975,0.14158132672309875,0.1827157735824585,0.024446804,0.49519108291715386,0.0003,1960,0.2,0.214013671875,-0.04251899568771478
622,405504,198,651,0.2606193499999999,300.0,-1.0022398071363567,-0.0014433637261390686,0.1564679741859436,0.025982216,0.17732651378028094,0.0003,1970,0.2,0.22060546875,-0.04263595660886495
623,407552,199,653,0.66870414,300.0,-1.018036932311952,0.2594324052333832,0.0527576208114624,0.027577642,0.6398743512108922,0.0003,1980,0.2,0.220556640625,-0.04212766460404964
624,409600,200,655,0.5193677699999999,300.0,-0.987982627004385,0.11031625419855118,0.1885872483253479,0.023000346,0.41085057696327565,0.0003,1990,0.2,0.204541015625,-0.040020532530616035
625,411648,201,658,0.3212447999999999,300.0,-0.9972496697679162,0.04549826681613922,0.0584179162979126,0.026278783,0.24445636477321386,0.0003,2000,0.2,0.22177734375,-0.04230358899803832
626,413696,202,660,0.6124977800000001,300.0,-0.9970559578388929,0.05839838832616806,0.28346848487854004,0.027949218,0.493378234654665,0.0003,2010,0.2,0.21552734375,-0.044612465679529124
627,415744,203,662,0.3532569000000001,300.0,-0.9943812776356935,0.17046882212162018,0.16176819801330566,0.025128562,0.47139751305803657,0.0003,2020,0.2,0.214697265625,-0.042703525576507674
628,417792,204,664,0.2984556500000002,300.0,-0.9940780092030763,0.20738168060779572,0.17032194137573242,0.024283484,0.653285844810307,0.0003,2030,0.2,0.207177734375,-0.03912277570925653
629,419840,205,666,-0.35726685999999963,300.0,-0.9810602810233832,0.07444407790899277,0.31339263916015625,0.026546702,0.31576736783608794,0.0003,2040,0.2,0.2240234375,-0.040758553906925954
630,421888,206,668,-0.26519549000000003,300.0,-0.9997079689055681,0.18799445033073425,0.3439686894416809,0.028747778,0.39970273775979875,0.0003,2050,0.2,0.233935546875,-0.044396287950803526
631,423936,207,671,-0.05721170999999993,300.0,-0.9687309121713042,0.18801546096801758,0.3252646327018738,0.02710072,0.5040505990386009,0.0003,2060,0.2,0.213720703125,-0.040392751261242664
632,425984,208,673,0.2676978300000002,300.0,-0.9719825020059943,0.227488711476326,0.048996031284332275,0.022941677,0.7069762413389981,0.0003,2070,0.2,0.211669921875,-0.04062404875294305
633,428032,209,675,-0.09183411999999994,300.0,-0.9906685177236796,0.013504169881343842,-0.034525513648986816,0.02355134,0.19065266295801847,0.0003,2080,0.2,0.21064453125,-0.038193704809236804
634,430080,210,678,-0.17779256999999987,300.0,-0.9747285902500152,-0.0346490815281868,0.07085740566253662,0.026865873,0.17794178107287734,0.0003,2090,0.2,0.21708984375,-0.04147650748782326
634,432128,211,680,-0.07708146999999986,300.0,-1.0015019118785857,0.025028105825185776,0.11110275983810425,0.025099678,0.15077262885170056,0.0003,2100,0.2,0.219189453125,-0.042026347166392954
635,434176,212,683,0.09129574000000014,300.0,-0.9938941292464734,0.31425684690475464,0.02711772918701172,0.02443712,0.782404466252774,0.0003,2110,0.2,0.2125,-0.04455674096825533
636,436224,213,685,-0.39442147,300.0,-1.0063827177509665,0.11132938414812088,0.1124107837677002,0.024380885,0.38531153933145107,0.0003,2120,0.2,0.2142578125,-0.042217374521715104
636,438272,214,688,-0.8270201399999999,300.0,-0.9928080389276147,0.11038493365049362,-0.0333561897277832,0.025484554,0.4433656258042902,0.0003,2130,0.2,0.2123046875,-0.04306915693596238
637,440320,215,690,-0.8508855599999998,300.0,-0.9963092889636755,0.06326413154602051,0.1833222508430481,0.025606401,0.3316720225382596,0.0003,2140,0.2,0.20927734375,-0.04092249204404652
638,442368,216,692,-0.4092543099999999,300.0,-1.0019950926303864,0.0592539981007576,-0.05715644359588623,0.024263464,0.38425667406991126,0.0003,2150,0.2,0.211669921875,-0.04194465639302507
639,444416,217,694,-0.3299952400000001,300.0,-0.985949013568461,0.03652283549308777,-0.04841804504394531,0.023888974,0.26330868441145866,0.0003,2160,0.2,0.198193359375,-0.040062630499596706
640,446464,218,697,-0.4772646300000001,300.0,-0.9809672856703401,0.39084988832473755,0.10440373420715332,0.027128777,0.8309304531663656,0.0003,2170,0.2,0.239697265625,-0.03997664522903506
640,448512,219,700,-0.7787786800000002,300.0,-0.9813545875251293,0.1451379954814911,0.2623538374900818,0.02970093,0.4465068163350224,0.0003,2180,0.2,0.225732421875,-0.042273091785318684
640,450560,220,703,-0.7174574199999998,300.0,-0.9798107478767634,0.08242989331483841,0.17627960443496704,0.026469538,0.2708102023694664,0.0003,2190,0.2,0.221875,-0.042435242552892306
641,452608,221,705,-0.56723597,300.0,-0.9979870732873678,0.16100575029850006,0.20141816139221191,0.026287798,0.3983992803376168,0.0003,2200,0.2,0.211767578125,-0.042330204787140245
642,454656,222,707,-0.32424818,300.0,-0.9867863856256008,0.09081237018108368,0.2274237871170044,0.025369558,0.36183501784689726,0.0003,2210,0.2,0.20390625,-0.04293395806744229
642,456704,223,710,-0.3418072299999999,300.0,-0.9755984880030155,0.004752948880195618,0.6496278047561646,0.02640405,0.14090358957182617,0.0003,2220,0.2,0.22470703125,-0.046262641734210776
643,458752,224,712,-0.2154113199999999,300.0,-0.965681654214859,0.24848142266273499,0.21090692281723022,0.024875915,0.5887816875241697,0.0003,2230,0.2,0.214990234375,-0.041243990606744774
644,460800,225,714,-0.57978499,300.0,-0.9862249007448554,0.2962128520011902,0.16801559925079346,0.025199657,0.6247616476379335,0.0003,2240,0.2,0.216796875,-0.04348939530318603
645,462848,226,717,-0.70604492,300.0,-0.988501668535173,0.04638282209634781,0.29051852226257324,0.029834071,0.27407315555028616,0.0003,2250,0.2,0.251416015625,-0.044909076613839714
646,464896,227,719,-0.5051868400000002,300.0,-0.9916695209220052,0.018086232244968414,-0.0692065954208374,0.026433593,0.21790404377970846,0.0003,2260,0.2,0.226025390625,-0.040469901281176134
646,466944,228,721,-0.18594050000000004,300.0,-0.9736593453213572,0.0708223432302475,0.23423808813095093,0.027909271,0.3367952653206885,0.0003,2270,0.2,0.25126953125,-0.046519893817458066
647,468992,229,724,0.09561233999999999,300.0,-0.9896135371178388,0.09003892540931702,0.22834718227386475,0.02639736,0.416535974573344,0.0003,2280,0.2,0.22333984375,-0.044244784794864246
647,471040,230,727,-0.22095598999999988,300.0,-0.9688642701134086,0.24852535128593445,-0.01553487777709961,0.024153247,0.9229939799755812,0.0003,2290,0.2,0.2220703125,-0.04131216159730684
648,473088,231,729,-0.30019526999999996,300.0,-0.9582672392949462,0.015901610255241394,0.012252509593963623,0.031031601,0.18629979020915927,0.0003,2300,0.2,0.245703125,-0.04807265101699158
648,475136,232,732,-0.004353679999999915,300.0,-0.9556822353973985,0.0926981046795845,0.01792830228805542,0.024566531,0.3223132506944239,0.0003,2310,0.2,0.217333984375,-0.040447700486402026
649,477184,233,734,0.25620355999999994,300.0,-0.9670757934451103,0.06622098386287689,0.031998515129089355,0.025597844,0.2632054968737066,0.0003,2320,0.2,0.2080078125,-0.04076005786773749
649,479232,234,737,0.41488736000000004,300.0,-0.9695195641368628,-0.01912616938352585,-0.15666544437408447,0.029013105,0.19983046897687018,0.0003,2330,0.2,0.227734375,-0.046035427553579214
650,481280,235,739,0.6777532199999999,300.0,-0.9811155389994383,0.03962518274784088,0.06514626741409302,0.025894381,0.44166972758248446,0.0003,2340,0.2,0.229150390625,-0.04186775420093909
650,483328,236,742,0.30810479,300.0,-0.9790329188108444,0.2044639140367508,0.035418033599853516,0.026194273,0.554734930768609,0.0003,2350,0.2,0.223388671875,-0.0446790516609326
651,485376,237,744,0.002316199999999977,300.0,-0.9456052962690592,0.05821416527032852,-0.13676238059997559,0.024786808,0.38443843852728604,0.0003,2360,0.2,0.218310546875,-0.04586228788248263
652,487424,238,747,0.13074263999999997,300.0,-0.9689024820923805,0.24313059449195862,0.033646225929260254,0.021964397,0.5470536204054952,0.0003,2370,0.2,0.19169921875,-0.040395450819050896
652,489472,239,750,0.5979880600000002,300.0,-0.9561378493905067,-0.0422026589512825,0.11575263738632202,0.031355944,0.08511003834428266,0.0003,2380,0.2,0.243359375,-0.045385121420258655
651,491520,240,754,0.79742835,300.0,-0.9506605058908463,0.052214786410331726,-0.10073041915893555,0.024491947,0.31923146061599256,0.0003,2390,0.2,0.2271484375,-0.043190270275226796
652,493568,241,756,1.0740326599999996,300.0,-0.9535794021561742,0.27887803316116333,0.07084852457046509,0.024490759,0.6166546161286532,0.0003,2400,0.2,0.197900390625,-0.04152661234838888
652,495616,242,759,1.3005870299999998,300.0,-0.954696910455823,0.2178829312324524,0.07484591007232666,0.023381276,0.4791139130480587,0.0003,2410,0.2,0.213916015625,-0.04215963156602811
651,497664,243,763,1.6477743499999997,300.0,-0.9342321960255504,0.14939866960048676,0.24057447910308838,0.028822564,0.38355480940081177,0.0003,2420,0.2,0.22646484375,-0.042800220882054416
652,499712,244,765,1.4379110099999999,300.0,-0.9090431682765484,0.018400438129901886,0.24339169263839722,0.029642906,0.21863380286376924,0.0003,2430,0.2,0.235888671875,-0.04519137703464367
601,501760,245,834,1.02909055,300.0,-0.9240701783448457,0.167603000998497,0.10294580459594727,0.027827486,0.6512239824980497,0.0003,2440,0.2,0.221826171875,-0.04540426648745779
602,503808,246,836,0.9281175299999999,300.0,-0.9261199330911041,0.12030420452356339,0.1400722861289978,0.03330906,0.4135476429481059,0.0003,2450,0.2,0.241650390625,-0.044049730473489035
602,505856,247,839,1.3013199899999999,300.0,-0.9292789181694389,0.12758494913578033,0.17393118143081665,0.032761075,0.3551929408684373,0.0003,2460,0.2,0.229150390625,-0.04458910818793811
603,507904,248,841,1.5443606099999996,300.0,-0.9196273978799582,0.1335790753364563,0.23373502492904663,0.029314067,0.4094578164629638,0.0003,2470,0.2,0.2255859375,-0.04487971484195441
604,509952,249,843,1.2063569800000002,300.0,-0.9213017703965306,0.1859751045703888,0.28317248821258545,0.027158242,0.7781576007604599,0.0003,2480,0.2,0.222412109375,-0.04103804673650302
604,512000,250,847,1.55603244,300.0,-0.9102067301049829,0.12747862935066223,0.22447556257247925,0.025291925,0.5243230035062879,0.0003,2490,0.2,0.214208984375,-0.043102469888981434
604,514048,251,850,1.9108584100000001,300.0,-0.8794251278042793,-0.006625652313232422,0.30289649963378906,0.034094743,0.22855486737098546,0.0003,2500,0.2,0.24228515625,-0.04737818555440754
604,516096,252,853,1.69144491,300.0,-0.9035823594778776,0.29086098074913025,0.2375929355621338,0.026758924,0.947807838767767,0.0003,2510,0.2,0.2083984375,-0.04032264177803881
605,518144,253,855,0.87482469,300.0,-0.9033815233036876,0.18263623118400574,0.4526747465133667,0.030280743,0.5464953938964754,0.0003,2520,0.2,0.2384765625,-0.041485477121023
606,520192,254,858,0.99358449,300.0,-0.8819658456370234,0.21995766460895538,0.40061408281326294,0.030688308,0.5517830960452557,0.0003,2530,0.2,0.22744140625,-0.0441930554487044
606,522240,255,860,1.1082367700000002,300.0,-0.8742423808202148,0.040262214839458466,0.6313947439193726,0.034684293,0.27037194850854573,0.0003,2540,0.2,0.251953125,-0.047480838252522514
606,524288,256,863,0.8202534,300.0,-0.8845060963183642,0.07920993119478226,0.41488516330718994,0.03422536,0.33776243338361384,0.0003,2550,0.2,0.23896484375,-0.04172581138263922
607,526336,257,866,0.9785144999999998,300.0,-0.8623244913294912,0.07278061658143997,0.3995634913444519,0.029922351,0.25239318567328156,0.0003,2560,0.2,0.233935546875,-0.045701410755282265
608,528384,258,868,1.2731618900000001,300.0,-0.8695538299158215,-0.058891989290714264,0.5706589221954346,0.033253767,0.08536579377250746,0.0003,2570,0.2,0.22119140625,-0.040533328108722344
609,530432,259,870,1.54608734,300.0,-0.8805817043408751,0.09377467632293701,0.33264410495758057,0.027960131,0.35835647261701525,0.0003,2580,0.2,0.226318359375,-0.04165959824749734
609,532480,260,873,1.2800982300000001,300.0,-0.8757222963497042,0.13321655988693237,0.453590989112854,0.027706133,0.29130189437419174,0.0003,2590,0.2,0.227587890625,-0.04235291747318115
610,534528,261,875,1.0426451899999998,300.0,-0.8808044474571943,0.03468228876590729,0.5406115055084229,0.030673983,0.2645900527946651,0.0003,2600,0.2,0.22802734375,-0.04392522751440993
610,536576,262,878,0.7539613099999997,300.0,-0.8809851163998246,0.05250075086951256,0.645243763923645,0.025462082,0.27945579937659204,0.0003,2610,0.2,0.20888671875,-0.03956365869817091
611,538624,263,880,0.86090935,300.0,-0.8969771036878228,0.2070786952972412,0.4308185577392578,0.027731804,0.3796568721998483,0.0003,2620,0.2,0.2099609375,-0.04362157921423204
612,540672,264,883,1.0158212000000002,300.0,-0.8915499556809664,0.12037792056798935,0.48112761974334717,0.026472088,0.4803633623290807,0.0003,2630,0.2,0.202099609375,-0.037196848902385685
613,542720,265,885,0.78078694,300.0,-0.9031974403187633,0.007908910512924194,0.4858219027519226,0.03378962,0.17565844238270073,0.0003,2640,0.2,0.24609375,-0.047465120028937234
614,544768,266,887,0.8954857300000001,300.0,-0.9244344381615519,-0.003410257399082184,0.7098982930183411,0.031701088,0.14636164449620992,0.0003,2650,0.2,0.252734375,-0.046625645429594444
614,546816,267,889,1.0843075899999999,300.0,-0.9100884037092328,0.1676560789346695,0.4004932641983032,0.03047318,0.5719694687984884,0.0003,2660,0.2,0.2341796875,-0.04436360314575723
615,548864,268,891,1.3763419199999998,300.0,-0.9026657706126571,0.033646732568740845,0.4811035990715027,0.02981198,0.18813798718620092,0.0003,2670,0.2,0.22822265625,-0.04136242044332903
616,550912,269,893,1.4886307399999998,300.0,-0.8709580332040787,0.23618152737617493,0.22841554880142212,0.026134353,0.6166278660297394,0.0003,2680,0.2,0.21591796875,-0.0420664475808735
617,552960,270,896,1.2038950499999999,300.0,-0.8694864062592387,0.014646917581558228,0.1972673535346985,0.031272132,0.22427769280038773,0.0003,2690,0.2,0.247509765625,-0.045350440677430014
617,555008,271,898,0.9762796799999998,300.0,-0.8700183302164077,0.033667825162410736,0.38512909412384033,0.027564794,0.17373213300015777,0.0003,2700,0.2,0.21611328125,-0.040777541184797886
618,557056,272,900,0.8918193099999999,300.0,-0.8552088579162955,0.07466064393520355,0.260765016078949,0.029327936,0.2948718395084143,0.0003,2710,0.2,0.219287109375,-0.04455312076897826
618,559104,273,903,1.02700202,300.0,-0.8605513259768486,0.12610198557376862,0.3304257392883301,0.036019277,0.26802149415016174,0.0003,2720,0.2,0.228564453125,-0.04328289437544299
619,561152,274,905,0.4852535199999998,300.0,-0.8423400081694126,0.058230407536029816,0.07641357183456421,0.031530578,0.4019220211543143,0.0003,2730,0.2,0.206640625,-0.040060218604048715
619,563200,275,908,0.6836394200000001,300.0,-0.8483576679602265,0.07102108746767044,0.0340232253074646,0.030410249,0.3745579759590328,0.0003,2740,0.2,0.208837890625,-0.04053760799579322
620,565248,276,910,0.4344670599999999,300.0,-0.85593296084553,0.06688240170478821,0.07958686351776123,0.032104738,0.2669482028577477,0.0003,2750,0.2,0.224267578125,-0.04419490624422906
621,567296,277,913,0.6826159799999999,300.0,-0.8902812717482448,-0.04988168925046921,0.21499592065811157,0.03652406,0.08016543607227504,0.0003,2760,0.2,0.252294921875,-0.047908261402335485
621,569344,278,915,0.3350568600000001,300.0,-0.89081628639251,0.06217454373836517,0.14051276445388794,0.036124326,0.3036338320467621,0.0003,2770,0.2,0.229296875,-0.043774465686874466
622,571392,279,917,0.08790014000000004,300.0,-0.8744843063876033,-0.0003922581672668457,-0.19908583164215088,0.028088879,0.14413531871978194,0.0003,2780,0.2,0.225830078125,-0.0404062413086649
623,573440,280,919,-0.25749470999999996,300.0,-0.9031568372622132,0.013620324432849884,-0.21464931964874268,0.027048146,0.16006814439315348,0.0003,2790,0.2,0.2265625,-0.044714281571214085
623,575488,281,922,-0.21223221000000006,300.0,-0.8872819298878312,0.0702495202422142,-0.06705307960510254,0.030761182,0.2726305991411209,0.0003,2800,0.2,0.2341796875,-0.04168803037027828
624,577536,282,924,-0.5171342300000001,300.0,-0.8478823792189359,0.07665679603815079,-0.04477202892303467,0.028665684,0.3208889229223132,0.0003,2810,0.2,0.2154296875,-0.045557003856811204
625,579584,283,926,-0.45620109999999997,300.0,-0.87811090759933,0.07402241975069046,-0.02490067481994629,0.028249625,0.3321789572481066,0.0003,2820,0.2,0.222412109375,-0.044538158326759
626,581632,284,928,-0.64414484,300.0,-0.8369826128706336,0.008930116891860962,0.14744848012924194,0.026075587,0.2039979726076126,0.0003,2830,0.2,0.217822265625,-0.04117155654530506
627,583680,285,930,-0.43786906000000014,300.0,-0.8740725208073854,0.044089868664741516,0.12675738334655762,0.028143339,0.1996074093040079,0.0003,2840,0.2,0.221630859375,-0.04185789581970312
627,585728,286,933,-0.22382679000000025,300.0,-0.8477260140702129,0.050616323947906494,-0.06048381328582764,0.030070048,0.3505683488212526,0.0003,2850,0.2,0.213232421875,-0.04283574110158952
628,587776,287,935,-0.3411680900000001,300.0,-0.8269891927018762,0.05030977725982666,0.09338182210922241,0.03313128,0.357765456289053,0.0003,2860,0.2,0.21083984375,-0.04045249046466779
629,589824,288,937,-0.43057449999999997,300.0,-0.8369295718148351,0.09380568563938141,0.1844894289970398,0.032709353,0.3470149386208504,0.0003,2870,0.2,0.239404296875,-0.04508015693281777
630,591872,289,939,0.058307589999999986,300.0,-0.8258348440751433,0.15890932083129883,0.379270076751709,0.035306063,0.367395681142807,0.0003,2880,0.2,0.23203125,-0.04311402034945786
630,593920,290,941,0.1652185699999999,300.0,-0.8457632198929786,0.13070321083068848,0.2468189001083374,0.030877521,0.42820618599653243,0.0003,2890,0.2,0.218994140625,-0.04308659829912358
631,595968,291,944,-0.07767921999999992,300.0,-0.8520359952002764,0.04318912327289581,0.4162781238555908,0.03086007,0.24074261919595302,0.0003,2900,0.2,0.230126953125,-0.04267744670942193
631,598016,292,946,0.18390357000000002,300.0,-0.8383356923237443,0.04576776549220085,-0.2199382781982422,0.034335934,0.2707640354987234,0.0003,2910,0.2,0.23271484375,-0.04565435601689387
590,600064,293,1016,0.04617861999999988,300.0,-0.8375966696068644,0.24384194612503052,0.09969115257263184,0.026991133,0.6020740327425301,0.0003,2920,0.2,0.218017578125,-0.037844811186369044
590,602112,294,1019,0.43646692000000004,300.0,-0.8086635252460838,0.015048682689666748,0.031810641288757324,0.036484443,0.20763497687876226,0.0003,2930,0.2,0.242431640625,-0.0466073636431247
591,604160,295,1020,0.6148664899999999,300.0,-0.8396959219127893,0.07445759326219559,0.08573698997497559,0.034025524,0.44387503154575825,0.0003,2940,0.2,0.246533203125,-0.040781715797493234
592,606208,296,1023,0.77959072,300.0,-0.8523339558392763,0.05043482780456543,-0.04743087291717529,0.033092856,0.30958980806171893,0.0003,2950,0.2,0.23681640625,-0.041177022643387316
592,608256,297,1026,0.6819972900000002,300.0,-0.8326390225440263,0.06078990548849106,0.036172449588775635,0.03655714,0.3241508733481169,0.0003,2960,0.2,0.241748046875,-0.04259764213929884
593,610304,298,1028,1.56022009,300.0,-0.8191365474835038,0.10706380009651184,0.01565253734588623,0.03246846,0.3440941147040576,0.0003,2970,0.2,0.24033203125,-0.04308101048809476
593,612352,299,1030,1.3737273200000002,300.0,-0.8026314880698919,0.10723333060741425,-0.0413895845413208,0.033412278,0.34139256798662243,0.0003,2980,0.2,0.22138671875,-0.04224546104669571
594,614400,300,1033,0.7351859900000001,300.0,-0.8358688620850444,0.21386419236660004,0.13411515951156616,0.030094765,0.4904084300622344,0.0003,2990,0.2,0.234814453125,-0.04052153235534206
595,616448,301,1035,0.81555369,300.0,-0.8302724719047546,0.16142937541007996,0.042905569076538086,0.033463325,0.5227322100661695,0.0003,3000,0.2,0.22666015625,-0.04562744811992161
595,618496,302,1038,0.73978057,300.0,-0.8288374433293939,0.22385644912719727,0.2519562840461731,0.035371993,0.5504079021513462,0.0003,3010,0.2,0.2482421875,-0.044782653378206305
596,620544,303,1040,1.1233272,300.0,-0.832856671884656,0.03777936100959778,0.03186178207397461,0.036937796,0.2680027780123055,0.0003,3020,0.2,0.23935546875,-0.041706000026897526
597,622592,304,1042,0.8190247599999999,300.0,-0.8216426128521561,0.029361218214035034,0.16837430000305176,0.03715731,0.47422258127480743,0.0003,3030,0.2,0.237353515625,-0.04537152906996198
597,624640,305,1045,0.58998231,300.0,-0.8302785510197281,0.10587037354707718,0.3099629878997803,0.038856044,0.3428588894195855,0.0003,3040,0.2,0.253271484375,-0.04255670013371855
598,626688,306,1047,0.8686487100000001,300.0,-0.8087279200553894,0.06217893958091736,0.3509567975997925,0.034721,0.36329136402346196,0.0003,3050,0.2,0.232763671875,-0.04228061734465882
598,628736,307,1049,0.4070863900000001,300.0,-0.8161553461104631,0.08667484670877457,0.44356387853622437,0.039428078,0.26731740599498155,0.0003,3060,0.2,0.251708984375,-0.04842383589129895
599,630784,308,1051,0.7442030100000001,300.0,-0.8160960184410214,0.008111629635095596,0.38731396198272705,0.039074957,0.13825259872246534,0.0003,3070,0.2,0.25234375,-0.044111661406350325
600,632832,309,1053,0.6008006199999999,300.0,-0.8220656495541334,0.04067934304475784,0.32159680128097534,0.0321727,0.2937087452970445,0.0003,3080,0.2,0.234228515625,-0.041928931404254396
601,634880,310,1055,0.59029936,300.0,-0.826503336802125,0.06437090784311295,0.2468300461769104,0.031422183,0.36824373207055033,0.0003,3090,0.2,0.24599609375,-0.03862700911995489
601,636928,311,1058,0.29736849000000004,300.0,-0.8316460382193327,0.034542858600616455,0.5308533310890198,0.038934793,0.20539633645676075,0.0003,3100,0.2,0.248486328125,-0.04456771834520623
602,638976,312,1060,0.32996555,300.0,-0.8125162426382303,0.029044918715953827,0.5560106039047241,0.033813283,0.16814081463962793,0.0003,3110,0.2,0.241748046875,-0.04207211550092325
602,641024,313,1063,0.09356545000000004,300.0,-0.832701594568789,0.08222757279872894,0.30149006843566895,0.030010639,0.45659664245322346,0.0003,3120,0.2,0.241015625,-0.04101949857431464
603,643072,314,1066,0.79384744,300.0,-0.8332900281995534,0.028087608516216278,0.19359296560287476,0.034757506,0.2222946052439511,0.0003,3130,0.2,0.228125,-0.044028818779042925
602,645120,315,1070,0.74584027,300.0,-0.8471425026655197,0.10933482646942139,-0.24975359439849854,0.035553772,0.4065270761027932,0.0003,3140,0.2,0.2349609375,-0.045041811195551416
603,647168,316,1073,1.2504064700000002,300.0,-0.8436074389144779,0.2087133377790451,0.07109862565994263,0.03581662,0.6497148383408785,0.0003,3150,0.2,0.235107421875,-0.04539177386905067
603,649216,317,1075,0.77822533,300.0,-0.8520779721438885,0.14676502346992493,0.11937069892883301,0.030903138,0.5344197646714747,0.0003,3160,0.2,0.237841796875,-0.04455417218414368
604,651264,318,1077,1.1776509,300.0,-0.8474093327298761,0.15414033830165863,0.168903648853302,0.032377575,0.4967959475703537,0.0003,3170,0.2,0.250390625,-0.045812119971378705
604,653312,319,1080,1.65680106,300.0,-0.8026852399110794,-0.02095213532447815,0.3797850012779236,0.035446014,0.21820060489699244,0.0003,3180,0.2,0.232421875,-0.03996235711238114
605,655360,320,1083,2.08506378,300.0,-0.8411593127995729,0.11734185367822647,0.3125481605529785,0.031485625,0.3733448996208608,0.0003,3190,0.2,0.24580078125,-0.04087419051502365
605,657408,321,1085,1.3317916799999998,300.0,-0.8229919856414198,0.15925362706184387,0.34868502616882324,0.03461,0.4219033602625132,0.0003,3200,0.2,0.242578125,-0.043890952237416056
606,659456,322,1087,1.29972824,300.0,-0.8225535260513425,0.009334802627563477,0.5145633220672607,0.039269876,0.2903949789237231,0.0003,3210,0.2,0.246630859375,-0.04191059618606232
606,661504,323,1090,0.9404970999999998,300.0,-0.8276087794452905,-0.051701318472623825,0.6165237426757812,0.034119517,0.18233116639312358,0.0003,3220,0.2,0.242724609375,-0.0434220029055723
607,663552,324,1092,1.40935409,300.0,-0.8269088650122285,0.2319331169128418,0.33497321605682373,0.031849504,0.5159005329012871,0.0003,3230,0.2,0.226416015625,-0.040977498775464485
607,665600,325,1094,1.5185468200000003,300.0,-0.817702223919332,0.16773614287376404,0.27090102434158325,0.034716263,0.37707438399083915,0.0003,3240,0.2,0.241552734375,-0.04333485370734706
608,667648,326,1097,1.7491684199999995,300.0,-0.8465714605525136,0.19612886011600494,0.18739265203475952,0.035529286,0.6172501453198492,0.0003,3250,0.2,0.23583984375,-0.04205528609163593
609,669696,327,1099,1.0048891599999998,300.0,-0.8383064519613981,0.122444286942482,0.20775306224822998,0.040011927,0.47071345606818793,0.0003,3260,0.2,0.251904296875,-0.047569583758013324
609,671744,328,1102,0.033821510000000006,300.0,-0.8359269496053457,0.08073531091213226,0.4257562756538391,0.03344465,0.26079772943630813,0.0003,3270,0.2,0.226904296875,-0.043218350209645
610,673792,329,1104,-0.21428599000000012,300.0,-0.8350647771731019,0.35437867045402527,0.22279518842697144,0.032948192,0.8841773374937475,0.0003,3280,0.2,0.231640625,-0.042829255189280956
610,675840,330,1106,-0.5111903199999998,300.0,-0.8278937730938196,0.03092031180858612,0.27777743339538574,0.039093353,0.22862485342193395,0.0003,3290,0.2,0.253515625,-0.0473548852984095
611,677888,331,1109,-0.6253653100000001,300.0,-0.8259259825572371,0.11269010603427887,0.25016677379608154,0.03895418,0.3221959135495126,0.0003,3300,0.2,0.25458984375,-0.04161707274324726
611,679936,332,1111,-1.0841434999999997,300.0,-0.8316200809553266,-0.01638788729906082,0.3647565245628357,0.04143612,0.17924029109999537,0.0003,3310,0.2,0.261474609375,-0.04670818101731129
612,681984,333,1113,-1.3398396300000002,300.0,-0.8374676518142223,0.22863516211509705,0.06823062896728516,0.031867914,0.7067506496794522,0.0003,3320,0.2,0.231591796875,-0.04294163548038341
613,684032,334,1115,-1.55337351,300.0,-0.8208441633731127,0.1235257238149643,0.1472686529159546,0.03364712,0.4239230141509324,0.0003,3330,0.2,0.227978515625,-0.04379278398409951
613,686080,335,1117,-1.49986249,300.0,-0.8159464698284864,0.02169354259967804,0.4888516664505005,0.04120083,0.23716966100037098,0.0003,3340,0.2,0.251904296875,-0.04462112416222226
614,688128,336,1120,-1.18868032,300.0,-0.8186593018472195,0.1305740922689438,0.31483739614486694,0.03281631,0.42784627601504327,0.0003,3350,0.2,0.232373046875,-0.042691255890531465
614,690176,337,1122,-1.2869052500000004,300.0,-0.8140313439071178,0.11027247458696365,0.1484965682029724,0.037491336,0.3673791592475027,0.0003,3360,0.2,0.257421875,-0.045509286303422415
615,692224,338,1124,-1.1473925399999998,300.0,-0.793471690453589,0.19521433115005493,0.046805500984191895,0.035711743,0.5070923220366239,0.0003,3370,0.2,0.24716796875,-0.044748010509647426
616,694272,339,1126,-1.77686749,300.0,-0.7765736529603601,0.017619751393795013,0.3501935601234436,0.042750936,0.20146137580741197,0.0003,3380,0.2,0.260400390625,-0.041739862790564075
616,696320,340,1129,-1.615378,300.0,-0.768780387751758,0.2468172013759613,0.33862459659576416,0.037434846,0.6001667650416493,0.0003,3390,0.2,0.238232421875,-0.04430697378411423
617,698368,341,1131,-1.3018269600000003,300.0,-0.7729417629539966,0.15538978576660156,0.29424625635147095,0.03213545,0.5547183535061777,0.0003,3400,0.2,0.230126953125,-0.036781775913550516
585,700416,342,1195,-1.46765636,300.0,-0.7933631863445043,0.21245169639587402,0.23375993967056274,0.034624174,0.5714478040114045,0.0003,3410,0.2,0.22607421875,-0.03854903166939039
586,702464,343,1198,-1.1149738800000002,300.0,-0.7814814144745469,0.056483931839466095,0.2132154107093811,0.038450025,0.35138527560047805,0.0003,3420,0.2,0.23623046875,-0.040531250144704246
586,704512,344,1200,-0.90346584,300.0,-0.798414272069931,0.2012598216533661,0.4343218207359314,0.04509543,0.46805211291648446,0.0003,3430,0.2,0.25322265625,-0.045858697398216464
587,706560,345,1202,-0.8679769700000002,300.0,-0.7862892648205161,0.12040547281503677,0.48511624336242676,0.04097259,0.3067294053034857,0.0003,3440,0.2,0.248779296875,-0.042145244625862686
587,708608,346,1205,-0.7128294400000001,300.0,-0.7682672671973705,0.06792101263999939,0.6159496903419495,0.04886529,0.2084717427380383,0.0003,3450,0.2,0.249560546875,-0.04150502748962026
588,710656,347,1207,-0.8787190800000001,300.0,-0.7807393636554479,0.15620067715644836,0.48180001974105835,0.04042591,0.410188311804086,0.0003,3460,0.2,0.245654296875,-0.044564075712696646
588,712704,348,1210,-0.6840553300000002,300.0,-0.787669044919312,0.1193469986319542,0.49488693475723267,0.035565984,0.44143273970112207,0.0003,3470,0.2,0.235693359375,-0.04371055512165185
589,714752,349,1212,-0.54038947,300.0,-0.7823845220729708,0.033449284732341766,0.7011840343475342,0.03824677,0.18848908592481167,0.0003,3480,0.2,0.26201171875,-0.04354250840260647
589,716800,350,1215,-0.24236025000000003,300.0,-0.7666774002835155,0.08919302374124527,0.6576952934265137,0.04190275,0.37960861986503003,0.0003,3490,0.2,0.23662109375,-0.040783757394819986
590,718848,351,1217,-0.25977819000000024,300.0,-0.7875317672267557,-0.018671397119760513,0.7878344058990479,0.047773063,0.11661688750609756,0.0003,3500,0.2,0.25654296875,-0.04761601196951233
591,720896,352,1219,-0.42309547000000025,300.0,-0.7714184002950788,0.030036762356758118,0.33711671829223633,0.036461856,0.21713596552144737,0.0003,3510,0.2,0.249951171875,-0.04368670825497247
591,722944,353,1222,-0.18570657999999973,300.0,-0.7599337397143244,0.24703234434127808,0.13094884157180786,0.036236636,0.6906448355875909,0.0003,3520,0.2,0.219140625,-0.04162545546132605
592,724992,354,1224,0.11216215000000002,300.0,-0.7581089610233903,0.1973065584897995,0.16449213027954102,0.04118085,0.3771818654146045,0.0003,3530,0.2,0.23818359375,-0.04375738277740311
592,727040,355,1226,0.2838065299999999,300.0,-0.7417705491185188,0.12349769473075867,0.3158470392227173,0.039167143,0.2941776790656149,0.0003,3540,0.2,0.24697265625,-0.04308368246711325
593,729088,356,1228,-0.34502262999999994,300.0,-0.7469659551978112,0.1694910079240799,0.1279032826423645,0.03982372,0.4988118750974536,0.0003,3550,0.2,0.24423828125,-0.04022518302081153
593,731136,357,1231,0.37532988000000017,300.0,-0.7725445924326777,0.3428136706352234,0.12366217374801636,0.042836286,0.6000670964829624,0.0003,3560,0.2,0.241455078125,-0.04209126398491207
594,733184,358,1233,0.6431537100000001,300.0,-0.776253892853856,0.018835067749023438,-0.1564711332321167,0.03955334,0.23916865126229822,0.0003,3570,0.2,0.237451171875,-0.041398141297395344
594,735232,359,1235,0.21194128000000012,300.0,-0.7826095392927528,0.15772762894630432,-0.07936966419219971,0.035801988,0.49058951139450074,0.0003,3580,0.2,0.233251953125,-0.04283103636698797
595,737280,360,1238,0.6497383800000002,300.0,-0.7971050275489688,-0.00133504718542099,-0.02448582649230957,0.03884717,0.22350119082257153,0.0003,3590,0.2,0.2501953125,-0.04348785170004703
596,739328,361,1240,0.44352326000000003,300.0,-0.7693680519238114,0.14432379603385925,-0.07066547870635986,0.036478948,0.43325258865952493,0.0003,3600,0.2,0.234765625,-0.041319368276163004
596,741376,362,1242,1.0354496800000004,300.0,-0.7638393569737673,0.07324975728988647,0.07550585269927979,0.038964592,0.38175793131813407,0.0003,3610,0.2,0.254296875,-0.04301975683774799
597,743424,363,1244,0.6658972700000002,300.0,-0.780662359111011,0.14489243924617767,-0.028370976448059082,0.038495604,0.49350355211645364,0.0003,3620,0.2,0.2421875,-0.04015574785735225
597,745472,364,1246,0.7179727700000004,300.0,-0.7610119599848986,0.11243376135826111,-0.19509851932525635,0.040490896,0.2879327700473368,0.0003,3630,0.2,0.243896484375,-0.04340422424429562
598,747520,365,1249,0.6571245400000001,300.0,-0.7657900432124733,0.024430833756923676,0.08649587631225586,0.04449215,0.2064284384250641,0.0003,3640,0.2,0.25107421875,-0.043046325158502444
598,749568,366,1251,1.16001865,300.0,-0.7482267035171389,0.06202738732099533,0.15964698791503906,0.03799071,0.27565119257196785,0.0003,3650,0.2,0.242529296875,-0.0417016498191515
599,751616,367,1253,1.22097048,300.0,-0.747639156319201,0.08458069711923599,0.057059645652770996,0.042279087,0.3642857439815998,0.0003,3660,0.2,0.24736328125,-0.04143793746334268
599,753664,368,1256,1.3515903400000002,300.0,-0.7345832625404001,0.28454872965812683,0.06872940063476562,0.033771493,0.7261483203619719,0.0003,3670,0.2,0.232666015625,-0.04152360838779714
600,755712,369,1258,0.6933382099999998,300.0,-0.7526398992165924,0.007812786847352982,0.3796789050102234,0.038374513,0.12605702988803386,0.0003,3680,0.2,0.24931640625,-0.04163138775911648
601,757760,370,1260,1.0027854299999999,300.0,-0.7497452462092042,-0.014406770467758179,0.48837578296661377,0.03895448,0.11095316298305988,0.0003,3690,0.2,0.239990234375,-0.0401915965572698
601,759808,371,1264,1.1103408199999998,300.0,-0.7721775650978089,0.02070542424917221,0.5188267230987549,0.038398683,0.1815474591916427,0.0003,3700,0.2,0.229931640625,-0.04329437237174716
601,761856,372,1266,1.51604563,300.0,-0.7860873369500041,0.11854720860719681,0.3326263427734375,0.0372442,0.36996792228892444,0.0003,3710,0.2,0.2419921875,-0.043634459772147235
601,763904,373,1268,1.2233737000000002,300.0,-0.7625091334804892,-0.0002675577998161316,0.6349785923957825,0.04197664,0.17460770630277694,0.0003,3720,0.2,0.242333984375,-0.041993196128169076
602,765952,374,1271,1.1599302399999998,300.0,-0.7532826956361532,0.003549933433532715,0.6667556762695312,0.04398568,0.1903847038280219,0.0003,3730,0.2,0.2490234375,-0.04468920711660758
603,768000,375,1273,1.2874906500000003,300.0,-0.7367086274549365,0.012647636234760284,0.510699987411499,0.04049176,0.19739493974484504,0.0003,3740,0.2,0.24599609375,-0.04002881705673644
603,770048,376,1275,1.1016625699999998,300.0,-0.7595927517861127,0.03451842814683914,0.3962911367416382,0.040470496,0.2812929669395089,0.0003,3750,0.2,0.252392578125,-0.04348607535357587
604,772096,377,1278,0.83892709,300.0,-0.7415083864703774,0.017998792231082916,0.4665558338165283,0.040022586,0.15132206659764053,0.0003,3760,0.2,0.236767578125,-0.04123565650370438
604,774144,378,1280,1.00775751,300.0,-0.7209834013134241,0.018687289208173752,0.5951268672943115,0.04180964,0.1548490845831111,0.0003,3770,0.2,0.2359375,-0.03999295159010217
604,776192,379,1283,1.1035344700000003,300.0,-0.7425099533051253,0.18342208862304688,0.16330164670944214,0.038143057,0.613235078100115,0.0003,3780,0.2,0.227783203125,-0.038745193151407877
605,778240,380,1285,0.7621360700000003,300.0,-0.7391396310180426,0.19792424142360687,0.11000615358352661,0.029166885,0.6683257615193725,0.0003,3790,0.2,0.2181640625,-0.04015287075890228
606,780288,381,1287,0.29127306000000014,300.0,-0.7537706574425102,0.11085475981235504,0.2399730682373047,0.0331669,0.5813045013695955,0.0003,3800,0.2,0.234912109375,-0.04064563124848064
606,782336,382,1289,0.024613980000000025,300.0,-0.7514133270829916,0.1186516210436821,0.3994120955467224,0.03725779,0.3505609816871583,0.0003,3810,0.2,0.233447265625,-0.04535102695517708
607,784384,383,1291,0.03046453999999976,300.0,-0.7434207245707511,0.3097173869609833,0.13783884048461914,0.029646704,0.9626798605546355,0.0003,3820,0.2,0.2091796875,-0.038938968794536774
607,786432,384,1293,0.21924794999999975,300.0,-0.7620455833151937,-0.01610015705227852,0.3235706090927124,0.04896369,0.1171570262988098,0.0003,3830,0.2,0.26708984375,-0.04276090813218616
608,788480,385,1295,0.4291419200000001,300.0,-0.7502660082653165,0.04430392384529114,0.1501230001449585,0.043054327,0.328587089991197,0.0003,3840,0.2,0.256689453125,-0.043235339524107984
609,790528,386,1297,0.49555991,300.0,-0.7725208945572376,0.02525387331843376,0.17737430334091187,0.042790804,0.19336288834456355,0.0003,3850,0.2,0.251171875,-0.042617310432251546
609,792576,387,1299,0.6333227800000002,300.0,-0.7483936229720711,0.3257257342338562,-0.06008315086364746,0.03972891,0.6866183842532336,0.0003,3860,0.2,0.250732421875,-0.04000632534734905
610,794624,388,1302,0.5756414799999999,300.0,-0.747327615506947,0.28163135051727295,-0.10171353816986084,0.036508754,0.783477932959795,0.0003,3870,0.2,0.2357421875,-0.04560983680130448
610,796672,389,1304,0.8395720299999999,300.0,-0.7502413846552372,0.15942054986953735,0.005952775478363037,0.04886569,0.385743603669107,0.0003,3880,0.2,0.25625,-0.046075378407840616
611,798720,390,1306,0.49881478,300.0,-0.7358299320563674,0.17166897654533386,0.05435967445373535,0.03709077,0.4969597482122481,0.0003,3890,0.2,0.227978515625,-0.040439469358534555
583,800768,391,1371,0.9440483999999998,300.0,-0.7381291162222624,0.11525723338127136,0.04073137044906616,0.03691732,0.32852040394209325,0.0003,3900,0.2,0.242333984375,-0.043938631936907765
584,802816,392,1373,0.81643332,300.0,-0.7240517856553197,0.09175200760364532,0.20565074682235718,0.03993648,0.3547473395708948,0.0003,3910,0.2,0.246484375,-0.043373742590483745
585,804864,393,1375,0.6595523,300.0,-0.7219108328223228,0.033088523894548416,-0.15717923641204834,0.041628554,0.23837879793718458,0.0003,3920,0.2,0.25341796875,-0.041933950736711266
585,806912,394,1377,0.48424668999999987,300.0,-0.7002230810001493,0.06168932467699051,0.09810435771942139,0.03759299,0.31870622909627855,0.0003,3930,0.2,0.241650390625,-0.04285083401773591
586,808960,395,1380,1.0764645199999998,300.0,-0.7255606967955828,0.09397513419389725,-0.045218825340270996,0.041413315,0.5060461315326392,0.0003,3940,0.2,0.250244140625,-0.04241942300868686
586,811008,396,1382,1.0331320800000001,300.0,-0.7325194666162134,0.0223054438829422,-0.18490087985992432,0.038286723,0.24711271482519806,0.0003,3950,0.2,0.239697265625,-0.043550388948642646
587,813056,397,1384,1.20877048,300.0,-0.7387845337390899,0.2296518087387085,0.012356340885162354,0.03487999,0.7624122869223356,0.0003,3960,0.2,0.220654296875,-0.04113802654319443
587,815104,398,1386,1.3640832999999999,300.0,-0.7431603597477079,0.09665050357580185,0.21515434980392456,0.03555629,0.36136028869077563,0.0003,3970,0.2,0.240625,-0.03915597701561637
588,817152,399,1388,1.4945347600000003,300.0,-0.753757693618536,0.07797612994909286,0.32406193017959595,0.03461987,0.28889281838200986,0.0003,3980,0.2,0.244384765625,-0.041546766538522205
588,819200,400,1391,1.8168464900000003,300.0,-0.7563453515991568,0.015970274806022644,0.45902591943740845,0.04359992,0.18321288558654486,0.0003,3990,0.2,0.258984375,-0.04391095953178592
589,821248,401,1393,1.6025762299999995,300.0,-0.7688887687399983,0.04951371252536774,0.4974679946899414,0.04074335,0.25053545041009784,0.0003,4000,0.2,0.250634765625,-0.0459723031235626
589,823296,402,1395,1.0792344500000002,300.0,-0.7744236420840025,0.010138951241970062,0.5359496474266052,0.040624775,0.209173743147403,0.0003,4010,0.2,0.251708984375,-0.04429585666075582
590,825344,403,1397,1.14190685,300.0,-0.7705536158755422,0.0973554253578186,0.44731152057647705,0.033805616,0.36661091521382333,0.0003,4020,0.2,0.23671875,-0.04509094998938963
590,827392,404,1399,1.35730084,300.0,-0.7631864834576845,-0.0068991705775260925,0.7097870111465454,0.042207703,0.1632719984743744,0.0003,4030,0.2,0.234814453125,-0.04365217112645041
591,829440,405,1402,0.936324,300.0,-0.7660048896446824,0.006728522479534149,0.6534780859947205,0.036008377,0.1732673396822065,0.0003,4040,0.2,0.23828125,-0.047000905843742655
592,831488,406,1404,0.9976803200000001,300.0,-0.7855160882696509,0.13782203197479248,0.49682164192199707,0.035823315,0.36734192636795343,0.0003,4050,0.2,0.247607421875,-0.046115909129730424
592,833536,407,1406,0.9893206200000002,300.0,-0.7785638039931655,0.05173146724700928,0.6711300611495972,0.034990728,0.17020774371922015,0.0003,4060,0.2,0.230126953125,-0.04223111559986137
593,835584,408,1408,0.7387024400000003,300.0,-0.7876280806958675,0.29347774386405945,0.2962779402732849,0.036011018,1.015969900228083,0.0003,4070,0.2,0.2263671875,-0.04251238367141923
593,837632,409,1410,0.6155946400000002,300.0,-0.775245944596827,0.45946651697158813,0.38782691955566406,0.034152854,0.9322249080054462,0.0003,4080,0.2,0.22919921875,-0.04522756565420423
594,839680,410,1412,0.80658897,300.0,-0.7840319741517305,0.09101159125566483,0.46267759799957275,0.042455543,0.38537256033159795,0.0003,4090,0.2,0.2427734375,-0.044642580798245034
594,841728,411,1414,0.7468963199999998,300.0,-0.7694876348599792,-0.0002784654498100281,0.008254468441009521,0.03764677,0.19023211691528558,0.0003,4100,0.2,0.238037109375,-0.04478903023264138
595,843776,412,1417,0.6323360800000002,300.0,-0.7582084050402045,0.10839823633432388,0.23554033041000366,0.035981532,0.45186960864812137,0.0003,4110,0.2,0.229736328125,-0.044177397844032386
595,845824,413,1419,0.49946343000000015,300.0,-0.7802941501140594,0.1363806277513504,0.1526583433151245,0.03812159,0.40892597041092815,0.0003,4120,0.2,0.239794921875,-0.045309157474548556
596,847872,414,1421,-0.01106125000000004,300.0,-0.7705485632643103,0.02498115599155426,-0.023518800735473633,0.03726515,0.22200660400558264,0.0003,4130,0.2,0.2494140625,-0.04629025040339911
596,849920,415,1423,-0.19360441999999992,300.0,-0.746397634781897,0.08939177542924881,0.18183308839797974,0.03406004,0.4315283820964396,0.0003,4140,0.2,0.235791015625,-0.04283437405247241
597,851968,416,1425,-0.59015036,300.0,-0.7483969246968627,0.1920192539691925,0.0006508231163024902,0.039473534,0.644750302284956,0.0003,4150,0.2,0.246337890625,-0.046735953763709405
597,854016,417,1428,-0.7587377000000001,300.0,-0.7426761778071522,0.055640846490859985,-0.03644359111785889,0.0367482,0.368723312811926,0.0003,4160,0.2,0.231201171875,-0.04656715703895316
598,856064,418,1430,-0.6318127,300.0,-0.7425487896427512,0.2652583122253418,-0.07183265686035156,0.034855627,0.6746960242278874,0.0003,4170,0.2,0.230322265625,-0.04382975365006132
598,858112,419,1432,-0.7930570999999997,300.0,-0.7640871796756983,0.12704817950725555,0.012902319431304932,0.03987396,0.46768824313767254,0.0003,4180,0.2,0.241455078125,-0.04479674834146863
599,860160,420,1434,-0.6015524099999999,300.0,-0.7627071581780911,-0.004964672029018402,0.023581326007843018,0.045183323,0.14108517991844566,0.0003,4190,0.2,0.267041015625,-0.0459641513058159
599,862208,421,1437,-0.6810244699999999,300.0,-0.7643533058464527,0.020186401903629303,0.1486104130744934,0.040391974,0.17336095448117703,0.0003,4200,0.2,0.252490234375,-0.04483518835040741
600,864256,422,1439,-0.47979588,300.0,-0.7631280900910496,0.13646206259727478,0.1422419548034668,0.03696791,0.4258220253512263,0.0003,4210,0.2,0.229931640625,-0.04364724181941711
600,866304,423,1442,-0.7894078800000002,300.0,-0.7757943339645863,0.006766840815544128,0.34763699769973755,0.040198445,0.2009176996536553,0.0003,4220,0.2,0.258837890625,-0.04508863953815308
601,868352,424,1444,-0.7604284099999999,300.0,-0.7481672272086144,-0.025267615914344788,0.36236000061035156,0.039138332,0.11453062905929982,0.0003,4230,0.2,0.226416015625,-0.043657342859660275
601,870400,425,1446,-0.6807225,300.0,-0.7622157201170922,0.07920810580253601,0.06178766489028931,0.03147962,0.29802589351311326,0.0003,4240,0.2,0.234521484375,-0.04467187677510083
602,872448,426,1448,-0.75733223,300.0,-0.7401725132018327,0.054211586713790894,0.028690099716186523,0.043209698,0.22043369663879275,0.0003,4250,0.2,0.242626953125,-0.04679397025611252
602,874496,427,1450,-0.7646080700000002,300.0,-0.7231289714574813,0.007659628987312317,0.08003401756286621,0.036865093,0.20427050075959413,0.0003,4260,0.2,0.2328125,-0.04055923490523128
603,876544,428,1453,-0.39429685000000025,300.0,-0.7494469609111547,0.17554467916488647,0.06068962812423706,0.038330376,0.5026834192685783,0.0003,4270,0.2,0.25224609375,-0.04594321527692955
602,878592,429,1458,-0.07115146000000014,300.0,-0.7473725941032171,-0.02927791327238083,0.39363694190979004,0.04447166,0.1359034885186702,0.0003,4280,0.2,0.2490234375,-0.04656603006878868
602,880640,430,1461,0.5835802800000001,300.0,-0.7409334044903517,0.030963771045207977,0.30618715286254883,0.040298,0.24881890174001456,0.0003,4290,0.2,0.234619140625,-0.042937581083970146
602,882688,431,1465,0.7524253200000001,300.0,-0.713035861030221,0.18112406134605408,0.32767391204833984,0.03401752,0.5610153624787927,0.0003,4300,0.2,0.226123046875,-0.04103789775690529
602,884736,432,1468,0.8888036100000001,300.0,-0.7196303803473711,0.1625560224056244,0.10936272144317627,0.033792786,0.526812135707587,0.0003,4310,0.2,0.228466796875,-0.043386240479594565
603,886784,433,1470,0.87922844,300.0,-0.7389996284618974,0.008818142116069794,0.436423122882843,0.046105877,0.13908145225141197,0.0003,4320,0.2,0.268017578125,-0.0447940006328281
603,888832,434,1472,0.79687759,300.0,-0.7370828526094556,0.07211236655712128,0.22714489698410034,0.039734572,0.32723371908068655,0.0003,4330,0.2,0.24697265625,-0.047531301018898374
604,890880,435,1474,1.1480703700000001,300.0,-0.7438367959111929,-0.03035113960504532,0.5686474442481995,0.040696017,0.07322283864486963,0.0003,4340,0.2,0.248828125,-0.045321231955313124
604,892928,436,1477,1.1845499200000003,300.0,-0.7136277547106147,-0.005466736853122711,0.4611819386482239,0.035550833,0.21575825135223567,0.0003,4350,0.2,0.231494140625,-0.04265546410606476
604,894976,437,1479,1.01176032,300.0,-0.7142637807875871,0.023055575788021088,0.5801737308502197,0.038113587,0.1766500882105902,0.0003,4360,0.2,0.24599609375,-0.04305129458953161
605,897024,438,1482,1.47614755,300.0,-0.7113903585821391,0.11877641081809998,0.5169121026992798,0.035725288,0.33299572160467505,0.0003,4370,0.2,0.228515625,-0.04436643095541513
605,899072,439,1485,1.4741544400000004,300.0,-0.7055914433673024,0.02453993260860443,0.4520723819732666,0.0445077,0.24316002891864627,0.0003,4380,0.2,0.24296875,-0.04273643070046092
576,901120,440,1561,1.7205686100000002,300.0,-0.7020732905715704,0.15276379883289337,0.17465072870254517,0.034679443,0.6589039275422692,0.0003,4390,0.2,0.223974609375,-0.041100388843915425
577,903168,441,1563,2.01519263,300.0,-0.6934981210157275,0.014460913836956024,0.1387784481048584,0.044774525,0.2645987422205508,0.0003,4400,0.2,0.24345703125,-0.04555414319038391
578,905216,442,1565,2.0482731700000003,300.0,-0.716591189801693,0.11157140135765076,0.21701329946517944,0.037480097,0.44265544558875264,0.0003,4410,0.2,0.233984375,-0.042478388705058025
578,907264,443,1567,1.6758926100000002,300.0,-0.6867738725617528,0.06364209204912186,0.24545544385910034,0.04708164,0.33914408762939274,0.0003,4420,0.2,0.247607421875,-0.0446555016154889
579,909312,444,1569,1.5295377499999998,300.0,-0.6992520628497004,0.22162072360515594,0.19828706979751587,0.04619671,0.5713809353299439,0.0003,4430,0.2,0.25419921875,-0.04887134055315982
579,911360,445,1571,1.6674628900000001,300.0,-0.7043413614854217,0.09886026382446289,0.16612094640731812,0.04047125,0.3751693454105407,0.0003,4440,0.2,0.242333984375,-0.04207991391012911
580,913408,446,1573,1.7157132900000003,300.0,-0.6875252040103078,0.11149511486291885,0.23165792226791382,0.038540952,0.3964834978803992,0.0003,4450,0.2,0.2427734375,-0.04340544859005604
580,915456,447,1576,0.9939999200000001,300.0,-0.689872319996357,0.05661439895629883,0.22955596446990967,0.044736724,0.2814297566190362,0.0003,4460,0.2,0.24189453125,-0.04362444108701311
581,917504,448,1578,1.5120217400000002,300.0,-0.6917179999873042,0.11198360472917557,0.24187994003295898,0.038123444,0.4725731588434428,0.0003,4470,0.2,0.247265625,-0.0428763224335853
581,919552,449,1580,1.33093054,300.0,-0.6726134330034256,0.19770731031894684,0.11092668771743774,0.038446475,0.7214996527880431,0.0003,4480,0.2,0.237109375,-0.04420282336941454
582,921600,450,1583,1.0705965,300.0,-0.6804826522246004,0.029294215142726898,0.23913294076919556,0.05046155,0.24091870952397584,0.0003,4490,0.2,0.247900390625,-0.04466222767077852
582,923648,451,1585,1.0486016599999999,300.0,-0.6724453518167138,0.17011041939258575,0.18916010856628418,0.036463447,0.42143848463892936,0.0003,4500,0.2,0.22705078125,-0.04324134553608019
583,925696,452,1587,1.1922754899999999,300.0,-0.6827527275308967,0.02333231270313263,0.07075738906860352,0.041771833,0.22468082648701965,0.0003,4510,0.2,0.25107421875,-0.04493867481214693
583,927744,453,1589,1.12263938,300.0,-0.6594263243488967,0.0015995129942893982,0.203072190284729,0.039830573,0.19334179766010492,0.0003,4520,0.2,0.22861328125,-0.04219833172101062
584,929792,454,1591,1.0019473899999998,300.0,-0.6881828939542174,0.007194191217422485,0.22522497177124023,0.04050982,0.2049667428480461,0.0003,4530,0.2,0.241162109375,-0.04446462423366029
584,931840,455,1593,1.0720691000000002,300.0,-0.6978670671582222,0.1611081063747406,0.1846179962158203,0.03569608,0.430226630019024,0.0003,4540,0.2,0.245263671875,-0.043433674989501014
585,933888,456,1595,0.5177408099999999,300.0,-0.6687235383316874,0.017965354025363922,0.29593563079833984,0.04265989,0.22264669267460704,0.0003,4550,0.2,0.24755859375,-0.04555239784531295
585,935936,457,1597,0.5321181799999999,300.0,-0.7014862047508359,0.019168205559253693,0.3940277099609375,0.040918086,0.12883066984359176,0.0003,4560,0.2,0.238720703125,-0.043684439474600364
586,937984,458,1599,0.16663061000000018,300.0,-0.690479964390397,0.0388614684343338,0.34787172079086304,0.044270556,0.2203356209676713,0.0003,4570,0.2,0.25634765625,-0.04681066772318445
586,940032,459,1602,0.06150225999999998,300.0,-0.682237834110856,0.11007411032915115,0.21440339088439941,0.036476128,0.38129215287044643,0.0003,4580,0.2,0.225341796875,-0.043269524635979904
587,942080,460,1604,-0.32885412,300.0,-0.7039088241755962,0.23111575841903687,0.06059223413467407,0.039065316,0.530530402995646,0.0003,4590,0.2,0.241259765625,-0.046203851993777786
587,944128,461,1606,-0.09468018000000018,300.0,-0.7056987237185239,0.014437168836593628,0.2196716070175171,0.04676584,0.22938793902285398,0.0003,4600,0.2,0.2634765625,-0.04491065253096167
588,946176,462,1608,-0.14021763000000004,300.0,-0.7104227589443326,0.15651768445968628,0.05746138095855713,0.03572683,0.38428016677498816,0.0003,4610,0.2,0.245263671875,-0.04513409004721325
588,948224,463,1610,-0.09675217000000001,300.0,-0.7122830649837851,0.11627212911844254,0.01321953535079956,0.03862517,0.4977598902769387,0.0003,4620,0.2,0.240478515625,-0.04229929692228325
589,950272,464,1612,-0.07606743000000006,300.0,-0.7099614448845386,0.036234475672245026,0.2042304277420044,0.039208543,0.3223417062312365,0.0003,4630,0.2,0.241796875,-0.04504528515972197
589,952320,465,1614,-0.17272695000000005,300.0,-0.7093253413215279,-0.004157960414886475,0.4240145683288574,0.054895915,0.1435798928141594,0.0003,4640,0.2,0.257470703125,-0.04662080982525367
590,954368,466,1616,-0.03720705000000006,300.0,-0.702612716332078,0.20285122096538544,0.14903563261032104,0.03657649,0.5012850563973188,0.0003,4650,0.2,0.23720703125,-0.04349200991855469
590,956416,467,1619,-0.6748140900000006,300.0,-0.7157904967665673,0.15686920285224915,0.0031270980834960938,0.037839115,0.5347068380564451,0.0003,4660,0.2,0.2275390625,-0.04043437633954454
591,958464,468,1621,-0.6726740800000001,300.0,-0.7177665857598186,0.1726246476173401,0.11294466257095337,0.03443946,0.6957105967216194,0.0003,4670,0.2,0.225927734375,-0.04246937187272124
591,960512,469,1623,-0.5844661800000004,300.0,-0.7321269009262323,0.011438429355621338,-0.024776101112365723,0.045172755,0.17329579468350859,0.0003,4680,0.2,0.264599609375,-0.04417945993336616
592,962560,470,1625,-0.6124773800000002,300.0,-0.7304197499528527,-0.0005145035684108734,0.5601099729537964,0.044193443,0.11034355203155428,0.0003,4690,0.2,0.24716796875,-0.04312510584422853
592,964608,471,1627,-0.30525973,300.0,-0.7101925080642104,0.16519513726234436,0.12734436988830566,0.049152397,0.45205752197653054,0.0003,4700,0.2,0.250537109375,-0.044451568405202126
593,966656,472,1629,0.4290861799999999,300.0,-0.6985904613509775,0.07303357869386673,0.03155851364135742,0.040151194,0.3657397186383605,0.0003,4710,0.2,0.23623046875,-0.04481164132303093
593,968704,473,1632,-0.20686988,300.0,-0.6954787652939558,0.11098293215036392,0.32513904571533203,0.04136601,0.312933508399874,0.0003,4720,0.2,0.2419921875,-0.040756852948106825
594,970752,474,1633,-0.22042243999999994,300.0,-0.7063986774533987,0.07202576100826263,-0.0721961259841919,0.045343287,0.21228063614107667,0.0003,4730,0.2,0.251025390625,-0.04588123710127547
594,972800,475,1636,-0.012566789999999948,300.0,-0.7101925373077392,0.06655823439359665,-0.028284430503845215,0.04105456,0.29068719292990863,0.0003,4740,0.2,0.255908203125,-0.042272042122203854
595,974848,476,1638,0.22659708999999995,300.0,-0.7195422861725091,0.12781360745429993,-0.016711711883544922,0.040059023,0.43093371028080585,0.0003,4750,0.2,0.24765625,-0.044884185097180306
595,976896,477,1640,-0.19272305,300.0,-0.7111928930506111,0.1795027107000351,0.036373257637023926,0.035137236,0.6819498247466982,0.0003,4760,0.2,0.224853515625,-0.04308042883058079
595,978944,478,1643,0.27334643,300.0,-0.712405776977539,0.07202369719743729,0.11836469173431396,0.048925124,0.2914248034823686,0.0003,4770,0.2,0.262841796875,-0.046372529471409504
596,980992,479,1645,0.2618343999999999,300.0,-0.7340411329641938,0.1318587213754654,-0.01751565933227539,0.048324984,0.3979158403817564,0.0003,4780,0.2,0.255908203125,-0.043537083588307726
596,983040,480,1647,0.7383919900000001,300.0,-0.7321707444265485,0.02572806179523468,0.1708979606628418,0.0395586,0.22097856465261428,0.0003,4790,0.2,0.25361328125,-0.04344339281669818
596,985088,481,1650,0.6132669400000004,300.0,-0.7354288209229708,-0.028162363916635513,0.479023277759552,0.04533059,0.11033475291915237,0.0003,4800,0.2,0.25263671875,-0.04621426978264935
597,987136,482,1653,0.38840770999999996,300.0,-0.7526805929839611,0.050810784101486206,0.03846585750579834,0.043684065,0.2854216102976352,0.0003,4810,0.2,0.25673828125,-0.0486312090390129
597,989184,483,1655,0.4176781600000002,300.0,-0.7416372887790204,0.2832339406013489,0.09875506162643433,0.034079645,0.6494419854134321,0.0003,4820,0.2,0.229296875,-0.041437759761174676
597,991232,484,1657,0.18015637,300.0,-0.7460121968761086,0.07347221672534943,0.15404540300369263,0.038548656,0.28711322555318475,0.0003,4830,0.2,0.254541015625,-0.04475350198335946
598,993280,485,1660,0.2496358500000001,300.0,-0.7448908153921365,0.07428539544343948,-0.12922561168670654,0.03828468,0.23807408763095736,0.0003,4840,0.2,0.23486328125,-0.043470774975139646
598,995328,486,1662,0.34318729999999986,300.0,-0.7455929273739457,0.17266187071800232,0.15606391429901123,0.044902273,0.4082852373830974,0.0003,4850,0.2,0.23369140625,-0.04406072003621375
599,997376,487,1664,-0.30803169999999996,300.0,-0.7293610705062747,0.03458748757839203,0.16551703214645386,0.043577805,0.21720852204598487,0.0003,4860,0.2,0.2529296875,-0.04615133931511082
599,999424,488,1666,0.026575779999999875,300.0,-0.7503887977451086,0.10249049216508865,0.26022350788116455,0.037276957,0.39765813420526686,0.0003,4870,0.2,0.24541015625,-0.044244828502996825
576,1001472,489,1737,0.11902171999999998,300.0,-0.746639458835125,0.3094925880432129,0.20588433742523193,0.043246724,0.5797196866944432,0.0003,4880,0.2,0.252001953125,-0.04497805263235932
576,1003520,490,1739,-0.14183684000000019,300.0,-0.7528865249827504,0.12131545692682266,0.03656589984893799,0.037139647,0.3578525952994823,0.0003,4890,0.2,0.2416015625,-0.04525705426640343
577,1005568,491,1742,-0.02144559000000001,300.0,-0.7578493481501937,0.056013815104961395,0.25122541189193726,0.04647637,0.31564279086887836,0.0003,4900,0.2,0.2646484375,-0.047752028578543104
577,1007616,492,1744,0.2648714599999999,300.0,-0.7276677040383219,0.14295199513435364,-0.09050559997558594,0.043200165,0.3693276725243777,0.0003,4910,0.2,0.24140625,-0.045237273539532906
578,1009664,493,1746,-0.18299800999999988,300.0,-0.7643083866685629,0.08102291822433472,0.09845203161239624,0.04008344,0.36951882992871105,0.0003,4920,0.2,0.25625,-0.047491892214748074
578,1011712,494,1749,0.019855319999999902,300.0,-0.7555794654414058,0.07556693255901337,0.08361917734146118,0.04189148,0.28743957104161383,0.0003,4930,0.2,0.248681640625,-0.04768685575691052
578,1013760,495,1751,-0.046684740000000016,300.0,-0.7684993963688612,0.008594207465648651,-0.20699965953826904,0.050201476,0.2344174484256655,0.0003,4940,0.2,0.2638671875,-0.04811061656509992
579,1015808,496,1753,-0.11556348000000019,300.0,-0.7453601142391563,0.18370996415615082,-0.00557398796081543,0.039048113,0.5819483608938754,0.0003,4950,0.2,0.252734375,-0.046415725015685895
579,1017856,497,1755,-0.22495457000000008,300.0,-0.7497321296483278,0.13258206844329834,-0.054082512855529785,0.03849846,0.3022921423893422,0.0003,4960,0.2,0.238427734375,-0.04432146892795572
580,1019904,498,1758,0.15848566999999994,300.0,-0.7476430444046855,0.10324119031429291,-0.08589136600494385,0.041129064,0.3697038734797388,0.0003,4970,0.2,0.241015625,-0.04226032754813787
580,1021952,499,1761,-0.16588575999999994,300.0,-0.7504286732524633,-0.0232689306139946,0.001328885555267334,0.042649552,0.17179713724181056,0.0003,4980,0.2,0.254150390625,-0.04443835664424114
580,1024000,500,1764,-0.5080826400000001,300.0,-0.7169555451720953,-8.524954319000244e-05,0.029964029788970947,0.04243356,0.18884487804025413,0.0003,4990,0.2,0.24267578125,-0.0475177896412788
580,1026048,501,1766,5.735999999982866e-05,300.0,-0.715596916526556,0.31504982709884644,0.011482298374176025,0.03726641,0.7569722726941108,0.0003,5000,0.2,0.232958984375,-0.04347858520341106
581,1028096,502,1768,0.013945019999999957,300.0,-0.7310748053714633,0.17228488624095917,0.05910336971282959,0.04172149,0.541103846160695,0.0003,5010,0.2,0.24482421875,-0.04336694800585974
581,1030144,503,1770,0.3749359999999999,300.0,-0.7337598949670792,0.19223614037036896,-0.08774161338806152,0.039493702,0.4329611264634877,0.0003,5020,0.2,0.25888671875,-0.04466068046313012
582,1032192,504,1773,0.6478406299999999,300.0,-0.7261379551142454,0.05722229182720184,0.07519662380218506,0.048377026,0.35861456571146844,0.0003,5030,0.2,0.26083984375,-0.047469876694958654
582,1034240,505,1775,0.9971554199999999,300.0,-0.7303561737760902,0.07679471373558044,0.17830747365951538,0.04284453,0.36584477410651745,0.0003,5040,0.2,0.25439453125,-0.04396641806815751
582,1036288,506,1777,0.347492,300.0,-0.742552051693201,-0.004718422889709473,0.2823086380958557,0.04863526,0.1953152947826311,0.0003,5050,0.2,0.258544921875,-0.04354157509515062
583,1038336,507,1780,0.08818431000000011,300.0,-0.7442311380058527,0.10280407965183258,0.11218595504760742,0.04428015,0.464125756919384,0.0003,5060,0.2,0.239306640625,-0.04496689312800299
583,1040384,508,1782,0.31702814999999984,300.0,-0.757891483977437,0.09582751244306564,0.33118003606796265,0.041368928,0.40591746466234324,0.0003,5070,0.2,0.247998046875,-0.0446020761388354
583,1042432,509,1785,-0.1623661400000001,300.0,-0.7485157588496805,0.31912246346473694,0.2064666748046875,0.050276145,0.6112345582805574,0.0003,5080,0.2,0.26416015625,-0.044690975855337454
584,1044480,510,1787,0.016269659999999932,300.0,-0.7486830661073327,0.5492977499961853,0.14532530307769775,0.0377187,1.192796315997839,0.0003,5090,0.2,0.234326171875,-0.0456136787761352
584,1046528,511,1789,0.16250468,300.0,-0.7299313466995955,0.11406231671571732,0.07222026586532593,0.043630414,0.4080848321784288,0.0003,5100,0.2,0.249169921875,-0.044500656781019644
585,1048576,512,1792,-0.0015418599999999305,300.0,-0.7297238979488612,0.03379117697477341,-0.22386562824249268,0.045266353,0.2181872114073485,0.0003,5110,0.2,0.257275390625,-0.046049646619940175
585,1050624,513,1794,-0.09993370999999998,300.0,-0.7227001044899225,0.08221346139907837,-0.029936552047729492,0.04357005,0.41978227626532316,0.0003,5120,0.2,0.246826171875,-0.04594832842994947
585,1052672,514,1796,0.1136156900000001,300.0,-0.69600441865623,0.08710966259241104,-0.09914553165435791,0.040849697,0.37060357532463967,0.0003,5130,0.2,0.23544921875,-0.04600663800374605
586,1054720,515,1798,0.040410080000000036,300.0,-0.7315294956788421,0.12502749264240265,0.06539136171340942,0.037240885,0.48172065978869794,0.0003,5140,0.2,0.232275390625,-0.04523159590899013
586,1056768,516,1800,0.06462855999999986,300.0,-0.7200305499136448,0.0070949941873550415,0.05524420738220215,0.045900498,0.23783224285580218,0.0003,5150,0.2,0.24248046875,-0.044977091581677085
587,1058816,517,1802,0.20077702000000008,300.0,-0.727398738078773,0.23582440614700317,0.037200093269348145,0.04018752,0.8666826053522527,0.0003,5160,0.2,0.241748046875,-0.04535343743918929
587,1060864,518,1805,-0.36494423999999986,300.0,-0.7181446824222804,0.067192442715168,-0.14181745052337646,0.04617229,0.5393158806487918,0.0003,5170,0.2,0.25927734375,-0.04352819311316125
588,1062912,519,1807,-1.0678319299999999,300.0,-0.7047515191137791,0.040164511650800705,-0.11523222923278809,0.04447876,0.2653327469713986,0.0003,5180,0.2,0.2470703125,-0.04443062947248109
588,1064960,520,1809,-0.9348635500000002,300.0,-0.7104950666427612,0.19855059683322906,0.10306113958358765,0.032230303,0.7434137191623449,0.0003,5190,0.2,0.233740234375,-0.045410112614627
588,1067008,521,1811,-0.67302458,300.0,-0.705106090568006,0.12016355246305466,0.04532730579376221,0.04117781,0.44507890185341237,0.0003,5200,0.2,0.24580078125,-0.04560785055946326
589,1069056,522,1813,-0.6530444900000001,300.0,-0.7056040862575174,-0.01915053278207779,0.08133411407470703,0.05206326,0.14098498809617013,0.0003,5210,0.2,0.26123046875,-0.04690658271429129
589,1071104,523,1816,-0.7879649099999998,300.0,-0.6680644230917097,-0.0354980006814003,0.2525738477706909,0.05324177,0.13519865074194967,0.0003,5220,0.2,0.24609375,-0.04384636952599976
590,1073152,524,1818,-0.4577726900000001,300.0,-0.6822165055200458,-0.024114757776260376,0.5597607493400574,0.051272206,0.12101854113861918,0.0003,5230,0.2,0.2591796875,-0.0445547840121435
590,1075200,525,1821,-0.7020973099999998,300.0,-0.691011993587017,0.003682941198348999,0.2886620759963989,0.050015025,0.1681738768471405,0.0003,5240,0.2,0.258154296875,-0.04376951627491508
590,1077248,526,1823,-0.35703065999999994,300.0,-0.709119932167232,0.10007287561893463,-0.04541981220245361,0.04035891,0.3811141632497311,0.0003,5250,0.2,0.247412109375,-0.047238312114495785
591,1079296,527,1826,0.02455074000000017,300.0,-0.7059221811592579,0.038514964282512665,0.06374984979629517,0.0424376,0.22926094620488585,0.0003,5260,0.2,0.256005859375,-0.044916971540078524
591,1081344,528,1828,0.27039903000000015,300.0,-0.7089011991396547,0.0725143551826477,0.12958627939224243,0.03925039,0.2534910880960524,0.0003,5270,0.2,0.2296875,-0.04290712827350944
591,1083392,529,1830,0.06661043000000011,300.0,-0.6909548003226519,0.009895369410514832,0.2063004970550537,0.046460133,0.18477510714437811,0.0003,5280,0.2,0.251953125,-0.04678598519676598
592,1085440,530,1832,-0.4105799399999998,300.0,-0.6931754816323519,0.18845848739147186,-0.0064879655838012695,0.039170694,0.5032627671957016,0.0003,5290,0.2,0.24580078125,-0.04412740571278846
592,1087488,531,1834,-0.46392871999999996,300.0,-0.7114406559616328,0.018699906766414642,0.023628830909729004,0.0379397,0.22703874777071179,0.0003,5300,0.2,0.23984375,-0.04232754515542183
593,1089536,532,1837,-0.8407151999999998,300.0,-0.6928557448089123,-0.036943428218364716,0.11642330884933472,0.053403918,0.13379376248922198,0.0003,5310,0.2,0.268603515625,-0.044031386173446665
593,1091584,533,1839,-1.0464308199999999,300.0,-0.7175130221992732,0.0608491376042366,-0.22850847244262695,0.04362426,0.32027453985065224,0.0003,5320,0.2,0.246240234375,-0.046328471828019246
593,1093632,534,1841,-0.1640462800000001,300.0,-0.6927981773391366,0.08411063253879547,-0.01495206356048584,0.03937993,0.3237768906634301,0.0003,5330,0.2,0.23232421875,-0.04302307858306449
594,1095680,535,1844,-0.33522386999999987,300.0,-0.7021795380860567,0.1474180817604065,-0.03190124034881592,0.042215638,0.4018996372818947,0.0003,5340,0.2,0.233251953125,-0.04469062912394293
594,1097728,536,1846,-0.5492971099999999,300.0,-0.6932189477607608,0.2838412821292877,0.07273560762405396,0.038122565,0.5117514738813043,0.0003,5350,0.2,0.22900390625,-0.04337720468029147
594,1099776,537,1848,-0.7447232299999998,300.0,-0.6881163977086544,0.007858507335186005,-0.0903247594833374,0.048132252,0.2096708825789392,0.0003,5360,0.2,0.257080078125,-0.04539769306138623
575,1101824,538,1916,-0.41452341000000004,300.0,-0.7053704926744103,0.03357284516096115,0.09671783447265625,0.045436837,0.23315426493063568,0.0003,5370,0.2,0.2392578125,-0.04203541757597122
575,1103872,539,1918,-0.44547372999999996,300.0,-0.6925837058573961,0.11152100563049316,0.1479179859161377,0.039758403,0.42047774903476237,0.0003,5380,0.2,0.24716796875,-0.04710887366964016
575,1105920,540,1920,-0.13299940999999993,300.0,-0.6789716808125377,0.29113519191741943,0.048087477684020996,0.03284172,0.6398397870361805,0.0003,5390,0.2,0.211572265625,-0.04014804563485086
576,1107968,541,1922,-0.6949711800000001,300.0,-0.6847200682386756,0.06877893954515457,-0.1271684169769287,0.043654278,0.3787175979465246,0.0003,5400,0.2,0.239892578125,-0.04434040633495897
576,1110016,542,1924,-1.17863923,300.0,-0.7084302326664329,0.02010595053434372,-0.0629734992980957,0.044464305,0.24347184298094363,0.0003,5410,0.2,0.247119140625,-0.04481192243983969
577,1112064,543,1926,-1.0011446500000003,300.0,-0.7211013469845057,0.033785782754421234,-0.1081380844116211,0.044373438,0.23469194825738668,0.0003,5420,0.2,0.25654296875,-0.04227536770922598
577,1114112,544,1928,-0.4319624699999999,300.0,-0.7181292660534382,0.0518442839384079,-0.0965644121170044,0.043752044,0.30716779017820955,0.0003,5430,0.2,0.2525390625,-0.04522582185745705
578,1116160,545,1930,-0.4922228699999999,300.0,-0.6956002140417695,0.06920867413282394,0.10624068975448608,0.04541617,0.37854662355966867,0.0003,5440,0.2,0.2533203125,-0.03946791815542383
578,1118208,546,1933,-0.5531413000000002,300.0,-0.68348220102489,0.07656541466712952,0.02047252655029297,0.042367794,0.31231338446959855,0.0003,5450,0.2,0.246728515625,-0.04552960391738452
578,1120256,547,1935,-0.15426710000000005,300.0,-0.7043482914566994,0.17616772651672363,0.03214728832244873,0.041943725,0.5585918925702572,0.0003,5460,0.2,0.232666015625,-0.04610063033469487
579,1122304,548,1937,-0.40666140000000006,300.0,-0.7000085290521383,0.16086986660957336,0.038941025733947754,0.041459944,0.3872758949175477,0.0003,5470,0.2,0.245751953125,-0.040316227421863006
579,1124352,549,1940,-0.5325424799999999,300.0,-0.693914046138525,0.20385795831680298,0.10885483026504517,0.04119549,0.6114271924830973,0.0003,5480,0.2,0.243798828125,-0.04481963685248047
579,1126400,550,1943,-0.73410736,300.0,-0.7370957810431719,0.03658119589090347,0.2697933316230774,0.05116938,0.2123452434781939,0.0003,5490,0.2,0.273291015625,-0.04951294967613649
579,1128448,551,1946,-0.19800316,300.0,-0.7043245194479824,0.01010546088218689,0.26885902881622314,0.050059885,0.25012037246488034,0.0003,5500,0.2,0.2673828125,-0.0469902687240392
580,1130496,552,1948,-0.26039197999999997,300.0,-0.6956186082214117,0.14634230732917786,0.010653793811798096,0.043967284,0.41393580636940897,0.0003,5510,0.2,0.245751953125,-0.04551396180468146
580,1132544,553,1950,0.37791094000000003,300.0,-0.6913072949275374,0.17868578433990479,0.1345500349998474,0.04696324,0.37391591286286713,0.0003,5520,0.2,0.24853515625,-0.04192205022263806
581,1134592,554,1952,0.4751864300000001,300.0,-0.683790841884911,-0.0019366741180419922,0.16923600435256958,0.04353357,0.3272708612959832,0.0003,5530,0.2,0.247216796875,-0.04402254901069682
581,1136640,555,1954,0.1983786700000001,300.0,-0.6936699351295829,0.0368943065404892,0.23612278699874878,0.056190256,0.28090556189417837,0.0003,5540,0.2,0.254541015625,-0.0401135861146031
581,1138688,556,1956,0.6258124800000001,300.0,-0.6786096572875977,-0.0034565702080726624,-0.47930145263671875,0.04794745,0.14300987443421037,0.0003,5550,0.2,0.240869140625,-0.04378580491029425
582,1140736,557,1959,1.0064339000000002,300.0,-0.6914149207994342,0.12681061029434204,0.08997130393981934,0.052547634,0.3775458595249802,0.0003,5560,0.2,0.24501953125,-0.04296254260552814
582,1142784,558,1961,1.26071376,300.0,-0.6887292278930545,0.27286192774772644,0.11196178197860718,0.03565711,0.6293575844727457,0.0003,5570,0.2,0.226171875,-0.04429075243242551
582,1144832,559,1964,1.3631912599999998,300.0,-0.7043230520561338,0.0402611643075943,0.4465625286102295,0.04456818,0.20438263749238103,0.0003,5580,0.2,0.248193359375,-0.045989425119478254
583,1146880,560,1966,1.25025804,300.0,-0.6955960771068931,0.022926010191440582,0.3502867817878723,0.039156385,0.30190211967565117,0.0003,5590,0.2,0.232763671875,-0.04306996793602593
583,1148928,561,1968,1.2216570000000002,300.0,-0.6798173962160945,0.0729135051369667,0.3154459595680237,0.05032863,0.3232598649803549,0.0003,5600,0.2,0.250048828125,-0.04116662245651241
583,1150976,562,1970,1.6670405100000003,300.0,-0.6819263603538275,0.110404834151268,0.4178180694580078,0.041258425,0.34106383798643947,0.0003,5610,0.2,0.2376953125,-0.043609756483056115
584,1153024,563,1973,1.9842600599999998,300.0,-0.6826027154922485,0.06805890053510666,0.5331068634986877,0.04103686,0.2743530755862594,0.0003,5620,0.2,0.2302734375,-0.04378434930695221
584,1155072,564,1975,2.15198463,300.0,-0.6312322422862053,0.18995092809200287,0.3289588689804077,0.038904205,0.6154679753817618,0.0003,5630,0.2,0.222021484375,-0.04172835361678153
585,1157120,565,1977,2.47156097,300.0,-0.6431396182626485,0.1341090202331543,0.17060691118240356,0.041182846,0.4650034231133759,0.0003,5640,0.2,0.22236328125,-0.042489742876205126
585,1159168,566,1979,2.2711093199999994,300.0,-0.6477158149704337,0.023593448102474213,0.2987303137779236,0.047833025,0.2127207664307207,0.0003,5650,0.2,0.260009765625,-0.049070033131283705
585,1161216,567,1982,1.90030155,300.0,-0.6521002281457186,0.04631537199020386,0.39620232582092285,0.04845699,0.2740278725977987,0.0003,5660,0.2,0.2509765625,-0.0454176939179888
586,1163264,568,1984,1.3590541399999998,300.0,-0.632445440068841,0.1221810132265091,0.430847704410553,0.0449634,0.3510098205413669,0.0003,5670,0.2,0.231201171875,-0.042021020395623054
586,1165312,569,1986,1.1631249600000002,300.0,-0.6259033898822963,0.002234332263469696,0.6056345701217651,0.057042368,0.13834582024719566,0.0003,5680,0.2,0.248779296875,-0.040958431619219485
586,1167360,570,1988,1.56874051,300.0,-0.6339459577575326,0.045414991676807404,0.4219885468482971,0.042128474,0.2650139027275145,0.0003,5690,0.2,0.230615234375,-0.040148437168681994
587,1169408,571,1991,0.88591152,300.0,-0.6572783781215549,0.23485854268074036,0.21803885698318481,0.03850971,0.6709363354369998,0.0003,5700,0.2,0.221240234375,-0.03771124270424479
587,1171456,572,1993,0.6924615499999999,300.0,-0.6609383406117558,0.046859260648489,0.2696850895881653,0.045305684,0.39338125721551476,0.0003,5710,0.2,0.239306640625,-0.039108862832654266
587,1173504,573,1996,0.77944888,300.0,-0.6359510496258736,0.05088604986667633,0.36486417055130005,0.042712286,0.26935548898763956,0.0003,5720,0.2,0.24677734375,-0.042972393831587394
588,1175552,574,1998,0.3863872399999998,300.0,-0.6572272155433894,0.004405014216899872,0.010149776935577393,0.04432329,0.17000487020704896,0.0003,5730,0.2,0.254443359375,-0.044710604789725036
588,1177600,575,2000,0.5809946199999998,300.0,-0.6723171530291439,0.12195324897766113,0.17480558156967163,0.05065123,0.5272181461565196,0.0003,5740,0.2,0.24580078125,-0.0429036542394897
588,1179648,576,2003,0.29600840999999994,300.0,-0.6775181006640196,0.1324232518672943,0.1305941343307495,0.04519566,0.5319715960882604,0.0003,5750,0.2,0.243701171875,-0.04419048296113033
589,1181696,577,2005,0.40700257999999984,300.0,-0.674416197091341,0.189064621925354,0.27911800146102905,0.044719532,0.4008281241171062,0.0003,5760,0.2,0.236572265625,-0.0428039972379338
589,1183744,578,2008,0.36298032999999996,300.0,-0.6789915710687637,0.08630595356225967,0.039282917976379395,0.040998243,0.4635960320942104,0.0003,5770,0.2,0.249951171875,-0.04374164974724408
589,1185792,579,2010,-0.11134407000000024,300.0,-0.68795943018049,0.21859028935432434,-0.00993335247039795,0.045540813,0.5554664044640958,0.0003,5780,0.2,0.239501953125,-0.04091978555370588
590,1187840,580,2012,-0.6938537399999999,300.0,-0.6829369004815817,0.22950273752212524,-0.17610478401184082,0.04023698,0.5711003853939474,0.0003,5790,0.2,0.2341796875,-0.04175310174032347
590,1189888,581,2014,-0.5774862099999999,300.0,-0.6789444360882044,0.20698054134845734,-0.2498561143875122,0.041950345,0.5044789095409214,0.0003,5800,0.2,0.238525390625,-0.04296823794138618
590,1191936,582,2017,-0.6204015700000001,300.0,-0.6840922273695469,0.02336341142654419,-0.0464627742767334,0.050035834,0.18872877531684934,0.0003,5810,0.2,0.25224609375,-0.04642407190403901
591,1193984,583,2019,-0.39475670000000024,300.0,-0.6677438251674175,0.03175816684961319,0.06836658716201782,0.045686603,0.21907362719066442,0.0003,5820,0.2,0.2576171875,-0.04683234157855622
591,1196032,584,2021,-0.4575625000000003,300.0,-0.7003107544034719,0.08391840755939484,0.01048898696899414,0.04579429,0.3073646787554026,0.0003,5830,0.2,0.244921875,-0.0466477828216739
592,1198080,585,2023,0.38481798999999994,300.0,-0.6740646149963141,0.13589559495449066,0.14539921283721924,0.0396056,0.5879528322257102,0.0003,5840,0.2,0.2400390625,-0.04281826318765525
573,1200128,586,2094,0.18758198999999987,300.0,-0.7041066750884056,0.030160754919052124,0.17450988292694092,0.048800446,0.2897244269028306,0.0003,5850,0.2,0.24072265625,-0.04350328666187124
573,1202176,587,2096,-0.08137862,300.0,-0.706594979763031,0.04570573940873146,0.18548691272735596,0.047534466,0.30327646746300163,0.0003,5860,0.2,0.25869140625,-0.04450138740139664
573,1204224,588,2099,-0.2610347299999999,300.0,-0.6719211479648948,0.030258208513259888,0.25359225273132324,0.05837282,0.34778948514722285,0.0003,5870,0.2,0.253759765625,-0.04741208897321485
573,1206272,589,2101,-0.37915492,300.0,-0.6761615576222539,0.21203890442848206,0.06500130891799927,0.040069655,0.6504144436679781,0.0003,5880,0.2,0.22373046875,-0.04286393345391844
574,1208320,590,2104,-0.04067140999999991,300.0,-0.6757993197068572,0.00773051381111145,-0.058062195777893066,0.049290676,0.2167137275915593,0.0003,5890,0.2,0.260498046875,-0.045159347014850935
574,1210368,591,2106,0.50542974,300.0,-0.6982708821073175,0.0156407430768013,0.09855401515960693,0.050562255,0.18232420817948877,0.0003,5900,0.2,0.26611328125,-0.04666443376336247
575,1212416,592,2108,0.052930160000000066,300.0,-0.6725553968921304,0.045900121331214905,0.2730594873428345,0.040637523,0.27869190978817643,0.0003,5910,0.2,0.227197265625,-0.04034920818521641
575,1214464,593,2110,-0.29177774,300.0,-0.6595911361277104,0.1346409171819687,0.12578296661376953,0.039654065,0.5614773114211857,0.0003,5920,0.2,0.227783203125,-0.04269487651181407
575,1216512,594,2112,-0.04497661999999984,300.0,-0.6730808416381479,0.030521132051944733,0.029095351696014404,0.048406616,0.1838677873602137,0.0003,5930,0.2,0.25869140625,-0.047289708149037324
576,1218560,595,2115,-0.07118625000000003,300.0,-0.6647356994450092,0.11307298392057419,0.13548165559768677,0.04082294,0.3999312164261937,0.0003,5940,0.2,0.240869140625,-0.042382846973487175
576,1220608,596,2117,-0.25962974000000005,300.0,-0.6642622444778681,0.15566255152225494,0.09908217191696167,0.047204256,0.4336514135822654,0.0003,5950,0.2,0.246630859375,-0.04591491693863645
576,1222656,597,2119,-0.2555088899999998,300.0,-0.6642400048673153,0.13289755582809448,0.2534043788909912,0.043123994,0.36675792150199416,0.0003,5960,0.2,0.245947265625,-0.039664387979428284
577,1224704,598,2122,0.11468007999999986,300.0,-0.7017570102587343,-0.0426701158285141,0.06840425729751587,0.055259414,0.14773922490421681,0.0003,5970,0.2,0.26103515625,-0.0473573938041227
577,1226752,599,2125,-0.45372482000000003,300.0,-0.648641767166555,0.11726720631122589,0.06407415866851807,0.052106302,0.4466679042670876,0.0003,5980,0.2,0.254638671875,-0.043463674787199126
577,1228800,600,2127,-0.3088623100000001,300.0,-0.6605864819139242,0.004275742918252945,0.3094187378883362,0.052560244,0.12187191016273573,0.0003,5990,0.2,0.24833984375,-0.04426599126891233
577,1230848,601,2130,-0.46345513000000005,300.0,-0.6746748353354632,0.16997095942497253,0.23852932453155518,0.042552657,0.4185864980332553,0.0003,6000,0.2,0.234375,-0.04309518308145925
578,1232896,602,2132,-0.24274998000000003,300.0,-0.635147911682725,0.26011866331100464,0.08043855428695679,0.04459153,0.7700186293572188,0.0003,6010,0.2,0.227734375,-0.04079608338070102
578,1234944,603,2134,-0.16460241999999994,300.0,-0.647795801796019,0.02675175666809082,0.1992393136024475,0.048664473,0.20419414311181755,0.0003,6020,0.2,0.257421875,-0.0440297223161906
578,1236992,604,2137,-0.10340576999999994,300.0,-0.6239984336309135,0.376021146774292,0.0639684796333313,0.045088243,0.6838157053105534,0.0003,6030,0.2,0.22802734375,-0.03994781736546429
579,1239040,605,2139,-0.7763816999999998,300.0,-0.6736339589580893,0.28029587864875793,0.04154038429260254,0.052888766,0.6865526180714369,0.0003,6040,0.2,0.247998046875,-0.0417615121928975
579,1241088,606,2141,-1.0767743200000002,300.0,-0.6405693348497152,0.11843618750572205,-0.016561508178710938,0.04987874,0.28796138195320964,0.0003,6050,0.2,0.24521484375,-0.04660283542762045
579,1243136,607,2143,-0.6059941500000001,300.0,-0.629091870971024,0.15422335267066956,0.015423357486724854,0.044625558,0.45373008623719213,0.0003,6060,0.2,0.24755859375,-0.045515597963822076
580,1245184,608,2145,-0.4975760999999999,300.0,-0.6539151098579168,0.03356461971998215,0.017772197723388672,0.04547724,0.22437984335701913,0.0003,6070,0.2,0.240869140625,-0.04105811201879987
580,1247232,609,2147,-0.3655949499999999,300.0,-0.6398434663191438,0.43379899859428406,0.03766500949859619,0.04410814,0.8825522360391915,0.0003,6080,0.2,0.231201171875,-0.042993273184401916
580,1249280,610,2150,0.08909972000000017,300.0,-0.651279904693365,0.12191655486822128,0.054729998111724854,0.048662856,0.5166069343686104,0.0003,6090,0.2,0.232080078125,-0.04317985356319696
581,1251328,611,2152,0.17790642000000007,300.0,-0.6236522865481675,0.2275116890668869,0.029999732971191406,0.044675186,0.5336052936501801,0.0003,6100,0.2,0.225341796875,-0.03967495269607753
581,1253376,612,2154,0.08783738000000009,300.0,-0.6219478502869606,0.08571963012218475,0.02541106939315796,0.049526714,0.45804458456113933,0.0003,6110,0.2,0.242529296875,-0.04591231802187394
582,1255424,613,2157,0.1306200500000001,300.0,-0.6289876783266664,0.09548189491033554,0.0005784034729003906,0.050690994,0.3329575989861041,0.0003,6120,0.2,0.243212890625,-0.04388948710402474
582,1257472,614,2159,0.05185743000000044,300.0,-0.6282388760708273,0.03495258837938309,-0.0129011869430542,0.049962852,0.2578606912866235,0.0003,6130,0.2,0.25361328125,-0.04106506669486407
582,1259520,615,2161,-0.5278428099999997,300.0,-0.6198760299012065,0.26889345049858093,0.008972227573394775,0.047257017,0.7814010303467512,0.0003,6140,0.2,0.24873046875,-0.042828595120226964
583,1261568,616,2163,-0.10235423999999986,300.0,-0.6551208846271038,0.17637905478477478,-0.011036515235900879,0.047959656,0.46880314936861395,0.0003,6150,0.2,0.23212890625,-0.04346626913174987
583,1263616,617,2166,-0.07719704999999977,300.0,-0.6169820481911301,-0.001729428768157959,0.03278982639312744,0.059046686,0.1622431832831353,0.0003,6160,0.2,0.25869140625,-0.04495310039783362
583,1265664,618,2168,-0.21162691999999977,300.0,-0.6253015810623765,0.08573401719331741,-0.0387955904006958,0.04549267,0.3326816949993372,0.0003,6170,0.2,0.249853515625,-0.042558927545906046
584,1267712,619,2170,-0.2163032499999997,300.0,-0.6173054597340524,-0.039400119334459305,0.08169269561767578,0.05038439,0.09754237903980538,0.0003,6180,0.2,0.238916015625,-0.043574388860724865
584,1269760,620,2172,0.34489140999999995,300.0,-0.6176430993713439,0.02737761288881302,0.12726682424545288,0.04739975,0.38851414383389055,0.0003,6190,0.2,0.239794921875,-0.04602443600306287
584,1271808,621,2174,0.3194598199999999,300.0,-0.6515009071677923,-0.009394951164722443,0.15966737270355225,0.04865842,0.09646744997007772,0.0003,6200,0.2,0.241015625,-0.044317737582605335
585,1273856,622,2176,-0.09662508999999986,300.0,-0.6307835606858134,0.15505298972129822,0.1024826169013977,0.044551335,0.47264010161161424,0.0003,6210,0.2,0.24033203125,-0.04226340150053147
585,1275904,623,2179,-0.05226309999999991,300.0,-0.6499376990832388,0.11555340141057968,-0.12209427356719971,0.050662592,0.3455883990973234,0.0003,6220,0.2,0.253564453125,-0.04297335530864075
585,1277952,624,2181,0.030837030000000213,300.0,-0.6065997400321066,0.08949500322341919,0.08704221248626709,0.052272238,0.39489882797934117,0.0003,6230,0.2,0.2390625,-0.04220241897564847
586,1280000,625,2183,0.06206867000000029,300.0,-0.6074591149576009,0.08156204968690872,0.0003281235694885254,0.04194141,0.5684244793374091,0.0003,6240,0.2,0.23203125,-0.03746590738082887
586,1282048,626,2185,0.16882953000000023,300.0,-0.6177212526090443,0.11757969856262207,0.2761751413345337,0.04423347,0.32334824092686176,0.0003,6250,0.2,0.235009765625,-0.04351759491692064
586,1284096,627,2188,-0.2109667199999998,300.0,-0.6117336245253682,0.056248366832733154,0.016550779342651367,0.05258196,0.24408425758592783,0.0003,6260,0.2,0.2341796875,-0.04141875743516721
587,1286144,628,2190,-0.6472948499999999,300.0,-0.6451123701408505,0.14519834518432617,-0.06526350975036621,0.044150546,0.5282023514620959,0.0003,6270,0.2,0.246044921875,-0.04244449375692057
587,1288192,629,2192,-1.09309429,300.0,-0.6488109964877367,0.01332421600818634,-0.202886700630188,0.047484245,0.161115352390334,0.0003,6280,0.2,0.246533203125,-0.04342185541172512
587,1290240,630,2194,-0.86435813,300.0,-0.658458287268877,0.2618367671966553,0.09478837251663208,0.03601499,0.6969287808053195,0.0003,6290,0.2,0.231103515625,-0.04285563948797062
588,1292288,631,2196,-0.5643905700000001,300.0,-0.647315838932991,0.057118505239486694,0.08541256189346313,0.056125373,0.3127990847453475,0.0003,6300,0.2,0.259130859375,-0.04684586505754851
588,1294336,632,2198,-0.8269052099999997,300.0,-0.6494793141260743,0.21950313448905945,0.1275951862335205,0.046114337,0.5325902948155999,0.0003,6310,0.2,0.23486328125,-0.03903625316452235
589,1296384,633,2200,-0.7997476300000002,300.0,-0.6613972803577781,0.21454748511314392,0.17527174949645996,0.050183393,0.41586205642670393,0.0003,6320,0.2,0.24599609375,-0.03965909630205715
589,1298432,634,2202,-0.8357676100000002,300.0,-0.656026348285377,-0.035018183290958405,0.6327320337295532,0.055791423,0.09675268684513867,0.0003,6330,0.2,0.250830078125,-0.04498335643147584
573,1300480,635,2267,-0.8918949999999998,300.0,-0.6387083368375898,0.12759807705879211,0.265403687953949,0.046029337,0.4555298765655607,0.0003,6340,0.2,0.24375,-0.03932394650473725
573,1302528,636,2270,-1.0412559900000002,300.0,-0.6333692759275437,0.0754341185092926,0.274788498878479,0.05149979,0.32252047103829684,0.0003,6350,0.2,0.24130859375,-0.04259152758459095
574,1304576,637,2272,-0.6255658199999998,300.0,-0.6114034786820411,0.24627435207366943,0.061571598052978516,0.048854765,0.48988244133070113,0.0003,6360,0.2,0.236767578125,-0.04042839880567044
574,1306624,638,2274,-0.5341961000000002,300.0,-0.6146118727512657,0.0074989646673202515,0.04481697082519531,0.049559243,0.16561081630643457,0.0003,6370,0.2,0.248291015625,-0.0402129443566082
574,1308672,639,2276,-1.1232403900000003,300.0,-0.6319096429273486,0.09754499793052673,0.08371776342391968,0.044280898,0.38220091476105156,0.0003,6380,0.2,0.221142578125,-0.039286627690307795
575,1310720,640,2279,-1.1932928800000004,300.0,-0.6216552059166134,0.1510712206363678,-0.09295034408569336,0.042616673,0.5255193934775889,0.0003,6390,0.2,0.2251953125,-0.04443526098039001
575,1312768,641,2281,-1.07093448,300.0,-0.6199842954054475,0.10457204282283783,0.10808712244033813,0.04682225,0.37103216028772296,0.0003,6400,0.2,0.2373046875,-0.04331383674143581
575,1314816,642,2283,-0.6601645400000002,300.0,-0.634800174087286,0.02382616698741913,0.07576292753219604,0.045659892,0.3045456330291927,0.0003,6410,0.2,0.23701171875,-0.04265241579269059
576,1316864,643,2285,0.2810314599999999,300.0,-0.620473597291857,0.028217077255249023,0.186476469039917,0.052544326,0.2025243035517633,0.0003,6420,0.2,0.246142578125,-0.04540250740828924
576,1318912,644,2287,0.4968717099999999,300.0,-0.6183949474245309,0.03658825904130936,0.25596708059310913,0.037301477,0.2933077678317204,0.0003,6430,0.2,0.22470703125,-0.041044103124295364
576,1320960,645,2289,0.6821017300000003,300.0,-0.618102279305458,0.1857118159532547,0.17140215635299683,0.043651827,0.4681682387366891,0.0003,6440,0.2,0.2263671875,-0.042446136142825705
577,1323008,646,2292,0.5279303900000001,300.0,-0.585624610632658,0.13448335230350494,0.19782805442810059,0.046579413,0.5624517551623285,0.0003,6450,0.2,0.218603515625,-0.041543879444361664
577,1325056,647,2294,0.8721142399999999,300.0,-0.6077728343196214,0.026364080607891083,0.5771286487579346,0.05375603,0.1774345128564164,0.0003,6460,0.2,0.243115234375,-0.04415761143900454
577,1327104,648,2296,1.2133331299999999,300.0,-0.6137698761187493,0.07870177924633026,0.5349602699279785,0.046448126,0.2630958069581538,0.0003,6470,0.2,0.23701171875,-0.04477063981175888
578,1329152,649,2298,0.8699280599999999,300.0,-0.6235794648528099,0.007870674133300781,0.4695886969566345,0.04619755,0.16793709942139684,0.0003,6480,0.2,0.23759765625,-0.04175254096044227
578,1331200,650,2300,0.8552880900000001,300.0,-0.6246194976381958,0.13442662358283997,0.17559045553207397,0.036992125,0.4988575196824968,0.0003,6490,0.2,0.229833984375,-0.040047104407858566
578,1333248,651,2302,0.69005091,300.0,-0.6330698616802692,0.1082339957356453,0.2524041533470154,0.057424616,0.36835161987692117,0.0003,6500,0.2,0.26943359375,-0.0448711448116228
579,1335296,652,2304,0.6179609999999999,300.0,-0.6192799765616656,-0.031318508088588715,0.47399044036865234,0.0427384,0.1396716471761465,0.0003,6510,0.2,0.228564453125,-0.04213462132320274
579,1337344,653,2307,0.9379832500000002,300.0,-0.6187310180626809,0.15694653987884521,0.3339700698852539,0.041977935,0.46351836863905194,0.0003,6520,0.2,0.23623046875,-0.041812438995111736
579,1339392,654,2309,0.9582283900000002,300.0,-0.6352233648300171,0.19714149832725525,0.2849634885787964,0.044428118,0.3999155316967517,0.0003,6530,0.2,0.2298828125,-0.0413004910631571
580,1341440,655,2311,1.16830416,300.0,-0.6219466770999134,0.17948409914970398,0.3321358561515808,0.048589963,0.5488310958258807,0.0003,6540,0.2,0.2326171875,-0.04167441050230991
580,1343488,656,2313,1.0170982500000003,300.0,-0.6199066317640245,0.12195157259702682,0.3622039556503296,0.051103912,0.4275303612463176,0.0003,6550,0.2,0.250341796875,-0.040712073004397095
581,1345536,657,2315,0.71584439,300.0,-0.6415616109967232,0.12052132189273834,0.3632303476333618,0.040299453,0.3760446761269122,0.0003,6560,0.2,0.237890625,-0.03933882143319352
581,1347584,658,2317,0.44830935000000005,300.0,-0.6203330266289413,0.08030279725790024,0.48526525497436523,0.044879083,0.30238733934238554,0.0003,6570,0.2,0.239990234375,-0.0441003110317979
581,1349632,659,2320,0.54602569,300.0,-0.6327423149719834,-0.031056571751832962,0.6395812034606934,0.05153597,0.07186360585037618,0.0003,6580,0.2,0.261865234375,-0.041573030888685025
582,1351680,660,2322,0.4415809800000001,300.0,-0.6221376040950417,0.00047676265239715576,0.4043006896972656,0.053835936,0.13317201683530583,0.0003,6590,0.2,0.24423828125,-0.041811123132356444
582,1353728,661,2324,0.24143231999999998,300.0,-0.6060660291463137,0.014740131795406342,0.28333353996276855,0.05304864,0.272973362589255,0.0003,6600,0.2,0.246240234375,-0.044260456337360664
582,1355776,662,2326,0.5167713300000001,300.0,-0.6038097728043794,0.13801370561122894,0.09205591678619385,0.043489516,0.5598466449417174,0.0003,6610,0.2,0.220166015625,-0.03885663680266589
583,1357824,663,2328,0.14297720999999985,300.0,-0.6114658048376441,0.12423071265220642,-0.033931732177734375,0.047138296,0.3322312770411372,0.0003,6620,0.2,0.244287109375,-0.042918689564976374
583,1359872,664,2330,0.21016690999999996,300.0,-0.6066048489883542,0.18131844699382782,-0.029978394508361816,0.043595545,0.6220036661252379,0.0003,6630,0.2,0.226904296875,-0.03802554643480107
583,1361920,665,2333,0.004630499999999929,300.0,-0.5982951228506863,-0.016232632100582123,-0.5053684711456299,0.049197614,0.09557898147031665,0.0003,6640,0.2,0.240625,-0.041258554521482436
584,1363968,666,2335,-0.19463459,300.0,-0.6274006397463381,0.08369644731283188,0.04667043685913086,0.04835314,0.26856434405781326,0.0003,6650,0.2,0.247314453125,-0.045555032331321854
584,1366016,667,2337,-0.16411320999999993,300.0,-0.6058298539370298,0.004276975989341736,0.06165367364883423,0.0510215,0.21917061877902597,0.0003,6660,0.2,0.250634765625,-0.04356830578763038
584,1368064,668,2339,-0.03425167000000004,300.0,-0.5887161564081907,0.23741579055786133,-0.0988776683807373,0.05261735,0.6749130919575691,0.0003,6670,0.2,0.229443359375,-0.03817052383965347
585,1370112,669,2341,0.3044450599999999,300.0,-0.601883657462895,0.10961150377988815,-0.022752761840820312,0.050486706,0.4186069445684552,0.0003,6680,0.2,0.247900390625,-0.04246106200735085
585,1372160,670,2343,0.33623324999999993,300.0,-0.6003026131540536,0.20551732182502747,-0.046929359436035156,0.04522263,0.7816165652126074,0.0003,6690,0.2,0.22236328125,-0.043509948378778064
585,1374208,671,2345,0.22896565000000002,300.0,-0.5966348118148744,0.027638785541057587,-0.0956352949142456,0.055615876,0.20155616118572653,0.0003,6700,0.2,0.25185546875,-0.04060988022683887
586,1376256,672,2348,0.3135515899999999,300.0,-0.5924009175039828,0.08028711378574371,0.1057925820350647,0.05187314,0.33287937589921057,0.0003,6710,0.2,0.24375,-0.04196333632862661
586,1378304,673,2350,0.12578476999999993,300.0,-0.6078334766440093,0.29878371953964233,0.026156187057495117,0.041466642,0.769413941167295,0.0003,6720,0.2,0.218408203125,-0.044261265741079116
586,1380352,674,2352,0.6484427300000002,300.0,-0.6240682270377874,0.017492663115262985,-0.1621384620666504,0.050239414,0.13284478697460145,0.0003,6730,0.2,0.24912109375,-0.04417800937371794
587,1382400,675,2354,-0.11785467999999993,300.0,-0.6282134301029145,0.09323690831661224,0.0662236213684082,0.045434214,0.30633810558356345,0.0003,6740,0.2,0.2458984375,-0.041210763291746846
587,1384448,676,2357,-0.3642254899999998,300.0,-0.6103057722561062,0.2827402949333191,-0.07253062725067139,0.04041084,0.7667702422477305,0.0003,6750,0.2,0.211572265625,-0.04095501928968588
587,1386496,677,2359,-0.7938806700000001,300.0,-0.5976982379332185,0.05054236948490143,0.1013573408126831,0.05218509,0.2533606451470405,0.0003,6760,0.2,0.245458984375,-0.039756203620345335
587,1388544,678,2361,-0.73205797,300.0,-0.5971183539368212,0.06307779252529144,0.32399487495422363,0.05959958,0.23418884985148908,0.0003,6770,0.2,0.241259765625,-0.04238273216178641
588,1390592,679,2363,-0.39103324,300.0,-0.5918828336521983,0.1358014941215515,0.2718087434768677,0.04682713,0.45781041467562317,0.0003,6780,0.2,0.23876953125,-0.04193613621755503
588,1392640,680,2366,-0.08584179999999997,300.0,-0.578472004365176,0.013620875775814056,0.1872069239616394,0.056796275,0.1750189109472558,0.0003,6790,0.2,0.248828125,-0.04628618951828685
588,1394688,681,2368,-0.37612868000000005,300.0,-0.5782128135673702,0.09436990320682526,0.2537342309951782,0.05100808,0.34156758300960066,0.0003,6800,0.2,0.245556640625,-0.04077702693102765
589,1396736,682,2370,-0.39567875999999985,300.0,-0.5835113757289946,0.17093457281589508,0.10017436742782593,0.05282099,0.6270212553441524,0.0003,6810,0.2,0.230908203125,-0.03917363669315819
589,1398784,683,2372,-0.8159994500000002,300.0,-0.5910692010074854,0.40927278995513916,0.06925636529922485,0.04708994,0.6927612153813243,0.0003,6820,0.2,0.230126953125,-0.041094838654680645
574,1400832,684,2437,-1.1849859999999999,300.0,-0.5828194811940193,0.013719886541366577,0.3535498380661011,0.050618157,0.23279918781481684,0.0003,6830,0.2,0.2251953125,-0.03922808070492465
575,1402880,685,2439,-1.20084574,300.0,-0.5944773375988006,0.0765945240855217,0.20067501068115234,0.049977213,0.3332917763385922,0.0003,6840,0.2,0.239404296875,-0.04140119086368941
575,1404928,686,2441,-0.8654569200000001,300.0,-0.6099404724314809,0.07401911914348602,0.018496453762054443,0.047626995,0.31333941794000564,0.0003,6850,0.2,0.23984375,-0.044663364428561184
575,1406976,687,2443,-1.6036360000000003,300.0,-0.5924056328833103,0.2573870122432709,0.07695984840393066,0.040840536,0.571130437310785,0.0003,6860,0.2,0.21806640625,-0.0400214876543032
576,1409024,688,2446,-1.60426024,300.0,-0.6164082976989448,0.039497725665569305,0.16759055852890015,0.047642335,0.2471935470122844,0.0003,6870,0.2,0.23798828125,-0.045299914290080776
576,1411072,689,2448,-1.79052438,300.0,-0.612314835563302,0.2422926276922226,0.12275040149688721,0.04066006,0.5824889868497849,0.0003,6880,0.2,0.225,-0.04140623839921318
576,1413120,690,2450,-1.3884834299999997,300.0,-0.6105791666544974,0.08355196565389633,0.4052302837371826,0.05004704,0.36446638288907707,0.0003,6890,0.2,0.2439453125,-0.04382629235042259
576,1415168,691,2452,-1.36131357,300.0,-0.6150914948433638,0.028161659836769104,0.3216553330421448,0.055215895,0.24655550792813302,0.0003,6900,0.2,0.24658203125,-0.045381492702290416
577,1417216,692,2454,-0.8631820600000002,300.0,-0.6089628200978041,0.13942846655845642,0.34512782096862793,0.049159363,0.4557181322947145,0.0003,6910,0.2,0.24306640625,-0.04107827826810535
577,1419264,693,2456,-1.04030808,300.0,-0.6049328635446727,0.09121827781200409,0.2880328893661499,0.049031343,0.6524167471565306,0.0003,6920,0.2,0.227099609375,-0.04029051865072688
578,1421312,694,2458,-0.65185091,300.0,-0.601237016543746,0.1851171851158142,0.2889995574951172,0.05314047,0.4802654955536127,0.0003,6930,0.2,0.25244140625,-0.04401398258050904
578,1423360,695,2461,-0.7365813799999998,300.0,-0.6062552015297115,0.11618592590093613,0.3694670796394348,0.047269367,0.4499790918081999,0.0003,6940,0.2,0.243017578125,-0.04580209101841319
578,1425408,696,2463,-1.09287797,300.0,-0.6086666616611183,0.25036323070526123,-0.017818570137023926,0.049363434,0.5401858071796596,0.0003,6950,0.2,0.251220703125,-0.04357474744610954
578,1427456,697,2465,-0.69392634,300.0,-0.6064319858327508,0.045345425605773926,-0.10042798519134521,0.0514711,0.23939761242363602,0.0003,6960,0.2,0.24912109375,-0.04294139362173155
579,1429504,698,2467,-0.45470038999999995,300.0,-0.5856441038660705,0.12960562109947205,0.1169629693031311,0.05070184,0.27827993747778235,0.0003,6970,0.2,0.239111328125,-0.04283069971424993
579,1431552,699,2469,0.07942280000000004,300.0,-0.5810160228051245,0.021530799567699432,0.011834323406219482,0.061989166,0.23132165195420384,0.0003,6980,0.2,0.2623046875,-0.04574197170586558
579,1433600,700,2472,-0.09381816000000008,300.0,-0.5896336805075407,0.04171079397201538,-0.03242087364196777,0.049899172,0.2762831258121878,0.0003,6990,0.2,0.23779296875,-0.045029903631075285
580,1435648,701,2474,0.24359007000000005,300.0,-0.5823180178180337,0.11215344071388245,-0.06362462043762207,0.04633093,0.46745575591921806,0.0003,7000,0.2,0.23193359375,-0.040243234901572576
580,1437696,702,2476,0.41751849,300.0,-0.5753748381510377,0.0440085232257843,0.04244357347488403,0.059602786,0.2804506959859282,0.0003,7010,0.2,0.238232421875,-0.04578127300192136
580,1439744,703,2478,0.6624553399999997,300.0,-0.5686601067893207,0.07955700904130936,0.1007111668586731,0.05294551,0.257773596374318,0.0003,7020,0.2,0.2296875,-0.04041283160331659
581,1441792,704,2480,1.00934,300.0,-0.554741991404444,0.2478305697441101,0.06788361072540283,0.047432806,0.8099974606186151,0.0003,7030,0.2,0.226220703125,-0.03942231964610983
581,1443840,705,2483,0.8767084499999999,300.0,-0.5675906455144286,0.1243743747472763,0.31140953302383423,0.055615805,0.24467958901077508,0.0003,7040,0.2,0.23974609375,-0.040488561912206934
581,1445888,706,2485,0.3975194,300.0,-0.578263118956238,0.034585632383823395,0.14713025093078613,0.056751844,0.19045796152204275,0.0003,7050,0.2,0.251123046875,-0.041954961480223575
581,1447936,707,2488,0.32448796000000013,300.0,-0.5601185563020408,0.04008321464061737,0.24385637044906616,0.044385206,0.3500048015266657,0.0003,7060,0.2,0.235791015625,-0.039121472404804084
582,1449984,708,2490,0.3107923200000002,300.0,-0.576461435854435,-0.03515728563070297,0.40021079778671265,0.05795081,0.08898442699573934,0.0003,7070,0.2,0.252392578125,-0.0441726966178976
582,1452032,709,2492,0.3995130400000001,300.0,-0.5736008679494262,0.03027336299419403,0.36153656244277954,0.0509105,0.23274828786961735,0.0003,7080,0.2,0.239404296875,-0.040852407886995935
582,1454080,710,2494,0.6334431100000001,300.0,-0.5753764031454921,0.007513456046581268,-0.624058723449707,0.05240409,0.1541344208875671,0.0003,7090,0.2,0.230029296875,-0.04230788697168464
583,1456128,711,2496,0.5683618000000003,300.0,-0.5845869744196535,0.12255706638097763,0.08882051706314087,0.047070093,0.4140876704826951,0.0003,7100,0.2,0.231201171875,-0.04203797641093843
583,1458176,712,2499,0.21512801,300.0,-0.5777701177634299,0.18126654624938965,-0.0210726261138916,0.05601967,0.5769695146940649,0.0003,7110,0.2,0.244384765625,-0.04333025648957119
583,1460224,713,2501,-0.03951586999999984,300.0,-0.5810165866278112,0.10918325185775757,0.07409560680389404,0.0493552,0.402091160742566,0.0003,7120,0.2,0.223486328125,-0.039319997651909945
584,1462272,714,2503,0.29445456000000014,300.0,-0.5868392056785524,0.28033560514450073,0.09003525972366333,0.044512127,0.5789797537028789,0.0003,7130,0.2,0.231982421875,-0.039523102360544723
584,1464320,715,2505,0.053699780000000086,300.0,-0.5681734764017164,0.10944351553916931,-0.06325876712799072,0.05026217,0.33331479514017703,0.0003,7140,0.2,0.22890625,-0.039585686221835205
584,1466368,716,2507,-0.41826025999999983,300.0,-0.599843960441649,0.049272455275058746,0.058867812156677246,0.05366452,0.23797029424458743,0.0003,7150,0.2,0.243212890625,-0.04335004086024128
585,1468416,717,2509,-0.39269817999999984,300.0,-0.6013803805224598,-0.014263354241847992,0.10612565279006958,0.049729947,0.10156967648072168,0.0003,7160,0.2,0.231787109375,-0.039806462822889445
585,1470464,718,2512,-0.7563139900000002,300.0,-0.5935098974965513,0.021966755390167236,0.1526084542274475,0.051314227,0.25491537747438997,0.0003,7170,0.2,0.241552734375,-0.041215324512450024
585,1472512,719,2514,-0.92981701,300.0,-0.5928001523017883,0.07390567660331726,0.07646673917770386,0.05936631,0.3279122750274837,0.0003,7180,0.2,0.257421875,-0.04111338335496839
585,1474560,720,2516,-0.9355293100000001,300.0,-0.5742683206684888,0.04536645859479904,-0.010452985763549805,0.058427148,0.23793072714470326,0.0003,7190,0.2,0.2123046875,-0.037410027981968595
586,1476608,721,2518,-0.7998322699999997,300.0,-0.5947215425781905,0.32605651021003723,0.07936465740203857,0.03666657,0.720498547423631,0.0003,7200,0.2,0.213818359375,-0.03838699476909824
586,1478656,722,2520,-0.9895587600000002,300.0,-0.5864643626846373,0.48642590641975403,-0.04382944107055664,0.045233063,1.0043368052691222,0.0003,7210,0.2,0.21357421875,-0.03947572583565488
586,1480704,723,2523,-1.7728988100000003,300.0,-0.601486820820719,0.10626675188541412,0.09656214714050293,0.047240518,0.37359299804084,0.0003,7220,0.2,0.242529296875,-0.042250044067623095
587,1482752,724,2525,-2.1316351899999995,300.0,-0.604442297667265,0.13642671704292297,0.22391295433044434,0.046736464,0.4494927722029388,0.0003,7230,0.2,0.223828125,-0.04149952579318779
587,1484800,725,2528,-1.7287502100000005,300.0,-0.5917403370141983,0.042981453239917755,0.26801377534866333,0.04776472,0.2305471673840657,0.0003,7240,0.2,0.232958984375,-0.03855370820383541
587,1486848,726,2530,-1.7511097899999999,300.0,-0.5816453107632696,0.0756453424692154,0.3682706952095032,0.05422104,0.25648409919813275,0.0003,7250,0.2,0.24189453125,-0.0411459163427935
587,1488896,727,2533,-1.7232112000000004,300.0,-0.5940784223377704,0.11521485447883606,0.3771677017211914,0.04820248,0.35022649355232716,0.0003,7260,0.2,0.232861328125,-0.035601595303160136
588,1490944,728,2535,-1.58827155,300.0,-0.5952357933856547,0.07947616279125214,0.30452680587768555,0.0507869,0.4115118460729718,0.0003,7270,0.2,0.234033203125,-0.03822767841629684
588,1492992,729,2537,-1.79950297,300.0,-0.5864080730825663,0.14533324539661407,0.18347042798995972,0.043588597,0.4283686549402773,0.0003,7280,0.2,0.227734375,-0.03841509751218837
588,1495040,730,2540,-1.8838011100000003,300.0,-0.6021836940199137,0.034130677580833435,-0.054810166358947754,0.059512593,0.23669763766229152,0.0003,7290,0.2,0.257666015625,-0.043063302255177405
588,1497088,731,2542,-1.1124418499999997,300.0,-0.6025263301096857,0.2506965696811676,0.10700708627700806,0.048453003,0.41343171619810165,0.0003,7300,0.2,0.24716796875,-0.04471300202712882
589,1499136,732,2544,-0.8602727000000004,300.0,-0.58694818187505,0.06817340105772018,0.2953263521194458,0.067716986,0.3683474488090724,0.0003,7310,0.2,0.2533203125,-0.04304958783031907
572,1501184,733,2622,-0.42069158000000006,300.0,-0.6032376131974161,0.26827096939086914,0.27659082412719727,0.055193935,0.5329274695366621,0.0003,7320,0.2,0.25947265625,-0.044105679899803366
572,1503232,734,2624,-0.39118042,300.0,-0.6039918831549584,0.1656615138053894,0.4013041853904724,0.049110588,0.47040738267824056,0.0003,7330,0.2,0.24296875,-0.03972006499534473
573,1505280,735,2626,-1.01500669,300.0,-0.5781002168543636,0.1426936388015747,0.26985764503479004,0.044742763,0.44522116528823974,0.0003,7340,0.2,0.22998046875,-0.037036535039078444
573,1507328,736,2628,-0.72602603,300.0,-0.6019304101355374,-0.013990532606840134,0.1209104061126709,0.067174554,0.16813925644382835,0.0003,7350,0.2,0.24580078125,-0.04262781663564965
573,1509376,737,2631,0.33519385,300.0,-0.5970204897224903,0.021980848163366318,0.14945381879806519,0.05105294,0.20215300729032606,0.0003,7360,0.2,0.234130859375,-0.043288395667332225
573,1511424,738,2633,1.09246902,300.0,-0.6056210018694401,0.21985308825969696,0.30541330575942993,0.049424432,0.5083745195530355,0.0003,7370,0.2,0.234765625,-0.042695096528041175
574,1513472,739,2635,1.30807703,300.0,-0.5833550175651908,0.09396687150001526,0.14757269620895386,0.04403448,0.5134802035521716,0.0003,7380,0.2,0.21640625,-0.03868433002498932
574,1515520,740,2637,1.1667854499999997,300.0,-0.5917875485494732,0.05846314877271652,0.2978549599647522,0.05164867,0.3043709372635931,0.0003,7390,0.2,0.247216796875,-0.042731648674816824
574,1517568,741,2639,1.3241694199999996,300.0,-0.5983603517524898,0.004066765308380127,0.4242454171180725,0.06167768,0.1716677704360336,0.0003,7400,0.2,0.24873046875,-0.04280483476468362
575,1519616,742,2641,1.4586684900000002,300.0,-0.5906496515497566,0.2513674199581146,0.27743059396743774,0.041022696,0.5502995575778187,0.0003,7410,0.2,0.21962890625,-0.0403553092997754
575,1521664,743,2643,1.48146721,300.0,-0.5716262782923878,0.35530370473861694,0.28567129373550415,0.041968293,0.747700861748308,0.0003,7420,0.2,0.208154296875,-0.03841728224797407
575,1523712,744,2646,1.5834501100000002,300.0,-0.5687290463596583,0.17151346802711487,0.2929956912994385,0.043480482,0.44001686135306955,0.0003,7430,0.2,0.228955078125,-0.03907452330604429
576,1525760,745,2648,1.61753478,300.0,-0.5921259702183306,0.20455622673034668,0.3206636309623718,0.04928308,0.5244494607672096,0.0003,7440,0.2,0.23671875,-0.04091126197599806
576,1527808,746,2650,0.88366608,300.0,-0.5802607231773436,0.060610488057136536,0.3486762046813965,0.057929732,0.36227189511992036,0.0003,7450,0.2,0.23837890625,-0.04040257493470563
576,1529856,747,2652,0.6966556000000002,300.0,-0.5982347336597741,0.021877266466617584,0.406380295753479,0.053519577,0.23756480985321105,0.0003,7460,0.2,0.258056640625,-0.043440673250006515
576,1531904,748,2655,0.6578886799999998,300.0,-0.5812024904415012,0.04086896777153015,0.14554935693740845,0.0608301,0.22520163282752037,0.0003,7470,0.2,0.248486328125,-0.04069625397387426
577,1533952,749,2657,0.3843791299999998,300.0,-0.5928439864888787,0.04873830825090408,0.15235483646392822,0.05248353,0.2899979554116726,0.0003,7480,0.2,0.239453125,-0.0429010477848351
577,1536000,750,2659,0.38124696999999974,300.0,-0.5889877445064485,0.04594670608639717,0.1846538782119751,0.048212476,0.39123209272511306,0.0003,7490,0.2,0.224951171875,-0.03655512818077113
577,1538048,751,2661,0.3250058499999997,300.0,-0.5813439339399338,0.1022753119468689,0.328052282333374,0.04871144,0.3663306345231831,0.0003,7500,0.2,0.2408203125,-0.04152603444526903
578,1540096,752,2664,0.06644476999999999,300.0,-0.5568443782627582,0.32696205377578735,0.17220234870910645,0.04827304,0.6196883569471539,0.0003,7510,0.2,0.225048828125,-0.03826466756290756
578,1542144,753,2666,0.12001319,300.0,-0.576543145161122,0.0847107395529747,-0.2652343511581421,0.050655287,0.35982715715654195,0.0003,7520,0.2,0.2267578125,-0.039701467266422694
578,1544192,754,2668,-0.047585539999999996,300.0,-0.5809371109120548,0.03057512640953064,0.35935455560684204,0.05586552,0.17839081953279673,0.0003,7530,0.2,0.247216796875,-0.0399406109994743
578,1546240,755,2670,-0.3673840600000001,300.0,-0.6077677051536738,-0.016723521053791046,0.5199582576751709,0.056464307,0.14469046476297082,0.0003,7540,0.2,0.248828125,-0.042906063279951924
579,1548288,756,2673,-0.2097479800000001,300.0,-0.5993493717163801,0.07244540750980377,0.4143422842025757,0.049367122,0.26187775682192294,0.0003,7550,0.2,0.238916015625,-0.0382236539007863
579,1550336,757,2675,-0.45984060000000015,300.0,-0.5890147536061704,0.0343610942363739,0.0731194019317627,0.059026953,0.2602588651236147,0.0003,7560,0.2,0.235791015625,-0.042966279602842404
579,1552384,758,2677,-0.6137530000000001,300.0,-0.5935250223614276,0.09242817014455795,0.0671953558921814,0.054987013,0.3272803314961493,0.0003,7570,0.2,0.24521484375,-0.04501349763741018
580,1554432,759,2679,-1.13617528,300.0,-0.6069476745091379,0.1920977681875229,-0.03151702880859375,0.041924033,0.5530447378754616,0.0003,7580,0.2,0.225341796875,-0.04293791934032924
580,1556480,760,2681,-1.2347663100000004,300.0,-0.5988427489064634,0.22354507446289062,0.08838456869125366,0.05162732,0.760816494282335,0.0003,7590,0.2,0.23662109375,-0.04476951785181882
580,1558528,761,2684,-1.36840399,300.0,-0.5950175603851676,0.10034641623497009,0.07498830556869507,0.046681307,0.6182991793379188,0.0003,7600,0.2,0.233349609375,-0.04169448786851717
580,1560576,762,2686,-1.5678964,300.0,-0.5926609787158668,0.41251832246780396,0.14299333095550537,0.045325674,1.1577580742537976,0.0003,7610,0.2,0.227587890625,-0.04081563153595198
581,1562624,763,2688,-1.38129744,300.0,-0.5915376661345363,-0.019053705036640167,0.5861221551895142,0.064732626,0.1265394174028188,0.0003,7620,0.2,0.2705078125,-0.046540304287918846
581,1564672,764,2690,-0.75350828,300.0,-0.5808903158642351,0.08239492774009705,0.4005352854728699,0.062498983,0.31006117509678005,0.0003,7630,0.2,0.248681640625,-0.043902814848115666
581,1566720,765,2693,-0.43817684000000034,300.0,-0.5911211255937815,0.08074633777141571,0.4296520948410034,0.05278794,0.3785001972224563,0.0003,7640,0.2,0.23427734375,-0.04456711799721234
581,1568768,766,2695,-0.8915022300000003,300.0,-0.6070280640386045,0.15326134860515594,0.4522739052772522,0.049736366,0.42484952858649194,0.0003,7650,0.2,0.24775390625,-0.039757309616834394
582,1570816,767,2697,-1.74711693,300.0,-0.5718891008757054,-0.04645482078194618,0.7297487258911133,0.06942752,0.1206052957335487,0.0003,7660,0.2,0.2658203125,-0.04921490405395161
582,1572864,768,2700,-2.1281039100000005,300.0,-0.611830466426909,0.1812095046043396,0.4858313202857971,0.052436743,0.35306426864117385,0.0003,7670,0.2,0.246484375,-0.042067078093532474
582,1574912,769,2702,-2.34357838,300.0,-0.5914605611935257,0.2470264881849289,0.4265299439430237,0.05032579,0.6333104515448212,0.0003,7680,0.2,0.234765625,-0.041124240815406665
583,1576960,770,2704,-2.3960037799999996,300.0,-0.5990347584709526,0.1150323748588562,0.5513060092926025,0.05176851,0.36140067130327225,0.0003,7690,0.2,0.250634765625,-0.044702148388023485
583,1579008,771,2706,-1.84352406,300.0,-0.6140202366746962,0.19701805710792542,0.47616463899612427,0.049313024,0.4986754884943366,0.0003,7700,0.2,0.243212890625,-0.04255913775414229
583,1581056,772,2708,-2.07119363,300.0,-0.6063464328646659,0.019699640572071075,0.6551568508148193,0.048999563,0.28613484571687875,0.0003,7710,0.2,0.258544921875,-0.047108061914332214
584,1583104,773,2710,-1.2842702600000002,300.0,-0.6028044873848557,0.04747898504137993,0.31933367252349854,0.06725781,0.261774045182392,0.0003,7720,0.2,0.2515625,-0.042518730464507826
584,1585152,774,2712,-1.45213987,300.0,-0.6086179287172854,0.07480350881814957,0.47907984256744385,0.048636593,0.3475077552255243,0.0003,7730,0.2,0.256201171875,-0.04410480353108141
584,1587200,775,2715,-0.99397189,300.0,-0.592012573312968,0.025537759065628052,0.4975464940071106,0.053755492,0.2568962442222983,0.0003,7740,0.2,0.24365234375,-0.04254239894798957
584,1589248,776,2717,-0.62620017,300.0,-0.5826935206539929,0.18901659548282623,0.1652507185935974,0.04760611,0.4940285339951515,0.0003,7750,0.2,0.24306640625,-0.04184776302136015
585,1591296,777,2719,-0.26551243,300.0,-0.6183042171411216,0.10291323810815811,0.3360031843185425,0.05000087,0.4534335732460022,0.0003,7760,0.2,0.240478515625,-0.04664222677529324
585,1593344,778,2722,-0.26051488000000006,300.0,-0.5900250993669033,0.11858312040567398,0.39789271354675293,0.050877787,0.44830736075527966,0.0003,7770,0.2,0.22978515625,-0.03956917924515437
585,1595392,779,2724,-0.18248136000000004,300.0,-0.6191540788859129,0.12940365076065063,0.10736817121505737,0.043806233,0.4616838977206498,0.0003,7780,0.2,0.244384765625,-0.04059886663744692
585,1597440,780,2726,-0.4900403499999999,300.0,-0.5669611359946429,0.12142276018857956,0.14897793531417847,0.054898277,0.5053333780262619,0.0003,7790,0.2,0.236669921875,-0.04135127063345863
586,1599488,781,2728,0.15880238000000013,300.0,-0.5786586948670447,0.018032431602478027,0.26117080450057983,0.05397927,0.31168989758007226,0.0003,7800,0.2,0.236962890625,-0.04127030766976532
572,1601536,782,2796,0.25361400999999995,300.0,-0.5968082929030061,0.0716385617852211,0.22748053073883057,0.044694025,0.3545329003594816,0.0003,7810,0.2,0.237841796875,-0.04216082283528522
572,1603584,783,2798,0.5214586999999998,300.0,-0.596200966462493,0.12279209494590759,0.08299022912979126,0.049494788,0.36256448910571637,0.0003,7820,0.2,0.2359375,-0.044978463905863464
573,1605632,784,2801,0.29211892999999983,300.0,-0.5958381790667773,-0.013845324516296387,0.13976562023162842,0.056613132,0.16690088340546935,0.0003,7830,0.2,0.261962890625,-0.04607492293434916
573,1607680,785,2803,1.01275578,300.0,-0.5859655549749732,0.07140646874904633,0.17224884033203125,0.050461933,0.43573988261632624,0.0003,7840,0.2,0.232958984375,-0.04220494444016367
573,1609728,786,2805,1.3260818799999998,300.0,-0.6178699983283877,0.028591416776180267,-0.18376266956329346,0.052772947,0.2828350651310757,0.0003,7850,0.2,0.250732421875,-0.040932348181377164
574,1611776,787,2807,1.5278410399999995,300.0,-0.6216298632323742,0.022657394409179688,0.16805177927017212,0.04599327,0.28332424703985454,0.0003,7860,0.2,0.231884765625,-0.043103389884345235
574,1613824,788,2810,1.36949523,300.0,-0.6263414742425084,0.03110329806804657,0.3204312324523926,0.054609627,0.4048833330627531,0.0003,7870,0.2,0.252734375,-0.04261017654498574
574,1615872,789,2813,1.2530710199999997,300.0,-0.6131680848076939,0.09434397518634796,0.3168516159057617,0.047322564,0.2694287769962102,0.0003,7880,0.2,0.234619140625,-0.04022353085456416
574,1617920,790,2815,1.2268653399999998,300.0,-0.6049719410948455,0.0708593800663948,0.42973536252975464,0.055368736,0.2655985209159553,0.0003,7890,0.2,0.23984375,-0.04461278522212524
574,1619968,791,2817,0.7386480299999999,300.0,-0.6082204723730683,-0.02490764856338501,-0.34135282039642334,0.059205875,0.0949668953078799,0.0003,7900,0.2,0.259912109375,-0.044723858719225976
575,1622016,792,2819,0.7142617,300.0,-0.604188197478652,-0.004856564104557037,0.2957301139831543,0.052099835,0.21482959093991666,0.0003,7910,0.2,0.246875,-0.046419249427708566
575,1624064,793,2821,1.2834821499999998,300.0,-0.6208868892863393,0.006714649498462677,0.07650649547576904,0.044056192,0.19283717761281877,0.0003,7920,0.2,0.239892578125,-0.04404950682073831
575,1626112,794,2824,1.4374582500000002,300.0,-0.6074542242102325,0.02872540056705475,-0.2897411584854126,0.05115705,0.2587290164548904,0.0003,7930,0.2,0.237939453125,-0.045871775884006635
576,1628160,795,2826,0.8536514599999998,300.0,-0.5857888121157885,0.28680968284606934,0.00419849157333374,0.042668473,0.8618547674268484,0.0003,7940,0.2,0.2193359375,-0.03943556369922589
576,1630208,796,2828,0.7416636500000001,300.0,-0.5944738646969199,0.20178957283496857,-0.037354469299316406,0.051813927,0.45706873554736377,0.0003,7950,0.2,0.237939453125,-0.04344523465551901
576,1632256,797,2830,0.5835641599999998,300.0,-0.5778297291137278,0.19826722145080566,0.1940135359764099,0.045016326,0.47347070574760436,0.0003,7960,0.2,0.233251953125,-0.044565539679024366
576,1634304,798,2832,0.25187384999999995,300.0,-0.6081039998680353,0.08751931041479111,0.16061341762542725,0.043674752,0.36713079106993973,0.0003,7970,0.2,0.239794921875,-0.04328178447904065
577,1636352,799,2835,-0.258598,300.0,-0.5892016885802149,-0.003634735941886902,0.5221877098083496,0.05038236,0.13779293518746272,0.0003,7980,0.2,0.23154296875,-0.042836062298010805
577,1638400,800,2837,-1.09837469,300.0,-0.5998736876063049,0.12081675976514816,0.4880513548851013,0.041689985,0.4417501600459218,0.0003,7990,0.2,0.225,-0.038509023035294375
577,1640448,801,2839,-1.3614342700000004,300.0,-0.5797523901797831,0.04197661578655243,0.46856266260147095,0.047621436,0.3078309393953532,0.0003,8000,0.2,0.243310546875,-0.03962009668757673
577,1642496,802,2842,-1.25288533,300.0,-0.5969512129202486,0.14329519867897034,0.3054651618003845,0.046307057,0.3867708345409483,0.0003,8010,0.2,0.232373046875,-0.04315816626767628
578,1644544,803,2844,-1.2737119899999998,300.0,-0.6152992421761155,0.12150309979915619,0.2570756673812866,0.04883144,0.3236352019244805,0.0003,8020,0.2,0.258154296875,-0.043907590358139716
578,1646592,804,2847,-1.2575544,300.0,-0.6068870259448886,0.13532021641731262,0.23235857486724854,0.050436057,0.5481459923088551,0.0003,8030,0.2,0.24716796875,-0.0415933423966635
578,1648640,805,2849,-1.22134555,300.0,-0.5910174404270947,0.02951643615961075,0.30555182695388794,0.05427853,0.29671461493708196,0.0003,8040,0.2,0.2373046875,-0.04081143815710675
578,1650688,806,2851,-1.5827990399999998,300.0,-0.6008323750458657,0.09055401384830475,0.36618268489837646,0.055577215,0.3131265273317695,0.0003,8050,0.2,0.25400390625,-0.042934807436540726
579,1652736,807,2853,-1.4385551799999996,300.0,-0.6043344570323825,0.16456001996994019,0.40038001537323,0.043836266,0.4202937528025359,0.0003,8060,0.2,0.23994140625,-0.04110623083688551
579,1654784,808,2855,-1.91164128,300.0,-0.5930229254066944,0.11292410641908646,0.2826954126358032,0.054386914,0.3929354869760573,0.0003,8070,0.2,0.25048828125,-0.0447171988140326
579,1656832,809,2858,-1.55005825,300.0,-0.6102700006216765,0.169916570186615,0.4599345922470093,0.052810572,0.3815102385357022,0.0003,8080,0.2,0.253759765625,-0.042863681502058174
579,1658880,810,2860,-1.5427266600000002,300.0,-0.6000262632966041,0.06770052760839462,0.6065678596496582,0.059042443,0.2885690240189433,0.0003,8090,0.2,0.248486328125,-0.04292211890715407
579,1660928,811,2863,-1.7261030300000002,300.0,-0.5991919494234026,0.06766115128993988,0.17518353462219238,0.052293535,0.2739360652398318,0.0003,8100,0.2,0.241943359375,-0.043564304974279364
580,1662976,812,2866,-1.4407502500000005,300.0,-0.6199518729932606,0.09255868941545486,0.12766247987747192,0.04612933,0.4757660553790629,0.0003,8110,0.2,0.23779296875,-0.04281830522813834
580,1665024,813,2869,-0.8956072499999999,300.0,-0.6040397946722805,0.04858623445034027,0.28517061471939087,0.0547723,0.28118659192696216,0.0003,8120,0.2,0.241552734375,-0.044166733536985706
580,1667072,814,2872,-1.0161588400000001,300.0,-0.6137952187098563,0.18353235721588135,0.12515658140182495,0.052206814,0.4621895339805633,0.0003,8130,0.2,0.245263671875,-0.04470295067731058
580,1669120,815,2874,-0.8981218600000002,300.0,-0.6020418771542608,0.3059605360031128,-0.016981124877929688,0.047251448,0.682566596660763,0.0003,8140,0.2,0.2392578125,-0.04211817706236616
580,1671168,816,2877,-0.62597541,300.0,-0.6105481188744306,0.15081357955932617,0.10902082920074463,0.061897315,0.42700942656956614,0.0003,8150,0.2,0.25107421875,-0.04370817032177001
581,1673216,817,2879,-0.60284334,300.0,-0.5871242010965944,0.08786386251449585,0.04131883382797241,0.052196305,0.4645309763494879,0.0003,8160,0.2,0.2328125,-0.0392444506258471
581,1675264,818,2882,-0.6224769099999999,300.0,-0.5884704765863716,0.02253887802362442,0.27368491888046265,0.051337846,0.2532299524638802,0.0003,8170,0.2,0.2501953125,-0.04642003590124659
581,1677312,819,2885,-0.43364952999999995,300.0,-0.5794786636717617,0.08995884656906128,0.10291188955307007,0.053977765,0.4173238026443869,0.0003,8180,0.2,0.23037109375,-0.04231333934876602
581,1679360,820,2887,-0.39933059,300.0,-0.5754844770766795,0.07906943559646606,-0.0013077259063720703,0.05751425,0.3714253531768918,0.0003,8190,0.2,0.248486328125,-0.046821045712567864
581,1681408,821,2889,-0.2678960000000002,300.0,-0.5887455232441425,0.11938659101724625,-0.04903566837310791,0.052029938,0.6573679381981492,0.0003,8200,0.2,0.2375,-0.04246335286588874
582,1683456,822,2892,-0.50406477,300.0,-0.5778555227443576,0.011720821261405945,-0.01587367057800293,0.05638151,0.1678746632533148,0.0003,8210,0.2,0.239453125,-0.04050121019245125
582,1685504,823,2894,-0.6614472700000004,300.0,-0.5803781337104738,0.017862431704998016,-0.13381743431091309,0.052321192,0.24725613556802273,0.0003,8220,0.2,0.23466796875,-0.04035446370689897
582,1687552,824,2897,-0.15196957000000008,300.0,-0.6039483267813921,0.020717203617095947,-0.1859797239303589,0.075845905,0.2239181739743799,0.0003,8230,0.2,0.2525390625,-0.04603455532778753
582,1689600,825,2899,0.29611475000000015,300.0,-0.6005374504253268,0.0022664517164230347,-0.06906211376190186,0.053742908,0.235349004692398,0.0003,8240,0.2,0.24775390625,-0.042439325033046774
582,1691648,826,2902,0.10051711000000012,300.0,-0.6028644224628806,0.049382179975509644,-0.03183448314666748,0.047725234,0.23686340835411102,0.0003,8250,0.2,0.232763671875,-0.039926365576684476
583,1693696,827,2905,-0.26641102000000005,300.0,-0.610879170242697,0.17411285638809204,0.08096867799758911,0.046839718,0.5201488552615047,0.0003,8260,0.2,0.24052734375,-0.04379811611725017
583,1695744,828,2907,0.17336104000000016,300.0,-0.602227550279349,0.13014984130859375,-0.012503385543823242,0.05245723,0.3952911106403917,0.0003,8270,0.2,0.23349609375,-0.04255693326413166
583,1697792,829,2909,0.54137135,300.0,-0.6013018326833844,0.17841416597366333,-0.1998136043548584,0.045362037,0.5563447060063481,0.0003,8280,0.2,0.22998046875,-0.0402695553493686
583,1699840,830,2911,0.72204285,300.0,-0.6180585708469153,0.05267038568854332,-0.08005940914154053,0.057188906,0.23463896778412163,0.0003,8290,0.2,0.25498046875,-0.04315138997044414
569,1701888,831,2989,0.12534011000000003,300.0,-0.5731320150196553,0.03216148167848587,-0.0974721908569336,0.061140873,0.261666748393327,0.0003,8300,0.2,0.246337890625,-0.042877656078781
569,1703936,832,2992,0.08540983000000009,300.0,-0.5702061731368303,0.026632435619831085,-0.16113758087158203,0.056255743,0.2542893598554656,0.0003,8310,0.2,0.23759765625,-0.041339613756281327
569,1705984,833,2994,0.16916439999999988,300.0,-0.5854712118394673,0.03428379073739052,-0.08797287940979004,0.05501145,0.17595149555709214,0.0003,8320,0.2,0.24111328125,-0.04275004836381413
569,1708032,834,2996,-0.04028945999999989,300.0,-0.5730129691772163,0.07517080008983612,0.09031766653060913,0.060042765,0.2637902218848467,0.0003,8330,0.2,0.246240234375,-0.04619882446131669
570,1710080,835,2999,-0.0644283299999997,300.0,-0.5823456332087517,0.2211940586566925,0.029017269611358643,0.051871274,0.5908569572493434,0.0003,8340,0.2,0.225830078125,-0.04103270096238702
570,1712128,836,3001,0.5785237000000002,300.0,-0.5838684275746345,0.08658598363399506,-0.11228251457214355,0.05687516,0.31005322383716705,0.0003,8350,0.2,0.238525390625,-0.04392226573545486
570,1714176,837,3003,0.7523057400000002,300.0,-0.5803877512924374,-0.025676026940345764,-0.1224372386932373,0.07146264,0.10621206222567707,0.0003,8360,0.2,0.2572265625,-0.04359164992056321
570,1716224,838,3006,0.9401284700000002,300.0,-0.5769299470819533,0.17421896755695343,0.09191650152206421,0.053122364,0.5657632676884532,0.0003,8370,0.2,0.239794921875,-0.04338520912860986
571,1718272,839,3008,0.92051862,300.0,-0.5923234142363072,0.11516150832176208,0.10220992565155029,0.05546395,0.4432955645956099,0.0003,8380,0.2,0.24462890625,-0.04134823098866036
571,1720320,840,3011,0.67487022,300.0,-0.5828773564659059,-0.0022518858313560486,0.4940853714942932,0.06233642,0.15478063742630183,0.0003,8390,0.2,0.24951171875,-0.04411425019497983
571,1722368,841,3013,1.7810470500000002,300.0,-0.5747570281848311,0.027830272912979126,-0.18849945068359375,0.060516156,0.20553962527774275,0.0003,8400,0.2,0.24609375,-0.039997277772636154
571,1724416,842,3015,1.3638342499999998,300.0,-0.5661494564265013,0.0030478164553642273,0.16912728548049927,0.05476341,0.2438742185011506,0.0003,8410,0.2,0.2326171875,-0.043570694400114005
572,1726464,843,3018,1.23428564,300.0,-0.5772493642754852,0.14211753010749817,0.18694138526916504,0.049854394,0.3575887042563409,0.0003,8420,0.2,0.245947265625,-0.04503506732289679
572,1728512,844,3020,1.3113029900000002,300.0,-0.5666125925257802,0.08163351565599442,0.08204019069671631,0.0516621,0.4223692604340613,0.0003,8430,0.2,0.235400390625,-0.041668733829283156
572,1730560,845,3023,0.7678570900000001,300.0,-0.5578881489112973,0.092924565076828,0.20486462116241455,0.05241871,0.35940598882734776,0.0003,8440,0.2,0.229296875,-0.03916203150292859
572,1732608,846,3025,0.7558637500000001,300.0,-0.5461785861290991,0.07809818536043167,0.2725331783294678,0.05418712,0.3042735901661217,0.0003,8450,0.2,0.231494140625,-0.04335877917474136
572,1734656,847,3028,0.7606922600000001,300.0,-0.5686092529445886,0.034467436373233795,0.4159446358680725,0.055224985,0.23329622307792305,0.0003,8460,0.2,0.244921875,-0.04387440016434994
572,1736704,848,3031,0.7391922200000002,300.0,-0.5520701100118458,0.046420738101005554,0.3401421308517456,0.060258657,0.34130062102340164,0.0003,8470,0.2,0.244677734375,-0.042586270142055585
573,1738752,849,3034,0.9484503,300.0,-0.5429203628562391,0.07634102553129196,0.33710306882858276,0.0532961,0.2673621450783685,0.0003,8480,0.2,0.2369140625,-0.04240273922623601
573,1740800,850,3036,0.77882755,300.0,-0.5557472511194647,0.11994017660617828,0.38980770111083984,0.058946855,0.4015249070711434,0.0003,8490,0.2,0.243212890625,-0.040219438949498
573,1742848,851,3039,0.6612903800000001,300.0,-0.5648772196844221,0.2170165479183197,0.23879307508468628,0.05371273,0.5562787167727947,0.0003,8500,0.2,0.2451171875,-0.04440079261548817
573,1744896,852,3041,0.8163194400000002,300.0,-0.5565280698239803,0.005589693784713745,-0.07754671573638916,0.061605938,0.18206670335493982,0.0003,8510,0.2,0.23994140625,-0.044422438646142835
573,1746944,853,3045,-0.06472580999999988,300.0,-0.5336143041960895,0.1407110095024109,-0.10759139060974121,0.056983232,0.4697074576281011,0.0003,8520,0.2,0.2416015625,-0.03984454466844909
573,1748992,854,3047,-0.08942539999999992,300.0,-0.5574866375885904,0.029764361679553986,-0.14428794384002686,0.056902833,0.24532243045978247,0.0003,8530,0.2,0.24638671875,-0.04554578220413532
573,1751040,855,3050,-0.030745000000000064,300.0,-0.5536614889279008,0.022060289978981018,0.04887491464614868,0.06756081,0.16760758413001894,0.0003,8540,0.2,0.259716796875,-0.042465741535124835
574,1753088,856,3053,-0.10787265000000014,300.0,-0.5607657633721829,0.008474543690681458,0.040044963359832764,0.065359,0.1209709275746718,0.0003,8550,0.2,0.2556640625,-0.04283929997473024
574,1755136,857,3055,-0.65775806,300.0,-0.5723953813314437,0.2349776178598404,-0.011444687843322754,0.04888308,0.5612892254255712,0.0003,8560,0.2,0.241259765625,-0.04331134126405232
574,1757184,858,3058,-0.2699357700000001,300.0,-0.5803238358348608,0.04108506441116333,0.04882168769836426,0.055040784,0.3541780421976,0.0003,8570,0.2,0.233056640625,-0.04005436533188913
574,1759232,859,3060,-0.7636653,300.0,-0.5795711650513112,0.295097678899765,0.00411677360534668,0.052654557,0.7816917461343109,0.0003,8580,0.2,0.24169921875,-0.04603209565393627
574,1761280,860,3063,-0.36928995000000014,300.0,-0.5936873133294285,0.04661677032709122,-0.12087440490722656,0.05260592,0.42289409930817784,0.0003,8590,0.2,0.248681640625,-0.042933509073918685
575,1763328,861,3066,-0.50917256,300.0,-0.583472517132759,0.18462812900543213,-0.016788244247436523,0.057037607,0.5262276099063457,0.0003,8600,0.2,0.264404296875,-0.047478143556509166
574,1765376,862,3070,-0.9688471399999998,300.0,-0.5755248406901956,0.06112079322338104,0.17407679557800293,0.06148173,0.3233177206013352,0.0003,8610,0.2,0.25263671875,-0.047618675700505264
575,1767424,863,3073,-1.1140645900000001,300.0,-0.574828305374831,-0.025179937481880188,-0.07916069030761719,0.058460813,0.17716305076610298,0.0003,8620,0.2,0.254541015625,-0.04026162490190473
575,1769472,864,3076,-1.27163027,300.0,-0.5778453110717237,0.03288756310939789,0.03626549243927002,0.062428124,0.30180263305082916,0.0003,8630,0.2,0.253271484375,-0.04333110141742509
575,1771520,865,3078,-1.1914313200000004,300.0,-0.5753194629214704,0.09248780459165573,0.1321365237236023,0.06434935,0.34707084759138523,0.0003,8640,0.2,0.2544921875,-0.04573138342821039
575,1773568,866,3081,-0.9360886,300.0,-0.5620945327915251,0.022917672991752625,0.1546381115913391,0.0578379,0.2782943005207926,0.0003,8650,0.2,0.249462890625,-0.0435977913584793
575,1775616,867,3083,-0.6134672300000001,300.0,-0.5715662623755634,0.13918817043304443,0.0661308765411377,0.046714056,0.5100802174769342,0.0003,8660,0.2,0.233203125,-0.04406064170470927
576,1777664,868,3086,-0.63198844,300.0,-0.559258131403476,0.09548307955265045,0.2033405900001526,0.057521254,0.39925355510786176,0.0003,8670,0.2,0.231689453125,-0.04403953985311091
576,1779712,869,3089,-0.8781323400000001,300.0,-0.5882608283311128,0.11047899723052979,-0.015520453453063965,0.05465491,0.4147516369819641,0.0003,8680,0.2,0.24072265625,-0.04414159910666058
576,1781760,870,3092,-0.8756875300000004,300.0,-0.5735449931584299,0.19288913905620575,-0.07056605815887451,0.043521814,0.6047857443802058,0.0003,8690,0.2,0.234326171875,-0.04324544486880768
576,1783808,871,3094,-0.6313034099999999,300.0,-0.571553885191679,0.23218518495559692,0.036303699016571045,0.048615795,0.7102691143751144,0.0003,8700,0.2,0.233984375,-0.03999090440629516
576,1785856,872,3098,0.038829350000000026,300.0,-0.552852647099644,-0.007319729775190353,-0.3622938394546509,0.05915927,0.1575489681446925,0.0003,8710,0.2,0.246337890625,-0.039718799557886084
576,1787904,873,3102,0.19110356999999994,300.0,-0.5765378518030048,0.10134781152009964,-0.05904030799865723,0.062563986,0.41108333570882677,0.0003,8720,0.2,0.244189453125,-0.042817079393717
576,1789952,874,3104,0.18704326999999996,300.0,-0.5612073923461139,-0.013749934732913971,-0.06564438343048096,0.06428355,0.15336856746580452,0.0003,8730,0.2,0.2599609375,-0.045765566447516906
576,1792000,875,3107,0.5280209899999998,300.0,-0.5711355701088905,0.1837630271911621,0.0016982555389404297,0.0520759,0.5130680149421096,0.0003,8740,0.2,0.23076171875,-0.04190030579338781
576,1794048,876,3109,0.65646337,300.0,-0.5676574829034507,0.21676433086395264,-0.011869072914123535,0.045973867,0.5581374895758927,0.0003,8750,0.2,0.22958984375,-0.04177041984512471
577,1796096,877,3112,0.8178192600000002,300.0,-0.5534413325600326,0.06515943259000778,-0.10956943035125732,0.05502001,0.34005547482520343,0.0003,8760,0.2,0.2267578125,-0.0420242469306686
577,1798144,878,3114,0.9576569500000002,300.0,-0.5765915521420538,0.15852311253547668,-0.01704883575439453,0.05828031,0.3979749902617186,0.0003,8770,0.2,0.24423828125,-0.041007541315048
564,1800192,879,3188,0.8531687400000001,300.0,-0.556335642002523,0.02726561576128006,-0.18218541145324707,0.06785427,0.16099665476940572,0.0003,8780,0.2,0.25458984375,-0.04192847223457648
564,1802240,880,3191,1.03883934,300.0,-0.5673422738909721,0.002188868820667267,0.1627466082572937,0.0745146,0.1747530478052795,0.0003,8790,0.2,0.25302734375,-0.041620551177766175
564,1804288,881,3193,0.52386603,300.0,-0.5539496900513768,0.42869800329208374,0.0343548059463501,0.049693406,0.860571189597249,0.0003,8800,0.2,0.23310546875,-0.043837487007840535
565,1806336,882,3196,0.5335520900000001,300.0,-0.5840586941689253,0.09336802363395691,-0.07239711284637451,0.057396144,0.3790847434662282,0.0003,8810,0.2,0.2537109375,-0.04369916665309574
565,1808384,883,3198,0.9024530199999998,300.0,-0.5846406076103449,0.023998994380235672,0.24166351556777954,0.0591722,0.2442509861662984,0.0003,8820,0.2,0.2728515625,-0.045503836817806585
565,1810432,884,3200,0.88666832,300.0,-0.5897160201333463,0.062250688672065735,0.03010624647140503,0.04827316,0.32813070523552595,0.0003,8830,0.2,0.236474609375,-0.04402303810347803
565,1812480,885,3202,1.1499723600000002,300.0,-0.5827242357656359,0.16457127034664154,0.08654141426086426,0.056974262,0.44922263561747966,0.0003,8840,0.2,0.245361328125,-0.0419172111316584
566,1814528,886,3205,0.8446510500000001,300.0,-0.5685353511944413,0.09857635945081711,0.024342656135559082,0.057955977,0.394551137695089,0.0003,8850,0.2,0.246826171875,-0.0435768157010898
566,1816576,887,3207,0.50685381,300.0,-0.5714165399782359,0.062355056405067444,0.024783849716186523,0.05638159,0.3214746520854533,0.0003,8860,0.2,0.244873046875,-0.0432300766602566
566,1818624,888,3209,0.30438977000000006,300.0,-0.5671321888454258,0.24351340532302856,0.03567475080490112,0.04658968,0.9076526782475411,0.0003,8870,0.2,0.225439453125,-0.04332299223642622
566,1820672,889,3211,0.3484131200000001,300.0,-0.5631552667357027,0.11650869250297546,0.1300870180130005,0.06158622,0.5409148566424846,0.0003,8880,0.2,0.2478515625,-0.04467329422768671
567,1822720,890,3213,0.2759968499999999,300.0,-0.5581053083762526,0.10349566489458084,0.17314094305038452,0.069126576,0.38656692635267975,0.0003,8890,0.2,0.263037109375,-0.043430255088605915
567,1824768,891,3216,0.44970026999999996,300.0,-0.5603873430751264,0.019739903509616852,0.4146277904510498,0.06603972,0.20008332554716618,0.0003,8900,0.2,0.253466796875,-0.04438497230876237
567,1826816,892,3218,0.21639439999999988,300.0,-0.5735665171407163,0.0790446475148201,0.3133867383003235,0.055107646,0.4411027630325407,0.0003,8910,0.2,0.254150390625,-0.039447512879269196
567,1828864,893,3220,0.56522701,300.0,-0.5568649313412607,0.10764708369970322,0.3941214084625244,0.06644526,0.4898861731402576,0.0003,8920,0.2,0.252197265625,-0.0420305831998121
568,1830912,894,3222,1.16006507,300.0,-0.5351817675866186,-0.02690400928258896,0.018458247184753418,0.065681025,0.11277346664573998,0.0003,8930,0.2,0.240869140625,-0.044721003776066935
568,1832960,895,3224,0.59802258,300.0,-0.5250841167755425,-0.0009105056524276733,-0.1095813512802124,0.06135826,0.17505269395187498,0.0003,8940,0.2,0.24873046875,-0.04584756797412411
568,1835008,896,3226,0.5050706599999999,300.0,-0.563445936050266,0.15828216075897217,0.08856713771820068,0.054838344,0.5097866985946894,0.0003,8950,0.2,0.2396484375,-0.039759142255934424
568,1837056,897,3229,0.4729858799999998,300.0,-0.5457361009903252,0.18769103288650513,0.0328596830368042,0.050999396,0.6685413688421249,0.0003,8960,0.2,0.233154296875,-0.042615848846617156
569,1839104,898,3231,0.54595121,300.0,-0.5667506395839155,0.10113077610731125,0.00955289602279663,0.063415244,0.47062971577979623,0.0003,8970,0.2,0.24951171875,-0.04334852763568051
569,1841152,899,3233,0.9721096300000001,300.0,-0.5866670912131667,0.040936052799224854,0.18314003944396973,0.0616374,0.25216055745258925,0.0003,8980,0.2,0.255712890625,-0.04484822728845757
569,1843200,900,3236,0.80404155,300.0,-0.5519097109325231,0.14933006465435028,0.15405726432800293,0.056098774,0.437713134707883,0.0003,8990,0.2,0.239697265625,-0.04279958828992676
569,1845248,901,3238,0.6190031299999998,300.0,-0.5743690493516624,0.15037469565868378,0.22902774810791016,0.053075954,0.42001495058648286,0.0003,9000,0.2,0.246875,-0.03863184428773821
570,1847296,902,3240,0.7569836899999999,300.0,-0.5560973226092756,-0.0221407413482666,-0.03106379508972168,0.060251184,0.12886662267846988,0.0003,9010,0.2,0.253515625,-0.04183363543415908
570,1849344,903,3242,1.0444824699999997,300.0,-0.5702511847950518,0.08022864162921906,0.3008289933204651,0.062080953,0.26017993334680795,0.0003,9020,0.2,0.2541015625,-0.045480202719045335
570,1851392,904,3244,0.90177758,300.0,-0.558323928155005,0.020562216639518738,0.26466578245162964,0.06650084,0.23031636106316,0.0003,9030,0.2,0.250732421875,-0.03805878257553559
570,1853440,905,3246,0.42427920000000013,300.0,-0.5527238648384809,0.05626075342297554,0.29109734296798706,0.0580098,0.22274551764130593,0.0003,9040,0.2,0.2400390625,-0.0406199323333567
571,1855488,906,3249,0.13948298999999995,300.0,-0.5675237397663295,0.14483821392059326,0.263492226600647,0.05801278,0.5128459588624537,0.0003,9050,0.2,0.240380859375,-0.044637373177101834
571,1857536,907,3251,0.1480334199999998,300.0,-0.571449782513082,0.3572375178337097,0.2393898367881775,0.0432658,0.8433714557439089,0.0003,9060,0.2,0.23115234375,-0.0426662509678863
571,1859584,908,3254,-0.014546199999999985,300.0,-0.5679217837750912,0.12147800624370575,0.4310985803604126,0.05965326,0.3841477505397052,0.0003,9070,0.2,0.239453125,-0.04055117167008575
571,1861632,909,3256,-0.08297428999999998,300.0,-0.5527053765021265,0.03178923577070236,0.38594716787338257,0.061441775,0.23263007369823754,0.0003,9080,0.2,0.2578125,-0.044134015383315274
571,1863680,910,3258,-0.15491756000000023,300.0,-0.563337907101959,0.27905789017677307,0.10944324731826782,0.054804206,0.7236885607242585,0.0003,9090,0.2,0.238330078125,-0.044170232707983814
572,1865728,911,3260,-0.18724035999999994,300.0,-0.5572933157905936,0.2610534429550171,0.17174780368804932,0.052958995,0.6364727539010346,0.0003,9100,0.2,0.231103515625,-0.03999459224578459
572,1867776,912,3263,-0.7559514799999999,300.0,-0.5499906878918409,0.46009668707847595,0.21362906694412231,0.050944597,0.8800542196258903,0.0003,9110,0.2,0.21884765625,-0.0427816583411186
572,1869824,913,3265,-1.0533549500000001,300.0,-0.5785070304758847,0.344510555267334,0.2149757742881775,0.057261527,0.612982386816293,0.0003,9120,0.2,0.230615234375,-0.0408192290327861
572,1871872,914,3267,-1.4734468599999997,300.0,-0.5430027184076607,0.15963181853294373,0.16418039798736572,0.069249555,0.4419473931193352,0.0003,9130,0.2,0.256787109375,-0.0444133856712142
573,1873920,915,3269,-1.00289498,300.0,-0.5742215320467949,0.14258241653442383,0.09330224990844727,0.057919864,0.5999220484867692,0.0003,9140,0.2,0.255126953125,-0.04397455519065261
573,1875968,916,3272,-1.4525017500000001,300.0,-0.5451969435438514,0.09562714397907257,0.3473207950592041,0.0698975,0.3193818223197013,0.0003,9150,0.2,0.254931640625,-0.0452021780249197
573,1878016,917,3274,-2.1031525400000004,300.0,-0.5583151652477681,0.07557865977287292,0.19491583108901978,0.048820518,0.6877782167866826,0.0003,9160,0.2,0.23076171875,-0.0409887557674665
573,1880064,918,3276,-3.01713863,300.0,-0.558235389366746,0.20328712463378906,0.212088942527771,0.05970202,0.6391232780180871,0.0003,9170,0.2,0.24326171875,-0.041850232239812615
573,1882112,919,3279,-2.5394248600000005,300.0,-0.5599432955496013,0.27489516139030457,0.30039989948272705,0.05032727,0.7407407936640084,0.0003,9180,0.2,0.232080078125,-0.04230847790895496
574,1884160,920,3281,-1.9373414299999994,300.0,-0.5471272759139538,0.18758602440357208,0.3561919331550598,0.056626428,0.5383870578370988,0.0003,9190,0.2,0.237451171875,-0.041028016747441144
574,1886208,921,3284,-2.25813125,300.0,-0.5449386378750205,-0.008126743137836456,0.7036172747612,0.060536597,0.2529573937645182,0.0003,9200,0.2,0.26435546875,-0.04443250691110734
574,1888256,922,3286,-1.5883166999999998,300.0,-0.549132518749684,-0.0004323199391365051,0.8128757476806641,0.0733922,0.19531593446154147,0.0003,9210,0.2,0.256494140625,-0.044166710460558534
574,1890304,923,3288,-2.4187502599999995,300.0,-0.5539841447025537,0.26200202107429504,0.6031620502471924,0.06498023,0.7424075629562139,0.0003,9220,0.2,0.24892578125,-0.04314661563548725
575,1892352,924,3290,-2.1299099399999992,300.0,-0.5579102849587798,0.09429655224084854,0.7232681512832642,0.06623097,0.3959317530505359,0.0003,9230,0.2,0.26396484375,-0.04244694877124857
575,1894400,925,3293,-2.09261245,300.0,-0.5522713683545589,0.07702939957380295,0.7827657461166382,0.06918333,0.2771552288904786,0.0003,9240,0.2,0.25390625,-0.043757504608947784
575,1896448,926,3295,-1.7828084000000002,300.0,-0.5587919720448553,0.08166038990020752,0.6600354909896851,0.06095297,0.30926970350556077,0.0003,9250,0.2,0.243994140625,-0.04403159140201751
575,1898496,927,3297,-2.0754555499999996,300.0,-0.5608215034939349,0.1774422526359558,0.6887965798377991,0.055381376,0.5038530280813575,0.0003,9260,0.2,0.242138671875,-0.039690943114692345
563,1900544,928,3374,-1.9373517100000002,300.0,-0.5477336522191762,0.3192025423049927,0.26625943183898926,0.054417744,0.5684567971155048,0.0003,9270,0.2,0.231494140625,-0.04091432840214111
563,1902592,929,3377,-1.8485984899999999,300.0,-0.5389896022155881,0.12720850110054016,0.5008635520935059,0.06722558,0.3138717926573008,0.0003,9280,0.2,0.252392578125,-0.04231991237029433
563,1904640,930,3379,-1.52988102,300.0,-0.5312035751529038,0.02561762183904648,0.5922003984451294,0.059109107,0.28687986950390043,0.0003,9290,0.2,0.239013671875,-0.04122318679001182
563,1906688,931,3382,-1.2560617299999994,300.0,-0.5352946314960718,0.12964166700839996,0.5361896753311157,0.055310242,0.5787604363635183,0.0003,9300,0.2,0.2310546875,-0.03979120141157182
563,1908736,932,3384,-0.6458795699999996,300.0,-0.5509541729465127,0.08151829242706299,0.1775367259979248,0.064032674,0.35968770710751413,0.0003,9310,0.2,0.249609375,-0.04577929172955919
564,1910784,933,3386,-0.5624237099999999,300.0,-0.5508715840056538,0.18048062920570374,0.3916190266609192,0.0675095,0.4552155449055135,0.0003,9320,0.2,0.24365234375,-0.041607887964346446
564,1912832,934,3388,-0.9981126399999998,300.0,-0.546200267225504,0.06722225993871689,-0.035672545433044434,0.06302522,0.23019138555973767,0.0003,9330,0.2,0.250244140625,-0.04435688224330079
564,1914880,935,3391,-1.18375947,300.0,-0.5394232116639615,-0.01807602494955063,-0.07911098003387451,0.07335763,0.10237002198118716,0.0003,9340,0.2,0.255419921875,-0.04565204365499085
564,1916928,936,3393,-1.67005393,300.0,-0.5371874647215009,0.17818745970726013,0.03936302661895752,0.052349098,0.5366631407290697,0.0003,9350,0.2,0.2296875,-0.0423128047172213
564,1918976,937,3396,-1.57768046,300.0,-0.548840023484081,0.33604487776756287,0.06307083368301392,0.052313708,0.6983522175811231,0.0003,9360,0.2,0.218603515625,-0.04254609391791746
564,1921024,938,3400,-1.6366552800000003,300.0,-0.537894108146429,0.11251254379749298,-0.03827714920043945,0.05839111,0.4253558630589396,0.0003,9370,0.2,0.245849609375,-0.042917301690613384
565,1923072,939,3403,-1.5071235899999997,300.0,-0.517000915762037,0.011758662760257721,0.2439519166946411,0.060780466,0.24335657879710199,0.0003,9380,0.2,0.243603515625,-0.04229783371702069
565,1925120,940,3406,-1.79332177,300.0,-0.538052009884268,-0.014217045158147812,0.3017469644546509,0.07459679,0.1413524364354089,0.0003,9390,0.2,0.264306640625,-0.04393052649975289
565,1927168,941,3409,-2.09617544,300.0,-0.5425650924444199,0.09189876914024353,0.28214919567108154,0.046849754,0.37156945881433784,0.0003,9400,0.2,0.2306640625,-0.038193964571109976
565,1929216,942,3413,-1.5910449600000005,300.0,-0.5110281159169971,0.05414176359772682,0.4378378987312317,0.06636448,0.26714648557826876,0.0003,9410,0.2,0.23935546875,-0.04061498629162088
565,1931264,943,3416,-1.7816988500000002,300.0,-0.5284150166437029,0.1716136932373047,0.21064519882202148,0.06872651,0.4874046781100333,0.0003,9420,0.2,0.233056640625,-0.04456476683553774
565,1933312,944,3419,-1.87060348,300.0,-0.5332822991535068,0.11014910787343979,0.5502966642379761,0.054943345,0.3401100572198629,0.0003,9430,0.2,0.243212890625,-0.03515141911339015
565,1935360,945,3421,-1.6973216500000001,300.0,-0.5350665235891938,0.06189955025911331,0.6072882413864136,0.062754825,0.3547885592561215,0.0003,9440,0.2,0.25244140625,-0.04265362618898507
565,1937408,946,3425,-1.8549989800000004,300.0,-0.5504740959964692,0.28389492630958557,0.24760323762893677,0.04842117,0.9870099391788244,0.0003,9450,0.2,0.231884765625,-0.039388853385753465
565,1939456,947,3429,-1.76978993,300.0,-0.545086435880512,0.060531001538038254,0.3571798801422119,0.07382579,0.5440624515525997,0.0003,9460,0.2,0.254541015625,-0.03830808379861992
565,1941504,948,3431,-1.3974647500000001,300.0,-0.5439194089733064,0.04159768670797348,0.61480313539505,0.08318812,0.29394557955674827,0.0003,9470,0.2,0.2541015625,-0.04253746748727281
565,1943552,949,3434,-1.1059539800000002,300.0,-0.5570061250589788,0.2508648633956909,0.3833584785461426,0.063433945,0.7386341287754477,0.0003,9480,0.2,0.25595703125,-0.042515964957419786
565,1945600,950,3437,-0.7006906500000002,300.0,-0.552421225886792,0.10528655350208282,0.23360121250152588,0.06386941,0.4340958582237363,0.0003,9490,0.2,0.258984375,-0.04478748919209465
566,1947648,951,3440,-0.7342495499999998,300.0,-0.5405143582262099,0.006205655634403229,0.3208083510398865,0.07641076,0.27525772135704757,0.0003,9500,0.2,0.25712890625,-0.04189274714954081
566,1949696,952,3443,-0.8863561099999997,300.0,-0.5577700051479042,0.05696030706167221,0.2977876663208008,0.056718882,0.29054510095156727,0.0003,9510,0.2,0.24052734375,-0.041468789242208
566,1951744,953,3446,-0.7968192999999999,300.0,-0.547324429731816,0.10563047230243683,-0.05763506889343262,0.065167874,0.3286998371593654,0.0003,9520,0.2,0.25546875,-0.044883022777503355
566,1953792,954,3448,-0.8465963500000001,300.0,-0.5354968122206628,0.04690183699131012,0.01772373914718628,0.07044571,0.23432667842134833,0.0003,9530,0.2,0.229052734375,-0.041617690371640495
566,1955840,955,3451,-0.7996164199999999,300.0,-0.5471605318598449,0.09195386618375778,-0.05902731418609619,0.06003704,0.3340900923125446,0.0003,9540,0.2,0.23896484375,-0.043268790541333146
566,1957888,956,3453,-0.59437007,300.0,-0.5511328569613397,-0.0011426061391830444,0.10285699367523193,0.06637469,0.215888779098168,0.0003,9550,0.2,0.253173828125,-0.04591923068801407
567,1959936,957,3456,-0.9533647500000003,300.0,-0.555562233645469,0.03707730770111084,0.24899989366531372,0.055146903,0.3389748165383935,0.0003,9560,0.2,0.240771484375,-0.04106075105082709
567,1961984,958,3458,-1.0768026400000004,300.0,-0.5495519845746457,0.04596357420086861,0.29547399282455444,0.05744627,0.2716534876730293,0.0003,9570,0.2,0.24130859375,-0.044362032297067346
567,1964032,959,3461,-1.0669084199999999,300.0,-0.5580624679103494,0.11222747713327408,0.29607439041137695,0.05925619,0.4123970193322748,0.0003,9580,0.2,0.246826171875,-0.046670907801308205
567,1966080,960,3464,-1.2290353800000002,300.0,-0.5706669695675373,0.0510978102684021,0.4611683487892151,0.065906554,0.2026509745977819,0.0003,9590,0.2,0.2650390625,-0.04700036816357169
567,1968128,961,3466,-1.3165659000000005,300.0,-0.5754225296899677,0.13431116938591003,0.3144633173942566,0.056844056,0.5110072134062648,0.0003,9600,0.2,0.241748046875,-0.046272939350456
567,1970176,962,3468,-1.3203099000000003,300.0,-0.5708292487077415,0.04629145562648773,0.4433245062828064,0.06255797,0.22218365711160004,0.0003,9610,0.2,0.258251953125,-0.045660220840363766
568,1972224,963,3471,-1.64363617,300.0,-0.5714716248214244,0.03921103477478027,0.43007028102874756,0.06282436,0.31301268241368235,0.0003,9620,0.2,0.251220703125,-0.04662143441964872
568,1974272,964,3474,-1.4539983800000003,300.0,-0.5621283096261322,0.07983651012182236,0.3720558285713196,0.07075267,0.27319987760856745,0.0003,9630,0.2,0.246044921875,-0.0443619159355876
568,1976320,965,3476,-0.9150686299999999,300.0,-0.5653181420639157,0.33229875564575195,0.2900140881538391,0.04863486,0.8012438308447599,0.0003,9640,0.2,0.230615234375,-0.04048287837940734
568,1978368,966,3478,-0.5582431900000001,300.0,-0.5502146285958588,0.14989206194877625,0.32996702194213867,0.0532012,0.4731080914847553,0.0003,9650,0.2,0.24013671875,-0.04351237926166505
568,1980416,967,3481,-0.1760539400000001,300.0,-0.5635605245828629,-0.03248989209532738,0.5700124502182007,0.07844782,0.14339007223024963,0.0003,9660,0.2,0.2611328125,-0.04521265082003083
569,1982464,968,3483,0.25338030999999994,300.0,-0.5457802630960942,0.06464259326457977,0.5090780258178711,0.057405807,0.3286431826651096,0.0003,9670,0.2,0.24150390625,-0.04306024908146355
569,1984512,969,3486,0.28949946,300.0,-0.5586216705851257,0.042630430310964584,0.45854318141937256,0.063248634,0.2842860915698111,0.0003,9680,0.2,0.254296875,-0.045673425888526256
569,1986560,970,3489,0.4269809399999999,300.0,-0.5390651349909603,0.13450220227241516,0.19164615869522095,0.054269135,0.3292747895698994,0.0003,9690,0.2,0.239892578125,-0.043192155461292715
569,1988608,971,3491,0.5744984099999998,300.0,-0.5622186587192118,-0.022446241229772568,-0.22538268566131592,0.0625325,0.11522814315976575,0.0003,9700,0.2,0.24375,-0.04166190098912921
569,1990656,972,3494,0.8547381399999999,300.0,-0.5657124649733305,0.09098541736602783,-0.03227651119232178,0.057825346,0.3418625904712826,0.0003,9710,0.2,0.241796875,-0.04227684558136389
569,1992704,973,3497,0.6033631599999997,300.0,-0.5394655306823551,-0.03396104648709297,0.10132575035095215,0.06448011,0.1064164933632128,0.0003,9720,0.2,0.2458984375,-0.044205951105686835
569,1994752,974,3500,0.24400734999999998,300.0,-0.5465007988736034,0.14460702240467072,0.06440383195877075,0.059364323,0.3485254853498191,0.0003,9730,0.2,0.2333984375,-0.03788288431824185
570,1996800,975,3502,0.3831754700000002,300.0,-0.5447482821531594,0.12938742339611053,0.2886779308319092,0.05980713,0.3114764379803091,0.0003,9740,0.2,0.240478515625,-0.0428531691461103
570,1998848,976,3505,0.61171628,300.0,-0.5398196748457849,0.06429999321699142,0.2809417247772217,0.051256854,0.3068880571983755,0.0003,9750,0.2,0.237451171875,-0.04381727805302944
557,2000896,977,3586,0.8453173799999999,300.0,-0.5501766994595527,0.09164214879274368,-0.06134986877441406,0.058964707,0.31678199898451564,0.0003,9760,0.2,0.2361328125,-0.041859290897264145
