time/time_elapsed,rollout/ep_rew_mean,time/fps,rollout/ep_len_mean,rollout/exploration_rate,time/total_timesteps,time/episodes,train/loss,train/learning_rate,train/n_updates
3,0.2678935000000002,349,300.0,0.9977584905660376,1200,4,,,
3,2.11806375,621,300.0,0.9955169811320755,2400,8,,,
4,0.7171379999999999,834,300.0,0.9932754716981131,3600,12,,,
4,0.20074987500000008,1005,300.0,0.9910339622641511,4800,16,,,
5,1.8394075000000005,1153,300.0,0.9887924528301887,6000,20,,,
5,2.120929458333333,1277,300.0,0.9865509433962263,7200,24,,,
6,2.191525964285714,1383,300.0,0.9843094339622642,8400,28,,,
6,2.0308797812500003,1461,300.0,0.9820679245283018,9600,32,,,
7,2.247645861111111,1542,300.0,0.9798264150943398,10800,36,,,
7,2.402697975,1613,300.0,0.9775849056603774,12000,40,,,
7,2.3702878181818186,1674,300.0,0.9753433962264149,13200,44,,,
8,1.6368692291666667,1729,300.0,0.9731018867924529,14400,48,,,
8,1.2869578653846157,1780,300.0,0.9708603773584905,15600,52,,,
9,0.6269855714285715,1827,300.0,0.9686188679245284,16800,56,,,
9,0.6267033000000001,1870,300.0,0.966377358490566,18000,60,,,
10,0.8947317031250002,1909,300.0,0.9641358490566035,19200,64,,,
10,0.7389961029411767,1943,300.0,0.9618943396226416,20400,68,,,
10,1.043724013888889,1975,300.0,0.9596528301886791,21600,72,,,
11,0.8877302763157895,2005,300.0,0.9574113207547171,22800,76,,,
11,0.5447440625000001,2033,300.0,0.9551698113207547,24000,80,,,
12,0.37889679761904765,2059,300.0,0.9529283018867927,25200,84,,,
12,0.6055855454545455,2081,300.0,0.9506867924528303,26400,88,,,
13,0.3900216739130435,2103,300.0,0.9484452830188678,27600,92,,,
13,0.2503580208333333,2123,300.0,0.9462037735849058,28800,96,,,
13,0.26137480999999996,2142,300.0,0.9439622641509433,30000,100,,,
14,0.2510405399999998,2161,300.0,0.9417207547169814,31200,104,,,
14,0.28617220999999987,2173,300.0,0.9394792452830188,32400,108,,,
15,0.44521384,2187,300.0,0.9372377358490565,33600,112,,,
15,0.3784728400000001,2204,300.0,0.9349962264150945,34800,116,,,
16,0.057871519999999926,2213,300.0,0.932754716981132,36000,120,,,
16,0.0074453599999998584,2222,300.0,0.93051320754717,37200,124,,,
17,0.12407042999999994,2235,300.0,0.9282716981132075,38400,128,,,
17,-0.1987812600000001,2248,300.0,0.9260301886792451,39600,132,,,
18,-0.06583163000000003,2254,300.0,0.9237886792452831,40800,136,0.022999398410320282,0.0001,7
18,-0.21468324000000003,2259,300.0,0.9215471698113207,42000,140,0.02106059342622757,0.0001,19
19,-0.28917920999999996,2264,300.0,0.9193056603773587,43200,144,0.02106294594705105,0.0001,31
19,-0.05473376999999987,2271,300.0,0.9170641509433962,44400,148,0.020413612946867943,0.0001,43
20,-0.12048713999999999,2276,300.0,0.9148226415094338,45600,152,0.019716080278158188,0.0001,55
20,0.08325597999999981,2281,300.0,0.9125811320754718,46800,156,0.020278001204133034,0.0001,67
21,0.11281930999999985,2273,300.0,0.9103396226415094,48000,160,0.016936413943767548,0.0001,79
21,-0.14691642000000008,2276,300.0,0.9080981132075473,49200,164,0.016009649261832237,0.0001,91
22,0.16393136999999983,2281,300.0,0.9058566037735849,50400,168,0.015929318964481354,0.0001,103
22,-0.13545643999999998,2286,300.0,0.9036150943396225,51600,172,0.017082003876566887,0.0001,115
23,-0.20577598000000002,2288,300.0,0.9013735849056604,52800,176,0.015494903549551964,0.0001,127
23,-0.2735116700000001,2292,300.0,0.899132075471698,54000,180,0.016228795051574707,0.0001,139
24,-0.24250555000000001,2296,300.0,0.896890566037736,55200,184,0.01414489559829235,0.0001,151
24,-0.032741920000000035,2299,300.0,0.8946490566037736,56400,188,0.015226859599351883,0.0001,163
25,0.12254232,2300,300.0,0.8924075471698112,57600,192,0.013094183057546616,0.0001,175
25,0.16351148000000004,2302,300.0,0.8901660377358491,58800,196,0.013526346534490585,0.0001,187
26,0.1755309199999999,2304,300.0,0.8879245283018867,60000,200,0.012505623511970043,0.0001,199
26,0.14691512999999987,2306,300.0,0.8856830188679247,61200,204,0.011570469476282597,0.0001,211
27,0.0287872299999999,2310,300.0,0.8834415094339623,62400,208,0.009864747524261475,0.0001,223
27,-0.0026025700000001884,2311,300.0,0.8811999999999998,63600,212,0.009680643677711487,0.0001,235
28,0.07812053999999988,2313,300.0,0.8789584905660378,64800,216,0.007183912675827742,0.0001,247
28,-0.016756709999999977,2316,300.0,0.8767169811320754,66000,220,0.006600989028811455,0.0001,259
28,-0.034703970000000035,2319,300.0,0.8744754716981133,67200,224,0.009176038205623627,0.0001,271
29,0.07260731000000001,2321,300.0,0.872233962264151,68400,228,0.009244032204151154,0.0001,283
29,0.22505759000000006,2324,300.0,0.8699924528301889,69600,232,0.008929376490414143,0.0001,295
30,-0.29156815,2326,300.0,0.8677509433962265,70800,236,0.008986420929431915,0.0001,307
30,-0.46410449,2329,300.0,0.865509433962264,72000,240,0.00776804331690073,0.0001,319
31,-0.8315049199999999,2330,300.0,0.863267924528302,73200,244,0.007715184241533279,0.0001,331
31,-0.8142568999999998,2332,300.0,0.8610264150943396,74400,248,0.01022143755108118,0.0001,343
32,-0.77411861,2334,300.0,0.8587849056603771,75600,252,0.007548559922724962,0.0001,355
32,-0.71615387,2336,300.0,0.8565433962264152,76800,256,0.010783927515149117,0.0001,367
33,-0.7749999200000001,2337,300.0,0.8543018867924528,78000,260,0.0092909075319767,0.0001,379
33,-0.35070710000000005,2339,300.0,0.8520603773584907,79200,264,0.008891037665307522,0.0001,391
34,-0.73418895,2339,300.0,0.8498188679245282,80400,268,0.00830904208123684,0.0001,403
34,-0.7720222800000001,2331,300.0,0.8475773584905663,81600,272,0.0077813537791371346,0.0001,415
35,-0.47787560000000007,2330,300.0,0.8453358490566039,82800,276,0.007809679955244064,0.0001,427
36,0.30387685000000003,2328,300.0,0.8430943396226414,84000,280,0.00968437734991312,0.0001,439
36,0.30908859,2325,300.0,0.8408528301886794,85200,284,0.008876065723598003,0.0001,451
37,0.06835267000000002,2325,300.0,0.8386113207547169,86400,288,0.010957686230540276,0.0001,463
37,0.02609801000000007,2325,300.0,0.8363698113207549,87600,292,0.009481888264417648,0.0001,475
38,-0.16823354999999993,2325,300.0,0.8341283018867924,88800,296,0.00884975679218769,0.0001,487
38,-0.44022127999999994,2325,300.0,0.83188679245283,90000,300,0.008457978256046772,0.0001,499
39,-0.5354165799999998,2327,300.0,0.8296452830188681,91200,304,0.007966609671711922,0.0001,511
39,-0.62485071,2327,300.0,0.8274037735849056,92400,308,0.007615951821208,0.0001,523
40,-0.6764055199999998,2326,300.0,0.8251622641509436,93600,312,0.009085961617529392,0.0001,535
40,-0.20250666999999964,2321,300.0,0.8229207547169811,94800,316,0.007050713058561087,0.0001,547
41,-0.028874659999999882,2321,300.0,0.8206792452830187,96000,320,0.010061928071081638,0.0001,559
41,0.08704663000000014,2322,300.0,0.8184377358490567,97200,324,0.00918729230761528,0.0001,571
42,-0.0870473799999998,2321,300.0,0.8161962264150943,98400,328,0.008126330561935902,0.0001,583
42,0.3011500500000001,2323,300.0,0.8139547169811323,99600,332,0.009788919240236282,0.0001,595
92,0.28784790999999993,1093,300.0,0.8117132075471698,100800,336,0.009480629116296768,0.0001,607
92,0.51334774,1100,300.0,0.8094716981132074,102000,340,0.008406008593738079,0.0001,619
93,1.14942009,1107,300.0,0.8072301886792453,103200,344,0.007985437288880348,0.0001,631
93,1.1453354100000002,1113,300.0,0.804988679245283,104400,348,0.006010905839502811,0.0001,643
94,1.4287929300000002,1120,300.0,0.8027471698113209,105600,352,0.007570971734821796,0.0001,655
94,1.2428559199999996,1126,300.0,0.8005056603773585,106800,356,0.007652636151760817,0.0001,667
95,1.30923504,1132,300.0,0.7982641509433961,108000,360,0.009527965448796749,0.0001,679
95,0.9522383599999997,1139,300.0,0.796022641509434,109200,364,0.010477591305971146,0.0001,691
96,1.0832571500000001,1143,300.0,0.7937811320754716,110400,368,0.009812403470277786,0.0001,703
97,1.2051252,1149,300.0,0.7915396226415096,111600,372,0.008225725032389164,0.0001,715
97,1.13855516,1155,300.0,0.7892981132075472,112800,376,0.007712976075708866,0.0001,727
98,0.80589504,1161,300.0,0.7870566037735847,114000,380,0.0071975067257881165,0.0001,739
98,1.18014755,1167,300.0,0.7848150943396227,115200,384,0.006408439017832279,0.0001,751
99,1.08955543,1173,300.0,0.7825735849056603,116400,388,0.006131097674369812,0.0001,763
99,1.2732898299999997,1179,300.0,0.7803320754716982,117600,392,0.0065369452349841595,0.0001,775
100,1.75527324,1184,300.0,0.7780905660377359,118800,396,0.010466985404491425,0.0001,787
100,2.3002964899999996,1189,300.0,0.7758490566037735,120000,400,0.007761865854263306,0.0001,799
101,2.56280053,1195,300.0,0.7736075471698114,121200,404,0.0055548143573105335,0.0001,811
101,2.38266264,1200,300.0,0.7713660377358489,122400,408,0.006603089161217213,0.0001,823
102,2.59867013,1206,300.0,0.7691245283018869,123600,412,0.00740113016217947,0.0001,835
102,1.9434300999999998,1212,300.0,0.7668830188679245,124800,416,0.008315244689583778,0.0001,847
103,1.9940496100000005,1217,300.0,0.7646415094339625,126000,420,0.008427534252405167,0.0001,859
104,1.9841587300000003,1222,300.0,0.7624000000000001,127200,424,0.005194704979658127,0.0001,871
104,1.67236642,1228,300.0,0.7601584905660377,128400,428,0.007264676503837109,0.0001,883
105,1.21412535,1232,300.0,0.7579169811320756,129600,432,0.00670998077839613,0.0001,895
105,1.2265609099999997,1237,300.0,0.7556754716981131,130800,436,0.008255844004452229,0.0001,907
106,1.1151529400000002,1240,300.0,0.7534339622641508,132000,440,0.007991309277713299,0.0001,919
106,0.8248379499999998,1245,300.0,0.7511924528301888,133200,444,0.008540892973542213,0.0001,931
107,1.05984054,1249,300.0,0.7489509433962263,134400,448,0.008749719709157944,0.0001,943
108,1.1251638099999999,1253,300.0,0.7467094339622642,135600,452,0.008308712393045425,0.0001,955
108,1.5635263000000001,1258,300.0,0.7444679245283019,136800,456,0.004077334422618151,0.0001,967
109,1.08205208,1263,300.0,0.7422264150943398,138000,460,0.005233744625002146,0.0001,979
109,1.1377662499999999,1268,300.0,0.7399849056603773,139200,464,0.0076331766322255135,0.0001,991
110,1.3536243399999999,1273,300.0,0.7377433962264149,140400,468,0.009133506566286087,0.0001,1003
110,1.36355628,1277,300.0,0.735501886792453,141600,472,0.008394954726099968,0.0001,1015
111,1.59782196,1281,300.0,0.7332603773584905,142800,476,0.009712476283311844,0.0001,1027
111,1.5273063599999999,1285,300.0,0.7310188679245284,144000,480,0.009621202945709229,0.0001,1039
112,1.30842936,1290,300.0,0.7287773584905661,145200,484,0.007328159641474485,0.0001,1051
113,1.1622594199999998,1294,300.0,0.7265358490566036,146400,488,0.006319784093648195,0.0001,1063
113,1.06943777,1299,300.0,0.7242943396226416,147600,492,0.007769945077598095,0.0001,1075
114,0.6036672599999997,1303,300.0,0.7220528301886792,148800,496,0.008785109035670757,0.0001,1087
114,0.08095104000000002,1307,300.0,0.7198113207547172,150000,500,0.0065665594302117825,0.0001,1099
115,-0.16149304999999992,1311,300.0,0.7175698113207547,151200,504,0.005754968151450157,0.0001,1111
115,0.3338947599999999,1314,300.0,0.7153283018867923,152400,508,0.0046309130266308784,0.0001,1123
116,0.03203648000000001,1318,300.0,0.7130867924528304,153600,512,0.008624767884612083,0.0001,1135
117,0.20859077000000006,1322,300.0,0.7108452830188678,154800,516,0.007824293337762356,0.0001,1147
117,-0.08452123,1326,300.0,0.7086037735849058,156000,520,0.009216471575200558,0.0001,1159
118,-0.28251637999999996,1330,300.0,0.7063622641509434,157200,524,0.007882930338382721,0.0001,1171
118,0.14033306000000004,1334,300.0,0.704120754716981,158400,528,0.006917309015989304,0.0001,1183
119,0.3475764800000001,1339,300.0,0.7018792452830189,159600,532,0.005294943228363991,0.0001,1195
119,0.6112039199999999,1343,300.0,0.6996377358490565,160800,536,0.00552009604871273,0.0001,1207
120,0.7135430600000001,1347,300.0,0.6973962264150946,162000,540,0.00505449716001749,0.0001,1219
120,0.6921248600000002,1350,300.0,0.6951547169811321,163200,544,0.004139959346503019,0.0001,1231
121,0.8152724100000003,1354,300.0,0.6929132075471697,164400,548,0.01300948765128851,0.0001,1243
121,0.6642354900000004,1358,300.0,0.6906716981132076,165600,552,0.00550523167476058,0.0001,1255
122,0.4305815899999999,1362,300.0,0.6884301886792452,166800,556,0.006110122427344322,0.0001,1267
122,1.1218784099999999,1366,300.0,0.6861886792452832,168000,560,0.005964257754385471,0.0001,1279
123,0.7485279099999996,1370,300.0,0.6839471698113208,169200,564,0.005408445373177528,0.0001,1291
123,0.6827629999999997,1374,300.0,0.6817056603773588,170400,568,0.005662549287080765,0.0001,1303
124,0.9239505500000003,1377,300.0,0.6794641509433963,171600,572,0.005786450579762459,0.0001,1315
125,0.43486948000000014,1381,300.0,0.6772226415094338,172800,576,0.008194788359105587,0.0001,1327
125,0.27431412000000005,1384,300.0,0.6749811320754718,174000,580,0.006950316950678825,0.0001,1339
126,-0.05307546999999992,1386,300.0,0.6727396226415094,175200,584,0.01088434737175703,0.0001,1351
126,0.25896833,1389,300.0,0.6704981132075469,176400,588,0.005432666279375553,0.0001,1363
127,0.18350462999999995,1392,300.0,0.668256603773585,177600,592,0.00656847283244133,0.0001,1375
128,0.39297409,1395,300.0,0.6660150943396226,178800,596,0.0074622598476707935,0.0001,1387
128,0.8341134400000001,1399,300.0,0.6637735849056605,180000,600,0.009444301947951317,0.0001,1399
129,0.7635504300000001,1403,300.0,0.661532075471698,181200,604,0.00701414467766881,0.0001,1411
129,0.2529457599999998,1406,300.0,0.6592905660377361,182400,608,0.01129487156867981,0.0001,1423
130,0.35485698999999987,1409,300.0,0.6570490566037737,183600,612,0.004472598899155855,0.0001,1435
130,0.57614231,1413,300.0,0.6548075471698112,184800,616,0.010448973625898361,0.0001,1447
131,1.0141977199999999,1415,300.0,0.6525660377358492,186000,620,0.006658084690570831,0.0001,1459
131,0.9107568399999998,1419,300.0,0.6503245283018868,187200,624,0.00873885490000248,0.0001,1471
132,0.61147383,1422,300.0,0.6480830188679243,188400,628,0.008117699064314365,0.0001,1483
132,0.65972085,1425,300.0,0.6458415094339622,189600,632,0.007397138979285955,0.0001,1495
133,0.77208011,1428,300.0,0.6435999999999998,190800,636,0.010298040695488453,0.0001,1507
134,0.5546003099999998,1431,300.0,0.6413584905660379,192000,640,0.009122255258262157,0.0001,1519
134,0.23373042999999982,1434,300.0,0.6391169811320754,193200,644,0.007342275232076645,0.0001,1531
135,0.14616669999999987,1437,300.0,0.6368754716981134,194400,648,0.008897683583199978,0.0001,1543
135,0.45909334,1440,300.0,0.634633962264151,195600,652,0.01013937033712864,0.0001,1555
136,0.52467725,1443,300.0,0.6323924528301885,196800,656,0.008540581911802292,0.0001,1567
137,0.10583611000000002,1444,300.0,0.6301509433962265,198000,660,0.010069598443806171,0.0001,1579
137,0.5713997,1447,300.0,0.6279094339622641,199200,664,0.007022679317742586,0.0001,1591
188,0.2766569099999999,1064,300.0,0.6256679245283021,200400,668,0.011499818414449692,0.0001,1603
188,-0.33258318999999986,1067,300.0,0.6234264150943396,201600,672,0.006199382711201906,0.0001,1615
189,-0.09984870999999995,1070,300.0,0.6211849056603772,202800,676,0.011034686118364334,0.0001,1627
190,-0.12279802000000001,1073,300.0,0.6189433962264153,204000,680,0.008668599650263786,0.0001,1639
190,0.12997928000000006,1076,300.0,0.6167018867924527,205200,684,0.007558329962193966,0.0001,1651
191,-0.3255406399999999,1079,300.0,0.6144603773584907,206400,688,0.007349350955337286,0.0001,1663
191,-0.2898926199999999,1082,300.0,0.6122188679245283,207600,692,0.014467633329331875,0.0001,1675
192,-0.5888453399999999,1085,300.0,0.6099773584905659,208800,696,0.006792658939957619,0.0001,1687
193,-0.6505896099999999,1088,300.0,0.6077358490566038,210000,700,0.00525955855846405,0.0001,1699
193,-0.42355484000000004,1090,300.0,0.6054943396226414,211200,704,0.012147086672484875,0.0001,1711
194,-0.1757752300000001,1093,300.0,0.6032528301886795,212400,708,0.013196118175983429,0.0001,1723
194,-0.22521185000000002,1095,300.0,0.601011320754717,213600,712,0.00789355207234621,0.0001,1735
195,-0.25805962,1098,300.0,0.5987698113207549,214800,716,0.005653684958815575,0.0001,1747
196,-0.6394632600000001,1100,300.0,0.5965283018867925,216000,720,0.0074804374016821384,0.0001,1759
197,-0.6357272500000002,1101,300.0,0.5942867924528301,217200,724,0.0070818704552948475,0.0001,1771
197,-0.8497113200000003,1104,300.0,0.592045283018868,218400,728,0.006867017596960068,0.0001,1783
198,-0.9457149900000004,1106,300.0,0.5898037735849057,219600,732,0.009901994839310646,0.0001,1795
199,-0.9716686700000001,1109,300.0,0.5875622641509433,220800,736,0.010175234638154507,0.0001,1807
199,-1.08186579,1111,300.0,0.5853207547169812,222000,740,0.0096130995079875,0.0001,1819
200,-0.6220730200000001,1114,300.0,0.5830792452830188,223200,744,0.009900749661028385,0.0001,1831
200,-0.9729988699999998,1117,300.0,0.5808377358490567,224400,748,0.006104400847107172,0.0001,1843
201,-1.61653666,1119,300.0,0.5785962264150943,225600,752,0.00622880645096302,0.0001,1855
202,-1.4992041799999998,1122,300.0,0.5763547169811323,226800,756,0.007211669813841581,0.0001,1867
202,-1.4292141699999998,1125,300.0,0.5741132075471699,228000,760,0.009523754939436913,0.0001,1879
203,-1.8575187400000004,1127,300.0,0.5718716981132075,229200,764,0.009857140481472015,0.0001,1891
203,-1.66374728,1130,300.0,0.5696301886792454,230400,768,0.00787623692303896,0.0001,1903
204,-1.4045871499999998,1133,300.0,0.567388679245283,231600,772,0.013540087267756462,0.0001,1915
204,-1.3990371099999999,1135,300.0,0.5651471698113206,232800,776,0.014941032975912094,0.0001,1927
205,-1.57115842,1138,300.0,0.5629056603773586,234000,780,0.008445057086646557,0.0001,1939
206,-1.34757246,1141,300.0,0.5606641509433961,235200,784,0.007840486243367195,0.0001,1951
206,-0.94027487,1143,300.0,0.5584226415094341,236400,788,0.008579080924391747,0.0001,1963
207,-0.9401633699999999,1146,300.0,0.5561811320754717,237600,792,0.009503237903118134,0.0001,1975
207,-0.7446713299999997,1149,300.0,0.5539396226415096,238800,796,0.007861493155360222,0.0001,1987
208,-0.6673675399999998,1151,300.0,0.5516981132075472,240000,800,0.010543112643063068,0.0001,1999
208,-0.6933818299999998,1154,300.0,0.5494566037735849,241200,804,0.006845453754067421,0.0001,2011
209,-0.4976505499999999,1156,300.0,0.5472150943396228,242400,808,0.012964135967195034,0.0001,2023
210,-0.34850216,1159,300.0,0.5449735849056603,243600,812,0.005518840625882149,0.0001,2035
210,-0.40164233999999993,1162,300.0,0.5427320754716983,244800,816,0.013129346072673798,0.0001,2047
211,-0.28075421999999983,1164,300.0,0.5404905660377359,246000,820,0.01016970258206129,0.0001,2059
211,-0.41727517999999997,1167,300.0,0.5382490566037734,247200,824,0.012522583827376366,0.0001,2071
212,-0.06735149000000003,1169,300.0,0.5360075471698115,248400,828,0.011436170898377895,0.0001,2083
212,-0.04340630999999999,1172,300.0,0.5337660377358491,249600,832,0.012204059399664402,0.0001,2095
213,-0.04356678999999997,1175,300.0,0.531524528301887,250800,836,0.01614418253302574,0.0001,2107
213,-0.0399234399999999,1177,300.0,0.5292830188679245,252000,840,0.010380731895565987,0.0001,2119
214,-0.17997716999999988,1180,300.0,0.527041509433962,253200,844,0.011061383411288261,0.0001,2131
215,-0.07339888999999993,1182,300.0,0.5248000000000002,254400,848,0.00881115160882473,0.0001,2143
215,0.49112433999999977,1184,300.0,0.5225584905660376,255600,852,0.010221332311630249,0.0001,2155
216,0.17931834999999993,1186,300.0,0.5203169811320757,256800,856,0.008892010897397995,0.0001,2167
217,0.46194154,1188,300.0,0.5180754716981133,258000,860,0.006500772200524807,0.0001,2179
217,0.62801458,1190,300.0,0.5158339622641512,259200,864,0.01214089896529913,0.0001,2191
218,0.5935630100000001,1193,300.0,0.5135924528301887,260400,868,0.009410731494426727,0.0001,2203
218,0.8191245000000003,1195,300.0,0.5113509433962263,261600,872,0.009265844710171223,0.0001,2215
219,0.71536968,1197,300.0,0.5091094339622644,262800,876,0.010362805798649788,0.0001,2227
219,1.03985165,1200,300.0,0.5068679245283019,264000,880,0.0066125718876719475,0.0001,2239
220,0.66765629,1202,300.0,0.5046264150943394,265200,884,0.016996731981635094,0.0001,2251
221,0.2615212200000001,1204,300.0,0.5023849056603774,266400,888,0.010388258844614029,0.0001,2263
221,0.22128110000000017,1206,300.0,0.500143396226415,267600,892,0.012820864096283913,0.0001,2275
222,0.3666857600000001,1208,300.0,0.49790188679245306,268800,896,0.007058694027364254,0.0001,2287
223,0.7238165000000001,1210,300.0,0.49566037735849056,270000,900,0.006817354820668697,0.0001,2299
223,0.7416184699999999,1212,300.0,0.4934188679245285,271200,904,0.009208842180669308,0.0001,2311
224,0.36838153999999995,1214,300.0,0.4911773584905661,272400,908,0.007422992959618568,0.0001,2323
224,0.5310184799999998,1216,300.0,0.4889358490566037,273600,912,0.007154305465519428,0.0001,2335
225,0.34388423999999973,1218,300.0,0.48669433962264175,274800,916,0.009115772321820259,0.0001,2347
226,0.1618709399999998,1220,300.0,0.48445283018867924,276000,920,0.01338071096688509,0.0001,2359
226,0.34839789,1222,300.0,0.48221132075471673,277200,924,0.012136375531554222,0.0001,2371
227,0.29469323,1224,300.0,0.4799698113207548,278400,928,0.006661101710051298,0.0001,2383
228,0.1604315599999999,1225,300.0,0.4777283018867924,279600,932,0.014317797496914864,0.0001,2395
228,0.14357257999999987,1227,300.0,0.4754867924528303,280800,936,0.00802074745297432,0.0001,2407
229,0.25477429999999984,1229,300.0,0.4732452830188679,282000,940,0.007958381436765194,0.0001,2419
229,0.4126404499999998,1231,300.0,0.47100377358490586,283200,944,0.011593799106776714,0.0001,2431
230,0.3135020999999999,1233,300.0,0.46876226415094346,284400,948,0.01527328509837389,0.0001,2443
231,-0.0009523199999999288,1235,300.0,0.46652075471698107,285600,952,0.009489061310887337,0.0001,2455
231,0.19065802000000015,1237,300.0,0.464279245283019,286800,956,0.008547430858016014,0.0001,2467
232,-0.19142274999999984,1239,300.0,0.4620377358490566,288000,960,0.011342481710016727,0.0001,2479
232,0.02273242000000012,1242,300.0,0.4597962264150941,289200,964,0.010090190917253494,0.0001,2491
233,0.3254926300000001,1244,300.0,0.45755471698113215,290400,968,0.015655914321541786,0.0001,2503
234,0.027462720000000072,1246,300.0,0.45531320754716975,291600,972,0.010298202745616436,0.0001,2515
234,0.11494653999999996,1248,300.0,0.4530716981132077,292800,976,0.0071264938451349735,0.0001,2527
235,0.05528451999999989,1249,300.0,0.4508301886792452,294000,980,0.014968108385801315,0.0001,2539
235,0.07984078999999997,1251,300.0,0.44858867924528323,295200,984,0.01040357630699873,0.0001,2551
236,0.05931811000000001,1253,300.0,0.44634716981132083,296400,988,0.010744249448180199,0.0001,2563
237,0.21954857000000025,1255,300.0,0.4441056603773583,297600,992,0.010832848958671093,0.0001,2575
237,0.43056788000000024,1257,300.0,0.44186415094339637,298800,996,0.008913472294807434,0.0001,2587
288,-0.14471610999999973,1039,300.0,0.43962264150943386,300000,1000,0.012193450704216957,0.0001,2599
289,0.04401990000000027,1041,300.0,0.43738113207547147,301200,1004,0.007882699370384216,0.0001,2611
289,-0.03473828999999998,1043,300.0,0.4351396226415095,302400,1008,0.014205907471477985,0.0001,2623
290,-0.33382125,1045,300.0,0.43289811320754745,303600,1012,0.006755058187991381,0.0001,2635
291,-0.2931871999999999,1047,300.0,0.43065660377358506,304800,1016,0.008146777749061584,0.0001,2647
291,-0.15932719999999992,1049,300.0,0.42841509433962255,306000,1020,0.005402608774602413,0.0001,2659
292,-0.13572684000000004,1051,300.0,0.4261735849056606,307200,1024,0.0071898032911121845,0.0001,2671
292,0.10738853000000007,1053,300.0,0.4239320754716981,308400,1028,0.010705932974815369,0.0001,2683
293,0.6403004600000002,1054,300.0,0.4216905660377357,309600,1032,0.013665957376360893,0.0001,2695
294,0.29269817,1056,300.0,0.41944905660377363,310800,1036,0.011242606677114964,0.0001,2707
294,0.62483255,1058,300.0,0.41720754716981123,312000,1040,0.007954826578497887,0.0001,2719
295,0.6956181700000001,1060,300.0,0.4149660377358493,313200,1044,0.007651519495993853,0.0001,2731
295,0.93824494,1062,300.0,0.4127245283018868,314400,1048,0.013991830870509148,0.0001,2743
296,0.74436468,1064,300.0,0.4104830188679248,315600,1052,0.01285905297845602,0.0001,2755
297,0.40301996999999984,1066,300.0,0.4082415094339623,316800,1056,0.008909380063414574,0.0001,2767
297,0.8330916899999999,1068,300.0,0.4059999999999999,318000,1060,0.006820102222263813,0.0001,2779
298,0.6427529200000001,1070,300.0,0.40375849056603796,319200,1064,0.013274804688990116,0.0001,2791
298,0.44339451000000013,1071,300.0,0.40151698113207546,320400,1068,0.015198580920696259,0.0001,2803
299,0.6627440100000002,1073,300.0,0.39927547169811306,321600,1072,0.0065038856118917465,0.0001,2815
300,0.5941137000000001,1075,300.0,0.397033962264151,322800,1076,0.00822712667286396,0.0001,2827
300,0.36927379999999993,1077,300.0,0.3947924528301886,324000,1080,0.010538113303482533,0.0001,2839
301,0.4021644899999998,1079,300.0,0.39255094339622654,325200,1084,0.008057513274252415,0.0001,2851
301,0.6157832,1081,300.0,0.39030943396226414,326400,1088,0.014792344532907009,0.0001,2863
302,0.20988447000000005,1083,300.0,0.3880679245283021,327600,1092,0.008862266317009926,0.0001,2875
303,-0.08930496000000002,1084,300.0,0.3858264150943397,328800,1096,0.006407617125660181,0.0001,2887
303,-0.12494475000000005,1086,300.0,0.3835849056603773,330000,1100,0.013059752061963081,0.0001,2899
304,0.0001285399999999015,1088,300.0,0.3813433962264152,331200,1104,0.006414267234504223,0.0001,2911
304,0.1762437399999999,1090,300.0,0.3791018867924528,332400,1108,0.007718957960605621,0.0001,2923
305,0.22919614999999985,1092,300.0,0.37686037735849043,333600,1112,0.013121230527758598,0.0001,2935
306,0.4721045999999998,1093,300.0,0.37461886792452836,334800,1116,0.009219384752213955,0.0001,2947
306,0.37565347000000004,1095,300.0,0.37237735849056597,336000,1120,0.011286069639027119,0.0001,2959
307,0.59240921,1097,300.0,0.3701358490566039,337200,1124,0.009957604110240936,0.0001,2971
308,0.16764416999999987,1098,300.0,0.3678943396226415,338400,1128,0.01766180619597435,0.0001,2983
308,-0.18544031999999994,1100,300.0,0.36565283018867945,339600,1132,0.006296325474977493,0.0001,2995
309,-0.08459301999999988,1102,300.0,0.36341132075471705,340800,1136,0.006441105157136917,0.0001,3007
309,-0.17316882000000017,1103,300.0,0.36116981132075454,342000,1140,0.012878965586423874,0.0001,3019
310,-0.34292914000000024,1105,300.0,0.3589283018867926,343200,1144,0.00931363645941019,0.0001,3031
311,-0.3717303700000002,1107,300.0,0.3566867924528302,344400,1148,0.009418178349733353,0.0001,3043
311,0.04639772999999954,1109,300.0,0.3544452830188677,345600,1152,0.010562561452388763,0.0001,3055
312,0.7276384599999995,1110,300.0,0.35220377358490573,346800,1156,0.010452847927808762,0.0001,3067
312,0.44748092999999983,1112,300.0,0.34996226415094367,348000,1160,0.009435134939849377,0.0001,3079
313,0.6507719699999999,1114,300.0,0.3477207547169813,349200,1164,0.009595424868166447,0.0001,3091
313,0.3507595199999999,1115,300.0,0.3454792452830189,350400,1168,0.009056765586137772,0.0001,3103
314,0.08997600999999993,1117,300.0,0.3432377358490568,351600,1172,0.01222135964781046,0.0001,3115
315,0.2471970300000001,1118,300.0,0.3409962264150943,352800,1176,0.014722836203873158,0.0001,3127
315,0.73570878,1120,300.0,0.3387547169811319,354000,1180,0.011761395260691643,0.0001,3139
316,1.06819139,1121,300.0,0.33651320754716996,355200,1184,0.010759402066469193,0.0001,3151
317,1.40995261,1123,300.0,0.33427169811320756,356400,1188,0.012235036119818687,0.0001,3163
317,1.8501625600000002,1124,300.0,0.3320301886792455,357600,1192,0.007511740084737539,0.0001,3175
318,2.14451884,1126,300.0,0.329788679245283,358800,1196,0.006542995572090149,0.0001,3187
319,2.1909155,1127,300.0,0.32754716981132104,360000,1200,0.0104291383177042,0.0001,3199
319,1.51808695,1129,300.0,0.32530566037735864,361200,1204,0.0047956607304513454,0.0001,3211
320,1.6526730900000002,1131,300.0,0.32306415094339613,362400,1208,0.011236201971769333,0.0001,3223
321,1.56874628,1132,300.0,0.3208226415094342,363600,1212,0.009083688259124756,0.0001,3235
321,1.28113678,1133,300.0,0.3185811320754717,364800,1216,0.010989921167492867,0.0001,3247
322,1.4483925399999997,1135,300.0,0.3163396226415093,366000,1220,0.008832916617393494,0.0001,3259
322,1.46675186,1137,300.0,0.3140981132075473,367200,1224,0.00960211455821991,0.0001,3271
323,1.2515236299999999,1138,300.0,0.3118566037735848,368400,1228,0.010618261992931366,0.0001,3283
324,0.93263971,1139,300.0,0.30961509433962275,369600,1232,0.012634423561394215,0.0001,3295
324,1.15364448,1141,300.0,0.30737358490566036,370800,1236,0.008244335651397705,0.0001,3307
325,1.0606326,1142,300.0,0.3051320754716984,372000,1240,0.010933265089988708,0.0001,3319
326,1.5374298199999998,1144,300.0,0.302890566037736,373200,1244,0.010132706724107265,0.0001,3331
326,1.44608999,1146,300.0,0.3006490566037735,374400,1248,0.010681560263037682,0.0001,3343
327,1.3311841799999997,1147,300.0,0.29840754716981144,375600,1252,0.008524409495294094,0.0001,3355
327,0.93606007,1149,300.0,0.29616603773584904,376800,1256,0.014073150232434273,0.0001,3367
328,0.7902124400000001,1150,300.0,0.29392452830188665,378000,1260,0.014019395224750042,0.0001,3379
329,0.87342894,1152,300.0,0.2916830188679246,379200,1264,0.008029480464756489,0.0001,3391
329,1.03852517,1153,300.0,0.2894415094339622,380400,1268,0.008991519920527935,0.0001,3403
330,1.62522228,1155,300.0,0.2872000000000001,381600,1272,0.008378274738788605,0.0001,3415
330,1.4048491900000002,1156,300.0,0.2849584905660377,382800,1276,0.0095626600086689,0.0001,3427
331,1.1636023799999997,1158,300.0,0.2827169811320758,384000,1280,0.006995625793933868,0.0001,3439
332,0.8848481300000002,1159,300.0,0.28047547169811327,385200,1284,0.0096691669896245,0.0001,3451
332,0.32854865000000005,1161,300.0,0.27823396226415076,386400,1288,0.00623070914298296,0.0001,3463
333,0.38328055000000005,1162,300.0,0.2759924528301888,387600,1292,0.014648323878645897,0.0001,3475
333,0.5842389400000001,1164,300.0,0.2737509433962264,388800,1296,0.012119032442569733,0.0001,3487
334,0.60336476,1165,300.0,0.271509433962264,390000,1300,0.005623717792332172,0.0001,3499
335,1.05805216,1167,300.0,0.26926792452830195,391200,1304,0.009335476905107498,0.0001,3511
335,1.0864006999999998,1168,300.0,0.26702641509433944,392400,1308,0.009017151780426502,0.0001,3523
336,0.92062004,1169,300.0,0.2647849056603775,393600,1312,0.013025178574025631,0.0001,3535
337,0.6150014400000002,1171,300.0,0.2625433962264151,394800,1316,0.013264616951346397,0.0001,3547
337,0.5982450699999997,1172,300.0,0.26030188679245303,396000,1320,0.007102680392563343,0.0001,3559
338,0.7479165199999999,1173,300.0,0.25806037735849063,397200,1324,0.011267218738794327,0.0001,3571
339,0.9347644100000001,1175,300.0,0.2558188679245281,398400,1328,0.0149526447057724,0.0001,3583
339,1.2625645300000004,1176,300.0,0.2535773584905662,399600,1332,0.013651025481522083,0.0001,3595
391,1.02458903,1024,300.0,0.2513358490566038,400800,1336,0.014502637088298798,0.0001,3607
391,1.36689271,1025,300.0,0.24909433962264138,402000,1340,0.003913222346454859,0.0001,3619
392,0.7825200599999999,1027,300.0,0.2468528301886792,403200,1344,0.007396893575787544,0.0001,3631
393,0.6157221800000001,1028,300.0,0.24461132075471725,404400,1348,0.012611234560608864,0.0001,3643
393,0.19089932000000012,1030,300.0,0.24236981132075486,405600,1352,0.007139725610613823,0.0001,3655
394,0.57535402,1031,300.0,0.24012830188679246,406800,1356,0.010805230587720871,0.0001,3667
394,0.6381444000000001,1032,300.0,0.2378867924528304,408000,1360,0.012019065208733082,0.0001,3679
395,0.6744593300000001,1034,300.0,0.2356452830188679,409200,1364,0.011388391256332397,0.0001,3691
396,0.5035615400000001,1035,300.0,0.2334037735849055,410400,1368,0.009008007124066353,0.0001,3703
396,0.30661294999999994,1036,300.0,0.23116226415094354,411600,1372,0.01044855173677206,0.0001,3715
397,0.2896931200000003,1038,300.0,0.22892075471698115,412800,1376,0.007901147939264774,0.0001,3727
398,0.36853880000000044,1039,300.0,0.22667924528301897,414000,1380,0.013228652067482471,0.0001,3739
398,0.37579075000000034,1041,300.0,0.22443773584905657,415200,1384,0.01242329366505146,0.0001,3751
399,0.2955886100000001,1042,300.0,0.22219622641509462,416400,1388,0.008830549195408821,0.0001,3763
400,0.21953957,1043,300.0,0.21995471698113223,417600,1392,0.009000605903565884,0.0001,3775
400,-0.3146764899999999,1044,300.0,0.21771320754716983,418800,1396,0.008007842116057873,0.0001,3787
401,-0.43166334999999995,1046,300.0,0.21547169811320765,420000,1400,0.008986501023173332,0.0001,3799
402,-0.6380142300000001,1047,300.0,0.21323018867924526,421200,1404,0.009213135577738285,0.0001,3811
402,-0.7431060600000002,1048,300.0,0.21098867924528286,422400,1408,0.00956662930548191,0.0001,3823
403,-0.6165264400000001,1050,300.0,0.2087471698113209,423600,1412,0.009073917753994465,0.0001,3835
403,-0.045720100000000326,1051,300.0,0.2065056603773585,424800,1416,0.01112840324640274,0.0001,3847
404,-0.04163588000000019,1052,300.0,0.20426415094339634,426000,1420,0.006070596631616354,0.0001,3859
405,-0.45722545000000003,1054,300.0,0.20202264150943394,427200,1424,0.009455512277781963,0.0001,3871
405,-0.37475312000000016,1055,300.0,0.199781132075472,428400,1428,0.01222892478108406,0.0001,3883
406,-0.45976115000000023,1056,300.0,0.1975396226415096,429600,1432,0.009413627907633781,0.0001,3895
407,0.10130376999999995,1057,300.0,0.19529811320754709,430800,1436,0.009671717882156372,0.0001,3907
408,-0.32137631999999994,1058,300.0,0.19305660377358502,432000,1440,0.010591736063361168,0.0001,3919
408,-0.45889703000000004,1059,300.0,0.19081509433962263,433200,1444,0.0069154780358076096,0.0001,3931
409,-0.52298173,1060,300.0,0.18857358490566023,434400,1448,0.010459113866090775,0.0001,3943
410,-0.38683789000000013,1062,300.0,0.18633207547169828,435600,1452,0.012290667742490768,0.0001,3955
410,-0.8869013600000001,1063,300.0,0.18409056603773566,436800,1456,0.009644578211009502,0.0001,3967
411,-0.87835809,1064,300.0,0.1818490566037737,438000,1460,0.010349203832447529,0.0001,3979
412,-1.0859693899999998,1065,300.0,0.1796075471698113,439200,1464,0.007964244112372398,0.0001,3991
412,-0.8070156,1067,300.0,0.17736603773584936,440400,1468,0.010086273774504662,0.0001,4003
413,-0.66714721,1068,300.0,0.17512452830188696,441600,1472,0.00777299702167511,0.0001,4015
413,-0.3675656599999999,1069,300.0,0.17288301886792434,442800,1476,0.007085620891302824,0.0001,4027
414,-0.5422231799999999,1071,300.0,0.1706415094339624,444000,1480,0.005625523626804352,0.0001,4039
415,-0.5654106300000001,1072,300.0,0.1684,445200,1484,0.011440154165029526,0.0001,4051
415,-0.5975864300000001,1073,300.0,0.1661584905660376,446400,1488,0.006919701583683491,0.0001,4063
416,-1.11969941,1074,300.0,0.16391698113207553,447600,1492,0.008861626498401165,0.0001,4075
417,-0.8265442199999998,1075,300.0,0.16167547169811347,448800,1496,0.005181733053177595,0.0001,4087
417,-0.8756205200000001,1076,300.0,0.15943396226415107,450000,1500,0.012980813160538673,0.0001,4099
418,-0.7698768500000002,1077,300.0,0.15719245283018868,451200,1504,0.01261978130787611,0.0001,4111
419,-0.64779985,1079,300.0,0.15495094339622673,452400,1508,0.006302895024418831,0.0001,4123
419,-0.41696762,1080,300.0,0.1527094339622641,453600,1512,0.01059016678482294,0.0001,4135
420,-0.5891075600000001,1081,300.0,0.1504679245283017,454800,1516,0.014372622594237328,0.0001,4147
421,-0.2894952200000001,1082,300.0,0.14822641509433976,456000,1520,0.013110358268022537,0.0001,4159
421,-0.35226907000000013,1084,300.0,0.14598490566037736,457200,1524,0.0040558697655797005,0.0001,4171
422,-0.41299219,1085,300.0,0.1437433962264153,458400,1528,0.005095237400382757,0.0001,4183
423,-0.3379588799999999,1086,300.0,0.1415018867924528,459600,1532,0.011641795746982098,0.0001,4195
423,-0.7272755200000003,1087,300.0,0.13926037735849084,460800,1536,0.011367457918822765,0.0001,4207
424,-0.8901645000000005,1088,300.0,0.13701886792452844,462000,1540,0.0073141069151461124,0.0001,4219
424,-0.8961843900000003,1089,300.0,0.13477735849056605,463200,1544,0.005932260304689407,0.0001,4231
425,-0.6202047,1091,300.0,0.13253584905660387,464400,1548,0.010021369904279709,0.0001,4243
426,-0.37077665999999965,1092,300.0,0.13029433962264148,465600,1552,0.00856397207826376,0.0001,4255
426,-0.3036689399999997,1093,300.0,0.12805283018867908,466800,1556,0.01431068405508995,0.0001,4267
427,-0.10839869999999983,1094,300.0,0.12581132075471713,468000,1560,0.011276195757091045,0.0001,4279
428,-0.27305913,1095,300.0,0.12356981132075473,469200,1564,0.006865369156002998,0.0001,4291
429,-0.2812881500000002,1096,300.0,0.12132830188679256,470400,1568,0.00884554535150528,0.0001,4303
429,-0.41865841000000004,1097,300.0,0.11908679245283016,471600,1572,0.011950407177209854,0.0001,4315
430,-0.5304438,1098,300.0,0.1168452830188682,472800,1576,0.008743612095713615,0.0001,4327
430,-0.10513113999999996,1099,300.0,0.11460377358490581,474000,1580,0.009191992692649364,0.0001,4339
431,-0.07352918000000003,1101,300.0,0.1123622641509433,475200,1584,0.00748103205114603,0.0001,4351
432,-0.09115648,1102,300.0,0.11012075471698124,476400,1588,0.009453218430280685,0.0001,4363
432,0.32737274000000005,1103,300.0,0.10787924528301884,477600,1592,0.007389034144580364,0.0001,4375
433,0.04893657000000008,1104,300.0,0.10563773584905645,478800,1596,0.010690255090594292,0.0001,4387
434,0.33913178,1105,300.0,0.1033962264150945,480000,1600,0.0068427799269557,0.0001,4399
434,0.51373767,1106,300.0,0.10115471698113199,481200,1604,0.006312254816293716,0.0001,4411
435,0.28220507,1107,300.0,0.09891320754716992,482400,1608,0.009528807364404202,0.0001,4423
436,-0.07122066000000003,1108,300.0,0.09667169811320753,483600,1612,0.009133532643318176,0.0001,4435
436,-0.15976947,1109,300.0,0.09443018867924557,484800,1616,0.005610951222479343,0.0001,4447
437,-0.33282443,1110,300.0,0.09218867924528318,486000,1620,0.009263179264962673,0.0001,4459
438,-0.11320029000000006,1111,300.0,0.08994716981132067,487200,1624,0.00541964266449213,0.0001,4471
438,0.15772587999999993,1112,300.0,0.08770566037735861,488400,1628,0.010488329455256462,0.0001,4483
439,0.24040363999999997,1113,300.0,0.08546415094339621,489600,1632,0.010512840002775192,0.0001,4495
440,0.52517715,1115,300.0,0.08322264150943381,490800,1636,0.009465469978749752,0.0001,4507
440,0.4224204300000002,1116,300.0,0.08098113207547175,492000,1640,0.010728256776928902,0.0001,4519
441,0.8023372200000002,1117,300.0,0.07873962264150935,493200,1644,0.008887426927685738,0.0001,4531
442,0.8741733000000003,1118,300.0,0.07649811320754729,494400,1648,0.008178949356079102,0.0001,4543
442,0.95017022,1119,300.0,0.0742566037735849,495600,1652,0.0088417436927557,0.0001,4555
443,1.2043692499999998,1120,300.0,0.07201509433962294,496800,1656,0.010943024419248104,0.0001,4567
444,1.2842579699999999,1121,300.0,0.06977358490566044,498000,1660,0.011940228752791882,0.0001,4579
444,0.9428720700000001,1122,300.0,0.06753207547169804,499200,1664,0.009187750518321991,0.0001,4591
496,0.98684277,1007,300.0,0.06529056603773598,500400,1668,0.006536868400871754,0.0001,4603
497,0.72197857,1008,300.0,0.06304905660377358,501600,1672,0.009139902889728546,0.0001,4615
498,0.8076624499999998,1009,300.0,0.06080754716981118,502800,1676,0.013305878266692162,0.0001,4627
498,0.4747403299999998,1010,300.0,0.05856603773584912,504000,1680,0.006857764907181263,0.0001,4639
499,0.7446242599999999,1011,300.0,0.05632452830188717,505200,1684,0.010686632245779037,0.0001,4651
500,1.4341101099999995,1012,300.0,0.05408301886792455,506400,1688,0.005126052536070347,0.0001,4663
500,1.3699979099999995,1013,300.0,0.05184150943396215,507600,1692,0.006666100118309259,0.0001,4675
501,1.25502467,1014,300.0,0.0496000000000002,508800,1696,0.0066504692658782005,0.0001,4687
502,0.8957727499999999,1015,300.0,0.0473584905660378,510000,1700,0.009354250505566597,0.0001,4699
502,0.9586342999999999,1016,300.0,0.045116981132075296,511200,1704,0.004573958460241556,0.0001,4711
503,1.6071107399999998,1017,300.0,0.04287547169811334,512400,1708,0.006008808966726065,0.0001,4723
504,1.5476501100000002,1018,300.0,0.04063396226415139,513600,1712,0.009111638180911541,0.0001,4735
504,1.65925139,1019,300.0,0.03839245283018855,514800,1716,0.009231521748006344,0.0001,4747
505,1.38356183,1020,300.0,0.03615094339622649,516000,1720,0.007687073666602373,0.0001,4759
506,1.1410760600000003,1021,300.0,0.03390943396226431,517200,1724,0.007485819514840841,0.0001,4771
506,0.5273449000000001,1022,300.0,0.031667924528301916,518400,1728,0.005323463119566441,0.0001,4783
507,0.50952034,1023,300.0,0.02942641509433952,519600,1732,0.005957069806754589,0.0001,4795
508,0.31081745999999993,1024,300.0,0.027184905660377567,520800,1736,0.0059097325429320335,0.0001,4807
509,0.8806861600000002,1025,300.0,0.02494339622641506,522000,1740,0.0074531082063913345,0.0001,4819
509,0.7990930500000006,1026,300.0,0.022701886792452663,523200,1744,0.00859080720692873,0.0001,4831
510,0.7623364000000004,1027,300.0,0.02046037735849071,524400,1748,0.0066450717858970165,0.0001,4843
511,0.8610146700000001,1028,300.0,0.01821886792452876,525600,1752,0.006790805608034134,0.0001,4855
511,1.0184471600000005,1029,300.0,0.01597735849056592,526800,1756,0.0066335489973425865,0.0001,4867
512,0.7220658200000003,1030,300.0,0.013735849056603633,528000,1760,0.007646156009286642,0.0001,4879
513,1.3579156500000003,1031,300.0,0.01149433962264168,529200,1764,0.006659435108304024,0.0001,4891
513,1.2767559800000003,1032,300.0,0.01,530400,1768,0.006062821950763464,0.0001,4903
514,1.2896010999999998,1033,300.0,0.01,531600,1772,0.006335218902677298,0.0001,4915
515,0.6648234900000002,1034,300.0,0.01,532800,1776,0.006758841685950756,0.0001,4927
515,0.8080156400000003,1035,300.0,0.01,534000,1780,0.005664241965860128,0.0001,4939
516,0.8230924400000004,1036,300.0,0.01,535200,1784,0.006088822148740292,0.0001,4951
517,0.5991286400000004,1037,300.0,0.01,536400,1788,0.007334819994866848,0.0001,4963
517,0.19047357000000045,1038,300.0,0.01,537600,1792,0.008463757112622261,0.0001,4975
518,0.5298142200000006,1039,300.0,0.01,538800,1796,0.0061578997410833836,0.0001,4987
519,1.0016121600000003,1040,300.0,0.01,540000,1800,0.006275337655097246,0.0001,4999
519,0.7436170300000007,1041,300.0,0.01,541200,1804,0.006353119388222694,0.0001,5011
520,0.33873531000000034,1042,300.0,0.01,542400,1808,0.0038967840373516083,0.0001,5023
521,0.90993232,1042,300.0,0.01,543600,1812,0.010339528322219849,0.0001,5035
522,0.65549937,1043,300.0,0.01,544800,1816,0.005414800718426704,0.0001,5047
522,0.8896209500000002,1044,300.0,0.01,546000,1820,0.011338573880493641,0.0001,5059
523,1.07885285,1045,300.0,0.01,547200,1824,0.006225110962986946,0.0001,5071
524,1.6934884200000002,1046,300.0,0.01,548400,1828,0.005911489482969046,0.0001,5083
524,1.60234064,1047,300.0,0.01,549600,1832,0.005127815995365381,0.0001,5095
525,1.6742365000000001,1048,300.0,0.01,550800,1836,0.007157687563449144,0.0001,5107
526,1.4675239400000002,1049,300.0,0.01,552000,1840,0.005765785463154316,0.0001,5119
527,1.37113263,1049,300.0,0.01,553200,1844,0.005994284059852362,0.0001,5131
527,1.2132987600000005,1050,300.0,0.01,554400,1848,0.005530648399144411,0.0001,5143
528,1.0514679300000003,1051,300.0,0.01,555600,1852,0.00872747227549553,0.0001,5155
529,0.8525567700000002,1051,300.0,0.01,556800,1856,0.006425062194466591,0.0001,5167
530,1.0608107599999999,1052,300.0,0.01,558000,1860,0.00567582855001092,0.0001,5179
530,1.0499435400000001,1053,300.0,0.01,559200,1864,0.005819566547870636,0.0001,5191
531,0.4525639200000002,1054,300.0,0.01,560400,1868,0.006145835854113102,0.0001,5203
532,0.5030896200000002,1055,300.0,0.01,561600,1872,0.004673828836530447,0.0001,5215
532,0.8420589200000004,1056,300.0,0.01,562800,1876,0.006045734975486994,0.0001,5227
533,0.5590162700000001,1057,300.0,0.01,564000,1880,0.009591009467840195,0.0001,5239
534,0.49839203,1058,300.0,0.01,565200,1884,0.004663171246647835,0.0001,5251
534,0.44412759,1059,300.0,0.01,566400,1888,0.005051552318036556,0.0001,5263
535,0.7819822199999998,1060,300.0,0.01,567600,1892,0.008390558883547783,0.0001,5275
536,0.8234063499999997,1061,300.0,0.01,568800,1896,0.0062896013259887695,0.0001,5287
536,0.3070303999999999,1061,300.0,0.01,570000,1900,0.004338986240327358,0.0001,5299
537,0.35347023000000005,1062,300.0,0.01,571200,1904,0.006777806673198938,0.0001,5311
538,0.21302882000000015,1063,300.0,0.01,572400,1908,0.005796233657747507,0.0001,5323
538,-0.10419774999999994,1064,300.0,0.01,573600,1912,0.0066329785622656345,0.0001,5335
539,0.028931000000000092,1065,300.0,0.01,574800,1916,0.005884022451937199,0.0001,5347
540,-0.2596645099999998,1066,300.0,0.01,576000,1920,0.006800856441259384,0.0001,5359
540,-0.2571962399999999,1067,300.0,0.01,577200,1924,0.005685736425220966,0.0001,5371
541,-0.36245774000000025,1068,300.0,0.01,578400,1928,0.0058443909510970116,0.0001,5383
542,-0.6621915500000002,1068,300.0,0.01,579600,1932,0.005265881307423115,0.0001,5395
542,-0.78293202,1069,300.0,0.01,580800,1936,0.008593443781137466,0.0001,5407
543,-0.5100257499999998,1070,300.0,0.01,582000,1940,0.005665268748998642,0.0001,5419
544,-0.5532019600000001,1071,300.0,0.01,583200,1944,0.007312990725040436,0.0001,5431
544,-0.23013041,1072,300.0,0.01,584400,1948,0.004829222336411476,0.0001,5443
545,-0.1978365700000001,1073,300.0,0.01,585600,1952,0.008744613267481327,0.0001,5455
546,-0.25569074,1074,300.0,0.01,586800,1956,0.005826501175761223,0.0001,5467
547,-0.2414947300000001,1074,300.0,0.01,588000,1960,0.004661280196160078,0.0001,5479
547,-0.36885890000000005,1075,300.0,0.01,589200,1964,0.006418642122298479,0.0001,5491
548,0.32742475,1076,300.0,0.01,590400,1968,0.006101023871451616,0.0001,5503
549,0.27046762999999996,1076,300.0,0.01,591600,1972,0.005782728083431721,0.0001,5515
549,0.3944072899999999,1077,300.0,0.01,592800,1976,0.005031777545809746,0.0001,5527
550,0.4039016099999999,1078,300.0,0.01,594000,1980,0.007148967124521732,0.0001,5539
551,0.1483814000000001,1079,300.0,0.01,595200,1984,0.005085038021206856,0.0001,5551
551,-0.30060659,1080,300.0,0.01,596400,1988,0.005607830360531807,0.0001,5563
552,0.2322676899999998,1081,300.0,0.01,597600,1992,0.00776937510818243,0.0001,5575
553,-0.01481071000000016,1082,300.0,0.01,598800,1996,0.005322487559169531,0.0001,5587
606,0.00800335999999998,988,300.0,0.01,600000,2000,0.005287007428705692,0.0001,5599
607,0.06009928999999991,989,300.0,0.01,601200,2004,0.004269719123840332,0.0001,5611
608,0.25849725,990,300.0,0.01,602400,2008,0.003722571535035968,0.0001,5623
608,0.3229058100000001,991,300.0,0.01,603600,2012,0.005659687332808971,0.0001,5635
609,0.36303918,992,300.0,0.01,604800,2016,0.00656810263171792,0.0001,5647
610,0.72513876,992,300.0,0.01,606000,2020,0.005543489940464497,0.0001,5659
611,0.71939752,993,300.0,0.01,607200,2024,0.006691009737551212,0.0001,5671
611,0.8563186399999999,994,300.0,0.01,608400,2028,0.005577951669692993,0.0001,5683
612,1.61438234,995,300.0,0.01,609600,2032,0.0052535440772771835,0.0001,5695
612,1.6412721899999996,996,300.0,0.01,610800,2036,0.003503154031932354,0.0001,5707
613,1.2511328000000004,997,300.0,0.01,612000,2040,0.004946285858750343,0.0001,5719
614,0.8675712599999998,998,300.0,0.01,613200,2044,0.004882041364908218,0.0001,5731
614,0.5210734100000001,999,300.0,0.01,614400,2048,0.0047929794527590275,0.0001,5743
615,0.6550276,999,300.0,0.01,615600,2052,0.00575249595567584,0.0001,5755
616,0.26669096000000025,1000,300.0,0.01,616800,2056,0.0045793429017066956,0.0001,5767
617,0.6732802700000002,1001,300.0,0.01,618000,2060,0.006344017572700977,0.0001,5779
617,0.8739476800000001,1002,300.0,0.01,619200,2064,0.0069692484103143215,0.0001,5791
618,1.00198942,1002,300.0,0.01,620400,2068,0.019454024732112885,0.0001,5803
619,1.0358067899999996,1003,300.0,0.01,621600,2072,0.004252401180565357,0.0001,5815
619,0.7755130599999999,1004,300.0,0.01,622800,2076,0.005315206479281187,0.0001,5827
620,0.5364891299999995,1005,300.0,0.01,624000,2080,0.005603523924946785,0.0001,5839
621,0.4002408799999998,1006,300.0,0.01,625200,2084,0.004547585733234882,0.0001,5851
622,0.9235415800000001,1006,300.0,0.01,626400,2088,0.0057306718081235886,0.0001,5863
622,0.49097303000000025,1007,300.0,0.01,627600,2092,0.006054230034351349,0.0001,5875
623,0.7476501700000001,1008,300.0,0.01,628800,2096,0.00504597881808877,0.0001,5887
624,1.09309071,1009,300.0,0.01,630000,2100,0.005249940790235996,0.0001,5899
624,1.14945462,1010,300.0,0.01,631200,2104,0.0069204168394207954,0.0001,5911
625,0.6199612799999998,1011,300.0,0.01,632400,2108,0.0052838693372905254,0.0001,5923
626,0.57673404,1011,300.0,0.01,633600,2112,0.0034576088655740023,0.0001,5935
626,0.6498559499999998,1012,300.0,0.01,634800,2116,0.005954436957836151,0.0001,5947
627,0.39348700000000003,1013,300.0,0.01,636000,2120,0.004566666670143604,0.0001,5959
628,0.040397479999999944,1014,300.0,0.01,637200,2124,0.004549840465188026,0.0001,5971
628,0.29254345000000004,1015,300.0,0.01,638400,2128,0.004282176960259676,0.0001,5983
629,-0.07089399999999986,1016,300.0,0.01,639600,2132,0.006308741867542267,0.0001,5995
630,0.1087494099999999,1016,300.0,0.01,640800,2136,0.0055293431505560875,0.0001,6007
630,0.5575048699999998,1017,300.0,0.01,642000,2140,0.003543558530509472,0.0001,6019
631,1.30327025,1018,300.0,0.01,643200,2144,0.005703028291463852,0.0001,6031
632,1.33493611,1019,300.0,0.01,644400,2148,0.0052491589449346066,0.0001,6043
632,1.44192812,1020,300.0,0.01,645600,2152,0.0054841237142682076,0.0001,6055
633,1.85775268,1021,300.0,0.01,646800,2156,0.00407709926366806,0.0001,6067
634,1.14197266,1021,300.0,0.01,648000,2160,0.009431010112166405,0.0001,6079
634,0.8798493799999999,1022,300.0,0.01,649200,2164,0.009812256321310997,0.0001,6091
635,1.1992462499999998,1023,300.0,0.01,650400,2168,0.006118450313806534,0.0001,6103
636,1.52297747,1024,300.0,0.01,651600,2172,0.004439975135028362,0.0001,6115
637,2.09071163,1024,300.0,0.01,652800,2176,0.008233445696532726,0.0001,6127
637,2.3975013000000005,1025,300.0,0.01,654000,2180,0.006979969330132008,0.0001,6139
638,2.5306552900000003,1026,300.0,0.01,655200,2184,0.0042885662987828255,0.0001,6151
639,1.9285584500000001,1027,300.0,0.01,656400,2188,0.007694929838180542,0.0001,6163
639,1.5751561100000004,1027,300.0,0.01,657600,2192,0.0052628060802817345,0.0001,6175
640,1.5852179200000003,1028,300.0,0.01,658800,2196,0.006099482998251915,0.0001,6187
641,1.6931700000000003,1029,300.0,0.01,660000,2200,0.007732842117547989,0.0001,6199
642,1.3837555099999996,1029,300.0,0.01,661200,2204,0.004814964719116688,0.0001,6211
642,1.65039862,1030,300.0,0.01,662400,2208,0.0033841500990092754,0.0001,6223
643,1.9388464400000003,1031,300.0,0.01,663600,2212,0.005479977000504732,0.0001,6235
644,1.8318088900000007,1032,300.0,0.01,664800,2216,0.004607661627233028,0.0001,6247
644,1.9486722700000003,1033,300.0,0.01,666000,2220,0.0034698459785431623,0.0001,6259
645,2.19351339,1033,300.0,0.01,667200,2224,0.005273614544421434,0.0001,6271
646,1.7410516500000002,1033,300.0,0.01,668400,2228,0.004527470096945763,0.0001,6283
647,1.3797729799999998,1034,300.0,0.01,669600,2232,0.004850242752581835,0.0001,6295
648,0.8315964100000002,1034,300.0,0.01,670800,2236,0.006549033336341381,0.0001,6307
648,-0.036673169999999755,1035,300.0,0.01,672000,2240,0.004468738101422787,0.0001,6319
649,-0.0820233099999998,1036,300.0,0.01,673200,2244,0.004453134257346392,0.0001,6331
650,0.08467534000000007,1036,300.0,0.01,674400,2248,0.004892859607934952,0.0001,6343
650,-0.26551571999999996,1037,300.0,0.01,675600,2252,0.005852752365171909,0.0001,6355
651,-0.64189768,1038,300.0,0.01,676800,2256,0.010978752747178078,0.0001,6367
652,-0.6370623799999998,1039,300.0,0.01,678000,2260,0.004895015619695187,0.0001,6379
653,-0.4539324800000001,1039,300.0,0.01,679200,2264,0.00469507509842515,0.0001,6391
653,-0.89311515,1040,300.0,0.01,680400,2268,0.004321452230215073,0.0001,6403
654,-1.27893079,1041,300.0,0.01,681600,2272,0.01085326261818409,0.0001,6415
655,-1.7178675500000002,1042,300.0,0.01,682800,2276,0.005551568232476711,0.0001,6427
655,-1.42041475,1043,300.0,0.01,684000,2280,0.004456016235053539,0.0001,6439
656,-1.4924488400000002,1043,300.0,0.01,685200,2284,0.006011905148625374,0.0001,6451
657,-1.1622689700000002,1044,300.0,0.01,686400,2288,0.007623232435435057,0.0001,6463
657,-0.84764267,1045,300.0,0.01,687600,2292,0.00500912219285965,0.0001,6475
658,-0.73202583,1045,300.0,0.01,688800,2296,0.0053660389967262745,0.0001,6487
659,-1.24879678,1046,300.0,0.01,690000,2300,0.005832921713590622,0.0001,6499
659,-1.07451148,1047,300.0,0.01,691200,2304,0.004796634893864393,0.0001,6511
660,-1.33212327,1048,300.0,0.01,692400,2308,0.0055308579467237,0.0001,6523
661,-1.4827791099999998,1049,300.0,0.01,693600,2312,0.0031909788958728313,0.0001,6535
661,-1.5896309600000003,1049,300.0,0.01,694800,2316,0.004220710135996342,0.0001,6547
662,-1.6843717999999999,1050,300.0,0.01,696000,2320,0.005316213238984346,0.0001,6559
663,-1.3334027800000001,1051,300.0,0.01,697200,2324,0.0047306520864367485,0.0001,6571
663,-1.0056855399999998,1052,300.0,0.01,698400,2328,0.0049492372199893,0.0001,6583
664,-0.9516018599999998,1052,300.0,0.01,699600,2332,0.00442899763584137,0.0001,6595
719,-1.2837966500000002,973,300.0,0.01,700800,2336,0.0043678293004632,0.0001,6607
720,-0.7675439400000001,974,300.0,0.01,702000,2340,0.004383012652397156,0.0001,6619
721,-0.91428143,975,300.0,0.01,703200,2344,0.004278873559087515,0.0001,6631
721,-0.5843407799999999,975,300.0,0.01,704400,2348,0.004221602343022823,0.0001,6643
722,-0.8001061300000001,976,300.0,0.01,705600,2352,0.011189514771103859,0.0001,6655
723,-0.5812663200000001,977,300.0,0.01,706800,2356,0.004384416621178389,0.0001,6667
723,-0.5118675800000001,978,300.0,0.01,708000,2360,0.004562907852232456,0.0001,6679
724,-0.35721865,979,300.0,0.01,709200,2364,0.004916222766041756,0.0001,6691
725,-0.58525025,979,300.0,0.01,710400,2368,0.010648446157574654,0.0001,6703
725,-0.54102477,980,300.0,0.01,711600,2372,0.004511536564677954,0.0001,6715
726,-0.2368899600000001,981,300.0,0.01,712800,2376,0.004961250349879265,0.0001,6727
727,-0.46318069,981,300.0,0.01,714000,2380,0.0045343972742557526,0.0001,6739
728,-0.07337436999999991,982,300.0,0.01,715200,2384,0.004345800261944532,0.0001,6751
728,0.26930514999999994,983,300.0,0.01,716400,2388,0.004942079074680805,0.0001,6763
729,0.3000410999999999,983,300.0,0.01,717600,2392,0.007009402848780155,0.0001,6775
730,-0.00884178999999996,984,300.0,0.01,718800,2396,0.0038814512081444263,0.0001,6787
730,-0.13482690000000003,985,300.0,0.01,720000,2400,0.005421373527497053,0.0001,6799
731,0.13546206999999993,986,300.0,0.01,721200,2404,0.007544127758592367,0.0001,6811
732,0.36225999000000014,986,300.0,0.01,722400,2408,0.00359412282705307,0.0001,6823
732,0.25160220000000033,987,300.0,0.01,723600,2412,0.005854325834661722,0.0001,6835
733,0.5176576300000003,988,300.0,0.01,724800,2416,0.004783553071320057,0.0001,6847
734,0.8779434700000003,989,300.0,0.01,726000,2420,0.005280118435621262,0.0001,6859
734,0.29289013,989,300.0,0.01,727200,2424,0.0037440848536789417,0.0001,6871
735,-0.25146373999999994,990,300.0,0.01,728400,2428,0.0037517447490245104,0.0001,6883
736,0.042598190000000154,990,300.0,0.01,729600,2432,0.006187863182276487,0.0001,6895
737,0.5533642500000002,991,300.0,0.01,730800,2436,0.006722608115524054,0.0001,6907
737,0.5332433100000001,992,300.0,0.01,732000,2440,0.0037975767627358437,0.0001,6919
738,0.6134842400000001,992,300.0,0.01,733200,2444,0.006927222479134798,0.0001,6931
739,0.29652431000000007,993,300.0,0.01,734400,2448,0.00648853275924921,0.0001,6943
739,0.32831477,994,300.0,0.01,735600,2452,0.0032289137598127127,0.0001,6955
740,0.66995339,994,300.0,0.01,736800,2456,0.005578585900366306,0.0001,6967
741,0.7814540099999999,995,300.0,0.01,738000,2460,0.0062076435424387455,0.0001,6979
742,0.51860389,996,300.0,0.01,739200,2464,0.005461198277771473,0.0001,6991
742,1.11407776,996,300.0,0.01,740400,2468,0.004512404091656208,0.0001,7003
743,0.9750488099999999,997,300.0,0.01,741600,2472,0.0061671677976846695,0.0001,7015
744,0.8347837399999999,998,300.0,0.01,742800,2476,0.008295716717839241,0.0001,7027
744,0.8366691700000003,999,300.0,0.01,744000,2480,0.003859085962176323,0.0001,7039
745,0.5930528300000001,999,300.0,0.01,745200,2484,0.004445239901542664,0.0001,7051
746,0.47795868999999996,1000,300.0,0.01,746400,2488,0.003557986579835415,0.0001,7063
746,0.7244024499999999,1000,300.0,0.01,747600,2492,0.003599609946832061,0.0001,7075
747,1.21049753,1001,300.0,0.01,748800,2496,0.005329509731382132,0.0001,7087
748,1.52940533,1002,300.0,0.01,750000,2500,0.00392996147274971,0.0001,7099
748,1.0503611500000003,1002,300.0,0.01,751200,2504,0.004553638398647308,0.0001,7111
749,1.4895336000000001,1003,300.0,0.01,752400,2508,0.0041601029224693775,0.0001,7123
750,1.47017989,1004,300.0,0.01,753600,2512,0.004260498099029064,0.0001,7135
750,1.2127021599999999,1005,300.0,0.01,754800,2516,0.005622169002890587,0.0001,7147
751,0.7556036300000001,1005,300.0,0.01,756000,2520,0.005399981513619423,0.0001,7159
752,1.00235181,1006,300.0,0.01,757200,2524,0.004931981209665537,0.0001,7171
753,1.20499988,1007,300.0,0.01,758400,2528,0.005430047400295734,0.0001,7183
753,1.25592531,1007,300.0,0.01,759600,2532,0.0053426651284098625,0.0001,7195
754,1.42862665,1008,300.0,0.01,760800,2536,0.004355780314654112,0.0001,7207
755,1.49580573,1009,300.0,0.01,762000,2540,0.004686443135142326,0.0001,7219
755,1.3611606099999998,1009,300.0,0.01,763200,2544,0.004606634844094515,0.0001,7231
756,1.34889904,1010,300.0,0.01,764400,2548,0.004631929099559784,0.0001,7243
757,1.47067579,1010,300.0,0.01,765600,2552,0.004545288160443306,0.0001,7255
758,1.2176562800000001,1011,300.0,0.01,766800,2556,0.004491059109568596,0.0001,7267
758,1.3160959199999995,1012,300.0,0.01,768000,2560,0.007667461410164833,0.0001,7279
759,1.34106714,1012,300.0,0.01,769200,2564,0.005106234923005104,0.0001,7291
760,0.7372607899999996,1013,300.0,0.01,770400,2568,0.0049301087856292725,0.0001,7303
760,0.9029097799999997,1014,300.0,0.01,771600,2572,0.00415295222774148,0.0001,7315
761,1.1182320300000002,1014,300.0,0.01,772800,2576,0.00441192789003253,0.0001,7327
762,1.1746374099999999,1015,300.0,0.01,774000,2580,0.004966449923813343,0.0001,7339
762,1.51827236,1016,300.0,0.01,775200,2584,0.00620233453810215,0.0001,7351
763,1.38662334,1016,300.0,0.01,776400,2588,0.005560311023145914,0.0001,7363
764,1.0637743699999997,1017,300.0,0.01,777600,2592,0.0051216366700828075,0.0001,7375
764,0.4026175,1018,300.0,0.01,778800,2596,0.006479664705693722,0.0001,7387
765,0.35367047999999995,1018,300.0,0.01,780000,2600,0.004484605509787798,0.0001,7399
766,0.7941480199999998,1019,300.0,0.01,781200,2604,0.007396319415420294,0.0001,7411
767,0.050209340000000185,1019,300.0,0.01,782400,2608,0.00423937663435936,0.0001,7423
768,0.16412918000000026,1020,300.0,0.01,783600,2612,0.0037957141175866127,0.0001,7435
768,0.28546096000000004,1020,300.0,0.01,784800,2616,0.004267274867743254,0.0001,7447
769,0.3398633099999999,1021,300.0,0.01,786000,2620,0.005266823805868626,0.0001,7459
770,0.3447734500000001,1021,300.0,0.01,787200,2624,0.004597611725330353,0.0001,7471
770,0.5293281300000001,1022,300.0,0.01,788400,2628,0.006320716813206673,0.0001,7483
771,0.5959022,1023,300.0,0.01,789600,2632,0.006190577521920204,0.0001,7495
772,0.5012142800000001,1023,300.0,0.01,790800,2636,0.0042915381491184235,0.0001,7507
773,0.6005742500000001,1024,300.0,0.01,792000,2640,0.005392939317971468,0.0001,7519
773,1.0022432399999999,1025,300.0,0.01,793200,2644,0.004714260343462229,0.0001,7531
774,0.7815942099999998,1025,300.0,0.01,794400,2648,0.004494878929108381,0.0001,7543
775,0.9770196499999999,1026,300.0,0.01,795600,2652,0.003356877714395523,0.0001,7555
775,1.1593150599999997,1027,300.0,0.01,796800,2656,0.003871972905471921,0.0001,7567
776,1.1727176999999995,1027,300.0,0.01,798000,2660,0.007716704625636339,0.0001,7579
777,1.1168563399999996,1028,300.0,0.01,799200,2664,0.009924087673425674,0.0001,7591
831,1.14062669,963,300.0,0.01,800400,2668,0.006169400177896023,0.0001,7603
831,1.4290470199999998,963,300.0,0.01,801600,2672,0.004624531604349613,0.0001,7615
832,1.2085195900000003,964,300.0,0.01,802800,2676,0.005008311942219734,0.0001,7627
833,1.21505875,965,300.0,0.01,804000,2680,0.004614760633558035,0.0001,7639
833,0.9203842799999999,965,300.0,0.01,805200,2684,0.009017197415232658,0.0001,7651
834,0.87721835,966,300.0,0.01,806400,2688,0.004388368688523769,0.0001,7663
835,1.14733083,966,300.0,0.01,807600,2692,0.004596973303705454,0.0001,7675
835,1.4470124100000004,967,300.0,0.01,808800,2696,0.007566040847450495,0.0001,7687
836,1.5851794599999998,968,300.0,0.01,810000,2700,0.003264092840254307,0.0001,7699
837,0.8976517500000001,968,300.0,0.01,811200,2704,0.005234968848526478,0.0001,7711
838,1.4707987900000001,969,300.0,0.01,812400,2708,0.00431699538603425,0.0001,7723
838,1.64736322,969,300.0,0.01,813600,2712,0.009091395884752274,0.0001,7735
839,1.5814906200000005,970,300.0,0.01,814800,2716,0.004725700244307518,0.0001,7747
840,1.81629411,971,300.0,0.01,816000,2720,0.004540723282843828,0.0001,7759
840,1.94732527,971,300.0,0.01,817200,2724,0.003950321115553379,0.0001,7771
841,1.8856310400000005,972,300.0,0.01,818400,2728,0.003145120805129409,0.0001,7783
842,1.8765959100000003,973,300.0,0.01,819600,2732,0.004918327555060387,0.0001,7795
842,2.0710246199999998,973,300.0,0.01,820800,2736,0.005509526003152132,0.0001,7807
843,1.9940888899999998,974,300.0,0.01,822000,2740,0.008803286589682102,0.0001,7819
844,1.3441363999999998,975,300.0,0.01,823200,2744,0.004298010841012001,0.0001,7831
844,1.4731153499999994,975,300.0,0.01,824400,2748,0.0066881245002150536,0.0001,7843
845,1.4561894899999996,976,300.0,0.01,825600,2752,0.004032077267765999,0.0001,7855
846,1.3161122799999998,976,300.0,0.01,826800,2756,0.0054285041987895966,0.0001,7867
847,1.0826556999999997,977,300.0,0.01,828000,2760,0.0030811885371804237,0.0001,7879
848,1.0107980999999997,977,300.0,0.01,829200,2764,0.010978520847856998,0.0001,7891
848,1.0853896599999997,978,300.0,0.01,830400,2768,0.00511019304394722,0.0001,7903
849,0.9977933800000001,979,300.0,0.01,831600,2772,0.004613047931343317,0.0001,7915
850,1.0618552899999998,979,300.0,0.01,832800,2776,0.008142580278217793,0.0001,7927
850,0.56279513,980,300.0,0.01,834000,2780,0.004786364268511534,0.0001,7939
851,0.5000158100000001,980,300.0,0.01,835200,2784,0.003996655810624361,0.0001,7951
852,0.81697561,981,300.0,0.01,836400,2788,0.004281616769731045,0.0001,7963
852,0.7534994599999999,982,300.0,0.01,837600,2792,0.0050091431476175785,0.0001,7975
853,0.8968693699999999,982,300.0,0.01,838800,2796,0.005151578690856695,0.0001,7987
854,0.74363973,983,300.0,0.01,840000,2800,0.005503429565578699,0.0001,7999
854,0.78799822,984,300.0,0.01,841200,2804,0.004405996762216091,0.0001,8011
855,0.80416271,984,300.0,0.01,842400,2808,0.009135415777564049,0.0001,8023
856,0.6676917899999999,985,300.0,0.01,843600,2812,0.005117387510836124,0.0001,8035
857,0.5324279899999999,985,300.0,0.01,844800,2816,0.0059524583630263805,0.0001,8047
857,0.3498067999999998,986,300.0,0.01,846000,2820,0.006927188485860825,0.0001,8059
858,0.07456178999999978,986,300.0,0.01,847200,2824,0.004807481076568365,0.0001,8071
859,-0.11474702000000012,987,300.0,0.01,848400,2828,0.004576231352984905,0.0001,8083
860,-0.25547641000000015,987,300.0,0.01,849600,2832,0.00781616847962141,0.0001,8095
860,-0.5997552900000003,988,300.0,0.01,850800,2836,0.003963564056903124,0.0001,8107
861,-0.9469234800000003,988,300.0,0.01,852000,2840,0.005265294574201107,0.0001,8119
862,-0.6507517300000002,989,300.0,0.01,853200,2844,0.0048833913169801235,0.0001,8131
863,-1.1494610300000003,989,300.0,0.01,854400,2848,0.005261645652353764,0.0001,8143
863,-0.9782097900000004,990,300.0,0.01,855600,2852,0.005538111552596092,0.0001,8155
864,-1.4427420400000002,991,300.0,0.01,856800,2856,0.004545893520116806,0.0001,8167
865,-1.4793014200000005,991,300.0,0.01,858000,2860,0.00538731599226594,0.0001,8179
865,-1.3451324300000003,992,300.0,0.01,859200,2864,0.005219132173806429,0.0001,8191
866,-1.3513485500000002,992,300.0,0.01,860400,2868,0.010843328200280666,0.0001,8203
867,-1.7141876499999997,993,300.0,0.01,861600,2872,0.003878867020830512,0.0001,8215
867,-1.58907965,994,300.0,0.01,862800,2876,0.004422961734235287,0.0001,8227
868,-1.1561416700000002,994,300.0,0.01,864000,2880,0.004385525826364756,0.0001,8239
869,-1.1531374200000004,995,300.0,0.01,865200,2884,0.0117164496332407,0.0001,8251
869,-1.5317739000000001,995,300.0,0.01,866400,2888,0.004768371116369963,0.0001,8263
870,-1.5630747300000005,996,300.0,0.01,867600,2892,0.0045369891449809074,0.0001,8275
871,-1.6002267800000005,997,300.0,0.01,868800,2896,0.0064216237515211105,0.0001,8287
871,-1.5338576200000003,997,300.0,0.01,870000,2900,0.010641750879585743,0.0001,8299
872,-1.3901361500000007,998,300.0,0.01,871200,2904,0.005814429372549057,0.0001,8311
873,-1.4222883000000004,998,300.0,0.01,872400,2908,0.01042907778173685,0.0001,8323
873,-1.8705638100000002,999,300.0,0.01,873600,2912,0.003409796394407749,0.0001,8335
874,-1.3637738000000001,1000,300.0,0.01,874800,2916,0.0039418949745595455,0.0001,8347
875,-1.1451866700000002,1000,300.0,0.01,876000,2920,0.0051764147356152534,0.0001,8359
876,-0.7007172600000001,1001,300.0,0.01,877200,2924,0.0038573609199374914,0.0001,8371
877,-0.3510123600000001,1001,300.0,0.01,878400,2928,0.004577255807816982,0.0001,8383
877,0.19262932999999985,1001,300.0,0.01,879600,2932,0.00546856177970767,0.0001,8395
878,0.3411343099999996,1002,300.0,0.01,880800,2936,0.003201649058610201,0.0001,8407
879,0.40916402999999946,1003,300.0,0.01,882000,2940,0.004880715627223253,0.0001,8419
879,0.44940889999999967,1003,300.0,0.01,883200,2944,0.004578881431370974,0.0001,8431
880,1.02193451,1004,300.0,0.01,884400,2948,0.005115634761750698,0.0001,8443
881,0.8041464699999997,1004,300.0,0.01,885600,2952,0.011173449456691742,0.0001,8455
882,0.9844609499999997,1004,300.0,0.01,886800,2956,0.004565270151942968,0.0001,8467
883,1.0520671299999997,1005,300.0,0.01,888000,2960,0.004672978073358536,0.0001,8479
884,1.0876461400000002,1005,300.0,0.01,889200,2964,0.0036747888661921024,0.0001,8491
884,1.3745426,1006,300.0,0.01,890400,2968,0.0051819817163050175,0.0001,8503
885,1.6026635900000001,1006,300.0,0.01,891600,2972,0.005915791727602482,0.0001,8515
886,1.37477731,1007,300.0,0.01,892800,2976,0.005403485614806414,0.0001,8527
887,1.25945712,1007,300.0,0.01,894000,2980,0.004522897303104401,0.0001,8539
888,1.3715028800000002,1007,300.0,0.01,895200,2984,0.0037602882366627455,0.0001,8551
888,1.7130251300000001,1008,300.0,0.01,896400,2988,0.005450177937746048,0.0001,8563
889,1.8310649799999998,1008,300.0,0.01,897600,2992,0.006314262747764587,0.0001,8575
890,1.83434705,1009,300.0,0.01,898800,2996,0.004942309111356735,0.0001,8587
944,1.6885505499999995,952,300.0,0.01,900000,3000,0.005160143133252859,0.0001,8599
945,1.9061179800000003,953,300.0,0.01,901200,3004,0.005657988600432873,0.0001,8611
946,1.8753645300000006,953,300.0,0.01,902400,3008,0.006857623811811209,0.0001,8623
947,2.67278048,954,300.0,0.01,903600,3012,0.007470607291907072,0.0001,8635
947,2.5681420900000003,954,300.0,0.01,904800,3016,0.00430602952837944,0.0001,8647
948,2.2228998100000004,955,300.0,0.01,906000,3020,0.004884568974375725,0.0001,8659
949,2.15733281,955,300.0,0.01,907200,3024,0.004400155507028103,0.0001,8671
950,1.94731887,956,300.0,0.01,908400,3028,0.003506219480186701,0.0001,8683
950,1.77339953,956,300.0,0.01,909600,3032,0.008554979227483273,0.0001,8695
951,1.9281229000000004,957,300.0,0.01,910800,3036,0.0044304486364126205,0.0001,8707
952,2.0755795600000004,957,300.0,0.01,912000,3040,0.005620526149868965,0.0001,8719
952,2.0603432699999997,958,300.0,0.01,913200,3044,0.003477907506749034,0.0001,8731
953,1.5268481300000003,958,300.0,0.01,914400,3048,0.004687555134296417,0.0001,8743
954,1.5476957499999997,959,300.0,0.01,915600,3052,0.003815727075561881,0.0001,8755
955,1.86599917,959,300.0,0.01,916800,3056,0.011093025095760822,0.0001,8767
956,1.9098104900000001,960,300.0,0.01,918000,3060,0.005045357625931501,0.0001,8779
956,1.8158625400000004,960,300.0,0.01,919200,3064,0.007022447884082794,0.0001,8791
957,1.5270313700000002,961,300.0,0.01,920400,3068,0.004664131440222263,0.0001,8803
958,1.4481036500000002,961,300.0,0.01,921600,3072,0.004849525168538094,0.0001,8815
958,1.40877342,962,300.0,0.01,922800,3076,0.005394293460994959,0.0001,8827
959,1.5661058500000002,962,300.0,0.01,924000,3080,0.00345132639631629,0.0001,8839
960,1.5908151799999997,963,300.0,0.01,925200,3084,0.00544342678040266,0.0001,8851
961,1.61140255,963,300.0,0.01,926400,3088,0.004242277238518,0.0001,8863
961,1.37774648,964,300.0,0.01,927600,3092,0.006489047780632973,0.0001,8875
962,1.2961701200000002,965,300.0,0.01,928800,3096,0.004753771238029003,0.0001,8887
963,1.4487238400000002,965,300.0,0.01,930000,3100,0.008654369972646236,0.0001,8899
963,1.4393896800000001,966,300.0,0.01,931200,3104,0.005571463145315647,0.0001,8911
964,1.1884082800000002,966,300.0,0.01,932400,3108,0.006948554888367653,0.0001,8923
965,0.5455515100000001,967,300.0,0.01,933600,3112,0.005511641502380371,0.0001,8935
966,0.2653505800000001,967,300.0,0.01,934800,3116,0.00400641979649663,0.0001,8947
967,0.31673698,967,300.0,0.01,936000,3120,0.0042120907455682755,0.0001,8959
967,-0.1942584099999999,968,300.0,0.01,937200,3124,0.006818708963692188,0.0001,8971
968,0.23476877000000013,968,300.0,0.01,938400,3128,0.0029104072600603104,0.0001,8983
969,-0.3519552399999999,969,300.0,0.01,939600,3132,0.007252789568156004,0.0001,8995
970,-0.58337917,969,300.0,0.01,940800,3136,0.005422813352197409,0.0001,9007
970,-0.5350627799999998,970,300.0,0.01,942000,3140,0.006209562532603741,0.0001,9019
971,-0.6559668099999998,970,300.0,0.01,943200,3144,0.008059054613113403,0.0001,9031
972,-0.3890174099999998,971,300.0,0.01,944400,3148,0.0038922831881791353,0.0001,9043
972,-0.33869700999999985,972,300.0,0.01,945600,3152,0.006699752993881702,0.0001,9055
973,-0.15571920999999997,972,300.0,0.01,946800,3156,0.005467748735100031,0.0001,9067
974,-0.29000383000000013,973,300.0,0.01,948000,3160,0.004694340284913778,0.0001,9079
974,-0.40695160000000014,973,300.0,0.01,949200,3164,0.004846828058362007,0.0001,9091
975,-0.3793860199999999,974,300.0,0.01,950400,3168,0.00366240949369967,0.0001,9103
976,-0.5282778499999998,974,300.0,0.01,951600,3172,0.0068605635315179825,0.0001,9115
977,-0.4199618499999999,974,300.0,0.01,952800,3176,0.00519061554223299,0.0001,9127
978,-0.3108613699999999,975,300.0,0.01,954000,3180,0.004624534398317337,0.0001,9139
978,-0.40271738999999995,975,300.0,0.01,955200,3184,0.005193455144762993,0.0001,9151
979,-0.8098960399999998,976,300.0,0.01,956400,3188,0.0033249761909246445,0.0001,9163
980,-0.7083749199999998,976,300.0,0.01,957600,3192,0.006062710657715797,0.0001,9175
981,-1.00452631,977,300.0,0.01,958800,3196,0.00512287812307477,0.0001,9187
981,-0.8295270500000003,977,300.0,0.01,960000,3200,0.004989596549421549,0.0001,9199
982,-0.8355733800000003,978,300.0,0.01,961200,3204,0.005546205211430788,0.0001,9211
983,-0.7471696499999999,978,300.0,0.01,962400,3208,0.005326342768967152,0.0001,9223
983,-0.33586946999999995,979,300.0,0.01,963600,3212,0.005390758626163006,0.0001,9235
984,-0.28022410000000014,979,300.0,0.01,964800,3216,0.005317147821187973,0.0001,9247
985,0.16061846999999996,980,300.0,0.01,966000,3220,0.007737807929515839,0.0001,9259
986,0.67797586,980,300.0,0.01,967200,3224,0.007542144041508436,0.0001,9271
986,-0.11997093000000007,981,300.0,0.01,968400,3228,0.005986527539789677,0.0001,9283
987,-0.06970696000000022,981,300.0,0.01,969600,3232,0.006060182582587004,0.0001,9295
988,0.26441933999999995,982,300.0,0.01,970800,3236,0.004514868371188641,0.0001,9307
989,0.5063585300000003,982,300.0,0.01,972000,3240,0.004853325430303812,0.0001,9319
989,0.3692900100000002,983,300.0,0.01,973200,3244,0.004744415637105703,0.0001,9331
990,0.5783403600000001,983,300.0,0.01,974400,3248,0.004847412463277578,0.0001,9343
991,0.42136921,984,300.0,0.01,975600,3252,0.006051470525562763,0.0001,9355
991,0.18115093999999993,984,300.0,0.01,976800,3256,0.006681586615741253,0.0001,9367
992,0.7372960000000001,985,300.0,0.01,978000,3260,0.004185121040791273,0.0001,9379
993,0.9308794000000004,985,300.0,0.01,979200,3264,0.004225725308060646,0.0001,9391
993,0.98475496,986,300.0,0.01,980400,3268,0.00411722669377923,0.0001,9403
994,1.3945674599999998,986,300.0,0.01,981600,3272,0.0033362777903676033,0.0001,9415
995,1.4198437400000001,987,300.0,0.01,982800,3276,0.003669770434498787,0.0001,9427
996,1.15206348,987,300.0,0.01,984000,3280,0.0046957433223724365,0.0001,9439
997,1.2658415699999999,988,300.0,0.01,985200,3284,0.0037566344253718853,0.0001,9451
997,1.42200526,988,300.0,0.01,986400,3288,0.004553601145744324,0.0001,9463
998,1.33355915,989,300.0,0.01,987600,3292,0.005157082807272673,0.0001,9475
999,1.4262410699999999,989,300.0,0.01,988800,3296,0.005424680188298225,0.0001,9487
999,1.0649471100000003,990,300.0,0.01,990000,3300,0.00391343655064702,0.0001,9499
1000,1.0411381000000004,990,300.0,0.01,991200,3304,0.00488840788602829,0.0001,9511
1001,0.97776386,990,300.0,0.01,992400,3308,0.0066178468987345695,0.0001,9523
1002,1.0531242900000002,991,300.0,0.01,993600,3312,0.007520039565861225,0.0001,9535
1002,1.0062937200000004,991,300.0,0.01,994800,3316,0.007788815535604954,0.0001,9547
1003,0.4182684300000003,992,300.0,0.01,996000,3320,0.005371516104787588,0.0001,9559
1004,0.20715947000000015,992,300.0,0.01,997200,3324,0.005172220524400473,0.0001,9571
1004,0.8090359500000004,993,300.0,0.01,998400,3328,0.006921110674738884,0.0001,9583
1005,0.45625525000000017,993,300.0,0.01,999600,3332,0.006914062425494194,0.0001,9595
1061,0.3522974699999999,943,300.0,0.01,1000800,3336,0.00391931738704443,0.0001,9607
1061,0.08213071000000012,943,300.0,0.01,1002000,3340,0.005873269867151976,0.0001,9619
1062,0.04145328000000001,944,300.0,0.01,1003200,3344,0.006403008475899696,0.0001,9631
1063,0.15906723000000003,944,300.0,0.01,1004400,3348,0.005725336726754904,0.0001,9643
1063,0.31409569999999987,945,300.0,0.01,1005600,3352,0.00693489471450448,0.0001,9655
1064,0.15488968000000006,945,300.0,0.01,1006800,3356,0.003948093391954899,0.0001,9667
1065,0.031279660000000174,946,300.0,0.01,1008000,3360,0.006054507568478584,0.0001,9679
1066,0.06942421000000003,946,300.0,0.01,1009200,3364,0.004643840249627829,0.0001,9691
1067,-0.031865850000000126,946,300.0,0.01,1010400,3368,0.005436931271106005,0.0001,9703
1068,0.09983914999999988,947,300.0,0.01,1011600,3372,0.0048673986457288265,0.0001,9715
1068,0.12887845000000014,947,300.0,0.01,1012800,3376,0.006626315880566835,0.0001,9727
1069,-0.31895209999999985,948,300.0,0.01,1014000,3380,0.0039231921546161175,0.0001,9739
1070,-0.28879339999999987,948,300.0,0.01,1015200,3384,0.005537407007068396,0.0001,9751
1071,-0.3949603599999999,948,300.0,0.01,1016400,3388,0.004140479024499655,0.0001,9763
1071,-0.3509200499999999,949,300.0,0.01,1017600,3392,0.006233558990061283,0.0001,9775
1072,-0.24356586999999977,949,300.0,0.01,1018800,3396,0.0066895149648189545,0.0001,9787
1073,-0.06775163999999986,950,300.0,0.01,1020000,3400,0.005155838094651699,0.0001,9799
1073,-0.10779559999999988,950,300.0,0.01,1021200,3404,0.004531583748757839,0.0001,9811
1074,-0.4887392599999998,951,300.0,0.01,1022400,3408,0.0038317267317324877,0.0001,9823
1075,-0.80028793,951,300.0,0.01,1023600,3412,0.005553337745368481,0.0001,9835
1076,-0.5986220599999998,952,300.0,0.01,1024800,3416,0.00534797040745616,0.0001,9847
1076,-0.010427469999999897,952,300.0,0.01,1026000,3420,0.004338239785283804,0.0001,9859
1077,0.13650806000000007,953,300.0,0.01,1027200,3424,0.00484952749684453,0.0001,9871
1078,-0.20107922999999997,953,300.0,0.01,1028400,3428,0.005719580687582493,0.0001,9883
1079,0.51005126,954,300.0,0.01,1029600,3432,0.004210390616208315,0.0001,9895
1079,0.52850765,954,300.0,0.01,1030800,3436,0.005149166099727154,0.0001,9907
1080,0.70281803,954,300.0,0.01,1032000,3440,0.00567785557359457,0.0001,9919
1081,1.1365014,955,300.0,0.01,1033200,3444,0.006693754345178604,0.0001,9931
1082,0.9955180199999998,955,300.0,0.01,1034400,3448,0.0049086641520261765,0.0001,9943
1082,0.79577141,956,300.0,0.01,1035600,3452,0.005700704641640186,0.0001,9955
1083,0.39262657000000006,956,300.0,0.01,1036800,3456,0.004766699392348528,0.0001,9967
1084,0.17214348000000007,957,300.0,0.01,1038000,3460,0.004247862845659256,0.0001,9979
1085,0.2858476600000001,957,300.0,0.01,1039200,3464,0.006288686767220497,0.0001,9991
1085,0.35133078000000006,958,300.0,0.01,1040400,3468,0.0040346961468458176,0.0001,10003
1086,0.10157401999999992,958,300.0,0.01,1041600,3472,0.003772455733269453,0.0001,10015
1087,-0.64668015,958,300.0,0.01,1042800,3476,0.006913833320140839,0.0001,10027
1088,-0.34502612000000016,959,300.0,0.01,1044000,3480,0.005695671308785677,0.0001,10039
1088,-0.24710643000000018,959,300.0,0.01,1045200,3484,0.006835920736193657,0.0001,10051
1089,-0.21854436000000008,960,300.0,0.01,1046400,3488,0.005456112790852785,0.0001,10063
1090,-0.55535369,960,300.0,0.01,1047600,3492,0.004706712439656258,0.0001,10075
1091,-0.8108993899999998,961,300.0,0.01,1048800,3496,0.005165318958461285,0.0001,10087
1092,-0.6535026899999999,961,300.0,0.01,1050000,3500,0.005784038919955492,0.0001,10099
1092,-0.7128372300000001,962,300.0,0.01,1051200,3504,0.01720602996647358,0.0001,10111
1093,-0.3957121899999999,962,300.0,0.01,1052400,3508,0.005711503326892853,0.0001,10123
1094,-0.50034204,963,300.0,0.01,1053600,3512,0.005253242794424295,0.0001,10135
1094,-0.3867020499999997,963,300.0,0.01,1054800,3516,0.004241395741701126,0.0001,10147
1095,-0.8029423999999996,963,300.0,0.01,1056000,3520,0.005105610471218824,0.0001,10159
1096,-0.58554801,964,300.0,0.01,1057200,3524,0.006209868937730789,0.0001,10171
1097,-0.19016313999999995,964,300.0,0.01,1058400,3528,0.0053829774260520935,0.0001,10183
1098,-0.5447835,964,300.0,0.01,1059600,3532,0.004713629372417927,0.0001,10195
1099,-0.81089593,965,300.0,0.01,1060800,3536,0.0038397458847612143,0.0001,10207
1099,-1.6816396999999998,965,300.0,0.01,1062000,3540,0.004657429177314043,0.0001,10219
1100,-2.0176236,966,300.0,0.01,1063200,3544,0.004330961965024471,0.0001,10231
1101,-1.8948912499999997,966,300.0,0.01,1064400,3548,0.005184465553611517,0.0001,10243
1101,-1.78037161,966,300.0,0.01,1065600,3552,0.004993952810764313,0.0001,10255
1102,-1.2701635199999997,967,300.0,0.01,1066800,3556,0.004798433743417263,0.0001,10267
1103,-1.32087537,967,300.0,0.01,1068000,3560,0.004702344536781311,0.0001,10279
1104,-1.37431444,968,300.0,0.01,1069200,3564,0.004066008143126965,0.0001,10291
1104,-1.4680445299999996,968,300.0,0.01,1070400,3568,0.004452797118574381,0.0001,10303
1105,-1.7144116399999998,969,300.0,0.01,1071600,3572,0.009222164750099182,0.0001,10315
1106,-1.2689317000000002,969,300.0,0.01,1072800,3576,0.0043866573832929134,0.0001,10327
1107,-0.8790591299999998,970,300.0,0.01,1074000,3580,0.004410646855831146,0.0001,10339
1107,-1.2599728,970,300.0,0.01,1075200,3584,0.0036089946515858173,0.0001,10351
1108,-1.05443405,970,300.0,0.01,1076400,3588,0.004217991139739752,0.0001,10363
1109,-0.54530906,971,300.0,0.01,1077600,3592,0.004527044016867876,0.0001,10375
1109,-0.12298012999999987,971,300.0,0.01,1078800,3596,0.004700799006968737,0.0001,10387
1110,-0.1511447899999998,972,300.0,0.01,1080000,3600,0.005808359012007713,0.0001,10399
1111,0.08392656000000016,972,300.0,0.01,1081200,3604,0.004777696914970875,0.0001,10411
1112,0.18879007000000006,973,300.0,0.01,1082400,3608,0.004983274731785059,0.0001,10423
1112,-0.2267657599999999,973,300.0,0.01,1083600,3612,0.005622330587357283,0.0001,10435
1113,-0.7244765099999995,974,300.0,0.01,1084800,3616,0.005236759316176176,0.0001,10447
1114,-0.7159168599999998,974,300.0,0.01,1086000,3620,0.007286604959517717,0.0001,10459
1114,-0.8492887899999998,975,300.0,0.01,1087200,3624,0.006719195283949375,0.0001,10471
1115,-1.4235929499999997,975,300.0,0.01,1088400,3628,0.006041061133146286,0.0001,10483
1116,-1.5818506100000003,975,300.0,0.01,1089600,3632,0.004713611677289009,0.0001,10495
1117,-1.6546115300000002,976,300.0,0.01,1090800,3636,0.004272740334272385,0.0001,10507
1118,-0.6864037699999999,976,300.0,0.01,1092000,3640,0.00674132164567709,0.0001,10519
1119,-0.54591484,976,300.0,0.01,1093200,3644,0.0073275319300591946,0.0001,10531
1119,-0.69616123,977,300.0,0.01,1094400,3648,0.006066495086997747,0.0001,10543
1120,-0.6535785500000002,977,300.0,0.01,1095600,3652,0.0036437681410461664,0.0001,10555
1121,-0.8074820400000001,978,300.0,0.01,1096800,3656,0.005860392935574055,0.0001,10567
1122,-0.9005307,978,300.0,0.01,1098000,3660,0.006113863550126553,0.0001,10579
1122,-1.11919445,978,300.0,0.01,1099200,3664,0.009388729929924011,0.0001,10591
1178,-0.8984814300000002,933,300.0,0.01,1100400,3668,0.005991965066641569,0.0001,10603
1179,-0.63620749,933,300.0,0.01,1101600,3672,0.007026520557701588,0.0001,10615
1180,-0.5996276200000001,934,300.0,0.01,1102800,3676,0.006580982357263565,0.0001,10627
1181,-0.5792609900000001,934,300.0,0.01,1104000,3680,0.004848731681704521,0.0001,10639
1181,-0.27456805999999984,935,300.0,0.01,1105200,3684,0.004853026010096073,0.0001,10651
1182,-0.31103480000000006,935,300.0,0.01,1106400,3688,0.005332550965249538,0.0001,10663
1183,-0.66515771,936,300.0,0.01,1107600,3692,0.0035019791685044765,0.0001,10675
1184,-1.10431959,936,300.0,0.01,1108800,3696,0.007399219088256359,0.0001,10687
1184,-1.41566372,936,300.0,0.01,1110000,3700,0.004270174540579319,0.0001,10699
1185,-1.2725058300000003,937,300.0,0.01,1111200,3704,0.004766877740621567,0.0001,10711
1186,-1.0564801700000002,937,300.0,0.01,1112400,3708,0.005715928040444851,0.0001,10723
1188,-0.78815583,937,300.0,0.01,1113600,3712,0.005982859525829554,0.0001,10735
1189,-0.4577097799999999,937,300.0,0.01,1114800,3716,0.0048201666213572025,0.0001,10747
1190,-0.54240829,937,300.0,0.01,1116000,3720,0.004711892921477556,0.0001,10759
1191,-0.9732629599999999,937,300.0,0.01,1117200,3724,0.008756812661886215,0.0001,10771
1192,-0.6824906299999999,938,300.0,0.01,1118400,3728,0.005705799907445908,0.0001,10783
1192,-0.27120169999999993,938,300.0,0.01,1119600,3732,0.0071855890564620495,0.0001,10795
1193,-0.41623800000000005,939,300.0,0.01,1120800,3736,0.004816461354494095,0.0001,10807
1194,-0.4798215699999999,939,300.0,0.01,1122000,3740,0.003579996293410659,0.0001,10819
1195,-0.62823937,939,300.0,0.01,1123200,3744,0.004493141546845436,0.0001,10831
1195,-0.7557193500000002,940,300.0,0.01,1124400,3748,0.005076360888779163,0.0001,10843
1196,-0.7593125300000003,940,300.0,0.01,1125600,3752,0.004840358160436153,0.0001,10855
1197,-0.70044232,940,300.0,0.01,1126800,3756,0.003843760583549738,0.0001,10867
1198,-0.48530646,941,300.0,0.01,1128000,3760,0.005877787247300148,0.0001,10879
1198,-0.1824531899999999,941,300.0,0.01,1129200,3764,0.005104231648147106,0.0001,10891
1199,-0.3708887899999999,942,300.0,0.01,1130400,3768,0.0067929597571492195,0.0001,10903
1200,-0.12065226999999973,942,300.0,0.01,1131600,3772,0.0060112364590168,0.0001,10915
1201,0.6139698200000002,943,300.0,0.01,1132800,3776,0.005461164750158787,0.0001,10927
1201,0.6365733600000001,943,300.0,0.01,1134000,3780,0.005288860760629177,0.0001,10939
1202,0.23308362999999999,944,300.0,0.01,1135200,3784,0.006846377160400152,0.0001,10951
1203,-0.004723829999999916,944,300.0,0.01,1136400,3788,0.0050671836361289024,0.0001,10963
1203,0.024227380000000017,944,300.0,0.01,1137600,3792,0.005630027502775192,0.0001,10975
1204,0.50135428,945,300.0,0.01,1138800,3796,0.005561320576816797,0.0001,10987
1205,1.1366964800000001,945,300.0,0.01,1140000,3800,0.006035949103534222,0.0001,10999
1206,1.20332667,946,300.0,0.01,1141200,3804,0.004797162022441626,0.0001,11011
1207,1.1546761400000003,946,300.0,0.01,1142400,3808,0.004744342528283596,0.0001,11023
1207,1.4098952900000006,946,300.0,0.01,1143600,3812,0.004261888563632965,0.0001,11035
1208,1.269534,947,300.0,0.01,1144800,3816,0.005815938580781221,0.0001,11047
1209,1.30109911,947,300.0,0.01,1146000,3820,0.006965307984501123,0.0001,11059
1210,1.6011515500000002,947,300.0,0.01,1147200,3824,0.006241641938686371,0.0001,11071
1211,1.3574581799999998,948,300.0,0.01,1148400,3828,0.004795040003955364,0.0001,11083
1211,1.26962677,948,300.0,0.01,1149600,3832,0.006414385046809912,0.0001,11095
1212,1.7133149,949,300.0,0.01,1150800,3836,0.005099778529256582,0.0001,11107
1213,1.55917058,949,300.0,0.01,1152000,3840,0.007173583842813969,0.0001,11119
1213,2.12304272,950,300.0,0.01,1153200,3844,0.003970791585743427,0.0001,11131
1214,2.47200194,950,300.0,0.01,1154400,3848,0.007367115467786789,0.0001,11143
1215,2.31531563,950,300.0,0.01,1155600,3852,0.003925864584743977,0.0001,11155
1216,2.87135911,951,300.0,0.01,1156800,3856,0.006438925862312317,0.0001,11167
1216,3.04126478,951,300.0,0.01,1158000,3860,0.005675709806382656,0.0001,11179
1217,2.4831193100000006,951,300.0,0.01,1159200,3864,0.00486015947535634,0.0001,11191
1218,2.45827563,952,300.0,0.01,1160400,3868,0.0044181616976857185,0.0001,11203
1219,1.9986238399999998,952,300.0,0.01,1161600,3872,0.004472150932997465,0.0001,11215
1220,1.37147272,953,300.0,0.01,1162800,3876,0.004616331774741411,0.0001,11227
1220,1.03449813,953,300.0,0.01,1164000,3880,0.005599320400506258,0.0001,11239
1221,1.1765447299999998,953,300.0,0.01,1165200,3884,0.004726859740912914,0.0001,11251
1222,1.2818972100000001,954,300.0,0.01,1166400,3888,0.0061106132343411446,0.0001,11263
1223,1.4469238599999994,954,300.0,0.01,1167600,3892,0.0055707525461912155,0.0001,11275
1223,1.1587493999999998,954,300.0,0.01,1168800,3896,0.007275975309312344,0.0001,11287
1224,0.7570516700000001,955,300.0,0.01,1170000,3900,0.0062926472164690495,0.0001,11299
1225,0.59393133,955,300.0,0.01,1171200,3904,0.004254143685102463,0.0001,11311
1226,0.5694643799999999,956,300.0,0.01,1172400,3908,0.005312804132699966,0.0001,11323
1226,0.8113245499999999,956,300.0,0.01,1173600,3912,0.005505451932549477,0.0001,11335
1227,0.4991994199999998,956,300.0,0.01,1174800,3916,0.004802053794264793,0.0001,11347
1228,0.7840047399999998,957,300.0,0.01,1176000,3920,0.0059899319894611835,0.0001,11359
1229,0.7394382,957,300.0,0.01,1177200,3924,0.005134147591888905,0.0001,11371
1229,0.9850346999999996,958,300.0,0.01,1178400,3928,0.005933518987149,0.0001,11383
1230,0.59230979,958,300.0,0.01,1179600,3932,0.004092131741344929,0.0001,11395
1231,0.59221678,959,300.0,0.01,1180800,3936,0.005022161640226841,0.0001,11407
1231,0.7656835399999997,959,300.0,0.01,1182000,3940,0.005719276610761881,0.0001,11419
1232,0.5885110299999998,960,300.0,0.01,1183200,3944,0.008378528989851475,0.0001,11431
1233,-0.06844318000000012,960,300.0,0.01,1184400,3948,0.005159761290997267,0.0001,11443
1233,-0.31284142000000015,960,300.0,0.01,1185600,3952,0.011640428565442562,0.0001,11455
1234,-0.7083506999999999,961,300.0,0.01,1186800,3956,0.0046592275612056255,0.0001,11467
1235,-1.1724064699999996,961,300.0,0.01,1188000,3960,0.006100638769567013,0.0001,11479
1236,-0.9615328299999999,962,300.0,0.01,1189200,3964,0.00636160047724843,0.0001,11491
1237,-0.9044065600000002,962,300.0,0.01,1190400,3968,0.004743657074868679,0.0001,11503
1237,-0.9125639199999999,962,300.0,0.01,1191600,3972,0.0041730524972081184,0.0001,11515
1238,-0.8025313900000001,963,300.0,0.01,1192800,3976,0.0045775664038956165,0.0001,11527
1239,-0.69571193,963,300.0,0.01,1194000,3980,0.0058311838656663895,0.0001,11539
1240,-0.6796523500000003,963,300.0,0.01,1195200,3984,0.0048569063656032085,0.0001,11551
1240,-0.3435699900000004,964,300.0,0.01,1196400,3988,0.0052367160096764565,0.0001,11563
1241,-0.11543002000000042,964,300.0,0.01,1197600,3992,0.0071893008425831795,0.0001,11575
1242,-0.048931140000000185,964,300.0,0.01,1198800,3996,0.0037902973126620054,0.0001,11587
1298,-0.0644712300000001,924,300.0,0.01,1200000,4000,0.004975522868335247,0.0001,11599
1299,-0.28725586,924,300.0,0.01,1201200,4004,0.004371639806777239,0.0001,11611
1300,-0.5868094899999998,924,300.0,0.01,1202400,4008,0.005118945613503456,0.0001,11623
1301,-0.9871624099999998,925,300.0,0.01,1203600,4012,0.004684962332248688,0.0001,11635
1301,-0.45782529000000005,925,300.0,0.01,1204800,4016,0.006241058465093374,0.0001,11647
1302,-0.8165018699999999,925,300.0,0.01,1206000,4020,0.005070015322417021,0.0001,11659
1303,-0.6146695299999997,926,300.0,0.01,1207200,4024,0.005016488954424858,0.0001,11671
1303,-0.4053182799999998,926,300.0,0.01,1208400,4028,0.011238962411880493,0.0001,11683
1304,0.29526528,927,300.0,0.01,1209600,4032,0.006402508821338415,0.0001,11695
1305,0.02225605000000005,927,300.0,0.01,1210800,4036,0.005044299177825451,0.0001,11707
1306,-0.22435861999999987,927,300.0,0.01,1212000,4040,0.006920741405338049,0.0001,11719
1307,-0.83260657,927,300.0,0.01,1213200,4044,0.007624001707881689,0.0001,11731
1308,-0.7031592800000002,928,300.0,0.01,1214400,4048,0.0052551934495568275,0.0001,11743
1309,-0.5301685400000001,928,300.0,0.01,1215600,4052,0.005573928356170654,0.0001,11755
1309,-0.4494148100000001,928,300.0,0.01,1216800,4056,0.010541608557105064,0.0001,11767
1310,-0.34665933000000054,929,300.0,0.01,1218000,4060,0.005387756507843733,0.0001,11779
1311,-0.5947209000000003,929,300.0,0.01,1219200,4064,0.006909498013556004,0.0001,11791
1312,-0.70036959,930,300.0,0.01,1220400,4068,0.00471803592517972,0.0001,11803
1312,-0.5885265800000001,930,300.0,0.01,1221600,4072,0.005129932425916195,0.0001,11815
1313,-0.5354989100000003,930,300.0,0.01,1222800,4076,0.004354378674179316,0.0001,11827
1314,-0.5036546400000002,931,300.0,0.01,1224000,4080,0.004144240170717239,0.0001,11839
1315,-0.2812200900000001,931,300.0,0.01,1225200,4084,0.005967112258076668,0.0001,11851
1315,-0.5255332899999999,932,300.0,0.01,1226400,4088,0.005039856769144535,0.0001,11863
1316,-0.7651521499999996,932,300.0,0.01,1227600,4092,0.006555589381605387,0.0001,11875
1317,-0.41405844,932,300.0,0.01,1228800,4096,0.006062512286007404,0.0001,11887
1317,-0.4109081900000001,933,300.0,0.01,1230000,4100,0.005760259926319122,0.0001,11899
1318,-0.6565523800000002,933,300.0,0.01,1231200,4104,0.005545797757804394,0.0001,11911
1319,-0.2778249800000003,934,300.0,0.01,1232400,4108,0.0049430131912231445,0.0001,11923
1320,-0.3076289200000002,934,300.0,0.01,1233600,4112,0.008198738098144531,0.0001,11935
1320,-0.36925165000000004,934,300.0,0.01,1234800,4116,0.005135424435138702,0.0001,11947
1321,0.06319222999999999,935,300.0,0.01,1236000,4120,0.007088733371347189,0.0001,11959
1322,-0.22556939000000018,935,300.0,0.01,1237200,4124,0.006952366326004267,0.0001,11971
1322,-0.8718863600000003,936,300.0,0.01,1238400,4128,0.006312222220003605,0.0001,11983
1323,-1.43083046,936,300.0,0.01,1239600,4132,0.005781872197985649,0.0001,11995
1324,-1.2346140900000002,937,300.0,0.01,1240800,4136,0.004887961782515049,0.0001,12007
1324,-0.9335017099999999,937,300.0,0.01,1242000,4140,0.0045132325030863285,0.0001,12019
1325,-0.5647855900000002,937,300.0,0.01,1243200,4144,0.005687866825610399,0.0001,12031
1326,-0.14641655000000017,937,300.0,0.01,1244400,4148,0.0045433323830366135,0.0001,12043
1327,-0.11556518000000014,938,300.0,0.01,1245600,4152,0.004743603989481926,0.0001,12055
1328,-0.3880401800000001,938,300.0,0.01,1246800,4156,0.015772558748722076,0.0001,12067
1329,-0.3011478799999999,938,300.0,0.01,1248000,4160,0.005731879733502865,0.0001,12079
1330,0.2576858499999999,939,300.0,0.01,1249200,4164,0.0055990805849432945,0.0001,12091
1330,0.5573489199999999,939,300.0,0.01,1250400,4168,0.005778143182396889,0.0001,12103
1331,0.43835069000000004,939,300.0,0.01,1251600,4172,0.005295260809361935,0.0001,12115
1332,0.37896916999999986,940,300.0,0.01,1252800,4176,0.004579893313348293,0.0001,12127
1333,0.42153387999999986,940,300.0,0.01,1254000,4180,0.004427887964993715,0.0001,12139
1333,0.32464143,941,300.0,0.01,1255200,4184,0.006569874472916126,0.0001,12151
1334,0.23856142000000002,941,300.0,0.01,1256400,4188,0.003995912615209818,0.0001,12163
1335,0.3316589899999998,941,300.0,0.01,1257600,4192,0.003769826842471957,0.0001,12175
1335,-0.2940121100000001,942,300.0,0.01,1258800,4196,0.0075624301098287106,0.0001,12187
1336,-0.4478817299999999,942,300.0,0.01,1260000,4200,0.004352566786110401,0.0001,12199
1337,0.08280860000000018,942,300.0,0.01,1261200,4204,0.005773583427071571,0.0001,12211
1338,-0.05861636999999981,943,300.0,0.01,1262400,4208,0.009962538257241249,0.0001,12223
1339,0.050693880000000205,943,300.0,0.01,1263600,4212,0.004158140160143375,0.0001,12235
1339,0.19284583000000005,944,300.0,0.01,1264800,4216,0.00439256289973855,0.0001,12247
1340,0.025444280000000093,944,300.0,0.01,1266000,4220,0.006477507762610912,0.0001,12259
1341,0.04011379000000005,944,300.0,0.01,1267200,4224,0.0033750964794307947,0.0001,12271
1342,0.3643067400000002,944,300.0,0.01,1268400,4228,0.006457988638430834,0.0001,12283
1343,0.7248450000000001,945,300.0,0.01,1269600,4232,0.004207266960293055,0.0001,12295
1343,0.70414987,945,300.0,0.01,1270800,4236,0.00675442349165678,0.0001,12307
1344,0.54036853,946,300.0,0.01,1272000,4240,0.006505822762846947,0.0001,12319
1345,0.3851660699999999,946,300.0,0.01,1273200,4244,0.004458712879568338,0.0001,12331
1345,0.15855309999999986,946,300.0,0.01,1274400,4248,0.005528857931494713,0.0001,12343
1346,0.06255902999999984,947,300.0,0.01,1275600,4252,0.007635653484612703,0.0001,12355
1347,0.03119506999999981,947,300.0,0.01,1276800,4256,0.00876254215836525,0.0001,12367
1348,0.3274777599999999,947,300.0,0.01,1278000,4260,0.006648960988968611,0.0001,12379
1348,0.25952348999999997,948,300.0,0.01,1279200,4264,0.006683532614260912,0.0001,12391
1349,-0.03212657,948,300.0,0.01,1280400,4268,0.0038069789297878742,0.0001,12403
1350,-0.03389376000000011,949,300.0,0.01,1281600,4272,0.0053365761414170265,0.0001,12415
1351,-0.18746996,949,300.0,0.01,1282800,4276,0.006339821964502335,0.0001,12427
1351,-0.28506512,949,300.0,0.01,1284000,4280,0.005738195963203907,0.0001,12439
1352,-0.9026459300000004,950,300.0,0.01,1285200,4284,0.008872498758137226,0.0001,12451
1353,-1.07486601,950,300.0,0.01,1286400,4288,0.007219373248517513,0.0001,12463
1353,-1.6185722200000003,951,300.0,0.01,1287600,4292,0.006239071488380432,0.0001,12475
1354,-1.3395353300000001,951,300.0,0.01,1288800,4296,0.006518403999507427,0.0001,12487
1355,-1.0675092600000002,951,300.0,0.01,1290000,4300,0.006103249732404947,0.0001,12499
1356,-1.0745232,952,300.0,0.01,1291200,4304,0.0067259869538247585,0.0001,12511
1357,-0.9053547399999999,952,300.0,0.01,1292400,4308,0.006145277991890907,0.0001,12523
1357,-0.8565780699999999,952,300.0,0.01,1293600,4312,0.004268948920071125,0.0001,12535
1358,-1.0345235400000004,953,300.0,0.01,1294800,4316,0.0077634346671402454,0.0001,12547
1359,-1.0834210700000002,953,300.0,0.01,1296000,4320,0.004703018348664045,0.0001,12559
1359,-1.37977112,953,300.0,0.01,1297200,4324,0.006214490160346031,0.0001,12571
1360,-1.1199049799999998,954,300.0,0.01,1298400,4328,0.004253859166055918,0.0001,12583
1361,-1.22812385,954,300.0,0.01,1299600,4332,0.004902979359030724,0.0001,12595
1418,-1.2528580100000004,916,300.0,0.01,1300800,4336,0.0076723662205040455,0.0001,12607
1419,-1.4544819900000001,917,300.0,0.01,1302000,4340,0.004715395625680685,0.0001,12619
1420,-1.17201874,917,300.0,0.01,1303200,4344,0.011619152501225471,0.0001,12631
1420,-0.8220109600000001,917,300.0,0.01,1304400,4348,0.0042291609570384026,0.0001,12643
1421,-0.8042044000000002,918,300.0,0.01,1305600,4352,0.004830318968743086,0.0001,12655
1422,-0.82893225,918,300.0,0.01,1306800,4356,0.007977771572768688,0.0001,12667
1423,-0.96043611,919,300.0,0.01,1308000,4360,0.006582428701221943,0.0001,12679
1423,-1.6286765099999996,919,300.0,0.01,1309200,4364,0.005136923398822546,0.0001,12691
1424,-1.75326413,919,300.0,0.01,1310400,4368,0.008612334728240967,0.0001,12703
1425,-1.6181108599999998,920,300.0,0.01,1311600,4372,0.00582569744437933,0.0001,12715
1426,-1.4156519799999998,920,300.0,0.01,1312800,4376,0.010470845736563206,0.0001,12727
1427,-1.3670587099999993,920,300.0,0.01,1314000,4380,0.0044627743773162365,0.0001,12739
1428,-0.61434274,920,300.0,0.01,1315200,4384,0.005407202057540417,0.0001,12751
1428,-0.21859031999999992,921,300.0,0.01,1316400,4388,0.009358626790344715,0.0001,12763
1429,0.37899643000000016,921,300.0,0.01,1317600,4392,0.0053588468581438065,0.0001,12775
1430,0.18711478000000006,921,300.0,0.01,1318800,4396,0.0037041413597762585,0.0001,12787
1431,0.5553972999999999,922,300.0,0.01,1320000,4400,0.005345107987523079,0.0001,12799
1432,0.27951832000000004,922,300.0,0.01,1321200,4404,0.006178774870932102,0.0001,12811
1432,0.1639169600000001,922,300.0,0.01,1322400,4408,0.009185044094920158,0.0001,12823
1433,0.5816067799999999,923,300.0,0.01,1323600,4412,0.007231110241264105,0.0001,12835
1434,0.71531546,923,300.0,0.01,1324800,4416,0.004585998132824898,0.0001,12847
1434,0.5323119399999999,924,300.0,0.01,1326000,4420,0.00535366777330637,0.0001,12859
1435,1.00947925,924,300.0,0.01,1327200,4424,0.006667152512818575,0.0001,12871
1436,0.7131535399999998,924,300.0,0.01,1328400,4428,0.004598485305905342,0.0001,12883
1437,0.5806597199999998,924,300.0,0.01,1329600,4432,0.010445935651659966,0.0001,12895
1438,0.5863875000000003,925,300.0,0.01,1330800,4436,0.006810775026679039,0.0001,12907
1438,0.7107972300000003,925,300.0,0.01,1332000,4440,0.0061972783878445625,0.0001,12919
1439,0.3923011700000002,925,300.0,0.01,1333200,4444,0.005747713148593903,0.0001,12931
1440,0.3099413000000002,926,300.0,0.01,1334400,4448,0.009083539247512817,0.0001,12943
1441,0.8551338200000003,926,300.0,0.01,1335600,4452,0.005255368538200855,0.0001,12955
1441,0.97926609,927,300.0,0.01,1336800,4456,0.005853908136487007,0.0001,12967
1442,0.7346016800000001,927,300.0,0.01,1338000,4460,0.00464742723852396,0.0001,12979
1443,1.00002958,927,300.0,0.01,1339200,4464,0.004946991801261902,0.0001,12991
1443,1.2650649200000001,928,300.0,0.01,1340400,4468,0.00905127264559269,0.0001,13003
1444,1.26116718,928,300.0,0.01,1341600,4472,0.0038305772468447685,0.0001,13015
1445,1.1258753400000001,929,300.0,0.01,1342800,4476,0.005843653343617916,0.0001,13027
1446,1.04649952,929,300.0,0.01,1344000,4480,0.005194467026740313,0.0001,13039
1447,0.7939328299999999,929,300.0,0.01,1345200,4484,0.004701274447143078,0.0001,13051
1448,0.4965586200000001,929,300.0,0.01,1346400,4488,0.006653623655438423,0.0001,13063
1448,0.48164533000000004,930,300.0,0.01,1347600,4492,0.005835556425154209,0.0001,13075
1449,0.81980293,930,300.0,0.01,1348800,4496,0.007307783234864473,0.0001,13087
1450,0.06254234000000007,930,300.0,0.01,1350000,4500,0.007659185212105513,0.0001,13099
1451,0.19610160000000007,931,300.0,0.01,1351200,4504,0.0060881879180669785,0.0001,13111
1451,0.06916815000000001,931,300.0,0.01,1352400,4508,0.014829842373728752,0.0001,13123
1452,-0.19502466,931,300.0,0.01,1353600,4512,0.0070855082012712955,0.0001,13135
1453,-0.08638173999999997,932,300.0,0.01,1354800,4516,0.005108776036649942,0.0001,13147
1453,0.20942054000000002,932,300.0,0.01,1356000,4520,0.0057480293326079845,0.0001,13159
1454,-0.3403649799999999,933,300.0,0.01,1357200,4524,0.00621641892939806,0.0001,13171
1455,-0.09986688999999999,933,300.0,0.01,1358400,4528,0.004582414403557777,0.0001,13183
1456,-0.2030642700000001,933,300.0,0.01,1359600,4532,0.007194218225777149,0.0001,13195
1457,-0.38381651000000006,933,300.0,0.01,1360800,4536,0.00811306107789278,0.0001,13207
1458,-0.52146243,933,300.0,0.01,1362000,4540,0.00959064345806837,0.0001,13219
1459,-0.3268545200000002,934,300.0,0.01,1363200,4544,0.0041335467249155045,0.0001,13231
1459,-0.5680472300000001,934,300.0,0.01,1364400,4548,0.005138905718922615,0.0001,13243
1460,-0.4436058000000001,934,300.0,0.01,1365600,4552,0.003835035255178809,0.0001,13255
1461,-0.16612284999999996,935,300.0,0.01,1366800,4556,0.007046367973089218,0.0001,13267
1462,-0.3353003400000001,935,300.0,0.01,1368000,4560,0.006045446265488863,0.0001,13279
1463,-0.07620002000000027,935,300.0,0.01,1369200,4564,0.0046913279220461845,0.0001,13291
1463,0.057546319999999776,936,300.0,0.01,1370400,4568,0.005299517419189215,0.0001,13303
1464,0.18523948999999984,936,300.0,0.01,1371600,4572,0.009317772462964058,0.0001,13315
1465,-0.2575117800000001,936,300.0,0.01,1372800,4576,0.006497859954833984,0.0001,13327
1466,0.18025024999999986,937,300.0,0.01,1374000,4580,0.00630075903609395,0.0001,13339
1466,0.1045095799999999,937,300.0,0.01,1375200,4584,0.00457374844700098,0.0001,13351
1467,0.27614233000000005,937,300.0,0.01,1376400,4588,0.007312430068850517,0.0001,13363
1468,0.28249949999999996,938,300.0,0.01,1377600,4592,0.004974449053406715,0.0001,13375
1469,0.11237694999999986,938,300.0,0.01,1378800,4596,0.008397679775953293,0.0001,13387
1469,0.6819182399999997,938,300.0,0.01,1380000,4600,0.003891875734552741,0.0001,13399
1470,-0.18350272000000017,939,300.0,0.01,1381200,4604,0.007372407708317041,0.0001,13411
1471,-0.20280895000000015,939,300.0,0.01,1382400,4608,0.00508287874981761,0.0001,13423
1472,-0.4884245299999999,939,300.0,0.01,1383600,4612,0.005355210043489933,0.0001,13435
1472,-0.6212583099999998,940,300.0,0.01,1384800,4616,0.006534983403980732,0.0001,13447
1473,-1.13424571,940,300.0,0.01,1386000,4620,0.005412483122199774,0.0001,13459
1474,-0.8231110499999998,940,300.0,0.01,1387200,4624,0.006041009910404682,0.0001,13471
1475,-1.1058920199999998,941,300.0,0.01,1388400,4628,0.005404826253652573,0.0001,13483
1475,-0.6499863299999997,941,300.0,0.01,1389600,4632,0.004934912547469139,0.0001,13495
1476,-0.5021363099999996,941,300.0,0.01,1390800,4636,0.003669109893962741,0.0001,13507
1477,-0.27192652999999983,941,300.0,0.01,1392000,4640,0.006533320993185043,0.0001,13519
1478,-0.41357720999999986,942,300.0,0.01,1393200,4644,0.005895376205444336,0.0001,13531
1479,-0.54298287,942,300.0,0.01,1394400,4648,0.004367476794868708,0.0001,13543
1479,-0.5742425400000001,943,300.0,0.01,1395600,4652,0.0136429937556386,0.0001,13555
1480,-1.0096235699999996,943,300.0,0.01,1396800,4656,0.005470741540193558,0.0001,13567
1481,-1.05922809,943,300.0,0.01,1398000,4660,0.005661502480506897,0.0001,13579
1482,-1.2659167300000003,943,300.0,0.01,1399200,4664,0.006318956613540649,0.0001,13591
1540,-1.5016890300000003,909,300.0,0.01,1400400,4668,0.014742640778422356,0.0001,13603
1541,-2.3629895400000005,909,300.0,0.01,1401600,4672,0.008367417380213737,0.0001,13615
1542,-1.9925294399999998,909,300.0,0.01,1402800,4676,0.006128820590674877,0.0001,13627
1543,-2.3741041999999997,909,300.0,0.01,1404000,4680,0.005150606855750084,0.0001,13639
1543,-2.17031113,910,300.0,0.01,1405200,4684,0.005450371652841568,0.0001,13651
1544,-2.6034106299999995,910,300.0,0.01,1406400,4688,0.003977508284151554,0.0001,13663
1545,-2.6781376200000007,910,300.0,0.01,1407600,4692,0.006534311454743147,0.0001,13675
1546,-2.62101554,911,300.0,0.01,1408800,4696,0.008169995620846748,0.0001,13687
1547,-2.9953603399999995,911,300.0,0.01,1410000,4700,0.006414914969354868,0.0001,13699
1548,-2.35273831,911,300.0,0.01,1411200,4704,0.005149404518306255,0.0001,13711
1548,-2.28509288,911,300.0,0.01,1412400,4708,0.0036283908411860466,0.0001,13723
1549,-1.9185543799999993,912,300.0,0.01,1413600,4712,0.00526841264218092,0.0001,13735
1550,-1.9735981799999995,912,300.0,0.01,1414800,4716,0.005548814311623573,0.0001,13747
1551,-1.7036503799999998,912,300.0,0.01,1416000,4720,0.005887417122721672,0.0001,13759
1552,-1.2598182699999998,913,300.0,0.01,1417200,4724,0.006724276579916477,0.0001,13771
1552,-1.2804894199999999,913,300.0,0.01,1418400,4728,0.005275839939713478,0.0001,13783
1553,-1.74875088,913,300.0,0.01,1419600,4732,0.007562913931906223,0.0001,13795
1554,-1.1823953899999997,914,300.0,0.01,1420800,4736,0.00553103256970644,0.0001,13807
1555,-1.1574725899999998,914,300.0,0.01,1422000,4740,0.006066317204385996,0.0001,13819
1555,-1.2376029199999998,914,300.0,0.01,1423200,4744,0.00824922788888216,0.0001,13831
1556,-1.0822571699999997,915,300.0,0.01,1424400,4748,0.003772399388253689,0.0001,13843
1557,-1.52759123,915,300.0,0.01,1425600,4752,0.008255229331552982,0.0001,13855
1558,-1.37944381,915,300.0,0.01,1426800,4756,0.010467221960425377,0.0001,13867
1558,-0.84179404,915,300.0,0.01,1428000,4760,0.007988308556377888,0.0001,13879
1559,-0.7952163300000001,916,300.0,0.01,1429200,4764,0.00762529531493783,0.0001,13891
1560,-0.70868336,916,300.0,0.01,1430400,4768,0.011058995500206947,0.0001,13903
1561,0.08586769000000002,916,300.0,0.01,1431600,4772,0.010543681681156158,0.0001,13915
1562,0.16079123999999986,917,300.0,0.01,1432800,4776,0.005239357706159353,0.0001,13927
1562,0.32294155999999996,917,300.0,0.01,1434000,4780,0.005274099297821522,0.0001,13939
1563,0.52088039,917,300.0,0.01,1435200,4784,0.006018982268869877,0.0001,13951
1564,0.9006395499999996,918,300.0,0.01,1436400,4788,0.02923649363219738,0.0001,13963
1565,0.9667414200000001,918,300.0,0.01,1437600,4792,0.006284407339990139,0.0001,13975
1565,0.94691294,918,300.0,0.01,1438800,4796,0.004778563044965267,0.0001,13987
1566,0.9167155600000001,919,300.0,0.01,1440000,4800,0.006201897747814655,0.0001,13999
1567,1.1111407000000002,919,300.0,0.01,1441200,4804,0.007030409295111895,0.0001,14011
1568,1.31024443,919,300.0,0.01,1442400,4808,0.009790778160095215,0.0001,14023
1569,1.2666882299999997,920,300.0,0.01,1443600,4812,0.006598625332117081,0.0001,14035
1569,1.1337858399999998,920,300.0,0.01,1444800,4816,0.00458893459290266,0.0001,14047
1570,0.9867235700000001,920,300.0,0.01,1446000,4820,0.010120447725057602,0.0001,14059
1571,0.6755990900000002,920,300.0,0.01,1447200,4824,0.007654895074665546,0.0001,14071
1572,0.7791214599999998,921,300.0,0.01,1448400,4828,0.0029450298752635717,0.0001,14083
1573,1.0748351999999997,921,300.0,0.01,1449600,4832,0.006303025409579277,0.0001,14095
1573,0.6482970399999999,921,300.0,0.01,1450800,4836,0.009649834595620632,0.0001,14107
1574,1.02797731,922,300.0,0.01,1452000,4840,0.007225369103252888,0.0001,14119
1575,1.3552972300000001,922,300.0,0.01,1453200,4844,0.00420377729460597,0.0001,14131
1576,1.01797623,922,300.0,0.01,1454400,4848,0.004671131260693073,0.0001,14143
1576,1.3499211400000002,923,300.0,0.01,1455600,4852,0.005476057529449463,0.0001,14155
1577,1.26944578,923,300.0,0.01,1456800,4856,0.00799599289894104,0.0001,14167
1578,0.75833216,923,300.0,0.01,1458000,4860,0.00540717039257288,0.0001,14179
1579,0.73611722,923,300.0,0.01,1459200,4864,0.0044037289917469025,0.0001,14191
1580,0.5037169699999999,924,300.0,0.01,1460400,4868,0.007081080228090286,0.0001,14203
1581,0.5992043300000001,924,300.0,0.01,1461600,4872,0.004668522626161575,0.0001,14215
1581,0.6018225799999999,924,300.0,0.01,1462800,4876,0.005730955395847559,0.0001,14227
1582,0.39942673,925,300.0,0.01,1464000,4880,0.00520092248916626,0.0001,14239
1583,0.06323939999999992,925,300.0,0.01,1465200,4884,0.005263781640678644,0.0001,14251
1584,-0.21693060000000014,925,300.0,0.01,1466400,4888,0.005964654963463545,0.0001,14263
1584,-0.39485983999999996,926,300.0,0.01,1467600,4892,0.005909271072596312,0.0001,14275
1585,-0.4487461099999999,926,300.0,0.01,1468800,4896,0.008230608887970448,0.0001,14287
1586,-0.5532543400000001,926,300.0,0.01,1470000,4900,0.005010513123124838,0.0001,14299
1587,-0.7569198100000003,926,300.0,0.01,1471200,4904,0.004863596986979246,0.0001,14311
1587,-0.8938746700000002,927,300.0,0.01,1472400,4908,0.006399237550795078,0.0001,14323
1588,-1.26147299,927,300.0,0.01,1473600,4912,0.006930244155228138,0.0001,14335
1589,-1.1738691399999999,927,300.0,0.01,1474800,4916,0.0073189507238566875,0.0001,14347
1590,-1.1357447399999998,928,300.0,0.01,1476000,4920,0.01003359630703926,0.0001,14359
1591,-1.1364337899999999,928,300.0,0.01,1477200,4924,0.01613973081111908,0.0001,14371
1591,-1.2338187599999997,928,300.0,0.01,1478400,4928,0.006375843659043312,0.0001,14383
1592,-1.99599013,929,300.0,0.01,1479600,4932,0.016505209729075432,0.0001,14395
1593,-2.4740722600000002,929,300.0,0.01,1480800,4936,0.014665513299405575,0.0001,14407
1594,-2.7924464499999995,929,300.0,0.01,1482000,4940,0.006691081449389458,0.0001,14419
1594,-2.89633783,929,300.0,0.01,1483200,4944,0.005919202696532011,0.0001,14431
1595,-2.4940053999999994,930,300.0,0.01,1484400,4948,0.011103266850113869,0.0001,14443
1596,-2.81248648,930,300.0,0.01,1485600,4952,0.007913865149021149,0.0001,14455
1597,-2.50543053,930,300.0,0.01,1486800,4956,0.005013534799218178,0.0001,14467
1598,-2.2897839099999997,930,300.0,0.01,1488000,4960,0.006320998538285494,0.0001,14479
1599,-2.37678391,931,300.0,0.01,1489200,4964,0.006853135302662849,0.0001,14491
1600,-2.04169882,931,300.0,0.01,1490400,4968,0.006001066416501999,0.0001,14503
1600,-2.44988031,931,300.0,0.01,1491600,4972,0.005776565056294203,0.0001,14515
1601,-2.44559395,931,300.0,0.01,1492800,4976,0.006543964147567749,0.0001,14527
1602,-2.5127280100000005,932,300.0,0.01,1494000,4980,0.005338232032954693,0.0001,14539
1603,-2.42474533,932,300.0,0.01,1495200,4984,0.0056115491315722466,0.0001,14551
1603,-1.8732185499999998,932,300.0,0.01,1496400,4988,0.00946524366736412,0.0001,14563
1604,-1.1523068600000002,933,300.0,0.01,1497600,4992,0.00835699588060379,0.0001,14575
1605,-1.09261614,933,300.0,0.01,1498800,4996,0.006703102495521307,0.0001,14587
1664,-0.46768949999999976,901,300.0,0.01,1500000,5000,0.0055578020401299,0.0001,14599
1664,0.01004561999999992,901,300.0,0.01,1501200,5004,0.00770046841353178,0.0001,14611
1665,-0.06645839000000006,901,300.0,0.01,1502400,5008,0.006810989696532488,0.0001,14623
1666,-0.13731114999999997,902,300.0,0.01,1503600,5012,0.007390868850052357,0.0001,14635
1667,-0.2650315800000001,902,300.0,0.01,1504800,5016,0.003783350344747305,0.0001,14647
1668,-0.4867158999999999,902,300.0,0.01,1506000,5020,0.004899608436971903,0.0001,14659
1669,-0.5929407399999999,902,300.0,0.01,1507200,5024,0.00994366966187954,0.0001,14671
1670,-0.26735799999999993,903,300.0,0.01,1508400,5028,0.005049384664744139,0.0001,14683
1670,1.0876677199999998,903,300.0,0.01,1509600,5032,0.009958907030522823,0.0001,14695
1671,1.3794379099999998,903,300.0,0.01,1510800,5036,0.006414203438907862,0.0001,14707
1672,1.53717776,904,300.0,0.01,1512000,5040,0.009604220278561115,0.0001,14719
1673,1.6977649300000002,904,300.0,0.01,1513200,5044,0.007268009707331657,0.0001,14731
1673,1.57303558,904,300.0,0.01,1514400,5048,0.003888875711709261,0.0001,14743
1674,1.7115035400000003,904,300.0,0.01,1515600,5052,0.006685469299554825,0.0001,14755
1675,1.69340576,905,300.0,0.01,1516800,5056,0.009149491786956787,0.0001,14767
1676,1.5914972200000002,905,300.0,0.01,1518000,5060,0.004909926559776068,0.0001,14779
1677,1.63382925,905,300.0,0.01,1519200,5064,0.0075995768420398235,0.0001,14791
1677,1.6231626100000003,906,300.0,0.01,1520400,5068,0.004896849859505892,0.0001,14803
1678,1.9359941000000007,906,300.0,0.01,1521600,5072,0.006009514443576336,0.0001,14815
1679,2.2396280300000004,906,300.0,0.01,1522800,5076,0.0070338500663638115,0.0001,14827
1680,2.2369517500000002,907,300.0,0.01,1524000,5080,0.005799679551273584,0.0001,14839
1681,2.0811559500000008,907,300.0,0.01,1525200,5084,0.005621746648102999,0.0001,14851
1681,1.8072717900000006,907,300.0,0.01,1526400,5088,0.006126765627413988,0.0001,14863
1682,0.8370746700000001,907,300.0,0.01,1527600,5092,0.016274718567728996,0.0001,14875
1683,0.9510691500000001,908,300.0,0.01,1528800,5096,0.0057801962830126286,0.0001,14887
1683,0.42946698000000033,908,300.0,0.01,1530000,5100,0.008890664204955101,0.0001,14899
1684,0.06769476000000008,908,300.0,0.01,1531200,5104,0.008393112570047379,0.0001,14911
1685,-0.3819775000000002,909,300.0,0.01,1532400,5108,0.005308319348841906,0.0001,14923
1686,-0.3316381300000002,909,300.0,0.01,1533600,5112,0.03228627145290375,0.0001,14935
1687,-0.6539910400000001,909,300.0,0.01,1534800,5116,0.004658818244934082,0.0001,14947
1688,-0.39024282000000016,909,300.0,0.01,1536000,5120,0.003684885334223509,0.0001,14959
1689,-0.6476052800000001,910,300.0,0.01,1537200,5124,0.007720749359577894,0.0001,14971
1689,-0.29690049999999973,910,300.0,0.01,1538400,5128,0.0072189997881650925,0.0001,14983
1690,-0.6689346199999998,910,300.0,0.01,1539600,5132,0.0043238066136837006,0.0001,14995
1691,-0.6302958799999996,910,300.0,0.01,1540800,5136,0.0049192942678928375,0.0001,15007
1692,-0.5990454999999999,911,300.0,0.01,1542000,5140,0.009501021355390549,0.0001,15019
1692,-0.7180197900000002,911,300.0,0.01,1543200,5144,0.012720264494419098,0.0001,15031
1693,-0.4692896000000002,911,300.0,0.01,1544400,5148,0.005226717330515385,0.0001,15043
1694,-0.5662481100000002,912,300.0,0.01,1545600,5152,0.007211410440504551,0.0001,15055
1694,-0.6907780500000001,912,300.0,0.01,1546800,5156,0.006603848654776812,0.0001,15067
1695,-0.82888692,912,300.0,0.01,1548000,5160,0.010551497340202332,0.0001,15079
1696,-1.18199487,913,300.0,0.01,1549200,5164,0.008341625332832336,0.0001,15091
1697,-1.05525079,913,300.0,0.01,1550400,5168,0.006616069469600916,0.0001,15103
1698,-1.2965525399999998,913,300.0,0.01,1551600,5172,0.004012521356344223,0.0001,15115
1699,-1.9968624499999996,913,300.0,0.01,1552800,5176,0.006798853632062674,0.0001,15127
1700,-1.9687430199999993,914,300.0,0.01,1554000,5180,0.007961067371070385,0.0001,15139
1700,-1.81732777,914,300.0,0.01,1555200,5184,0.005526232998818159,0.0001,15151
1701,-1.96946264,914,300.0,0.01,1556400,5188,0.006678312551230192,0.0001,15163
1702,-1.75668807,914,300.0,0.01,1557600,5192,0.00826033391058445,0.0001,15175
1703,-2.2737982199999998,915,300.0,0.01,1558800,5196,0.004827494267374277,0.0001,15187
1704,-2.2180885700000004,915,300.0,0.01,1560000,5200,0.006433798931539059,0.0001,15199
1704,-2.0570165599999997,915,300.0,0.01,1561200,5204,0.005043933633714914,0.0001,15211
1705,-1.7319596299999998,915,300.0,0.01,1562400,5208,0.007013947237282991,0.0001,15223
1706,-1.4001540599999998,916,300.0,0.01,1563600,5212,0.007871972396969795,0.0001,15235
1707,-0.9707886099999999,916,300.0,0.01,1564800,5216,0.005566568113863468,0.0001,15247
1708,-0.7505374200000001,916,300.0,0.01,1566000,5220,0.007235717959702015,0.0001,15259
1709,-0.4263047300000001,916,300.0,0.01,1567200,5224,0.004262123256921768,0.0001,15271
1709,-0.8712780699999999,917,300.0,0.01,1568400,5228,0.006299958564341068,0.0001,15283
1710,-1.3414537599999996,917,300.0,0.01,1569600,5232,0.0077598076313734055,0.0001,15295
1711,-1.7599097899999998,917,300.0,0.01,1570800,5236,0.006338571198284626,0.0001,15307
1712,-2.0412396600000005,918,300.0,0.01,1572000,5240,0.004813564941287041,0.0001,15319
1712,-2.514192,918,300.0,0.01,1573200,5244,0.016034850850701332,0.0001,15331
1713,-2.6671922900000005,918,300.0,0.01,1574400,5248,0.007801323663443327,0.0001,15343
1714,-2.4549099500000002,919,300.0,0.01,1575600,5252,0.007718903012573719,0.0001,15355
1714,-2.65478226,919,300.0,0.01,1576800,5256,0.030836038291454315,0.0001,15367
1715,-2.43893582,919,300.0,0.01,1578000,5260,0.0056830113753676414,0.0001,15379
1716,-1.8867427399999996,919,300.0,0.01,1579200,5264,0.01138158980756998,0.0001,15391
1717,-2.24946395,920,300.0,0.01,1580400,5268,0.00690864585340023,0.0001,15403
1718,-2.0252606099999997,920,300.0,0.01,1581600,5272,0.006646322086453438,0.0001,15415
1719,-1.3216336200000003,920,300.0,0.01,1582800,5276,0.005080447066575289,0.0001,15427
1719,-1.21642915,921,300.0,0.01,1584000,5280,0.004698311910033226,0.0001,15439
1720,-1.29306995,921,300.0,0.01,1585200,5284,0.0052915881387889385,0.0001,15451
1721,-1.15289314,921,300.0,0.01,1586400,5288,0.005177692510187626,0.0001,15463
1722,-1.2267424600000003,921,300.0,0.01,1587600,5292,0.006093926727771759,0.0001,15475
1723,-0.45069453000000026,921,300.0,0.01,1588800,5296,0.020851045846939087,0.0001,15487
1723,-0.13240953000000008,922,300.0,0.01,1590000,5300,0.01057345699518919,0.0001,15499
1724,-0.14861069000000016,922,300.0,0.01,1591200,5304,0.007110803388059139,0.0001,15511
1725,-0.2015434100000001,922,300.0,0.01,1592400,5308,0.005085752345621586,0.0001,15523
1726,0.023048079999999905,923,300.0,0.01,1593600,5312,0.0068830568343400955,0.0001,15535
1727,-0.045852530000000086,923,300.0,0.01,1594800,5316,0.007976142689585686,0.0001,15547
1728,-0.31755931000000004,923,300.0,0.01,1596000,5320,0.005814447999000549,0.0001,15559
1728,-0.25922192999999993,923,300.0,0.01,1597200,5324,0.0075914934277534485,0.0001,15571
1729,-0.34341969,924,300.0,0.01,1598400,5328,0.005422906018793583,0.0001,15583
1730,0.030011449999999905,924,300.0,0.01,1599600,5332,0.007597059942781925,0.0001,15595
1790,-0.13090181000000023,894,300.0,0.01,1600800,5336,0.007406982593238354,0.0001,15607
1790,0.28439362999999973,894,300.0,0.01,1602000,5340,0.011812407523393631,0.0001,15619
1791,0.7350802999999999,894,300.0,0.01,1603200,5344,0.007534934673458338,0.0001,15631
1792,0.8071065399999999,895,300.0,0.01,1604400,5348,0.005213187076151371,0.0001,15643
1793,0.4109364099999997,895,300.0,0.01,1605600,5352,0.0050890399143099785,0.0001,15655
1793,0.7495748199999999,895,300.0,0.01,1606800,5356,0.004869465716183186,0.0001,15667
1794,1.3616591,895,300.0,0.01,1608000,5360,0.004528886638581753,0.0001,15679
1795,1.3572449699999998,896,300.0,0.01,1609200,5364,0.005693377926945686,0.0001,15691
1796,1.6156478999999997,896,300.0,0.01,1610400,5368,0.005374504253268242,0.0001,15703
1797,1.4965758999999996,896,300.0,0.01,1611600,5372,0.005832375027239323,0.0001,15715
1798,1.34574908,896,300.0,0.01,1612800,5376,0.005857811309397221,0.0001,15727
1799,1.3557486,897,300.0,0.01,1614000,5380,0.004445573315024376,0.0001,15739
1799,1.0328507000000002,897,300.0,0.01,1615200,5384,0.0054688481613993645,0.0001,15751
1800,1.0578337899999999,897,300.0,0.01,1616400,5388,0.005176536738872528,0.0001,15763
1801,1.22271181,897,300.0,0.01,1617600,5392,0.0042477380484342575,0.0001,15775
1802,0.79162446,898,300.0,0.01,1618800,5396,0.010417384095489979,0.0001,15787
1802,0.5670138699999999,898,300.0,0.01,1620000,5400,0.0068270922638475895,0.0001,15799
1803,0.48082744,898,300.0,0.01,1621200,5404,0.00606559868901968,0.0001,15811
1804,0.7063225599999999,899,300.0,0.01,1622400,5408,0.007992403581738472,0.0001,15823
1805,0.8197036600000002,899,300.0,0.01,1623600,5412,0.0038557592779397964,0.0001,15835
1805,1.0056854100000003,899,300.0,0.01,1624800,5416,0.005983373150229454,0.0001,15847
1806,1.0702089000000001,899,300.0,0.01,1626000,5420,0.004004571586847305,0.0001,15859
1807,0.6257532900000001,900,300.0,0.01,1627200,5424,0.007053432520478964,0.0001,15871
1808,0.3510627100000001,900,300.0,0.01,1628400,5428,0.00858837179839611,0.0001,15883
1809,0.010371839999999698,900,300.0,0.01,1629600,5432,0.01123763993382454,0.0001,15895
1810,0.5548421399999998,900,300.0,0.01,1630800,5436,0.008807305246591568,0.0001,15907
1811,-0.010573380000000139,901,300.0,0.01,1632000,5440,0.005878455005586147,0.0001,15919
1811,-0.2568151900000002,901,300.0,0.01,1633200,5444,0.004997300915420055,0.0001,15931
1812,-0.67666318,901,300.0,0.01,1634400,5448,0.012976810336112976,0.0001,15943
1813,-1.0426112,901,300.0,0.01,1635600,5452,0.006351558491587639,0.0001,15955
1814,-1.3490761800000002,902,300.0,0.01,1636800,5456,0.005717310588806868,0.0001,15967
1815,-1.75020296,902,300.0,0.01,1638000,5460,0.006997754797339439,0.0001,15979
1815,-1.7168367599999999,902,300.0,0.01,1639200,5464,0.004545912612229586,0.0001,15991
1816,-2.20522521,902,300.0,0.01,1640400,5468,0.006252080202102661,0.0001,16003
1817,-2.0313363499999997,903,300.0,0.01,1641600,5472,0.010871520265936852,0.0001,16015
1818,-2.15917706,903,300.0,0.01,1642800,5476,0.010244645178318024,0.0001,16027
1819,-2.36404749,903,300.0,0.01,1644000,5480,0.012362344190478325,0.0001,16039
1820,-1.7769295699999994,903,300.0,0.01,1645200,5484,0.010657056234776974,0.0001,16051
1821,-1.95947267,904,300.0,0.01,1646400,5488,0.007637898437678814,0.0001,16063
1821,-1.9627265399999998,904,300.0,0.01,1647600,5492,0.004503233823925257,0.0001,16075
1822,-2.03941461,904,300.0,0.01,1648800,5496,0.00580939743667841,0.0001,16087
1823,-2.1439317,904,300.0,0.01,1650000,5500,0.005390280857682228,0.0001,16099
1824,-2.2493366,905,300.0,0.01,1651200,5504,0.006492625921964645,0.0001,16111
1824,-2.5495848100000003,905,300.0,0.01,1652400,5508,0.009778960607945919,0.0001,16123
1825,-2.8748312800000004,905,300.0,0.01,1653600,5512,0.006442079320549965,0.0001,16135
1826,-2.6677541800000006,905,300.0,0.01,1654800,5516,0.009025579318404198,0.0001,16147
1827,-2.3401963700000006,906,300.0,0.01,1656000,5520,0.008035432547330856,0.0001,16159
1828,-2.5269463900000004,906,300.0,0.01,1657200,5524,0.005434339866042137,0.0001,16171
1828,-2.3667152200000006,906,300.0,0.01,1658400,5528,0.027898874133825302,0.0001,16183
1829,-2.84130371,907,300.0,0.01,1659600,5532,0.006120212376117706,0.0001,16195
1830,-2.70740446,907,300.0,0.01,1660800,5536,0.005841320380568504,0.0001,16207
1831,-2.50950299,907,300.0,0.01,1662000,5540,0.011075937189161777,0.0001,16219
1831,-2.47224118,907,300.0,0.01,1663200,5544,0.005902060307562351,0.0001,16231
1832,-2.2855106300000005,908,300.0,0.01,1664400,5548,0.006898617371916771,0.0001,16243
1833,-1.93382127,908,300.0,0.01,1665600,5552,0.0080068064853549,0.0001,16255
1834,-1.9155511599999997,908,300.0,0.01,1666800,5556,0.012712731957435608,0.0001,16267
1834,-2.2123356800000002,909,300.0,0.01,1668000,5560,0.007762046530842781,0.0001,16279
1835,-2.32814348,909,300.0,0.01,1669200,5564,0.006599597632884979,0.0001,16291
1836,-1.58041099,909,300.0,0.01,1670400,5568,0.009845448657870293,0.0001,16303
1837,-1.7598585800000002,909,300.0,0.01,1671600,5572,0.0045955427922308445,0.0001,16315
1838,-1.9002343099999999,909,300.0,0.01,1672800,5576,0.006849294528365135,0.0001,16327
1839,-1.5651629799999995,910,300.0,0.01,1674000,5580,0.006616408005356789,0.0001,16339
1840,-1.8448365200000003,910,300.0,0.01,1675200,5584,0.0065502021461725235,0.0001,16351
1841,-1.7032663099999998,910,300.0,0.01,1676400,5588,0.005534059833735228,0.0001,16363
1841,-1.6892185099999997,910,300.0,0.01,1677600,5592,0.005026744678616524,0.0001,16375
1842,-1.5478768599999997,911,300.0,0.01,1678800,5596,0.015926897525787354,0.0001,16387
1843,-1.4618393799999996,911,300.0,0.01,1680000,5600,0.01437686663120985,0.0001,16399
1844,-1.4933548299999995,911,300.0,0.01,1681200,5604,0.019015727564692497,0.0001,16411
1845,-1.5552501799999994,911,300.0,0.01,1682400,5608,0.013336678966879845,0.0001,16423
1846,-1.7948140899999996,911,300.0,0.01,1683600,5612,0.005280760116875172,0.0001,16435
1847,-2.12274913,912,300.0,0.01,1684800,5616,0.012936905957758427,0.0001,16447
1848,-2.18411435,912,300.0,0.01,1686000,5620,0.006734635680913925,0.0001,16459
1848,-1.5659392999999995,912,300.0,0.01,1687200,5624,0.007594289258122444,0.0001,16471
1849,-1.1970661199999997,912,300.0,0.01,1688400,5628,0.005110814701765776,0.0001,16483
1850,-0.7254331699999997,913,300.0,0.01,1689600,5632,0.033766910433769226,0.0001,16495
1851,-0.8140139999999998,913,300.0,0.01,1690800,5636,0.004935614764690399,0.0001,16507
1852,-1.37188019,913,300.0,0.01,1692000,5640,0.0053125228732824326,0.0001,16519
1852,-1.4506532699999997,913,300.0,0.01,1693200,5644,0.011833556927740574,0.0001,16531
1853,-1.0514434899999998,914,300.0,0.01,1694400,5648,0.004941518418490887,0.0001,16543
1854,-0.7552692999999999,914,300.0,0.01,1695600,5652,0.004465577192604542,0.0001,16555
1855,-0.7445947299999999,914,300.0,0.01,1696800,5656,0.00888931192457676,0.0001,16567
1855,-0.44537318,914,300.0,0.01,1698000,5660,0.0073011694476008415,0.0001,16579
1856,-0.20971526000000018,915,300.0,0.01,1699200,5664,0.00440924521535635,0.0001,16591
1917,-0.17177611000000023,886,300.0,0.01,1700400,5668,0.005139072425663471,0.0001,16603
1918,-0.3725540400000002,886,300.0,0.01,1701600,5672,0.006262264214456081,0.0001,16615
1919,-0.2698016700000002,887,300.0,0.01,1702800,5676,0.0036459274124354124,0.0001,16627
1920,-0.3319084800000001,887,300.0,0.01,1704000,5680,0.004447790794074535,0.0001,16639
1920,-0.31302654000000035,887,300.0,0.01,1705200,5684,0.010888036340475082,0.0001,16651
1921,-0.10689181000000052,887,300.0,0.01,1706400,5688,0.006597688887268305,0.0001,16663
1922,-0.6268503900000001,888,300.0,0.01,1707600,5692,0.008181169629096985,0.0001,16675
1923,-0.7440618599999997,888,300.0,0.01,1708800,5696,0.006657855585217476,0.0001,16687
1923,-0.5292198699999999,888,300.0,0.01,1710000,5700,0.006228642072528601,0.0001,16699
1924,-0.10293720999999983,889,300.0,0.01,1711200,5704,0.007632145658135414,0.0001,16711
1925,0.41547474000000006,889,300.0,0.01,1712400,5708,0.00495928106829524,0.0001,16723
1926,0.8222748900000001,889,300.0,0.01,1713600,5712,0.00697744358330965,0.0001,16735
1927,0.7442226599999999,889,300.0,0.01,1714800,5716,0.007210219278931618,0.0001,16747
1928,0.8064000800000001,890,300.0,0.01,1716000,5720,0.013493520207703114,0.0001,16759
1928,0.9057629900000002,890,300.0,0.01,1717200,5724,0.0030254293233156204,0.0001,16771
1929,0.7849356000000001,890,300.0,0.01,1718400,5728,0.006849431898444891,0.0001,16783
1930,0.7805609600000001,890,300.0,0.01,1719600,5732,0.00808844156563282,0.0001,16795
1931,0.93393079,890,300.0,0.01,1720800,5736,0.01142878457903862,0.0001,16807
1932,1.4583670099999997,891,300.0,0.01,1722000,5740,0.005669937469065189,0.0001,16819
1932,1.5736646899999998,891,300.0,0.01,1723200,5744,0.0044635990634560585,0.0001,16831
1933,1.3548118900000006,891,300.0,0.01,1724400,5748,0.004039357416331768,0.0001,16843
1934,1.12186286,892,300.0,0.01,1725600,5752,0.03169863298535347,0.0001,16855
1934,1.1094671299999999,892,300.0,0.01,1726800,5756,0.007396725006401539,0.0001,16867
1935,1.0686635100000001,892,300.0,0.01,1728000,5760,0.008556937798857689,0.0001,16879
1936,1.31359282,892,300.0,0.01,1729200,5764,0.005161074921488762,0.0001,16891
1937,0.5723002999999999,893,300.0,0.01,1730400,5768,0.007266161032021046,0.0001,16903
1938,0.5835896499999998,893,300.0,0.01,1731600,5772,0.006776832044124603,0.0001,16915
1939,0.39555887999999984,893,300.0,0.01,1732800,5776,0.007360654883086681,0.0001,16927
1940,0.4971122800000001,893,300.0,0.01,1734000,5780,0.005259884987026453,0.0001,16939
1940,0.4176329300000002,894,300.0,0.01,1735200,5784,0.004640556871891022,0.0001,16951
1941,0.3402973500000001,894,300.0,0.01,1736400,5788,0.005018933210521936,0.0001,16963
1942,1.0351555,894,300.0,0.01,1737600,5792,0.00451275147497654,0.0001,16975
1943,1.02301537,894,300.0,0.01,1738800,5796,0.006442841608077288,0.0001,16987
1944,0.90913527,894,300.0,0.01,1740000,5800,0.006258354056626558,0.0001,16999
1945,0.63243977,895,300.0,0.01,1741200,5804,0.011451903730630875,0.0001,17011
1946,0.7149952499999999,895,300.0,0.01,1742400,5808,0.00687766307964921,0.0001,17023
1947,0.26830159999999986,895,300.0,0.01,1743600,5812,0.012452439405024052,0.0001,17035
1948,0.6597393199999999,895,300.0,0.01,1744800,5816,0.005271300673484802,0.0001,17047
1949,0.017441849999999946,895,300.0,0.01,1746000,5820,0.008001163601875305,0.0001,17059
1949,-0.2373398700000002,896,300.0,0.01,1747200,5824,0.010532241314649582,0.0001,17071
1950,-0.20968895000000018,896,300.0,0.01,1748400,5828,0.006253478582948446,0.0001,17083
1951,-0.04314849000000007,896,300.0,0.01,1749600,5832,0.005056662950664759,0.0001,17095
1952,-0.22534115000000007,896,300.0,0.01,1750800,5836,0.00992690958082676,0.0001,17107
1953,-0.66233348,896,300.0,0.01,1752000,5840,0.005667304620146751,0.0001,17119
1954,-0.2605817700000001,897,300.0,0.01,1753200,5844,0.006677352357655764,0.0001,17131
1954,-0.5531147699999999,897,300.0,0.01,1754400,5848,0.009821428917348385,0.0001,17143
1955,-0.8704718799999998,897,300.0,0.01,1755600,5852,0.005816894583404064,0.0001,17155
1956,-0.60612801,897,300.0,0.01,1756800,5856,0.0044732652604579926,0.0001,17167
1958,-0.5366811000000001,897,300.0,0.01,1758000,5860,0.015269595198333263,0.0001,17179
1959,-0.90272534,897,300.0,0.01,1759200,5864,0.011629275977611542,0.0001,17191
1960,-0.6484085000000002,898,300.0,0.01,1760400,5868,0.008458279073238373,0.0001,17203
1961,-0.5763775699999999,898,300.0,0.01,1761600,5872,0.01096525602042675,0.0001,17215
1961,-0.8064035699999996,898,300.0,0.01,1762800,5876,0.011610711924731731,0.0001,17227
1962,-1.3989920999999998,898,300.0,0.01,1764000,5880,0.004627066198736429,0.0001,17239
1963,-1.4118832499999996,898,300.0,0.01,1765200,5884,0.014105008915066719,0.0001,17251
1964,-1.83090127,899,300.0,0.01,1766400,5888,0.005232350435107946,0.0001,17263
1965,-2.0075709,899,300.0,0.01,1767600,5892,0.005141836125403643,0.0001,17275
1966,-2.3292451900000004,899,300.0,0.01,1768800,5896,0.008489871397614479,0.0001,17287
1967,-2.24181923,899,300.0,0.01,1770000,5900,0.007111683487892151,0.0001,17299
1968,-2.0728692,899,300.0,0.01,1771200,5904,0.0035930625163018703,0.0001,17311
1969,-2.32791994,899,300.0,0.01,1772400,5908,0.004608506336808205,0.0001,17323
1970,-1.7408344399999998,900,300.0,0.01,1773600,5912,0.0072802891954779625,0.0001,17335
1971,-1.686234,900,300.0,0.01,1774800,5916,0.007398015353828669,0.0001,17347
1972,-1.17424454,900,300.0,0.01,1776000,5920,0.007111931219696999,0.0001,17359
1973,-1.64751677,900,300.0,0.01,1777200,5924,0.009033869951963425,0.0001,17371
1973,-1.4004533399999999,900,300.0,0.01,1778400,5928,0.007142945192754269,0.0001,17383
1974,-1.8540226700000002,901,300.0,0.01,1779600,5932,0.006853185128420591,0.0001,17395
1975,-1.9487945399999997,901,300.0,0.01,1780800,5936,0.0053346180357038975,0.0001,17407
1976,-2.07475081,901,300.0,0.01,1782000,5940,0.008908172138035297,0.0001,17419
1977,-2.20942262,901,300.0,0.01,1783200,5944,0.018635515123605728,0.0001,17431
1978,-1.9497352000000003,902,300.0,0.01,1784400,5948,0.0061596836894750595,0.0001,17443
1978,-1.1350405700000001,902,300.0,0.01,1785600,5952,0.005659485701471567,0.0001,17455
1979,-1.2619515300000002,902,300.0,0.01,1786800,5956,0.007119406014680862,0.0001,17467
1980,-1.2589892899999997,902,300.0,0.01,1788000,5960,0.006170300766825676,0.0001,17479
1981,-1.27974435,903,300.0,0.01,1789200,5964,0.006394524592906237,0.0001,17491
1982,-1.2571044700000003,903,300.0,0.01,1790400,5968,0.0055223372764885426,0.0001,17503
1982,-1.2960740600000002,903,300.0,0.01,1791600,5972,0.004426119849085808,0.0001,17515
1983,-0.7017172200000001,903,300.0,0.01,1792800,5976,0.012642267160117626,0.0001,17527
1984,-0.3785683500000004,904,300.0,0.01,1794000,5980,0.0069617461413145065,0.0001,17539
1984,-0.26052312000000005,904,300.0,0.01,1795200,5984,0.010723220184445381,0.0001,17551
1985,0.33979957,904,300.0,0.01,1796400,5988,0.004439291078597307,0.0001,17563
1986,0.2844155499999998,904,300.0,0.01,1797600,5992,0.022489920258522034,0.0001,17575
1987,0.6418453099999997,905,300.0,0.01,1798800,5996,0.009023078717291355,0.0001,17587
2050,0.06428983999999976,877,300.0,0.01,1800000,6000,0.004770307336002588,0.0001,17599
2051,-0.22492816999999996,878,300.0,0.01,1801200,6004,0.005778538063168526,0.0001,17611
2052,0.22519179999999978,878,300.0,0.01,1802400,6008,0.033080101013183594,0.0001,17623
2052,-0.1581320700000001,878,300.0,0.01,1803600,6012,0.006919884588569403,0.0001,17635
2053,-0.2965877600000001,878,300.0,0.01,1804800,6016,0.005523635074496269,0.0001,17647
2054,-0.16312026000000024,879,300.0,0.01,1806000,6020,0.005562998354434967,0.0001,17659
2055,0.34273922000000007,879,300.0,0.01,1807200,6024,0.021238036453723907,0.0001,17671
2056,0.04892581999999994,879,300.0,0.01,1808400,6028,0.0048204455524683,0.0001,17683
2056,0.12592995999999992,879,300.0,0.01,1809600,6032,0.004731559660285711,0.0001,17695
2058,0.31404111,879,300.0,0.01,1810800,6036,0.009209105744957924,0.0001,17707
2059,0.8076005999999998,880,300.0,0.01,1812000,6040,0.006338657811284065,0.0001,17719
2059,0.5804817299999999,880,300.0,0.01,1813200,6044,0.005838172510266304,0.0001,17731
2060,0.6073696199999999,880,300.0,0.01,1814400,6048,0.005130070261657238,0.0001,17743
2061,-0.18656293000000018,880,300.0,0.01,1815600,6052,0.003069196129217744,0.0001,17755
2062,0.1837947899999999,880,300.0,0.01,1816800,6056,0.006121054757386446,0.0001,17767
2063,-0.23812308000000001,881,300.0,0.01,1818000,6060,0.01586865447461605,0.0001,17779
2064,-0.25093010000000004,881,300.0,0.01,1819200,6064,0.006459087133407593,0.0001,17791
2064,-0.039786229999999895,881,300.0,0.01,1820400,6068,0.01154938992112875,0.0001,17803
2065,0.2573170500000001,881,300.0,0.01,1821600,6072,0.0045357635244727135,0.0001,17815
2066,0.01583310000000001,882,300.0,0.01,1822800,6076,0.00395933585241437,0.0001,17827
2067,0.09843716999999992,882,300.0,0.01,1824000,6080,0.008581058122217655,0.0001,17839
2067,-0.18789262000000007,882,300.0,0.01,1825200,6084,0.004742015153169632,0.0001,17851
2068,-0.6098580800000001,882,300.0,0.01,1826400,6088,0.005133697763085365,0.0001,17863
2069,-0.25903923,883,300.0,0.01,1827600,6092,0.0036645042710006237,0.0001,17875
2070,-0.01040311999999986,883,300.0,0.01,1828800,6096,0.019610069692134857,0.0001,17887
2070,0.5491502200000004,883,300.0,0.01,1830000,6100,0.004673485644161701,0.0001,17899
2071,0.6129823600000003,883,300.0,0.01,1831200,6104,0.010324385948479176,0.0001,17911
2072,0.33918734999999983,884,300.0,0.01,1832400,6108,0.00998649001121521,0.0001,17923
2073,-0.011855220000000255,884,300.0,0.01,1833600,6112,0.005868708249181509,0.0001,17935
2073,-0.03249069999999987,884,300.0,0.01,1834800,6116,0.006648161914199591,0.0001,17947
2074,-0.6340881199999999,884,300.0,0.01,1836000,6120,0.004645207431167364,0.0001,17959
2075,-0.6428308899999999,885,300.0,0.01,1837200,6124,0.008913816884160042,0.0001,17971
2076,-0.4305672399999997,885,300.0,0.01,1838400,6128,0.0053245979361236095,0.0001,17983
2077,-0.20672812000000002,885,300.0,0.01,1839600,6132,0.014735028147697449,0.0001,17995
2078,0.12742753999999995,885,300.0,0.01,1840800,6136,0.017691180109977722,0.0001,18007
2079,0.20378481999999995,885,300.0,0.01,1842000,6140,0.006253543775528669,0.0001,18019
2079,0.17274566000000008,886,300.0,0.01,1843200,6144,0.012544749304652214,0.0001,18031
2080,0.02231614000000004,886,300.0,0.01,1844400,6148,0.0061576878651976585,0.0001,18043
2081,0.31973047,886,300.0,0.01,1845600,6152,0.007652065716683865,0.0001,18055
2082,0.022753680000000002,886,300.0,0.01,1846800,6156,0.01724628172814846,0.0001,18067
2083,0.7089826499999999,886,300.0,0.01,1848000,6160,0.008987050503492355,0.0001,18079
2084,0.7745045200000001,887,300.0,0.01,1849200,6164,0.012318108230829239,0.0001,18091
2085,0.3979445900000001,887,300.0,0.01,1850400,6168,0.014477519318461418,0.0001,18103
2086,0.2088015,887,300.0,0.01,1851600,6172,0.03034874051809311,0.0001,18115
2087,0.18769812000000005,887,300.0,0.01,1852800,6176,0.005761562846601009,0.0001,18127
2088,-0.3611022,887,300.0,0.01,1854000,6180,0.00627722404897213,0.0001,18139
2088,0.00033412999999991476,888,300.0,0.01,1855200,6184,0.006609231233596802,0.0001,18151
2089,0.34276557999999996,888,300.0,0.01,1856400,6188,0.010389926843345165,0.0001,18163
2090,-0.3687252800000001,888,300.0,0.01,1857600,6192,0.017850924283266068,0.0001,18175
2091,-0.33331854000000033,888,300.0,0.01,1858800,6196,0.019287820905447006,0.0001,18187
2092,-0.4783306900000002,888,300.0,0.01,1860000,6200,0.007661753334105015,0.0001,18199
2093,-0.33193607000000014,889,300.0,0.01,1861200,6204,0.00633678212761879,0.0001,18211
2093,-0.90995256,889,300.0,0.01,1862400,6208,0.006472442299127579,0.0001,18223
2094,-0.5772214800000001,889,300.0,0.01,1863600,6212,0.005727189593017101,0.0001,18235
2095,-0.92411862,889,300.0,0.01,1864800,6216,0.005503184627741575,0.0001,18247
2096,-0.2587796699999998,890,300.0,0.01,1866000,6220,0.004545307718217373,0.0001,18259
2097,-0.8037581599999999,890,300.0,0.01,1867200,6224,0.006019734777510166,0.0001,18271
2097,-1.41549748,890,300.0,0.01,1868400,6228,0.005756561178714037,0.0001,18283
2098,-1.47790716,890,300.0,0.01,1869600,6232,0.0069259898737072945,0.0001,18295
2099,-1.9745976099999998,891,300.0,0.01,1870800,6236,0.0072808656841516495,0.0001,18307
2100,-2.06508281,891,300.0,0.01,1872000,6240,0.0048815361224114895,0.0001,18319
2100,-1.9365766199999996,891,300.0,0.01,1873200,6244,0.0051453677006065845,0.0001,18331
2101,-1.6887530899999996,891,300.0,0.01,1874400,6248,0.006558000575751066,0.0001,18343
2102,-2.1596551100000005,892,300.0,0.01,1875600,6252,0.0082916971296072,0.0001,18355
2103,-2.3299187900000002,892,300.0,0.01,1876800,6256,0.009027144871652126,0.0001,18367
2103,-3.3775626,892,300.0,0.01,1878000,6260,0.005049794912338257,0.0001,18379
2104,-4.083354,892,300.0,0.01,1879200,6264,0.010343885980546474,0.0001,18391
2105,-3.95672228,893,300.0,0.01,1880400,6268,0.006246715784072876,0.0001,18403
2106,-3.7187537499999994,893,300.0,0.01,1881600,6272,0.0070976512506604195,0.0001,18415
2107,-3.38497644,893,300.0,0.01,1882800,6276,0.0066622961312532425,0.0001,18427
2108,-2.8873359899999995,893,300.0,0.01,1884000,6280,0.011590361595153809,0.0001,18439
2109,-2.9706325200000006,893,300.0,0.01,1885200,6284,0.008980464190244675,0.0001,18451
2109,-2.9064919599999994,894,300.0,0.01,1886400,6288,0.007596245501190424,0.0001,18463
2110,-2.1757596699999997,894,300.0,0.01,1887600,6292,0.0069257826544344425,0.0001,18475
2111,-2.8057062999999998,894,300.0,0.01,1888800,6296,0.005026879254728556,0.0001,18487
2112,-2.887315449999999,894,300.0,0.01,1890000,6300,0.0061501734890043736,0.0001,18499
2113,-3.1696407399999997,894,300.0,0.01,1891200,6304,0.00610590074211359,0.0001,18511
2114,-2.7261456999999996,895,300.0,0.01,1892400,6308,0.010828911326825619,0.0001,18523
2115,-2.9576407699999994,895,300.0,0.01,1893600,6312,0.011178574524819851,0.0001,18535
2116,-3.08871832,895,300.0,0.01,1894800,6316,0.00551605923101306,0.0001,18547
2116,-2.8512668799999994,895,300.0,0.01,1896000,6320,0.005829529836773872,0.0001,18559
2118,-2.5062070899999997,895,300.0,0.01,1897200,6324,0.007903172634541988,0.0001,18571
2119,-2.70333499,895,300.0,0.01,1898400,6328,0.0049748849123716354,0.0001,18583
2119,-2.7269305000000004,896,300.0,0.01,1899600,6332,0.04099135100841522,0.0001,18595
2182,-2.27414854,871,300.0,0.01,1900800,6336,0.006157961208373308,0.0001,18607
2182,-2.0943902899999998,871,300.0,0.01,1902000,6340,0.010803566314280033,0.0001,18619
2183,-1.81051424,871,300.0,0.01,1903200,6344,0.004553312435746193,0.0001,18631
2184,-1.98092124,871,300.0,0.01,1904400,6348,0.004465313162654638,0.0001,18643
2185,-1.73070831,872,300.0,0.01,1905600,6352,0.008691022172570229,0.0001,18655
2185,-1.3449686499999998,872,300.0,0.01,1906800,6356,0.005748068448156118,0.0001,18667
2186,-0.44467724000000003,872,300.0,0.01,1908000,6360,0.008250199258327484,0.0001,18679
2187,0.032087130000000054,872,300.0,0.01,1909200,6364,0.004047920927405357,0.0001,18691
2188,-0.11347749999999991,873,300.0,0.01,1910400,6368,0.0069636935368180275,0.0001,18703
2189,-0.5342830799999999,873,300.0,0.01,1911600,6372,0.006276611238718033,0.0001,18715
2189,-1.14033544,873,300.0,0.01,1912800,6376,0.006178674288094044,0.0001,18727
2190,-1.4016752300000002,873,300.0,0.01,1914000,6380,0.007962977513670921,0.0001,18739
2191,-1.9109132300000005,874,300.0,0.01,1915200,6384,0.007292118389159441,0.0001,18751
2191,-2.07849608,874,300.0,0.01,1916400,6388,0.006379460915923119,0.0001,18763
2192,-2.4122953199999997,874,300.0,0.01,1917600,6392,0.00772650633007288,0.0001,18775
2193,-1.7348449,874,300.0,0.01,1918800,6396,0.005208523478358984,0.0001,18787
2194,-1.7927380099999997,875,300.0,0.01,1920000,6400,0.0058858091942965984,0.0001,18799
2194,-1.88643713,875,300.0,0.01,1921200,6404,0.005715389270335436,0.0001,18811
2195,-1.8380237800000003,875,300.0,0.01,1922400,6408,0.016201402992010117,0.0001,18823
2196,-1.6839025700000005,875,300.0,0.01,1923600,6412,0.003724408335983753,0.0001,18835
2197,-1.6173529599999998,875,300.0,0.01,1924800,6416,0.008377181366086006,0.0001,18847
2198,-2.16036064,876,300.0,0.01,1926000,6420,0.006869911216199398,0.0001,18859
2199,-2.16490803,876,300.0,0.01,1927200,6424,0.023440007120370865,0.0001,18871
2200,-1.86808913,876,300.0,0.01,1928400,6428,0.008978215977549553,0.0001,18883
2200,-1.44250968,876,300.0,0.01,1929600,6432,0.005906044505536556,0.0001,18895
2201,-1.6557170099999998,876,300.0,0.01,1930800,6436,0.007979285903275013,0.0001,18907
2202,-1.5831769199999997,877,300.0,0.01,1932000,6440,0.015588592737913132,0.0001,18919
2203,-1.7683751499999998,877,300.0,0.01,1933200,6444,0.009610206820070744,0.0001,18931
2204,-1.63935602,877,300.0,0.01,1934400,6448,0.008198465220630169,0.0001,18943
2204,-1.5503954799999997,877,300.0,0.01,1935600,6452,0.011340680532157421,0.0001,18955
2205,-1.7588134899999996,878,300.0,0.01,1936800,6456,0.015345151536166668,0.0001,18967
2206,-1.9539066299999996,878,300.0,0.01,1938000,6460,0.02410479635000229,0.0001,18979
2207,-1.6926894899999994,878,300.0,0.01,1939200,6464,0.011239327490329742,0.0001,18991
2208,-1.42060852,878,300.0,0.01,1940400,6468,0.00821791309863329,0.0001,19003
2209,-1.0741775199999999,878,300.0,0.01,1941600,6472,0.011935727670788765,0.0001,19015
2210,-0.6337162499999996,879,300.0,0.01,1942800,6476,0.00831555388867855,0.0001,19027
2211,-0.42723569999999966,879,300.0,0.01,1944000,6480,0.021422244608402252,0.0001,19039
2211,-0.07326476000000018,879,300.0,0.01,1945200,6484,0.008322826586663723,0.0001,19051
2212,-0.1716975300000002,879,300.0,0.01,1946400,6488,0.0065666246227920055,0.0001,19063
2213,-0.23577399999999998,879,300.0,0.01,1947600,6492,0.006050225347280502,0.0001,19075
2214,-0.84487831,880,300.0,0.01,1948800,6496,0.013908512890338898,0.0001,19087
2215,-0.7837408,880,300.0,0.01,1950000,6500,0.005550634115934372,0.0001,19099
2216,-0.60692554,880,300.0,0.01,1951200,6504,0.02070672996342182,0.0001,19111
2216,-0.9080999999999997,880,300.0,0.01,1952400,6508,0.007497215643525124,0.0001,19123
2217,-0.8860652499999998,880,300.0,0.01,1953600,6512,0.009600374847650528,0.0001,19135
2218,-0.9318118599999999,881,300.0,0.01,1954800,6516,0.012524022720754147,0.0001,19147
2219,-1.0271763799999996,881,300.0,0.01,1956000,6520,0.007076384499669075,0.0001,19159
2220,-0.9879485299999997,881,300.0,0.01,1957200,6524,0.00956741999834776,0.0001,19171
2221,-0.5983088599999998,881,300.0,0.01,1958400,6528,0.012647120282053947,0.0001,19183
2221,-1.23367692,881,300.0,0.01,1959600,6532,0.008615812286734581,0.0001,19195
2222,-0.7527063100000003,882,300.0,0.01,1960800,6536,0.006248136982321739,0.0001,19207
2223,-0.8278619400000001,882,300.0,0.01,1962000,6540,0.008403967134654522,0.0001,19219
2224,-1.02223545,882,300.0,0.01,1963200,6544,0.015619305893778801,0.0001,19231
2225,-0.8497939199999999,882,300.0,0.01,1964400,6548,0.019081974402070045,0.0001,19243
2225,-0.8473645500000002,883,300.0,0.01,1965600,6552,0.011200849898159504,0.0001,19255
2226,-1.12320561,883,300.0,0.01,1966800,6556,0.007659830152988434,0.0001,19267
2227,-1.2406382599999999,883,300.0,0.01,1968000,6560,0.006528436206281185,0.0001,19279
2228,-1.44553526,883,300.0,0.01,1969200,6564,0.016072295606136322,0.0001,19291
2229,-1.3364340000000001,883,300.0,0.01,1970400,6568,0.016352787613868713,0.0001,19303
2230,-1.4368571500000005,883,300.0,0.01,1971600,6572,0.006694533862173557,0.0001,19315
2231,-2.07512247,884,300.0,0.01,1972800,6576,0.006460883654654026,0.0001,19327
2232,-1.75062656,884,300.0,0.01,1974000,6580,0.006233277264982462,0.0001,19339
2233,-1.0309933100000004,884,300.0,0.01,1975200,6584,0.0040420726872980595,0.0001,19351
2233,-1.42080847,884,300.0,0.01,1976400,6588,0.006862420588731766,0.0001,19363
2234,-1.26218503,884,300.0,0.01,1977600,6592,0.040981512516736984,0.0001,19375
2235,-0.8356202200000002,885,300.0,0.01,1978800,6596,0.008121397346258163,0.0001,19387
2236,-0.5851367600000001,885,300.0,0.01,1980000,6600,0.005206502508372068,0.0001,19399
2236,-0.36501115,885,300.0,0.01,1981200,6604,0.009607190266251564,0.0001,19411
2238,0.09085887000000023,885,300.0,0.01,1982400,6608,0.008419911377131939,0.0001,19423
2238,-0.21753486999999994,885,300.0,0.01,1983600,6612,0.026394251734018326,0.0001,19435
2239,0.2275058600000001,886,300.0,0.01,1984800,6616,0.006130118854343891,0.0001,19447
2240,0.3710334000000005,886,300.0,0.01,1986000,6620,0.0048795053735375404,0.0001,19459
2241,0.28985695000000034,886,300.0,0.01,1987200,6624,0.007863270118832588,0.0001,19471
2242,0.15101888999999993,886,300.0,0.01,1988400,6628,0.01948532462120056,0.0001,19483
2243,0.6091344999999998,886,300.0,0.01,1989600,6632,0.011933131143450737,0.0001,19495
2243,0.021077940000000024,887,300.0,0.01,1990800,6636,0.004805274773389101,0.0001,19507
2244,-0.16273176999999994,887,300.0,0.01,1992000,6640,0.009509967640042305,0.0001,19519
2245,-0.3687637999999998,887,300.0,0.01,1993200,6644,0.004314003512263298,0.0001,19531
2246,-0.45454532999999986,887,300.0,0.01,1994400,6648,0.00619698129594326,0.0001,19543
2246,-0.72901529,888,300.0,0.01,1995600,6652,0.00578958448022604,0.0001,19555
2247,-0.48900489999999996,888,300.0,0.01,1996800,6656,0.008790533989667892,0.0001,19567
2248,-0.5285404999999997,888,300.0,0.01,1998000,6660,0.006074609700590372,0.0001,19579
2249,-0.3323176199999998,888,300.0,0.01,1999200,6664,0.014118765480816364,0.0001,19591
