rollout/exploration_rate,time/time_elapsed,rollout/ep_rew_mean,time/episodes,rollout/ep_len_mean,time/total_timesteps,time/fps,train/learning_rate,train/n_updates,train/loss
0.9977584905660376,3,-0.8129225,4,300.0,1200,326,,,
0.9955169811320755,4,-0.4815791250000001,8,300.0,2400,591,,,
0.9932754716981131,4,-0.8079899166666666,12,300.0,3600,814,,,
0.9910339622641511,4,-0.8893718124999999,16,300.0,4800,993,,,
0.9887924528301887,5,-0.4654340499999998,20,300.0,6000,1154,,,
0.9865509433962263,5,-0.5977554166666667,24,300.0,7200,1295,,,
0.9843094339622642,5,-0.7356787857142857,28,300.0,8400,1417,,,
0.9820679245283018,6,-0.39261815624999985,32,300.0,9600,1513,,,
0.9798264150943398,6,-0.3832450833333332,36,300.0,10800,1608,,,
0.9775849056603774,7,-0.18273007499999994,40,300.0,12000,1693,,,
0.9753433962264149,7,-0.23426990909090903,44,300.0,13200,1756,,,
0.9731018867924529,7,-0.1496802916666666,48,300.0,14400,1824,,,
0.9708603773584905,8,-0.020787788461538385,52,300.0,15600,1886,,,
0.9686188679245284,8,0.15723396428571432,56,300.0,16800,1944,,,
0.966377358490566,9,0.23426910000000004,60,300.0,18000,1995,,,
0.9641358490566035,9,0.20369151562500004,64,300.0,19200,2047,,,
0.9618943396226416,9,0.27441504411764717,68,300.0,20400,2095,,,
0.9596528301886791,10,0.24498212500000005,72,300.0,21600,2138,,,
0.9574113207547171,10,0.3645990657894737,76,300.0,22800,2176,,,
0.9551698113207547,10,0.1802903250000001,80,300.0,24000,2213,,,
0.9529283018867927,11,0.27140077380952393,84,300.0,25200,2248,,,
0.9506867924528303,11,0.30020118181818184,88,300.0,26400,2279,,,
0.9484452830188678,11,0.21319943478260878,92,300.0,27600,2311,,,
0.9462037735849058,12,0.20059369791666673,96,300.0,28800,2336,,,
0.9439622641509433,12,0.07703882000000005,100,300.0,30000,2359,,,
0.9417207547169814,13,0.021452150000000024,104,300.0,31200,2386,,,
0.9394792452830188,13,0.04175325000000002,108,300.0,32400,2412,,,
0.9372377358490565,13,0.13197740000000002,112,300.0,33600,2435,,,
0.9349962264150945,14,0.19653096000000006,116,300.0,34800,2458,,,
0.932754716981132,14,0.09822161000000004,120,300.0,36000,2476,,,
0.93051320754717,14,0.14854982000000003,124,300.0,37200,2487,,,
0.9282716981132075,15,0.12732292000000003,128,300.0,38400,2506,,,
0.9260301886792451,15,0.03364422000000006,132,300.0,39600,2524,,,
0.9237886792452831,16,-0.07335795999999996,136,300.0,40800,2529,0.0001,7,0.0185529887676239
0.9215471698113207,16,-0.07144754000000003,140,300.0,42000,2533,0.0001,19,0.016760628670454025
0.9193056603773587,17,-0.15147054000000001,144,300.0,43200,2538,0.0001,31,0.015301436185836792
0.9170641509433962,17,-0.16909657000000003,148,300.0,44400,2546,0.0001,43,0.014363394118845463
0.9148226415094338,17,-0.17417383000000008,152,300.0,45600,2534,0.0001,55,0.013576682657003403
0.9125811320754718,18,-0.25019335000000004,156,300.0,46800,2542,0.0001,67,0.011850329115986824
0.9103396226415094,18,-0.32840066,160,300.0,48000,2547,0.0001,79,0.010542947798967361
0.9080981132075473,19,-0.32534658,164,300.0,49200,2555,0.0001,91,0.009731647558510303
0.9058566037735849,19,-0.4805624700000001,168,300.0,50400,2563,0.0001,103,0.008455232717096806
0.9036150943396225,20,-0.48493553,172,300.0,51600,2570,0.0001,115,0.007568022236227989
0.9013735849056604,20,-0.5891657,176,300.0,52800,2576,0.0001,127,0.006186126731336117
0.899132075471698,20,-0.37677036999999997,180,300.0,54000,2581,0.0001,139,0.005065351724624634
0.896890566037736,21,-0.45557814999999996,184,300.0,55200,2585,0.0001,151,0.0041810087859630585
0.8946490566037736,21,-0.6092216199999999,188,300.0,56400,2589,0.0001,163,0.0036244140937924385
0.8924075471698112,22,-0.5233240900000001,192,300.0,57600,2593,0.0001,175,0.002753867767751217
0.8901660377358491,22,-0.5328399500000001,196,300.0,58800,2598,0.0001,187,0.0022553326562047005
0.8879245283018867,23,-0.37254537,200,300.0,60000,2601,0.0001,199,0.0019927993416786194
0.8856830188679247,23,-0.28759901000000004,204,300.0,61200,2608,0.0001,211,0.0016746744513511658
0.8834415094339623,23,-0.34968111999999996,208,300.0,62400,2613,0.0001,223,0.0014379083877429366
0.8811999999999998,24,-0.42498593999999995,212,300.0,63600,2617,0.0001,235,0.0012011155486106873
0.8789584905660378,24,-0.4822952500000001,216,300.0,64800,2617,0.0001,247,0.0009031810914166272
0.8767169811320754,25,-0.41507183,220,300.0,66000,2618,0.0001,259,0.0009172303252853453
0.8744754716981133,25,-0.4348864699999999,224,300.0,67200,2622,0.0001,271,0.0013485169038176537
0.872233962264151,26,-0.3691821499999998,228,300.0,68400,2626,0.0001,283,0.0012560661416500807
0.8699924528301889,26,-0.31374523,232,300.0,69600,2627,0.0001,295,0.0010622211266309023
0.8677509433962265,26,-0.22327593,236,300.0,70800,2631,0.0001,307,0.0012084462214261293
0.865509433962264,27,-0.21721316000000002,240,300.0,72000,2632,0.0001,319,0.00132904970087111
0.863267924528302,27,-0.13758799999999996,244,300.0,73200,2636,0.0001,331,0.0018638931214809418
0.8610264150943396,28,-0.17454517999999988,248,300.0,74400,2638,0.0001,343,0.0018664266681298614
0.8587849056603771,28,-0.22089260999999993,252,300.0,75600,2642,0.0001,355,0.0015349052846431732
0.8565433962264152,29,-0.22689209999999999,256,300.0,76800,2645,0.0001,367,0.0017095583025366068
0.8543018867924528,29,-0.30066497,260,300.0,78000,2647,0.0001,379,0.0023037942592054605
0.8520603773584907,29,-0.18644080999999993,264,300.0,79200,2650,0.0001,391,0.0023652573581784964
0.8498188679245282,30,-0.08584731999999994,268,300.0,80400,2653,0.0001,403,0.0025737169198691845
0.8475773584905663,30,-0.07981078999999994,272,300.0,81600,2656,0.0001,415,0.0023171312641352415
0.8453358490566039,31,-0.038835299999999934,276,300.0,82800,2660,0.0001,427,0.002233469858765602
0.8430943396226414,31,-0.16934139999999995,280,300.0,84000,2661,0.0001,439,0.00246955337934196
0.8408528301886794,31,-0.2050029,284,300.0,85200,2663,0.0001,451,0.002934468211606145
0.8386113207547169,32,-0.20470079,288,300.0,86400,2666,0.0001,463,0.0033689734991639853
0.8363698113207549,32,-0.30507767999999996,292,300.0,87600,2668,0.0001,475,0.0026220958679914474
0.8341283018867924,33,-0.28642688,296,300.0,88800,2671,0.0001,487,0.0034481447655707598
0.83188679245283,33,-0.39744820999999997,300,300.0,90000,2672,0.0001,499,0.0026916181668639183
0.8296452830188681,34,-0.37909243000000004,304,300.0,91200,2674,0.0001,511,0.003512662136927247
0.8274037735849056,34,-0.33159634,308,300.0,92400,2676,0.0001,523,0.0033698631450533867
0.8251622641509436,34,-0.21981907999999997,312,300.0,93600,2676,0.0001,535,0.0033423996064811945
0.8229207547169811,35,-0.09180534000000003,316,300.0,94800,2678,0.0001,547,0.003300056094303727
0.8206792452830187,35,-0.11190898999999993,320,300.0,96000,2678,0.0001,559,0.0037900437600910664
0.8184377358490567,36,-0.1023221999999999,324,300.0,97200,2678,0.0001,571,0.0027117012068629265
0.8161962264150943,36,-0.12975816,328,300.0,98400,2680,0.0001,583,0.002800390589982271
0.8139547169811323,37,-0.02288946000000001,332,300.0,99600,2680,0.0001,595,0.0031799129210412502
0.8117132075471698,79,0.019825560000000023,336,300.0,100800,1268,0.0001,607,0.0034532598219811916
0.8094716981132074,79,0.05964922000000003,340,300.0,102000,1277,0.0001,619,0.003899360541254282
0.8072301886792453,80,0.11816455000000003,344,300.0,103200,1285,0.0001,631,0.0034520516637712717
0.804988679245283,80,0.25657281,348,300.0,104400,1293,0.0001,643,0.0035065924748778343
0.8027471698113209,81,0.29145077,352,300.0,105600,1301,0.0001,655,0.0044691297225654125
0.8005056603773585,81,0.26973353,356,300.0,106800,1308,0.0001,667,0.0029047089628875256
0.7982641509433961,82,0.36786033,360,300.0,108000,1316,0.0001,679,0.003091030055657029
0.796022641509434,82,0.26210914,364,300.0,109200,1324,0.0001,691,0.002981301164254546
0.7937811320754716,82,0.20272480999999998,368,300.0,110400,1331,0.0001,703,0.0038470509462058544
0.7915396226415096,83,0.30015762,372,300.0,111600,1338,0.0001,715,0.004875972867012024
0.7892981132075472,83,0.2652787300000001,376,300.0,112800,1345,0.0001,727,0.0038631476927548647
0.7870566037735847,84,0.23448348,380,300.0,114000,1352,0.0001,739,0.0029858441557735205
0.7848150943396227,84,0.21659151999999998,384,300.0,115200,1359,0.0001,751,0.0056490832939744
0.7825735849056603,85,0.31164350999999996,388,300.0,116400,1366,0.0001,763,0.0033869724720716476
0.7803320754716982,85,0.32882119,392,300.0,117600,1373,0.0001,775,0.003148328047245741
0.7780905660377359,86,0.3461871,396,300.0,118800,1380,0.0001,787,0.004653200041502714
0.7758490566037735,86,0.35534996,400,300.0,120000,1387,0.0001,799,0.0030590109527111053
0.7736075471698114,86,0.34391243000000005,404,300.0,121200,1393,0.0001,811,0.005446712486445904
0.7713660377358489,87,0.3323392599999999,408,300.0,122400,1400,0.0001,823,0.0048188716173172
0.7691245283018869,87,0.36903803999999996,412,300.0,123600,1407,0.0001,835,0.0033952463418245316
0.7668830188679245,88,0.20994050000000006,416,300.0,124800,1413,0.0001,847,0.004989902023226023
0.7646415094339625,88,0.20486190000000007,420,300.0,126000,1419,0.0001,859,0.003256868338212371
0.7624000000000001,89,0.3760938400000001,424,300.0,127200,1425,0.0001,871,0.004314296413213015
0.7601584905660377,89,0.49986656,428,300.0,128400,1432,0.0001,883,0.0049664671532809734
0.7579169811320756,90,0.3404700300000001,432,300.0,129600,1438,0.0001,895,0.00265924958512187
0.7556754716981131,90,0.33476367,436,300.0,130800,1444,0.0001,907,0.004651699680835009
0.7534339622641508,90,0.1923222100000001,440,300.0,132000,1451,0.0001,919,0.002773265354335308
0.7511924528301888,91,0.13922179000000007,444,300.0,133200,1457,0.0001,931,0.002768130972981453
0.7489509433962263,91,0.03988456000000006,448,300.0,134400,1463,0.0001,943,0.0033502737060189247
0.7467094339622642,92,-0.02938434000000001,452,300.0,135600,1469,0.0001,955,0.004596201702952385
0.7444679245283019,92,-0.06084056,456,300.0,136800,1475,0.0001,967,0.004198743030428886
0.7422264150943398,93,-0.12997512,460,300.0,138000,1480,0.0001,979,0.004864667542278767
0.7399849056603773,93,-0.12426553999999994,464,300.0,139200,1486,0.0001,991,0.006904182024300098
0.7377433962264149,94,-0.04106656999999989,468,300.0,140400,1492,0.0001,1003,0.002875795355066657
0.735501886792453,94,-0.12669394999999994,472,300.0,141600,1498,0.0001,1015,0.0034637562930583954
0.7332603773584905,95,-0.07096864999999995,476,300.0,142800,1502,0.0001,1027,0.00203136820346117
0.7310188679245284,95,0.03304452000000008,480,300.0,144000,1508,0.0001,1039,0.002412092639133334
0.7287773584905661,95,0.022329300000000076,484,300.0,145200,1513,0.0001,1051,0.003968600183725357
0.7265358490566036,96,0.02531735000000003,488,300.0,146400,1519,0.0001,1063,0.0029418636113405228
0.7242943396226416,96,0.11285252,492,300.0,147600,1524,0.0001,1075,0.005076219327747822
0.7220528301886792,97,-0.008884539999999986,496,300.0,148800,1528,0.0001,1087,0.003184693632647395
0.7198113207547172,97,0.07441770999999997,500,300.0,150000,1533,0.0001,1099,0.0037309760227799416
0.7175698113207547,98,0.06359909,504,300.0,151200,1538,0.0001,1111,0.004657805897295475
0.7153283018867923,98,0.08095564000000001,508,300.0,152400,1543,0.0001,1123,0.003763786517083645
0.7130867924528304,99,-0.04853796000000002,512,300.0,153600,1548,0.0001,1135,0.002981677185744047
0.7108452830188678,99,-0.04193924000000002,516,300.0,154800,1553,0.0001,1147,0.0033939422573894262
0.7086037735849058,100,-0.04941732000000004,520,300.0,156000,1558,0.0001,1159,0.0041908337734639645
0.7063622641509434,100,-0.16836765000000006,524,300.0,157200,1563,0.0001,1171,0.003045629942789674
0.704120754716981,101,-0.19008348000000005,528,300.0,158400,1568,0.0001,1183,0.005510243587195873
0.7018792452830189,101,-0.25299033,532,300.0,159600,1573,0.0001,1195,0.0014017680659890175
0.6996377358490565,101,-0.24309889000000007,536,300.0,160800,1577,0.0001,1207,0.0028185220435261726
0.6973962264150946,102,-0.35660649000000005,540,300.0,162000,1581,0.0001,1219,0.006015262566506863
0.6951547169811321,102,-0.3757452500000001,544,300.0,163200,1586,0.0001,1231,0.003242400474846363
0.6929132075471697,103,-0.50772612,548,300.0,164400,1590,0.0001,1243,0.001548504806123674
0.6906716981132076,103,-0.46646386000000006,552,300.0,165600,1595,0.0001,1255,0.003417909611016512
0.6884301886792452,104,-0.42897717999999996,556,300.0,166800,1598,0.0001,1267,0.003726051887497306
0.6861886792452832,104,-0.40433609,560,300.0,168000,1601,0.0001,1279,0.002459611278027296
0.6839471698113208,105,-0.3448595199999999,564,300.0,169200,1605,0.0001,1291,0.0029324630741029978
0.6817056603773588,105,-0.4178303,568,300.0,170400,1609,0.0001,1303,0.002179778879508376
0.6794641509433963,106,-0.40474689999999997,572,300.0,171600,1613,0.0001,1315,0.0021116798743605614
0.6772226415094338,106,-0.48601254,576,300.0,172800,1618,0.0001,1327,0.00502040795981884
0.6749811320754718,107,-0.42936521,580,300.0,174000,1621,0.0001,1339,0.002683994360268116
0.6727396226415094,107,-0.37890619000000003,584,300.0,175200,1624,0.0001,1351,0.0023919360246509314
0.6704981132075469,108,-0.46288735000000003,588,300.0,176400,1627,0.0001,1363,0.0030990971717983484
0.668256603773585,108,-0.4854833200000001,592,300.0,177600,1630,0.0001,1375,0.004296487662941217
0.6660150943396226,109,-0.40601457000000013,596,300.0,178800,1634,0.0001,1387,0.005540330894291401
0.6637735849056605,109,-0.41832651000000004,600,300.0,180000,1638,0.0001,1399,0.005445695482194424
0.661532075471698,110,-0.43676564,604,300.0,181200,1641,0.0001,1411,0.005694742780178785
0.6592905660377361,110,-0.4308571199999999,608,300.0,182400,1645,0.0001,1423,0.003406768199056387
0.6570490566037737,111,-0.39673987,612,300.0,183600,1649,0.0001,1435,0.0029914008919149637
0.6548075471698112,111,-0.25807379999999996,616,300.0,184800,1653,0.0001,1447,0.006668721791356802
0.6525660377358492,112,-0.2239265,620,300.0,186000,1657,0.0001,1459,0.00371004780754447
0.6503245283018868,112,-0.3235550300000001,624,300.0,187200,1659,0.0001,1471,0.0030019585974514484
0.6480830188679243,113,-0.4139723900000001,628,300.0,188400,1662,0.0001,1483,0.004073197953402996
0.6458415094339622,113,-0.38874234,632,300.0,189600,1666,0.0001,1495,0.00378528144210577
0.6435999999999998,114,-0.35516767,636,300.0,190800,1670,0.0001,1507,0.0035541150718927383
0.6413584905660379,114,-0.14486688,640,300.0,192000,1673,0.0001,1519,0.003635270521044731
0.6391169811320754,115,-0.03237199999999998,644,300.0,193200,1676,0.0001,1531,0.00324329175055027
0.6368754716981134,115,0.20471367999999998,648,300.0,194400,1679,0.0001,1543,0.004465331789106131
0.634633962264151,116,0.10838895999999996,652,300.0,195600,1683,0.0001,1555,0.0031686490401625633
0.6323924528301885,116,0.14094836,656,300.0,196800,1686,0.0001,1567,0.0015663187950849533
0.6301509433962265,117,0.12483513999999996,660,300.0,198000,1690,0.0001,1579,0.0053219860419631
0.6279094339622641,117,-0.03322212000000005,664,300.0,199200,1694,0.0001,1591,0.0022528227418661118
0.6256679245283021,159,0.012054880000000004,668,300.0,200400,1254,0.0001,1603,0.004346303641796112
0.6234264150943396,160,0.006446780000000043,672,300.0,201600,1258,0.0001,1615,0.0038210307247936726
0.6211849056603772,160,0.022397289999999997,676,300.0,202800,1262,0.0001,1627,0.004400996491312981
0.6189433962264153,161,-0.08404874999999999,680,300.0,204000,1265,0.0001,1639,0.002171432366594672
0.6167018867924527,161,-0.17429370999999996,684,300.0,205200,1268,0.0001,1651,0.005494371522217989
0.6144603773584907,162,0.0011254100000000343,688,300.0,206400,1271,0.0001,1663,0.007724124006927013
0.6122188679245283,162,0.01872850000000001,692,300.0,207600,1275,0.0001,1675,0.001870125881396234
0.6099773584905659,163,0.017732940000000027,696,300.0,208800,1278,0.0001,1687,0.0035389363765716553
0.6077358490566038,163,0.05932387999999997,700,300.0,210000,1282,0.0001,1699,0.004900286439806223
0.6054943396226414,164,0.033575009999999954,704,300.0,211200,1285,0.0001,1711,0.004529234953224659
0.6032528301886795,164,0.04665091999999996,708,300.0,212400,1289,0.0001,1723,0.003166152397170663
0.601011320754717,165,-0.045802450000000015,712,300.0,213600,1292,0.0001,1735,0.00572323938831687
0.5987698113207549,165,-0.035923779999999954,716,300.0,214800,1296,0.0001,1747,0.008300046436488628
0.5965283018867925,166,-0.03235823999999995,720,300.0,216000,1299,0.0001,1759,0.006430197041481733
0.5942867924528301,166,-0.011663179999999962,724,300.0,217200,1302,0.0001,1771,0.003000421915203333
0.592045283018868,167,0.08132679999999999,728,300.0,218400,1305,0.0001,1783,0.004565556067973375
0.5898037735849057,167,0.05812054999999996,732,300.0,219600,1308,0.0001,1795,0.0020637819543480873
0.5875622641509433,168,-0.08086024,736,300.0,220800,1311,0.0001,1807,0.006296565756201744
0.5853207547169812,168,-0.12112286999999998,740,300.0,222000,1313,0.0001,1819,0.002072229515761137
0.5830792452830188,169,-0.24808400000000003,744,300.0,223200,1317,0.0001,1831,0.006736109498888254
0.5808377358490567,169,-0.35379421999999994,748,300.0,224400,1320,0.0001,1843,0.005167551804333925
0.5785962264150943,170,-0.3453088199999999,752,300.0,225600,1324,0.0001,1855,0.0022930961567908525
0.5763547169811323,170,-0.35486623,756,300.0,226800,1327,0.0001,1867,0.0038498742505908012
0.5741132075471699,171,-0.23854289000000006,760,300.0,228000,1330,0.0001,1879,0.003535653231665492
0.5718716981132075,171,-0.19378307,764,300.0,229200,1333,0.0001,1891,0.005426075775176287
0.5696301886792454,172,-0.30968533000000004,768,300.0,230400,1336,0.0001,1903,0.0036278110928833485
0.567388679245283,172,-0.31568997,772,300.0,231600,1339,0.0001,1915,0.004966037813574076
0.5651471698113206,173,-0.26234067000000005,776,300.0,232800,1342,0.0001,1927,0.005174732767045498
0.5629056603773586,173,-0.24286685000000005,780,300.0,234000,1345,0.0001,1939,0.005186707712709904
0.5606641509433961,174,-0.024435920000000007,784,300.0,235200,1349,0.0001,1951,0.0021994891576468945
0.5584226415094341,174,-0.08866207000000002,788,300.0,236400,1351,0.0001,1963,0.0027201545890420675
0.5561811320754717,175,-0.08929914999999992,792,300.0,237600,1355,0.0001,1975,0.004672895185649395
0.5539396226415096,175,-0.10504419999999991,796,300.0,238800,1358,0.0001,1987,0.0018820153782144189
0.5516981132075472,176,-0.17046957999999993,800,300.0,240000,1361,0.0001,1999,0.0019827557262033224
0.5494566037735849,176,-0.026138969999999956,804,300.0,241200,1363,0.0001,2011,0.004565476439893246
0.5472150943396228,177,-0.10239593999999996,808,300.0,242400,1367,0.0001,2023,0.0024141024332493544
0.5449735849056603,177,-0.03323561999999999,812,300.0,243600,1370,0.0001,2035,0.005988764110952616
0.5427320754716983,178,-0.22911847999999999,816,300.0,244800,1373,0.0001,2047,0.0023575585801154375
0.5404905660377359,178,-0.29794955999999995,820,300.0,246000,1376,0.0001,2059,0.008417196571826935
0.5382490566037734,179,-0.29317582999999997,824,300.0,247200,1379,0.0001,2071,0.004950772505253553
0.5360075471698115,179,-0.31142324000000005,828,300.0,248400,1382,0.0001,2083,0.002241321839392185
0.5337660377358491,180,-0.22710798000000004,832,300.0,249600,1385,0.0001,2095,0.002516962820664048
0.531524528301887,180,-0.14884248000000005,836,300.0,250800,1388,0.0001,2107,0.0022526285611093044
0.5292830188679245,181,-0.18339493000000007,840,300.0,252000,1391,0.0001,2119,0.0017007708083838224
0.527041509433962,181,-0.18680521000000008,844,300.0,253200,1394,0.0001,2131,0.006686611566692591
0.5248000000000002,182,-0.30309053,848,300.0,254400,1397,0.0001,2143,0.002738711191341281
0.5225584905660376,182,-0.18202993,852,300.0,255600,1400,0.0001,2155,0.0042916154488921165
0.5203169811320757,183,-0.3415757100000001,856,300.0,256800,1402,0.0001,2167,0.004896465688943863
0.5180754716981133,183,-0.44293483,860,300.0,258000,1405,0.0001,2179,0.0027778861112892628
0.5158339622641512,184,-0.46491837999999985,864,300.0,259200,1408,0.0001,2191,0.0027362830005586147
0.5135924528301887,184,-0.44837959000000005,868,300.0,260400,1411,0.0001,2203,0.0038352925330400467
0.5113509433962263,185,-0.39679003000000007,872,300.0,261600,1413,0.0001,2215,0.004396708682179451
0.5091094339622644,185,-0.54114694,876,300.0,262800,1416,0.0001,2227,0.0037090193945914507
0.5068679245283019,186,-0.3913317,880,300.0,264000,1419,0.0001,2239,0.003652472048997879
0.5046264150943394,186,-0.53900502,884,300.0,265200,1421,0.0001,2251,0.006542671471834183
0.5023849056603774,187,-0.49985001000000007,888,300.0,266400,1424,0.0001,2263,0.001976957079023123
0.500143396226415,187,-0.50002533,892,300.0,267600,1425,0.0001,2275,0.003930760081857443
0.49790188679245306,188,-0.5286036399999999,896,300.0,268800,1428,0.0001,2287,0.003228889312595129
0.49566037735849056,188,-0.7053128399999999,900,300.0,270000,1430,0.0001,2299,0.004004335030913353
0.4934188679245285,189,-0.7362047000000002,904,300.0,271200,1433,0.0001,2311,0.0030865315347909927
0.4911773584905661,189,-0.5982608899999999,908,300.0,272400,1436,0.0001,2323,0.0025540352798998356
0.4889358490566037,190,-0.6266920899999999,912,300.0,273600,1438,0.0001,2335,0.0033272041473537683
0.48669433962264175,190,-0.56216833,916,300.0,274800,1441,0.0001,2347,0.0031009481754153967
0.48445283018867924,191,-0.54364367,920,300.0,276000,1443,0.0001,2359,0.0041033183224499226
0.48221132075471673,191,-0.56727358,924,300.0,277200,1446,0.0001,2371,0.0027399477548897266
0.4799698113207548,192,-0.62600839,928,300.0,278400,1448,0.0001,2383,0.004926183260977268
0.4777283018867924,192,-0.68721963,932,300.0,279600,1451,0.0001,2395,0.0033016481902450323
0.4754867924528303,193,-0.6219381100000001,936,300.0,280800,1453,0.0001,2407,0.0025972432922571898
0.4732452830188679,193,-0.5337200500000001,940,300.0,282000,1456,0.0001,2419,0.002757773268967867
0.47100377358490586,194,-0.45202219000000016,944,300.0,283200,1458,0.0001,2431,0.003378886729478836
0.46876226415094346,194,-0.3037688100000001,948,300.0,284400,1461,0.0001,2443,0.0070157297886908054
0.46652075471698107,195,-0.39764508,952,300.0,285600,1463,0.0001,2455,0.006756758317351341
0.464279245283019,195,-0.20864371000000012,956,300.0,286800,1465,0.0001,2467,0.004491419065743685
0.4620377358490566,196,-0.23262848000000003,960,300.0,288000,1467,0.0001,2479,0.005629740655422211
0.4597962264150941,196,-0.19897367000000002,964,300.0,289200,1470,0.0001,2491,0.0069749727845191956
0.45755471698113215,197,-0.03678034000000006,968,300.0,290400,1472,0.0001,2503,0.0027359062805771828
0.45531320754716975,197,-0.21086645000000004,972,300.0,291600,1474,0.0001,2515,0.00415639765560627
0.4530716981132077,198,-0.05085536000000003,976,300.0,292800,1475,0.0001,2527,0.005324940197169781
0.4508301886792452,198,-0.2602149700000001,980,300.0,294000,1477,0.0001,2539,0.003283714409917593
0.44858867924528323,199,-0.2548318400000001,984,300.0,295200,1480,0.0001,2551,0.0027085659094154835
0.44634716981132083,199,-0.44892733000000007,988,300.0,296400,1482,0.0001,2563,0.0020158218685537577
0.4441056603773583,200,-0.5147306500000001,992,300.0,297600,1484,0.0001,2575,0.0026386587414890528
0.44186415094339637,200,-0.4572309200000001,996,300.0,298800,1487,0.0001,2587,0.00548915658146143
0.43962264150943386,245,-0.3931114999999999,1000,300.0,300000,1224,0.0001,2599,0.0009600344346836209
0.43738113207547147,245,-0.42127777,1004,300.0,301200,1226,0.0001,2611,0.006662643514573574
0.4351396226415095,246,-0.6186431,1008,300.0,302400,1228,0.0001,2623,0.0029558634851127863
0.43289811320754745,246,-0.5750319599999999,1012,300.0,303600,1230,0.0001,2635,0.0022249636240303516
0.43065660377358506,247,-0.59901724,1016,300.0,304800,1233,0.0001,2647,0.0013342828024178743
0.42841509433962255,247,-0.64408951,1020,300.0,306000,1235,0.0001,2659,0.0018789070891216397
0.4261735849056606,248,-0.61562318,1024,300.0,307200,1237,0.0001,2671,0.004293837584555149
0.4239320754716981,248,-0.41930272,1028,300.0,308400,1239,0.0001,2683,0.0022635164204984903
0.4216905660377357,249,-0.35266176999999993,1032,300.0,309600,1242,0.0001,2695,0.0034295206423848867
0.41944905660377363,249,-0.35458862,1036,300.0,310800,1244,0.0001,2707,0.004282026086002588
0.41720754716981123,250,-0.6113459400000001,1040,300.0,312000,1246,0.0001,2719,0.0037575929891318083
0.4149660377358493,250,-0.7245140600000001,1044,300.0,313200,1248,0.0001,2731,0.002936186268925667
0.4127245283018868,251,-0.8384742199999999,1048,300.0,314400,1251,0.0001,2743,0.003127636853605509
0.4104830188679248,251,-0.66230114,1052,300.0,315600,1253,0.0001,2755,0.002883151639252901
0.4082415094339623,252,-0.74379434,1056,300.0,316800,1255,0.0001,2767,0.001614155014976859
0.4059999999999999,252,-0.6991752000000001,1060,300.0,318000,1257,0.0001,2779,0.004171543288975954
0.40375849056603796,253,-0.7889866000000002,1064,300.0,319200,1260,0.0001,2791,0.004894135519862175
0.40151698113207546,253,-0.9496589799999999,1068,300.0,320400,1262,0.0001,2803,0.004330241121351719
0.39927547169811306,254,-0.8551485100000003,1072,300.0,321600,1264,0.0001,2815,0.0028668795712292194
0.397033962264151,254,-1.03166377,1076,300.0,322800,1266,0.0001,2827,0.0030060966964811087
0.3947924528301886,255,-0.92512552,1080,300.0,324000,1268,0.0001,2839,0.004459896124899387
0.39255094339622654,255,-0.90288048,1084,300.0,325200,1270,0.0001,2851,0.006643697153776884
0.39030943396226414,256,-0.8625656,1088,300.0,326400,1272,0.0001,2863,0.0017998912371695042
0.3880679245283021,256,-0.6854250399999998,1092,300.0,327600,1275,0.0001,2875,0.003142321016639471
0.3858264150943397,257,-0.64066951,1096,300.0,328800,1277,0.0001,2887,0.0030997470021247864
0.3835849056603773,258,-0.54583136,1100,300.0,330000,1278,0.0001,2899,0.0017823416274040937
0.3813433962264152,258,-0.62586341,1104,300.0,331200,1280,0.0001,2911,0.002989323576912284
0.3791018867924528,259,-0.49618716000000007,1108,300.0,332400,1282,0.0001,2923,0.002221040427684784
0.37686037735849043,259,-0.4143345500000001,1112,300.0,333600,1284,0.0001,2935,0.0017357927281409502
0.37461886792452836,260,-0.4124532999999999,1116,300.0,334800,1286,0.0001,2947,0.002354574389755726
0.37237735849056597,260,-0.37795781999999994,1120,300.0,336000,1288,0.0001,2959,0.0014499039389193058
0.3701358490566039,261,-0.37684323,1124,300.0,337200,1290,0.0001,2971,0.0027339309453964233
0.3678943396226415,261,-0.60101382,1128,300.0,338400,1292,0.0001,2983,0.00255719106644392
0.36565283018867945,262,-0.5883212600000001,1132,300.0,339600,1294,0.0001,2995,0.0008936574449762702
0.36341132075471705,262,-0.63605064,1136,300.0,340800,1296,0.0001,3007,0.0037830963265150785
0.36116981132075454,263,-0.4224756800000001,1140,300.0,342000,1298,0.0001,3019,0.0033410910982638597
0.3589283018867926,263,-0.37338509,1144,300.0,343200,1300,0.0001,3031,0.0011368041159585118
0.3566867924528302,264,-0.24947353000000005,1148,300.0,344400,1302,0.0001,3043,0.005232332274317741
0.3544452830188677,265,-0.25321828,1152,300.0,345600,1304,0.0001,3055,0.0029384007211774588
0.35220377358490573,265,-0.17778285000000005,1156,300.0,346800,1305,0.0001,3067,0.0023263932671397924
0.34996226415094367,266,-0.14663105999999998,1160,300.0,348000,1307,0.0001,3079,0.0031388602219522
0.3477207547169813,266,0.00539391999999995,1164,300.0,349200,1309,0.0001,3091,0.0013402029871940613
0.3454792452830189,267,0.09553148999999994,1168,300.0,350400,1311,0.0001,3103,0.0031686341390013695
0.3432377358490568,267,0.19362981999999992,1172,300.0,351600,1313,0.0001,3115,0.0020122097339481115
0.3409962264150943,268,0.35292391,1176,300.0,352800,1315,0.0001,3127,0.002704771002754569
0.3387547169811319,268,0.33026333999999996,1180,300.0,354000,1317,0.0001,3139,0.004333619959652424
0.33651320754716996,269,0.2047132499999999,1184,300.0,355200,1319,0.0001,3151,0.0010282793082296848
0.33427169811320756,269,0.22060670000000002,1188,300.0,356400,1321,0.0001,3163,0.0017594064120203257
0.3320301886792455,270,0.09459147000000008,1192,300.0,357600,1323,0.0001,3175,0.0026063290424644947
0.329788679245283,270,0.01460754999999999,1196,300.0,358800,1325,0.0001,3187,0.0017653971444815397
0.32754716981132104,271,0.14403800000000003,1200,300.0,360000,1327,0.0001,3199,0.0019684380386024714
0.32530566037735864,271,0.16544030000000012,1204,300.0,361200,1328,0.0001,3211,0.0010834740241989493
0.32306415094339613,272,0.05145828000000008,1208,300.0,362400,1330,0.0001,3223,0.00348937651142478
0.3208226415094342,272,0.007995420000000033,1212,300.0,363600,1332,0.0001,3235,0.003023626282811165
0.3185811320754717,273,0.0684133,1216,300.0,364800,1334,0.0001,3247,0.0031448155641555786
0.3163396226415093,273,0.17686565999999998,1220,300.0,366000,1336,0.0001,3259,0.0026690191589295864
0.3140981132075473,274,0.29388601,1224,300.0,367200,1338,0.0001,3271,0.0029169777408242226
0.3118566037735848,274,0.33734556000000004,1228,300.0,368400,1340,0.0001,3283,0.0037251801695674658
0.30961509433962275,275,0.37028998,1232,300.0,369600,1341,0.0001,3295,0.0027789659798145294
0.30737358490566036,275,0.51760815,1236,300.0,370800,1343,0.0001,3307,0.0018511672969907522
0.3051320754716984,276,0.63144868,1240,300.0,372000,1345,0.0001,3319,0.0010974195320159197
0.302890566037736,277,0.5916194100000002,1244,300.0,373200,1347,0.0001,3331,0.001603854587301612
0.3006490566037735,277,0.5724530800000001,1248,300.0,374400,1348,0.0001,3343,0.0014926799340173602
0.29840754716981144,278,0.50819456,1252,300.0,375600,1350,0.0001,3355,0.002513224259018898
0.29616603773584904,278,0.5601730199999999,1256,300.0,376800,1351,0.0001,3367,0.001703492715023458
0.29392452830188665,279,0.43926083000000005,1260,300.0,378000,1353,0.0001,3379,0.002240892732515931
0.2916830188679246,279,0.38250124,1264,300.0,379200,1355,0.0001,3391,0.0019187276484444737
0.2894415094339622,280,0.34965652999999997,1268,300.0,380400,1357,0.0001,3403,0.0014240796444937587
0.2872000000000001,280,0.35939171999999997,1272,300.0,381600,1358,0.0001,3415,0.0015934011898934841
0.2849584905660377,281,0.35773229,1276,300.0,382800,1360,0.0001,3427,0.0016297847032546997
0.2827169811320758,282,0.32596044,1280,300.0,384000,1361,0.0001,3439,0.001321507734246552
0.28047547169811327,282,0.5387353600000001,1284,300.0,385200,1362,0.0001,3451,0.0008793697925284505
0.27823396226415076,283,0.63839415,1288,300.0,386400,1364,0.0001,3463,0.0021809886675328016
0.2759924528301888,283,0.73666716,1292,300.0,387600,1366,0.0001,3475,0.00246695545502007
0.2737509433962264,284,0.9059949499999999,1296,300.0,388800,1367,0.0001,3487,0.0019928577821701765
0.271509433962264,284,0.80113872,1300,300.0,390000,1369,0.0001,3499,0.0026340726763010025
0.26926792452830195,285,0.7409383799999999,1304,300.0,391200,1370,0.0001,3511,0.0029843091033399105
0.26702641509433944,285,0.82604044,1308,300.0,392400,1372,0.0001,3523,0.0013919442426413298
0.2647849056603775,286,0.8075599,1312,300.0,393600,1373,0.0001,3535,0.0019404562190175056
0.2625433962264151,287,0.82197171,1316,300.0,394800,1375,0.0001,3547,0.002694353461265564
0.26030188679245303,287,0.6981676699999997,1320,300.0,396000,1376,0.0001,3559,0.0018100744346156716
0.25806037735849063,288,0.56550903,1324,300.0,397200,1377,0.0001,3571,0.0010551882442086935
0.2558188679245281,288,0.723028,1328,300.0,398400,1378,0.0001,3583,0.002007945440709591
0.2535773584905662,289,0.5962218599999999,1332,300.0,399600,1380,0.0001,3595,0.0017616786062717438
0.2513358490566038,333,0.3568498399999999,1336,300.0,400800,1202,0.0001,3607,0.0023770038969814777
0.24909433962264138,333,0.12491167999999987,1340,300.0,402000,1204,0.0001,3619,0.001789194531738758
0.2468528301886792,334,0.21304484999999992,1344,300.0,403200,1205,0.0001,3631,0.0009990138933062553
0.24461132075471725,334,0.1356802199999999,1348,300.0,404400,1207,0.0001,3643,0.0016726747853681445
0.24236981132075486,335,0.13776881999999996,1352,300.0,405600,1208,0.0001,3655,0.0011927979066967964
0.24012830188679246,336,0.03902622999999998,1356,300.0,406800,1210,0.0001,3667,0.0014913862105458975
0.2378867924528304,336,0.34785954,1360,300.0,408000,1212,0.0001,3679,0.002073320560157299
0.2356452830188679,337,0.4961892000000001,1364,300.0,409200,1213,0.0001,3691,0.0018583182245492935
0.2334037735849055,337,0.5241239500000001,1368,300.0,410400,1214,0.0001,3703,0.0009625552920624614
0.23116226415094354,338,0.47838541,1372,300.0,411600,1216,0.0001,3715,0.0021000164560973644
0.22892075471698115,338,0.4987012,1376,300.0,412800,1218,0.0001,3727,0.0015672112349420786
0.22667924528301897,339,0.5384687100000001,1380,300.0,414000,1219,0.0001,3739,0.0013149760197848082
0.22443773584905657,339,0.44931717000000004,1384,300.0,415200,1221,0.0001,3751,0.0018957597203552723
0.22219622641509462,340,0.46205280999999987,1388,300.0,416400,1222,0.0001,3763,0.0009116855217143893
0.21995471698113223,341,0.3103533,1392,300.0,417600,1224,0.0001,3775,0.00220293621532619
0.21771320754716983,341,0.22362710999999996,1396,300.0,418800,1226,0.0001,3787,0.0010864835930988193
0.21547169811320765,342,0.13750217000000006,1400,300.0,420000,1227,0.0001,3799,0.0012604242656379938
0.21323018867924526,342,0.13736090000000006,1404,300.0,421200,1228,0.0001,3811,0.0016188346780836582
0.21098867924528286,343,0.06200235000000007,1408,300.0,422400,1230,0.0001,3823,0.0014060226967558265
0.2087471698113209,343,0.046490910000000066,1412,300.0,423600,1231,0.0001,3835,0.0011080714175477624
0.2065056603773585,344,0.07720802000000003,1416,300.0,424800,1233,0.0001,3847,0.0009739031665958464
0.20426415094339634,345,0.14554559000000006,1420,300.0,426000,1234,0.0001,3859,0.0011333069996908307
0.20202264150943394,345,0.14438585000000004,1424,300.0,427200,1236,0.0001,3871,0.0013379923766478896
0.199781132075472,346,0.04857783000000003,1428,300.0,428400,1237,0.0001,3883,0.0016428465023636818
0.1975396226415096,346,0.05029121000000007,1432,300.0,429600,1239,0.0001,3895,0.0017295856960117817
0.19529811320754709,347,0.23087323000000004,1436,300.0,430800,1240,0.0001,3907,0.0010615700157359242
0.19305660377358502,348,0.24684761000000005,1440,300.0,432000,1240,0.0001,3919,0.0016609648009762168
0.19081509433962263,348,0.21247058000000002,1444,300.0,433200,1242,0.0001,3931,0.0013561921659857035
0.18857358490566023,349,0.25649188,1448,300.0,434400,1243,0.0001,3943,0.0012373329373076558
0.18633207547169828,349,0.2000674,1452,300.0,435600,1244,0.0001,3955,0.0007405442884191871
0.18409056603773566,350,0.18293125999999998,1456,300.0,436800,1246,0.0001,3967,0.0013919384218752384
0.1818490566037737,351,-0.10785925000000002,1460,300.0,438000,1247,0.0001,3979,0.0013453345745801926
0.1796075471698113,351,-0.13114512000000006,1464,300.0,439200,1248,0.0001,3991,0.0021862948779016733
0.17736603773584936,352,-0.09049268000000002,1468,300.0,440400,1250,0.0001,4003,0.0009685044060461223
0.17512452830188696,352,-0.03967486000000003,1472,300.0,441600,1251,0.0001,4015,0.0008530777413398027
0.17288301886792434,353,-0.14016674,1476,300.0,442800,1253,0.0001,4027,0.0009739309316501021
0.1706415094339624,353,-0.20811591,1480,300.0,444000,1254,0.0001,4039,0.0013907152460888028
0.1684,354,-0.27318384000000007,1484,300.0,445200,1256,0.0001,4051,0.0014739470789209008
0.1661584905660376,355,-0.36974361,1488,300.0,446400,1257,0.0001,4063,0.0009574137511663139
0.16391698113207553,355,-0.3051222600000001,1492,300.0,447600,1258,0.0001,4075,0.0006822465802542865
0.16167547169811347,356,-0.25895171000000006,1496,300.0,448800,1260,0.0001,4087,0.001152524258941412
0.15943396226415107,356,-0.16950540000000008,1500,300.0,450000,1261,0.0001,4099,0.001436786144040525
0.15719245283018868,357,-0.07422554000000008,1504,300.0,451200,1262,0.0001,4111,0.001610501785762608
0.15495094339622673,357,0.055534359999999935,1508,300.0,452400,1264,0.0001,4123,0.0009034575195983052
0.1527094339622641,358,0.03602711999999996,1512,300.0,453600,1265,0.0001,4135,0.0009352320339530706
0.1504679245283017,358,0.05389198999999997,1516,300.0,454800,1266,0.0001,4147,0.0012235490139573812
0.14822641509433976,359,-0.046615090000000026,1520,300.0,456000,1268,0.0001,4159,0.0010529275750741363
0.14598490566037736,360,0.02650928999999997,1524,300.0,457200,1269,0.0001,4171,0.001339585054665804
0.1437433962264153,360,-0.005643380000000042,1528,300.0,458400,1270,0.0001,4183,0.0007651479681953788
0.1415018867924528,361,0.029171469999999988,1532,300.0,459600,1272,0.0001,4195,0.0008001363021321595
0.13926037735849084,361,-0.13855738,1536,300.0,460800,1273,0.0001,4207,0.0011626988416537642
0.13701886792452844,362,-0.12565556000000003,1540,300.0,462000,1275,0.0001,4219,0.0006615152233280241
0.13477735849056605,362,-0.15111848,1544,300.0,463200,1276,0.0001,4231,0.001275047892704606
0.13253584905660387,363,-0.15378318000000005,1548,300.0,464400,1277,0.0001,4243,0.0008189206128008664
0.13029433962264148,363,-0.17908535,1552,300.0,465600,1279,0.0001,4255,0.0009919037111103535
0.12805283018867908,364,-0.03131400000000003,1556,300.0,466800,1280,0.0001,4267,0.0009474670514464378
0.12581132075471713,365,0.17742149,1560,300.0,468000,1281,0.0001,4279,0.0008790320716798306
0.12356981132075473,365,-0.03571741999999999,1564,300.0,469200,1283,0.0001,4291,0.0010859088506549597
0.12132830188679256,366,-0.05654856000000001,1568,300.0,470400,1284,0.0001,4303,0.0010202835546806455
0.11908679245283016,366,-0.22490834000000004,1572,300.0,471600,1285,0.0001,4315,0.0008903236594051123
0.1168452830188682,367,-0.28428009000000004,1576,300.0,472800,1287,0.0001,4327,0.0007606552680954337
0.11460377358490581,367,-0.19256459000000004,1580,300.0,474000,1288,0.0001,4339,0.0008860342786647379
0.1123622641509433,368,-0.16876954999999996,1584,300.0,475200,1289,0.0001,4351,0.0013533573364838958
0.11012075471698124,369,-0.020630379999999997,1588,300.0,476400,1290,0.0001,4363,0.0013238806277513504
0.10787924528301884,369,0.03417778999999995,1592,300.0,477600,1291,0.0001,4375,0.0006758456584066153
0.10563773584905645,370,0.03494150000000003,1596,300.0,478800,1293,0.0001,4387,0.0007524271495640278
0.1033962264150945,370,0.013829360000000044,1600,300.0,480000,1294,0.0001,4399,0.0009980740724131465
0.10115471698113199,371,-0.03970190000000001,1604,300.0,481200,1295,0.0001,4411,0.0011473430786281824
0.09891320754716992,371,-0.1506258000000001,1608,300.0,482400,1296,0.0001,4423,0.000575267244130373
0.09667169811320753,372,-0.1075192600000001,1612,300.0,483600,1298,0.0001,4435,0.0025984221138060093
0.09443018867924557,373,-0.11549122000000013,1616,300.0,484800,1299,0.0001,4447,0.0008145387400873005
0.09218867924528318,373,-0.06626747000000005,1620,300.0,486000,1300,0.0001,4459,0.0010013194987550378
0.08994716981132067,374,-0.20128783999999997,1624,300.0,487200,1302,0.0001,4471,0.0007724530296400189
0.08770566037735861,374,-0.22897835000000005,1628,300.0,488400,1303,0.0001,4483,0.0012003807350993156
0.08546415094339621,375,-0.2729548,1632,300.0,489600,1304,0.0001,4495,0.0008243063348345459
0.08322264150943381,375,-0.12998065,1636,300.0,490800,1305,0.0001,4507,0.00083722616545856
0.08098113207547175,376,-0.13005616999999997,1640,300.0,492000,1306,0.0001,4519,0.0007347889477387071
0.07873962264150935,376,-0.10303774,1644,300.0,493200,1308,0.0001,4531,0.0010396228171885014
0.07649811320754729,377,-0.06364306999999997,1648,300.0,494400,1309,0.0001,4543,0.001746271038427949
0.0742566037735849,378,0.029057299999999984,1652,300.0,495600,1310,0.0001,4555,0.0009744201088324189
0.07201509433962294,378,-0.05570404000000002,1656,300.0,496800,1311,0.0001,4567,0.001033244887366891
0.06977358490566044,379,-0.26335619,1660,300.0,498000,1312,0.0001,4579,0.0009317734511569142
0.06753207547169804,379,-0.17365452,1664,300.0,499200,1313,0.0001,4591,0.0007442552014254034
0.06529056603773598,424,-0.13426696000000007,1668,300.0,500400,1177,0.0001,4603,0.0008140888530761003
0.06304905660377358,425,-0.13021917000000005,1672,300.0,501600,1178,0.0001,4615,0.0010166707215830684
0.06080754716981118,426,-0.08947714000000002,1676,300.0,502800,1179,0.0001,4627,0.0009341144468635321
0.05856603773584912,426,-0.11061439,1680,300.0,504000,1181,0.0001,4639,0.0008408479625359178
0.05632452830188717,427,-0.02791711999999999,1684,300.0,505200,1182,0.0001,4651,0.0007246920140460134
0.05408301886792455,428,-0.07695816000000005,1688,300.0,506400,1183,0.0001,4663,0.0008072242490015924
0.05184150943396215,428,-0.1144630500000001,1692,300.0,507600,1184,0.0001,4675,0.001215643947944045
0.0496000000000002,429,-0.22077658000000006,1696,300.0,508800,1185,0.0001,4687,0.0006526997312903404
0.0473584905660378,429,-0.20617556000000004,1700,300.0,510000,1186,0.0001,4699,0.0009094682172872126
0.045116981132075296,430,-0.13233841,1704,300.0,511200,1187,0.0001,4711,0.0005330186686478555
0.04287547169811334,430,-0.16522603999999996,1708,300.0,512400,1189,0.0001,4723,0.0008468925952911377
0.04063396226415139,431,-0.18835232000000005,1712,300.0,513600,1190,0.0001,4735,0.0007309832144528627
0.03839245283018855,432,-0.25217051000000007,1716,300.0,514800,1191,0.0001,4747,0.0006391045753844082
0.03615094339622649,432,-0.08886857000000005,1720,300.0,516000,1192,0.0001,4759,0.0010768761858344078
0.03390943396226431,433,0.10325721999999996,1724,300.0,517200,1193,0.0001,4771,0.000718960422091186
0.031667924528301916,433,0.003362859999999959,1728,300.0,518400,1195,0.0001,4783,0.0006954803830012679
0.02942641509433952,434,0.17573873999999998,1732,300.0,519600,1196,0.0001,4795,0.0008146337349899113
0.027184905660377567,434,0.02214808999999999,1736,300.0,520800,1197,0.0001,4807,0.0006697680801153183
0.02494339622641506,435,0.12730512,1740,300.0,522000,1198,0.0001,4819,0.0007566543063148856
0.022701886792452663,436,0.12673569999999995,1744,300.0,523200,1199,0.0001,4831,0.000738317146897316
0.02046037735849071,437,0.04097697999999998,1748,300.0,524400,1199,0.0001,4843,0.0006969372625462711
0.01821886792452876,437,0.023146740000000023,1752,300.0,525600,1200,0.0001,4855,0.0007719655986875296
0.01597735849056592,438,-0.16912994999999995,1756,300.0,526800,1201,0.0001,4867,0.0007925227982923388
0.013735849056603633,439,-0.035398179999999974,1760,300.0,528000,1202,0.0001,4879,0.0006363963475450873
0.01149433962264168,439,0.016865470000000046,1764,300.0,529200,1203,0.0001,4891,0.0009181910427287221
0.01,440,-0.10286335999999999,1768,300.0,530400,1204,0.0001,4903,0.0008457957883365452
0.01,440,-0.051571900000000045,1772,300.0,531600,1205,0.0001,4915,0.0009688613936305046
0.01,441,0.19601983999999995,1776,300.0,532800,1207,0.0001,4927,0.0007974987966008484
0.01,441,0.05813188999999998,1780,300.0,534000,1208,0.0001,4939,0.0009350160253234208
0.01,442,0.04788127999999995,1784,300.0,535200,1209,0.0001,4951,0.0009395175147801638
0.01,443,0.06425390999999993,1788,300.0,536400,1210,0.0001,4963,0.0006682039238512516
0.01,443,0.08579233999999998,1792,300.0,537600,1211,0.0001,4975,0.0011813483433797956
0.01,444,0.14837856000000005,1796,300.0,538800,1212,0.0001,4987,0.0006961497128941119
0.01,444,0.10143167,1800,300.0,540000,1213,0.0001,4999,0.0007217855309136212
0.01,445,0.038234239999999975,1804,300.0,541200,1214,0.0001,5011,0.0009636866743676364
0.01,446,0.12589893999999996,1808,300.0,542400,1215,0.0001,5023,0.0009611589484848082
0.01,446,0.10541101000000001,1812,300.0,543600,1216,0.0001,5035,0.0006689984584227204
0.01,447,0.1348775600000001,1816,300.0,544800,1217,0.0001,5047,0.0005170898512005806
0.01,447,-0.08208438,1820,300.0,546000,1219,0.0001,5059,0.0012525839265435934
0.01,448,-0.23446997000000003,1824,300.0,547200,1220,0.0001,5071,0.00104851508513093
0.01,449,-0.23121721999999997,1828,300.0,548400,1221,0.0001,5083,0.0007712802616879344
0.01,449,-0.34810882000000004,1832,300.0,549600,1222,0.0001,5095,0.0006032505189068615
0.01,450,-0.3056008100000001,1836,300.0,550800,1223,0.0001,5107,0.0006794618675485253
0.01,450,-0.37940894000000003,1840,300.0,552000,1224,0.0001,5119,0.0007194929639808834
0.01,451,-0.3911818100000002,1844,300.0,553200,1225,0.0001,5131,0.0006407072069123387
0.01,451,-0.44918083000000003,1848,300.0,554400,1226,0.0001,5143,0.0007060121279209852
0.01,452,-0.4117080000000001,1852,300.0,555600,1227,0.0001,5155,0.0007908378611318767
0.01,453,-0.26102655,1856,300.0,556800,1228,0.0001,5167,0.0005693204002454877
0.01,453,-0.40283937000000003,1860,300.0,558000,1230,0.0001,5179,0.0007877455791458488
0.01,454,-0.47828689999999996,1864,300.0,559200,1231,0.0001,5191,0.0005225985078141093
0.01,454,-0.3805552200000001,1868,300.0,560400,1232,0.0001,5203,0.0006509615341201425
0.01,455,-0.29056246000000013,1872,300.0,561600,1233,0.0001,5215,0.0009157119784504175
0.01,456,-0.6702679800000001,1876,300.0,562800,1234,0.0001,5227,0.0010494247544556856
0.01,456,-0.58772088,1880,300.0,564000,1235,0.0001,5239,0.0007870871922932565
0.01,457,-0.5492221799999999,1884,300.0,565200,1235,0.0001,5251,0.0007793995318934321
0.01,458,-0.63490957,1888,300.0,566400,1236,0.0001,5263,0.0009206421673297882
0.01,458,-0.5837014000000001,1892,300.0,567600,1237,0.0001,5275,0.0008258825400844216
0.01,459,-0.69664123,1896,300.0,568800,1238,0.0001,5287,0.0010404955828562379
0.01,459,-0.63927157,1900,300.0,570000,1239,0.0001,5299,0.0005935275694355369
0.01,460,-0.61429456,1904,300.0,571200,1240,0.0001,5311,0.0007432821439579129
0.01,461,-0.53424911,1908,300.0,572400,1241,0.0001,5323,0.0009812768548727036
0.01,461,-0.49283596999999996,1912,300.0,573600,1242,0.0001,5335,0.0005925385048612952
0.01,462,-0.5285901399999999,1916,300.0,574800,1243,0.0001,5347,0.0005798715283162892
0.01,462,-0.44019826999999995,1920,300.0,576000,1244,0.0001,5359,0.0008477248484268785
0.01,463,-0.43348556999999993,1924,300.0,577200,1245,0.0001,5371,0.000701134733390063
0.01,464,-0.39122716999999985,1928,300.0,578400,1246,0.0001,5383,0.0007064603269100189
0.01,464,-0.33153781000000004,1932,300.0,579600,1247,0.0001,5395,0.0008378553902730346
0.01,465,-0.3176912600000001,1936,300.0,580800,1248,0.0001,5407,0.0006403514416888356
0.01,465,-0.19819096000000003,1940,300.0,582000,1249,0.0001,5419,0.0006969897076487541
0.01,466,-0.2793504299999999,1944,300.0,583200,1250,0.0001,5431,0.0009515017736703157
0.01,467,-0.15848386,1948,300.0,584400,1251,0.0001,5443,0.0005315837915986776
0.01,467,-0.18795866,1952,300.0,585600,1252,0.0001,5455,0.0007312247762456536
0.01,468,-0.26521888000000005,1956,300.0,586800,1252,0.0001,5467,0.0005012661567889154
0.01,469,-0.15688763000000006,1960,300.0,588000,1253,0.0001,5479,0.0006084654596634209
0.01,469,-0.05971161000000001,1964,300.0,589200,1254,0.0001,5491,0.0006091280374675989
0.01,470,-0.17787093000000007,1968,300.0,590400,1255,0.0001,5503,0.0008019387605600059
0.01,470,-0.28359131,1972,300.0,591600,1256,0.0001,5515,0.00054382678354159
0.01,471,-0.18829168999999993,1976,300.0,592800,1256,0.0001,5527,0.0007612865883857012
0.01,472,-0.12442702999999994,1980,300.0,594000,1257,0.0001,5539,0.0009541295003145933
0.01,472,-0.16954980999999988,1984,300.0,595200,1258,0.0001,5551,0.0005201100138947368
0.01,473,-0.05523870999999998,1988,300.0,596400,1259,0.0001,5563,0.0005795261822640896
0.01,473,-0.06097270000000003,1992,300.0,597600,1260,0.0001,5575,0.0007256045937538147
0.01,474,0.019835139999999953,1996,300.0,598800,1261,0.0001,5587,0.0008776540635153651
0.01,520,-0.044266539999999986,2000,300.0,600000,1153,0.0001,5599,0.0009090318344533443
0.01,520,-0.11679779999999998,2004,300.0,601200,1154,0.0001,5611,0.0006570502882823348
0.01,521,-0.012995739999999967,2008,300.0,602400,1155,0.0001,5623,0.0006643361994065344
0.01,521,-0.03870170999999999,2012,300.0,603600,1156,0.0001,5635,0.0007265642052516341
0.01,522,-0.04719698000000005,2016,300.0,604800,1156,0.0001,5647,0.0007459917105734348
0.01,523,-0.06744391999999994,2020,300.0,606000,1157,0.0001,5659,0.0009151080157607794
0.01,524,0.01752717000000009,2024,300.0,607200,1158,0.0001,5671,0.0006756650400348008
0.01,524,0.04997556000000009,2028,300.0,608400,1159,0.0001,5683,0.0007129641016945243
0.01,525,-0.04531256999999991,2032,300.0,609600,1160,0.0001,5695,0.0005088159232400358
0.01,525,-0.07971359999999995,2036,300.0,610800,1161,0.0001,5707,0.0006775842048227787
0.01,526,-0.3179599699999999,2040,300.0,612000,1162,0.0001,5719,0.0008444202831014991
0.01,527,-0.18405551000000003,2044,300.0,613200,1162,0.0001,5731,0.0006310368189588189
0.01,528,-0.06276148000000002,2048,300.0,614400,1163,0.0001,5743,0.0007022743811830878
0.01,528,-0.15052012,2052,300.0,615600,1164,0.0001,5755,0.0007880779448896646
0.01,529,-0.07639190000000004,2056,300.0,616800,1165,0.0001,5767,0.0005494123906828463
0.01,529,-0.16264244000000008,2060,300.0,618000,1166,0.0001,5779,0.0006875816034153104
0.01,530,-0.34967602,2064,300.0,619200,1167,0.0001,5791,0.0005341205978766084
0.01,531,-0.27345761,2068,300.0,620400,1168,0.0001,5803,0.0005099785048514605
0.01,531,-0.29427173999999995,2072,300.0,621600,1168,0.0001,5815,0.0005118567496538162
0.01,532,-0.28403733,2076,300.0,622800,1169,0.0001,5827,0.0006269123987294734
0.01,533,-0.28827277999999995,2080,300.0,624000,1170,0.0001,5839,0.0009568838286213577
0.01,533,-0.28718007999999995,2084,300.0,625200,1171,0.0001,5851,0.0005667244549840689
0.01,534,-0.33177175999999986,2088,300.0,626400,1172,0.0001,5863,0.000672315014526248
0.01,534,-0.4410326499999999,2092,300.0,627600,1173,0.0001,5875,0.0022530630230903625
0.01,535,-0.47485999999999995,2096,300.0,628800,1174,0.0001,5887,0.0006724880076944828
0.01,536,-0.50319095,2100,300.0,630000,1175,0.0001,5899,0.0005684581701643765
0.01,536,-0.59199775,2104,300.0,631200,1176,0.0001,5911,0.0005676449509337544
0.01,537,-0.90137695,2108,300.0,632400,1177,0.0001,5923,0.0007732806261628866
0.01,537,-0.8954353800000001,2112,300.0,633600,1177,0.0001,5935,0.0010321674635633826
0.01,538,-0.89012289,2116,300.0,634800,1178,0.0001,5947,0.0007223057327792048
0.01,539,-0.92325042,2120,300.0,636000,1179,0.0001,5959,0.0009159652981907129
0.01,539,-0.95640626,2124,300.0,637200,1180,0.0001,5971,0.0006335644284263253
0.01,540,-1.0108122,2128,300.0,638400,1181,0.0001,5983,0.0008671702235005796
0.01,540,-1.06783173,2132,300.0,639600,1182,0.0001,5995,0.0008663444314152002
0.01,541,-0.9791321000000001,2136,300.0,640800,1183,0.0001,6007,0.0008099365513771772
0.01,541,-0.8249732999999998,2140,300.0,642000,1184,0.0001,6019,0.0004569411394186318
0.01,542,-0.87893099,2144,300.0,643200,1185,0.0001,6031,0.0008732532733120024
0.01,543,-0.96942738,2148,300.0,644400,1186,0.0001,6043,0.0007338530267588794
0.01,543,-0.8125323600000001,2152,300.0,645600,1187,0.0001,6055,0.0007025182712823153
0.01,544,-0.8468556300000002,2156,300.0,646800,1188,0.0001,6067,0.0005759558407589793
0.01,544,-0.77196065,2160,300.0,648000,1189,0.0001,6079,0.0007599653326906264
0.01,545,-0.64382783,2164,300.0,649200,1190,0.0001,6091,0.0005967679899185896
0.01,545,-0.54807408,2168,300.0,650400,1191,0.0001,6103,0.0006872534286230803
0.01,546,-0.63579949,2172,300.0,651600,1191,0.0001,6115,0.0007127213757485151
0.01,547,-0.61376175,2176,300.0,652800,1192,0.0001,6127,0.001019797520712018
0.01,547,-0.6357018700000001,2180,300.0,654000,1193,0.0001,6139,0.0008404065738432109
0.01,548,-0.7277938700000002,2184,300.0,655200,1194,0.0001,6151,0.0008573674131184816
0.01,549,-0.6657531200000002,2188,300.0,656400,1195,0.0001,6163,0.000799784786067903
0.01,549,-0.6310277599999999,2192,300.0,657600,1196,0.0001,6175,0.0008779780473560095
0.01,550,-0.6854014700000001,2196,300.0,658800,1196,0.0001,6187,0.0005993072409182787
0.01,550,-0.45391977000000006,2200,300.0,660000,1197,0.0001,6199,0.00048645143397152424
0.01,551,-0.3985342600000001,2204,300.0,661200,1198,0.0001,6211,0.0008151399670168757
0.01,552,-0.20622207000000006,2208,300.0,662400,1199,0.0001,6223,0.0008333412115462124
0.01,552,-0.21436354000000007,2212,300.0,663600,1200,0.0001,6235,0.0005764771485701203
0.01,553,-0.22485662,2216,300.0,664800,1201,0.0001,6247,0.0007405810756608844
0.01,553,-0.11327407000000003,2220,300.0,666000,1202,0.0001,6259,0.0009336983202956617
0.01,554,-0.13617076000000014,2224,300.0,667200,1203,0.0001,6271,0.0010110116563737392
0.01,555,-0.11467565000000005,2228,300.0,668400,1204,0.0001,6283,0.0006159797194413841
0.01,555,-0.03464929,2232,300.0,669600,1205,0.0001,6295,0.000620978360529989
0.01,556,0.05653590999999986,2236,300.0,670800,1206,0.0001,6307,0.0007798211881890893
0.01,556,0.041214349999999796,2240,300.0,672000,1206,0.0001,6319,0.0007820466416887939
0.01,557,0.06060619999999983,2244,300.0,673200,1207,0.0001,6331,0.0007236907258629799
0.01,558,-0.01918578000000004,2248,300.0,674400,1207,0.0001,6343,0.000827603682409972
0.01,559,-0.18872671,2252,300.0,675600,1208,0.0001,6355,0.0006908061914145947
0.01,559,-0.21191696000000004,2256,300.0,676800,1209,0.0001,6367,0.0008562306175008416
0.01,560,-0.18995257000000002,2260,300.0,678000,1210,0.0001,6379,0.0009603481739759445
0.01,560,-0.22560773,2264,300.0,679200,1211,0.0001,6391,0.0005187724018469453
0.01,561,-0.39127668,2268,300.0,680400,1211,0.0001,6403,0.0019565564580261707
0.01,561,-0.15925776999999994,2272,300.0,681600,1212,0.0001,6415,0.000679141900036484
0.01,562,-0.14888118999999997,2276,300.0,682800,1213,0.0001,6427,0.0008653512923046947
0.01,563,-0.26160650999999996,2280,300.0,684000,1214,0.0001,6439,0.000871741387527436
0.01,563,-0.05450352999999998,2284,300.0,685200,1215,0.0001,6451,0.0005608132341876626
0.01,564,-0.2830073099999999,2288,300.0,686400,1216,0.0001,6463,0.0009030362125486135
0.01,565,-0.17512664999999994,2292,300.0,687600,1216,0.0001,6475,0.0008233230328187346
0.01,565,-0.09617681999999995,2296,300.0,688800,1217,0.0001,6487,0.0005069926264695823
0.01,566,-0.2506815999999999,2300,300.0,690000,1218,0.0001,6499,0.000696019153110683
0.01,566,-0.12769496999999988,2304,300.0,691200,1219,0.0001,6511,0.0005868742009624839
0.01,567,-0.1628221599999999,2308,300.0,692400,1220,0.0001,6523,0.0007165444549173117
0.01,568,-0.23947517999999987,2312,300.0,693600,1220,0.0001,6535,0.0007197726517915726
0.01,568,-0.27009810999999995,2316,300.0,694800,1221,0.0001,6547,0.000478834641398862
0.01,569,-0.39079652000000015,2320,300.0,696000,1222,0.0001,6559,0.0011957952519878745
0.01,569,-0.34058012000000004,2324,300.0,697200,1223,0.0001,6571,0.0006273685721680522
0.01,570,-0.3505636999999999,2328,300.0,698400,1224,0.0001,6583,0.000648668734356761
0.01,570,-0.3729001,2332,300.0,699600,1225,0.0001,6595,0.0010069676209241152
0.01,617,-0.55650257,2336,300.0,700800,1134,0.0001,6607,0.000604925851803273
0.01,618,-0.5479132500000001,2340,300.0,702000,1134,0.0001,6619,0.0007420196197926998
0.01,619,-0.59116504,2344,300.0,703200,1135,0.0001,6631,0.0005742159555666149
0.01,619,-0.56743943,2348,300.0,704400,1136,0.0001,6643,0.0006826022290624678
0.01,620,-0.5057808,2352,300.0,705600,1137,0.0001,6655,0.0008715838775970042
0.01,621,-0.50078468,2356,300.0,706800,1138,0.0001,6667,0.0006679909420199692
0.01,621,-0.5048515699999999,2360,300.0,708000,1138,0.0001,6679,0.0005826371489092708
0.01,622,-0.51298019,2364,300.0,709200,1139,0.0001,6691,0.0013021077029407024
0.01,622,-0.38343567000000006,2368,300.0,710400,1140,0.0001,6703,0.0006362913409247994
0.01,623,-0.45120769000000005,2372,300.0,711600,1141,0.0001,6715,0.0005652652471326292
0.01,624,-0.3653162,2376,300.0,712800,1142,0.0001,6727,0.0006773683708161116
0.01,624,-0.24043467999999993,2380,300.0,714000,1142,0.0001,6739,0.0006139487959444523
0.01,625,-0.4065968199999999,2384,300.0,715200,1143,0.0001,6751,0.0008890610188245773
0.01,625,-0.22031999999999993,2388,300.0,716400,1144,0.0001,6763,0.0005000562523491681
0.01,626,-0.5255867699999999,2392,300.0,717600,1145,0.0001,6775,0.0007836787262931466
0.01,627,-0.6012140899999997,2396,300.0,718800,1146,0.0001,6787,0.0010608178563416004
0.01,627,-0.6253421899999999,2400,300.0,720000,1146,0.0001,6799,0.0006093363044783473
0.01,628,-0.62054534,2404,300.0,721200,1147,0.0001,6811,0.0007148301228880882
0.01,628,-0.61048693,2408,300.0,722400,1148,0.0001,6823,0.0008047910523600876
0.01,629,-0.5795982999999999,2412,300.0,723600,1149,0.0001,6835,0.000568296411074698
0.01,630,-0.71291913,2416,300.0,724800,1150,0.0001,6847,0.0007201074622571468
0.01,630,-0.6505964799999999,2420,300.0,726000,1151,0.0001,6859,0.000804333365522325
0.01,631,-0.68829281,2424,300.0,727200,1151,0.0001,6871,0.0007925683166831732
0.01,631,-0.5849709499999999,2428,300.0,728400,1152,0.0001,6883,0.0009506655624136329
0.01,632,-0.5482396999999999,2432,300.0,729600,1153,0.0001,6895,0.0006432646187022328
0.01,633,-0.43107106999999995,2436,300.0,730800,1154,0.0001,6907,0.0007155194762162864
0.01,633,-0.37538221000000005,2440,300.0,732000,1155,0.0001,6919,0.000593425880651921
0.01,634,-0.3515059299999999,2444,300.0,733200,1156,0.0001,6931,0.001266233273781836
0.01,634,-0.4834223700000001,2448,300.0,734400,1156,0.0001,6943,0.0004989142180420458
0.01,635,-0.54941428,2452,300.0,735600,1157,0.0001,6955,0.0007491214200854301
0.01,636,-0.4902127600000001,2456,300.0,736800,1158,0.0001,6967,0.0007805341738276184
0.01,636,-0.4656981900000001,2460,300.0,738000,1159,0.0001,6979,0.000832836318295449
0.01,637,-0.4265027300000001,2464,300.0,739200,1159,0.0001,6991,0.0007216702797450125
0.01,638,-0.55042415,2468,300.0,740400,1160,0.0001,7003,0.0007765881018713117
0.01,638,-0.6003181299999999,2472,300.0,741600,1160,0.0001,7015,0.0009255706099793315
0.01,639,-0.67436661,2476,300.0,742800,1161,0.0001,7027,0.000613358395639807
0.01,639,-0.7055650899999999,2480,300.0,744000,1162,0.0001,7039,0.0005714057479053736
0.01,640,-0.8351390100000003,2484,300.0,745200,1163,0.0001,7051,0.00044461278594098985
0.01,641,-1.00722915,2488,300.0,746400,1164,0.0001,7063,0.0007303172023966908
0.01,641,-0.9295791099999999,2492,300.0,747600,1164,0.0001,7075,0.000877350801602006
0.01,642,-0.7615594,2496,300.0,748800,1165,0.0001,7087,0.0007413785206153989
0.01,643,-0.8332676500000001,2500,300.0,750000,1166,0.0001,7099,0.0007462937501259148
0.01,643,-0.76722924,2504,300.0,751200,1166,0.0001,7111,0.0017662118189036846
0.01,644,-0.8476997099999999,2508,300.0,752400,1167,0.0001,7123,0.0011112499050796032
0.01,644,-0.7608033999999999,2512,300.0,753600,1168,0.0001,7135,0.0005949752521701157
0.01,645,-0.59184954,2516,300.0,754800,1169,0.0001,7147,0.0006965085631236434
0.01,646,-0.5121991300000002,2520,300.0,756000,1169,0.0001,7159,0.0007500880165025592
0.01,646,-0.55304896,2524,300.0,757200,1170,0.0001,7171,0.0007632264168933034
0.01,647,-0.57738792,2528,300.0,758400,1171,0.0001,7183,0.0007614800124429166
0.01,648,-0.5816324900000001,2532,300.0,759600,1171,0.0001,7195,0.0005647947546094656
0.01,649,-0.7024741800000003,2536,300.0,760800,1172,0.0001,7207,0.0005891864420846105
0.01,649,-0.70297478,2540,300.0,762000,1172,0.0001,7219,0.0007426534430123866
0.01,650,-0.6428782,2544,300.0,763200,1173,0.0001,7231,0.0009346866281703115
0.01,650,-0.5809148,2548,300.0,764400,1174,0.0001,7243,0.0006614872254431248
0.01,651,-0.60997309,2552,300.0,765600,1175,0.0001,7255,0.0006501626339741051
0.01,652,-0.5519978600000001,2556,300.0,766800,1175,0.0001,7267,0.0006969591486267745
0.01,652,-0.5721700600000001,2560,300.0,768000,1176,0.0001,7279,0.0009276950731873512
0.01,653,-0.6015835300000001,2564,300.0,769200,1177,0.0001,7291,0.0008345055393874645
0.01,654,-0.5015403800000001,2568,300.0,770400,1177,0.0001,7303,0.0005891831824555993
0.01,654,-0.4854064700000001,2572,300.0,771600,1178,0.0001,7315,0.0005871247267350554
0.01,655,-0.41581949,2576,300.0,772800,1179,0.0001,7327,0.0007041835924610496
0.01,655,-0.30205032,2580,300.0,774000,1180,0.0001,7339,0.0007503530941903591
0.01,656,-0.12735861000000007,2584,300.0,775200,1180,0.0001,7351,0.0006592912832275033
0.01,657,-0.14855820000000008,2588,300.0,776400,1181,0.0001,7363,0.0007124055991880596
0.01,657,-0.1153195300000001,2592,300.0,777600,1182,0.0001,7375,0.0005852774484083056
0.01,658,-0.20339270000000007,2596,300.0,778800,1182,0.0001,7387,0.000680941971950233
0.01,658,-0.018343830000000026,2600,300.0,780000,1183,0.0001,7399,0.0006400099955499172
0.01,659,-0.04908182000000005,2604,300.0,781200,1184,0.0001,7411,0.0005428040167316794
0.01,660,-0.013273360000000066,2608,300.0,782400,1185,0.0001,7423,0.0006313071353361011
0.01,660,-0.0702554600000001,2612,300.0,783600,1185,0.0001,7435,0.0008408688590861857
0.01,661,0.0360944699999999,2616,300.0,784800,1186,0.0001,7447,0.000676304567605257
0.01,661,-0.02118164000000011,2620,300.0,786000,1187,0.0001,7459,0.0006315407226793468
0.01,662,-0.09638713000000006,2624,300.0,787200,1188,0.0001,7471,0.0006143476348370314
0.01,663,-0.044067380000000024,2628,300.0,788400,1189,0.0001,7483,0.001078300760127604
0.01,663,-0.036341520000000065,2632,300.0,789600,1189,0.0001,7495,0.0008607907802797854
0.01,664,0.08516044999999994,2636,300.0,790800,1190,0.0001,7507,0.0005929432227276266
0.01,664,-0.015347150000000021,2640,300.0,792000,1191,0.0001,7519,0.000648034387268126
0.01,665,-0.10557521000000002,2644,300.0,793200,1191,0.0001,7531,0.0007357574068009853
0.01,666,-0.07071666000000006,2648,300.0,794400,1192,0.0001,7543,0.0007816199213266373
0.01,666,0.0011722999999999083,2652,300.0,795600,1193,0.0001,7555,0.000565728172659874
0.01,667,-0.051925730000000024,2656,300.0,796800,1193,0.0001,7567,0.0007371177198365331
0.01,668,-0.10687361,2660,300.0,798000,1194,0.0001,7579,0.0006907075294293463
0.01,668,-0.0027547800000000144,2664,300.0,799200,1195,0.0001,7591,0.0005159249994903803
0.01,715,0.09025911999999994,2668,300.0,800400,1118,0.0001,7603,0.0005196259007789195
0.01,716,-0.03641634999999999,2672,300.0,801600,1119,0.0001,7615,0.0009224556852132082
0.01,716,0.06268122000000001,2676,300.0,802800,1120,0.0001,7627,0.0006156024755910039
0.01,717,-0.054841489999999965,2680,300.0,804000,1120,0.0001,7639,0.0006386007880792022
0.01,717,-0.08566976999999998,2684,300.0,805200,1121,0.0001,7651,0.0007791801472194493
0.01,718,0.17599725,2688,300.0,806400,1122,0.0001,7663,0.0007906051469035447
0.01,719,0.18789598,2692,300.0,807600,1123,0.0001,7675,0.0006270463345572352
0.01,719,0.15397862000000004,2696,300.0,808800,1123,0.0001,7687,0.0007675528759136796
0.01,720,0.22000125000000004,2700,300.0,810000,1124,0.0001,7699,0.0006531589315272868
0.01,720,0.17438925000000005,2704,300.0,811200,1125,0.0001,7711,0.0014028721489012241
0.01,721,0.11304537000000009,2708,300.0,812400,1126,0.0001,7723,0.0005940410774201155
0.01,722,0.18262767,2712,300.0,813600,1126,0.0001,7735,0.0005300519405864179
0.01,722,0.021401439999999942,2716,300.0,814800,1127,0.0001,7747,0.0007285262690857053
0.01,723,-0.015136160000000058,2720,300.0,816000,1128,0.0001,7759,0.0008551459759473801
0.01,724,0.07643212000000002,2724,300.0,817200,1128,0.0001,7771,0.000523368245922029
0.01,724,-0.20217235999999997,2728,300.0,818400,1129,0.0001,7783,0.001400651759468019
0.01,725,-0.10380940999999994,2732,300.0,819600,1130,0.0001,7795,0.000473680323921144
0.01,725,-0.20659318999999993,2736,300.0,820800,1130,0.0001,7807,0.0005878111114725471
0.01,726,-0.14469312999999995,2740,300.0,822000,1131,0.0001,7819,0.0007843562052585185
0.01,727,-0.22570167000000008,2744,300.0,823200,1132,0.0001,7831,0.0006142508354969323
0.01,727,-0.24130724000000003,2748,300.0,824400,1132,0.0001,7843,0.001157956081442535
0.01,728,-0.36396527999999995,2752,300.0,825600,1133,0.0001,7855,0.00047154631465673447
0.01,729,-0.27589362999999995,2756,300.0,826800,1133,0.0001,7867,0.0006632022559642792
0.01,729,-0.15389258,2760,300.0,828000,1134,0.0001,7879,0.0006170792039483786
0.01,730,-0.35167315000000005,2764,300.0,829200,1135,0.0001,7891,0.0006882045418024063
0.01,731,-0.57301851,2768,300.0,830400,1135,0.0001,7903,0.0005234588752500713
0.01,731,-0.35856759,2772,300.0,831600,1136,0.0001,7915,0.0009469442302361131
0.01,732,-0.4791997700000002,2776,300.0,832800,1137,0.0001,7927,0.0009781310800462961
0.01,732,-0.45544047000000015,2780,300.0,834000,1138,0.0001,7939,0.0008865547133609653
0.01,733,-0.45131859999999996,2784,300.0,835200,1138,0.0001,7951,0.0007810996030457318
0.01,734,-0.45681334000000007,2788,300.0,836400,1139,0.0001,7963,0.0008441687095910311
0.01,734,-0.5584403700000001,2792,300.0,837600,1140,0.0001,7975,0.0006438077543862164
0.01,735,-0.60492974,2796,300.0,838800,1140,0.0001,7987,0.0007145251147449017
0.01,735,-0.7651736,2800,300.0,840000,1141,0.0001,7999,0.0006380944978445768
0.01,736,-0.80257186,2804,300.0,841200,1142,0.0001,8011,0.0007045404054224491
0.01,737,-0.6694030599999999,2808,300.0,842400,1142,0.0001,8023,0.0005721291527152061
0.01,737,-0.8192984200000001,2812,300.0,843600,1143,0.0001,8035,0.000731026753783226
0.01,738,-0.7200296399999999,2816,300.0,844800,1143,0.0001,8047,0.0004988276050426066
0.01,739,-0.8017976299999999,2820,300.0,846000,1143,0.0001,8059,0.000584407418500632
0.01,740,-0.7528792299999999,2824,300.0,847200,1144,0.0001,8071,0.0006595621816813946
0.01,740,-0.36631151,2828,300.0,848400,1145,0.0001,8083,0.0006317493389360607
0.01,741,-0.5505368499999999,2832,300.0,849600,1146,0.0001,8095,0.0005521101411432028
0.01,741,-0.48523484999999994,2836,300.0,850800,1146,0.0001,8107,0.0008571501821279526
0.01,742,-0.52657239,2840,300.0,852000,1147,0.0001,8119,0.0006191073916852474
0.01,743,-0.3514329500000001,2844,300.0,853200,1148,0.0001,8131,0.0007605591672472656
0.01,743,-0.42221024999999995,2848,300.0,854400,1148,0.0001,8143,0.0009187527466565371
0.01,744,-0.20929232000000003,2852,300.0,855600,1149,0.0001,8155,0.0005876835784874856
0.01,745,-0.3698265200000001,2856,300.0,856800,1149,0.0001,8167,0.0006238342612050474
0.01,745,-0.36851598,2860,300.0,858000,1150,0.0001,8179,0.000573295692447573
0.01,746,-0.24934949,2864,300.0,859200,1151,0.0001,8191,0.0005310641718097031
0.01,746,-0.09268747000000004,2868,300.0,860400,1151,0.0001,8203,0.0007379937451332808
0.01,747,-0.25869042,2872,300.0,861600,1152,0.0001,8215,0.0007325652986764908
0.01,748,-0.13084586,2876,300.0,862800,1153,0.0001,8227,0.000794260180555284
0.01,748,-0.20868625000000002,2880,300.0,864000,1153,0.0001,8239,0.0005320135387592018
0.01,749,-0.15288659000000002,2884,300.0,865200,1154,0.0001,8251,0.001040864852257073
0.01,749,-0.2885909499999999,2888,300.0,866400,1155,0.0001,8263,0.0005814869655296206
0.01,750,-0.18244972,2892,300.0,867600,1155,0.0001,8275,0.0007231535855680704
0.01,751,-0.29018700000000003,2896,300.0,868800,1156,0.0001,8287,0.0006352448835968971
0.01,751,-0.22195515,2900,300.0,870000,1157,0.0001,8299,0.0005555821117013693
0.01,752,-0.17093058000000005,2904,300.0,871200,1157,0.0001,8311,0.0008030705503188074
0.01,753,-0.28318958,2908,300.0,872400,1158,0.0001,8323,0.00043003555038012564
0.01,753,-0.15963143000000002,2912,300.0,873600,1159,0.0001,8335,0.0008287357049994171
0.01,754,-0.28308326000000006,2916,300.0,874800,1159,0.0001,8347,0.0007461248314939439
0.01,754,-0.20125913000000004,2920,300.0,876000,1160,0.0001,8359,0.0007242391584441066
0.01,755,-0.21152391000000004,2924,300.0,877200,1161,0.0001,8371,0.0007391286198981106
0.01,756,-0.5295064400000001,2928,300.0,878400,1161,0.0001,8383,0.0006639116327278316
0.01,756,-0.4782051,2932,300.0,879600,1162,0.0001,8395,0.0006805702578276396
0.01,757,-0.4852803300000001,2936,300.0,880800,1162,0.0001,8407,0.0007168952724896371
0.01,758,-0.43911469000000003,2940,300.0,882000,1163,0.0001,8419,0.0005780605715699494
0.01,758,-0.39569343,2944,300.0,883200,1163,0.0001,8431,0.00063824572134763
0.01,759,-0.18861753000000006,2948,300.0,884400,1164,0.0001,8443,0.000835366896353662
0.01,760,-0.2788825999999999,2952,300.0,885600,1165,0.0001,8455,0.0008004863630048931
0.01,760,-0.22508123999999985,2956,300.0,886800,1165,0.0001,8467,0.0007124708499759436
0.01,761,-0.34539190999999986,2960,300.0,888000,1166,0.0001,8479,0.000589977775234729
0.01,761,-0.34572339,2964,300.0,889200,1167,0.0001,8491,0.0008056737715378404
0.01,762,-0.49202751000000006,2968,300.0,890400,1167,0.0001,8503,0.0015821364941075444
0.01,763,-0.36004462999999987,2972,300.0,891600,1168,0.0001,8515,0.0006028965581208467
0.01,763,-0.47680010999999994,2976,300.0,892800,1168,0.0001,8527,0.0007366166682913899
0.01,764,-0.39496004000000007,2980,300.0,894000,1169,0.0001,8539,0.0006067457143217325
0.01,765,-0.42742653000000014,2984,300.0,895200,1170,0.0001,8551,0.0012400359846651554
0.01,765,-0.3933972400000002,2988,300.0,896400,1170,0.0001,8563,0.00048421809333376586
0.01,766,-0.41906103,2992,300.0,897600,1171,0.0001,8575,0.0008998436969704926
0.01,766,-0.2200575200000001,2996,300.0,898800,1171,0.0001,8587,0.0005132794030942023
0.01,814,-0.28482086000000006,3000,300.0,900000,1104,0.0001,8599,0.0006792649510316551
0.01,815,-0.21622093000000003,3004,300.0,901200,1105,0.0001,8611,0.0006557903252542019
0.01,816,-0.09777192000000007,3008,300.0,902400,1105,0.0001,8623,0.0006863104645162821
0.01,816,-0.15656331,3012,300.0,903600,1106,0.0001,8635,0.0005670261452905834
0.01,817,-0.027962669999999995,3016,300.0,904800,1106,0.0001,8647,0.0005231595714576542
0.01,818,0.006192869999999981,3020,300.0,906000,1107,0.0001,8659,0.000660975812934339
0.01,818,-0.08314824000000001,3024,300.0,907200,1107,0.0001,8671,0.0006250040605664253
0.01,819,-0.02138004000000003,3028,300.0,908400,1108,0.0001,8683,0.0006285816780291498
0.01,820,-0.0012945400000000174,3032,300.0,909600,1109,0.0001,8695,0.000765402102842927
0.01,820,0.013869699999999914,3036,300.0,910800,1109,0.0001,8707,0.0008591258083470166
0.01,821,0.0459074099999999,3040,300.0,912000,1110,0.0001,8719,0.0007101780502125621
0.01,822,-0.04214018000000006,3044,300.0,913200,1110,0.0001,8731,0.0007871896377764642
0.01,823,-0.0855695300000001,3048,300.0,914400,1111,0.0001,8743,0.000849920033942908
0.01,823,-0.16016365999999999,3052,300.0,915600,1111,0.0001,8755,0.00071855413261801
0.01,824,-0.14189027999999998,3056,300.0,916800,1112,0.0001,8767,0.0006544766365550458
0.01,824,-0.10905382999999996,3060,300.0,918000,1112,0.0001,8779,0.0005047452868893743
0.01,825,-0.04467797999999998,3064,300.0,919200,1113,0.0001,8791,0.000985251273959875
0.01,826,0.12369945999999997,3068,300.0,920400,1113,0.0001,8803,0.0006258978974074125
0.01,826,0.19536511999999995,3072,300.0,921600,1114,0.0001,8815,0.0007726512267254293
0.01,828,0.07547426000000002,3076,300.0,922800,1114,0.0001,8827,0.0010281389113515615
0.01,828,0.18107081999999994,3080,300.0,924000,1114,0.0001,8839,0.0007787595968693495
0.01,829,0.06296814999999997,3084,300.0,925200,1115,0.0001,8851,0.0006012141238898039
0.01,830,0.07286177000000003,3088,300.0,926400,1115,0.0001,8863,0.0006491444073617458
0.01,830,0.22536778000000005,3092,300.0,927600,1116,0.0001,8875,0.000908232934307307
0.01,831,0.08144466000000002,3096,300.0,928800,1117,0.0001,8887,0.0005926753510721028
0.01,832,0.04123655999999994,3100,300.0,930000,1117,0.0001,8899,0.000908579328097403
0.01,832,-0.10388789000000004,3104,300.0,931200,1118,0.0001,8911,0.0006574340513907373
0.01,833,-0.26652234,3108,300.0,932400,1118,0.0001,8923,0.00062941963551566
0.01,834,-0.28897126999999995,3112,300.0,933600,1119,0.0001,8935,0.0015397511888295412
0.01,834,-0.26748081,3116,300.0,934800,1119,0.0001,8947,0.0005389038706198335
0.01,835,-0.24363708000000006,3120,300.0,936000,1120,0.0001,8959,0.0008373408927582204
0.01,836,-0.07930518000000004,3124,300.0,937200,1120,0.0001,8971,0.0007603971171192825
0.01,836,0.047249000000000006,3128,300.0,938400,1121,0.0001,8983,0.0005317190079949796
0.01,837,0.07936715999999996,3132,300.0,939600,1122,0.0001,8995,0.000710416934452951
0.01,838,0.09077875999999999,3136,300.0,940800,1122,0.0001,9007,0.0006975029828026891
0.01,838,0.012270769999999988,3140,300.0,942000,1123,0.0001,9019,0.0006858373526483774
0.01,839,0.07960579000000002,3144,300.0,943200,1123,0.0001,9031,0.0006075174896977842
0.01,839,0.04538482,3148,300.0,944400,1124,0.0001,9043,0.0006868471391499043
0.01,840,0.03753673000000002,3152,300.0,945600,1124,0.0001,9055,0.0005161052686162293
0.01,841,0.047579860000000036,3156,300.0,946800,1125,0.0001,9067,0.0006263729301281273
0.01,841,-0.04452410999999988,3160,300.0,948000,1126,0.0001,9079,0.0007691523642279208
0.01,842,-0.052417919999999806,3164,300.0,949200,1126,0.0001,9091,0.0005628393264487386
0.01,842,-0.2149216199999999,3168,300.0,950400,1127,0.0001,9103,0.0006254675681702793
0.01,843,-0.4153200499999999,3172,300.0,951600,1128,0.0001,9115,0.000805116374976933
0.01,844,-0.38107429000000004,3176,300.0,952800,1128,0.0001,9127,0.0007759825675748289
0.01,844,-0.53403556,3180,300.0,954000,1129,0.0001,9139,0.0005173415411263704
0.01,845,-0.56238455,3184,300.0,955200,1129,0.0001,9151,0.0007998959627002478
0.01,846,-0.58457887,3188,300.0,956400,1130,0.0001,9163,0.0006530586397275329
0.01,846,-0.5441138099999999,3192,300.0,957600,1130,0.0001,9175,0.0005019290838390589
0.01,847,-0.39438724999999997,3196,300.0,958800,1131,0.0001,9187,0.0006975443102419376
0.01,848,-0.32244332,3200,300.0,960000,1131,0.0001,9199,0.0005704374052584171
0.01,848,-0.26384275999999995,3204,300.0,961200,1132,0.0001,9211,0.0006826919852755964
0.01,849,-0.06256139,3208,300.0,962400,1132,0.0001,9223,0.0007600396638736129
0.01,850,0.04342465999999999,3212,300.0,963600,1133,0.0001,9235,0.0007609400781802833
0.01,850,0.010660989999999955,3216,300.0,964800,1133,0.0001,9247,0.00056202377891168
0.01,851,-0.012927430000000097,3220,300.0,966000,1134,0.0001,9259,0.0008353869197890162
0.01,852,0.053529229999999955,3224,300.0,967200,1134,0.0001,9271,0.0008878787630237639
0.01,852,-0.04001911000000003,3228,300.0,968400,1135,0.0001,9283,0.0006717366632074118
0.01,853,-0.04921315000000005,3232,300.0,969600,1136,0.0001,9295,0.0009058379800990224
0.01,854,-0.15787644999999995,3236,300.0,970800,1136,0.0001,9307,0.000636363634839654
0.01,854,-0.17422579,3240,300.0,972000,1137,0.0001,9319,0.0004896912723779678
0.01,855,-0.22719431,3244,300.0,973200,1137,0.0001,9331,0.0006318498635664582
0.01,856,-0.32991246,3248,300.0,974400,1137,0.0001,9343,0.0028907987289130688
0.01,857,-0.32171203,3252,300.0,975600,1138,0.0001,9355,0.0006828963523730636
0.01,857,-0.35291192999999993,3256,300.0,976800,1138,0.0001,9367,0.0004615240904968232
0.01,858,-0.2218667499999999,3260,300.0,978000,1139,0.0001,9379,0.0009954508859664202
0.01,859,-0.2473320299999999,3264,300.0,979200,1139,0.0001,9391,0.0006346205482259393
0.01,859,-0.24223636999999992,3268,300.0,980400,1140,0.0001,9403,0.0007234223885461688
0.01,860,-0.16187727999999996,3272,300.0,981600,1140,0.0001,9415,0.000669890025164932
0.01,861,-0.07000793999999998,3276,300.0,982800,1141,0.0001,9427,0.0005866242572665215
0.01,861,0.0028543599999999937,3280,300.0,984000,1141,0.0001,9439,0.0005249958485364914
0.01,862,0.16918642000000003,3284,300.0,985200,1142,0.0001,9451,0.0010197156807407737
0.01,863,0.20497418000000012,3288,300.0,986400,1142,0.0001,9463,0.0006367614259943366
0.01,863,-0.03300366999999999,3292,300.0,987600,1143,0.0001,9475,0.0006820065900683403
0.01,864,-0.19169242999999997,3296,300.0,988800,1143,0.0001,9487,0.0005922091077081859
0.01,865,-0.27464531,3300,300.0,990000,1144,0.0001,9499,0.00083455431740731
0.01,866,-0.27257293999999993,3304,300.0,991200,1144,0.0001,9511,0.0006553904968313873
0.01,866,-0.35210620999999986,3308,300.0,992400,1145,0.0001,9523,0.0005980254500173032
0.01,867,-0.45417947999999997,3312,300.0,993600,1145,0.0001,9535,0.005223761312663555
0.01,867,-0.43748393999999996,3316,300.0,994800,1146,0.0001,9547,0.0012979075545445085
0.01,868,-0.56843097,3320,300.0,996000,1146,0.0001,9559,0.0006416953401640058
0.01,869,-0.6948913300000001,3324,300.0,997200,1147,0.0001,9571,0.0009357098024338484
0.01,869,-0.6375841699999999,3328,300.0,998400,1147,0.0001,9583,0.0005903879646211863
0.01,870,-0.6397461199999999,3332,300.0,999600,1148,0.0001,9595,0.0007007456733845174
0.01,918,-0.63949853,3336,300.0,1000800,1089,0.0001,9607,0.0005861911922693253
0.01,919,-0.5388331400000002,3340,300.0,1002000,1089,0.0001,9619,0.0007400162285193801
0.01,920,-0.4986951700000002,3344,300.0,1003200,1090,0.0001,9631,0.0007734386017546058
0.01,920,-0.3184464100000002,3348,300.0,1004400,1090,0.0001,9643,0.0008175588445737958
0.01,921,-0.25662482000000014,3352,300.0,1005600,1091,0.0001,9655,0.0006095257122069597
0.01,922,-0.28719103999999995,3356,300.0,1006800,1091,0.0001,9667,0.000936822616495192
0.01,922,-0.34585136999999994,3360,300.0,1008000,1092,0.0001,9679,0.009635275229811668
0.01,923,-0.31935317999999996,3364,300.0,1009200,1092,0.0001,9691,0.0006901340675540268
0.01,924,-0.13705421999999998,3368,300.0,1010400,1093,0.0001,9703,0.000787417811807245
0.01,924,-0.04199040999999988,3372,300.0,1011600,1093,0.0001,9715,0.000885397894307971
0.01,925,-0.12093194999999993,3376,300.0,1012800,1094,0.0001,9727,0.0007020109333097935
0.01,926,0.03464842000000003,3380,300.0,1014000,1094,0.0001,9739,0.000780421425588429
0.01,927,0.015990820000000107,3384,300.0,1015200,1095,0.0001,9751,0.0007151882746256888
0.01,927,0.025388509999999965,3388,300.0,1016400,1095,0.0001,9763,0.000723695382475853
0.01,928,0.10143037999999997,3392,300.0,1017600,1096,0.0001,9775,0.0010258100228384137
0.01,929,0.22354787000000007,3396,300.0,1018800,1096,0.0001,9787,0.0004224472213536501
0.01,929,0.39377723000000003,3400,300.0,1020000,1097,0.0001,9799,0.0006232750602066517
0.01,930,0.45096687999999996,3404,300.0,1021200,1097,0.0001,9811,0.0007000768673606217
0.01,930,0.36667411999999994,3408,300.0,1022400,1098,0.0001,9823,0.0007881032070145011
0.01,931,0.42098497999999984,3412,300.0,1023600,1098,0.0001,9835,0.0006723489495925605
0.01,932,0.41557326000000006,3416,300.0,1024800,1099,0.0001,9847,0.0006389761692844331
0.01,932,0.54785112,3420,300.0,1026000,1099,0.0001,9859,0.0008683187770657241
0.01,933,0.5970869099999999,3424,300.0,1027200,1100,0.0001,9871,0.0010077926563099027
0.01,934,0.6082614599999999,3428,300.0,1028400,1101,0.0001,9883,0.0012368201278150082
0.01,934,0.6426618199999998,3432,300.0,1029600,1101,0.0001,9895,0.0005639338050968945
0.01,935,0.5720052999999998,3436,300.0,1030800,1102,0.0001,9907,0.0007209107279777527
0.01,935,0.46943289999999993,3440,300.0,1032000,1102,0.0001,9919,0.0005597653216682374
0.01,936,0.3861968299999999,3444,300.0,1033200,1103,0.0001,9931,0.0007479097694158554
0.01,937,0.28979249999999995,3448,300.0,1034400,1103,0.0001,9943,0.0006914493860676885
0.01,938,0.3382519699999999,3452,300.0,1035600,1103,0.0001,9955,0.0013049390399828553
0.01,938,0.5128195,3456,300.0,1036800,1104,0.0001,9967,0.000798135413788259
0.01,939,0.45767734000000004,3460,300.0,1038000,1104,0.0001,9979,0.0007643334101885557
0.01,939,0.43592544999999994,3464,300.0,1039200,1105,0.0001,9991,0.0007078660419210792
0.01,940,0.38789410999999996,3468,300.0,1040400,1106,0.0001,10003,0.0008438107906840742
0.01,941,0.35808979999999996,3472,300.0,1041600,1106,0.0001,10015,0.0006935863057151437
0.01,941,0.51927094,3476,300.0,1042800,1107,0.0001,10027,0.0005338946357369423
0.01,942,0.33974444000000004,3480,300.0,1044000,1107,0.0001,10039,0.0007649511098861694
0.01,943,0.35435463,3484,300.0,1045200,1107,0.0001,10051,0.0007212947821244597
0.01,943,0.19237739000000004,3488,300.0,1046400,1108,0.0001,10063,0.0005478680832311511
0.01,944,0.19258090000000003,3492,300.0,1047600,1109,0.0001,10075,0.0007026258972473443
0.01,945,0.2054136600000001,3496,300.0,1048800,1109,0.0001,10087,0.0007856605225242674
0.01,945,0.11612401000000006,3500,300.0,1050000,1110,0.0001,10099,0.0008878096705302596
0.01,946,0.16033618000000005,3504,300.0,1051200,1110,0.0001,10111,0.0006134428549557924
0.01,947,0.3141199600000001,3508,300.0,1052400,1110,0.0001,10123,0.0006937469006516039
0.01,948,0.2592205100000001,3512,300.0,1053600,1111,0.0001,10135,0.0008731851121410728
0.01,949,0.2683932700000001,3516,300.0,1054800,1111,0.0001,10147,0.0012021559523418546
0.01,949,0.23582189999999997,3520,300.0,1056000,1111,0.0001,10159,0.0005662199691869318
0.01,950,0.07890958999999992,3524,300.0,1057200,1112,0.0001,10171,0.0005345645477063954
0.01,951,0.19529147999999996,3528,300.0,1058400,1112,0.0001,10183,0.000833136320579797
0.01,951,0.09207772000000006,3532,300.0,1059600,1113,0.0001,10195,0.0009316363139078021
0.01,952,0.21439726000000003,3536,300.0,1060800,1113,0.0001,10207,0.0007179158856160939
0.01,953,0.32287423999999987,3540,300.0,1062000,1114,0.0001,10219,0.0006800241535529494
0.01,953,0.31153715000000004,3544,300.0,1063200,1114,0.0001,10231,0.0006303567788563669
0.01,954,0.3514417500000001,3548,300.0,1064400,1115,0.0001,10243,0.0007942666998133063
0.01,954,0.3861730300000001,3552,300.0,1065600,1115,0.0001,10255,0.0005922135896980762
0.01,955,0.22464617,3556,300.0,1066800,1116,0.0001,10267,0.0007250661146827042
0.01,956,0.059303450000000056,3560,300.0,1068000,1116,0.0001,10279,0.0008419810328632593
0.01,956,0.06207061000000005,3564,300.0,1069200,1117,0.0001,10291,0.0004839640751015395
0.01,957,-0.08457675999999996,3568,300.0,1070400,1117,0.0001,10303,0.0006874895188957453
0.01,958,-0.21478406,3572,300.0,1071600,1118,0.0001,10315,0.0006772022461518645
0.01,958,-0.27060381,3576,300.0,1072800,1118,0.0001,10327,0.0005784856621176004
0.01,959,-0.28479539,3580,300.0,1074000,1119,0.0001,10339,0.0006037771236151457
0.01,960,-0.36597954,3584,300.0,1075200,1119,0.0001,10351,0.0012400946579873562
0.01,960,-0.361222,3588,300.0,1076400,1120,0.0001,10363,0.0009427720215171576
0.01,961,-0.25462755,3592,300.0,1077600,1120,0.0001,10375,0.0006633371813222766
0.01,962,-0.29118096000000004,3596,300.0,1078800,1121,0.0001,10387,0.0014745810767635703
0.01,962,-0.25538394,3600,300.0,1080000,1121,0.0001,10399,0.0006605674861930311
0.01,963,-0.34046746,3604,300.0,1081200,1122,0.0001,10411,0.0005690810503438115
0.01,963,-0.43552929000000007,3608,300.0,1082400,1122,0.0001,10423,0.0006191182765178382
0.01,964,-0.35521882999999993,3612,300.0,1083600,1123,0.0001,10435,0.0006261903326958418
0.01,965,-0.42708919999999995,3616,300.0,1084800,1124,0.0001,10447,0.0005119700217619538
0.01,965,-0.42372283999999993,3620,300.0,1086000,1124,0.0001,10459,0.0005889639724045992
0.01,966,-0.22932676999999987,3624,300.0,1087200,1124,0.0001,10471,0.0007156771025620401
0.01,967,-0.38192176999999994,3628,300.0,1088400,1125,0.0001,10483,0.0009229209390468895
0.01,967,-0.30424483999999996,3632,300.0,1089600,1126,0.0001,10495,0.000641138874925673
0.01,968,-0.33050722,3636,300.0,1090800,1126,0.0001,10507,0.0006393069634214044
0.01,969,-0.45715937000000006,3640,300.0,1092000,1126,0.0001,10519,0.0008016213541850448
0.01,969,-0.27620545999999996,3644,300.0,1093200,1127,0.0001,10531,0.00044586751027964056
0.01,970,-0.25354181000000003,3648,300.0,1094400,1127,0.0001,10543,0.0009575072908774018
0.01,971,-0.3628438400000001,3652,300.0,1095600,1128,0.0001,10555,0.000801048066932708
0.01,971,-0.39813861,3656,300.0,1096800,1128,0.0001,10567,0.0007471286808140576
0.01,972,-0.22502414,3660,300.0,1098000,1129,0.0001,10579,0.0005865592393092811
0.01,972,-0.09309057,3664,300.0,1099200,1129,0.0001,10591,0.000663211103528738
0.01,1022,0.030316110000000042,3668,300.0,1100400,1076,0.0001,10603,0.0005798367783427238
0.01,1022,0.08918765000000003,3672,300.0,1101600,1077,0.0001,10615,0.0005979710258543491
0.01,1023,-0.002258179999999992,3676,300.0,1102800,1077,0.0001,10627,0.0012011216022074223
0.01,1023,-0.11314671999999995,3680,300.0,1104000,1078,0.0001,10639,0.0004998952499590814
0.01,1024,-0.11119049999999998,3684,300.0,1105200,1078,0.0001,10651,0.0007511274889111519
0.01,1025,0.04113250999999995,3688,300.0,1106400,1079,0.0001,10663,0.0008750540437176824
0.01,1025,-0.11003749000000006,3692,300.0,1107600,1079,0.0001,10675,0.0005947810714133084
0.01,1026,-0.15770556,3696,300.0,1108800,1080,0.0001,10687,0.0007382427575066686
0.01,1027,-0.22008461999999998,3700,300.0,1110000,1080,0.0001,10699,0.0010083456290885806
0.01,1028,-0.33428696,3704,300.0,1111200,1080,0.0001,10711,0.00110639538615942
0.01,1028,-0.25176203,3708,300.0,1112400,1081,0.0001,10723,0.0005956016830168664
0.01,1029,-0.30989717,3712,300.0,1113600,1081,0.0001,10735,0.0008416261989623308
0.01,1030,-0.22278082999999993,3716,300.0,1114800,1082,0.0001,10747,0.0010174739873036742
0.01,1030,-0.23972627000000007,3720,300.0,1116000,1082,0.0001,10759,0.0012105575297027826
0.01,1031,-0.32375508000000003,3724,300.0,1117200,1083,0.0001,10771,0.0010329147335141897
0.01,1032,-0.31074910999999994,3728,300.0,1118400,1083,0.0001,10783,0.0009840399725362659
0.01,1032,-0.29955331,3732,300.0,1119600,1083,0.0001,10795,0.0005680754547938704
0.01,1033,-0.17223325000000003,3736,300.0,1120800,1084,0.0001,10807,0.0006158981705084443
0.01,1034,-0.18561376,3740,300.0,1122000,1084,0.0001,10819,0.0006758434465155005
0.01,1034,-0.23672376999999997,3744,300.0,1123200,1085,0.0001,10831,0.01712503470480442
0.01,1035,-0.26543574,3748,300.0,1124400,1085,0.0001,10843,0.006782385986298323
0.01,1036,-0.24591189,3752,300.0,1125600,1086,0.0001,10855,0.0007874901639297605
0.01,1037,-0.20281682000000004,3756,300.0,1126800,1086,0.0001,10867,0.0007331433007493615
0.01,1037,-0.027564469999999987,3760,300.0,1128000,1086,0.0001,10879,0.0006811287603341043
0.01,1038,-0.20171371999999996,3764,300.0,1129200,1087,0.0001,10891,0.0007486787508241832
0.01,1039,-0.11835053999999999,3768,300.0,1130400,1087,0.0001,10903,0.0006558382883667946
0.01,1040,-0.10777310999999999,3772,300.0,1131600,1087,0.0001,10915,0.0007270991336554289
0.01,1040,-0.04909600000000001,3776,300.0,1132800,1088,0.0001,10927,0.001769429654814303
0.01,1041,0.08983144999999997,3780,300.0,1134000,1088,0.0001,10939,0.0008396844496019185
0.01,1042,0.08798294000000001,3784,300.0,1135200,1089,0.0001,10951,0.00048031244659796357
0.01,1042,-0.15122517,3788,300.0,1136400,1089,0.0001,10963,0.0006932322285138071
0.01,1043,-0.23352188,3792,300.0,1137600,1090,0.0001,10975,0.0008304386865347624
0.01,1044,-0.22696138,3796,300.0,1138800,1090,0.0001,10987,0.0007517722551710904
0.01,1044,-0.22164036000000004,3800,300.0,1140000,1091,0.0001,10999,0.00047081708908081055
0.01,1045,-0.06214436000000004,3804,300.0,1141200,1091,0.0001,11011,0.0013792297104373574
0.01,1046,-0.14442821000000003,3808,300.0,1142400,1092,0.0001,11023,0.0006762378034181893
0.01,1046,-0.14464456000000006,3812,300.0,1143600,1092,0.0001,11035,0.001289796782657504
0.01,1047,-0.11252930000000003,3816,300.0,1144800,1092,0.0001,11047,0.0006526813376694918
0.01,1048,-0.045237820000000005,3820,300.0,1146000,1093,0.0001,11059,0.00061850156635046
0.01,1048,0.09493127000000001,3824,300.0,1147200,1093,0.0001,11071,0.0008314549340866506
0.01,1049,0.31058851000000004,3828,300.0,1148400,1094,0.0001,11083,0.0009575799340382218
0.01,1050,0.28069612000000016,3832,300.0,1149600,1094,0.0001,11095,0.0006385814631357789
0.01,1050,0.15826003,3836,300.0,1150800,1095,0.0001,11107,0.0006959016900509596
0.01,1051,0.032492999999999966,3840,300.0,1152000,1095,0.0001,11119,0.0006087820511311293
0.01,1052,-0.00407950999999997,3844,300.0,1153200,1096,0.0001,11131,0.0005586943589150906
0.01,1052,0.07303581000000003,3848,300.0,1154400,1096,0.0001,11143,0.0008711689151823521
0.01,1053,-0.009705529999999945,3852,300.0,1155600,1096,0.0001,11155,0.005352003499865532
0.01,1054,0.14829972000000002,3856,300.0,1156800,1097,0.0001,11167,0.0005667683435603976
0.01,1054,-0.12114037000000004,3860,300.0,1158000,1097,0.0001,11179,0.0007474123267456889
0.01,1055,-0.20017380999999998,3864,300.0,1159200,1098,0.0001,11191,0.0007717629196122289
0.01,1056,-0.44831463,3868,300.0,1160400,1098,0.0001,11203,0.00117957079783082
0.01,1056,-0.40392825999999993,3872,300.0,1161600,1099,0.0001,11215,0.0010005864314734936
0.01,1057,-0.45304869999999986,3876,300.0,1162800,1099,0.0001,11227,0.0012873571831732988
0.01,1058,-0.44367188999999985,3880,300.0,1164000,1099,0.0001,11239,0.0012670253636315465
0.01,1059,-0.44464307999999997,3884,300.0,1165200,1100,0.0001,11251,0.0021681783255189657
0.01,1059,-0.32794465,3888,300.0,1166400,1100,0.0001,11263,0.0006074068951420486
0.01,1060,-0.3667084299999999,3892,300.0,1167600,1101,0.0001,11275,0.0009391749044880271
0.01,1060,-0.2001782400000001,3896,300.0,1168800,1101,0.0001,11287,0.0008194033289328218
0.01,1061,-0.19435174,3900,300.0,1170000,1102,0.0001,11299,0.0007776260026730597
0.01,1062,-0.19470405999999996,3904,300.0,1171200,1102,0.0001,11311,0.0011127098696306348
0.01,1063,-0.15478687999999993,3908,300.0,1172400,1102,0.0001,11323,0.001061994582414627
0.01,1063,-0.02046469999999995,3912,300.0,1173600,1103,0.0001,11335,0.0005740511114709079
0.01,1064,-0.09194687000000004,3916,300.0,1174800,1103,0.0001,11347,0.0003951193648390472
0.01,1065,-0.20701832,3920,300.0,1176000,1104,0.0001,11359,0.0005935565568506718
0.01,1065,-0.24006302999999996,3924,300.0,1177200,1104,0.0001,11371,0.000784137926530093
0.01,1066,-0.48571307999999996,3928,300.0,1178400,1104,0.0001,11383,0.0007641934789717197
0.01,1067,-0.53106097,3932,300.0,1179600,1105,0.0001,11395,0.0008120853453874588
0.01,1067,-0.49819969999999997,3936,300.0,1180800,1105,0.0001,11407,0.000862607907038182
0.01,1068,-0.28583422,3940,300.0,1182000,1106,0.0001,11419,0.0007706110482104123
0.01,1069,-0.5173792700000002,3944,300.0,1183200,1106,0.0001,11431,0.0008396134944632649
0.01,1070,-0.68399311,3948,300.0,1184400,1106,0.0001,11443,0.00044961576350033283
0.01,1070,-0.4375520700000001,3952,300.0,1185600,1107,0.0001,11455,0.0005642975447699428
0.01,1071,-0.48401667000000004,3956,300.0,1186800,1107,0.0001,11467,0.0008446952560916543
0.01,1072,-0.3310989,3960,300.0,1188000,1108,0.0001,11479,0.0019859105814248323
0.01,1072,-0.06456048999999994,3964,300.0,1189200,1108,0.0001,11491,0.0006964486092329025
0.01,1073,0.05197797000000008,3968,300.0,1190400,1108,0.0001,11503,0.0008675851859152317
0.01,1074,-0.02033259999999995,3972,300.0,1191600,1109,0.0001,11515,0.0006677285418845713
0.01,1074,0.002351900000000038,3976,300.0,1192800,1109,0.0001,11527,0.0005513735814020038
0.01,1075,-0.11915216999999999,3980,300.0,1194000,1110,0.0001,11539,0.0007954995380714536
0.01,1076,0.0924481900000001,3984,300.0,1195200,1110,0.0001,11551,0.0006883960450068116
0.01,1076,0.19046186000000007,3988,300.0,1196400,1110,0.0001,11563,0.010401669889688492
0.01,1077,0.3885950999999999,3992,300.0,1197600,1111,0.0001,11575,0.0013670799089595675
0.01,1078,0.37112287999999993,3996,300.0,1198800,1111,0.0001,11587,0.0008470313623547554
0.01,1128,0.42737078999999994,4000,300.0,1200000,1063,0.0001,11599,0.0006522862240672112
0.01,1128,0.35065439,4004,300.0,1201200,1064,0.0001,11611,0.0007695541135035455
0.01,1129,0.23487518999999987,4008,300.0,1202400,1064,0.0001,11623,0.0011896970681846142
0.01,1130,0.06883087999999997,4012,300.0,1203600,1064,0.0001,11635,0.0014844369143247604
0.01,1131,-0.06702368,4016,300.0,1204800,1065,0.0001,11647,0.0012348855379968882
0.01,1131,0.04348525999999998,4020,300.0,1206000,1065,0.0001,11659,0.0005809994181618094
0.01,1132,-0.06830232000000003,4024,300.0,1207200,1065,0.0001,11671,0.0008536312379874289
0.01,1133,-0.15146962000000003,4028,300.0,1208400,1065,0.0001,11683,0.0006651000585407019
0.01,1134,-0.10001854999999998,4032,300.0,1209600,1066,0.0001,11695,0.0007432076381519437
0.01,1135,-0.07450439999999997,4036,300.0,1210800,1066,0.0001,11707,0.0011230050586163998
0.01,1135,-0.14920543999999997,4040,300.0,1212000,1067,0.0001,11719,0.0010702286381274462
0.01,1136,0.14109586,4044,300.0,1213200,1067,0.0001,11731,0.0005595262628048658
0.01,1137,0.18061290999999993,4048,300.0,1214400,1067,0.0001,11743,0.0015624617226421833
0.01,1137,0.0033924899999999082,4052,300.0,1215600,1068,0.0001,11755,0.0008616918930783868
0.01,1138,-0.050239810000000044,4056,300.0,1216800,1068,0.0001,11767,0.003559250384569168
0.01,1139,0.024081559999999974,4060,300.0,1218000,1069,0.0001,11779,0.0016115690814331174
0.01,1139,-0.10075696000000005,4064,300.0,1219200,1069,0.0001,11791,0.0008466566796414554
0.01,1140,-0.15179924,4068,300.0,1220400,1070,0.0001,11803,0.0006611205753870308
0.01,1141,-0.21565265000000003,4072,300.0,1221600,1070,0.0001,11815,0.0008341840584762394
0.01,1141,-0.08688435000000005,4076,300.0,1222800,1070,0.0001,11827,0.0006063524633646011
0.01,1142,0.16705951999999996,4080,300.0,1224000,1071,0.0001,11839,0.0009312104666605592
0.01,1143,0.001586569999999976,4084,300.0,1225200,1071,0.0001,11851,0.0028869269881397486
0.01,1143,0.09762978000000003,4088,300.0,1226400,1072,0.0001,11863,0.0005514414515346289
0.01,1144,0.23655386000000003,4092,300.0,1227600,1072,0.0001,11875,0.000894780270755291
0.01,1144,0.13760045,4096,300.0,1228800,1073,0.0001,11887,0.0009181966306641698
0.01,1145,0.12228217999999998,4100,300.0,1230000,1073,0.0001,11899,0.011589519679546356
0.01,1146,0.09127782999999993,4104,300.0,1231200,1074,0.0001,11911,0.0008204231271520257
0.01,1146,0.12078598999999995,4108,300.0,1232400,1074,0.0001,11923,0.0007781613967381418
0.01,1147,0.08663154999999996,4112,300.0,1233600,1074,0.0001,11935,0.0009313740883953869
0.01,1148,0.11497573999999995,4116,300.0,1234800,1075,0.0001,11947,0.0009153587743639946
0.01,1149,0.09816434999999997,4120,300.0,1236000,1075,0.0001,11959,0.0008382096420973539
0.01,1149,-0.01472236999999998,4124,300.0,1237200,1075,0.0001,11971,0.0009345795260742307
0.01,1150,0.13416844,4128,300.0,1238400,1076,0.0001,11983,0.0006184871890582144
0.01,1151,0.11843675000000005,4132,300.0,1239600,1076,0.0001,11995,0.0008277074666693807
0.01,1152,0.005908380000000051,4136,300.0,1240800,1076,0.0001,12007,0.0005954048247076571
0.01,1152,0.05999064999999998,4140,300.0,1242000,1077,0.0001,12019,0.0007325383485294878
0.01,1153,-0.028385970000000017,4144,300.0,1243200,1077,0.0001,12031,0.0006777478847652674
0.01,1154,0.02499851000000001,4148,300.0,1244400,1078,0.0001,12043,0.0015062510501593351
0.01,1154,0.11516953999999999,4152,300.0,1245600,1078,0.0001,12055,0.0019611334428191185
0.01,1155,0.12701887999999997,4156,300.0,1246800,1079,0.0001,12067,0.0006282661925069988
0.01,1156,0.07329860999999996,4160,300.0,1248000,1079,0.0001,12079,0.0015224578091874719
0.01,1156,0.07511337999999991,4164,300.0,1249200,1079,0.0001,12091,0.0007583217811770737
0.01,1157,0.05760650999999992,4168,300.0,1250400,1080,0.0001,12103,0.0006583530339412391
0.01,1158,0.23697632999999996,4172,300.0,1251600,1080,0.0001,12115,0.000745865807402879
0.01,1159,0.05106143999999998,4176,300.0,1252800,1080,0.0001,12127,0.0009748748852871358
0.01,1159,-0.18828072000000007,4180,300.0,1254000,1081,0.0001,12139,0.0007606566068716347
0.01,1160,-0.13243960000000002,4184,300.0,1255200,1081,0.0001,12151,0.0008357758051715791
0.01,1161,-0.27485419999999994,4188,300.0,1256400,1081,0.0001,12163,0.0007226400775834918
0.01,1161,-0.41221738,4192,300.0,1257600,1082,0.0001,12175,0.0008406148408539593
0.01,1162,-0.43240807,4196,300.0,1258800,1082,0.0001,12187,0.0009696520864963531
0.01,1163,-0.44324739999999996,4200,300.0,1260000,1083,0.0001,12199,0.0014488756423816085
0.01,1163,-0.4518164800000001,4204,300.0,1261200,1083,0.0001,12211,0.0007502420339733362
0.01,1164,-0.41883338999999997,4208,300.0,1262400,1084,0.0001,12223,0.0011522574350237846
0.01,1165,-0.39481409999999995,4212,300.0,1263600,1084,0.0001,12235,0.0007315790862776339
0.01,1165,-0.17383720999999996,4216,300.0,1264800,1084,0.0001,12247,0.0005542152212001383
0.01,1166,-0.38440172000000006,4220,300.0,1266000,1085,0.0001,12259,0.0006524703931063414
0.01,1167,-0.25767550000000006,4224,300.0,1267200,1085,0.0001,12271,0.0018587171798571944
0.01,1168,-0.33097607,4228,300.0,1268400,1085,0.0001,12283,0.0006461692391894758
0.01,1168,-0.22721302999999995,4232,300.0,1269600,1086,0.0001,12295,0.0011879315134137869
0.01,1169,-0.07034821000000005,4236,300.0,1270800,1086,0.0001,12307,0.0010048765689134598
0.01,1170,-0.036744600000000044,4240,300.0,1272000,1087,0.0001,12319,0.0005247683729976416
0.01,1170,-0.031444320000000046,4244,300.0,1273200,1087,0.0001,12331,0.0006175172165967524
0.01,1171,-0.006328570000000053,4248,300.0,1274400,1088,0.0001,12343,0.002070540562272072
0.01,1171,-0.14415223999999996,4252,300.0,1275600,1088,0.0001,12355,0.0009022317826747894
0.01,1172,-0.30126074,4256,300.0,1276800,1088,0.0001,12367,0.001061142422258854
0.01,1173,-0.38731197,4260,300.0,1278000,1089,0.0001,12379,0.0008331280550919473
0.01,1173,-0.28740816,4264,300.0,1279200,1089,0.0001,12391,0.0008720896439626813
0.01,1174,-0.2289075,4268,300.0,1280400,1090,0.0001,12403,0.003026288002729416
0.01,1175,-0.28576609,4272,300.0,1281600,1090,0.0001,12415,0.0016010835533961654
0.01,1175,-0.2712432999999999,4276,300.0,1282800,1091,0.0001,12427,0.0007955007022246718
0.01,1176,-0.21037753000000003,4280,300.0,1284000,1091,0.0001,12439,0.012200433760881424
0.01,1177,-0.24258528000000004,4284,300.0,1285200,1091,0.0001,12451,0.001135555561631918
0.01,1177,-0.17717133999999998,4288,300.0,1286400,1092,0.0001,12463,0.0018236340256407857
0.01,1178,-0.34474457000000003,4292,300.0,1287600,1092,0.0001,12475,0.001465159934014082
0.01,1179,-0.28563085,4296,300.0,1288800,1092,0.0001,12487,0.0006776575464755297
0.01,1180,-0.25626868,4300,300.0,1290000,1093,0.0001,12499,0.0006791118066757917
0.01,1180,-0.19438124999999995,4304,300.0,1291200,1093,0.0001,12511,0.0009153508581221104
0.01,1181,-0.11731861999999993,4308,300.0,1292400,1094,0.0001,12523,0.0007345699705183506
0.01,1181,-0.1954098299999999,4312,300.0,1293600,1094,0.0001,12535,0.0012996665900573134
0.01,1182,-0.41243161000000006,4316,300.0,1294800,1094,0.0001,12547,0.001969424542039633
0.01,1183,-0.15692569999999997,4320,300.0,1296000,1095,0.0001,12559,0.004354626405984163
0.01,1184,-0.15833419000000004,4324,300.0,1297200,1095,0.0001,12571,0.0008998085977509618
0.01,1184,0.01722030000000001,4328,300.0,1298400,1095,0.0001,12583,0.000897918944247067
0.01,1185,-0.18294235999999992,4332,300.0,1299600,1096,0.0001,12595,0.0005491513293236494
0.01,1235,-0.05287075999999985,4336,300.0,1300800,1053,0.0001,12607,0.0010302700102329254
0.01,1236,-0.1737075999999999,4340,300.0,1302000,1053,0.0001,12619,0.0006646012770943344
0.01,1236,-0.29848386999999993,4344,300.0,1303200,1053,0.0001,12631,0.0010490689892321825
0.01,1237,-0.38307886999999996,4348,300.0,1304400,1054,0.0001,12643,0.0008994380477815866
0.01,1238,-0.39369946999999994,4352,300.0,1305600,1054,0.0001,12655,0.0003915989655070007
0.01,1239,-0.07326560999999987,4356,300.0,1306800,1054,0.0001,12667,0.0006869918433949351
0.01,1239,-0.020797189999999924,4360,300.0,1308000,1055,0.0001,12679,0.0006928073125891387
0.01,1240,-0.21087094,4364,300.0,1309200,1055,0.0001,12691,0.0006425321334972978
0.01,1241,-0.23099551,4368,300.0,1310400,1055,0.0001,12703,0.0006025208858773112
0.01,1241,-0.21133961999999998,4372,300.0,1311600,1056,0.0001,12715,0.000653174240142107
0.01,1242,-0.2590997399999999,4376,300.0,1312800,1056,0.0001,12727,0.0020750456023961306
0.01,1243,-0.2225420199999999,4380,300.0,1314000,1056,0.0001,12739,0.000864954839926213
0.01,1244,-0.13078748999999987,4384,300.0,1315200,1057,0.0001,12751,0.0011519123800098896
0.01,1244,-0.062058989999999994,4388,300.0,1316400,1057,0.0001,12763,0.0009194008307531476
0.01,1245,0.10256170999999999,4392,300.0,1317600,1057,0.0001,12775,0.0006282756803557277
0.01,1246,0.03540032999999994,4396,300.0,1318800,1058,0.0001,12787,0.0005546683096326888
0.01,1246,-0.1717784400000001,4400,300.0,1320000,1058,0.0001,12799,0.0007536290213465691
0.01,1247,-0.21389917000000003,4404,300.0,1321200,1058,0.0001,12811,0.0009656357578933239
0.01,1248,-0.25324399000000003,4408,300.0,1322400,1058,0.0001,12823,0.0010035064769908786
0.01,1249,-0.08723944000000007,4412,300.0,1323600,1059,0.0001,12835,0.0024440691340714693
0.01,1250,0.0050179799999999376,4416,300.0,1324800,1059,0.0001,12847,0.0015527165960520506
0.01,1251,0.029139369999999977,4420,300.0,1326000,1059,0.0001,12859,0.0006108764791861176
0.01,1251,0.010225799999999967,4424,300.0,1327200,1060,0.0001,12871,0.001747257076203823
0.01,1252,-0.0679076700000001,4428,300.0,1328400,1060,0.0001,12883,0.0007789439405314624
0.01,1253,0.056995379999999984,4432,300.0,1329600,1060,0.0001,12895,0.0006980544421821833
0.01,1254,0.01734591999999995,4436,300.0,1330800,1061,0.0001,12907,0.0008482910925522447
0.01,1254,0.17690880999999986,4440,300.0,1332000,1061,0.0001,12919,0.000973523361608386
0.01,1255,0.34489833999999997,4444,300.0,1333200,1062,0.0001,12931,0.0008481137920171022
0.01,1256,0.35974055,4448,300.0,1334400,1062,0.0001,12943,0.001276821130886674
0.01,1256,0.3494788299999999,4452,300.0,1335600,1062,0.0001,12955,0.0007138247601687908
0.01,1257,0.09535989000000004,4456,300.0,1336800,1063,0.0001,12967,0.0021879486739635468
0.01,1258,0.08882284000000007,4460,300.0,1338000,1063,0.0001,12979,0.0011580903083086014
0.01,1258,0.16404354000000002,4464,300.0,1339200,1063,0.0001,12991,0.0015818269457668066
0.01,1259,0.2754848100000001,4468,300.0,1340400,1064,0.0001,13003,0.0008551729843020439
0.01,1260,0.25470275000000003,4472,300.0,1341600,1064,0.0001,13015,0.0007867107633501291
0.01,1260,0.38177346,4476,300.0,1342800,1065,0.0001,13027,0.0005610819207504392
0.01,1261,0.37832097999999986,4480,300.0,1344000,1065,0.0001,13039,0.0008660146268084645
0.01,1262,0.30312248999999997,4484,300.0,1345200,1065,0.0001,13051,0.0009812877979129553
0.01,1262,0.09892303999999999,4488,300.0,1346400,1066,0.0001,13063,0.00120373978279531
0.01,1263,0.08970541000000003,4492,300.0,1347600,1066,0.0001,13075,0.0006712712347507477
0.01,1264,0.17273846000000007,4496,300.0,1348800,1066,0.0001,13087,0.0005752276629209518
0.01,1264,0.35896176000000013,4500,300.0,1350000,1067,0.0001,13099,0.0008200961747206748
0.01,1265,0.31863943999999994,4504,300.0,1351200,1067,0.0001,13111,0.000486130069475621
0.01,1266,0.3946297599999999,4508,300.0,1352400,1068,0.0001,13123,0.0009041099110618234
0.01,1266,0.36707903000000003,4512,300.0,1353600,1068,0.0001,13135,0.0015876122051849961
0.01,1267,0.4186617100000001,4516,300.0,1354800,1068,0.0001,13147,0.0007249990594573319
0.01,1268,0.43302934,4520,300.0,1356000,1069,0.0001,13159,0.0007977858185768127
0.01,1269,0.48762072,4524,300.0,1357200,1069,0.0001,13171,0.001358923502266407
0.01,1269,0.4800352399999999,4528,300.0,1358400,1069,0.0001,13183,0.0007436241721734405
0.01,1270,0.55539851,4532,300.0,1359600,1070,0.0001,13195,0.0006322843255475163
0.01,1271,0.5580148,4536,300.0,1360800,1070,0.0001,13207,0.000989231513813138
0.01,1271,0.42649683000000005,4540,300.0,1362000,1070,0.0001,13219,0.0006665551918558776
0.01,1272,0.41001686,4544,300.0,1363200,1071,0.0001,13231,0.0016656089574098587
0.01,1273,0.43122664999999993,4548,300.0,1364400,1071,0.0001,13243,0.0008012897451408207
0.01,1273,0.4910779500000001,4552,300.0,1365600,1072,0.0001,13255,0.0005570935900323093
0.01,1274,0.4331842700000001,4556,300.0,1366800,1072,0.0001,13267,0.0010868683457374573
0.01,1274,0.37945688,4560,300.0,1368000,1072,0.0001,13279,0.0011189432116225362
0.01,1275,0.3231688,4564,300.0,1369200,1073,0.0001,13291,0.0006106629152782261
0.01,1276,0.240055,4568,300.0,1370400,1073,0.0001,13303,0.000638982281088829
0.01,1276,0.2672491900000001,4572,300.0,1371600,1074,0.0001,13315,0.000704569392837584
0.01,1277,0.2661174800000001,4576,300.0,1372800,1074,0.0001,13327,0.000778759887907654
0.01,1278,0.24737135,4580,300.0,1374000,1074,0.0001,13339,0.000897360616363585
0.01,1279,0.28390279,4584,300.0,1375200,1074,0.0001,13351,0.0007080823997966945
0.01,1280,0.4666699000000001,4588,300.0,1376400,1075,0.0001,13363,0.0006083240150474012
0.01,1280,0.40877227000000005,4592,300.0,1377600,1075,0.0001,13375,0.0010637174127623439
0.01,1281,0.38815548000000005,4596,300.0,1378800,1075,0.0001,13387,0.0007008893880993128
0.01,1282,0.34778956000000005,4600,300.0,1380000,1076,0.0001,13399,0.0007623161654919386
0.01,1282,0.5050054799999999,4604,300.0,1381200,1076,0.0001,13411,0.0007860820624046028
0.01,1283,0.38750276,4608,300.0,1382400,1077,0.0001,13423,0.0007571076275780797
0.01,1284,0.44958243,4612,300.0,1383600,1077,0.0001,13435,0.0007360492600128055
0.01,1284,0.48370264999999996,4616,300.0,1384800,1077,0.0001,13447,0.0011792667210102081
0.01,1285,0.52039879,4620,300.0,1386000,1078,0.0001,13459,0.00061990279937163
0.01,1286,0.49990854000000007,4624,300.0,1387200,1078,0.0001,13471,0.0010061233770102262
0.01,1286,0.5079911,4628,300.0,1388400,1078,0.0001,13483,0.0004741898737847805
0.01,1287,0.33940968000000005,4632,300.0,1389600,1079,0.0001,13495,0.0017934627830982208
0.01,1288,0.20945257,4636,300.0,1390800,1079,0.0001,13507,0.001234151073731482
0.01,1288,0.20080408000000002,4640,300.0,1392000,1079,0.0001,13519,0.001401778543367982
0.01,1289,0.20191213000000002,4644,300.0,1393200,1080,0.0001,13531,0.0005490061594173312
0.01,1290,0.037980490000000054,4648,300.0,1394400,1080,0.0001,13543,0.0006529131787829101
0.01,1290,-0.005228639999999931,4652,300.0,1395600,1081,0.0001,13555,0.0006224840180948377
0.01,1291,0.15523456,4656,300.0,1396800,1081,0.0001,13567,0.0011696997098624706
0.01,1291,0.32378545,4660,300.0,1398000,1082,0.0001,13579,0.0007043796358630061
0.01,1292,0.49275238999999993,4664,300.0,1399200,1082,0.0001,13591,0.001860935939475894
0.01,1343,0.42147782999999994,4668,300.0,1400400,1042,0.0001,13603,0.0006117848097346723
0.01,1344,0.3406775800000002,4672,300.0,1401600,1042,0.0001,13615,0.0005857831565663218
0.01,1345,0.31325074,4676,300.0,1402800,1042,0.0001,13627,0.0007004719227552414
0.01,1346,0.4098337200000001,4680,300.0,1404000,1042,0.0001,13639,0.003984851762652397
0.01,1347,0.39855131000000016,4684,300.0,1405200,1043,0.0001,13651,0.0007942839292809367
0.01,1347,0.37301273,4688,300.0,1406400,1043,0.0001,13663,0.000707445025909692
0.01,1348,0.5852086600000002,4692,300.0,1407600,1043,0.0001,13675,0.0005786632536910474
0.01,1349,0.58921314,4696,300.0,1408800,1044,0.0001,13687,0.0008704309584572911
0.01,1349,0.50500228,4700,300.0,1410000,1044,0.0001,13699,0.0004745788755826652
0.01,1350,0.37539847000000004,4704,300.0,1411200,1044,0.0001,13711,0.0014917099615558982
0.01,1351,0.43202278000000005,4708,300.0,1412400,1045,0.0001,13723,0.0006419537821784616
0.01,1351,0.4453501700000001,4712,300.0,1413600,1045,0.0001,13735,0.0008742801146581769
0.01,1352,0.4253178200000001,4716,300.0,1414800,1045,0.0001,13747,0.001000830321572721
0.01,1353,0.33069914999999994,4720,300.0,1416000,1046,0.0001,13759,0.0005153008969500661
0.01,1353,0.12838643999999996,4724,300.0,1417200,1046,0.0001,13771,0.0015292696189135313
0.01,1354,0.07391724,4728,300.0,1418400,1047,0.0001,13783,0.002151989610865712
0.01,1355,0.17735347000000004,4732,300.0,1419600,1047,0.0001,13795,0.0008118849946185946
0.01,1356,0.21069560000000007,4736,300.0,1420800,1047,0.0001,13807,0.0006748565356247127
0.01,1356,0.36393528,4740,300.0,1422000,1048,0.0001,13819,0.0006185616948641837
0.01,1357,0.36420927,4744,300.0,1423200,1048,0.0001,13831,0.0015756429638713598
0.01,1358,0.50002705,4748,300.0,1424400,1048,0.0001,13843,0.0008079500985331833
0.01,1358,0.6115887299999999,4752,300.0,1425600,1049,0.0001,13855,0.0007960327202454209
0.01,1359,0.6347591199999999,4756,300.0,1426800,1049,0.0001,13867,0.001138151972554624
0.01,1360,0.52794785,4760,300.0,1428000,1049,0.0001,13879,0.007195373997092247
0.01,1361,0.32119285000000003,4764,300.0,1429200,1049,0.0001,13891,0.0009802522836253047
0.01,1361,0.3621917300000001,4768,300.0,1430400,1050,0.0001,13903,0.0006321138935163617
0.01,1362,0.38588520000000004,4772,300.0,1431600,1050,0.0001,13915,0.0007338570430874825
0.01,1363,0.36017077999999997,4776,300.0,1432800,1050,0.0001,13927,0.00048295120359398425
0.01,1364,0.37726726,4780,300.0,1434000,1051,0.0001,13939,0.0007719653658568859
0.01,1364,0.4372525800000001,4784,300.0,1435200,1051,0.0001,13951,0.0010975730838254094
0.01,1365,0.49054614999999996,4788,300.0,1436400,1052,0.0001,13963,0.0010783664183691144
0.01,1366,0.35893350000000007,4792,300.0,1437600,1052,0.0001,13975,0.0007808918599039316
0.01,1366,0.2846057300000001,4796,300.0,1438800,1052,0.0001,13987,0.0011845792178064585
0.01,1367,0.48986314999999997,4800,300.0,1440000,1052,0.0001,13999,0.000595401506870985
0.01,1368,0.49380327000000007,4804,300.0,1441200,1053,0.0001,14011,0.0009173529106192291
0.01,1369,0.46312131000000006,4808,300.0,1442400,1053,0.0001,14023,0.0008661790052428842
0.01,1369,0.37775954999999994,4812,300.0,1443600,1053,0.0001,14035,0.0007086645346134901
0.01,1370,0.3900805399999999,4816,300.0,1444800,1054,0.0001,14047,0.00047551392344757915
0.01,1371,0.33430096,4820,300.0,1446000,1054,0.0001,14059,0.000643006875179708
0.01,1372,0.5218646699999999,4824,300.0,1447200,1054,0.0001,14071,0.0006979605532251298
0.01,1372,0.4029045199999999,4828,300.0,1448400,1055,0.0001,14083,0.0013198109809309244
0.01,1373,0.43583256,4832,300.0,1449600,1055,0.0001,14095,0.0014309148536995053
0.01,1374,0.40328114,4836,300.0,1450800,1055,0.0001,14107,0.0009827999165281653
0.01,1374,0.2474042800000001,4840,300.0,1452000,1056,0.0001,14119,0.0018726750276982784
0.01,1375,0.18934457000000005,4844,300.0,1453200,1056,0.0001,14131,0.0008072187192738056
0.01,1376,0.18872735000000002,4848,300.0,1454400,1056,0.0001,14143,0.003617917187511921
0.01,1377,0.1591994800000001,4852,300.0,1455600,1057,0.0001,14155,0.0006236687186174095
0.01,1377,0.1055870600000001,4856,300.0,1456800,1057,0.0001,14167,0.0005102665163576603
0.01,1378,0.08459590000000006,4860,300.0,1458000,1057,0.0001,14179,0.0009261497179977596
0.01,1379,0.10304973999999997,4864,300.0,1459200,1057,0.0001,14191,0.002226745244115591
0.01,1379,0.18095677,4868,300.0,1460400,1058,0.0001,14203,0.0009717541979625821
0.01,1380,0.25026446999999996,4872,300.0,1461600,1058,0.0001,14215,0.0010442249476909637
0.01,1381,0.21953776999999997,4876,300.0,1462800,1059,0.0001,14227,0.0006760201067663729
0.01,1381,0.03802301000000002,4880,300.0,1464000,1059,0.0001,14239,0.0018813973292708397
0.01,1382,-0.17432005000000003,4884,300.0,1465200,1059,0.0001,14251,0.0006956169963814318
0.01,1383,-0.28588992,4888,300.0,1466400,1060,0.0001,14263,0.0011856728233397007
0.01,1383,-0.31398555,4892,300.0,1467600,1060,0.0001,14275,0.0004796099092345685
0.01,1384,-0.23418735000000004,4896,300.0,1468800,1060,0.0001,14287,0.0018868716433644295
0.01,1385,-0.41563959999999994,4900,300.0,1470000,1061,0.0001,14299,0.001404485898092389
0.01,1385,-0.43472486999999993,4904,300.0,1471200,1061,0.0001,14311,0.000891637580934912
0.01,1386,-0.43249176000000006,4908,300.0,1472400,1061,0.0001,14323,0.000899756618309766
0.01,1387,-0.40616606000000005,4912,300.0,1473600,1062,0.0001,14335,0.0008272463455796242
0.01,1388,-0.4376869599999999,4916,300.0,1474800,1062,0.0001,14347,0.0005468071321956813
0.01,1389,-0.53126028,4920,300.0,1476000,1062,0.0001,14359,0.0012364209396764636
0.01,1389,-0.6108830100000001,4924,300.0,1477200,1062,0.0001,14371,0.0011573545634746552
0.01,1390,-0.4892054900000001,4928,300.0,1478400,1063,0.0001,14383,0.0008176390547305346
0.01,1391,-0.51269939,4932,300.0,1479600,1063,0.0001,14395,0.0011919952230527997
0.01,1391,-0.6747711600000001,4936,300.0,1480800,1063,0.0001,14407,0.0009038631687872112
0.01,1392,-0.62196891,4940,300.0,1482000,1064,0.0001,14419,0.0036482694558799267
0.01,1393,-0.7835632799999999,4944,300.0,1483200,1064,0.0001,14431,0.0007112871971912682
0.01,1393,-0.70236164,4948,300.0,1484400,1064,0.0001,14443,0.0008309933473356068
0.01,1394,-0.72697045,4952,300.0,1485600,1065,0.0001,14455,0.0005350149003788829
0.01,1395,-0.83457705,4956,300.0,1486800,1065,0.0001,14467,0.0013845866778865457
0.01,1395,-0.77759736,4960,300.0,1488000,1065,0.0001,14479,0.00100098573602736
0.01,1396,-0.6667674200000002,4964,300.0,1489200,1066,0.0001,14491,0.0007416436565108597
0.01,1397,-0.7728260400000001,4968,300.0,1490400,1066,0.0001,14503,0.0005567704793065786
0.01,1398,-0.7408114700000001,4972,300.0,1491600,1066,0.0001,14515,0.0011838031932711601
0.01,1399,-0.8811560900000002,4976,300.0,1492800,1066,0.0001,14527,0.0016639833338558674
0.01,1400,-1.0080546099999999,4980,300.0,1494000,1067,0.0001,14539,0.0004519573412835598
0.01,1400,-0.9969177899999997,4984,300.0,1495200,1067,0.0001,14551,0.001023822114802897
0.01,1401,-1.11020143,4988,300.0,1496400,1067,0.0001,14563,0.0008944739820435643
0.01,1401,-1.04320122,4992,300.0,1497600,1068,0.0001,14575,0.0010652625933289528
0.01,1402,-0.9260979100000002,4996,300.0,1498800,1068,0.0001,14587,0.0008049980970099568
0.01,1454,-0.7686457099999999,5000,300.0,1500000,1031,0.0001,14599,0.0005692544509656727
0.01,1455,-0.6728396599999997,5004,300.0,1501200,1031,0.0001,14611,0.0008333810255862772
0.01,1455,-0.5699084499999999,5008,300.0,1502400,1031,0.0001,14623,0.00078496930655092
0.01,1456,-0.49529541999999993,5012,300.0,1503600,1032,0.0001,14635,0.0007104299729689956
0.01,1457,-0.6162457,5016,300.0,1504800,1032,0.0001,14647,0.0010162240359932184
0.01,1458,-0.5502000299999998,5020,300.0,1506000,1032,0.0001,14659,0.001130059128627181
0.01,1459,-0.3961803199999999,5024,300.0,1507200,1032,0.0001,14671,0.0017584874294698238
0.01,1459,-0.41681161000000005,5028,300.0,1508400,1033,0.0001,14683,0.0068623656406998634
0.01,1460,-0.3754336,5032,300.0,1509600,1033,0.0001,14695,0.007318820804357529
0.01,1461,-0.33411657,5036,300.0,1510800,1034,0.0001,14707,0.0006666210829280317
0.01,1461,-0.35332308000000007,5040,300.0,1512000,1034,0.0001,14719,0.0009930458618327975
0.01,1462,-0.10118858999999997,5044,300.0,1513200,1034,0.0001,14731,0.0007132788305170834
0.01,1463,-0.08501432999999996,5048,300.0,1514400,1035,0.0001,14743,0.001841211342252791
0.01,1463,-0.019432580000000012,5052,300.0,1515600,1035,0.0001,14755,0.0008369323331862688
0.01,1464,-0.04099292000000004,5056,300.0,1516800,1035,0.0001,14767,0.0010623231064528227
0.01,1465,0.05126717000000001,5060,300.0,1518000,1036,0.0001,14779,0.0006796727539040148
0.01,1465,-0.04406902000000001,5064,300.0,1519200,1036,0.0001,14791,0.0006542915944010019
0.01,1466,-0.016081240000000063,5068,300.0,1520400,1036,0.0001,14803,0.0012025751639157534
0.01,1467,-0.0013177400000000134,5072,300.0,1521600,1036,0.0001,14815,0.0007050231797620654
0.01,1468,0.14764588,5076,300.0,1522800,1037,0.0001,14827,0.003974126186221838
0.01,1468,0.37837697,5080,300.0,1524000,1037,0.0001,14839,0.0009028082713484764
0.01,1469,0.3355251700000001,5084,300.0,1525200,1037,0.0001,14851,0.0013392764376476407
0.01,1470,0.53254293,5088,300.0,1526400,1038,0.0001,14863,0.002134795766323805
0.01,1470,0.38776614000000004,5092,300.0,1527600,1038,0.0001,14875,0.0006123873754404485
0.01,1471,0.29119449000000003,5096,300.0,1528800,1038,0.0001,14887,0.0009335621725767851
0.01,1472,0.19873525999999994,5100,300.0,1530000,1039,0.0001,14899,0.005826740060001612
0.01,1472,0.06329314999999998,5104,300.0,1531200,1039,0.0001,14911,0.004756892565637827
0.01,1473,-0.08475084000000002,5108,300.0,1532400,1039,0.0001,14923,0.0006856041145510972
0.01,1474,-0.29228276000000003,5112,300.0,1533600,1040,0.0001,14935,0.0014291842235252261
0.01,1474,-0.22296204999999997,5116,300.0,1534800,1040,0.0001,14947,0.0021440053824335337
0.01,1475,-0.18443144000000003,5120,300.0,1536000,1040,0.0001,14959,0.001546370447613299
0.01,1476,-0.32846757000000004,5124,300.0,1537200,1041,0.0001,14971,0.0005712565034627914
0.01,1477,-0.29356464000000004,5128,300.0,1538400,1041,0.0001,14983,0.00048158690333366394
0.01,1477,-0.38541123000000005,5132,300.0,1539600,1041,0.0001,14995,0.0011655834969133139
0.01,1478,-0.27773864,5136,300.0,1540800,1041,0.0001,15007,0.0008998832199722528
0.01,1479,-0.21232197000000003,5140,300.0,1542000,1042,0.0001,15019,0.0005838808720000088
0.01,1480,-0.28819459000000003,5144,300.0,1543200,1042,0.0001,15031,0.0009440429275855422
0.01,1481,-0.35332115999999997,5148,300.0,1544400,1042,0.0001,15043,0.0006570765981450677
0.01,1481,-0.46107536999999993,5152,300.0,1545600,1043,0.0001,15055,0.0005003027617931366
0.01,1482,-0.5895336299999999,5156,300.0,1546800,1043,0.0001,15067,0.0008877294021658599
0.01,1483,-0.6479493299999999,5160,300.0,1548000,1043,0.0001,15079,0.0009249775903299451
0.01,1483,-0.57761785,5164,300.0,1549200,1043,0.0001,15091,0.002324531553313136
0.01,1484,-0.4716003799999999,5168,300.0,1550400,1044,0.0001,15103,0.001954123377799988
0.01,1485,-0.6253606599999998,5172,300.0,1551600,1044,0.0001,15115,0.0007096705376170576
0.01,1486,-0.5935024299999998,5176,300.0,1552800,1044,0.0001,15127,0.0006897824350744486
0.01,1486,-0.63859399,5180,300.0,1554000,1045,0.0001,15139,0.0008565580938011408
0.01,1487,-0.62563485,5184,300.0,1555200,1045,0.0001,15151,0.0022244174033403397
0.01,1488,-0.68207352,5188,300.0,1556400,1045,0.0001,15163,0.0006321122054941952
0.01,1489,-0.64230805,5192,300.0,1557600,1045,0.0001,15175,0.0008507085149176419
0.01,1490,-0.79753851,5196,300.0,1558800,1045,0.0001,15187,0.001097575994208455
0.01,1491,-0.8029487399999999,5200,300.0,1560000,1046,0.0001,15199,0.0008843948598951101
0.01,1491,-0.72450154,5204,300.0,1561200,1046,0.0001,15211,0.002753059146925807
0.01,1492,-0.6681097499999998,5208,300.0,1562400,1046,0.0001,15223,0.0007098744972608984
0.01,1493,-0.6686996999999999,5212,300.0,1563600,1047,0.0001,15235,0.0008910132455639541
0.01,1494,-0.6342331199999998,5216,300.0,1564800,1047,0.0001,15247,0.001346156233921647
0.01,1494,-0.7765044600000001,5220,300.0,1566000,1047,0.0001,15259,0.0005904367426410317
0.01,1495,-0.62644538,5224,300.0,1567200,1047,0.0001,15271,0.001146559021435678
0.01,1496,-0.6643209399999997,5228,300.0,1568400,1048,0.0001,15283,0.011056637391448021
0.01,1496,-0.6928404399999999,5232,300.0,1569600,1048,0.0001,15295,0.002273769583553076
0.01,1497,-0.7070238500000001,5236,300.0,1570800,1048,0.0001,15307,0.006766703445464373
0.01,1498,-0.68397869,5240,300.0,1572000,1049,0.0001,15319,0.0010016438318416476
0.01,1499,-0.7932244500000002,5244,300.0,1573200,1049,0.0001,15331,0.0005683684139512479
0.01,1499,-0.8481415099999999,5248,300.0,1574400,1049,0.0001,15343,0.0009919200092554092
0.01,1500,-0.79320607,5252,300.0,1575600,1050,0.0001,15355,0.0012535442365333438
0.01,1500,-0.6531758500000001,5256,300.0,1576800,1050,0.0001,15367,0.0006649413262493908
0.01,1501,-0.6206800099999998,5260,300.0,1578000,1050,0.0001,15379,0.0008290617261081934
0.01,1502,-0.63889244,5264,300.0,1579200,1051,0.0001,15391,0.0014865410048514605
0.01,1502,-0.5915334600000001,5268,300.0,1580400,1051,0.0001,15403,0.0008311542333103716
0.01,1503,-0.6113907500000001,5272,300.0,1581600,1051,0.0001,15415,0.0006295348284766078
0.01,1504,-0.6217256900000001,5276,300.0,1582800,1052,0.0001,15427,0.0005799453938379884
0.01,1504,-0.5719602,5280,300.0,1584000,1052,0.0001,15439,0.005944001488387585
0.01,1505,-0.45947514999999983,5284,300.0,1585200,1052,0.0001,15451,0.00048008133308030665
0.01,1506,-0.5572834799999998,5288,300.0,1586400,1053,0.0001,15463,0.0009662626544013619
0.01,1507,-0.45455974,5292,300.0,1587600,1053,0.0001,15475,0.0005648887599818408
0.01,1507,-0.31618271,5296,300.0,1588800,1053,0.0001,15487,0.0018426631577312946
0.01,1508,-0.4462671100000001,5300,300.0,1590000,1053,0.0001,15499,0.002117764437571168
0.01,1509,-0.4436952199999999,5304,300.0,1591200,1054,0.0001,15511,0.0018218623008579016
0.01,1510,-0.49333417999999996,5308,300.0,1592400,1054,0.0001,15523,0.0009986294899135828
0.01,1510,-0.44455544,5312,300.0,1593600,1054,0.0001,15535,0.003001636825501919
0.01,1511,-0.55935207,5316,300.0,1594800,1055,0.0001,15547,0.0011775929015129805
0.01,1512,-0.5127493399999999,5320,300.0,1596000,1055,0.0001,15559,0.0009083147160708904
0.01,1512,-0.6749538700000001,5324,300.0,1597200,1055,0.0001,15571,0.0008199352887459099
0.01,1513,-0.85722622,5328,300.0,1598400,1056,0.0001,15583,0.0006850757636129856
0.01,1514,-0.7475389700000001,5332,300.0,1599600,1056,0.0001,15595,0.0006260765949264169
0.01,1567,-0.81605269,5336,300.0,1600800,1021,0.0001,15607,0.0006933628465048969
0.01,1567,-0.8325060800000001,5340,300.0,1602000,1021,0.0001,15619,0.0007413153070956469
0.01,1568,-0.7170424099999999,5344,300.0,1603200,1022,0.0001,15631,0.000533955404534936
0.01,1569,-0.59735053,5348,300.0,1604400,1022,0.0001,15643,0.002107271458953619
0.01,1570,-0.6399626399999999,5352,300.0,1605600,1022,0.0001,15655,0.0021488445345312357
0.01,1571,-0.43177925999999983,5356,300.0,1606800,1022,0.0001,15667,0.000663372571580112
0.01,1571,-0.5387859699999998,5360,300.0,1608000,1023,0.0001,15679,0.0006471126107499003
0.01,1572,-0.54357382,5364,300.0,1609200,1023,0.0001,15691,0.0016636501532047987
0.01,1573,-0.5213281699999999,5368,300.0,1610400,1023,0.0001,15703,0.0010295533575117588
0.01,1573,-0.3592221,5372,300.0,1611600,1024,0.0001,15715,0.001335227396339178
0.01,1574,-0.3170946300000001,5376,300.0,1612800,1024,0.0001,15727,0.0007330613443627954
0.01,1575,-0.2865517800000001,5380,300.0,1614000,1024,0.0001,15739,0.0010318844579160213
0.01,1576,-0.15331901000000014,5384,300.0,1615200,1024,0.0001,15751,0.0012201176723465323
0.01,1576,-0.14037730000000004,5388,300.0,1616400,1025,0.0001,15763,0.0007145146373659372
0.01,1577,-0.26236578,5392,300.0,1617600,1025,0.0001,15775,0.002169125247746706
0.01,1578,-0.3685790299999999,5396,300.0,1618800,1025,0.0001,15787,0.0018899422138929367
0.01,1579,-0.15878505999999995,5400,300.0,1620000,1025,0.0001,15799,0.0006016946863383055
0.01,1579,-0.17896336999999993,5404,300.0,1621200,1026,0.0001,15811,0.001025354489684105
0.01,1580,-0.052910839999999945,5408,300.0,1622400,1026,0.0001,15823,0.001280786469578743
0.01,1581,-0.10595038999999996,5412,300.0,1623600,1026,0.0001,15835,0.0006245397962629795
0.01,1581,0.0753952,5416,300.0,1624800,1027,0.0001,15847,0.0008383427048102021
0.01,1582,0.13310902,5420,300.0,1626000,1027,0.0001,15859,0.0056427232921123505
0.01,1583,0.25671168999999994,5424,300.0,1627200,1027,0.0001,15871,0.007013597525656223
0.01,1584,0.42124511,5428,300.0,1628400,1027,0.0001,15883,0.0009660923387855291
0.01,1585,0.4420327799999999,5432,300.0,1629600,1028,0.0001,15895,0.0009726124117150903
0.01,1585,0.58163583,5436,300.0,1630800,1028,0.0001,15907,0.0007395497523248196
0.01,1586,0.5746147199999999,5440,300.0,1632000,1028,0.0001,15919,0.0007626480655744672
0.01,1587,0.5058899299999999,5444,300.0,1633200,1028,0.0001,15931,0.000652237213216722
0.01,1588,0.36658841000000003,5448,300.0,1634400,1029,0.0001,15943,0.0017844772664830089
0.01,1588,0.35056717000000004,5452,300.0,1635600,1029,0.0001,15955,0.0009445525938645005
0.01,1589,0.16713275999999994,5456,300.0,1636800,1029,0.0001,15967,0.0017231693491339684
0.01,1590,0.2247527899999998,5460,300.0,1638000,1030,0.0001,15979,0.0016532510053366423
0.01,1590,0.2158591399999999,5464,300.0,1639200,1030,0.0001,15991,0.0008504996076226234
0.01,1591,0.16004261,5468,300.0,1640400,1030,0.0001,16003,0.0013029803521931171
0.01,1592,0.022514150000000052,5472,300.0,1641600,1031,0.0001,16015,0.0022812853567302227
0.01,1592,0.01455644000000008,5476,300.0,1642800,1031,0.0001,16027,0.000525762268807739
0.01,1593,-0.06636157999999993,5480,300.0,1644000,1031,0.0001,16039,0.0007517827325500548
0.01,1594,-0.19345165,5484,300.0,1645200,1032,0.0001,16051,0.0008900006068870425
0.01,1594,-0.11406742000000002,5488,300.0,1646400,1032,0.0001,16063,0.003604814177379012
0.01,1595,-0.10863359000000004,5492,300.0,1647600,1032,0.0001,16075,0.001273100497201085
0.01,1596,-0.006017490000000047,5496,300.0,1648800,1032,0.0001,16087,0.0024967920035123825
0.01,1597,-0.23827467,5500,300.0,1650000,1032,0.0001,16099,0.0010645939037203789
0.01,1598,-0.33973363,5504,300.0,1651200,1033,0.0001,16111,0.0011024335399270058
0.01,1599,-0.5354186200000001,5508,300.0,1652400,1033,0.0001,16123,0.007619035895913839
0.01,1599,-0.4003722699999999,5512,300.0,1653600,1033,0.0001,16135,0.0014110805932432413
0.01,1600,-0.38896645,5516,300.0,1654800,1033,0.0001,16147,0.004945338238030672
0.01,1601,-0.42862165,5520,300.0,1656000,1034,0.0001,16159,0.0013608835870400071
0.01,1601,-0.49079170999999994,5524,300.0,1657200,1034,0.0001,16171,0.0005756877362728119
0.01,1602,-0.46934735000000005,5528,300.0,1658400,1034,0.0001,16183,0.0023553736973553896
0.01,1603,-0.51155055,5532,300.0,1659600,1034,0.0001,16195,0.000733426189981401
0.01,1604,-0.4736039100000001,5536,300.0,1660800,1035,0.0001,16207,0.0017027322901412845
0.01,1604,-0.4963788500000001,5540,300.0,1662000,1035,0.0001,16219,0.009431194514036179
0.01,1605,-0.40242284999999994,5544,300.0,1663200,1035,0.0001,16231,0.0006963752675801516
0.01,1606,-0.28387898,5548,300.0,1664400,1035,0.0001,16243,0.0007904954254627228
0.01,1607,-0.26180667,5552,300.0,1665600,1036,0.0001,16255,0.0011265345383435488
0.01,1608,-0.30181852,5556,300.0,1666800,1036,0.0001,16267,0.0006467467756010592
0.01,1609,-0.3340417799999999,5560,300.0,1668000,1036,0.0001,16279,0.0005323761724866927
0.01,1610,-0.44950635000000005,5564,300.0,1669200,1036,0.0001,16291,0.0016204394632950425
0.01,1610,-0.62614581,5568,300.0,1670400,1036,0.0001,16303,0.0010010218247771263
0.01,1611,-0.51827557,5572,300.0,1671600,1037,0.0001,16315,0.004888697527348995
0.01,1612,-0.47114177000000007,5576,300.0,1672800,1037,0.0001,16327,0.006126628257334232
0.01,1613,-0.39350476,5580,300.0,1674000,1037,0.0001,16339,0.0010319878347218037
0.01,1613,-0.36192427000000005,5584,300.0,1675200,1038,0.0001,16351,0.0005324917146936059
0.01,1614,-0.46149176999999997,5588,300.0,1676400,1038,0.0001,16363,0.0019166967831552029
0.01,1615,-0.4202289700000001,5592,300.0,1677600,1038,0.0001,16375,0.0006524425698444247
0.01,1615,-0.46152265,5596,300.0,1678800,1038,0.0001,16387,0.0014520770637318492
0.01,1616,-0.35599992,5600,300.0,1680000,1039,0.0001,16399,0.0005228393711149693
0.01,1617,-0.23589474999999996,5604,300.0,1681200,1039,0.0001,16411,0.012187192216515541
0.01,1618,-0.057342659999999955,5608,300.0,1682400,1039,0.0001,16423,0.001599844777956605
0.01,1618,-0.07786659999999998,5612,300.0,1683600,1039,0.0001,16435,0.00460401363670826
0.01,1619,-0.16427563000000003,5616,300.0,1684800,1040,0.0001,16447,0.0008932806667871773
0.01,1620,-0.15504337999999998,5620,300.0,1686000,1040,0.0001,16459,0.0006355650839395821
0.01,1620,-0.2666573199999999,5624,300.0,1687200,1040,0.0001,16471,0.0007449096883647144
0.01,1621,-0.25181988999999994,5628,300.0,1688400,1041,0.0001,16483,0.0009937116410583258
0.01,1622,-0.36804171999999996,5632,300.0,1689600,1041,0.0001,16495,0.0006335396319627762
0.01,1623,-0.36016329999999996,5636,300.0,1690800,1041,0.0001,16507,0.0021813034545630217
0.01,1623,-0.26936883999999994,5640,300.0,1692000,1042,0.0001,16519,0.0022254681680351496
0.01,1624,-0.39691126000000004,5644,300.0,1693200,1042,0.0001,16531,0.0007143757538869977
0.01,1625,-0.4461066000000001,5648,300.0,1694400,1042,0.0001,16543,0.0007890498964115977
0.01,1625,-0.5063693600000001,5652,300.0,1695600,1043,0.0001,16555,0.0005276352167129517
0.01,1626,-0.41488260000000005,5656,300.0,1696800,1043,0.0001,16567,0.002406430896371603
0.01,1627,-0.59700774,5660,300.0,1698000,1043,0.0001,16579,0.0007129387813620269
0.01,1627,-0.51209254,5664,300.0,1699200,1043,0.0001,16591,0.001123851747252047
0.01,1681,-0.35797719,5668,300.0,1700400,1011,0.0001,16603,0.002857400104403496
0.01,1682,-0.35828491,5672,300.0,1701600,1011,0.0001,16615,0.002194060478359461
0.01,1682,-0.4019057099999999,5676,300.0,1702800,1011,0.0001,16627,0.0041564032435417175
0.01,1683,-0.5424516699999999,5680,300.0,1704000,1012,0.0001,16639,0.0008010403835214674
0.01,1684,-0.55685141,5684,300.0,1705200,1012,0.0001,16651,0.0034729379694908857
0.01,1685,-0.52804573,5688,300.0,1706400,1012,0.0001,16663,0.00196909811347723
0.01,1685,-0.38034514,5692,300.0,1707600,1012,0.0001,16675,0.0035605398006737232
0.01,1686,-0.37547503,5696,300.0,1708800,1013,0.0001,16687,0.0034396143164485693
0.01,1687,-0.26414869,5700,300.0,1710000,1013,0.0001,16699,0.0005656221765093505
0.01,1688,-0.10122673000000003,5704,300.0,1711200,1013,0.0001,16711,0.00596462981775403
0.01,1688,-0.20946000000000006,5708,300.0,1712400,1013,0.0001,16723,0.000579875661060214
0.01,1689,-0.39968636999999996,5712,300.0,1713600,1014,0.0001,16735,0.0007151839090511203
0.01,1690,-0.32985556000000005,5716,300.0,1714800,1014,0.0001,16747,0.001064365147612989
0.01,1691,-0.13679581000000002,5720,300.0,1716000,1014,0.0001,16759,0.0007286524632945657
0.01,1691,-0.09808782,5724,300.0,1717200,1015,0.0001,16771,0.0011095631634816527
0.01,1692,-0.07483843000000001,5728,300.0,1718400,1015,0.0001,16783,0.0015768848825246096
0.01,1693,0.06759871999999997,5732,300.0,1719600,1015,0.0001,16795,0.001732009812258184
0.01,1693,-0.08285443000000006,5736,300.0,1720800,1015,0.0001,16807,0.0013117233756929636
0.01,1694,-0.10044387000000005,5740,300.0,1722000,1016,0.0001,16819,0.0011338834883645177
0.01,1695,0.06349820999999997,5744,300.0,1723200,1016,0.0001,16831,0.006971483584493399
0.01,1696,-0.048241110000000045,5748,300.0,1724400,1016,0.0001,16843,0.0013422961346805096
0.01,1696,0.049840729999999986,5752,300.0,1725600,1017,0.0001,16855,0.000623333384282887
0.01,1697,-0.025911599999999993,5756,300.0,1726800,1017,0.0001,16867,0.0010399476159363985
0.01,1698,0.17621272000000004,5760,300.0,1728000,1017,0.0001,16879,0.0006297184154391289
0.01,1698,0.29175601999999995,5764,300.0,1729200,1017,0.0001,16891,0.0007075424073264003
0.01,1699,0.28896847999999997,5768,300.0,1730400,1017,0.0001,16903,0.00152601208537817
0.01,1700,0.07024744999999998,5772,300.0,1731600,1018,0.0001,16915,0.00074074073927477
0.01,1701,0.11696499999999994,5776,300.0,1732800,1018,0.0001,16927,0.0012987068621441722
0.01,1701,0.21704693999999994,5780,300.0,1734000,1018,0.0001,16939,0.0005383887328207493
0.01,1702,0.23740644999999996,5784,300.0,1735200,1018,0.0001,16951,0.0006909164949320257
0.01,1703,0.28693905000000003,5788,300.0,1736400,1019,0.0001,16963,0.0017536187078803778
0.01,1704,0.14887442,5792,300.0,1737600,1019,0.0001,16975,0.0007361397729255259
0.01,1705,0.23142513999999997,5796,300.0,1738800,1019,0.0001,16987,0.00269826827570796
0.01,1706,0.26279153999999993,5800,300.0,1740000,1019,0.0001,16999,0.000813816674053669
0.01,1706,0.24974839999999987,5804,300.0,1741200,1020,0.0001,17011,0.0006538432789966464
0.01,1707,0.09888589000000002,5808,300.0,1742400,1020,0.0001,17023,0.0010004477808251977
0.01,1708,0.26372228999999997,5812,300.0,1743600,1020,0.0001,17035,0.00516667403280735
0.01,1709,0.19355835999999982,5816,300.0,1744800,1020,0.0001,17047,0.0007510490249842405
0.01,1709,0.16759578999999988,5820,300.0,1746000,1021,0.0001,17059,0.0009559799218550324
0.01,1710,0.3820757799999999,5824,300.0,1747200,1021,0.0001,17071,0.004501695744693279
0.01,1711,0.3357333499999999,5828,300.0,1748400,1021,0.0001,17083,0.003318036673590541
0.01,1711,0.35279256,5832,300.0,1749600,1022,0.0001,17095,0.0017631275113672018
0.01,1712,0.28491453000000005,5836,300.0,1750800,1022,0.0001,17107,0.0006551852566190064
0.01,1713,0.18643213000000006,5840,300.0,1752000,1022,0.0001,17119,0.0025294204242527485
0.01,1713,0.13359643,5844,300.0,1753200,1022,0.0001,17131,0.0009941098978742957
0.01,1714,0.14024897,5848,300.0,1754400,1023,0.0001,17143,0.002336882520467043
0.01,1715,0.11512127000000001,5852,300.0,1755600,1023,0.0001,17155,0.001118088373914361
0.01,1716,0.18470107000000002,5856,300.0,1756800,1023,0.0001,17167,0.0008499603136442602
0.01,1716,0.01984825000000006,5860,300.0,1758000,1023,0.0001,17179,0.0015001592691987753
0.01,1717,-0.05364966999999998,5864,300.0,1759200,1024,0.0001,17191,0.004425460007041693
0.01,1718,-0.16768748000000003,5868,300.0,1760400,1024,0.0001,17203,0.0010946644470095634
0.01,1719,-0.03034908,5872,300.0,1761600,1024,0.0001,17215,0.004582905676215887
0.01,1720,0.007631309999999969,5876,300.0,1762800,1024,0.0001,17227,0.0032812030985951424
0.01,1720,-0.14296188999999998,5880,300.0,1764000,1025,0.0001,17239,0.0009747428121045232
0.01,1721,-0.14423664,5884,300.0,1765200,1025,0.0001,17251,0.0021382078994065523
0.01,1723,-0.19343369000000002,5888,300.0,1766400,1025,0.0001,17263,0.0012007226468995214
0.01,1723,-0.10952737999999992,5892,300.0,1767600,1025,0.0001,17275,0.0008317865431308746
0.01,1724,-0.2307308399999999,5896,300.0,1768800,1025,0.0001,17287,0.0040930635295808315
0.01,1725,-0.2841305,5900,300.0,1770000,1025,0.0001,17299,0.0028232417535036802
0.01,1725,-0.5051813799999999,5904,300.0,1771200,1026,0.0001,17311,0.0006269544246606529
0.01,1726,-0.35348558,5908,300.0,1772400,1026,0.0001,17323,0.000542578287422657
0.01,1727,-0.38370786,5912,300.0,1773600,1026,0.0001,17335,0.0025104046799242496
0.01,1728,-0.39910551000000005,5916,300.0,1774800,1026,0.0001,17347,0.0009533565025776625
0.01,1729,-0.5024310200000001,5920,300.0,1776000,1026,0.0001,17359,0.0017986930906772614
0.01,1730,-0.6881523900000002,5924,300.0,1777200,1027,0.0001,17371,0.0018064775504171848
0.01,1731,-0.5695267100000002,5928,300.0,1778400,1027,0.0001,17383,0.011304624378681183
0.01,1731,-0.6781545200000001,5932,300.0,1779600,1027,0.0001,17395,0.0009851865470409393
0.01,1732,-0.5789225600000001,5936,300.0,1780800,1027,0.0001,17407,0.0007560430094599724
0.01,1733,-0.53573007,5940,300.0,1782000,1028,0.0001,17419,0.0009689475409686565
0.01,1734,-0.5165483900000001,5944,300.0,1783200,1028,0.0001,17431,0.0006491124513559043
0.01,1734,-0.37993398,5948,300.0,1784400,1028,0.0001,17443,0.001010023057460785
0.01,1735,-0.37632051000000005,5952,300.0,1785600,1028,0.0001,17455,0.0004551374586299062
0.01,1736,-0.2879204000000001,5956,300.0,1786800,1029,0.0001,17467,0.0006499272421933711
0.01,1737,-0.12418410000000002,5960,300.0,1788000,1029,0.0001,17479,0.0007755078841000795
0.01,1737,-0.09754611000000005,5964,300.0,1789200,1029,0.0001,17491,0.0010779607109725475
0.01,1738,0.17120431,5968,300.0,1790400,1029,0.0001,17503,0.0006118720048107207
0.01,1739,0.10057569000000006,5972,300.0,1791600,1030,0.0001,17515,0.0013304840540513396
0.01,1739,-0.05319265999999998,5976,300.0,1792800,1030,0.0001,17527,0.0024249327834695578
0.01,1740,0.06260068999999997,5980,300.0,1794000,1030,0.0001,17539,0.0006983676576055586
0.01,1741,0.08405535999999998,5984,300.0,1795200,1031,0.0001,17551,0.016145026311278343
0.01,1741,0.05564174000000004,5988,300.0,1796400,1031,0.0001,17563,0.0006802744464948773
0.01,1742,-0.05266181999999997,5992,300.0,1797600,1031,0.0001,17575,0.001432072021998465
0.01,1743,0.09732822000000001,5996,300.0,1798800,1031,0.0001,17587,0.001804057159461081
0.01,1797,0.009146260000000038,6000,300.0,1800000,1001,0.0001,17599,0.0010597840882837772
0.01,1798,0.18399922000000005,6004,300.0,1801200,1001,0.0001,17611,0.0004576633218675852
0.01,1799,0.04417077000000005,6008,300.0,1802400,1001,0.0001,17623,0.001596880261786282
0.01,1799,0.13808914000000003,6012,300.0,1803600,1002,0.0001,17635,0.0010819248855113983
0.01,1800,0.12352022999999997,6016,300.0,1804800,1002,0.0001,17647,0.0014234487898647785
0.01,1801,0.07810563999999999,6020,300.0,1806000,1002,0.0001,17659,0.0040560513734817505
0.01,1801,0.26000510000000004,6024,300.0,1807200,1002,0.0001,17671,0.000599529012106359
0.01,1802,0.19888594999999998,6028,300.0,1808400,1003,0.0001,17683,0.000809046789072454
0.01,1803,0.14378562999999997,6032,300.0,1809600,1003,0.0001,17695,0.009026020765304565
0.01,1804,0.22291834,6036,300.0,1810800,1003,0.0001,17707,0.0015201757196336985
0.01,1804,0.24157338000000006,6040,300.0,1812000,1003,0.0001,17719,0.0005963203147985041
0.01,1805,0.24904232999999995,6044,300.0,1813200,1004,0.0001,17731,0.0014697459992021322
0.01,1806,0.11325944999999989,6048,300.0,1814400,1004,0.0001,17743,0.0005283521604724228
0.01,1807,0.10600136999999994,6052,300.0,1815600,1004,0.0001,17755,0.0009561117039993405
0.01,1808,-0.08633431999999995,6056,300.0,1816800,1004,0.0001,17767,0.0006422181031666696
0.01,1809,-0.31044198999999995,6060,300.0,1818000,1004,0.0001,17779,0.0028689077589660883
0.01,1810,-0.42048441999999997,6064,300.0,1819200,1005,0.0001,17791,0.004375671036541462
0.01,1810,-0.56189247,6068,300.0,1820400,1005,0.0001,17803,0.0006368805188685656
0.01,1811,-0.38294445999999993,6072,300.0,1821600,1005,0.0001,17815,0.004451382905244827
0.01,1812,-0.3900952999999999,6076,300.0,1822800,1005,0.0001,17827,0.001061934744939208
0.01,1813,-0.46684567999999993,6080,300.0,1824000,1006,0.0001,17839,0.004422852303832769
0.01,1813,-0.5475946199999999,6084,300.0,1825200,1006,0.0001,17851,0.0005902579287067056
0.01,1814,-0.49548278999999995,6088,300.0,1826400,1006,0.0001,17863,0.003957194741815329
0.01,1815,-0.45872191,6092,300.0,1827600,1006,0.0001,17875,0.0006309534655883908
0.01,1816,-0.59822083,6096,300.0,1828800,1007,0.0001,17887,0.0006394355441443622
0.01,1816,-0.6734055899999999,6100,300.0,1830000,1007,0.0001,17899,0.0006583394133485854
0.01,1817,-0.8076061,6104,300.0,1831200,1007,0.0001,17911,0.0005249865353107452
0.01,1818,-0.6461147199999999,6108,300.0,1832400,1007,0.0001,17923,0.000650731148198247
0.01,1819,-0.56618513,6112,300.0,1833600,1007,0.0001,17935,0.002129368716850877
0.01,1820,-0.44182810999999994,6116,300.0,1834800,1008,0.0001,17947,0.002572692697867751
0.01,1820,-0.37537004999999996,6120,300.0,1836000,1008,0.0001,17959,0.0006395279197022319
0.01,1821,-0.44830324999999993,6124,300.0,1837200,1008,0.0001,17971,0.0007900153286755085
0.01,1822,-0.5527403099999999,6128,300.0,1838400,1008,0.0001,17983,0.0005153773236088455
0.01,1822,-0.4061852799999999,6132,300.0,1839600,1009,0.0001,17995,0.0011624807957559824
0.01,1823,-0.5588706899999999,6136,300.0,1840800,1009,0.0001,18007,0.00145970587618649
0.01,1824,-0.45299005000000014,6140,300.0,1842000,1009,0.0001,18019,0.0006949786329641938
0.01,1824,-0.44435570999999996,6144,300.0,1843200,1009,0.0001,18031,0.002144696656614542
0.01,1825,-0.25134151000000005,6148,300.0,1844400,1010,0.0001,18043,0.0005388124263845384
0.01,1826,-0.15812853000000007,6152,300.0,1845600,1010,0.0001,18055,0.0005859595839865506
0.01,1827,-0.055007340000000064,6156,300.0,1846800,1010,0.0001,18067,0.0007426400552503765
0.01,1827,0.1251692499999999,6160,300.0,1848000,1011,0.0001,18079,0.0017311370465904474
0.01,1828,0.2670356499999999,6164,300.0,1849200,1011,0.0001,18091,0.0037667814176529646
0.01,1829,0.29011735999999994,6168,300.0,1850400,1011,0.0001,18103,0.0011289542308077216
0.01,1829,0.08522824999999994,6172,300.0,1851600,1011,0.0001,18115,0.0033343329560011625
0.01,1830,0.1135087799999999,6176,300.0,1852800,1012,0.0001,18127,0.0016721724532544613
0.01,1831,0.22720626999999985,6180,300.0,1854000,1012,0.0001,18139,0.0021217726171016693
0.01,1831,0.29667321999999996,6184,300.0,1855200,1012,0.0001,18151,0.0006618577754124999
0.01,1832,0.2490900099999999,6188,300.0,1856400,1012,0.0001,18163,0.005204453133046627
0.01,1833,0.16610828000000005,6192,300.0,1857600,1013,0.0001,18175,0.0011417673667892814
0.01,1833,0.21923926000000005,6196,300.0,1858800,1013,0.0001,18187,0.0029022106900811195
0.01,1834,0.2538175799999998,6200,300.0,1860000,1013,0.0001,18199,0.000673182774335146
0.01,1835,0.29886627,6204,300.0,1861200,1014,0.0001,18211,0.003551444271579385
0.01,1835,0.3361321399999999,6208,300.0,1862400,1014,0.0001,18223,0.0005432431353256106
0.01,1836,0.3510645899999998,6212,300.0,1863600,1014,0.0001,18235,0.0010389592498540878
0.01,1837,0.30004849999999983,6216,300.0,1864800,1014,0.0001,18247,0.0008945075678639114
0.01,1838,0.3544164999999999,6220,300.0,1866000,1015,0.0001,18259,0.0019363847095519304
0.01,1839,0.1791053499999999,6224,300.0,1867200,1015,0.0001,18271,0.0020645437762141228
0.01,1839,0.3084663399999999,6228,300.0,1868400,1015,0.0001,18283,0.0014945936854928732
0.01,1840,0.23121060999999987,6232,300.0,1869600,1015,0.0001,18295,0.0006835405947640538
0.01,1841,0.28124140999999997,6236,300.0,1870800,1016,0.0001,18307,0.0005304371588863432
0.01,1841,0.2003135099999999,6240,300.0,1872000,1016,0.0001,18319,0.00047956910566426814
0.01,1842,0.2103053599999999,6244,300.0,1873200,1016,0.0001,18331,0.0007865878287702799
0.01,1843,0.05733924999999996,6248,300.0,1874400,1016,0.0001,18343,0.0015971189131960273
0.01,1844,-0.10671832000000002,6252,300.0,1875600,1017,0.0001,18355,0.0010932995937764645
0.01,1844,-0.06258299000000006,6256,300.0,1876800,1017,0.0001,18367,0.0022689655888825655
0.01,1845,-0.09531492000000014,6260,300.0,1878000,1017,0.0001,18379,0.0005981569411233068
0.01,1846,-0.1347497000000002,6264,300.0,1879200,1017,0.0001,18391,0.0006489013321697712
0.01,1847,-0.16465980000000013,6268,300.0,1880400,1017,0.0001,18403,0.0008337802719324827
0.01,1848,-0.007867480000000118,6272,300.0,1881600,1017,0.0001,18415,0.0021778158843517303
0.01,1849,-0.04227568000000001,6276,300.0,1882800,1017,0.0001,18427,0.007376020774245262
0.01,1850,0.018950349999999994,6280,300.0,1884000,1018,0.0001,18439,0.0005635179695673287
0.01,1851,-0.08535794000000005,6284,300.0,1885200,1018,0.0001,18451,0.0026206111069768667
0.01,1851,-0.04410729000000004,6288,300.0,1886400,1018,0.0001,18463,0.006269750185310841
0.01,1852,-0.004489860000000041,6292,300.0,1887600,1018,0.0001,18475,0.011478310450911522
0.01,1853,-0.04631184999999993,6296,300.0,1888800,1019,0.0001,18487,0.004920419305562973
0.01,1854,0.02138605000000008,6300,300.0,1890000,1019,0.0001,18499,0.0005691707483492792
0.01,1854,0.06623438000000005,6304,300.0,1891200,1019,0.0001,18511,0.001099384156987071
0.01,1855,-0.00680936999999999,6308,300.0,1892400,1019,0.0001,18523,0.0015310568269342184
0.01,1856,-0.27935487000000003,6312,300.0,1893600,1020,0.0001,18535,0.0009896231349557638
0.01,1856,-0.33638327,6316,300.0,1894800,1020,0.0001,18547,0.0007626689621247351
0.01,1857,-0.39112336999999997,6320,300.0,1896000,1020,0.0001,18559,0.0008727554231882095
0.01,1858,-0.22845149000000003,6324,300.0,1897200,1020,0.0001,18571,0.0008020574459806085
0.01,1859,-0.3090848399999999,6328,300.0,1898400,1021,0.0001,18583,0.0009047440835274756
0.01,1859,-0.3351539699999999,6332,300.0,1899600,1021,0.0001,18595,0.001056756591424346
0.01,1915,-0.39960094000000007,6336,300.0,1900800,992,0.0001,18607,0.0005869626766070724
0.01,1916,-0.4207979000000001,6340,300.0,1902000,992,0.0001,18619,0.0008248561061918736
0.01,1916,-0.62826461,6344,300.0,1903200,992,0.0001,18631,0.0014085507718846202
0.01,1917,-0.52905178,6348,300.0,1904400,993,0.0001,18643,0.0007428095559589565
0.01,1918,-0.35340230000000006,6352,300.0,1905600,993,0.0001,18655,0.0009369491599500179
0.01,1919,-0.35869294999999995,6356,300.0,1906800,993,0.0001,18667,0.0025418675504624844
0.01,1919,-0.34555268,6360,300.0,1908000,993,0.0001,18679,0.006131300237029791
0.01,1920,-0.34330705,6364,300.0,1909200,994,0.0001,18691,0.0010919524356722832
0.01,1921,-0.36837027000000006,6368,300.0,1910400,994,0.0001,18703,0.000849028117954731
0.01,1921,-0.5420348,6372,300.0,1911600,994,0.0001,18715,0.0006410839268937707
0.01,1922,-0.58361525,6376,300.0,1912800,994,0.0001,18727,0.003605501726269722
0.01,1923,-0.62507826,6380,300.0,1914000,995,0.0001,18739,0.0011642754543572664
0.01,1923,-0.53974869,6384,300.0,1915200,995,0.0001,18751,0.0012156893499195576
0.01,1924,-0.48990223,6388,300.0,1916400,995,0.0001,18763,0.0016741642029955983
0.01,1925,-0.47997270999999997,6392,300.0,1917600,996,0.0001,18775,0.0008179417927749455
0.01,1925,-0.42727074999999987,6396,300.0,1918800,996,0.0001,18787,0.001390195218846202
0.01,1926,-0.44293286000000004,6400,300.0,1920000,996,0.0001,18799,0.0008005743147805333
0.01,1927,-0.47948846,6404,300.0,1921200,996,0.0001,18811,0.001319168834015727
0.01,1928,-0.45073554,6408,300.0,1922400,996,0.0001,18823,0.001863993937149644
0.01,1929,-0.31415864000000004,6412,300.0,1923600,997,0.0001,18835,0.0010691152419894934
0.01,1929,-0.46092359,6416,300.0,1924800,997,0.0001,18847,0.0007957526249811053
0.01,1930,-0.5600632900000001,6420,300.0,1926000,997,0.0001,18859,0.0017573004588484764
0.01,1931,-0.6052360500000001,6424,300.0,1927200,997,0.0001,18871,0.002726469887420535
0.01,1932,-0.5379199900000001,6428,300.0,1928400,998,0.0001,18883,0.001155745587311685
0.01,1932,-0.4005080000000001,6432,300.0,1929600,998,0.0001,18895,0.0009857442928478122
0.01,1933,-0.3895974,6436,300.0,1930800,998,0.0001,18907,0.0009143399656750262
0.01,1934,-0.3911058000000001,6440,300.0,1932000,998,0.0001,18919,0.000574035570025444
0.01,1934,-0.34513463,6444,300.0,1933200,999,0.0001,18931,0.0028099571354687214
0.01,1935,-0.38549391000000016,6448,300.0,1934400,999,0.0001,18943,0.0008193684625439346
0.01,1936,-0.51360884,6452,300.0,1935600,999,0.0001,18955,0.0008652590913698077
0.01,1937,-0.5312096500000001,6456,300.0,1936800,999,0.0001,18967,0.002416490111500025
0.01,1937,-0.42344963,6460,300.0,1938000,1000,0.0001,18979,0.002366027096286416
0.01,1938,-0.38779350000000007,6464,300.0,1939200,1000,0.0001,18991,0.0006650897557847202
0.01,1939,-0.33029339,6468,300.0,1940400,1000,0.0001,19003,0.0008964657899923623
0.01,1940,-0.20714221000000002,6472,300.0,1941600,1000,0.0001,19015,0.0007256335811689496
0.01,1941,-0.23875144999999998,6476,300.0,1942800,1000,0.0001,19027,0.0007814375567249954
0.01,1941,-0.36560856999999997,6480,300.0,1944000,1001,0.0001,19039,0.001029831706546247
0.01,1942,-0.39895815999999995,6484,300.0,1945200,1001,0.0001,19051,0.0008323999354615808
0.01,1943,-0.35832550999999996,6488,300.0,1946400,1001,0.0001,19063,0.0018997975857928395
0.01,1944,-0.31313773,6492,300.0,1947600,1001,0.0001,19075,0.005075861234217882
0.01,1944,-0.19730100000000003,6496,300.0,1948800,1002,0.0001,19087,0.001157350023277104
0.01,1945,-0.1580423,6500,300.0,1950000,1002,0.0001,19099,0.0005703602801077068
0.01,1946,-0.24252477,6504,300.0,1951200,1002,0.0001,19111,0.0007522115483880043
0.01,1947,-0.25058142,6508,300.0,1952400,1002,0.0001,19123,0.011476787738502026
0.01,1947,-0.20950702,6512,300.0,1953600,1002,0.0001,19135,0.0005212701507844031
0.01,1948,-0.12059141000000002,6516,300.0,1954800,1003,0.0001,19147,0.000547733623534441
0.01,1949,-0.12007569000000001,6520,300.0,1956000,1003,0.0001,19159,0.0007239424157887697
0.01,1950,-0.17801071000000004,6524,300.0,1957200,1003,0.0001,19171,0.004318048246204853
0.01,1950,-0.29171452000000003,6528,300.0,1958400,1003,0.0001,19183,0.0009039011783897877
0.01,1951,-0.39209082,6532,300.0,1959600,1004,0.0001,19195,0.0014989024493843317
0.01,1952,-0.26979169999999997,6536,300.0,1960800,1004,0.0001,19207,0.0007692899671383202
0.01,1952,-0.3275573299999999,6540,300.0,1962000,1004,0.0001,19219,0.0009012495866045356
0.01,1953,-0.30602094,6544,300.0,1963200,1004,0.0001,19231,0.001484573702327907
0.01,1954,-0.23619685000000007,6548,300.0,1964400,1005,0.0001,19243,0.002610189840197563
0.01,1954,-0.19481003000000005,6552,300.0,1965600,1005,0.0001,19255,0.003263243706896901
0.01,1955,-0.31082275000000004,6556,300.0,1966800,1005,0.0001,19267,0.0009256824851036072
0.01,1956,-0.2923403299999998,6560,300.0,1968000,1005,0.0001,19279,0.00047592108603566885
0.01,1957,-0.29904773,6564,300.0,1969200,1006,0.0001,19291,0.000763418385758996
0.01,1958,-0.34765666,6568,300.0,1970400,1006,0.0001,19303,0.006946521811187267
0.01,1959,-0.38347753000000007,6572,300.0,1971600,1006,0.0001,19315,0.0005943444557487965
0.01,1959,-0.19750381,6576,300.0,1972800,1006,0.0001,19327,0.0011097423266619444
0.01,1960,-0.07908556000000001,6580,300.0,1974000,1006,0.0001,19339,0.0007101090741343796
0.01,1961,-0.05685204000000002,6584,300.0,1975200,1007,0.0001,19351,0.0020210978109389544
0.01,1961,-0.19797984999999996,6588,300.0,1976400,1007,0.0001,19363,0.0011440609814599156
0.01,1962,-0.22466951000000002,6592,300.0,1977600,1007,0.0001,19375,0.0006698351353406906
0.01,1963,-0.40455728999999996,6596,300.0,1978800,1007,0.0001,19387,0.0007171842153184116
0.01,1964,-0.4979586900000001,6600,300.0,1980000,1008,0.0001,19399,0.0007929634302854538
0.01,1964,-0.36653013,6604,300.0,1981200,1008,0.0001,19411,0.0006113170529715717
0.01,1965,-0.33654779000000007,6608,300.0,1982400,1008,0.0001,19423,0.0009426388423889875
0.01,1966,-0.34251928,6612,300.0,1983600,1008,0.0001,19435,0.001271451124921441
0.01,1967,-0.28806523,6616,300.0,1984800,1008,0.0001,19447,0.0005663001211360097
0.01,1968,-0.42490766,6620,300.0,1986000,1009,0.0001,19459,0.0008330548880621791
0.01,1969,-0.4399399500000001,6624,300.0,1987200,1009,0.0001,19471,0.0021320509258657694
0.01,1970,-0.33249083,6628,300.0,1988400,1009,0.0001,19483,0.0008005232084542513
0.01,1970,-0.37153941999999984,6632,300.0,1989600,1009,0.0001,19495,0.0006288390140980482
0.01,1971,-0.40407792,6636,300.0,1990800,1009,0.0001,19507,0.0015231193974614143
0.01,1972,-0.46225682000000007,6640,300.0,1992000,1010,0.0001,19519,0.002693864284083247
0.01,1972,-0.35509992,6644,300.0,1993200,1010,0.0001,19531,0.0007546215783804655
0.01,1973,-0.43561799,6648,300.0,1994400,1010,0.0001,19543,0.0005900850519537926
0.01,1974,-0.4997443599999999,6652,300.0,1995600,1010,0.0001,19555,0.0010106558911502361
0.01,1975,-0.5048257799999999,6656,300.0,1996800,1011,0.0001,19567,0.001001950353384018
0.01,1975,-0.70455684,6660,300.0,1998000,1011,0.0001,19579,0.0009641721844673157
0.01,1976,-0.76735203,6664,300.0,1999200,1011,0.0001,19591,0.0006801115814596415
