time/total_timesteps,time/episodes,time/fps,time/time_elapsed,rollout/ep_rew_mean,rollout/ep_len_mean,rollout/exploration_rate,train/loss,train/n_updates,train/learning_rate
1200,4,327,3,-1.8976162499999998,300.0,0.9977584905660376,,,
2400,8,592,4,-0.4076549999999999,300.0,0.9955169811320755,,,
3600,12,816,4,-0.9968279999999999,300.0,0.9932754716981131,,,
4800,16,998,4,-1.1866979999999998,300.0,0.9910339622641511,,,
6000,20,1160,5,-0.6386335999999999,300.0,0.9887924528301887,,,
7200,24,1298,5,-0.528407875,300.0,0.9865509433962263,,,
8400,28,1422,5,-0.46108803571428564,300.0,0.9843094339622642,,,
9600,32,1521,6,-0.66887575,300.0,0.9820679245283018,,,
10800,36,1616,6,-0.5140549444444446,300.0,0.9798264150943398,,,
12000,40,1701,7,-0.43012334999999996,300.0,0.9775849056603774,,,
13200,44,1765,7,-0.4132736136363636,300.0,0.9753433962264149,,,
14400,48,1834,7,-0.7212966041666666,300.0,0.9731018867924529,,,
15600,52,1898,8,-0.6186576923076922,300.0,0.9708603773584905,,,
16800,56,1957,8,-0.6073305357142856,300.0,0.9686188679245284,,,
18000,60,2010,8,-0.4883090666666667,300.0,0.966377358490566,,,
19200,64,2061,9,-0.4832199687499999,300.0,0.9641358490566035,,,
20400,68,2108,9,-0.4356140147058823,300.0,0.9618943396226416,,,
21600,72,2151,10,-0.28541570833333324,300.0,0.9596528301886791,,,
22800,76,2189,10,-0.2902577368421052,300.0,0.9574113207547171,,,
24000,80,2226,10,-0.34793299999999994,300.0,0.9551698113207547,,,
25200,84,2261,11,-0.43257130952380946,300.0,0.9529283018867927,,,
26400,88,2291,11,-0.42615986363636355,300.0,0.9506867924528303,,,
27600,92,2323,11,-0.5040247391304348,300.0,0.9484452830188678,,,
28800,96,2349,12,-0.4742521874999999,300.0,0.9462037735849058,,,
30000,100,2372,12,-0.4148147099999999,300.0,0.9439622641509433,,,
31200,104,2398,13,-0.22700642999999995,300.0,0.9417207547169814,,,
32400,108,2424,13,-0.26824654000000003,300.0,0.9394792452830188,,,
33600,112,2447,13,-0.22358558000000003,300.0,0.9372377358490565,,,
34800,116,2470,14,-0.17900428,300.0,0.9349962264150945,,,
36000,120,2492,14,-0.26163348000000003,300.0,0.932754716981132,,,
37200,124,2505,14,-0.11592711999999995,300.0,0.93051320754717,,,
38400,128,2524,15,-0.13900062999999993,300.0,0.9282716981132075,,,
39600,132,2542,15,-0.06590820999999995,300.0,0.9260301886792451,,,
40800,136,2536,16,-0.047233999999999964,300.0,0.9237886792452831,0.018364716321229935,7,0.0001
42000,140,2541,16,-0.09154864999999997,300.0,0.9215471698113207,0.017308469861745834,19,0.0001
43200,144,2548,16,-0.10362228999999995,300.0,0.9193056603773587,0.01656528189778328,31,0.0001
44400,148,2553,17,-0.004517890000000022,300.0,0.9170641509433962,0.015460225753486156,43,0.0001
45600,152,2544,17,-0.16129634000000004,300.0,0.9148226415094338,0.014876194298267365,55,0.0001
46800,156,2551,18,-0.07959341000000002,300.0,0.9125811320754718,0.014198831282556057,67,0.0001
48000,160,2556,18,-0.07336119999999997,300.0,0.9103396226415094,0.013390455394983292,79,0.0001
49200,164,2564,19,-0.10933711999999993,300.0,0.9080981132075473,0.012381840497255325,91,0.0001
50400,168,2572,19,-0.08702871999999992,300.0,0.9058566037735849,0.01138757448643446,103,0.0001
51600,172,2579,20,-0.18681237999999997,300.0,0.9036150943396225,0.012235108762979507,115,0.0001
52800,176,2586,20,-0.2015653,300.0,0.9013735849056604,0.011407531797885895,127,0.0001
54000,180,2593,20,-0.16257076999999995,300.0,0.899132075471698,0.011163805611431599,139,0.0001
55200,184,2595,21,-0.13103542999999995,300.0,0.896890566037736,0.010469011962413788,151,0.0001
56400,188,2602,21,-0.042875849999999965,300.0,0.8946490566037736,0.009193435311317444,163,0.0001
57600,192,2605,22,0.09578672,300.0,0.8924075471698112,0.009005807340145111,175,0.0001
58800,196,2610,22,-0.011185199999999989,300.0,0.8901660377358491,0.008671349845826626,187,0.0001
60000,200,2615,22,-0.09356752999999998,300.0,0.8879245283018867,0.007848680950701237,199,0.0001
61200,204,2619,23,-0.12869791999999994,300.0,0.8856830188679247,0.006677866913378239,211,0.0001
62400,208,2624,23,-0.15047934999999998,300.0,0.8834415094339623,0.005189927294850349,223,0.0001
63600,212,2629,24,-0.03875874999999998,300.0,0.8811999999999998,0.003947016783058643,235,0.0001
64800,216,2629,24,-0.08151031999999998,300.0,0.8789584905660378,0.0032452961895614862,247,0.0001
66000,220,2627,25,-0.059858519999999936,300.0,0.8767169811320754,0.002666482701897621,259,0.0001
67200,224,2631,25,-0.18232052999999993,300.0,0.8744754716981133,0.004201005212962627,271,0.0001
68400,228,2635,25,0.01166622000000003,300.0,0.872233962264151,0.0031821117736399174,283,0.0001
69600,232,2637,26,-0.05594753999999999,300.0,0.8699924528301889,0.002758096205070615,295,0.0001
70800,236,2641,26,-0.14266888,300.0,0.8677509433962265,0.0032884073443710804,307,0.0001
72000,240,2641,27,-0.22055584999999994,300.0,0.865509433962264,0.003019660711288452,319,0.0001
73200,244,2644,27,-0.22800783,300.0,0.863267924528302,0.003562770551070571,331,0.0001
74400,248,2646,28,-0.20690744,300.0,0.8610264150943396,0.004192133899778128,343,0.0001
75600,252,2649,28,-0.14691502,300.0,0.8587849056603771,0.003921285271644592,355,0.0001
76800,256,2652,28,-0.23435806,300.0,0.8565433962264152,0.0036061140708625317,367,0.0001
78000,260,2656,29,-0.35383641999999993,300.0,0.8543018867924528,0.003511532209813595,379,0.0001
79200,264,2658,29,-0.2711827599999999,300.0,0.8520603773584907,0.003910357132554054,391,0.0001
80400,268,2662,30,-0.36678270999999996,300.0,0.8498188679245282,0.0037550772540271282,403,0.0001
81600,272,2665,30,-0.40593832999999996,300.0,0.8475773584905663,0.0038443859666585922,415,0.0001
82800,276,2668,31,-0.36786786,300.0,0.8453358490566039,0.003856983035802841,427,0.0001
84000,280,2672,31,-0.2952125800000001,300.0,0.8430943396226414,0.004026833456009626,439,0.0001
85200,284,2673,31,-0.25750940000000005,300.0,0.8408528301886794,0.004238574765622616,451,0.0001
86400,288,2675,32,-0.30650653,300.0,0.8386113207547169,0.004714061971753836,463,0.0001
87600,292,2678,32,-0.30009857,300.0,0.8363698113207549,0.004189617931842804,475,0.0001
88800,296,2681,33,-0.27775653,300.0,0.8341283018867924,0.005256840493530035,487,0.0001
90000,300,2683,33,-0.21963284000000002,300.0,0.83188679245283,0.0048049381002783775,499,0.0001
91200,304,2684,33,-0.29960117,300.0,0.8296452830188681,0.004408083390444517,511,0.0001
92400,308,2686,34,-0.27478272,300.0,0.8274037735849056,0.0047041382640600204,523,0.0001
93600,312,2685,34,-0.40471521999999993,300.0,0.8251622641509436,0.004277597647160292,535,0.0001
94800,316,2687,35,-0.3274351200000001,300.0,0.8229207547169811,0.004028076771646738,547,0.0001
96000,320,2687,35,-0.32320624,300.0,0.8206792452830187,0.0048418776132166386,559,0.0001
97200,324,2688,36,-0.3988802199999999,300.0,0.8184377358490567,0.005274316295981407,571,0.0001
98400,328,2688,36,-0.6469226199999999,300.0,0.8161962264150943,0.004618239589035511,583,0.0001
99600,332,2689,37,-0.5050892099999998,300.0,0.8139547169811323,0.005169900134205818,595,0.0001
100800,336,1273,79,-0.39329053,300.0,0.8117132075471698,0.005450479686260223,607,0.0001
102000,340,1282,79,-0.3140506500000001,300.0,0.8094716981132074,0.0054622674360871315,619,0.0001
103200,344,1290,79,-0.28114341000000004,300.0,0.8072301886792453,0.005720668472349644,631,0.0001
104400,348,1298,80,-0.20909032999999996,300.0,0.804988679245283,0.004516655579209328,643,0.0001
105600,352,1306,80,-0.16628366,300.0,0.8027471698113209,0.006766066886484623,655,0.0001
106800,356,1314,81,-0.08404797999999998,300.0,0.8005056603773585,0.005108421668410301,667,0.0001
108000,360,1321,81,0.01898175000000003,300.0,0.7982641509433961,0.006453946698457003,679,0.0001
109200,364,1329,82,0.013684000000000047,300.0,0.796022641509434,0.008084445260465145,691,0.0001
110400,368,1336,82,0.14468926000000007,300.0,0.7937811320754716,0.008153386414051056,703,0.0001
111600,372,1344,83,0.08677179000000004,300.0,0.7915396226415096,0.0063720825128257275,715,0.0001
112800,376,1351,83,0.030254540000000017,300.0,0.7892981132075472,0.005942124407738447,727,0.0001
114000,380,1358,83,-0.035204269999999975,300.0,0.7870566037735847,0.006229857914149761,739,0.0001
115200,384,1366,84,0.05710047000000005,300.0,0.7848150943396227,0.005255154334008694,751,0.0001
116400,388,1372,84,0.06841069000000005,300.0,0.7825735849056603,0.00541137158870697,763,0.0001
117600,392,1379,85,0.06986836000000002,300.0,0.7803320754716982,0.004459504969418049,775,0.0001
118800,396,1386,85,0.06064199999999998,300.0,0.7780905660377359,0.007019346114248037,787,0.0001
120000,400,1393,86,0.21157839000000003,300.0,0.7758490566037735,0.0073273577727377415,799,0.0001
121200,404,1399,86,0.21283630000000003,300.0,0.7736075471698114,0.004336630459874868,811,0.0001
122400,408,1406,87,0.17325968,300.0,0.7713660377358489,0.006062468979507685,823,0.0001
123600,412,1413,87,0.27236870999999996,300.0,0.7691245283018869,0.00522833876311779,835,0.0001
124800,416,1419,87,0.29319705,300.0,0.7668830188679245,0.005853956565260887,847,0.0001
126000,420,1425,88,0.26191250999999993,300.0,0.7646415094339625,0.006011303514242172,859,0.0001
127200,424,1431,88,0.35292032,300.0,0.7624000000000001,0.004003128036856651,871,0.0001
128400,428,1438,89,0.45505516999999995,300.0,0.7601584905660377,0.006310260854661465,883,0.0001
129600,432,1444,89,0.3863880400000001,300.0,0.7579169811320756,0.005086374469101429,895,0.0001
130800,436,1450,90,0.23546707999999994,300.0,0.7556754716981131,0.007542161270976067,907,0.0001
132000,440,1456,90,0.34351182999999996,300.0,0.7534339622641508,0.00479541253298521,919,0.0001
133200,444,1463,91,0.32802980000000004,300.0,0.7511924528301888,0.0071680485270917416,931,0.0001
134400,448,1469,91,0.20036742,300.0,0.7489509433962263,0.006499073468148708,943,0.0001
135600,452,1475,91,0.22425841000000005,300.0,0.7467094339622642,0.006284154020249844,955,0.0001
136800,456,1481,92,0.15610891000000005,300.0,0.7444679245283019,0.0032637035474181175,967,0.0001
138000,460,1487,92,-0.017853969999999962,300.0,0.7422264150943398,0.0044845715165138245,979,0.0001
139200,464,1492,93,-0.04145992,300.0,0.7399849056603773,0.005455660633742809,991,0.0001
140400,468,1498,93,-0.11076768000000001,300.0,0.7377433962264149,0.008786993101239204,1003,0.0001
141600,472,1504,94,0.07817756000000005,300.0,0.735501886792453,0.006202582735568285,1015,0.0001
142800,476,1509,94,0.20432701000000006,300.0,0.7332603773584905,0.007554537151008844,1027,0.0001
144000,480,1514,95,0.14426606000000003,300.0,0.7310188679245284,0.006685745902359486,1039,0.0001
145200,484,1519,95,0.11763814000000003,300.0,0.7287773584905661,0.004799051210284233,1051,0.0001
146400,488,1525,95,-0.01107636999999996,300.0,0.7265358490566036,0.0033726547844707966,1063,0.0001
147600,492,1530,96,-0.07489075000000003,300.0,0.7242943396226416,0.005195024888962507,1075,0.0001
148800,496,1535,96,-0.09295679999999999,300.0,0.7220528301886792,0.007006320171058178,1087,0.0001
150000,500,1539,97,-0.31158483,300.0,0.7198113207547172,0.004186504986137152,1099,0.0001
151200,504,1544,97,-0.24757496000000004,300.0,0.7175698113207547,0.0033659907057881355,1111,0.0001
152400,508,1549,98,-0.16809596999999996,300.0,0.7153283018867923,0.0038542498368769884,1123,0.0001
153600,512,1554,98,-0.11160484999999991,300.0,0.7130867924528304,0.007634642533957958,1135,0.0001
154800,516,1559,99,-0.05861822999999995,300.0,0.7108452830188678,0.004924599546939135,1147,0.0001
156000,520,1564,99,0.03404685000000003,300.0,0.7086037735849058,0.004857485648244619,1159,0.0001
157200,524,1569,100,-0.09590850999999997,300.0,0.7063622641509434,0.004150744993239641,1171,0.0001
158400,528,1574,100,-0.08916683999999997,300.0,0.704120754716981,0.004545213188976049,1183,0.0001
159600,532,1579,101,-0.07722898999999997,300.0,0.7018792452830189,0.0034218530636280775,1195,0.0001
160800,536,1584,101,-0.04950989000000005,300.0,0.6996377358490565,0.0036160731688141823,1207,0.0001
162000,540,1588,101,-0.14635273000000001,300.0,0.6973962264150946,0.0032565768342465162,1219,0.0001
163200,544,1592,102,-0.10031333999999999,300.0,0.6951547169811321,0.002365599852055311,1231,0.0001
164400,548,1596,102,0.037969279999999966,300.0,0.6929132075471697,0.008839867077767849,1243,0.0001
165600,552,1601,103,0.016097229999999945,300.0,0.6906716981132076,0.003475525416433811,1255,0.0001
166800,556,1606,103,0.0007238299999999421,300.0,0.6884301886792452,0.003264118218794465,1267,0.0001
168000,560,1608,104,0.16946575000000003,300.0,0.6861886792452832,0.004095803014934063,1279,0.0001
169200,564,1612,104,0.19924361000000004,300.0,0.6839471698113208,0.003659085836261511,1291,0.0001
170400,568,1616,105,0.18479357,300.0,0.6817056603773588,0.004015942569822073,1303,0.0001
171600,572,1620,105,0.10772040999999997,300.0,0.6794641509433963,0.003539068391546607,1315,0.0001
172800,576,1623,106,0.029339270000000056,300.0,0.6772226415094338,0.0042977845296263695,1327,0.0001
174000,580,1627,106,0.1465078500000001,300.0,0.6749811320754718,0.003392355516552925,1339,0.0001
175200,584,1631,107,0.016047300000000094,300.0,0.6727396226415094,0.006464910693466663,1351,0.0001
176400,588,1634,107,0.13806953000000005,300.0,0.6704981132075469,0.003376578912138939,1363,0.0001
177600,592,1637,108,0.25947359000000003,300.0,0.668256603773585,0.004063719883561134,1375,0.0001
178800,596,1640,109,0.32131147,300.0,0.6660150943396226,0.004867818206548691,1387,0.0001
180000,600,1644,109,0.37447625,300.0,0.6637735849056605,0.005770228337496519,1399,0.0001
181200,604,1647,109,0.32008937000000004,300.0,0.661532075471698,0.002966302912682295,1411,0.0001
182400,608,1652,110,0.25354458000000013,300.0,0.6592905660377361,0.006101332604885101,1423,0.0001
183600,612,1655,110,0.1844783500000001,300.0,0.6570490566037737,0.0030500979628413916,1435,0.0001
184800,616,1659,111,0.16529965000000005,300.0,0.6548075471698112,0.0063364459201693535,1447,0.0001
186000,620,1663,111,0.10563664,300.0,0.6525660377358492,0.0042383442632853985,1459,0.0001
187200,624,1666,112,0.14658876999999992,300.0,0.6503245283018868,0.0057457005605101585,1471,0.0001
188400,628,1668,112,0.12753038,300.0,0.6480830188679243,0.004744525067508221,1483,0.0001
189600,632,1672,113,0.14220030000000006,300.0,0.6458415094339622,0.0036010800395160913,1495,0.0001
190800,636,1675,113,0.21787005000000004,300.0,0.6435999999999998,0.0059514716267585754,1507,0.0001
192000,640,1679,114,0.24830483,300.0,0.6413584905660379,0.005912129767239094,1519,0.0001
193200,644,1682,114,0.05883115,300.0,0.6391169811320754,0.004707601852715015,1531,0.0001
194400,648,1686,115,0.15158067999999997,300.0,0.6368754716981134,0.005255655385553837,1543,0.0001
195600,652,1689,115,0.22947611999999992,300.0,0.634633962264151,0.00683453306555748,1555,0.0001
196800,656,1692,116,0.23864498999999995,300.0,0.6323924528301885,0.003678941633552313,1567,0.0001
198000,660,1696,116,0.18975161000000004,300.0,0.6301509433962265,0.0075825657695531845,1579,0.0001
199200,664,1699,117,0.2681943500000001,300.0,0.6279094339622641,0.0035694169346243143,1591,0.0001
200400,668,1258,159,0.3105589700000001,300.0,0.6256679245283021,0.006165932398289442,1603,0.0001
201600,672,1262,159,0.23853513000000007,300.0,0.6234264150943396,0.003834094386547804,1615,0.0001
202800,676,1266,160,0.25588278,300.0,0.6211849056603772,0.006810788065195084,1627,0.0001
204000,680,1270,160,0.19090777999999997,300.0,0.6189433962264153,0.004827345255762339,1639,0.0001
205200,684,1273,161,0.30872737,300.0,0.6167018867924527,0.004390615038573742,1651,0.0001
206400,688,1277,161,0.25016249000000007,300.0,0.6144603773584907,0.003844207851216197,1663,0.0001
207600,692,1279,162,0.17701743000000011,300.0,0.6122188679245283,0.007647097110748291,1675,0.0001
208800,696,1283,162,0.13443407000000002,300.0,0.6099773584905659,0.0035998693201690912,1687,0.0001
210000,700,1286,163,0.20591718999999997,300.0,0.6077358490566038,0.0028969133272767067,1699,0.0001
211200,704,1290,163,0.16481055,300.0,0.6054943396226414,0.007690762635320425,1711,0.0001
212400,708,1294,164,0.24392651000000004,300.0,0.6032528301886795,0.009096335619688034,1723,0.0001
213600,712,1297,164,0.13937387000000004,300.0,0.601011320754717,0.004785002209246159,1735,0.0001
214800,716,1300,165,0.08588946000000006,300.0,0.5987698113207549,0.002701450837776065,1747,0.0001
216000,720,1304,165,0.05126048000000005,300.0,0.5965283018867925,0.004330713301897049,1759,0.0001
217200,724,1307,166,0.02909923000000001,300.0,0.5942867924528301,0.004008602350950241,1771,0.0001
218400,728,1310,166,-0.043264640000000056,300.0,0.592045283018868,0.0035433706361800432,1783,0.0001
219600,732,1313,167,-0.055890600000000006,300.0,0.5898037735849057,0.007094723172485828,1795,0.0001
220800,736,1317,167,-0.15176099,300.0,0.5875622641509433,0.006091784220188856,1807,0.0001
222000,740,1319,168,-0.15374079,300.0,0.5853207547169812,0.00466697895899415,1819,0.0001
223200,744,1322,168,0.03592037000000003,300.0,0.5830792452830188,0.005664557684212923,1831,0.0001
224400,748,1325,169,-0.2543627,300.0,0.5808377358490567,0.003634315449744463,1843,0.0001
225600,752,1328,169,-0.26929870000000006,300.0,0.5785962264150943,0.002747452585026622,1855,0.0001
226800,756,1332,170,-0.27839951,300.0,0.5763547169811323,0.0038936403580009937,1867,0.0001
228000,760,1335,170,-0.29977584999999995,300.0,0.5741132075471699,0.00475533539429307,1879,0.0001
229200,764,1338,171,-0.3676107699999999,300.0,0.5718716981132075,0.006713745184242725,1891,0.0001
230400,768,1341,171,-0.32982526999999984,300.0,0.5696301886792454,0.004764348268508911,1903,0.0001
231600,772,1344,172,-0.35488693999999993,300.0,0.567388679245283,0.007611164357513189,1915,0.0001
232800,776,1347,172,-0.2873101699999999,300.0,0.5651471698113206,0.00948961079120636,1927,0.0001
234000,780,1350,173,-0.35906156999999994,300.0,0.5629056603773586,0.004965495318174362,1939,0.0001
235200,784,1353,173,-0.34741757,300.0,0.5606641509433961,0.004477285780012608,1951,0.0001
236400,788,1356,174,-0.34342522,300.0,0.5584226415094341,0.005043627228587866,1963,0.0001
237600,792,1359,174,-0.33528082,300.0,0.5561811320754717,0.005091909319162369,1975,0.0001
238800,796,1362,175,-0.29811431,300.0,0.5539396226415096,0.003719117259606719,1987,0.0001
240000,800,1366,175,-0.29910437,300.0,0.5516981132075472,0.004467533435672522,1999,0.0001
241200,804,1369,176,-0.29207304,300.0,0.5494566037735849,0.0026767009403556585,2011,0.0001
242400,808,1371,176,-0.24689839999999996,300.0,0.5472150943396228,0.007638974115252495,2023,0.0001
243600,812,1374,177,-0.0865946799999999,300.0,0.5449735849056603,0.0024425967130810022,2035,0.0001
244800,816,1377,177,-0.03381043000000005,300.0,0.5427320754716983,0.007039832416921854,2047,0.0001
246000,820,1380,178,-0.002143210000000151,300.0,0.5404905660377359,0.005740064196288586,2059,0.0001
247200,824,1384,178,0.08827121999999994,300.0,0.5382490566037734,0.007696250919252634,2071,0.0001
248400,828,1386,179,0.15472356,300.0,0.5360075471698115,0.006627226248383522,2083,0.0001
249600,832,1389,179,0.14966810000000008,300.0,0.5337660377358491,0.007855917327105999,2095,0.0001
250800,836,1392,180,0.27480540000000003,300.0,0.531524528301887,0.009361093863844872,2107,0.0001
252000,840,1396,180,0.11179441999999991,300.0,0.5292830188679245,0.005916042253375053,2119,0.0001
253200,844,1398,181,0.21146311,300.0,0.527041509433962,0.006491109728813171,2131,0.0001
254400,848,1401,181,0.37198945999999994,300.0,0.5248000000000002,0.003507207380607724,2143,0.0001
255600,852,1404,181,0.46959713999999997,300.0,0.5225584905660376,0.006023363210260868,2155,0.0001
256800,856,1407,182,0.42803692999999987,300.0,0.5203169811320757,0.004936261102557182,2167,0.0001
258000,860,1410,182,0.5325919899999999,300.0,0.5180754716981133,0.002836561994627118,2179,0.0001
259200,864,1413,183,0.58281552,300.0,0.5158339622641512,0.00710946274921298,2191,0.0001
260400,868,1416,183,0.56305298,300.0,0.5135924528301887,0.0046462491154670715,2203,0.0001
261600,872,1418,184,0.7275514700000001,300.0,0.5113509433962263,0.0053377822041511536,2215,0.0001
262800,876,1421,184,0.70169657,300.0,0.5091094339622644,0.005739204585552216,2227,0.0001
264000,880,1423,185,0.81027691,300.0,0.5068679245283019,0.0028039964381605387,2239,0.0001
265200,884,1426,185,0.82363464,300.0,0.5046264150943394,0.01052027102559805,2251,0.0001
266400,888,1428,186,0.8517250600000001,300.0,0.5023849056603774,0.004565540701150894,2263,0.0001
267600,892,1431,186,0.8072069300000001,300.0,0.500143396226415,0.006794324144721031,2275,0.0001
268800,896,1433,187,0.8384220499999999,300.0,0.49790188679245306,0.002494253683835268,2287,0.0001
270000,900,1435,188,0.8960882699999999,300.0,0.49566037735849056,0.0035066273994743824,2299,0.0001
271200,904,1438,188,0.9801509799999998,300.0,0.4934188679245285,0.0044303410686552525,2311,0.0001
272400,908,1440,189,0.88063822,300.0,0.4911773584905661,0.0036575673148036003,2323,0.0001
273600,912,1443,189,0.8319790799999999,300.0,0.4889358490566037,0.003696640720590949,2335,0.0001
274800,916,1446,190,0.7126715299999999,300.0,0.48669433962264175,0.0043194955214858055,2347,0.0001
276000,920,1448,190,0.74260414,300.0,0.48445283018867924,0.008081106469035149,2359,0.0001
277200,924,1451,191,0.72750298,300.0,0.48221132075471673,0.006514474283903837,2371,0.0001
278400,928,1453,191,0.7025128600000001,300.0,0.4799698113207548,0.0023217536509037018,2383,0.0001
279600,932,1456,192,0.7684072800000001,300.0,0.4777283018867924,0.007874933071434498,2395,0.0001
280800,936,1458,192,0.65019124,300.0,0.4754867924528303,0.003514061216264963,2407,0.0001
282000,940,1461,193,0.75332418,300.0,0.4732452830188679,0.004398104269057512,2419,0.0001
283200,944,1463,193,0.7188307899999998,300.0,0.47100377358490586,0.0057823508977890015,2431,0.0001
284400,948,1466,193,0.7775407900000001,300.0,0.46876226415094346,0.008901022374629974,2443,0.0001
285600,952,1468,194,0.65616166,300.0,0.46652075471698107,0.0049271248281002045,2455,0.0001
286800,956,1470,195,0.71258411,300.0,0.464279245283019,0.0038768723607063293,2467,0.0001
288000,960,1472,195,0.6624917400000001,300.0,0.4620377358490566,0.006664629094302654,2479,0.0001
289200,964,1475,196,0.6103958100000001,300.0,0.4597962264150941,0.005448975134640932,2491,0.0001
290400,968,1477,196,0.73269539,300.0,0.45755471698113215,0.00921705737709999,2503,0.0001
291600,972,1479,197,0.5898869699999998,300.0,0.45531320754716975,0.0057242875918745995,2515,0.0001
292800,976,1482,197,0.48460594,300.0,0.4530716981132077,0.0036120798904448748,2527,0.0001
294000,980,1483,198,0.4545905699999999,300.0,0.4508301886792452,0.00791146419942379,2539,0.0001
295200,984,1485,198,0.3970051599999999,300.0,0.44858867924528323,0.0057314070872962475,2551,0.0001
296400,988,1487,199,0.28403324999999996,300.0,0.44634716981132083,0.005723516456782818,2563,0.0001
297600,992,1489,199,0.26687546999999995,300.0,0.4441056603773583,0.00584976514801383,2575,0.0001
298800,996,1492,200,0.3139796999999999,300.0,0.44186415094339637,0.004539159592241049,2587,0.0001
300000,1000,1228,244,0.20648685000000003,300.0,0.43962264150943386,0.007063467521220446,2599,0.0001
301200,1004,1230,244,0.14685095999999997,300.0,0.43738113207547147,0.004686297383159399,2611,0.0001
302400,1008,1232,245,0.08402692999999994,300.0,0.4351396226415095,0.008018793538212776,2623,0.0001
303600,1012,1235,245,0.06163275999999999,300.0,0.43289811320754745,0.0023968559689819813,2635,0.0001
304800,1016,1237,246,0.17509877,300.0,0.43065660377358506,0.004251349717378616,2647,0.0001
306000,1020,1239,246,0.09517062999999994,300.0,0.42841509433962255,0.0023005374241620302,2659,0.0001
307200,1024,1241,247,0.1554568599999999,300.0,0.4261735849056606,0.0022766287438571453,2671,0.0001
308400,1028,1243,247,0.20065661999999984,300.0,0.4239320754716981,0.004733045119792223,2683,0.0001
309600,1032,1246,248,0.2008874899999999,300.0,0.4216905660377357,0.00885107833892107,2695,0.0001
310800,1036,1248,248,0.09754191999999996,300.0,0.41944905660377363,0.00562915438786149,2707,0.0001
312000,1040,1250,249,0.08840933999999999,300.0,0.41720754716981123,0.0031723727006465197,2719,0.0001
313200,1044,1252,249,-0.005927660000000014,300.0,0.4149660377358493,0.0045037236995995045,2731,0.0001
314400,1048,1255,250,0.11680072999999996,300.0,0.4127245283018868,0.006822218187153339,2743,0.0001
315600,1052,1257,250,0.09478771999999996,300.0,0.4104830188679248,0.006516779772937298,2755,0.0001
316800,1056,1259,251,0.026130729999999987,300.0,0.4082415094339623,0.0035252594389021397,2767,0.0001
318000,1060,1261,251,0.020118210000000046,300.0,0.4059999999999999,0.002261330606415868,2779,0.0001
319200,1064,1264,252,-0.04905799999999994,300.0,0.40375849056603796,0.00678256107494235,2791,0.0001
320400,1068,1266,253,-0.15596321999999999,300.0,0.40151698113207546,0.007668999955058098,2803,0.0001
321600,1072,1268,253,-0.13509483999999994,300.0,0.39927547169811306,0.0021990477107465267,2815,0.0001
322800,1076,1270,253,-0.1385552399999999,300.0,0.397033962264151,0.003510901238769293,2827,0.0001
324000,1080,1273,254,-0.23890315999999998,300.0,0.3947924528301886,0.00585590023547411,2839,0.0001
325200,1084,1274,255,-0.29072848,300.0,0.39255094339622654,0.0036757749039679766,2851,0.0001
326400,1088,1277,255,-0.21548975000000004,300.0,0.39030943396226414,0.009940354153513908,2863,0.0001
327600,1092,1279,256,-0.22383902,300.0,0.3880679245283021,0.004591997247189283,2875,0.0001
328800,1096,1281,256,-0.17878903000000004,300.0,0.3858264150943397,0.002845602575689554,2887,0.0001
330000,1100,1283,257,-0.17222460000000006,300.0,0.3835849056603773,0.007875913754105568,2899,0.0001
331200,1104,1285,257,-0.16400003000000002,300.0,0.3813433962264152,0.0031634352635592222,2911,0.0001
332400,1108,1286,258,-0.16083118000000007,300.0,0.3791018867924528,0.003436172613874078,2923,0.0001
333600,1112,1288,258,-0.06579343000000006,300.0,0.37686037735849043,0.007621164433658123,2935,0.0001
334800,1116,1290,259,-0.07169170999999999,300.0,0.37461886792452836,0.0030596095602959394,2947,0.0001
336000,1120,1292,259,-0.2076671199999999,300.0,0.37237735849056597,0.0063598197884857655,2959,0.0001
337200,1124,1294,260,-0.21255715999999988,300.0,0.3701358490566039,0.0057415347546339035,2971,0.0001
338400,1128,1296,261,-0.1553564399999999,300.0,0.3678943396226415,0.010280607268214226,2983,0.0001
339600,1132,1298,261,-0.2095097599999999,300.0,0.36565283018867945,0.0024832100607454777,2995,0.0001
340800,1136,1300,262,-0.08403085999999999,300.0,0.36341132075471705,0.003045125864446163,3007,0.0001
342000,1140,1302,262,-0.06031150000000002,300.0,0.36116981132075454,0.006552094593644142,3019,0.0001
343200,1144,1304,263,-0.10325285,300.0,0.3589283018867926,0.00436593871563673,3031,0.0001
344400,1148,1306,263,-0.29876364999999994,300.0,0.3566867924528302,0.004856056999415159,3043,0.0001
345600,1152,1308,264,-0.33744880999999993,300.0,0.3544452830188677,0.005511859897524118,3055,0.0001
346800,1156,1310,264,-0.15318696999999998,300.0,0.35220377358490573,0.005421348847448826,3067,0.0001
348000,1160,1311,265,-0.19882738,300.0,0.34996226415094367,0.004653459414839745,3079,0.0001
349200,1164,1313,265,-0.14860455999999997,300.0,0.3477207547169813,0.003791885217651725,3091,0.0001
350400,1168,1315,266,-0.22583103999999996,300.0,0.3454792452830189,0.005513313692063093,3103,0.0001
351600,1172,1317,266,-0.19768808,300.0,0.3432377358490568,0.005562860984355211,3115,0.0001
352800,1176,1319,267,-0.12835505,300.0,0.3409962264150943,0.009033776819705963,3127,0.0001
354000,1180,1321,267,-0.016860089999999953,300.0,0.3387547169811319,0.005304356571286917,3139,0.0001
355200,1184,1323,268,-0.048621979999999974,300.0,0.33651320754716996,0.005470214411616325,3151,0.0001
356400,1188,1325,268,0.03997402000000001,300.0,0.33427169811320756,0.005395811051130295,3163,0.0001
357600,1192,1327,269,0.12404544000000005,300.0,0.3320301886792455,0.0022320374846458435,3175,0.0001
358800,1196,1329,269,0.15955097000000007,300.0,0.329788679245283,0.001876529073342681,3187,0.0001
360000,1200,1330,270,0.012960000000000057,300.0,0.32754716981132104,0.006140350829809904,3199,0.0001
361200,1204,1332,270,-0.0162982299999999,300.0,0.32530566037735864,0.0010382705368101597,3211,0.0001
362400,1208,1334,271,0.07964333000000012,300.0,0.32306415094339613,0.00485757552087307,3223,0.0001
363600,1212,1336,272,-0.019921899999999965,300.0,0.3208226415094342,0.0032429059501737356,3235,0.0001
364800,1216,1338,272,-0.04657603,300.0,0.3185811320754717,0.005908146500587463,3247,0.0001
366000,1220,1340,273,0.18280539000000004,300.0,0.3163396226415093,0.004551837220788002,3259,0.0001
367200,1224,1342,273,0.11605183000000008,300.0,0.3140981132075473,0.0056909904815256596,3271,0.0001
368400,1228,1344,274,-0.022703189999999943,300.0,0.3118566037735848,0.005712305195629597,3283,0.0001
369600,1232,1346,274,-0.024654549999999942,300.0,0.30961509433962275,0.006883726920932531,3295,0.0001
370800,1236,1347,275,-0.005656459999999982,300.0,0.30737358490566036,0.003272970672696829,3307,0.0001
372000,1240,1349,275,0.031115689999999988,300.0,0.3051320754716984,0.005390957463532686,3319,0.0001
373200,1244,1351,276,0.04678906000000003,300.0,0.302890566037736,0.00438044685870409,3331,0.0001
374400,1248,1353,276,0.04687836000000003,300.0,0.3006490566037735,0.004413635469973087,3343,0.0001
375600,1252,1354,277,0.15553010999999997,300.0,0.29840754716981144,0.0033956209663301706,3355,0.0001
376800,1256,1356,277,-0.06587847000000002,300.0,0.29616603773584904,0.0075705163180828094,3367,0.0001
378000,1260,1357,278,0.08372657000000006,300.0,0.29392452830188665,0.008320540189743042,3379,0.0001
379200,1264,1359,278,0.10338600000000002,300.0,0.2916830188679246,0.003649024525657296,3391,0.0001
380400,1268,1361,279,0.05076323999999999,300.0,0.2894415094339622,0.003253879491239786,3403,0.0001
381600,1272,1363,279,0.16935489999999995,300.0,0.2872000000000001,0.004071918781846762,3415,0.0001
382800,1276,1365,280,0.18901256,300.0,0.2849584905660377,0.0040482329204678535,3427,0.0001
384000,1280,1366,280,0.22255863000000006,300.0,0.2827169811320758,0.00341558619402349,3439,0.0001
385200,1284,1368,281,0.21296356999999996,300.0,0.28047547169811327,0.004266468808054924,3451,0.0001
386400,1288,1369,282,0.043050760000000014,300.0,0.27823396226415076,0.0021784729324281216,3463,0.0001
387600,1292,1370,282,0.10411952999999993,300.0,0.2759924528301888,0.0076161338947713375,3475,0.0001
388800,1296,1372,283,0.06701715999999998,300.0,0.2737509433962264,0.006435515824705362,3487,0.0001
390000,1300,1374,283,0.19335211000000002,300.0,0.271509433962264,0.002013350371271372,3499,0.0001
391200,1304,1375,284,0.16378567999999993,300.0,0.26926792452830195,0.0041616689413785934,3511,0.0001
392400,1308,1377,284,0.21664220999999997,300.0,0.26702641509433944,0.0044407108798623085,3523,0.0001
393600,1312,1378,285,0.15141064999999995,300.0,0.2647849056603775,0.0068431515246629715,3535,0.0001
394800,1316,1380,285,0.21876795999999998,300.0,0.2625433962264151,0.00749756395816803,3547,0.0001
396000,1320,1381,286,0.21500481000000005,300.0,0.26030188679245303,0.002272697864100337,3559,0.0001
397200,1324,1383,287,0.22541996,300.0,0.25806037735849063,0.004855777602642775,3571,0.0001
398400,1328,1383,287,0.27999016,300.0,0.2558188679245281,0.007195593789219856,3583,0.0001
399600,1332,1385,288,0.4115396299999999,300.0,0.2535773584905662,0.007205111440271139,3595,0.0001
400800,1336,1206,332,0.42645658,300.0,0.2513358490566038,0.006107235327363014,3607,0.0001
402000,1340,1208,332,0.43742101999999994,300.0,0.24909433962264138,0.0008822719682939351,3619,0.0001
403200,1344,1210,333,0.38543734999999996,300.0,0.2468528301886792,0.0033037778921425343,3631,0.0001
404400,1348,1211,333,0.43203995000000006,300.0,0.24461132075471725,0.005886675324290991,3643,0.0001
405600,1352,1213,334,0.27785325,300.0,0.24236981132075486,0.0020702099427580833,3655,0.0001
406800,1356,1214,334,0.36571475999999997,300.0,0.24012830188679246,0.00511904526501894,3667,0.0001
408000,1360,1216,335,0.29084113,300.0,0.2378867924528304,0.005287483334541321,3679,0.0001
409200,1364,1218,335,0.20732498000000002,300.0,0.2356452830188679,0.004796056542545557,3691,0.0001
410400,1368,1219,336,0.32009328,300.0,0.2334037735849055,0.003865821287035942,3703,0.0001
411600,1372,1221,337,0.1846074800000001,300.0,0.23116226415094354,0.0045242346823215485,3715,0.0001
412800,1376,1222,337,0.08594926000000008,300.0,0.22892075471698115,0.002891712123528123,3727,0.0001
414000,1380,1223,338,-0.012321369999999969,300.0,0.22667924528301897,0.006149604916572571,3739,0.0001
415200,1384,1225,338,-0.016186330000000016,300.0,0.22443773584905657,0.004458039533346891,3751,0.0001
416400,1388,1227,339,-0.021740630000000052,300.0,0.22219622641509462,0.0034676063805818558,3763,0.0001
417600,1392,1228,339,-0.09625283,300.0,0.21995471698113223,0.003982339985668659,3775,0.0001
418800,1396,1230,340,-0.12002354999999998,300.0,0.21771320754716983,0.0035225560422986746,3787,0.0001
420000,1400,1231,340,-0.07002956000000003,300.0,0.21547169811320765,0.0025996121112257242,3799,0.0001
421200,1404,1233,341,-0.10550163000000001,300.0,0.21323018867924526,0.003378467634320259,3811,0.0001
422400,1408,1234,342,-0.20903694,300.0,0.21098867924528286,0.0034998126793652773,3823,0.0001
423600,1412,1236,342,-0.16206166999999996,300.0,0.2087471698113209,0.00311149749904871,3835,0.0001
424800,1416,1237,343,-0.29735737000000007,300.0,0.2065056603773585,0.004249352030456066,3847,0.0001
426000,1420,1238,343,-0.40846584000000014,300.0,0.20426415094339634,0.001755563891492784,3859,0.0001
427200,1424,1240,344,-0.35813971,300.0,0.20202264150943394,0.00393113074824214,3871,0.0001
428400,1428,1241,344,-0.3609369,300.0,0.199781132075472,0.0048572043888270855,3883,0.0001
429600,1432,1243,345,-0.46235973,300.0,0.1975396226415096,0.003085426287725568,3895,0.0001
430800,1436,1244,346,-0.47121486000000007,300.0,0.19529811320754709,0.004265571478754282,3907,0.0001
432000,1440,1246,346,-0.6138727799999999,300.0,0.19305660377358502,0.004535334184765816,3919,0.0001
433200,1444,1247,347,-0.5481944099999998,300.0,0.19081509433962263,0.0016229511238634586,3931,0.0001
434400,1448,1248,347,-0.7020418899999998,300.0,0.18857358490566023,0.004044496454298496,3943,0.0001
435600,1452,1249,348,-0.5941908199999999,300.0,0.18633207547169828,0.004453152418136597,3955,0.0001
436800,1456,1250,349,-0.5827759899999998,300.0,0.18409056603773566,0.0030993379186838865,3967,0.0001
438000,1460,1252,349,-0.8302454799999999,300.0,0.1818490566037737,0.004486383870244026,3979,0.0001
439200,1464,1253,350,-0.7755909899999999,300.0,0.1796075471698113,0.0029758717864751816,3991,0.0001
440400,1468,1255,350,-0.9369487199999998,300.0,0.17736603773584936,0.003329287748783827,4003,0.0001
441600,1472,1256,351,-0.74872114,300.0,0.17512452830188696,0.0024657859466969967,4015,0.0001
442800,1476,1257,352,-0.7123768600000001,300.0,0.17288301886792434,0.002824287861585617,4027,0.0001
444000,1480,1259,352,-0.6162572799999999,300.0,0.1706415094339624,0.0017104947473853827,4039,0.0001
445200,1484,1260,353,-0.49629670000000004,300.0,0.1684,0.004014153964817524,4051,0.0001
446400,1488,1261,353,-0.43410809,300.0,0.1661584905660376,0.0016466794768348336,4063,0.0001
447600,1492,1263,354,-0.5281708100000001,300.0,0.16391698113207553,0.002859408501535654,4075,0.0001
448800,1496,1264,354,-0.59743791,300.0,0.16167547169811347,0.000849385978654027,4087,0.0001
450000,1500,1266,355,-0.6591226200000001,300.0,0.15943396226415107,0.006109823007136583,4099,0.0001
451200,1504,1267,355,-0.4884054400000001,300.0,0.15719245283018868,0.004970915615558624,4111,0.0001
452400,1508,1268,356,-0.40696256999999997,300.0,0.15495094339622673,0.001981540350243449,4123,0.0001
453600,1512,1269,357,-0.42979764000000004,300.0,0.1527094339622641,0.003504124702885747,4135,0.0001
454800,1516,1271,357,-0.2925323799999999,300.0,0.1504679245283017,0.005146773066371679,4147,0.0001
456000,1520,1272,358,-0.25420260999999994,300.0,0.14822641509433976,0.0059090107679367065,4159,0.0001
457200,1524,1274,358,-0.29251501999999996,300.0,0.14598490566037736,0.0008387214038521051,4171,0.0001
458400,1528,1275,359,-0.31371157000000005,300.0,0.1437433962264153,0.0013815477723255754,4183,0.0001
459600,1532,1276,360,-0.2877752,300.0,0.1415018867924528,0.003952197730541229,4195,0.0001
460800,1536,1278,360,-0.23143922000000006,300.0,0.13926037735849084,0.0038890729192644358,4207,0.0001
462000,1540,1279,361,-0.13331201000000006,300.0,0.13701886792452844,0.0018335948698222637,4219,0.0001
463200,1544,1280,361,-0.11543843000000002,300.0,0.13477735849056605,0.0014175777323544025,4231,0.0001
464400,1548,1282,362,0.09721790999999999,300.0,0.13253584905660387,0.0020602704025804996,4243,0.0001
465600,1552,1283,362,0.09492979000000004,300.0,0.13029433962264148,0.002905905479565263,4255,0.0001
466800,1556,1284,363,0.033413900000000024,300.0,0.12805283018867908,0.0037904377095401287,4267,0.0001
468000,1560,1286,363,0.24567137999999994,300.0,0.12581132075471713,0.0027881835121661425,4279,0.0001
469200,1564,1287,364,0.25379363,300.0,0.12356981132075473,0.0018920453730970621,4291,0.0001
470400,1568,1288,364,0.32770987000000007,300.0,0.12132830188679256,0.002260229317471385,4303,0.0001
471600,1572,1290,365,0.19884109,300.0,0.11908679245283016,0.0040186443366110325,4315,0.0001
472800,1576,1291,366,0.1913945799999999,300.0,0.1168452830188682,0.0024699238128960133,4327,0.0001
474000,1580,1292,366,0.17520828999999996,300.0,0.11460377358490581,0.0029170201160013676,4339,0.0001
475200,1584,1294,367,0.15903779,300.0,0.1123622641509433,0.0018732965691015124,4351,0.0001
476400,1588,1294,367,0.16676132000000002,300.0,0.11012075471698124,0.002192199230194092,4363,0.0001
477600,1592,1296,368,0.19293645000000015,300.0,0.10787924528301884,0.0019353191601112485,4375,0.0001
478800,1596,1297,369,0.1843054500000001,300.0,0.10563773584905645,0.0030002223793417215,4387,0.0001
480000,1600,1298,369,0.27910514,300.0,0.1033962264150945,0.0019388531800359488,4399,0.0001
481200,1604,1299,370,0.14122770999999995,300.0,0.10115471698113199,0.0016184980049729347,4411,0.0001
482400,1608,1300,370,-0.06034582000000006,300.0,0.09891320754716992,0.00307046202942729,4423,0.0001
483600,1612,1302,371,-0.01417800000000008,300.0,0.09667169811320753,0.002299209591001272,4435,0.0001
484800,1616,1303,371,-0.09891116999999998,300.0,0.09443018867924557,0.0015895830001682043,4447,0.0001
486000,1620,1304,372,-0.07132718,300.0,0.09218867924528318,0.0021582525223493576,4459,0.0001
487200,1624,1306,372,-0.12789973,300.0,0.08994716981132067,0.0009147784439846873,4471,0.0001
488400,1628,1307,373,-0.043482030000000005,300.0,0.08770566037735861,0.0025879726745188236,4483,0.0001
489600,1632,1308,374,-0.04432039000000001,300.0,0.08546415094339621,0.0022168115247040987,4495,0.0001
490800,1636,1310,374,-0.11278753999999998,300.0,0.08322264150943381,0.0024107752833515406,4507,0.0001
492000,1640,1311,375,-0.1743337,300.0,0.08098113207547175,0.003151332726702094,4519,0.0001
493200,1644,1312,375,-0.2025485699999999,300.0,0.07873962264150935,0.00220105960033834,4531,0.0001
494400,1648,1313,376,-0.17439912999999996,300.0,0.07649811320754729,0.001650134101510048,4543,0.0001
495600,1652,1314,376,-0.07117810000000001,300.0,0.0742566037735849,0.0019822281319648027,4555,0.0001
496800,1656,1316,377,0.07827941000000004,300.0,0.07201509433962294,0.002842619549483061,4567,0.0001
498000,1660,1316,378,-0.03420680000000001,300.0,0.06977358490566044,0.002887141890823841,4579,0.0001
499200,1664,1317,378,-0.08199503000000002,300.0,0.06753207547169804,0.0022308097686618567,4591,0.0001
500400,1668,1182,423,-0.19418376,300.0,0.06529056603773598,0.0015625576488673687,4603,0.0001
501600,1672,1183,423,-0.14703101999999998,300.0,0.06304905660377358,0.0021052160300314426,4615,0.0001
502800,1676,1184,424,-0.08585555000000002,300.0,0.06080754716981118,0.0025962013751268387,4627,0.0001
504000,1680,1185,425,-0.10037620000000008,300.0,0.05856603773584912,0.0013039791956543922,4639,0.0001
505200,1684,1186,425,-0.10608525000000003,300.0,0.05632452830188717,0.002265200950205326,4651,0.0001
506400,1688,1188,426,-0.03042729999999997,300.0,0.05408301886792455,0.0012370306067168713,4663,0.0001
507600,1692,1189,426,-0.05918662000000002,300.0,0.05184150943396215,0.00141495605930686,4675,0.0001
508800,1696,1190,427,-0.11360340000000008,300.0,0.0496000000000002,0.0011006621643900871,4687,0.0001
510000,1700,1191,428,-0.25703767000000005,300.0,0.0473584905660378,0.002022703178226948,4699,0.0001
511200,1704,1192,428,-0.09896820999999995,300.0,0.045116981132075296,0.000904243323020637,4711,0.0001
512400,1708,1193,429,0.14792704000000007,300.0,0.04287547169811334,0.0012876575347036123,4723,0.0001
513600,1712,1194,429,0.14696721999999995,300.0,0.04063396226415139,0.0020105564035475254,4735,0.0001
514800,1716,1196,430,0.11978721999999994,300.0,0.03839245283018855,0.0018534117843955755,4747,0.0001
516000,1720,1197,430,0.07065364999999996,300.0,0.03615094339622649,0.0014150599017739296,4759,0.0001
517200,1724,1198,431,0.054166579999999964,300.0,0.03390943396226431,0.0015098345465958118,4771,0.0001
518400,1728,1199,432,-0.18801335000000002,300.0,0.031667924528301916,0.0014724682550877333,4783,0.0001
519600,1732,1200,432,-0.29571642000000004,300.0,0.02942641509433952,0.0014263002667576075,4795,0.0001
520800,1736,1202,433,-0.2417096,300.0,0.027184905660377567,0.0012252950109541416,4807,0.0001
522000,1740,1203,433,-0.012754489999999992,300.0,0.02494339622641506,0.0013476054882630706,4819,0.0001
523200,1744,1204,434,-0.0014249599999999474,300.0,0.022701886792452663,0.001089415280148387,4831,0.0001
524400,1748,1205,434,-0.08910854999999997,300.0,0.02046037735849071,0.0015308363363146782,4843,0.0001
525600,1752,1206,435,-0.15458303999999995,300.0,0.01821886792452876,0.0013289120979607105,4855,0.0001
526800,1756,1207,436,-0.07770454999999994,300.0,0.01597735849056592,0.0014764195075258613,4867,0.0001
528000,1760,1208,436,-0.08272621999999995,300.0,0.013735849056603633,0.0010546547127887607,4879,0.0001
529200,1764,1209,437,-0.11432179999999997,300.0,0.01149433962264168,0.0012724708067253232,4891,0.0001
530400,1768,1209,438,-0.053588429999999986,300.0,0.01,0.0012656310573220253,4903,0.0001
531600,1772,1210,439,-0.08262605,300.0,0.01,0.0011546500027179718,4915,0.0001
532800,1776,1212,439,-0.15023869,300.0,0.01,0.0011131237260997295,4927,0.0001
534000,1780,1213,440,-0.10284590000000003,300.0,0.01,0.0011325571686029434,4939,0.0001
535200,1784,1214,440,0.07672678999999999,300.0,0.01,0.001171113341115415,4951,0.0001
536400,1788,1215,441,0.15491534,300.0,0.01,0.0014726378722116351,4963,0.0001
537600,1792,1216,441,0.11812251000000001,300.0,0.01,0.001311867032200098,4975,0.0001
538800,1796,1217,442,0.24507483000000005,300.0,0.01,0.0011643054895102978,4987,0.0001
540000,1800,1218,443,0.3403433,300.0,0.01,0.001053601037710905,4999,0.0001
541200,1804,1219,443,0.24012160000000005,300.0,0.01,0.0014856185298413038,5011,0.0001
542400,1808,1220,444,0.10715113000000005,300.0,0.01,0.0008439140510745347,5023,0.0001
543600,1812,1222,444,0.03424832000000002,300.0,0.01,0.0015215231105685234,5035,0.0001
544800,1816,1223,445,0.08473275000000005,300.0,0.01,0.0010307847987860441,5047,0.0001
546000,1820,1224,446,0.25779655,300.0,0.01,0.0016277940012514591,5059,0.0001
547200,1824,1225,446,0.29543296999999996,300.0,0.01,0.0008992808288894594,5071,0.0001
548400,1828,1226,447,0.49994104,300.0,0.01,0.0010807323269546032,5083,0.0001
549600,1832,1227,447,0.48313566,300.0,0.01,0.0008607117924839258,5095,0.0001
550800,1836,1228,448,0.41358196999999997,300.0,0.01,0.001185328233987093,5107,0.0001
552000,1840,1229,448,0.27304581999999994,300.0,0.01,0.0010628115851432085,5119,0.0001
553200,1844,1230,449,0.23979902,300.0,0.01,0.000799143104813993,5131,0.0001
554400,1848,1231,450,0.1534832200000001,300.0,0.01,0.0010392911499366164,5143,0.0001
555600,1852,1233,450,0.05286468000000005,300.0,0.01,0.0014315559528768063,5155,0.0001
556800,1856,1234,451,-0.1417530599999999,300.0,0.01,0.001575969741679728,5167,0.0001
558000,1860,1235,451,0.0419977100000001,300.0,0.01,0.0007473646546714008,5179,0.0001
559200,1864,1236,452,0.08897934999999996,300.0,0.01,0.0008279316825792193,5191,0.0001
560400,1868,1237,452,0.13637577999999995,300.0,0.01,0.0012104110792279243,5203,0.0001
561600,1872,1238,453,0.04911378999999995,300.0,0.01,0.001004597987048328,5215,0.0001
562800,1876,1239,454,0.04177008999999995,300.0,0.01,0.0010432787239551544,5227,0.0001
564000,1880,1240,454,-0.04698148999999992,300.0,0.01,0.0009645471582189202,5239,0.0001
565200,1884,1241,455,-0.023388779999999887,300.0,0.01,0.0011992109939455986,5251,0.0001
566400,1888,1242,455,-0.09732881000000006,300.0,0.01,0.0010454814182594419,5263,0.0001
567600,1892,1243,456,0.03937081999999995,300.0,0.01,0.0012208035914227366,5275,0.0001
568800,1896,1244,457,0.019316680000000027,300.0,0.01,0.0009515403071418405,5287,0.0001
570000,1900,1244,457,-0.152111,300.0,0.01,0.0008470644243061543,5299,0.0001
571200,1904,1245,458,-0.05920327000000001,300.0,0.01,0.0009622872457839549,5311,0.0001
572400,1908,1246,459,-0.13305588,300.0,0.01,0.0009145914227701724,5323,0.0001
573600,1912,1247,459,-0.11229399000000001,300.0,0.01,0.00119664310477674,5335,0.0001
574800,1916,1248,460,-0.17016416000000006,300.0,0.01,0.0009546499932184815,5347,0.0001
576000,1920,1249,460,-0.33964661999999995,300.0,0.01,0.0010921515058726072,5359,0.0001
577200,1924,1250,461,-0.31334400999999995,300.0,0.01,0.0007848094101063907,5371,0.0001
578400,1928,1251,462,-0.27184906,300.0,0.01,0.001470236456952989,5383,0.0001
579600,1932,1252,462,-0.1990538600000001,300.0,0.01,0.0008661497267894447,5395,0.0001
580800,1936,1253,463,-0.19092936000000013,300.0,0.01,0.0015595103614032269,5407,0.0001
582000,1940,1254,464,-0.2320250500000001,300.0,0.01,0.0009498200379312038,5419,0.0001
583200,1944,1255,464,-0.23016127,300.0,0.01,0.0013393503613770008,5431,0.0001
584400,1948,1256,465,-0.20681761999999998,300.0,0.01,0.001141553744673729,5443,0.0001
585600,1952,1257,465,-0.21472264999999996,300.0,0.01,0.0009493216639384627,5455,0.0001
586800,1956,1258,466,-0.17373236999999997,300.0,0.01,0.0010092838201671839,5467,0.0001
588000,1960,1259,466,-0.3084684,300.0,0.01,0.0010742581216618419,5479,0.0001
589200,1964,1260,467,-0.3366287399999999,300.0,0.01,0.0009580826736055315,5491,0.0001
590400,1968,1260,468,-0.28946301999999996,300.0,0.01,0.0010241091949865222,5503,0.0001
591600,1972,1261,469,-0.20633585,300.0,0.01,0.0009796104859560728,5515,0.0001
592800,1976,1262,469,-0.11870057000000005,300.0,0.01,0.0007977304048836231,5527,0.0001
594000,1980,1263,470,-0.07777727000000004,300.0,0.01,0.000823507783934474,5539,0.0001
595200,1984,1264,470,-0.31485924,300.0,0.01,0.0007667591562494636,5551,0.0001
596400,1988,1265,471,-0.49882024,300.0,0.01,0.0010687352623790503,5563,0.0001
597600,1992,1265,472,-0.51958343,300.0,0.01,0.0008928764727897942,5575,0.0001
598800,1996,1267,472,-0.5615961500000001,300.0,0.01,0.0007309752400033176,5587,0.0001
600000,2000,1158,518,-0.50126012,300.0,0.01,0.0008180908625945449,5599,0.0001
601200,2004,1159,518,-0.59594888,300.0,0.01,0.0006321417749859393,5611,0.0001
602400,2008,1160,519,-0.45812066,300.0,0.01,0.0008210488595068455,5623,0.0001
603600,2012,1161,519,-0.39984457999999995,300.0,0.01,0.0008608626085333526,5635,0.0001
604800,2016,1162,520,-0.3720290499999999,300.0,0.01,0.0011905337451025844,5647,0.0001
606000,2020,1163,521,-0.23552749000000006,300.0,0.01,0.0008529276819899678,5659,0.0001
607200,2024,1164,521,-0.19227633,300.0,0.01,0.0008795080939307809,5671,0.0001
608400,2028,1164,522,-0.23243514000000004,300.0,0.01,0.0006789369508624077,5683,0.0001
609600,2032,1165,523,-0.07394199000000005,300.0,0.01,0.0009539473685435951,5695,0.0001
610800,2036,1166,523,-0.07382901,300.0,0.01,0.0008030121680349112,5707,0.0001
612000,2040,1167,524,0.002245210000000033,300.0,0.01,0.0009111604886129498,5719,0.0001
613200,2044,1168,524,0.05399839000000007,300.0,0.01,0.0007215010700747371,5731,0.0001
614400,2048,1169,525,0.10189618000000006,300.0,0.01,0.0007501065265387297,5743,0.0001
615600,2052,1170,526,0.25621133,300.0,0.01,0.0008769111009314656,5755,0.0001
616800,2056,1170,526,0.32038736,300.0,0.01,0.0008107612957246602,5767,0.0001
618000,2060,1171,527,0.4158646499999999,300.0,0.01,0.0008533207001164556,5779,0.0001
619200,2064,1172,528,0.47028778999999993,300.0,0.01,0.0008957189274951816,5791,0.0001
620400,2068,1173,528,0.6193527499999999,300.0,0.01,0.0009839650010690093,5803,0.0001
621600,2072,1174,529,0.55549851,300.0,0.01,0.000988626154139638,5815,0.0001
622800,2076,1175,529,0.5185944299999999,300.0,0.01,0.0008733758004382253,5827,0.0001
624000,2080,1176,530,0.39035310999999995,300.0,0.01,0.0008631511591374874,5839,0.0001
625200,2084,1177,531,0.42711769000000005,300.0,0.01,0.0007053252775222063,5851,0.0001
626400,2088,1177,531,0.47330200999999983,300.0,0.01,0.000729723775293678,5863,0.0001
627600,2092,1178,532,0.4942694699999998,300.0,0.01,0.0005957686225883663,5875,0.0001
628800,2096,1179,532,0.5101835899999999,300.0,0.01,0.0007232404313981533,5887,0.0001
630000,2100,1180,533,0.58761222,300.0,0.01,0.0008145636529661715,5899,0.0001
631200,2104,1181,534,0.66075637,300.0,0.01,0.0007228455506265163,5911,0.0001
632400,2108,1182,534,0.76484454,300.0,0.01,0.0005985511816106737,5923,0.0001
633600,2112,1183,535,0.8519536600000002,300.0,0.01,0.0006503526237793267,5935,0.0001
634800,2116,1184,535,0.95915512,300.0,0.01,0.0017262720502912998,5947,0.0001
636000,2120,1185,536,0.81958391,300.0,0.01,0.000708035659044981,5959,0.0001
637200,2124,1186,537,0.6465920299999999,300.0,0.01,0.0006590345874428749,5971,0.0001
638400,2128,1187,537,0.7430556399999999,300.0,0.01,0.0006278498331084847,5983,0.0001
639600,2132,1187,538,0.65236969,300.0,0.01,0.0007332708919420838,5995,0.0001
640800,2136,1188,538,0.74545667,300.0,0.01,0.0008458205265924335,6007,0.0001
642000,2140,1189,539,0.7261719800000002,300.0,0.01,0.0008391987066715956,6019,0.0001
643200,2144,1190,540,0.74645162,300.0,0.01,0.0009889702778309584,6031,0.0001
644400,2148,1191,540,0.78215897,300.0,0.01,0.0008845406118780375,6043,0.0001
645600,2152,1192,541,0.6011635200000001,300.0,0.01,0.0010417120065540075,6055,0.0001
646800,2156,1193,541,0.5273209800000002,300.0,0.01,0.0007238568505272269,6067,0.0001
648000,2160,1194,542,0.59512951,300.0,0.01,0.0008909400785341859,6079,0.0001
649200,2164,1195,543,0.60037224,300.0,0.01,0.0008664391934871674,6091,0.0001
650400,2168,1196,543,0.52998974,300.0,0.01,0.0005811939481645823,6103,0.0001
651600,2172,1197,544,0.60173588,300.0,0.01,0.000615697936154902,6115,0.0001
652800,2176,1198,544,0.5775641500000002,300.0,0.01,0.0007086623809300363,6127,0.0001
654000,2180,1199,545,0.7145677800000001,300.0,0.01,0.0009792203782126307,6139,0.0001
655200,2184,1200,545,0.51613012,300.0,0.01,0.0006955204298719764,6151,0.0001
656400,2188,1200,546,0.49321072,300.0,0.01,0.0012910476652905345,6163,0.0001
657600,2192,1201,547,0.3529671599999999,300.0,0.01,0.000978274503722787,6175,0.0001
658800,2196,1202,547,0.4367074200000002,300.0,0.01,0.0007612137706018984,6187,0.0001
660000,2200,1203,548,0.6100468400000001,300.0,0.01,0.0008712657727301121,6199,0.0001
661200,2204,1203,549,0.5577146200000002,300.0,0.01,0.0006614585872739553,6211,0.0001
662400,2208,1204,549,0.4588551900000002,300.0,0.01,0.0008789910352788866,6223,0.0001
663600,2212,1205,550,0.34896641,300.0,0.01,0.0006566278752870858,6235,0.0001
664800,2216,1206,550,0.16642704000000003,300.0,0.01,0.0006342342821881175,6247,0.0001
666000,2220,1207,551,0.20809588999999995,300.0,0.01,0.0013051873538643122,6259,0.0001
667200,2224,1208,551,0.4189527200000001,300.0,0.01,0.0007419258472509682,6271,0.0001
668400,2228,1209,552,0.25016160000000004,300.0,0.01,0.0008242778712883592,6283,0.0001
669600,2232,1210,553,0.22366689000000003,300.0,0.01,0.0007360897725448012,6295,0.0001
670800,2236,1211,553,0.10756719000000009,300.0,0.01,0.001110629178583622,6307,0.0001
672000,2240,1212,554,-0.01175590999999995,300.0,0.01,0.0007346827769652009,6319,0.0001
673200,2244,1213,554,0.16486810000000013,300.0,0.01,0.0007935153553262353,6331,0.0001
674400,2248,1214,555,0.10377952000000006,300.0,0.01,0.0005399096407927573,6343,0.0001
675600,2252,1215,556,0.07226512999999997,300.0,0.01,0.0009669254068285227,6355,0.0001
676800,2256,1215,556,-0.03049136999999997,300.0,0.01,0.0009360504918731749,6367,0.0001
678000,2260,1216,557,-0.13451667999999997,300.0,0.01,0.0006355913355946541,6379,0.0001
679200,2264,1216,558,-0.15816454999999993,300.0,0.01,0.0006836446700617671,6391,0.0001
680400,2268,1217,558,-0.28496538,300.0,0.01,0.0009191337740048766,6403,0.0001
681600,2272,1218,559,-0.33794889999999994,300.0,0.01,0.0015203813090920448,6415,0.0001
682800,2276,1219,560,-0.34649304000000003,300.0,0.01,0.0009000614518299699,6427,0.0001
684000,2280,1220,560,-0.3405431499999999,300.0,0.01,0.0007129688165150583,6439,0.0001
685200,2284,1220,561,-0.09097744999999993,300.0,0.01,0.0016058136243373156,6451,0.0001
686400,2288,1221,561,-0.03773257999999995,300.0,0.01,0.0008277385495603085,6463,0.0001
687600,2292,1222,562,-0.07370088999999994,300.0,0.01,0.0007447532843798399,6475,0.0001
688800,2296,1223,563,-0.1002249299999999,300.0,0.01,0.0015878085978329182,6487,0.0001
690000,2300,1224,563,-0.3007285,300.0,0.01,0.0006976147415116429,6499,0.0001
691200,2304,1224,564,-0.21110852000000002,300.0,0.01,0.0007476261234842241,6511,0.0001
692400,2308,1225,564,-0.19869597000000003,300.0,0.01,0.0008523575961589813,6523,0.0001
693600,2312,1226,565,-0.15929994999999997,300.0,0.01,0.0005907469312660396,6535,0.0001
694800,2316,1227,566,-0.18088146,300.0,0.01,0.0006086491630412638,6547,0.0001
696000,2320,1228,566,-0.22695535999999997,300.0,0.01,0.0007845449144951999,6559,0.0001
697200,2324,1229,567,-0.30698892,300.0,0.01,0.0005276338197290897,6571,0.0001
698400,2328,1229,567,-0.23216771999999997,300.0,0.01,0.0009174722945317626,6583,0.0001
699600,2332,1230,568,-0.26201356,300.0,0.01,0.0006162232020869851,6595,0.0001
700800,2336,1139,614,-0.18577694000000006,300.0,0.01,0.000709634623490274,6607,0.0001
702000,2340,1140,615,-0.03765587000000004,300.0,0.01,0.0006632705917581916,6619,0.0001
703200,2344,1141,616,-0.1711708500000001,300.0,0.01,0.0006052174721844494,6631,0.0001
704400,2348,1141,616,-0.07738331000000004,300.0,0.01,0.000667063461150974,6643,0.0001
705600,2352,1142,617,0.025627980000000043,300.0,0.01,0.0007452117861248553,6655,0.0001
706800,2356,1143,618,0.19371487,300.0,0.01,0.0005781567306257784,6667,0.0001
708000,2360,1144,618,0.11834964000000003,300.0,0.01,0.0005189848016016185,6679,0.0001
709200,2364,1144,619,0.12932156000000003,300.0,0.01,0.0005924446741119027,6691,0.0001
710400,2368,1145,620,0.16221203999999997,300.0,0.01,0.0006738340016454458,6703,0.0001
711600,2372,1146,620,0.22176375999999995,300.0,0.01,0.0005870413733646274,6715,0.0001
712800,2376,1147,621,0.33047747,300.0,0.01,0.0009265910484828055,6727,0.0001
714000,2380,1148,621,0.21576996999999998,300.0,0.01,0.0006295406492426991,6739,0.0001
715200,2384,1149,622,0.12596399000000003,300.0,0.01,0.0005866807769052684,6751,0.0001
716400,2388,1149,623,0.2390796,300.0,0.01,0.0005476297810673714,6763,0.0001
717600,2392,1150,623,0.32105629,300.0,0.01,0.0005593891255557537,6775,0.0001
718800,2396,1151,624,0.31797550999999996,300.0,0.01,0.0006336231017485261,6787,0.0001
720000,2400,1152,624,0.29940366000000007,300.0,0.01,0.0008032485493458807,6799,0.0001
721200,2404,1153,625,0.054714910000000075,300.0,0.01,0.0006931636016815901,6811,0.0001
722400,2408,1153,626,0.003416680000000021,300.0,0.01,0.0005669416859745979,6823,0.0001
723600,2412,1154,626,-0.05848311000000003,300.0,0.01,0.0007424837676808238,6835,0.0001
724800,2416,1155,627,0.06358333999999996,300.0,0.01,0.0006288583390414715,6847,0.0001
726000,2420,1156,627,0.1908888,300.0,0.01,0.0010068438714370131,6859,0.0001
727200,2424,1157,628,0.1751341100000001,300.0,0.01,0.0007230654591694474,6871,0.0001
728400,2428,1157,629,0.10648602000000007,300.0,0.01,0.0006301993271335959,6883,0.0001
729600,2432,1158,629,0.16942443000000001,300.0,0.01,0.0005921737756580114,6895,0.0001
730800,2436,1159,630,0.14502915999999996,300.0,0.01,0.0006070081144571304,6907,0.0001
732000,2440,1160,630,0.0076097999999999374,300.0,0.01,0.0007356631685979664,6919,0.0001
733200,2444,1161,631,-0.04912970000000005,300.0,0.01,0.00088045175652951,6931,0.0001
734400,2448,1162,631,-0.08814903000000002,300.0,0.01,0.0005769943236373365,6943,0.0001
735600,2452,1162,632,-0.03944174000000003,300.0,0.01,0.0007327188504859805,6955,0.0001
736800,2456,1163,633,0.08963259000000003,300.0,0.01,0.0008079841500148177,6967,0.0001
738000,2460,1164,633,0.23402668000000004,300.0,0.01,0.0008267607190646231,6979,0.0001
739200,2464,1165,634,0.21328995000000006,300.0,0.01,0.0008632922545075417,6991,0.0001
740400,2468,1165,635,0.42447662,300.0,0.01,0.0005554310628212988,7003,0.0001
741600,2472,1166,635,0.22491093000000006,300.0,0.01,0.0007434459403157234,7015,0.0001
742800,2476,1167,636,0.0014234900000001183,300.0,0.01,0.0007561291567981243,7027,0.0001
744000,2480,1168,636,0.15396693000000006,300.0,0.01,0.0006612223805859685,7039,0.0001
745200,2484,1169,637,0.04714524000000003,300.0,0.01,0.0006524049094878137,7051,0.0001
746400,2488,1169,638,-0.035908249999999954,300.0,0.01,0.0007402094197459519,7063,0.0001
747600,2492,1170,638,-0.04626756999999998,300.0,0.01,0.0005399523070082068,7075,0.0001
748800,2496,1171,639,-0.05555904000000002,300.0,0.01,0.0007799899904057384,7087,0.0001
750000,2500,1171,639,-0.11501875999999996,300.0,0.01,0.0007254705997183919,7099,0.0001
751200,2504,1172,640,0.01309639000000006,300.0,0.01,0.0009507983922958374,7111,0.0001
752400,2508,1173,641,0.03809880000000005,300.0,0.01,0.000782509334385395,7123,0.0001
753600,2512,1174,641,0.10613865000000004,300.0,0.01,0.0006206360994838178,7135,0.0001
754800,2516,1174,642,-0.01098572999999993,300.0,0.01,0.000719374162144959,7147,0.0001
756000,2520,1175,643,-0.17985676999999994,300.0,0.01,0.0006665691616944969,7159,0.0001
757200,2524,1176,643,-0.10617966999999996,300.0,0.01,0.0004942560917697847,7171,0.0001
758400,2528,1177,644,-0.047277179999999974,300.0,0.01,0.0008369152201339602,7183,0.0001
759600,2532,1177,644,-0.15423229999999996,300.0,0.01,0.0008622087771072984,7195,0.0001
760800,2536,1178,645,-0.2588213,300.0,0.01,0.0013479167828336358,7207,0.0001
762000,2540,1179,646,-0.1015569499999999,300.0,0.01,0.0014029203448444605,7219,0.0001
763200,2544,1179,646,-0.11783634999999991,300.0,0.01,0.0005547790788114071,7231,0.0001
764400,2548,1180,647,-0.14946250999999994,300.0,0.01,0.001566690974868834,7243,0.0001
765600,2552,1180,648,-0.19672927999999998,300.0,0.01,0.0006507523357868195,7255,0.0001
766800,2556,1181,649,-0.42383530999999997,300.0,0.01,0.0006588468095287681,7267,0.0001
768000,2560,1182,649,-0.3306441499999999,300.0,0.01,0.0009446821641176939,7279,0.0001
769200,2564,1182,650,-0.30459364999999994,300.0,0.01,0.0010251739295199513,7291,0.0001
770400,2568,1183,650,-0.6153226299999999,300.0,0.01,0.000498978013638407,7303,0.0001
771600,2572,1184,651,-0.51167263,300.0,0.01,0.0006030078511685133,7315,0.0001
772800,2576,1185,652,-0.24487798999999996,300.0,0.01,0.0006287143332883716,7327,0.0001
774000,2580,1185,652,-0.39309917,300.0,0.01,0.0006867024931125343,7339,0.0001
775200,2584,1186,653,-0.2721926799999999,300.0,0.01,0.0007045923266559839,7351,0.0001
776400,2588,1187,653,-0.22342951999999985,300.0,0.01,0.0008322338107973337,7363,0.0001
777600,2592,1188,654,-0.2834955399999999,300.0,0.01,0.0005745533271692693,7375,0.0001
778800,2596,1188,655,-0.41493135000000003,300.0,0.01,0.0007863404462113976,7387,0.0001
780000,2600,1189,655,-0.24055992999999998,300.0,0.01,0.0006858935812488198,7399,0.0001
781200,2604,1190,656,-0.37201735999999996,300.0,0.01,0.0006133151473477483,7411,0.0001
782400,2608,1190,657,-0.4933266699999999,300.0,0.01,0.0006255594780668616,7423,0.0001
783600,2612,1191,657,-0.5743995299999999,300.0,0.01,0.0006872400408610702,7435,0.0001
784800,2616,1192,658,-0.3753233999999999,300.0,0.01,0.0008081900887191296,7447,0.0001
786000,2620,1193,658,-0.31003195,300.0,0.01,0.0006428811466321349,7459,0.0001
787200,2624,1193,659,-0.37550338999999994,300.0,0.01,0.0007911823922768235,7471,0.0001
788400,2628,1194,659,-0.3725514999999999,300.0,0.01,0.0006709729786962271,7483,0.0001
789600,2632,1195,660,-0.37934456000000005,300.0,0.01,0.0006387445610016584,7495,0.0001
790800,2636,1196,661,-0.2570587599999999,300.0,0.01,0.0017390564316883683,7507,0.0001
792000,2640,1196,661,-0.32836923999999995,300.0,0.01,0.0007371558458544314,7519,0.0001
793200,2644,1197,662,-0.18653155000000002,300.0,0.01,0.0007852926501072943,7531,0.0001
794400,2648,1198,662,-0.15919876000000008,300.0,0.01,0.0007862879429012537,7543,0.0001
795600,2652,1199,663,-0.17728312000000007,300.0,0.01,0.0004951159935444593,7555,0.0001
796800,2656,1199,664,-0.10419803999999998,300.0,0.01,0.0006562470807693899,7567,0.0001
798000,2660,1200,664,-0.21385520999999996,300.0,0.01,0.0005189861403778195,7579,0.0001
799200,2664,1201,665,-0.26792332999999996,300.0,0.01,0.0005755199817940593,7591,0.0001
800400,2668,1123,712,-0.06081121000000001,300.0,0.01,0.0005905866855755448,7603,0.0001
801600,2672,1124,712,-0.05816427000000002,300.0,0.01,0.0006781364209018648,7615,0.0001
802800,2676,1125,713,-0.08958797999999998,300.0,0.01,0.0007598884985782206,7627,0.0001
804000,2680,1126,713,0.056283089999999925,300.0,0.01,0.0006603744113817811,7639,0.0001
805200,2684,1126,714,0.18577664999999996,300.0,0.01,0.001142566674388945,7651,0.0001
806400,2688,1127,715,0.11413182,300.0,0.01,0.0005904242862015963,7663,0.0001
807600,2692,1128,715,0.19455193999999998,300.0,0.01,0.0006813663057982922,7675,0.0001
808800,2696,1129,716,0.27279472000000005,300.0,0.01,0.0006073401309549809,7687,0.0001
810000,2700,1129,716,0.19665076000000006,300.0,0.01,0.0005113156512379646,7699,0.0001
811200,2704,1130,717,0.3522806100000001,300.0,0.01,0.0009373341454192996,7711,0.0001
812400,2708,1131,718,0.4580688600000001,300.0,0.01,0.0007105378899723291,7723,0.0001
813600,2712,1131,718,0.45362519000000007,300.0,0.01,0.00102075538598001,7735,0.0001
814800,2716,1132,719,0.35365506,300.0,0.01,0.0008563421433791518,7747,0.0001
816000,2720,1133,720,0.35148435999999994,300.0,0.01,0.000667382322717458,7759,0.0001
817200,2724,1134,720,0.38304011999999993,300.0,0.01,0.0007978543289937079,7771,0.0001
818400,2728,1134,721,0.32364095000000015,300.0,0.01,0.0006720036035403609,7783,0.0001
819600,2732,1135,721,0.3208817600000001,300.0,0.01,0.000643395644146949,7795,0.0001
820800,2736,1136,722,0.39386336000000005,300.0,0.01,0.0005857934593223035,7807,0.0001
822000,2740,1137,722,0.5003087700000001,300.0,0.01,0.0005828719586133957,7819,0.0001
823200,2744,1137,723,0.28845280000000006,300.0,0.01,0.0008240132592618465,7831,0.0001
824400,2748,1138,724,0.24464200000000005,300.0,0.01,0.0006942471372894943,7843,0.0001
825600,2752,1138,724,0.28256327000000014,300.0,0.01,0.0005614563706330955,7855,0.0001
826800,2756,1139,725,0.35305003000000007,300.0,0.01,0.0005038184463046491,7867,0.0001
828000,2760,1140,726,0.22594629999999996,300.0,0.01,0.0005626466008834541,7879,0.0001
829200,2764,1141,726,0.2537783600000001,300.0,0.01,0.0008460614481009543,7891,0.0001
830400,2768,1141,727,0.09964712000000006,300.0,0.01,0.0006508606020361185,7903,0.0001
831600,2772,1142,728,0.14981796999999997,300.0,0.01,0.0005599146825261414,7915,0.0001
832800,2776,1142,728,0.06876710000000001,300.0,0.01,0.0007069897255860269,7927,0.0001
834000,2780,1143,729,-0.07262413999999995,300.0,0.01,0.0008986511966213584,7939,0.0001
835200,2784,1143,730,-0.16475379,300.0,0.01,0.0006826015887781978,7951,0.0001
836400,2788,1144,730,-0.044429809999999896,300.0,0.01,0.0008572944789193571,7963,0.0001
837600,2792,1145,731,0.02240362000000009,300.0,0.01,0.000563565525226295,7975,0.0001
838800,2796,1146,731,0.09844272000000005,300.0,0.01,0.0008266512304544449,7987,0.0001
840000,2800,1146,732,0.09307982000000005,300.0,0.01,0.0005023736739531159,7999,0.0001
841200,2804,1147,733,0.14055774000000004,300.0,0.01,0.0007427965174429119,8011,0.0001
842400,2808,1148,733,0.10441463000000006,300.0,0.01,0.0008617316489107907,8023,0.0001
843600,2812,1148,734,0.1409436400000001,300.0,0.01,0.001015232875943184,8035,0.0001
844800,2816,1149,734,0.06669787000000006,300.0,0.01,0.0007323063327930868,8047,0.0001
846000,2820,1150,735,0.11856569000000006,300.0,0.01,0.0008195073460228741,8059,0.0001
847200,2824,1150,736,-0.03512838999999994,300.0,0.01,0.0006240316433832049,8071,0.0001
848400,2828,1151,736,-0.09439771999999996,300.0,0.01,0.0007751847733743489,8083,0.0001
849600,2832,1152,737,0.03368356000000003,300.0,0.01,0.000765458564274013,8095,0.0001
850800,2836,1152,737,-0.020893029999999962,300.0,0.01,0.0006077843718230724,8107,0.0001
852000,2840,1152,738,-0.23762977999999996,300.0,0.01,0.0007121894741430879,8119,0.0001
853200,2844,1153,739,-0.21502156999999997,300.0,0.01,0.0007142364047467709,8131,0.0001
854400,2848,1154,740,-0.30813073,300.0,0.01,0.0006769454339519143,8143,0.0001
855600,2852,1154,740,-0.33654032000000006,300.0,0.01,0.0005423494148999453,8155,0.0001
856800,2856,1155,741,-0.56815936,300.0,0.01,0.0007085846737027168,8167,0.0001
858000,2860,1156,741,-0.5216101599999999,300.0,0.01,0.00035217643016949296,8179,0.0001
859200,2864,1157,742,-0.3921368799999999,300.0,0.01,0.0005296712624840438,8191,0.0001
860400,2868,1157,743,-0.33848581000000005,300.0,0.01,0.000734932953491807,8203,0.0001
861600,2872,1158,743,-0.47854959,300.0,0.01,0.0009329145541414618,8215,0.0001
862800,2876,1158,744,-0.51737622,300.0,0.01,0.0008068750030361116,8227,0.0001
864000,2880,1159,745,-0.40209533999999997,300.0,0.01,0.0007779196603223681,8239,0.0001
865200,2884,1160,745,-0.35164407,300.0,0.01,0.0006824898300692439,8251,0.0001
866400,2888,1160,746,-0.4425983300000001,300.0,0.01,0.0005971532664261758,8263,0.0001
867600,2892,1161,747,-0.50348813,300.0,0.01,0.0006301705725491047,8275,0.0001
868800,2896,1161,747,-0.5126347400000002,300.0,0.01,0.00043990067206323147,8287,0.0001
870000,2900,1162,748,-0.4289708400000001,300.0,0.01,0.0008683798369020224,8299,0.0001
871200,2904,1163,748,-0.4375996900000002,300.0,0.01,0.0007559270597994328,8311,0.0001
872400,2908,1163,749,-0.3199143600000001,300.0,0.01,0.0006554527208209038,8323,0.0001
873600,2912,1164,750,-0.23931237000000005,300.0,0.01,0.0008723393548280001,8335,0.0001
874800,2916,1165,750,-0.26251771,300.0,0.01,0.0005105015588924289,8347,0.0001
876000,2920,1165,751,-0.22396405000000005,300.0,0.01,0.0007152952020987868,8359,0.0001
877200,2924,1166,751,0.07661758999999999,300.0,0.01,0.00047254940727725625,8371,0.0001
878400,2928,1167,752,0.28304867999999994,300.0,0.01,0.0006517561268992722,8383,0.0001
879600,2932,1167,753,0.10472596999999995,300.0,0.01,0.0006717151263728738,8395,0.0001
880800,2936,1168,753,-0.010597510000000003,300.0,0.01,0.00047431449638679624,8407,0.0001
882000,2940,1169,754,0.014712469999999983,300.0,0.01,0.0005607652710750699,8419,0.0001
883200,2944,1170,754,0.07982792,300.0,0.01,0.0005653513362631202,8431,0.0001
884400,2948,1170,755,0.14635398,300.0,0.01,0.0005892839981243014,8443,0.0001
885600,2952,1171,756,0.19861485,300.0,0.01,0.0006793545326218009,8455,0.0001
886800,2956,1171,756,0.3007064000000001,300.0,0.01,0.0006240037037059665,8467,0.0001
888000,2960,1172,757,0.3362378800000001,300.0,0.01,0.0006782280979678035,8479,0.0001
889200,2964,1172,758,0.29020718,300.0,0.01,0.0006609149859286845,8491,0.0001
890400,2968,1173,758,0.29021086999999995,300.0,0.01,0.0007924264064058661,8503,0.0001
891600,2972,1173,759,0.3928559299999999,300.0,0.01,0.0006023944006301463,8515,0.0001
892800,2976,1174,760,0.3150311099999999,300.0,0.01,0.0005329176783561707,8527,0.0001
894000,2980,1175,760,0.24300421999999988,300.0,0.01,0.0008014896302483976,8539,0.0001
895200,2984,1175,761,0.15455053999999996,300.0,0.01,0.000635152158793062,8551,0.0001
896400,2988,1176,762,0.13417334999999997,300.0,0.01,0.0005225094500929117,8563,0.0001
897600,2992,1176,762,0.15324050999999997,300.0,0.01,0.0005472235498018563,8575,0.0001
898800,2996,1177,763,0.034686969999999935,300.0,0.01,0.0005528865149244666,8587,0.0001
900000,3000,1109,810,-0.027886420000000058,300.0,0.01,0.0006566065712831914,8599,0.0001
901200,3004,1110,811,-0.004577450000000036,300.0,0.01,0.0006783397402614355,8611,0.0001
902400,3008,1111,812,-0.11722160000000002,300.0,0.01,0.0013569616712629795,8623,0.0001
903600,3012,1111,812,-0.16401797,300.0,0.01,0.0005253316485323012,8635,0.0001
904800,3016,1112,813,-0.0358087,300.0,0.01,0.0006946453941054642,8647,0.0001
906000,3020,1113,813,-0.10499246000000002,300.0,0.01,0.0005673974519595504,8659,0.0001
907200,3024,1113,814,-0.20747895,300.0,0.01,0.0006510242819786072,8671,0.0001
908400,3028,1114,814,-0.27339369999999996,300.0,0.01,0.0005719566252082586,8683,0.0001
909600,3032,1115,815,-0.1315757400000001,300.0,0.01,0.000945055449847132,8695,0.0001
910800,3036,1115,816,0.05816701999999994,300.0,0.01,0.000646984379272908,8707,0.0001
912000,3040,1116,816,0.28801903999999995,300.0,0.01,0.0006287761498242617,8719,0.0001
913200,3044,1116,817,0.28029230000000005,300.0,0.01,0.0007859962643124163,8731,0.0001
914400,3048,1117,818,0.24001308000000005,300.0,0.01,0.0007168716983869672,8743,0.0001
915600,3052,1117,819,0.13394546,300.0,0.01,0.000650556932669133,8755,0.0001
916800,3056,1118,819,0.15422494999999994,300.0,0.01,0.0007282152073457837,8767,0.0001
918000,3060,1119,820,0.17261670999999995,300.0,0.01,0.0006472078966908157,8779,0.0001
919200,3064,1119,820,0.12079702999999999,300.0,0.01,0.0006953754345886409,8791,0.0001
920400,3068,1120,821,0.1405912099999999,300.0,0.01,0.0006587139214389026,8803,0.0001
921600,3072,1120,822,0.17676077999999998,300.0,0.01,0.0020054043270647526,8815,0.0001
922800,3076,1121,823,0.17495622999999993,300.0,0.01,0.0007955807959660888,8827,0.0001
924000,3080,1121,823,0.24899071,300.0,0.01,0.00047607021406292915,8839,0.0001
925200,3084,1122,824,0.3623323499999999,300.0,0.01,0.0006153624271973968,8851,0.0001
926400,3088,1122,825,0.62682317,300.0,0.01,0.0008545329328626394,8863,0.0001
927600,3092,1123,825,0.70045523,300.0,0.01,0.0005149635253474116,8875,0.0001
928800,3096,1123,826,0.7924480399999997,300.0,0.01,0.0005565651226788759,8887,0.0001
930000,3100,1124,827,0.79262037,300.0,0.01,0.0005453702760860324,8899,0.0001
931200,3104,1124,828,0.7022981399999998,300.0,0.01,0.0008053185883909464,8911,0.0001
932400,3108,1124,829,0.7702918700000001,300.0,0.01,0.0006989947287365794,8923,0.0001
933600,3112,1125,829,0.8039625299999997,300.0,0.01,0.0009617744944989681,8935,0.0001
934800,3116,1125,830,0.7071687599999997,300.0,0.01,0.0006394147640094161,8947,0.0001
936000,3120,1126,830,0.6849976399999999,300.0,0.01,0.0005107705947011709,8959,0.0001
937200,3124,1126,831,0.57123357,300.0,0.01,0.0005304578226059675,8971,0.0001
938400,3128,1127,832,0.63251456,300.0,0.01,0.0005853285547345877,8983,0.0001
939600,3132,1128,832,0.5795859799999998,300.0,0.01,0.0007650230545550585,8995,0.0001
940800,3136,1128,833,0.5092180299999999,300.0,0.01,0.0007492425502277911,9007,0.0001
942000,3140,1129,834,0.31706311,300.0,0.01,0.000643409788608551,9019,0.0001
943200,3144,1129,834,0.3556641499999999,300.0,0.01,0.0011335057206451893,9031,0.0001
944400,3148,1130,835,0.47458701000000003,300.0,0.01,0.0005191707168705761,9043,0.0001
945600,3152,1130,836,0.61384601,300.0,0.01,0.0006341770058497787,9055,0.0001
946800,3156,1131,836,0.6866140800000001,300.0,0.01,0.0007218770915642381,9067,0.0001
948000,3160,1131,837,0.60667224,300.0,0.01,0.0006451340159401298,9079,0.0001
949200,3164,1132,838,0.60929967,300.0,0.01,0.0004938881611451507,9091,0.0001
950400,3168,1133,838,0.5665834599999999,300.0,0.01,0.0007124023977667093,9103,0.0001
951600,3172,1133,839,0.5151478599999999,300.0,0.01,0.0009026876068674028,9115,0.0001
952800,3176,1134,840,0.6712262499999998,300.0,0.01,0.0005650683888234198,9127,0.0001
954000,3180,1134,840,0.6631815599999998,300.0,0.01,0.0006599418702535331,9139,0.0001
955200,3184,1135,841,0.49731726000000015,300.0,0.01,0.0006772158085368574,9151,0.0001
956400,3188,1136,841,0.34460431999999996,300.0,0.01,0.0005511969793587923,9163,0.0001
957600,3192,1136,842,0.19856927999999996,300.0,0.01,0.0006724006379954517,9175,0.0001
958800,3196,1137,843,0.14634557999999998,300.0,0.01,0.0008258601883426309,9187,0.0001
960000,3200,1137,843,0.18186222999999996,300.0,0.01,0.0006973047275096178,9199,0.0001
961200,3204,1138,844,0.21826166999999994,300.0,0.01,0.0011987036559730768,9211,0.0001
962400,3208,1139,844,0.12507861,300.0,0.01,0.00067708088317886,9223,0.0001
963600,3212,1139,845,0.06461855000000004,300.0,0.01,0.0009203713270835578,9235,0.0001
964800,3216,1140,846,0.16119248999999997,300.0,0.01,0.0005717192543670535,9247,0.0001
966000,3220,1140,846,0.18692567000000002,300.0,0.01,0.0004923413507640362,9259,0.0001
967200,3224,1141,847,0.23099238,300.0,0.01,0.00034845032496377826,9271,0.0001
968400,3228,1141,848,-0.01222436000000002,300.0,0.01,0.0007460948545485735,9283,0.0001
969600,3232,1141,849,-0.08002771000000004,300.0,0.01,0.0015185823431238532,9295,0.0001
970800,3236,1142,849,-0.10768121000000001,300.0,0.01,0.0006292600301094353,9307,0.0001
972000,3240,1142,850,0.034300050000000006,300.0,0.01,0.0006850231438875198,9319,0.0001
973200,3244,1143,851,-0.05046162000000001,300.0,0.01,0.0005625163321383297,9331,0.0001
974400,3248,1143,851,-0.11162129999999998,300.0,0.01,0.0008269405225291848,9343,0.0001
975600,3252,1144,852,-0.11312041,300.0,0.01,0.0009199277264997363,9355,0.0001
976800,3256,1144,853,-0.11262984999999998,300.0,0.01,0.0007108493009582162,9367,0.0001
978000,3260,1145,853,-0.02232634999999999,300.0,0.01,0.0006012320518493652,9379,0.0001
979200,3264,1145,854,0.07614596000000003,300.0,0.01,0.0008494593785144389,9391,0.0001
980400,3268,1146,855,0.11877579999999996,300.0,0.01,0.0006408622721210122,9403,0.0001
981600,3272,1146,855,0.10387419999999997,300.0,0.01,0.0005793432937934995,9415,0.0001
982800,3276,1147,856,0.11373627000000003,300.0,0.01,0.0006001103902235627,9427,0.0001
984000,3280,1147,857,0.07640593000000007,300.0,0.01,0.0005138146225363016,9439,0.0001
985200,3284,1147,858,0.13024899000000004,300.0,0.01,0.0007141223177313805,9451,0.0001
986400,3288,1148,859,0.23658759000000007,300.0,0.01,0.0007805003551766276,9463,0.0001
987600,3292,1148,859,0.41020345000000014,300.0,0.01,0.0006234204047359526,9475,0.0001
988800,3296,1149,860,0.6399258300000001,300.0,0.01,0.0013983487151563168,9487,0.0001
990000,3300,1150,860,0.50367177,300.0,0.01,0.00047667959006503224,9499,0.0001
991200,3304,1150,861,0.48368938000000006,300.0,0.01,0.0004267797339707613,9511,0.0001
992400,3308,1151,862,0.46976014,300.0,0.01,0.00040113579598255455,9523,0.0001
993600,3312,1151,862,0.5548773499999998,300.0,0.01,0.0008127049077302217,9535,0.0001
994800,3316,1152,863,0.74213776,300.0,0.01,0.0005751955322921276,9547,0.0001
996000,3320,1152,864,0.71400075,300.0,0.01,0.0005929988110437989,9559,0.0001
997200,3324,1153,864,0.75171048,300.0,0.01,0.0006716294446960092,9571,0.0001
998400,3328,1153,865,0.8572089599999999,300.0,0.01,0.000534821068868041,9583,0.0001
999600,3332,1153,866,0.8434449800000001,300.0,0.01,0.0005033924244344234,9595,0.0001
1000800,3336,1094,914,0.89109591,300.0,0.01,0.0005862741963937879,9607,0.0001
1002000,3340,1095,914,0.7548418199999999,300.0,0.01,0.000662023201584816,9619,0.0001
1003200,3344,1095,915,0.8376017999999997,300.0,0.01,0.0011234445264562964,9631,0.0001
1004400,3348,1096,916,0.9427324,300.0,0.01,0.0006364742876030505,9643,0.0001
1005600,3352,1096,916,0.8598696100000001,300.0,0.01,0.0004997593932785094,9655,0.0001
1006800,3356,1097,917,0.8076879000000001,300.0,0.01,0.0007100128568708897,9667,0.0001
1008000,3360,1097,918,0.7115817399999999,300.0,0.01,0.0012458610581234097,9679,0.0001
1009200,3364,1098,919,0.6483282799999999,300.0,0.01,0.0005817302735522389,9691,0.0001
1010400,3368,1098,919,0.6919048199999999,300.0,0.01,0.000434626592323184,9703,0.0001
1011600,3372,1099,920,0.7053804800000001,300.0,0.01,0.0005447656149044633,9715,0.0001
1012800,3376,1099,921,0.60077079,300.0,0.01,0.0012463820166885853,9727,0.0001
1014000,3380,1100,921,0.54152505,300.0,0.01,0.0007185582653619349,9739,0.0001
1015200,3384,1100,922,0.5865127099999999,300.0,0.01,0.0007338725263252854,9751,0.0001
1016400,3388,1100,923,0.49452663999999996,300.0,0.01,0.0006862441659905016,9763,0.0001
1017600,3392,1101,923,0.47166900999999994,300.0,0.01,0.0004676838289014995,9775,0.0001
1018800,3396,1101,924,0.16964395999999993,300.0,0.01,0.0007018250180408359,9787,0.0001
1020000,3400,1102,925,0.21257692000000003,300.0,0.01,0.0004650853225030005,9799,0.0001
1021200,3404,1102,925,0.19340820000000003,300.0,0.01,0.0007909348350949585,9811,0.0001
1022400,3408,1103,926,0.24315180000000006,300.0,0.01,0.0004821205511689186,9823,0.0001
1023600,3412,1103,927,0.28685012000000004,300.0,0.01,0.0006080219754949212,9835,0.0001
1024800,3416,1104,928,0.07040092999999997,300.0,0.01,0.0007771352538838983,9847,0.0001
1026000,3420,1104,928,0.17131226999999996,300.0,0.01,0.0007239351398311555,9859,0.0001
1027200,3424,1105,929,0.21551037000000003,300.0,0.01,0.0006664684624411166,9871,0.0001
1028400,3428,1105,930,0.20882939,300.0,0.01,0.000843705958686769,9883,0.0001
1029600,3432,1106,930,0.25829346999999997,300.0,0.01,0.0006630130810663104,9895,0.0001
1030800,3436,1106,931,0.2954848599999999,300.0,0.01,0.0007779826410114765,9907,0.0001
1032000,3440,1107,931,0.29860306999999986,300.0,0.01,0.0007880511693656445,9919,0.0001
1033200,3444,1107,932,0.26158080999999994,300.0,0.01,0.0006538876332342625,9931,0.0001
1034400,3448,1108,933,0.1322887599999999,300.0,0.01,0.0006428909255191684,9943,0.0001
1035600,3452,1109,933,0.11869984,300.0,0.01,0.0006202369695529342,9955,0.0001
1036800,3456,1109,934,0.061778070000000004,300.0,0.01,0.0006469255313277245,9967,0.0001
1038000,3460,1110,935,0.0630688,300.0,0.01,0.0006026438204571605,9979,0.0001
1039200,3464,1110,935,0.036215390000000014,300.0,0.01,0.0009138794848695397,9991,0.0001
1040400,3468,1111,936,-0.07793198999999996,300.0,0.01,0.00039058795664459467,10003,0.0001
1041600,3472,1111,936,-0.017335109999999973,300.0,0.01,0.0005997641710564494,10015,0.0001
1042800,3476,1112,937,-0.10452223999999997,300.0,0.01,0.000609438749961555,10027,0.0001
1044000,3480,1112,938,-0.08136871000000001,300.0,0.01,0.000571088632568717,10039,0.0001
1045200,3484,1112,939,-0.15029570000000003,300.0,0.01,0.0007621822878718376,10051,0.0001
1046400,3488,1113,939,-0.28115477,300.0,0.01,0.0006266959244385362,10063,0.0001
1047600,3492,1114,940,-0.3760435200000001,300.0,0.01,0.0005174507386982441,10075,0.0001
1048800,3496,1114,940,-0.31400414000000004,300.0,0.01,0.0012189479311928153,10087,0.0001
1050000,3500,1115,941,-0.31707678000000006,300.0,0.01,0.0008064006688073277,10099,0.0001
1051200,3504,1115,942,-0.2710809800000001,300.0,0.01,0.0006587941898033023,10111,0.0001
1052400,3508,1116,942,-0.29441284,300.0,0.01,0.0008103679865598679,10123,0.0001
1053600,3512,1116,943,-0.5426331500000001,300.0,0.01,0.0005536566022783518,10135,0.0001
1054800,3516,1117,944,-0.6514450400000001,300.0,0.01,0.0008037694497033954,10147,0.0001
1056000,3520,1117,944,-0.7776481600000001,300.0,0.01,0.0012821090640500188,10159,0.0001
1057200,3524,1118,945,-0.79190331,300.0,0.01,0.000836838677059859,10171,0.0001
1058400,3528,1118,946,-0.73096679,300.0,0.01,0.0009120295871980488,10183,0.0001
1059600,3532,1119,946,-0.77667648,300.0,0.01,0.0004802448092959821,10195,0.0001
1060800,3536,1119,947,-0.7934238900000001,300.0,0.01,0.0007848567911423743,10207,0.0001
1062000,3540,1119,948,-0.8183844800000002,300.0,0.01,0.0006898576975800097,10219,0.0001
1063200,3544,1119,949,-0.8139638399999999,300.0,0.01,0.000640953192487359,10231,0.0001
1064400,3548,1120,950,-0.7657480500000001,300.0,0.01,0.0007651815540157259,10243,0.0001
1065600,3552,1120,950,-0.7808706099999999,300.0,0.01,0.0006745110731571913,10255,0.0001
1066800,3556,1121,951,-0.66851428,300.0,0.01,0.0006026270566508174,10267,0.0001
1068000,3560,1121,951,-0.6135778999999999,300.0,0.01,0.000601480423938483,10279,0.0001
1069200,3564,1122,952,-0.4808617699999999,300.0,0.01,0.0005676994333043694,10291,0.0001
1070400,3568,1122,953,-0.38674517999999997,300.0,0.01,0.0007494810852222145,10303,0.0001
1071600,3572,1123,954,-0.3799125700000001,300.0,0.01,0.0013935473980382085,10315,0.0001
1072800,3576,1123,954,-0.2841107900000001,300.0,0.01,0.0005290837725624442,10327,0.0001
1074000,3580,1124,955,-0.21690015,300.0,0.01,0.0005738026229664683,10339,0.0001
1075200,3584,1124,955,-0.32592673,300.0,0.01,0.0005877689691260457,10351,0.0001
1076400,3588,1125,956,-0.29841004000000004,300.0,0.01,0.0004607767332345247,10363,0.0001
1077600,3592,1125,957,-0.28600650999999994,300.0,0.01,0.001104986877180636,10375,0.0001
1078800,3596,1126,957,-0.24338638999999992,300.0,0.01,0.0006707373540848494,10387,0.0001
1080000,3600,1126,958,-0.1598899099999999,300.0,0.01,0.0015047620981931686,10399,0.0001
1081200,3604,1127,959,-0.20035554999999994,300.0,0.01,0.0007434327271766961,10411,0.0001
1082400,3608,1127,960,-0.1703833999999999,300.0,0.01,0.000778967805672437,10423,0.0001
1083600,3612,1127,960,-0.09007767999999991,300.0,0.01,0.0006623908993788064,10435,0.0001
1084800,3616,1128,961,-0.04057469999999995,300.0,0.01,0.0009122883202508092,10447,0.0001
1086000,3620,1129,961,-0.031770390000000016,300.0,0.01,0.0005078274989500642,10459,0.0001
1087200,3624,1129,962,-0.15135019000000005,300.0,0.01,0.0006531783728860319,10471,0.0001
1088400,3628,1130,963,-0.20324225,300.0,0.01,0.0005728919059038162,10483,0.0001
1089600,3632,1130,963,-0.19154281999999995,300.0,0.01,0.0007227947935461998,10495,0.0001
1090800,3636,1131,964,-0.22972954999999998,300.0,0.01,0.0009146652882918715,10507,0.0001
1092000,3640,1131,964,-0.13388451999999998,300.0,0.01,0.0007501327199861407,10519,0.0001
1093200,3644,1132,965,-0.21289051000000003,300.0,0.01,0.0006505020428448915,10531,0.0001
1094400,3648,1132,966,-0.18130083,300.0,0.01,0.0008568356279283762,10543,0.0001
1095600,3652,1133,966,-0.00865428999999998,300.0,0.01,0.0005854602204635739,10555,0.0001
1096800,3656,1133,967,-0.11365725999999998,300.0,0.01,0.0007442618953064084,10567,0.0001
1098000,3660,1133,968,-0.012924529999999912,300.0,0.01,0.0007122107781469822,10579,0.0001
1099200,3664,1134,969,-0.15276998999999986,300.0,0.01,0.000709008309058845,10591,0.0001
1100400,3668,1081,1017,-0.21352995999999982,300.0,0.01,0.0005939763505011797,10603,0.0001
1101600,3672,1081,1018,-0.24246051999999987,300.0,0.01,0.0007977211498655379,10615,0.0001
1102800,3676,1082,1019,-0.20296681,300.0,0.01,0.000723422912415117,10627,0.0001
1104000,3680,1082,1019,-0.23152732999999992,300.0,0.01,0.00047053309390321374,10639,0.0001
1105200,3684,1083,1020,-0.07898521999999993,300.0,0.01,0.0006818723632022738,10651,0.0001
1106400,3688,1083,1020,-0.09503887999999999,300.0,0.01,0.0011402961099520326,10663,0.0001
1107600,3692,1084,1021,-0.003316740000000009,300.0,0.01,0.00078604492591694,10675,0.0001
1108800,3696,1084,1022,-0.13681993999999997,300.0,0.01,0.0006831391947343946,10687,0.0001
1110000,3700,1085,1022,-0.19415684999999996,300.0,0.01,0.0007734633982181549,10699,0.0001
1111200,3704,1085,1023,-0.08665777999999995,300.0,0.01,0.001294393907301128,10711,0.0001
1112400,3708,1086,1024,-0.06091881999999997,300.0,0.01,0.0005739936605095863,10723,0.0001
1113600,3712,1086,1024,-0.10157103999999997,300.0,0.01,0.0005810991860926151,10735,0.0001
1114800,3716,1087,1025,-0.12118662999999995,300.0,0.01,0.0006384867592714727,10747,0.0001
1116000,3720,1087,1026,-0.19354994999999994,300.0,0.01,0.0004926351248286664,10759,0.0001
1117200,3724,1088,1026,-0.20602540000000003,300.0,0.01,0.0006762364064343274,10771,0.0001
1118400,3728,1088,1027,-0.20268724000000005,300.0,0.01,0.0005522823776118457,10783,0.0001
1119600,3732,1088,1028,-0.25244416000000003,300.0,0.01,0.0005757964681833982,10795,0.0001
1120800,3736,1089,1028,-0.28322961,300.0,0.01,0.0010113088646903634,10807,0.0001
1122000,3740,1089,1029,-0.30833058999999996,300.0,0.01,0.0019269590266048908,10819,0.0001
1123200,3744,1090,1030,-0.25921714999999995,300.0,0.01,0.0005343215307220817,10831,0.0001
1124400,3748,1090,1030,-0.46425078,300.0,0.01,0.000625618442427367,10843,0.0001
1125600,3752,1091,1031,-0.6182988600000001,300.0,0.01,0.0005019408999942243,10855,0.0001
1126800,3756,1091,1032,-0.61932521,300.0,0.01,0.0005098618566989899,10867,0.0001
1128000,3760,1092,1032,-0.70414898,300.0,0.01,0.0007986135315150023,10879,0.0001
1129200,3764,1092,1033,-0.68883871,300.0,0.01,0.0006805066368542612,10891,0.0001
1130400,3768,1092,1034,-0.59382725,300.0,0.01,0.0005643118638545275,10903,0.0001
1131600,3772,1093,1034,-0.54042779,300.0,0.01,0.0007953150779940188,10915,0.0001
1132800,3776,1093,1035,-0.46004419999999996,300.0,0.01,0.0006513191619887948,10927,0.0001
1134000,3780,1093,1036,-0.4257382699999999,300.0,0.01,0.0006663032108917832,10939,0.0001
1135200,3784,1094,1037,-0.4578317399999999,300.0,0.01,0.0009240671643055975,10951,0.0001
1136400,3788,1094,1038,-0.53146576,300.0,0.01,0.0005397559143602848,10963,0.0001
1137600,3792,1094,1039,-0.6556510299999999,300.0,0.01,0.0005259954486973584,10975,0.0001
1138800,3796,1095,1039,-0.5788910500000001,300.0,0.01,0.0006861991714686155,10987,0.0001
1140000,3800,1095,1040,-0.63027767,300.0,0.01,0.0006292330217547715,10999,0.0001
1141200,3804,1096,1040,-0.7642297,300.0,0.01,0.0007911481661722064,11011,0.0001
1142400,3808,1096,1041,-0.7219757100000002,300.0,0.01,0.0005193841061554849,11023,0.0001
1143600,3812,1097,1042,-0.54494279,300.0,0.01,0.000783295719884336,11035,0.0001
1144800,3816,1097,1043,-0.67090442,300.0,0.01,0.0006895199185237288,11047,0.0001
1146000,3820,1098,1043,-0.54368031,300.0,0.01,0.001034740824252367,11059,0.0001
1147200,3824,1098,1044,-0.4858446500000001,300.0,0.01,0.0006253567407839,11071,0.0001
1148400,3828,1098,1044,-0.4674335,300.0,0.01,0.0006340584950521588,11083,0.0001
1149600,3832,1099,1045,-0.36542104999999997,300.0,0.01,0.0010435585863888264,11095,0.0001
1150800,3836,1099,1046,-0.4506122699999999,300.0,0.01,0.0006401797872968018,11107,0.0001
1152000,3840,1100,1047,-0.32072695999999984,300.0,0.01,0.0006582927890121937,11119,0.0001
1153200,3844,1100,1047,-0.29807770999999994,300.0,0.01,0.0006782280979678035,11131,0.0001
1154400,3848,1101,1048,-0.06740680999999998,300.0,0.01,0.0005201642634347081,11143,0.0001
1155600,3852,1101,1049,-0.0007350599999999386,300.0,0.01,0.0007356266141869128,11155,0.0001
1156800,3856,1101,1049,0.10745209000000006,300.0,0.01,0.0007484813686460257,11167,0.0001
1158000,3860,1102,1050,0.10484842000000004,300.0,0.01,0.0006406970787793398,11179,0.0001
1159200,3864,1102,1051,-0.043789929999999956,300.0,0.01,0.0005558960838243365,11191,0.0001
1160400,3868,1103,1051,-0.07500201999999996,300.0,0.01,0.0004961313679814339,11203,0.0001
1161600,3872,1103,1052,-0.26531509,300.0,0.01,0.0007453733123838902,11215,0.0001
1162800,3876,1104,1052,-0.3259746499999999,300.0,0.01,0.0006528793019242585,11227,0.0001
1164000,3880,1104,1053,-0.2814922499999999,300.0,0.01,0.0007499713683500886,11239,0.0001
1165200,3884,1105,1054,-0.24904978999999997,300.0,0.01,0.0007135552586987615,11251,0.0001
1166400,3888,1105,1054,-0.16287618999999995,300.0,0.01,0.0007552799070253968,11263,0.0001
1167600,3892,1106,1055,-0.09638178999999997,300.0,0.01,0.000596008263528347,11275,0.0001
1168800,3896,1106,1056,-0.012117749999999945,300.0,0.01,0.0007342041935771704,11287,0.0001
1170000,3900,1107,1056,-0.03589842999999995,300.0,0.01,0.0005488333408720791,11299,0.0001
1171200,3904,1107,1057,0.029699160000000027,300.0,0.01,0.0005557611584663391,11311,0.0001
1172400,3908,1107,1058,-0.014941459999999962,300.0,0.01,0.0007210791809484363,11323,0.0001
1173600,3912,1108,1059,-0.06156690999999995,300.0,0.01,0.0008078874088823795,11335,0.0001
1174800,3916,1108,1059,0.004341800000000038,300.0,0.01,0.0005284994258545339,11347,0.0001
1176000,3920,1109,1060,-0.04390709999999995,300.0,0.01,0.0004986472195014358,11359,0.0001
1177200,3924,1109,1061,-0.11794821999999996,300.0,0.01,0.0006344097200781107,11371,0.0001
1178400,3928,1109,1061,-0.10203216,300.0,0.01,0.000732077460270375,11383,0.0001
1179600,3932,1110,1062,-0.15957528999999998,300.0,0.01,0.0005247928202152252,11395,0.0001
1180800,3936,1110,1063,-0.07636948999999997,300.0,0.01,0.0006595876766368747,11407,0.0001
1182000,3940,1111,1063,-0.2721621,300.0,0.01,0.0007194657810032368,11419,0.0001
1183200,3944,1111,1064,-0.26462972000000007,300.0,0.01,0.000592600554227829,11431,0.0001
1184400,3948,1112,1065,-0.49545126000000006,300.0,0.01,0.000736011192202568,11443,0.0001
1185600,3952,1112,1065,-0.6628701800000001,300.0,0.01,0.0007966500706970692,11455,0.0001
1186800,3956,1112,1066,-0.7671763600000001,300.0,0.01,0.0007933955639600754,11467,0.0001
1188000,3960,1113,1067,-0.7231754499999998,300.0,0.01,0.0009520397870801389,11479,0.0001
1189200,3964,1113,1067,-0.64332082,300.0,0.01,0.0005763422232121229,11491,0.0001
1190400,3968,1113,1068,-0.6130665399999999,300.0,0.01,0.0017751279519870877,11503,0.0001
1191600,3972,1114,1069,-0.46155749,300.0,0.01,0.0007099853828549385,11515,0.0001
1192800,3976,1114,1070,-0.38289175000000014,300.0,0.01,0.0006452779634855688,11527,0.0001
1194000,3980,1114,1070,-0.44516728000000005,300.0,0.01,0.0006726529099978507,11539,0.0001
1195200,3984,1115,1071,-0.4151729000000001,300.0,0.01,0.0007043561199679971,11551,0.0001
1196400,3988,1115,1072,-0.3846644600000001,300.0,0.01,0.0007009831606410444,11563,0.0001
1197600,3992,1116,1072,-0.36834445000000005,300.0,0.01,0.0006985111394897103,11575,0.0001
1198800,3996,1116,1073,-0.47305171,300.0,0.01,0.000721752003300935,11587,0.0001
1200000,4000,1068,1123,-0.37574342,300.0,0.01,0.0014729431131854653,11599,0.0001
1201200,4004,1068,1123,-0.5485520700000001,300.0,0.01,0.0005953730433247983,11611,0.0001
1202400,4008,1069,1124,-0.55063013,300.0,0.01,0.0009481134475208819,11623,0.0001
1203600,4012,1069,1125,-0.5169300699999999,300.0,0.01,0.0004827242810279131,11635,0.0001
1204800,4016,1070,1125,-0.4043459800000001,300.0,0.01,0.000745109748095274,11647,0.0001
1206000,4020,1070,1126,-0.3911432299999999,300.0,0.01,0.0006181897479109466,11659,0.0001
1207200,4024,1070,1127,-0.31402252999999997,300.0,0.01,0.0005315381567925215,11671,0.0001
1208400,4028,1071,1128,-0.3689755699999999,300.0,0.01,0.0006138873286545277,11683,0.0001
1209600,4032,1071,1128,-0.3324407300000001,300.0,0.01,0.0008123596198856831,11695,0.0001
1210800,4036,1071,1129,-0.35624033000000005,300.0,0.01,0.0006106281070969999,11707,0.0001
1212000,4040,1072,1130,-0.3195423,300.0,0.01,0.0006220993818715215,11719,0.0001
1213200,4044,1072,1130,-0.40459485000000006,300.0,0.01,0.0006876903935335577,11731,0.0001
1214400,4048,1073,1131,-0.28096302000000006,300.0,0.01,0.0009057591669261456,11743,0.0001
1215600,4052,1073,1132,-0.12272985000000006,300.0,0.01,0.0007428915705531836,11755,0.0001
1216800,4056,1073,1133,-0.19562233999999998,300.0,0.01,0.0008187998901121318,11767,0.0001
1218000,4060,1073,1134,-0.29151658999999985,300.0,0.01,0.0006038746214471757,11779,0.0001
1219200,4064,1074,1134,-0.26543861999999996,300.0,0.01,0.0007663477445021272,11791,0.0001
1220400,4068,1074,1135,-0.3042565999999999,300.0,0.01,0.0006659934879280627,11803,0.0001
1221600,4072,1075,1136,-0.30579955999999997,300.0,0.01,0.0005802296800538898,11815,0.0001
1222800,4076,1075,1137,-0.31313566000000004,300.0,0.01,0.0014807527186349034,11827,0.0001
1224000,4080,1075,1137,-0.27464841,300.0,0.01,0.0007601543329656124,11839,0.0001
1225200,4084,1076,1138,-0.25004284,300.0,0.01,0.0006814889493398368,11851,0.0001
1226400,4088,1076,1139,-0.23167359999999984,300.0,0.01,0.0008178317220881581,11863,0.0001
1227600,4092,1077,1139,-0.15685851999999995,300.0,0.01,0.0007337921415455639,11875,0.0001
1228800,4096,1077,1140,-0.08330160000000005,300.0,0.01,0.0005609308136627078,11887,0.0001
1230000,4100,1077,1141,-0.16093915,300.0,0.01,0.0010640715481713414,11899,0.0001
1231200,4104,1078,1141,-0.04381170999999999,300.0,0.01,0.0008713368442840874,11911,0.0001
1232400,4108,1078,1142,-0.10122148999999997,300.0,0.01,0.0006552624981850386,11923,0.0001
1233600,4112,1079,1142,-0.19696781999999996,300.0,0.01,0.000703191093634814,11935,0.0001
1234800,4116,1079,1143,-0.19177608999999995,300.0,0.01,0.0006402736762538552,11947,0.0001
1236000,4120,1080,1144,-0.19146581,300.0,0.01,0.0005503653082996607,11959,0.0001
1237200,4124,1080,1144,-0.22283260000000002,300.0,0.01,0.0005578674608841538,11971,0.0001
1238400,4128,1081,1145,-0.21196382,300.0,0.01,0.0006737496005371213,11983,0.0001
1239600,4132,1081,1146,-0.17409748999999997,300.0,0.01,0.000898151658475399,11995,0.0001
1240800,4136,1081,1146,-0.06612780000000001,300.0,0.01,0.001119851367548108,12007,0.0001
1242000,4140,1082,1147,-0.020071440000000006,300.0,0.01,0.0006086568464525044,12019,0.0001
1243200,4144,1082,1148,-0.09963321,300.0,0.01,0.0008173237438313663,12031,0.0001
1244400,4148,1082,1149,-0.04441072000000004,300.0,0.01,0.0014540983829647303,12043,0.0001
1245600,4152,1083,1149,0.05139272999999995,300.0,0.01,0.0007559100049547851,12055,0.0001
1246800,4156,1083,1150,0.14310341999999995,300.0,0.01,0.0005017351359128952,12067,0.0001
1248000,4160,1084,1151,0.12975108000000002,300.0,0.01,0.0009751585894264281,12079,0.0001
1249200,4164,1084,1151,0.09409910999999999,300.0,0.01,0.0008658035658299923,12091,0.0001
1250400,4168,1085,1152,0.056818919999999974,300.0,0.01,0.0009239029022864997,12103,0.0001
1251600,4172,1085,1153,-0.017941740000000025,300.0,0.01,0.0006312431069090962,12115,0.0001
1252800,4176,1085,1153,-0.16993935999999998,300.0,0.01,0.0007183768320828676,12127,0.0001
1254000,4180,1086,1154,-0.20065469999999994,300.0,0.01,0.0005958323599770665,12139,0.0001
1255200,4184,1086,1154,-0.23829178000000004,300.0,0.01,0.0005859346711076796,12151,0.0001
1256400,4188,1087,1155,-0.25440697,300.0,0.01,0.0006923141190782189,12163,0.0001
1257600,4192,1087,1156,-0.38285114,300.0,0.01,0.0007257612887769938,12175,0.0001
1258800,4196,1087,1157,-0.44835795999999994,300.0,0.01,0.000857257517054677,12187,0.0001
1260000,4200,1088,1157,-0.43156135000000007,300.0,0.01,0.0005223543848842382,12199,0.0001
1261200,4204,1088,1158,-0.28375341000000004,300.0,0.01,0.0005153596284799278,12211,0.0001
1262400,4208,1088,1159,-0.06021752999999994,300.0,0.01,0.0006485434714704752,12223,0.0001
1263600,4212,1089,1160,-0.052828489999999916,300.0,0.01,0.0005872853216715157,12235,0.0001
1264800,4216,1089,1160,-0.024175149999999923,300.0,0.01,0.0010337431449443102,12247,0.0001
1266000,4220,1090,1161,0.16678028000000006,300.0,0.01,0.0007429156685248017,12259,0.0001
1267200,4224,1090,1161,0.24141413,300.0,0.01,0.002291109412908554,12271,0.0001
1268400,4228,1091,1162,0.34056315000000004,300.0,0.01,0.0006064624758437276,12283,0.0001
1269600,4232,1091,1163,0.32379202,300.0,0.01,0.0006159553304314613,12295,0.0001
1270800,4236,1091,1164,0.1382058100000001,300.0,0.01,0.0006707040010951459,12307,0.0001
1272000,4240,1092,1164,0.06801827,300.0,0.01,0.0008170214714482427,12319,0.0001
1273200,4244,1092,1165,0.23832065,300.0,0.01,0.0006026070914231241,12331,0.0001
1274400,4248,1092,1166,0.21973539999999991,300.0,0.01,0.0005862488178536296,12343,0.0001
1275600,4252,1093,1166,0.07635370999999999,300.0,0.01,0.0007033725851215422,12355,0.0001
1276800,4256,1093,1167,0.12471423999999998,300.0,0.01,0.0011839943472296,12367,0.0001
1278000,4260,1093,1168,0.28895038999999995,300.0,0.01,0.0009123074705712497,12379,0.0001
1279200,4264,1094,1168,0.32171651999999995,300.0,0.01,0.0006195147288963199,12391,0.0001
1280400,4268,1094,1169,0.38462365999999987,300.0,0.01,0.0005467497976496816,12403,0.0001
1281600,4272,1095,1170,0.38359555,300.0,0.01,0.000648659304715693,12415,0.0001
1282800,4276,1095,1170,0.42290688000000004,300.0,0.01,0.0005435342900454998,12427,0.0001
1284000,4280,1096,1171,0.44080569,300.0,0.01,0.0032725976780056953,12439,0.0001
1285200,4284,1096,1172,0.33863302000000006,300.0,0.01,0.0004973014001734555,12451,0.0001
1286400,4288,1096,1172,0.24480956999999992,300.0,0.01,0.00066211266675964,12463,0.0001
1287600,4292,1097,1173,0.14533616000000002,300.0,0.01,0.0004975628107786179,12475,0.0001
1288800,4296,1097,1174,0.11259518,300.0,0.01,0.0007039082702249289,12487,0.0001
1290000,4300,1098,1174,0.08370238,300.0,0.01,0.0007235364173538983,12499,0.0001
1291200,4304,1098,1175,-0.13432570999999996,300.0,0.01,0.0007032246212475002,12511,0.0001
1292400,4308,1099,1175,-0.34589068999999995,300.0,0.01,0.0006098266458138824,12523,0.0001
1293600,4312,1099,1176,-0.2620213599999999,300.0,0.01,0.0008232233813032508,12535,0.0001
1294800,4316,1099,1177,-0.21607074,300.0,0.01,0.0023146711755543947,12547,0.0001
1296000,4320,1100,1178,-0.3709909799999999,300.0,0.01,0.0007408937090076506,12559,0.0001
1297200,4324,1100,1178,-0.50229047,300.0,0.01,0.0006140448385849595,12571,0.0001
1298400,4328,1100,1179,-0.45214311000000007,300.0,0.01,0.000754533801227808,12583,0.0001
1299600,4332,1101,1180,-0.38003747000000004,300.0,0.01,0.00048071390483528376,12595,0.0001
1300800,4336,1057,1230,-0.28921533000000005,300.0,0.01,0.0005696600419469178,12607,0.0001
1302000,4340,1057,1230,-0.15789834999999997,300.0,0.01,0.0007989544537849724,12619,0.0001
1303200,4344,1058,1231,-0.14931898999999998,300.0,0.01,0.0007905307575128973,12631,0.0001
1304400,4348,1058,1232,-0.13908437000000007,300.0,0.01,0.0012937004212290049,12643,0.0001
1305600,4352,1059,1232,-0.2734551900000001,300.0,0.01,0.00060162169393152,12655,0.0001
1306800,4356,1059,1233,-0.31004854000000004,300.0,0.01,0.0005970049533061683,12667,0.0001
1308000,4360,1060,1233,-0.56422806,300.0,0.01,0.0007459980552084744,12679,0.0001
1309200,4364,1060,1234,-0.6164138000000001,300.0,0.01,0.0006821732386015356,12691,0.0001
1310400,4368,1060,1235,-0.6124847200000001,300.0,0.01,0.0007149275625124574,12703,0.0001
1311600,4372,1061,1236,-0.6274474100000001,300.0,0.01,0.0008100848644971848,12715,0.0001
1312800,4376,1061,1236,-0.5422350600000001,300.0,0.01,0.0006156094023026526,12727,0.0001
1314000,4380,1061,1237,-0.4917751799999999,300.0,0.01,0.001024317112751305,12739,0.0001
1315200,4384,1062,1238,-0.4316854999999999,300.0,0.01,0.0007462830981239676,12751,0.0001
1316400,4388,1062,1239,-0.23586196999999995,300.0,0.01,0.0015069660730659962,12763,0.0001
1317600,4392,1062,1239,-0.010027169999999995,300.0,0.01,0.0007431535632349551,12775,0.0001
1318800,4396,1063,1240,0.08938211999999991,300.0,0.01,0.001253828639164567,12787,0.0001
1320000,4400,1063,1241,0.26627877999999994,300.0,0.01,0.0006983435596339405,12799,0.0001
1321200,4404,1063,1241,0.3484506800000001,300.0,0.01,0.0006327728042379022,12811,0.0001
1322400,4408,1064,1242,0.40702579000000005,300.0,0.01,0.0005951150669716299,12823,0.0001
1323600,4412,1064,1243,0.39697982000000004,300.0,0.01,0.0024074269458651543,12835,0.0001
1324800,4416,1065,1243,0.31100752,300.0,0.01,0.0006044065812602639,12847,0.0001
1326000,4420,1065,1244,0.22951127000000007,300.0,0.01,0.0006884673493914306,12859,0.0001
1327200,4424,1065,1245,0.3429282100000001,300.0,0.01,0.000794609310105443,12871,0.0001
1328400,4428,1066,1246,0.22347543000000003,300.0,0.01,0.001380586065351963,12883,0.0001
1329600,4432,1066,1246,0.19200569000000006,300.0,0.01,0.001165637862868607,12895,0.0001
1330800,4436,1066,1247,0.2511811800000001,300.0,0.01,0.0025681154802441597,12907,0.0001
1332000,4440,1066,1248,0.18171955000000006,300.0,0.01,0.000824436719994992,12919,0.0001
1333200,4444,1066,1249,0.21321451000000002,300.0,0.01,0.0010050187120214105,12931,0.0001
1334400,4448,1067,1250,0.23337159000000007,300.0,0.01,0.0007063907687552273,12943,0.0001
1335600,4452,1067,1251,0.46748982000000006,300.0,0.01,0.0006123947678133845,12955,0.0001
1336800,4456,1067,1251,0.41098388999999996,300.0,0.01,0.0008945351000875235,12967,0.0001
1338000,4460,1068,1252,0.6613901100000001,300.0,0.01,0.0005678099114447832,12979,0.0001
1339200,4464,1068,1253,0.6586610900000001,300.0,0.01,0.001326930825598538,12991,0.0001
1340400,4468,1068,1253,0.43702609000000003,300.0,0.01,0.0008731702109798789,13003,0.0001
1341600,4472,1069,1254,0.50559667,300.0,0.01,0.0007589478045701981,13015,0.0001
1342800,4476,1069,1255,0.26249328999999993,300.0,0.01,0.0006111983675509691,13027,0.0001
1344000,4480,1070,1256,0.20824673999999999,300.0,0.01,0.0006238325731828809,13039,0.0001
1345200,4484,1070,1256,0.16200777000000002,300.0,0.01,0.000588601513300091,13051,0.0001
1346400,4488,1070,1257,0.03660230000000001,300.0,0.01,0.0016447288217023015,13063,0.0001
1347600,4492,1071,1258,-0.1024616,300.0,0.01,0.0006988832028582692,13075,0.0001
1348800,4496,1071,1258,-0.09953888999999996,300.0,0.01,0.0011945993173867464,13087,0.0001
1350000,4500,1071,1259,-0.18263228999999995,300.0,0.01,0.0008142386795952916,13099,0.0001
1351200,4504,1072,1260,-0.19342450999999997,300.0,0.01,0.000654883508104831,13111,0.0001
1352400,4508,1072,1260,-0.2992700399999999,300.0,0.01,0.0008951284689828753,13123,0.0001
1353600,4512,1073,1261,-0.34006467,300.0,0.01,0.0010139727964997292,13135,0.0001
1354800,4516,1073,1262,-0.3904884499999999,300.0,0.01,0.000757864851038903,13147,0.0001
1356000,4520,1073,1262,-0.28070806000000004,300.0,0.01,0.0006424025050364435,13159,0.0001
1357200,4524,1074,1263,-0.28063160000000004,300.0,0.01,0.0005857443902641535,13171,0.0001
1358400,4528,1074,1264,-0.15814841000000007,300.0,0.01,0.0011079339310526848,13183,0.0001
1359600,4532,1075,1264,-0.20827094,300.0,0.01,0.0017542134737595916,13195,0.0001
1360800,4536,1075,1265,-0.24736607999999993,300.0,0.01,0.000569615513086319,13207,0.0001
1362000,4540,1075,1266,-0.30330205,300.0,0.01,0.0007361629395745695,13219,0.0001
1363200,4544,1076,1266,-0.37476920999999996,300.0,0.01,0.0007032868452370167,13231,0.0001
1364400,4548,1076,1267,-0.36067595000000013,300.0,0.01,0.0006476526032201946,13243,0.0001
1365600,4552,1076,1268,-0.49510819000000006,300.0,0.01,0.000517491134814918,13255,0.0001
1366800,4556,1076,1269,-0.49603804,300.0,0.01,0.0005056101363152266,13267,0.0001
1368000,4560,1077,1269,-0.7946821100000001,300.0,0.01,0.0005341116338968277,13279,0.0001
1369200,4564,1077,1270,-0.7449854499999999,300.0,0.01,0.0006837459513917565,13291,0.0001
1370400,4568,1078,1271,-0.65064599,300.0,0.01,0.0006844971794635057,13303,0.0001
1371600,4572,1078,1271,-0.4570794199999999,300.0,0.01,0.0008967622998170555,13315,0.0001
1372800,4576,1078,1272,-0.2723123,300.0,0.01,0.0007539366488344967,13327,0.0001
1374000,4580,1079,1273,-0.24080754000000007,300.0,0.01,0.0007974763866513968,13339,0.0001
1375200,4584,1079,1273,-0.09773363000000007,300.0,0.01,0.0006062773172743618,13351,0.0001
1376400,4588,1080,1274,-0.022135450000000025,300.0,0.01,0.0006371909403242171,13363,0.0001
1377600,4592,1080,1275,0.0017416099999999668,300.0,0.01,0.0006811565835960209,13375,0.0001
1378800,4596,1080,1275,0.05333143,300.0,0.01,0.0009474985999986529,13387,0.0001
1380000,4600,1081,1276,0.12263072000000004,300.0,0.01,0.0010954724857583642,13399,0.0001
1381200,4604,1081,1277,0.12284386,300.0,0.01,0.0006219269125722349,13411,0.0001
1382400,4608,1081,1277,0.22035293000000003,300.0,0.01,0.0007324576727114618,13423,0.0001
1383600,4612,1081,1278,0.23383832000000004,300.0,0.01,0.0008407964487560093,13435,0.0001
1384800,4616,1082,1279,0.24138421000000002,300.0,0.01,0.0005539804114960134,13447,0.0001
1386000,4620,1082,1280,0.17801516999999997,300.0,0.01,0.0006770454347133636,13459,0.0001
1387200,4624,1082,1280,0.22671649000000005,300.0,0.01,0.0009635929600335658,13471,0.0001
1388400,4628,1083,1281,0.017249910000000087,300.0,0.01,0.0007340884767472744,13483,0.0001
1389600,4632,1083,1282,0.12136640000000008,300.0,0.01,0.0008429475128650665,13495,0.0001
1390800,4636,1084,1283,0.23799413000000008,300.0,0.01,0.0007097871275618672,13507,0.0001
1392000,4640,1084,1283,0.17722749000000015,300.0,0.01,0.00080490781692788,13519,0.0001
1393200,4644,1084,1284,0.25982282000000007,300.0,0.01,0.0016575432382524014,13531,0.0001
1394400,4648,1085,1285,0.11777054999999999,300.0,0.01,0.0012577943271026015,13543,0.0001
1395600,4652,1085,1285,0.14921004000000004,300.0,0.01,0.000509910169057548,13555,0.0001
1396800,4656,1085,1286,0.11315398000000015,300.0,0.01,0.0008757579489611089,13567,0.0001
1398000,4660,1086,1287,0.3064155000000001,300.0,0.01,0.0011442835675552487,13579,0.0001
1399200,4664,1086,1287,0.29145810000000005,300.0,0.01,0.0007072415901347995,13591,0.0001
1400400,4668,1046,1338,0.4932469400000001,300.0,0.01,0.0007244462613016367,13603,0.0001
1401600,4672,1046,1339,0.26735532,300.0,0.01,0.0008777902694419026,13615,0.0001
1402800,4676,1046,1340,0.24435903000000014,300.0,0.01,0.0009480147855356336,13627,0.0001
1404000,4680,1047,1340,0.21601371000000008,300.0,0.01,0.0006721097743138671,13639,0.0001
1405200,4684,1047,1341,0.15137387999999996,300.0,0.01,0.0007408913224935532,13651,0.0001
1406400,4688,1047,1342,0.10039966999999991,300.0,0.01,0.0008053320925682783,13663,0.0001
1407600,4692,1048,1342,0.11685404,300.0,0.01,0.001025891164317727,13675,0.0001
1408800,4696,1048,1343,0.19060567000000006,300.0,0.01,0.000587862974498421,13687,0.0001
1410000,4700,1048,1344,0.04264078000000002,300.0,0.01,0.0016419114544987679,13699,0.0001
1411200,4704,1049,1344,0.04406215999999996,300.0,0.01,0.0006988270324654877,13711,0.0001
1412400,4708,1049,1345,0.028779050000000014,300.0,0.01,0.0009465694311074913,13723,0.0001
1413600,4712,1049,1346,0.07828094000000002,300.0,0.01,0.0007302224403247237,13735,0.0001
1414800,4716,1050,1347,0.18134711999999997,300.0,0.01,0.001006362959742546,13747,0.0001
1416000,4720,1050,1347,0.17813236999999993,300.0,0.01,0.0006583349895663559,13759,0.0001
1417200,4724,1050,1348,0.10218424999999998,300.0,0.01,0.0004662178107537329,13771,0.0001
1418400,4728,1051,1349,0.16136364999999991,300.0,0.01,0.0007548853754997253,13783,0.0001
1419600,4732,1051,1350,0.036589809999999924,300.0,0.01,0.0008760774508118629,13795,0.0001
1420800,4736,1051,1350,-0.037970140000000076,300.0,0.01,0.0008982360595837235,13807,0.0001
1422000,4740,1052,1351,0.09850873999999997,300.0,0.01,0.0007653023349121213,13819,0.0001
1423200,4744,1052,1351,-0.08985958999999999,300.0,0.01,0.001098940148949623,13831,0.0001
1424400,4748,1053,1352,-0.05050139000000007,300.0,0.01,0.0005826961132697761,13843,0.0001
1425600,4752,1053,1353,-0.12194213000000008,300.0,0.01,0.0005317962495610118,13855,0.0001
1426800,4756,1053,1353,-0.027063470000000027,300.0,0.01,0.001127840019762516,13867,0.0001
1428000,4760,1054,1354,0.00472743999999996,300.0,0.01,0.0017666660714894533,13879,0.0001
1429200,4764,1054,1355,0.11698866000000001,300.0,0.01,0.0006861651199869812,13891,0.0001
1430400,4768,1054,1356,-0.13874588,300.0,0.01,0.0006352054188027978,13903,0.0001
1431600,4772,1055,1356,-0.11173135000000006,300.0,0.01,0.0006499640876427293,13915,0.0001
1432800,4776,1055,1357,-0.06493936000000003,300.0,0.01,0.0006210815045051277,13927,0.0001
1434000,4780,1055,1358,-0.03990776000000003,300.0,0.01,0.0005918496171943843,13939,0.0001
1435200,4784,1056,1359,0.09305469000000001,300.0,0.01,0.000640715123154223,13951,0.0001
1436400,4788,1056,1359,-0.09834004,300.0,0.01,0.0052526649087667465,13963,0.0001
1437600,4792,1056,1360,-0.09708881000000004,300.0,0.01,0.0007734491373412311,13975,0.0001
1438800,4796,1057,1361,-0.08917342000000003,300.0,0.01,0.0012226228136569262,13987,0.0001
1440000,4800,1057,1361,-0.12293546000000001,300.0,0.01,0.0007256567478179932,13999,0.0001
1441200,4804,1057,1362,-0.09689723999999998,300.0,0.01,0.0007187370210886002,14011,0.0001
1442400,4808,1057,1363,-0.08264246999999994,300.0,0.01,0.000519807799719274,14023,0.0001
1443600,4812,1058,1364,-0.11433050999999991,300.0,0.01,0.0009666706901043653,14035,0.0001
1444800,4816,1058,1364,-0.22388485999999996,300.0,0.01,0.0006439806311391294,14047,0.0001
1446000,4820,1059,1365,-0.19063233999999996,300.0,0.01,0.000866804039105773,14059,0.0001
1447200,4824,1059,1366,-0.2558549999999999,300.0,0.01,0.0007223269785754383,14071,0.0001
1448400,4828,1059,1366,-0.26484993,300.0,0.01,0.0008263806812465191,14083,0.0001
1449600,4832,1059,1367,-0.21076285000000003,300.0,0.01,0.0007672171341255307,14095,0.0001
1450800,4836,1060,1368,-0.18865376,300.0,0.01,0.0007241370622068644,14107,0.0001
1452000,4840,1060,1369,-0.20189635,300.0,0.01,0.0010995229240506887,14119,0.0001
1453200,4844,1060,1370,-0.15048182999999998,300.0,0.01,0.0005659142625518143,14131,0.0001
1454400,4848,1060,1370,-0.31723408,300.0,0.01,0.0008991928771138191,14143,0.0001
1455600,4852,1061,1371,-0.06435786999999998,300.0,0.01,0.0006644936511293054,14155,0.0001
1456800,4856,1061,1372,-0.07909322999999993,300.0,0.01,0.001872067921794951,14167,0.0001
1458000,4860,1061,1372,-0.06422548999999987,300.0,0.01,0.0005414515035226941,14179,0.0001
1459200,4864,1062,1373,-0.20567888999999986,300.0,0.01,0.0008887626463547349,14191,0.0001
1460400,4868,1062,1374,-0.18063256999999996,300.0,0.01,0.00043631676817312837,14203,0.0001
1461600,4872,1062,1375,-0.12617956,300.0,0.01,0.0010926275281235576,14215,0.0001
1462800,4876,1063,1375,-0.10795758000000007,300.0,0.01,0.0006405002204701304,14227,0.0001
1464000,4880,1063,1376,-0.18784849,300.0,0.01,0.0005940388655290008,14239,0.0001
1465200,4884,1063,1377,-0.36983296999999987,300.0,0.01,0.000686508952639997,14251,0.0001
1466400,4888,1064,1377,-0.24593052999999987,300.0,0.01,0.0006272197933867574,14263,0.0001
1467600,4892,1064,1378,-0.2189046599999999,300.0,0.01,0.0005989603232592344,14275,0.0001
1468800,4896,1064,1379,-0.42651928,300.0,0.01,0.0007561938837170601,14287,0.0001
1470000,4900,1065,1380,-0.3629747900000001,300.0,0.01,0.0005854538176208735,14299,0.0001
1471200,4904,1065,1380,-0.42437190000000014,300.0,0.01,0.0006856279214844108,14311,0.0001
1472400,4908,1065,1381,-0.5600961400000002,300.0,0.01,0.0008197346469387412,14323,0.0001
1473600,4912,1066,1381,-0.6553622699999999,300.0,0.01,0.0012646573595702648,14335,0.0001
1474800,4916,1066,1382,-0.50258411,300.0,0.01,0.0007786658825352788,14347,0.0001
1476000,4920,1067,1383,-0.69002462,300.0,0.01,0.0006666944827884436,14359,0.0001
1477200,4924,1067,1383,-0.5450929099999999,300.0,0.01,0.0007325237384065986,14371,0.0001
1478400,4928,1067,1384,-0.7141490999999999,300.0,0.01,0.0005666718352586031,14383,0.0001
1479600,4932,1068,1385,-0.7351295299999998,300.0,0.01,0.0008575656684115529,14395,0.0001
1480800,4936,1068,1385,-0.9130168699999999,300.0,0.01,0.0007656685775145888,14407,0.0001
1482000,4940,1068,1386,-1.00192474,300.0,0.01,0.0009585391962900758,14419,0.0001
1483200,4944,1069,1387,-0.85123715,300.0,0.01,0.0012058720458298922,14431,0.0001
1484400,4948,1069,1388,-0.5493738500000002,300.0,0.01,0.0008372857701033354,14443,0.0001
1485600,4952,1069,1388,-0.6979692600000001,300.0,0.01,0.0009857231052592397,14455,0.0001
1486800,4956,1069,1389,-0.5827464100000002,300.0,0.01,0.0008427074644714594,14467,0.0001
1488000,4960,1070,1390,-0.6854246,300.0,0.01,0.000463270815089345,14479,0.0001
1489200,4964,1070,1390,-0.7044515899999999,300.0,0.01,0.000863159541040659,14491,0.0001
1490400,4968,1070,1391,-0.6307649,300.0,0.01,0.0007694594096392393,14503,0.0001
1491600,4972,1071,1392,-0.7081128399999999,300.0,0.01,0.0006660334765911102,14515,0.0001
1492800,4976,1071,1393,-0.5638779099999999,300.0,0.01,0.0008222657488659024,14527,0.0001
1494000,4980,1071,1393,-0.6261512100000001,300.0,0.01,0.0009395389934070408,14539,0.0001
1495200,4984,1072,1394,-0.5506846200000001,300.0,0.01,0.0006282427930273116,14551,0.0001
1496400,4988,1072,1395,-0.44484122,300.0,0.01,0.001121973036788404,14563,0.0001
1497600,4992,1072,1395,-0.45380828,300.0,0.01,0.0015457856934517622,14575,0.0001
1498800,4996,1073,1396,-0.43517431,300.0,0.01,0.0005418919026851654,14587,0.0001
1500000,5000,1034,1449,-0.3355314700000001,300.0,0.01,0.0008338381303474307,14599,0.0001
1501200,5004,1035,1450,-0.22335731000000003,300.0,0.01,0.00047037715557962656,14611,0.0001
1502400,5008,1035,1450,-0.13220081999999997,300.0,0.01,0.0007731743389740586,14623,0.0001
1503600,5012,1035,1451,-0.06110492000000003,300.0,0.01,0.0006052062381058931,14635,0.0001
1504800,5016,1036,1452,-0.19243667000000003,300.0,0.01,0.0011381317162886262,14647,0.0001
1506000,5020,1036,1452,-0.08081870999999996,300.0,0.01,0.0007295102113857865,14659,0.0001
1507200,5024,1037,1453,-0.04066609999999997,300.0,0.01,0.0010294299572706223,14671,0.0001
1508400,5028,1037,1454,0.2570695,300.0,0.01,0.0008440383244305849,14683,0.0001
1509600,5032,1037,1454,0.35100456,300.0,0.01,0.0007886981475166976,14695,0.0001
1510800,5036,1038,1455,0.44980404,300.0,0.01,0.0007942537777125835,14707,0.0001
1512000,5040,1038,1455,0.63820678,300.0,0.01,0.001145033398643136,14719,0.0001
1513200,5044,1038,1456,0.61305087,300.0,0.01,0.0009328501182608306,14731,0.0001
1514400,5048,1039,1457,0.42141842999999996,300.0,0.01,0.0006827030447311699,14743,0.0001
1515600,5052,1039,1457,0.40930442,300.0,0.01,0.0006789056351408362,14755,0.0001
1516800,5056,1039,1458,0.29833506000000004,300.0,0.01,0.000906481291167438,14767,0.0001
1518000,5060,1039,1459,0.27093340000000005,300.0,0.01,0.0012631805147975683,14779,0.0001
1519200,5064,1040,1460,0.45182951000000005,300.0,0.01,0.0010811021784320474,14791,0.0001
1520400,5068,1040,1460,0.5228986699999999,300.0,0.01,0.0007822514744475484,14803,0.0001
1521600,5072,1041,1461,0.5815055899999999,300.0,0.01,0.0010457042371854186,14815,0.0001
1522800,5076,1041,1462,0.46767862999999993,300.0,0.01,0.0006520713213831186,14827,0.0001
1524000,5080,1041,1462,0.4305629900000001,300.0,0.01,0.0005697751184925437,14839,0.0001
1525200,5084,1042,1463,0.47241414,300.0,0.01,0.0007361200405284762,14851,0.0001
1526400,5088,1042,1464,0.40823309,300.0,0.01,0.0008310928242281079,14863,0.0001
1527600,5092,1042,1464,0.34037095,300.0,0.01,0.0011399737559258938,14875,0.0001
1528800,5096,1043,1465,0.4537503299999999,300.0,0.01,0.00134411605540663,14887,0.0001
1530000,5100,1043,1466,0.28461828999999994,300.0,0.01,0.002369712805375457,14899,0.0001
1531200,5104,1043,1467,0.3158290399999999,300.0,0.01,0.0007984668482095003,14911,0.0001
1532400,5108,1043,1467,0.31909080999999995,300.0,0.01,0.0006882811430841684,14923,0.0001
1533600,5112,1044,1468,0.30230365,300.0,0.01,0.0005393234896473587,14935,0.0001
1534800,5116,1044,1469,0.21601225,300.0,0.01,0.0007355683483183384,14947,0.0001
1536000,5120,1044,1469,0.30617222,300.0,0.01,0.0008206801721826196,14959,0.0001
1537200,5124,1045,1470,0.14613482,300.0,0.01,0.0009422075818292797,14971,0.0001
1538400,5128,1045,1471,0.05707551999999999,300.0,0.01,0.0008146435138769448,14983,0.0001
1539600,5132,1045,1471,0.13204102,300.0,0.01,0.0005801277002319694,14995,0.0001
1540800,5136,1046,1472,0.010065830000000027,300.0,0.01,0.0007073782617226243,15007,0.0001
1542000,5140,1046,1473,-0.11187534999999998,300.0,0.01,0.0007111147278919816,15019,0.0001
1543200,5144,1047,1473,-0.039574519999999946,300.0,0.01,0.0011285876389592886,15031,0.0001
1544400,5148,1047,1474,0.13593147,300.0,0.01,0.0006008683703839779,15043,0.0001
1545600,5152,1047,1475,0.09164176000000002,300.0,0.01,0.0006062303436920047,15055,0.0001
1546800,5156,1047,1476,0.09552705999999997,300.0,0.01,0.0006227147532626987,15067,0.0001
1548000,5160,1048,1476,0.14117758999999996,300.0,0.01,0.0008795813773758709,15079,0.0001
1549200,5164,1048,1477,0.009593739999999995,300.0,0.01,0.0008174501126632094,15091,0.0001
1550400,5168,1048,1478,0.010237079999999987,300.0,0.01,0.0007991956081241369,15103,0.0001
1551600,5172,1048,1479,0.05805121999999995,300.0,0.01,0.0005226538050919771,15115,0.0001
1552800,5176,1049,1480,-0.08450890000000001,300.0,0.01,0.0005574085516855121,15127,0.0001
1554000,5180,1049,1480,0.04563365999999999,300.0,0.01,0.0008453200571238995,15139,0.0001
1555200,5184,1049,1481,0.04010756999999995,300.0,0.01,0.0020604452583938837,15151,0.0001
1556400,5188,1049,1482,0.028871619999999966,300.0,0.01,0.0017374027520418167,15163,0.0001
1557600,5192,1050,1483,0.005497309999999993,300.0,0.01,0.0010749869979918003,15175,0.0001
1558800,5196,1050,1483,-0.19613122,300.0,0.01,0.0013455094303935766,15187,0.0001
1560000,5200,1050,1484,-0.17593976999999994,300.0,0.01,0.0008713671704754233,15199,0.0001
1561200,5204,1051,1485,-0.29448364,300.0,0.01,0.0007819099701009691,15211,0.0001
1562400,5208,1051,1486,-0.3552841000000001,300.0,0.01,0.0005717159365303814,15223,0.0001
1563600,5212,1051,1486,-0.33136935,300.0,0.01,0.0008020639070309699,15235,0.0001
1564800,5216,1051,1487,-0.27076708,300.0,0.01,0.0010795507114380598,15247,0.0001
1566000,5220,1051,1488,-0.42066953000000007,300.0,0.01,0.0014729865361005068,15259,0.0001
1567200,5224,1052,1489,-0.3717993700000001,300.0,0.01,0.002557391067966819,15271,0.0001
1568400,5228,1052,1490,-0.3728629599999999,300.0,0.01,0.000906375702470541,15283,0.0001
1569600,5232,1052,1491,-0.61338124,300.0,0.01,0.00224406854249537,15295,0.0001
1570800,5236,1052,1492,-0.6174999,300.0,0.01,0.0005889851017855108,15307,0.0001
1572000,5240,1052,1492,-0.50254052,300.0,0.01,0.0007991156307980418,15319,0.0001
1573200,5244,1053,1493,-0.7185501100000002,300.0,0.01,0.0005338351475074887,15331,0.0001
1574400,5248,1053,1494,-0.74232657,300.0,0.01,0.0007640906842425466,15343,0.0001
1575600,5252,1053,1495,-0.61195678,300.0,0.01,0.001060405746102333,15355,0.0001
1576800,5256,1054,1495,-0.60301007,300.0,0.01,0.0006545727956108749,15367,0.0001
1578000,5260,1054,1496,-0.61742573,300.0,0.01,0.0011671322863548994,15379,0.0001
1579200,5264,1054,1497,-0.5395377699999999,300.0,0.01,0.0006671089213341475,15391,0.0001
1580400,5268,1055,1497,-0.65035962,300.0,0.01,0.0008050228352658451,15403,0.0001
1581600,5272,1055,1498,-0.7397393000000001,300.0,0.01,0.0014460926176980138,15415,0.0001
1582800,5276,1055,1499,-0.68451379,300.0,0.01,0.001042830292135477,15427,0.0001
1584000,5280,1055,1500,-0.65044536,300.0,0.01,0.0007046792889013886,15439,0.0001
1585200,5284,1056,1500,-0.7861111900000001,300.0,0.01,0.0006204047240316868,15451,0.0001
1586400,5288,1056,1501,-0.8703896800000002,300.0,0.01,0.0005081944400444627,15463,0.0001
1587600,5292,1056,1502,-0.7452609099999999,300.0,0.01,0.001345968572422862,15475,0.0001
1588800,5296,1057,1502,-0.54550557,300.0,0.01,0.0013513824669644237,15487,0.0001
1590000,5300,1057,1503,-0.4290432100000001,300.0,0.01,0.0008865374838933349,15499,0.0001
1591200,5304,1057,1504,-0.42680885999999996,300.0,0.01,0.0005979236448183656,15511,0.0001
1592400,5308,1058,1504,-0.3693551200000001,300.0,0.01,0.0007979374495334923,15523,0.0001
1593600,5312,1058,1505,-0.46614422000000005,300.0,0.01,0.0013701249845325947,15535,0.0001
1594800,5316,1058,1506,-0.49955246000000003,300.0,0.01,0.0006719199009239674,15547,0.0001
1596000,5320,1059,1506,-0.26177309,300.0,0.01,0.000765553442761302,15559,0.0001
1597200,5324,1059,1507,-0.31018833,300.0,0.01,0.0012522684410214424,15571,0.0001
1598400,5328,1059,1508,-0.3396428999999999,300.0,0.01,0.0008759369957260787,15583,0.0001
1599600,5332,1059,1509,-0.19833297000000003,300.0,0.01,0.0005743196234107018,15595,0.0001
1600800,5336,1024,1562,-0.05608368000000001,300.0,0.01,0.0005805171094834805,15607,0.0001
1602000,5340,1025,1562,-0.21881972000000002,300.0,0.01,0.0011073560453951359,15619,0.0001
1603200,5344,1025,1563,-0.15191562,300.0,0.01,0.0007715814281255007,15631,0.0001
1604400,5348,1025,1564,-0.26360311,300.0,0.01,0.0007946359692141414,15643,0.0001
1605600,5352,1026,1564,-0.2680416299999999,300.0,0.01,0.0005803686799481511,15655,0.0001
1606800,5356,1026,1565,-0.24443096999999997,300.0,0.01,0.0015549154486507177,15667,0.0001
1608000,5360,1026,1566,-0.17072479999999998,300.0,0.01,0.0005928255850449204,15679,0.0001
1609200,5364,1027,1566,-0.24794168000000003,300.0,0.01,0.0008325829403474927,15691,0.0001
1610400,5368,1027,1567,-0.19877544999999994,300.0,0.01,0.0029358176980167627,15703,0.0001
1611600,5372,1027,1568,-0.16217946999999996,300.0,0.01,0.0006926701753400266,15715,0.0001
1612800,5376,1027,1569,-0.20056080999999995,300.0,0.01,0.0007248613983392715,15727,0.0001
1614000,5380,1028,1570,-0.20217971999999995,300.0,0.01,0.0007254946394823492,15739,0.0001
1615200,5384,1028,1570,-0.21743530999999997,300.0,0.01,0.0012378414394333959,15751,0.0001
1616400,5388,1028,1571,-0.05031104999999997,300.0,0.01,0.0007483918452635407,15763,0.0001
1617600,5392,1028,1572,-0.03173211999999995,300.0,0.01,0.0004278958076611161,15775,0.0001
1618800,5396,1029,1572,-0.18545907999999997,300.0,0.01,0.000695557682774961,15787,0.0001
1620000,5400,1029,1573,-0.18470433000000003,300.0,0.01,0.001028638449497521,15799,0.0001
1621200,5404,1029,1574,-0.09453161999999998,300.0,0.01,0.0007795932469889522,15811,0.0001
1622400,5408,1030,1575,-0.11582316999999995,300.0,0.01,0.0011586498003453016,15823,0.0001
1623600,5412,1030,1575,-0.060862409999999964,300.0,0.01,0.0007637123926542699,15835,0.0001
1624800,5416,1030,1576,-0.049945300000000026,300.0,0.01,0.0007456927560269833,15847,0.0001
1626000,5420,1030,1577,-0.22491695000000006,300.0,0.01,0.0007215261575765908,15859,0.0001
1627200,5424,1031,1577,-0.25314185,300.0,0.01,0.0007246006280183792,15871,0.0001
1628400,5428,1031,1578,-0.35615251000000003,300.0,0.01,0.0006204049568623304,15883,0.0001
1629600,5432,1031,1579,-0.42580047,300.0,0.01,0.0008867987198755145,15895,0.0001
1630800,5436,1031,1580,-0.37657027,300.0,0.01,0.0010072870645672083,15907,0.0001
1632000,5440,1032,1581,-0.37249747000000005,300.0,0.01,0.0006239674403332174,15919,0.0001
1633200,5444,1032,1581,-0.46952299000000003,300.0,0.01,0.0007283694576472044,15931,0.0001
1634400,5448,1032,1582,-0.46687178,300.0,0.01,0.0009725670679472387,15943,0.0001
1635600,5452,1032,1583,-0.70788409,300.0,0.01,0.0007487473776564002,15955,0.0001
1636800,5456,1033,1584,-0.8011106600000001,300.0,0.01,0.003690833691507578,15967,0.0001
1638000,5460,1033,1585,-0.78966377,300.0,0.01,0.0007216382655315101,15979,0.0001
1639200,5464,1033,1585,-0.8078966,300.0,0.01,0.0014342096401378512,15991,0.0001
1640400,5468,1033,1586,-0.8828645600000002,300.0,0.01,0.0007623332785442472,16003,0.0001
1641600,5472,1034,1587,-0.8957438100000001,300.0,0.01,0.0004856158629991114,16015,0.0001
1642800,5476,1034,1588,-0.8229287500000001,300.0,0.01,0.001211490947753191,16027,0.0001
1644000,5480,1034,1588,-0.8973734600000001,300.0,0.01,0.0007466842653229833,16039,0.0001
1645200,5484,1035,1589,-0.78904947,300.0,0.01,0.0005794144817627966,16051,0.0001
1646400,5488,1035,1590,-0.9203369900000001,300.0,0.01,0.0015481369337067008,16063,0.0001
1647600,5492,1035,1590,-1.03591376,300.0,0.01,0.0008366917609237134,16075,0.0001
1648800,5496,1036,1591,-0.9025843400000001,300.0,0.01,0.0007346432539634407,16087,0.0001
1650000,5500,1036,1592,-1.0727557399999998,300.0,0.01,0.0006269242730922997,16099,0.0001
1651200,5504,1036,1592,-1.18194481,300.0,0.01,0.0016460750484839082,16111,0.0001
1652400,5508,1037,1593,-1.16893873,300.0,0.01,0.0009047352941706777,16123,0.0001
1653600,5512,1037,1594,-1.23389305,300.0,0.01,0.0006385459564626217,16135,0.0001
1654800,5516,1037,1594,-1.1044992900000001,300.0,0.01,0.000578280771151185,16147,0.0001
1656000,5520,1038,1595,-1.05683334,300.0,0.01,0.0008562208386138082,16159,0.0001
1657200,5524,1038,1596,-1.0498164,300.0,0.01,0.000608931586612016,16171,0.0001
1658400,5528,1038,1596,-0.87616697,300.0,0.01,0.0013770607765763998,16183,0.0001
1659600,5532,1038,1597,-0.8608852700000001,300.0,0.01,0.0007421072223223746,16195,0.0001
1660800,5536,1038,1598,-0.9786006999999999,300.0,0.01,0.000965084123890847,16207,0.0001
1662000,5540,1039,1599,-0.8781778699999999,300.0,0.01,0.0005929511971771717,16219,0.0001
1663200,5544,1039,1600,-0.84732902,300.0,0.01,0.0005965449381619692,16231,0.0001
1664400,5548,1039,1600,-0.8574968300000002,300.0,0.01,0.0006758426898159087,16243,0.0001
1665600,5552,1040,1601,-0.67353285,300.0,0.01,0.0023313178680837154,16255,0.0001
1666800,5556,1040,1602,-0.6101129500000001,300.0,0.01,0.0008513015927746892,16267,0.0001
1668000,5560,1040,1603,-0.5505681700000001,300.0,0.01,0.0014588257763534784,16279,0.0001
1669200,5564,1040,1603,-0.5665497900000002,300.0,0.01,0.0024392574559897184,16291,0.0001
1670400,5568,1041,1604,-0.6029033400000001,300.0,0.01,0.002853645011782646,16303,0.0001
1671600,5572,1041,1605,-0.55836913,300.0,0.01,0.0006000183639116585,16315,0.0001
1672800,5576,1041,1605,-0.8234932100000002,300.0,0.01,0.0007236759993247688,16327,0.0001
1674000,5580,1041,1606,-0.8071339800000001,300.0,0.01,0.0012179481564089656,16339,0.0001
1675200,5584,1042,1607,-0.8049361500000001,300.0,0.01,0.0022567061241716146,16351,0.0001
1676400,5588,1042,1608,-0.8201372500000003,300.0,0.01,0.0006736518698744476,16363,0.0001
1677600,5592,1042,1609,-0.8333329400000001,300.0,0.01,0.0006518946029245853,16375,0.0001
1678800,5596,1042,1610,-0.9158135300000001,300.0,0.01,0.0010042130015790462,16387,0.0001
1680000,5600,1042,1610,-0.68705756,300.0,0.01,0.002621117513626814,16399,0.0001
1681200,5604,1043,1611,-0.72555029,300.0,0.01,0.0004842976341024041,16411,0.0001
1682400,5608,1043,1612,-0.7978004000000002,300.0,0.01,0.0005194380646571517,16423,0.0001
1683600,5612,1043,1613,-0.69447501,300.0,0.01,0.0008014822378754616,16435,0.0001
1684800,5616,1043,1613,-0.6850047099999999,300.0,0.01,0.0007842789054848254,16447,0.0001
1686000,5620,1044,1614,-0.59927459,300.0,0.01,0.0007552496390417218,16459,0.0001
1687200,5624,1044,1615,-0.49313752,300.0,0.01,0.0008621694287285209,16471,0.0001
1688400,5628,1044,1615,-0.41559688,300.0,0.01,0.0022952703293412924,16483,0.0001
1689600,5632,1045,1616,-0.2648324899999999,300.0,0.01,0.0022460906766355038,16495,0.0001
1690800,5636,1045,1617,-0.22278586999999994,300.0,0.01,0.0006300749955698848,16507,0.0001
1692000,5640,1045,1618,-0.3969643700000001,300.0,0.01,0.002859012922272086,16519,0.0001
1693200,5644,1045,1618,-0.5366920500000001,300.0,0.01,0.0006731227040290833,16531,0.0001
1694400,5648,1046,1619,-0.37574787,300.0,0.01,0.0007242237916216254,16543,0.0001
1695600,5652,1046,1620,-0.44692367000000005,300.0,0.01,0.0007820181199349463,16555,0.0001
1696800,5656,1046,1620,-0.48768063,300.0,0.01,0.0006069379160180688,16567,0.0001
1698000,5660,1047,1621,-0.4858942399999999,300.0,0.01,0.0008643711335025728,16579,0.0001
1699200,5664,1047,1622,-0.52288516,300.0,0.01,0.0008130794740281999,16591,0.0001
1700400,5668,1013,1677,-0.25232319999999997,300.0,0.01,0.00110690388828516,16603,0.0001
1701600,5672,1014,1677,-0.25830847,300.0,0.01,0.000612905016168952,16615,0.0001
1702800,5676,1014,1678,0.037977180000000006,300.0,0.01,0.0008728592656552792,16627,0.0001
1704000,5680,1014,1679,-0.10977343,300.0,0.01,0.0021524704061448574,16639,0.0001
1705200,5684,1015,1679,-0.2383226300000001,300.0,0.01,0.0008797164773568511,16651,0.0001
1706400,5688,1015,1680,-0.09313255000000002,300.0,0.01,0.0014887067954987288,16663,0.0001
1707600,5692,1015,1681,-0.13634367999999997,300.0,0.01,0.0010681655257940292,16675,0.0001
1708800,5696,1016,1681,-0.01295621000000001,300.0,0.01,0.000983885838650167,16687,0.0001
1710000,5700,1016,1682,-0.09769035999999998,300.0,0.01,0.002298652660101652,16699,0.0001
1711200,5704,1016,1683,-0.0724199899999999,300.0,0.01,0.000803639180958271,16711,0.0001
1712400,5708,1016,1683,0.09150403000000008,300.0,0.01,0.001100954250432551,16723,0.0001
1713600,5712,1017,1684,0.10243800000000006,300.0,0.01,0.000541126704774797,16735,0.0001
1714800,5716,1017,1685,0.03539464,300.0,0.01,0.001269568339921534,16747,0.0001
1716000,5720,1017,1685,-0.08591807000000004,300.0,0.01,0.0017271153628826141,16759,0.0001
1717200,5724,1018,1686,-0.09919545999999993,300.0,0.01,0.0011297091841697693,16771,0.0001
1718400,5728,1018,1687,-0.3127842199999999,300.0,0.01,0.0007285371539182961,16783,0.0001
1719600,5732,1018,1688,-0.6120124700000001,300.0,0.01,0.0007837556768208742,16795,0.0001
1720800,5736,1018,1689,-0.47215093,300.0,0.01,0.003105440177023411,16807,0.0001
1722000,5740,1019,1689,-0.19282062999999994,300.0,0.01,0.0005647506332024932,16819,0.0001
1723200,5744,1019,1690,0.03374917000000002,300.0,0.01,0.0007681476417928934,16831,0.0001
1724400,5748,1019,1691,-0.11006033999999999,300.0,0.01,0.0007192656048573554,16843,0.0001
1725600,5752,1020,1691,-0.0023989499999999887,300.0,0.01,0.0008796523325145245,16855,0.0001
1726800,5756,1020,1692,0.07604472,300.0,0.01,0.000681848730891943,16867,0.0001
1728000,5760,1020,1693,0.1878593,300.0,0.01,0.001165624475106597,16879,0.0001
1729200,5764,1020,1693,0.27374301,300.0,0.01,0.0005396278575062752,16891,0.0001
1730400,5768,1021,1694,0.09898875000000001,300.0,0.01,0.0006815587403252721,16903,0.0001
1731600,5772,1021,1695,-0.0061284300000000605,300.0,0.01,0.000577748054638505,16915,0.0001
1732800,5776,1021,1695,0.04202464999999997,300.0,0.01,0.0012980041792616248,16927,0.0001
1734000,5780,1022,1696,0.13010888999999992,300.0,0.01,0.0008422086830250919,16939,0.0001
1735200,5784,1022,1697,0.18527071,300.0,0.01,0.0011715488508343697,16951,0.0001
1736400,5788,1022,1698,0.13198732000000007,300.0,0.01,0.00037262390833348036,16963,0.0001
1737600,5792,1022,1699,0.3335309900000001,300.0,0.01,0.0006377041572704911,16975,0.0001
1738800,5796,1022,1699,0.30728737,300.0,0.01,0.0008685363573022187,16987,0.0001
1740000,5800,1023,1700,0.37645709000000005,300.0,0.01,0.0009527562069706619,16999,0.0001
1741200,5804,1023,1701,0.45593063000000006,300.0,0.01,0.002843582071363926,17011,0.0001
1742400,5808,1023,1702,0.38896786000000005,300.0,0.01,0.0011274655116721988,17023,0.0001
1743600,5812,1023,1703,0.27649863,300.0,0.01,0.0008029313175939023,17035,0.0001
1744800,5816,1024,1703,0.37423175000000003,300.0,0.01,0.0017126768361777067,17047,0.0001
1746000,5820,1024,1704,0.3085070200000001,300.0,0.01,0.0015450892969965935,17059,0.0001
1747200,5824,1024,1705,0.21927532000000002,300.0,0.01,0.00048277166206389666,17071,0.0001
1748400,5828,1024,1706,0.36423378,300.0,0.01,0.002286639530211687,17083,0.0001
1749600,5832,1025,1706,0.45417623000000007,300.0,0.01,0.000660150486510247,17095,0.0001
1750800,5836,1025,1707,0.35579668000000003,300.0,0.01,0.005083922296762466,17107,0.0001
1752000,5840,1025,1708,0.22642821000000005,300.0,0.01,0.0008943350985646248,17119,0.0001
1753200,5844,1025,1708,0.12310479999999989,300.0,0.01,0.0006015206454321742,17131,0.0001
1754400,5848,1026,1709,0.029961859999999937,300.0,0.01,0.0007928265258669853,17143,0.0001
1755600,5852,1026,1710,0.05984235000000002,300.0,0.01,0.001692320453003049,17155,0.0001
1756800,5856,1026,1711,0.03965488999999998,300.0,0.01,0.0007635265938006341,17167,0.0001
1758000,5860,1026,1711,-0.17836824999999998,300.0,0.01,0.0011916306102648377,17179,0.0001
1759200,5864,1027,1712,-0.04036200999999995,300.0,0.01,0.0007210950134322047,17191,0.0001
1760400,5868,1027,1713,0.09401303000000005,300.0,0.01,0.0006739131640642881,17203,0.0001
1761600,5872,1027,1713,0.23816738,300.0,0.01,0.00074791070073843,17215,0.0001
1762800,5876,1028,1714,0.17960964000000013,300.0,0.01,0.000821022258605808,17227,0.0001
1764000,5880,1028,1715,0.31774442000000014,300.0,0.01,0.000690531509462744,17239,0.0001
1765200,5884,1028,1716,0.3118809800000001,300.0,0.01,0.0016008028760552406,17251,0.0001
1766400,5888,1028,1716,0.3204156300000001,300.0,0.01,0.0010038884356617928,17263,0.0001
1767600,5892,1029,1717,0.26860472000000013,300.0,0.01,0.0008785695536062121,17275,0.0001
1768800,5896,1029,1718,0.1224115100000001,300.0,0.01,0.0006132331909611821,17287,0.0001
1770000,5900,1029,1719,0.08389622000000001,300.0,0.01,0.0007337396964430809,17299,0.0001
1771200,5904,1029,1720,0.09988426999999993,300.0,0.01,0.0010830322280526161,17311,0.0001
1772400,5908,1029,1721,0.16330468,300.0,0.01,0.0004578246152959764,17323,0.0001
1773600,5912,1030,1721,0.2897251700000001,300.0,0.01,0.00050638138782233,17335,0.0001
1774800,5916,1030,1723,0.23093708999999996,300.0,0.01,0.0004943187232129276,17347,0.0001
1776000,5920,1030,1723,0.34378777,300.0,0.01,0.0044866944663226604,17359,0.0001
1777200,5924,1030,1724,0.3711639399999999,300.0,0.01,0.001072599203325808,17371,0.0001
1778400,5928,1030,1725,0.42886868,300.0,0.01,0.0007400118047371507,17383,0.0001
1779600,5932,1031,1725,0.32736432,300.0,0.01,0.0006648525595664978,17395,0.0001
1780800,5936,1031,1726,0.19889063999999998,300.0,0.01,0.0006270622834563255,17407,0.0001
1782000,5940,1031,1727,0.10093903999999997,300.0,0.01,0.001257249154150486,17419,0.0001
1783200,5944,1031,1728,0.29218793000000004,300.0,0.01,0.0011835021432489157,17431,0.0001
1784400,5948,1031,1729,0.48957487000000005,300.0,0.01,0.0006462766323238611,17443,0.0001
1785600,5952,1032,1730,0.5057856700000002,300.0,0.01,0.0018610076513141394,17455,0.0001
1786800,5956,1032,1730,0.4839847800000001,300.0,0.01,0.0009347671875730157,17467,0.0001
1788000,5960,1032,1731,0.5753029200000002,300.0,0.01,0.0009620537748560309,17479,0.0001
1789200,5964,1032,1732,0.39157290000000006,300.0,0.01,0.0007620328105986118,17491,0.0001
1790400,5968,1033,1733,0.16020453999999995,300.0,0.01,0.0005148627096787095,17503,0.0001
1791600,5972,1033,1733,0.038972639999999996,300.0,0.01,0.0008087126770988107,17515,0.0001
1792800,5976,1033,1734,0.016406789999999987,300.0,0.01,0.0009109735256060958,17527,0.0001
1794000,5980,1033,1735,0.03486411999999992,300.0,0.01,0.0009741312242113054,17539,0.0001
1795200,5984,1033,1736,0.045717229999999914,300.0,0.01,0.0005044542485848069,17551,0.0001
1796400,5988,1034,1736,0.02415610999999995,300.0,0.01,0.0006320903776213527,17563,0.0001
1797600,5992,1034,1737,0.03159309999999997,300.0,0.01,0.0007216231897473335,17575,0.0001
1798800,5996,1034,1738,0.02854547999999995,300.0,0.01,0.0007794777047820389,17587,0.0001
1800000,6000,1003,1793,-0.02021259000000004,300.0,0.01,0.002733139321208,17599,0.0001
1801200,6004,1004,1793,-0.20479457000000006,300.0,0.01,0.0007401291513815522,17611,0.0001
1802400,6008,1004,1794,-0.20816081000000008,300.0,0.01,0.0005259491153992712,17623,0.0001
1803600,6012,1004,1795,-0.32624207000000005,300.0,0.01,0.0010054444428533316,17635,0.0001
1804800,6016,1004,1795,-0.4206361699999999,300.0,0.01,0.0008979998528957367,17647,0.0001
1806000,6020,1005,1796,-0.41656552999999996,300.0,0.01,0.000741679803468287,17659,0.0001
1807200,6024,1005,1797,-0.38742831999999994,300.0,0.01,0.0018292645690962672,17671,0.0001
1808400,6028,1005,1797,-0.36894075,300.0,0.01,0.0020210619550198317,17683,0.0001
1809600,6032,1006,1798,-0.26151339,300.0,0.01,0.0009130426915362477,17695,0.0001
1810800,6036,1006,1799,-0.07736628000000001,300.0,0.01,0.002526565222069621,17707,0.0001
1812000,6040,1006,1799,-0.04574458999999997,300.0,0.01,0.0009254039614461362,17719,0.0001
1813200,6044,1006,1800,-0.17964,300.0,0.01,0.0005504178116098046,17731,0.0001
1814400,6048,1007,1801,-0.30223346999999995,300.0,0.01,0.0006834165542386472,17743,0.0001
1815600,6052,1007,1802,-0.44727051,300.0,0.01,0.0006824352312833071,17755,0.0001
1816800,6056,1007,1802,-0.33008076,300.0,0.01,0.0010413284180685878,17767,0.0001
1818000,6060,1008,1803,-0.39096287999999996,300.0,0.01,0.0005344373639672995,17779,0.0001
1819200,6064,1008,1804,-0.3266224000000001,300.0,0.01,0.0008349627023562789,17791,0.0001
1820400,6068,1008,1805,-0.17853056999999997,300.0,0.01,0.0008535647066310048,17803,0.0001
1821600,6072,1008,1805,-0.16979292999999995,300.0,0.01,0.0006427657790482044,17815,0.0001
1822800,6076,1008,1806,-0.2700741,300.0,0.01,0.0017507642041891813,17827,0.0001
1824000,6080,1009,1807,-0.3779273400000001,300.0,0.01,0.000583753630053252,17839,0.0001
1825200,6084,1009,1808,-0.3289656700000002,300.0,0.01,0.0006092757685109973,17851,0.0001
1826400,6088,1009,1809,-0.24954261000000003,300.0,0.01,0.000660434365272522,17863,0.0001
1827600,6092,1009,1810,-0.19904798999999998,300.0,0.01,0.0006563725182786584,17875,0.0001
1828800,6096,1009,1810,-0.10575887999999997,300.0,0.01,0.0010710792848840356,17887,0.0001
1830000,6100,1010,1811,0.07962726999999999,300.0,0.01,0.0007511144503951073,17899,0.0001
1831200,6104,1010,1812,0.33391238,300.0,0.01,0.0009249732247553766,17911,0.0001
1832400,6108,1010,1812,0.33269041,300.0,0.01,0.0008214238914661109,17923,0.0001
1833600,6112,1011,1813,0.32290733000000005,300.0,0.01,0.0007668904727324843,17935,0.0001
1834800,6116,1011,1814,0.34435030000000005,300.0,0.01,0.0008215786074288189,17947,0.0001
1836000,6120,1011,1814,0.35770909,300.0,0.01,0.0006987271481193602,17959,0.0001
1837200,6124,1011,1815,0.33341233000000003,300.0,0.01,0.0009219308267347515,17971,0.0001
1838400,6128,1012,1816,0.44355791999999994,300.0,0.01,0.004088839516043663,17983,0.0001
1839600,6132,1012,1817,0.47204183999999993,300.0,0.01,0.0011666236678138375,17995,0.0001
1840800,6136,1012,1817,0.48571205999999995,300.0,0.01,0.001214460702612996,18007,0.0001
1842000,6140,1012,1818,0.55160389,300.0,0.01,0.0007304383907467127,18019,0.0001
1843200,6144,1012,1819,0.47832180999999996,300.0,0.01,0.0007544769905507565,18031,0.0001
1844400,6148,1013,1820,0.5321028,300.0,0.01,0.000761153525672853,18043,0.0001
1845600,6152,1013,1821,0.6008642599999999,300.0,0.01,0.0005677908775396645,18055,0.0001
1846800,6156,1013,1821,0.44192419999999993,300.0,0.01,0.001535975025035441,18067,0.0001
1848000,6160,1013,1822,0.64308668,300.0,0.01,0.0006460153381340206,18079,0.0001
1849200,6164,1014,1823,0.6653693600000001,300.0,0.01,0.0013170054880902171,18091,0.0001
1850400,6168,1014,1824,0.6868573900000001,300.0,0.01,0.0007993374019861221,18103,0.0001
1851600,6172,1014,1824,0.74767172,300.0,0.01,0.0006284217815846205,18115,0.0001
1852800,6176,1014,1825,0.8406651300000001,300.0,0.01,0.0008321561617776752,18127,0.0001
1854000,6180,1015,1826,0.7599951100000001,300.0,0.01,0.0006539889145642519,18139,0.0001
1855200,6184,1015,1827,0.78778321,300.0,0.01,0.0007045820821076632,18151,0.0001
1856400,6188,1015,1827,0.78253067,300.0,0.01,0.0006935443379916251,18163,0.0001
1857600,6192,1015,1828,0.6548460399999999,300.0,0.01,0.0008339269552379847,18175,0.0001
1858800,6196,1016,1829,0.63883582,300.0,0.01,0.000488212303025648,18187,0.0001
1860000,6200,1016,1830,0.62897114,300.0,0.01,0.0006743512349203229,18199,0.0001
1861200,6204,1016,1830,0.52580891,300.0,0.01,0.0008087829337455332,18211,0.0001
1862400,6208,1016,1831,0.3325957900000001,300.0,0.01,0.0006638386403210461,18223,0.0001
1863600,6212,1017,1832,0.38885853000000004,300.0,0.01,0.001526397536508739,18235,0.0001
1864800,6216,1017,1832,0.438476,300.0,0.01,0.002073886338621378,18247,0.0001
1866000,6220,1017,1833,0.4552492900000001,300.0,0.01,0.0007630838663317263,18259,0.0001
1867200,6224,1017,1834,0.49606241999999995,300.0,0.01,0.0007892159046605229,18271,0.0001
1868400,6228,1018,1834,0.36974585000000004,300.0,0.01,0.0008078220998868346,18283,0.0001
1869600,6232,1018,1835,0.30170488,300.0,0.01,0.0010198249947279692,18295,0.0001
1870800,6236,1018,1836,0.26313248000000006,300.0,0.01,0.0006881736917421222,18307,0.0001
1872000,6240,1018,1837,0.25043154000000006,300.0,0.01,0.0006165117956697941,18319,0.0001
1873200,6244,1019,1837,0.37106772000000005,300.0,0.01,0.000984770362265408,18331,0.0001
1874400,6248,1019,1838,0.37840484,300.0,0.01,0.0009606746607460082,18343,0.0001
1875600,6252,1019,1839,0.30408831999999997,300.0,0.01,0.0007985968259163201,18355,0.0001
1876800,6256,1019,1840,0.35947782999999994,300.0,0.01,0.0012446229811757803,18367,0.0001
1878000,6260,1020,1840,0.08010929000000003,300.0,0.01,0.000520714558660984,18379,0.0001
1879200,6264,1020,1841,-0.019770259999999942,300.0,0.01,0.00213774386793375,18391,0.0001
1880400,6268,1020,1842,-0.02209800999999996,300.0,0.01,0.001305948244407773,18403,0.0001
1881600,6272,1020,1843,-0.033270769999999984,300.0,0.01,0.0007835292490199208,18415,0.0001
1882800,6276,1021,1843,-0.03851821000000004,300.0,0.01,0.0009113617707043886,18427,0.0001
1884000,6280,1021,1844,-0.09517723000000002,300.0,0.01,0.000977522460743785,18439,0.0001
1885200,6284,1021,1845,-0.08660491000000001,300.0,0.01,0.0007657015812583268,18451,0.0001
1886400,6288,1021,1846,-0.1579078,300.0,0.01,0.0009498372673988342,18463,0.0001
1887600,6292,1021,1847,-0.10324565,300.0,0.01,0.0004543875402305275,18475,0.0001
1888800,6296,1021,1848,-0.13766942999999998,300.0,0.01,0.0006718883523717523,18487,0.0001
1890000,6300,1022,1848,-0.2773644500000001,300.0,0.01,0.000796227715909481,18499,0.0001
1891200,6304,1022,1849,-0.24372626000000008,300.0,0.01,0.0008649529190734029,18511,0.0001
1892400,6308,1022,1850,-0.1271731399999999,300.0,0.01,0.0008592066587880254,18523,0.0001
1893600,6312,1022,1851,-0.16113113999999995,300.0,0.01,0.0013281307183206081,18535,0.0001
1894800,6316,1023,1852,-0.11299061000000009,300.0,0.01,0.0006101034814491868,18547,0.0001
1896000,6320,1023,1852,-0.12511809000000007,300.0,0.01,0.0009999300818890333,18559,0.0001
1897200,6324,1023,1853,-0.21715465,300.0,0.01,0.0007225385052151978,18571,0.0001
1898400,6328,1023,1854,-0.34669283,300.0,0.01,0.0010169261367991567,18583,0.0001
1899600,6332,1024,1854,-0.32446109000000006,300.0,0.01,0.0012466731714084744,18595,0.0001
1900800,6336,994,1910,-0.26637190000000005,300.0,0.01,0.0008836148190312088,18607,0.0001
1902000,6340,995,1911,-0.33776860999999997,300.0,0.01,0.0016422043554484844,18619,0.0001
1903200,6344,995,1912,-0.28556213999999996,300.0,0.01,0.0006667959387414157,18631,0.0001
1904400,6348,995,1912,-0.29860407,300.0,0.01,0.0007546183769591153,18643,0.0001
1905600,6352,995,1913,-0.2869083800000001,300.0,0.01,0.0023577422834932804,18655,0.0001
1906800,6356,996,1914,-0.35858622000000007,300.0,0.01,0.0005523889558389783,18667,0.0001
1908000,6360,996,1915,-0.22040876999999998,300.0,0.01,0.0012142020277678967,18679,0.0001
1909200,6364,996,1915,-0.20458027,300.0,0.01,0.0006209055427461863,18691,0.0001
1910400,6368,996,1916,-0.24049085,300.0,0.01,0.0005175108672119677,18703,0.0001
1911600,6372,997,1917,-0.34302684000000006,300.0,0.01,0.001179040060378611,18715,0.0001
1912800,6376,997,1917,-0.31114325000000004,300.0,0.01,0.0009972102707251906,18727,0.0001
1914000,6380,997,1918,-0.2840043299999999,300.0,0.01,0.0005939622642472386,18739,0.0001
1915200,6384,997,1919,-0.4506860199999999,300.0,0.01,0.0027075279504060745,18751,0.0001
1916400,6388,998,1920,-0.50833555,300.0,0.01,0.0008047300507314503,18763,0.0001
1917600,6392,998,1920,-0.69500102,300.0,0.01,0.001543171238154173,18775,0.0001
1918800,6396,998,1921,-0.7313204499999999,300.0,0.01,0.0007488822448067367,18787,0.0001
1920000,6400,998,1922,-0.6869249899999998,300.0,0.01,0.0007266966276802123,18799,0.0001
1921200,6404,999,1923,-0.7753736199999999,300.0,0.01,0.0012511926470324397,18811,0.0001
1922400,6408,999,1923,-0.6806048500000003,300.0,0.01,0.0014484699349850416,18823,0.0001
1923600,6412,999,1924,-0.58190595,300.0,0.01,0.0006687496206723154,18835,0.0001
1924800,6416,999,1925,-0.58337636,300.0,0.01,0.0005820067599415779,18847,0.0001
1926000,6420,1000,1925,-0.6640926200000001,300.0,0.01,0.0010165944695472717,18859,0.0001
1927200,6424,1000,1926,-0.62253541,300.0,0.01,0.001004682737402618,18871,0.0001
1928400,6428,1000,1927,-0.7178253800000001,300.0,0.01,0.0007712412043474615,18883,0.0001
1929600,6432,1000,1928,-0.7107303099999999,300.0,0.01,0.0013919249176979065,18895,0.0001
1930800,6436,1000,1929,-0.88401576,300.0,0.01,0.0006402836879715323,18907,0.0001
1932000,6440,1000,1930,-0.7631726600000002,300.0,0.01,0.0007055210880935192,18919,0.0001
1933200,6444,1001,1931,-1.0347218100000004,300.0,0.01,0.0010752107482403517,18931,0.0001
1934400,6448,1001,1931,-0.9554372100000001,300.0,0.01,0.000967341591604054,18943,0.0001
1935600,6452,1001,1932,-0.7970080700000001,300.0,0.01,0.001257617026567459,18955,0.0001
1936800,6456,1001,1933,-0.79955836,300.0,0.01,0.0004913301090709865,18967,0.0001
1938000,6460,1002,1933,-0.8521243,300.0,0.01,0.0008988903136923909,18979,0.0001
1939200,6464,1002,1934,-0.9863382799999998,300.0,0.01,0.0018311236053705215,18991,0.0001
1940400,6468,1002,1935,-0.9637952499999999,300.0,0.01,0.0022957948967814445,19003,0.0001
1941600,6472,1002,1935,-0.8940182799999998,300.0,0.01,0.00125216250307858,19015,0.0001
1942800,6476,1003,1936,-0.8941499199999998,300.0,0.01,0.0006992260459810495,19027,0.0001
1944000,6480,1003,1937,-0.64377062,300.0,0.01,0.0008821776718832552,19039,0.0001
1945200,6484,1003,1938,-0.7511606899999999,300.0,0.01,0.0007894742302596569,19051,0.0001
1946400,6488,1003,1939,-0.63441668,300.0,0.01,0.0012962763430550694,19063,0.0001
1947600,6492,1003,1939,-0.39476438999999997,300.0,0.01,0.0008354302262887359,19075,0.0001
1948800,6496,1004,1940,-0.3711992599999999,300.0,0.01,0.0005838550860062242,19087,0.0001
1950000,6500,1004,1941,-0.45280439999999994,300.0,0.01,0.0007222638232633471,19099,0.0001
1951200,6504,1004,1941,-0.35966154999999994,300.0,0.01,0.0008808143902570009,19111,0.0001
1952400,6508,1005,1942,-0.44468223,300.0,0.01,0.0008590244106017053,19123,0.0001
1953600,6512,1005,1943,-0.39143264000000016,300.0,0.01,0.001001957105472684,19135,0.0001
1954800,6516,1005,1944,-0.45205538000000006,300.0,0.01,0.0013460656628012657,19147,0.0001
1956000,6520,1005,1944,-0.31860866999999987,300.0,0.01,0.0007412661798298359,19159,0.0001
1957200,6524,1006,1945,-0.33542209999999995,300.0,0.01,0.003079370129853487,19171,0.0001
1958400,6528,1006,1946,-0.21442780999999997,300.0,0.01,0.0014581589493900537,19183,0.0001
1959600,6532,1006,1946,-0.23674680999999997,300.0,0.01,0.0007939314236864448,19195,0.0001
1960800,6536,1006,1947,-0.19815766999999998,300.0,0.01,0.0007560850353911519,19207,0.0001
1962000,6540,1007,1948,-0.22415883999999997,300.0,0.01,0.0012141945771872997,19219,0.0001
1963200,6544,1007,1949,-0.07567860999999997,300.0,0.01,0.0006555336294695735,19231,0.0001
1964400,6548,1007,1949,-0.22391213999999998,300.0,0.01,0.003150949254631996,19243,0.0001
1965600,6552,1007,1950,-0.3771190800000001,300.0,0.01,0.001397755928337574,19255,0.0001
1966800,6556,1008,1951,-0.27968542,300.0,0.01,0.0008146750624291599,19267,0.0001
1968000,6560,1008,1951,-0.29267248999999995,300.0,0.01,0.0007462038774974644,19279,0.0001
1969200,6564,1008,1952,-0.09402051,300.0,0.01,0.0006351157207973301,19291,0.0001
1970400,6568,1008,1953,-0.044843509999999975,300.0,0.01,0.0009189916891045868,19303,0.0001
1971600,6572,1009,1953,-0.016986759999999948,300.0,0.01,0.00042173522524535656,19315,0.0001
1972800,6576,1009,1954,-0.11127193999999989,300.0,0.01,0.001166146481409669,19327,0.0001
1974000,6580,1009,1955,-0.19563884999999992,300.0,0.01,0.000856927887070924,19339,0.0001
1975200,6584,1009,1955,0.03061676000000001,300.0,0.01,0.0006188438273966312,19351,0.0001
1976400,6588,1010,1956,-0.10964895999999999,300.0,0.01,0.0006804672884754837,19363,0.0001
1977600,6592,1010,1957,-0.13991383000000002,300.0,0.01,0.0011114965891465545,19375,0.0001
1978800,6596,1010,1958,-0.072278,300.0,0.01,0.0008630758966319263,19387,0.0001
1980000,6600,1010,1959,-0.018286759999999992,300.0,0.01,0.0011980218114331365,19399,0.0001
1981200,6604,1010,1959,-0.11441544000000002,300.0,0.01,0.0005579678108915687,19411,0.0001
1982400,6608,1011,1960,-0.17553171999999997,300.0,0.01,0.001577720046043396,19423,0.0001
1983600,6612,1011,1961,-0.3023336999999999,300.0,0.01,0.0006983698112890124,19435,0.0001
1984800,6616,1011,1962,-0.19066747,300.0,0.01,0.0005537207471206784,19447,0.0001
1986000,6620,1011,1962,-0.26954416999999997,300.0,0.01,0.0006686614942736924,19459,0.0001
1987200,6624,1011,1963,-0.30356204,300.0,0.01,0.0007633445784449577,19471,0.0001
1988400,6628,1012,1964,-0.32752564999999995,300.0,0.01,0.0011777564650401473,19483,0.0001
1989600,6632,1012,1965,-0.26756242999999996,300.0,0.01,0.0016843018820509315,19495,0.0001
1990800,6636,1012,1965,-0.26892452999999994,300.0,0.01,0.0008288592798635364,19507,0.0001
1992000,6640,1012,1966,-0.13795671999999992,300.0,0.01,0.0009173387079499662,19519,0.0001
1993200,6644,1013,1967,-0.1933577499999999,300.0,0.01,0.0007848406676203012,19531,0.0001
1994400,6648,1013,1968,-0.01930240999999989,300.0,0.01,0.000529178068973124,19543,0.0001
1995600,6652,1013,1969,-0.09962006999999992,300.0,0.01,0.0005224215565249324,19555,0.0001
1996800,6656,1013,1970,-0.16853330999999994,300.0,0.01,0.0011047844309359789,19567,0.0001
1998000,6660,1013,1971,-0.1229414799999999,300.0,0.01,0.0011733889114111662,19579,0.0001
1999200,6664,1013,1971,-0.14496084999999992,300.0,0.01,0.0006582819041796029,19591,0.0001
