rollout/ep_rew_mean,time/total_timesteps,rollout/ep_len_mean,time/fps,time/iterations,time/time_elapsed,train/policy_gradient_loss,train/loss,train/value_loss,train/clip_range,train/explained_variance,train/approx_kl,train/clip_fraction,train/n_updates,train/entropy_loss,train/learning_rate
-2.2366243333333338,2048,300.0,455,1,4,,,,,,,,,,
-2.317367384615385,4096,300.0,619,2,6,-0.012593454259331338,0.19786027073860168,0.4081841087900102,0.2,-0.21481013298034668,0.011965666,0.1046875,10,-1.9361362352967262,0.0003
-0.9672636000000001,6144,300.0,719,3,8,-0.00947104681399651,0.13133448362350464,0.33518331763334575,0.2,-0.04516303539276123,0.0060811806,0.038037109375,20,-1.9359406489878892,0.0003
-0.858924074074074,8192,300.0,783,4,10,-0.014916042545519304,0.2482241690158844,0.935819165315479,0.2,-0.0027990341186523438,0.008510628,0.064453125,30,-1.9192722514271736,0.0003
-0.7137322941176472,10240,300.0,822,5,12,-0.017349194375856313,0.2729281187057495,0.6617843201383948,0.2,-0.0014605522155761719,0.01038175,0.08828125,40,-1.902578793093562,0.0003
-0.3334638250000001,12288,300.0,847,6,14,-0.018783108872594313,0.3694242537021637,0.7309547575190664,0.2,-0.001562356948852539,0.0066038994,0.057568359375,50,-1.9065200854092836,0.0003
-0.22651402127659592,14336,300.0,865,7,16,-0.021441455068998038,0.045496098697185516,0.21575764855369925,0.2,-0.16797447204589844,0.007899099,0.076904296875,60,-1.8780290048569441,0.0003
-0.35971574074074086,16384,300.0,889,8,18,-0.022214135449030437,0.1416521966457367,0.39251761892810466,0.2,0.019314289093017578,0.00828762,0.0876953125,70,-1.8798163905739784,0.0003
-0.32455398360655746,18432,300.0,906,9,20,-0.02348087669815868,0.11567095667123795,0.30752001581713556,0.2,-0.1350494623184204,0.010947654,0.086767578125,80,-1.8627298951148987,0.0003
-0.5146171764705884,20480,300.0,920,10,22,-0.025483729320694693,0.19906845688819885,0.38045891900546847,0.2,0.008830249309539795,0.010537869,0.093603515625,90,-1.861822572350502,0.0003
0.1802081466666667,22528,300.0,930,11,24,-0.024451994043192826,0.14049898087978363,0.37952613583765926,0.2,0.016680598258972168,0.0090815,0.0974609375,100,-1.8506787806749343,0.0003
0.08599054320987655,24576,300.0,931,12,26,-0.028377251187339424,0.1290026605129242,0.40545883812010286,0.2,0.07577592134475708,0.0102665555,0.101904296875,110,-1.843050619214773,0.0003
0.518852125,26624,300.0,937,13,28,-0.02812191089906264,0.19520823657512665,0.5341711162589491,0.2,0.020969152450561523,0.0103284195,0.09765625,120,-1.8360789090394973,0.0003
0.6508570631578946,28672,300.0,940,14,30,-0.0258152370195603,0.10462471842765808,0.2568643644452095,0.2,0.03100639581680298,0.009693291,0.100634765625,130,-1.8299002476036548,0.0003
0.38317546,30720,300.0,945,15,32,-0.027199042052961885,0.14641538262367249,0.38672820418141785,0.2,0.04386568069458008,0.010325716,0.121728515625,140,-1.8142537217587233,0.0003
0.22429063999999987,32768,300.0,949,16,34,-0.028372411151940467,0.08204054832458496,0.4627419628202915,0.2,0.0355907678604126,0.01023579,0.1193359375,150,-1.8105614300817252,0.0003
-0.2230380199999999,34816,300.0,950,17,36,-0.03114964938722551,0.1818290799856186,0.45335710793733597,0.2,-0.28105390071868896,0.01104697,0.122412109375,160,-1.7940964572131635,0.0003
-0.6529909200000003,36864,300.0,957,18,38,-0.028868696244899184,0.045315250754356384,0.2765996641945094,0.2,-0.05515468120574951,0.011324361,0.106396484375,170,-1.7722385354340076,0.0003
-0.2526146300000001,38912,300.0,952,19,40,-0.029336456963210366,0.21804168820381165,0.5857446663081646,0.2,0.013833165168762207,0.01062499,0.122705078125,180,-1.7376293405890464,0.0003
-0.6849815000000001,40960,300.0,957,20,42,-0.03177965162467444,0.10131048411130905,0.4003722731955349,0.2,-0.053054094314575195,0.011432247,0.1224609375,190,-1.7285015635192393,0.0003
-0.32117511,43008,300.0,962,21,44,-0.0318926243140595,0.19488859176635742,0.4885792532004416,0.2,0.05288201570510864,0.011887578,0.11875,200,-1.7265309531241655,0.0003
-0.17333244999999992,45056,300.0,962,22,46,-0.03294184982660227,0.21222427487373352,0.5786330292001367,0.2,-0.07429611682891846,0.014213564,0.157373046875,210,-1.7099369715899229,0.0003
-0.8587939099999997,47104,300.0,965,23,48,-0.03417381905019283,0.03621826320886612,0.35457865833304825,0.2,-0.008982419967651367,0.013121765,0.136962890625,220,-1.6872858386486769,0.0003
-0.48241691,49152,300.0,970,24,50,-0.03426176181383198,0.11467023193836212,0.5007633931934834,0.2,0.09012770652770996,0.013374483,0.15498046875,230,-1.673661520332098,0.0003
-0.67439178,51200,300.0,972,25,52,-0.029997686302522197,0.10041788965463638,0.30765561275184156,0.2,0.14178931713104248,0.011663673,0.135693359375,240,-1.6419894944876432,0.0003
-1.1056606500000001,53248,300.0,976,26,54,-0.03142896755307447,0.3543917238712311,0.6986757157370448,0.2,0.02602177858352661,0.013098635,0.153515625,250,-1.6143562447279691,0.0003
-1.08454087,55296,300.0,975,27,56,-0.033423316391417754,0.08309231698513031,0.23311334692407398,0.2,0.21239519119262695,0.013805904,0.15771484375,260,-1.6057766128331423,0.0003
-1.00423343,57344,300.0,976,28,58,-0.03639377574727405,0.06478990614414215,0.2342752505093813,0.2,0.34842556715011597,0.0131885335,0.1619140625,270,-1.6033441223204137,0.0003
-0.8824541999999999,59392,300.0,980,29,60,-0.02967097643413581,0.4633919298648834,0.8877760640345513,0.2,0.12978947162628174,0.012641113,0.133154296875,280,-1.5586711168289185,0.0003
-0.1767017000000001,61440,300.0,982,30,62,-0.029677331667335237,0.474557489156723,0.9354083679616452,0.2,0.26073598861694336,0.013295162,0.12919921875,290,-1.5318870171904564,0.0003
-0.3364611499999999,63488,300.0,982,31,64,-0.0364038465268095,0.08277997374534607,0.30246216100640594,0.2,0.2801465392112732,0.015013531,0.164892578125,300,-1.5256222318857908,0.0003
-0.0371187900000001,65536,300.0,982,32,66,-0.03048488866479602,0.16791348159313202,0.3706963922362775,0.2,0.2377249002456665,0.013587913,0.169580078125,310,-1.5243794124573469,0.0003
0.04159727000000017,67584,300.0,982,33,68,-0.03297003037878312,0.10049690306186676,0.5023096871562303,0.2,-0.027144789695739746,0.012847143,0.149853515625,320,-1.5070743672549725,0.0003
0.007889779999999931,69632,300.0,984,34,70,-0.03618175842420897,0.04638996720314026,0.24037351724691688,0.2,-0.017394304275512695,0.016095165,0.18095703125,330,-1.5044453844428063,0.0003
-0.13538552999999998,71680,300.0,986,35,72,-0.029844836340635082,0.0945887565612793,0.3297171070706099,0.2,-0.08835923671722412,0.01278789,0.13359375,340,-1.5028938241302967,0.0003
0.08761006000000006,73728,300.0,989,36,74,-0.03686273856437765,0.05909990891814232,0.2801436695503071,0.2,0.07766503095626831,0.016206563,0.18515625,350,-1.480827631801367,0.0003
-0.6615831900000001,75776,300.0,988,37,76,-0.034704223170410844,0.04828152060508728,0.24317837203852832,0.2,0.10313981771469116,0.015372712,0.16337890625,360,-1.4476950474083423,0.0003
-0.16274299999999994,77824,300.0,989,38,78,-0.03112465912272455,0.3771940767765045,0.7887589094229043,0.2,0.08201158046722412,0.016082255,0.1611328125,370,-1.4384744305163621,0.0003
0.09584050999999981,79872,300.0,991,39,80,-0.031959239195566626,0.8346640467643738,1.05794989541173,0.2,-0.0007191896438598633,0.01773534,0.177978515625,380,-1.4119374930858613,0.0003
0.12785558999999988,81920,300.0,993,40,82,-0.03770323013304733,0.01600826159119606,0.1814778700703755,0.2,-0.12970483303070068,0.016728036,0.177685546875,390,-1.3875756785273552,0.0003
0.09612760999999992,83968,300.0,996,41,84,-0.03333060912118526,0.1781671941280365,0.35317019410431383,0.2,0.14874660968780518,0.014197499,0.161767578125,400,-1.3752071149647236,0.0003
-0.21244346999999997,86016,300.0,996,42,86,-0.033591141623037404,0.09264641255140305,0.30011488357558846,0.2,-0.12698984146118164,0.015983006,0.188232421875,410,-1.368513534963131,0.0003
-1.1138987200000001,88064,300.0,996,43,88,-0.03036895836266922,0.376736581325531,0.8616222338750958,0.2,-1.1920928955078125e-06,0.015595941,0.165087890625,420,-1.3486627656966448,0.0003
-1.56895375,90112,300.0,997,44,90,-0.03505559752811678,0.08498115092515945,0.4086240797303617,0.2,-0.05530190467834473,0.018399164,0.19248046875,430,-1.3579819861799478,0.0003
-1.7121908899999996,92160,300.0,998,45,92,-0.03239950320567005,0.08310145139694214,0.34401846714317796,0.2,-0.008566141128540039,0.016032785,0.168115234375,440,-1.3265314750373363,0.0003
-1.0884069499999998,94208,300.0,998,46,94,-0.031447524880059065,0.08713788539171219,0.33106577303260565,0.2,0.12327486276626587,0.015321771,0.157373046875,450,-1.3136141017079352,0.0003
-1.20038342,96256,300.0,997,47,96,-0.03399210786010372,0.023699451237916946,0.19374053226783872,0.2,0.36690187454223633,0.017307088,0.16171875,460,-1.2871093466877936,0.0003
-1.5413544299999997,98304,300.0,998,48,98,-0.03541413778511924,0.22695466876029968,0.5737273604609072,0.2,0.25630509853363037,0.018848453,0.17919921875,470,-1.2652786128222941,0.0003
-1.11265381,100352,300.0,647,49,155,-0.030709057551575825,0.08062867075204849,0.27722568744793535,0.2,0.3243328332901001,0.013444649,0.1529296875,480,-1.2368120733648538,0.0003
-1.1719823900000002,102400,300.0,651,50,157,-0.033486960298614574,0.11452188342809677,0.37092441897839307,0.2,0.45724397897720337,0.016875364,0.17314453125,490,-1.2081688959151506,0.0003
-1.22940143,104448,300.0,656,51,159,-0.03300753929361235,0.13497786223888397,0.42058226177468894,0.2,0.4590521454811096,0.01746692,0.17177734375,500,-1.217160202562809,0.0003
-0.5369716600000003,106496,300.0,658,52,161,-0.0338899927388411,0.06513406336307526,0.26505569340661167,0.2,0.6438395380973816,0.017144911,0.16962890625,510,-1.2034094203263521,0.0003
-0.38202689000000006,108544,300.0,663,53,163,-0.03323894799978007,0.10098865628242493,0.4288931226357818,0.2,0.6066201329231262,0.016396072,0.16650390625,520,-1.2023318339139224,0.0003
-1.01561436,110592,300.0,667,54,165,-0.029414911006460896,0.15509358048439026,0.6138050214387476,0.2,0.1718360185623169,0.013358691,0.143994140625,530,-1.202424453943968,0.0003
-1.06440287,112640,300.0,671,55,167,-0.03456700389215257,0.12270615994930267,0.423196766525507,0.2,0.06966018676757812,0.018281892,0.178759765625,540,-1.1919190511107445,0.0003
-1.3535485299999999,114688,300.0,675,56,169,-0.031629594744299536,0.09703043848276138,0.2983392299618572,0.2,0.26550060510635376,0.0152689405,0.1501953125,550,-1.1935899849981069,0.0003
-0.69764662,116736,300.0,678,57,172,-0.03317083990259562,0.08538171648979187,0.31331243156455457,0.2,-0.09109175205230713,0.017494269,0.172705078125,560,-1.1930829163640737,0.0003
-0.26289693,118784,300.0,682,58,174,-0.03172837136953603,0.1873701512813568,0.4807722975499928,0.2,0.054041266441345215,0.016324934,0.164111328125,570,-1.204251304268837,0.0003
-0.22365033999999986,120832,300.0,685,59,176,-0.03286761343479157,0.13488838076591492,0.3409756338223815,0.2,-0.09080362319946289,0.01804933,0.178173828125,580,-1.1663600079715253,0.0003
-0.41695852,122880,300.0,688,60,178,-0.03348893164657056,0.051098890602588654,0.2746683951467276,0.2,-0.11803770065307617,0.018812014,0.18974609375,590,-1.1603975895792247,0.0003
-0.91122288,124928,300.0,691,61,180,-0.03213938939006766,0.28152430057525635,0.5584694222547114,0.2,-0.04076826572418213,0.017916264,0.176806640625,600,-1.1448936220258474,0.0003
-0.7986562800000001,126976,300.0,694,62,182,-0.035973014740739016,0.15260154008865356,0.47870398899540306,0.2,0.0739479660987854,0.02006384,0.19443359375,610,-1.1179733799770475,0.0003
-0.83365315,129024,300.0,698,63,184,-0.03342444465670269,0.2188975214958191,0.6470767374150455,0.2,0.008243143558502197,0.015844366,0.1771484375,620,-1.1129445357248187,0.0003
-0.66278814,131072,300.0,701,64,186,-0.033801342052174735,0.2076621800661087,0.5708374202251434,0.2,0.13831675052642822,0.018604975,0.184912109375,630,-1.1045846311375498,0.0003
-0.5932782799999999,133120,300.0,704,65,189,-0.030012253226595932,0.14875531196594238,0.3994733151514083,0.2,0.15734738111495972,0.016012197,0.17744140625,640,-1.088738164678216,0.0003
-0.5861046900000002,135168,300.0,707,66,191,-0.03136173355014762,-0.019924797117710114,0.11678440807154403,0.2,0.5696397423744202,0.016474206,0.17490234375,650,-1.0860728504136206,0.0003
-0.8383527099999998,137216,300.0,710,67,193,-0.030431884471909143,0.06861943751573563,0.43569772988557814,0.2,0.224298894405365,0.017336205,0.165576171875,660,-1.0696258740499616,0.0003
-0.7258808000000001,139264,300.0,714,68,195,-0.03405156871449435,0.10308558493852615,0.37553487899713217,0.2,-0.051897644996643066,0.019769298,0.194873046875,670,-1.0810924228280783,0.0003
-0.1613694000000001,141312,300.0,716,69,197,-0.036716409647488034,0.11869819462299347,0.3606720544863492,0.2,-0.05520915985107422,0.020267531,0.200048828125,680,-1.1074414383620024,0.0003
-0.3015692600000001,143360,300.0,719,70,199,-0.03156841845775489,0.2442629188299179,0.6421288874931633,0.2,0.07670938968658447,0.017101023,0.16328125,690,-1.109584103524685,0.0003
-0.47355578000000015,145408,300.0,722,71,201,-0.030373181932372973,0.02190498262643814,0.25748852933757005,0.2,-0.3517814874649048,0.01633069,0.17197265625,700,-1.0954652341082691,0.0003
-0.54078684,147456,300.0,725,72,203,-0.03953390934038907,0.07534866780042648,0.29074558401480316,0.2,0.07819885015487671,0.01960512,0.187451171875,710,-1.0901285480707883,0.0003
-0.43281448000000006,149504,300.0,728,73,205,-0.0327721204579575,0.026064954698085785,0.21628545355051756,0.2,-0.0001386404037475586,0.016991101,0.18544921875,720,-1.0912459198385478,0.0003
-0.21456092999999987,151552,300.0,730,74,207,-0.03683885255595669,-0.01332177221775055,0.18124758226331322,0.2,0.1817043423652649,0.01907387,0.191015625,730,-1.0811184395104647,0.0003
-0.4034131099999999,153600,300.0,733,75,209,-0.031522651651175695,0.4053351879119873,0.9526378810405731,0.2,0.010767102241516113,0.018602641,0.182373046875,740,-1.0653396448120476,0.0003
0.2810052500000001,155648,300.0,736,76,211,-0.032917340940912254,0.16567355394363403,0.4800467260181904,0.2,0.04463851451873779,0.021547338,0.189599609375,750,-1.042463826574385,0.0003
-0.06872461999999992,157696,300.0,738,77,213,-0.03893029300379567,0.199323832988739,0.6416757239960134,0.2,0.09149521589279175,0.0230369,0.217822265625,760,-1.04730414301157,0.0003
-0.17161243999999998,159744,300.0,741,78,215,-0.03332693891134113,0.2674269676208496,0.7240922377444804,0.2,0.05900013446807861,0.019059436,0.182568359375,770,-1.0470415389165282,0.0003
-0.31902612999999985,161792,300.0,743,79,217,-0.031078246489050797,0.028557535260915756,0.20618297315668316,0.2,-0.07236719131469727,0.017173503,0.184326171875,780,-1.0363653909415007,0.0003
-0.9821378699999999,163840,300.0,745,80,219,-0.03559805098921061,0.021825507283210754,0.14637735253199935,0.2,0.1049996018409729,0.020898573,0.190087890625,790,-0.9821573680266737,0.0003
-1.05197102,165888,300.0,746,81,222,-0.03850104662706144,0.04685596749186516,0.20356657004449516,0.2,-0.1010751724243164,0.021767218,0.204052734375,800,-0.9944139204919338,0.0003
-1.4195327099999997,167936,300.0,749,82,224,-0.03263408411003184,0.2383936047554016,0.8720303347334266,0.2,0.02340906858444214,0.019577568,0.173095703125,810,-0.973319791816175,0.0003
-1.0924168699999999,169984,300.0,751,83,226,-0.03419846725009847,0.05366551876068115,0.17973652174696325,0.2,0.12223881483078003,0.019588862,0.18076171875,820,-0.9673063460737467,0.0003
-1.7632714099999998,172032,300.0,753,84,228,-0.03460194755753036,0.1937686800956726,0.4607457145117223,0.2,0.14739233255386353,0.023290224,0.20693359375,830,-0.9769643172621727,0.0003
-1.4297267400000002,174080,300.0,755,85,230,-0.03330031896184664,0.15206456184387207,0.3987874118145555,0.2,0.26188546419143677,0.01972649,0.178515625,840,-0.9936779234558344,0.0003
-1.3576550799999998,176128,300.0,758,86,232,-0.03223426447657403,0.145509272813797,0.3456350968917832,0.2,0.3099685311317444,0.021927617,0.196630859375,850,-0.9832453841343523,0.0003
-1.3787878699999998,178176,300.0,760,87,234,-0.03531223940080963,0.2399512082338333,0.6383949968963861,0.2,0.2108973264694214,0.022383543,0.185693359375,860,-0.9814129402860999,0.0003
-1.3283933799999996,180224,300.0,762,88,236,-0.03304609861515928,0.11570175737142563,0.402753425296396,0.2,0.3042696714401245,0.02010842,0.192626953125,870,-0.9815440811216831,0.0003
-1.21215567,182272,300.0,764,89,238,-0.03314815505291335,0.1589677333831787,0.47363363709300754,0.2,0.19369417428970337,0.020384569,0.1837890625,880,-0.9545918717980385,0.0003
-1.2020232599999998,184320,300.0,766,90,240,-0.03495863206480863,0.03013233095407486,0.23471724623814225,0.2,0.48736703395843506,0.020344045,0.205859375,890,-0.9807751758024097,0.0003
-0.8957603900000001,186368,300.0,767,91,242,-0.03544853006460471,0.24638766050338745,0.8546211870387197,0.2,0.13607829809188843,0.019585889,0.184814453125,900,-0.9712043233215809,0.0003
-0.9211109,188416,300.0,769,92,245,-0.035593668193905616,0.01782824471592903,0.15578885260038078,0.2,0.3403398394584656,0.02371471,0.204150390625,910,-0.9621618432924152,0.0003
-0.85045996,190464,300.0,770,93,247,-0.03578387394954916,-0.03960201144218445,0.1164145975606516,0.2,0.4804452657699585,0.020630373,0.189404296875,920,-0.9510437989607453,0.0003
-0.7489792200000001,192512,300.0,771,94,249,-0.03396666594780982,0.09399786591529846,0.37781007019802926,0.2,0.2011740803718567,0.019891124,0.20791015625,930,-0.9717134915292263,0.0003
0.22678481999999994,194560,300.0,772,95,251,-0.038952557212905956,0.0630304142832756,0.18905490706674755,0.2,-0.07258999347686768,0.026288113,0.21728515625,940,-0.9739701239392161,0.0003
0.7043624300000001,196608,300.0,774,96,253,-0.03666859866352752,0.19972839951515198,0.6167695061303675,0.2,0.09934210777282715,0.02087365,0.1994140625,950,-0.9706435363739729,0.0003
0.6559165399999999,198656,300.0,776,97,255,-0.031821820442564784,0.30817440152168274,0.8078127144835889,0.2,0.1831699013710022,0.019728212,0.18134765625,960,-0.9445272015407682,0.0003
0.7414744799999999,200704,300.0,637,98,315,-0.0351301363814855,0.1543462872505188,0.5028719829395414,0.2,0.1122174859046936,0.019455899,0.184521484375,970,-0.969846036285162,0.0003
0.9459688999999999,202752,300.0,639,99,317,-0.03781815304828342,0.46402034163475037,0.945463546551764,0.2,0.11289012432098389,0.020817354,0.19765625,980,-0.9642532680183649,0.0003
0.7965507800000001,204800,300.0,641,100,319,-0.03603842464799527,0.11893630027770996,0.3591799112036824,0.2,0.03412425518035889,0.024466427,0.2109375,990,-0.9694435749202966,0.0003
1.1385450300000002,206848,300.0,644,101,321,-0.03320511174097192,0.008690029382705688,0.1837436455534771,0.2,0.03721582889556885,0.020795751,0.2005859375,1000,-0.9942937105894089,0.0003
1.16384017,208896,300.0,646,102,322,-0.034908927662763746,-0.020153183490037918,0.14049832061864437,0.2,0.31348949670791626,0.022504907,0.21181640625,1010,-0.9662098862230778,0.0003
1.4240352199999997,210944,300.0,649,103,324,-0.03463415965961758,0.0966637134552002,0.2872095114085823,0.2,0.1647348403930664,0.021883413,0.18662109375,1020,-0.974786408059299,0.0003
1.33726291,212992,300.0,651,104,326,-0.034539440198568624,-0.017133332788944244,0.1098854560405016,0.2,0.4086208939552307,0.021185312,0.192138671875,1030,-0.9987557958811522,0.0003
1.6866882800000005,215040,300.0,654,105,328,-0.036615558946505186,0.13101455569267273,0.308123580692336,0.2,0.12529414892196655,0.02225624,0.19453125,1040,-0.9772717863321304,0.0003
1.97729172,217088,300.0,656,106,330,-0.04016622841299977,0.21535560488700867,0.7353761399164795,0.2,0.10800933837890625,0.022942126,0.199755859375,1050,-0.9829277211800218,0.0003
2.14857089,219136,300.0,658,107,332,-0.039791215473087505,0.11388083547353745,0.5351087269373238,0.2,0.14642155170440674,0.026212446,0.2072265625,1060,-0.9668035151436924,0.0003
2.0075121400000002,221184,300.0,660,108,334,-0.03791059746290557,0.04126206785440445,0.2370982127264142,0.2,0.09845215082168579,0.020074837,0.202978515625,1070,-0.9670922618359328,0.0003
2.1068246800000003,223232,300.0,662,109,336,-0.03597089617978781,0.021499812602996826,0.1939251426840201,0.2,0.280983567237854,0.023607355,0.209619140625,1080,-0.9745981454849243,0.0003
1.37151345,225280,300.0,665,110,338,-0.03349283929273952,0.16371138393878937,0.36870746468193827,0.2,0.3383140563964844,0.02038465,0.19765625,1090,-0.9738364722579718,0.0003
0.8023701400000001,227328,300.0,667,111,340,-0.03404551465064287,0.07493632286787033,0.3123987529426813,0.2,0.48515963554382324,0.023424413,0.199853515625,1100,-0.9773265693336726,0.0003
0.7888494500000001,229376,300.0,669,112,342,-0.03974238801747561,0.07689069211483002,0.32248280704952775,0.2,0.12026143074035645,0.022749163,0.1962890625,1110,-0.9773789966478944,0.0003
1.3378117000000003,231424,300.0,671,113,344,-0.036236988360178655,0.1814882457256317,0.5754688101820647,0.2,0.2666877508163452,0.021516498,0.19345703125,1120,-0.9623002354055643,0.0003
1.22565681,233472,300.0,672,114,346,-0.03642915493110195,0.09290050715208054,0.358312566857785,0.2,0.3935224413871765,0.022056703,0.19228515625,1130,-0.9495687959715724,0.0003
1.4942151999999995,235520,300.0,674,115,348,-0.03641531887988094,0.08008404821157455,0.24947261409834026,0.2,0.3464118242263794,0.028260427,0.206396484375,1140,-0.9364668881520629,0.0003
1.6248307,237568,300.0,676,116,351,-0.03531775998417288,-0.004740901291370392,0.1447741555282846,0.2,0.42236512899398804,0.023346208,0.206884765625,1150,-0.9407182566821575,0.0003
1.49011866,239616,300.0,678,117,352,-0.03533484037325252,0.1494341790676117,0.4285081650596112,0.2,0.11545854806900024,0.021208541,0.193994140625,1160,-0.9176575548946857,0.0003
1.5751493599999997,241664,300.0,680,118,354,-0.03693374656140804,0.17213790118694305,0.6228672009892762,0.2,0.06444144248962402,0.022206154,0.196044921875,1170,-0.9434897826984525,0.0003
1.4854972499999999,243712,300.0,682,119,357,-0.03416576915042242,0.22551903128623962,0.6651392731815576,0.2,0.001200556755065918,0.024555482,0.188525390625,1180,-0.9411894898861647,0.0003
0.6601791699999999,245760,300.0,684,120,359,-0.04036831961711869,0.027456343173980713,0.23035803618840872,0.2,0.19707733392715454,0.02486927,0.203759765625,1190,-0.9281535655260086,0.0003
-0.10274336999999997,247808,300.0,686,121,361,-0.03649212782911491,0.09341210871934891,0.47028230065479876,0.2,0.27205324172973633,0.021497784,0.20888671875,1200,-0.9425206812098622,0.0003
-0.05693145999999994,249856,300.0,688,122,362,-0.04003730043768883,0.05903013050556183,0.2579071089625359,0.2,0.5495926141738892,0.023688406,0.199853515625,1210,-0.9385108416900039,0.0003
-0.29583239,251904,300.0,690,123,364,-0.03370930002129171,0.2371821254491806,0.39853749219328166,0.2,0.20707881450653076,0.020563846,0.1798828125,1220,-0.9241674153134227,0.0003
0.0361889200000001,253952,300.0,692,124,366,-0.034337397571653126,0.07073758542537689,0.21547310620080679,0.2,0.44695526361465454,0.023583721,0.192333984375,1230,-0.907711342163384,0.0003
0.5564162100000001,256000,300.0,693,125,369,-0.0405747580298339,0.03849715739488602,0.24203494228422642,0.2,-0.03163301944732666,0.024652962,0.2083984375,1240,-0.9242609160020947,0.0003
0.12391496000000007,258048,300.0,695,126,371,-0.03978801983175799,0.14294485747814178,0.5311127762310207,0.2,0.09181934595108032,0.022801723,0.212451171875,1250,-0.9254702620208264,0.0003
-0.055283559999999926,260096,300.0,697,127,372,-0.035208622242498676,0.19397777318954468,0.39116639546118676,0.2,0.11123049259185791,0.025453815,0.203759765625,1260,-0.9277340536937118,0.0003
0.007715670000000025,262144,300.0,699,128,374,-0.03720060962659773,0.28514716029167175,0.615458304528147,0.2,0.18225502967834473,0.022166137,0.194384765625,1270,-0.9463535998016596,0.0003
0.17121311000000003,264192,300.0,700,129,377,-0.03680483986099716,0.054243266582489014,0.37837407789193095,0.2,-0.2332601547241211,0.025673438,0.206298828125,1280,-0.918005682528019,0.0003
-0.07533933999999995,266240,300.0,702,130,379,-0.03361508382949978,0.2023542821407318,0.3889939302112907,0.2,0.04679638147354126,0.020056337,0.186572265625,1290,-0.899767067655921,0.0003
-0.12609622000000015,268288,300.0,703,131,381,-0.0334891640843125,0.18248715996742249,0.48183573354035614,0.2,-0.06289279460906982,0.030158281,0.214208984375,1300,-0.9040242701768875,0.0003
0.09685200999999997,270336,300.0,705,132,383,-0.03706907556916121,0.0019661076366901398,0.16234518489800392,0.2,-0.17509973049163818,0.025987227,0.208837890625,1310,-0.8982883455231786,0.0003
0.21229837000000018,272384,300.0,707,133,384,-0.032026524723914915,0.18024030327796936,0.564728252030909,0.2,-0.018668532371520996,0.02151005,0.179296875,1320,-0.8941955545917153,0.0003
0.21500956000000004,274432,300.0,708,134,387,-0.03696785366337281,0.1477942019701004,0.5010344412177801,0.2,0.06314074993133545,0.023398865,0.2013671875,1330,-0.892594045959413,0.0003
0.8377400499999998,276480,300.0,710,135,389,-0.03500057739147451,0.1833573877811432,0.5343999395146966,0.2,0.11141490936279297,0.023068193,0.19130859375,1340,-0.8721154714003205,0.0003
1.3240526100000003,278528,300.0,712,136,391,-0.036862664553336796,0.11135174334049225,0.4289133667014539,0.2,0.07117033004760742,0.024108192,0.201318359375,1350,-0.8923089254647494,0.0003
1.5829083400000001,280576,300.0,713,137,393,-0.03844195996207418,0.04224211722612381,0.18900689382571728,0.2,0.26788651943206787,0.030558463,0.209521484375,1360,-0.841346569173038,0.0003
1.40655329,282624,300.0,715,138,395,-0.037008620117558164,0.13242676854133606,0.3533165086060762,0.2,0.27816176414489746,0.02398365,0.204052734375,1370,-0.892979807779193,0.0003
1.3025144499999997,284672,300.0,716,139,397,-0.035197642545972484,0.033544864505529404,0.20100136811379343,0.2,0.29933398962020874,0.02390045,0.192724609375,1380,-0.8517198853194714,0.0003
1.4538410099999997,286720,300.0,716,140,399,-0.03256234799773665,0.1332467496395111,0.373556571174413,0.2,0.45014363527297974,0.023752958,0.1939453125,1390,-0.8442664403468371,0.0003
1.37305175,288768,300.0,715,141,403,-0.03564075770700583,0.12547753751277924,0.4310576870106161,0.2,0.25270819664001465,0.022438126,0.18525390625,1400,-0.8309736119583249,0.0003
1.3773106899999998,290816,300.0,716,142,406,-0.03661795929074287,-0.01659972220659256,0.1712281637825072,0.2,0.6077562570571899,0.027983803,0.202490234375,1410,-0.8458561543375254,0.0003
1.0374087799999996,292864,300.0,716,143,408,-0.03897249597648624,0.32980456948280334,0.6512775850482285,0.2,0.373465359210968,0.023265906,0.20185546875,1420,-0.8910210395231843,0.0003
0.7400345699999998,294912,300.0,716,144,411,-0.03721344102232251,0.042698681354522705,0.1480017241090536,0.2,0.49516046047210693,0.02609347,0.205322265625,1430,-0.8759035108610987,0.0003
0.5110911999999999,296960,300.0,718,145,413,-0.03544056945538614,-0.02727562189102173,0.135423175804317,0.2,0.6900865435600281,0.023954168,0.20078125,1440,-0.889198356308043,0.0003
1.30086098,299008,300.0,718,146,415,-0.03540679557190742,0.031083934009075165,0.27271778844296934,0.2,0.5065348744392395,0.024601659,0.19326171875,1450,-0.8732121901586651,0.0003
0.77635585,301056,300.0,630,147,477,-0.0341351112438133,0.17674985527992249,0.7214958524331451,0.2,-0.30144500732421875,0.021262672,0.183642578125,1460,-0.8496805746108294,0.0003
0.52078194,303104,300.0,631,148,479,-0.04014580024813767,0.057621292769908905,0.19923315956257284,0.2,-0.13609576225280762,0.031614453,0.227783203125,1470,-0.8547658383846283,0.0003
0.29720948000000014,305152,300.0,632,149,482,-0.036199822711932936,0.10930410027503967,0.39609880559146404,0.2,0.0364910364151001,0.025904108,0.199462890625,1480,-0.8733051916584372,0.0003
0.024444609999999933,307200,300.0,633,150,484,-0.036140964439255185,0.2506035566329956,0.46477133203297855,0.2,0.012746930122375488,0.024148524,0.198193359375,1490,-0.8618668895214796,0.0003
-0.18979072000000008,309248,300.0,634,151,487,-0.04073540217068512,0.04486626386642456,0.29327204572036863,0.2,0.12611913681030273,0.028160594,0.208154296875,1500,-0.8598507020622492,0.0003
0.44836781000000014,311296,300.0,633,152,491,-0.041277457398246044,0.1340615153312683,0.48382805129513146,0.2,-8.594989776611328e-05,0.028431438,0.20224609375,1510,-0.8510481117293238,0.0003
0.21635284000000013,313344,300.0,634,153,493,-0.03653781191096641,0.19667524099349976,0.45601026583462956,0.2,-0.08279252052307129,0.026681513,0.1884765625,1520,-0.8239169210195542,0.0003
0.40684255,315392,300.0,636,154,495,-0.036068232609250114,0.1692289561033249,0.5427933530882001,0.2,-0.1041187047958374,0.022482099,0.190283203125,1530,-0.8022000767290592,0.0003
0.15097318000000012,317440,300.0,637,155,498,-0.034680121834389864,0.2928057909011841,0.5486544156447053,0.2,0.04621046781539917,0.026301244,0.201220703125,1540,-0.8248326651751995,0.0003
0.2832463499999999,319488,300.0,638,156,500,-0.039147608884377405,0.017581649124622345,0.1684287763433531,0.2,0.11450499296188354,0.029348398,0.21689453125,1550,-0.8311467995867133,0.0003
0.13389120000000002,321536,300.0,640,157,502,-0.0361049874467426,0.16047900915145874,0.39313976508565246,0.2,-0.05211758613586426,0.026953744,0.20732421875,1560,-0.839863296225667,0.0003
0.09448268000000003,323584,300.0,641,158,504,-0.035133420198690146,-0.035338640213012695,0.10057760236086324,0.2,0.4375233054161072,0.029790219,0.211279296875,1570,-0.8725350631400943,0.0003
0.21557914000000003,325632,300.0,642,159,506,-0.03842737823870266,0.06719338893890381,0.2536101643461734,0.2,0.14718008041381836,0.024156522,0.206591796875,1580,-0.8415722195059061,0.0003
-0.12934483,327680,300.0,643,160,508,-0.033568063999700824,0.076728954911232,0.3320696700364351,0.2,0.14242011308670044,0.022203535,0.187060546875,1590,-0.8310208899900318,0.0003
-0.12239547999999996,329728,300.0,644,161,511,-0.03399540430691559,0.19031235575675964,0.4142388944979757,0.2,0.2109675407409668,0.024346821,0.204736328125,1600,-0.8330820135772228,0.0003
-0.20506100999999993,331776,300.0,646,162,513,-0.04083295663440367,0.047338396310806274,0.2579851603135467,0.2,-0.2924668788909912,0.028719114,0.215380859375,1610,-0.8347255593165755,0.0003
-0.41280364999999997,333824,300.0,647,163,515,-0.03628225766296964,0.11202488094568253,0.44298078417778014,0.2,0.008151590824127197,0.025566988,0.19921875,1620,-0.8750886794179678,0.0003
-0.5625323699999998,335872,300.0,648,164,517,-0.03699941161612515,0.07304012775421143,0.38841474978253243,0.2,-0.0436171293258667,0.026273333,0.2130859375,1630,-0.891924949735403,0.0003
-0.40952768999999983,337920,300.0,649,165,519,-0.03722216725582257,0.07175754010677338,0.44901373800821603,0.2,0.2126232385635376,0.02393768,0.19052734375,1640,-0.8880120212212205,0.0003
-0.8962912300000001,339968,300.0,650,166,522,-0.0369704336830182,0.28015953302383423,0.8541860778816044,0.2,0.03167867660522461,0.022630531,0.188720703125,1650,-0.8788237165659666,0.0003
-0.8716359000000002,342016,300.0,652,167,524,-0.03677613217150792,0.10990366339683533,0.5011129570193589,0.2,-0.31073760986328125,0.02516019,0.20419921875,1660,-0.8691271042451263,0.0003
-0.7098483299999998,344064,300.0,653,168,526,-0.040084874627063984,-0.041845668107271194,0.1292086754925549,0.2,0.04566067457199097,0.027558766,0.213037109375,1670,-0.8833394283428788,0.0003
-0.4857532299999999,346112,300.0,654,169,528,-0.04020653708139434,0.014424525201320648,0.24525036634877323,0.2,0.2862945795059204,0.028007388,0.219873046875,1680,-0.8546500127762556,0.0003
-0.20406773999999991,348160,300.0,656,170,530,-0.039446769954520275,0.022805839776992798,0.19685648896265776,0.2,0.5450528860092163,0.025173977,0.20087890625,1690,-0.8523698141798377,0.0003
0.2609643200000003,350208,300.0,657,171,532,-0.04124693601261242,0.06636612117290497,0.254372638836503,0.2,0.402058482170105,0.027517356,0.219921875,1700,-0.8640197886154055,0.0003
0.55252196,352256,300.0,659,172,534,-0.03814734272600617,0.13017593324184418,0.4083622394129634,0.2,0.25448983907699585,0.02411028,0.197021484375,1710,-0.8863853374496102,0.0003
0.3346731300000001,354304,300.0,660,173,536,-0.03863643949589459,0.24550947546958923,0.7106742993928492,0.2,0.09814184904098511,0.024767037,0.20517578125,1720,-0.8879547184333205,0.0003
0.7181672699999999,356352,300.0,661,174,538,-0.04042610922479071,-0.01529894769191742,0.1516899997368455,0.2,0.19710642099380493,0.027039537,0.2060546875,1730,-0.8631054239347578,0.0003
0.5754183000000002,358400,300.0,663,175,540,-0.03989304906135658,0.09013129025697708,0.31933770459145305,0.2,0.2809234857559204,0.024934927,0.1970703125,1740,-0.8576038280501962,0.0003
0.55198118,360448,300.0,663,176,543,-0.04202175568498205,0.07692195475101471,0.32200868874788285,0.2,0.474412202835083,0.029128095,0.21279296875,1750,-0.8669070243835449,0.0003
0.6103274499999999,362496,300.0,664,177,545,-0.03865326356026344,-0.02325267717242241,0.08069072951329873,0.2,0.5178017020225525,0.025034014,0.211181640625,1760,-0.876639130152762,0.0003
0.8754513,364544,300.0,665,178,547,-0.03689174699538853,0.03249644488096237,0.1976449801120907,0.2,0.5445264577865601,0.020799862,0.182177734375,1770,-0.8851107677444816,0.0003
1.33884578,366592,300.0,666,179,549,-0.03595931340532843,0.20978081226348877,0.6826139319688082,0.2,0.23419010639190674,0.024606667,0.2015625,1780,-0.8957708202302456,0.0003
1.1850599700000002,368640,300.0,667,180,552,-0.037978405348258096,0.0935431495308876,0.32863350012339654,0.2,0.3051193952560425,0.024850491,0.205078125,1790,-0.8822337284684181,0.0003
1.39659467,370688,300.0,668,181,554,-0.038881150577799416,0.05858375132083893,0.29316354389302435,0.2,0.27490925788879395,0.02500137,0.20107421875,1800,-0.8949617128819227,0.0003
1.44427934,372736,300.0,669,182,556,-0.039950391137972475,0.28430089354515076,0.7744679290801286,0.2,0.04765552282333374,0.023694806,0.180224609375,1810,-0.8782455308362842,0.0003
1.3902109700000003,374784,300.0,670,183,558,-0.04078953205025755,0.1768450140953064,0.4632067484781146,0.2,0.040294766426086426,0.022155453,0.18828125,1820,-0.8671145780012012,0.0003
1.5169470700000003,376832,300.0,671,184,560,-0.03883661349536851,0.39245402812957764,0.7615097837522626,0.2,-0.10551512241363525,0.024246722,0.210546875,1830,-0.8596901644021273,0.0003
1.4709024599999996,378880,300.0,672,185,563,-0.03909283673710888,-0.01014886423945427,0.13566783068235963,0.2,-0.18125569820404053,0.026849236,0.199267578125,1840,-0.8500052738934756,0.0003
1.18564769,380928,300.0,673,186,565,-0.04125709813379217,0.0984250158071518,0.2885705670807511,0.2,0.051479995250701904,0.02501705,0.19521484375,1850,-0.8624311866238713,0.0003
1.4500019100000001,382976,300.0,674,187,567,-0.03742863188672345,0.06985209882259369,0.4234682731330395,0.2,0.2333461046218872,0.02374089,0.190087890625,1860,-0.8686912786215544,0.0003
1.6726820900000001,385024,300.0,676,188,569,-0.0397195128898602,0.08372477442026138,0.3272969048470259,0.2,0.28282368183135986,0.024687957,0.2005859375,1870,-0.8642859576269984,0.0003
1.7373542600000003,387072,300.0,676,189,571,-0.043305630280519834,0.07628478854894638,0.3851954225916415,0.2,0.217818021774292,0.028216975,0.20703125,1880,-0.8753145214170217,0.0003
1.8382309799999998,389120,300.0,678,190,573,-0.03966924510750687,0.22991763055324554,0.7094325545243919,0.2,0.08809161186218262,0.02548017,0.19990234375,1890,-0.8718957155942917,0.0003
1.5229033199999997,391168,300.0,678,191,576,-0.03887357280473225,0.06479673087596893,0.2871898138895631,0.2,0.3155673146247864,0.02554202,0.198583984375,1900,-0.8778346549719572,0.0003
1.4191552100000002,393216,300.0,679,192,578,-0.03904934021702502,0.19113685190677643,0.4815467644482851,0.2,0.33074939250946045,0.025625642,0.202490234375,1910,-0.8756481122225523,0.0003
1.28857886,395264,300.0,680,193,580,-0.0397390953352442,0.28275272250175476,0.5795038076117635,0.2,0.3025379180908203,0.026634809,0.193701171875,1920,-0.8816103981807828,0.0003
0.84564797,397312,300.0,681,194,582,-0.04069743269501487,0.16047309339046478,0.43786518918350337,0.2,0.47337424755096436,0.026513081,0.19951171875,1930,-0.8830145306885242,0.0003
1.1565008399999999,399360,300.0,683,195,584,-0.038874568408937195,0.12119393050670624,0.3732773993164301,0.2,0.4571375250816345,0.026610952,0.19931640625,1940,-0.8780929543077945,0.0003
0.6386347900000001,401408,300.0,619,196,647,-0.04151458449487109,0.08233532309532166,0.32289464403875173,0.2,0.4063352942466736,0.027519427,0.20791015625,1950,-0.8869129899889231,0.0003
0.6502999600000001,403456,300.0,620,197,649,-0.03880360265611671,0.20126809179782867,0.6224687579087913,0.2,0.3595375418663025,0.026670143,0.207080078125,1960,-0.8811945036053658,0.0003
-0.26429093,405504,300.0,621,198,651,-0.039136937925650275,-0.014442868530750275,0.1337056334828958,0.2,0.6401869654655457,0.024431573,0.218017578125,1970,-0.9049230370670557,0.0003
-0.7533566700000002,407552,300.0,623,199,653,-0.04445538927102462,0.09554784744977951,0.2855147018097341,0.2,0.4879796504974365,0.025854807,0.207177734375,1980,-0.9357214683666826,0.0003
-0.3170938400000001,409600,300.0,624,200,656,-0.041310676097054966,0.15097904205322266,0.38231714428402486,0.2,0.3139278292655945,0.030888338,0.215087890625,1990,-0.9286151414737105,0.0003
-0.33817067999999995,411648,300.0,625,201,658,-0.04292887696356047,-0.02326548844575882,0.19243377649690957,0.2,0.2177005410194397,0.027207289,0.2185546875,2000,-0.9435303039848805,0.0003
-0.18980987,413696,300.0,626,202,660,-0.04358595789817628,0.17017406225204468,0.4323954561725259,0.2,0.39128077030181885,0.026415393,0.21943359375,2010,-0.9116480600088834,0.0003
-0.60938799,415744,300.0,627,203,662,-0.040614776482107116,0.025018133223056793,0.221336915390566,0.2,0.5485841631889343,0.024898583,0.21015625,2020,-0.9393532386049628,0.0003
-0.85905458,417792,300.0,628,204,664,-0.040612619514286054,0.2691853940486908,0.8686617797240614,0.2,0.151053786277771,0.022107862,0.208935546875,2030,-0.9640997432172298,0.0003
-0.67847182,419840,300.0,629,205,666,-0.04321208672481589,0.09714767336845398,0.38687020717188714,0.2,0.34200501441955566,0.025778593,0.21728515625,2040,-0.9374991204589606,0.0003
-0.9005272399999997,421888,300.0,630,206,669,-0.04379501772054937,0.1292410045862198,0.5070450108498334,0.2,0.33837825059890747,0.028155545,0.20546875,2050,-0.9331439591944217,0.0003
-0.7992968099999999,423936,300.0,631,207,671,-0.04204972812731285,0.0404907688498497,0.2700970451813191,0.2,0.285274863243103,0.02649555,0.21259765625,2060,-0.946513232216239,0.0003
-0.4655070399999998,425984,300.0,632,208,673,-0.04226192962669302,-0.05146253481507301,0.10452356078894809,0.2,0.6097002625465393,0.029797357,0.23330078125,2070,-0.9417506568133831,0.0003
-0.34731171999999977,428032,300.0,633,209,675,-0.043581063534657,0.04631759226322174,0.3069356513675302,0.2,0.38026630878448486,0.030260827,0.233056640625,2080,-0.9176076957955956,0.0003
-0.3990072799999998,430080,300.0,634,210,677,-0.04385150599118788,0.09056639671325684,0.322070911899209,0.2,0.22661274671554565,0.025289267,0.218408203125,2090,-0.9192548643797636,0.0003
-0.03592768999999998,432128,300.0,635,211,679,-0.042506909905932845,0.16920095682144165,0.7548108596354723,0.2,0.05201983451843262,0.025630366,0.220068359375,2100,-0.9203473431989551,0.0003
0.11487908999999999,434176,300.0,636,212,681,-0.045493319476372564,-0.011007808148860931,0.15607969146221876,0.2,0.18097013235092163,0.029975325,0.222900390625,2110,-0.9085509864613414,0.0003
0.60441648,436224,300.0,637,213,684,-0.04268325245793676,0.09031711518764496,0.3583639626391232,0.2,0.0963321328163147,0.026498772,0.21220703125,2120,-0.908300930261612,0.0003
0.11361417999999995,438272,300.0,638,214,686,-0.04248520793626085,0.03950768709182739,0.319450150616467,0.2,-0.06023263931274414,0.029644638,0.223486328125,2130,-0.8887131171301007,0.0003
-0.12199207000000006,440320,300.0,639,215,688,-0.04245048806769773,0.0005114302039146423,0.2107862714212388,0.2,-0.0717008113861084,0.027814442,0.227978515625,2140,-0.9152237515896559,0.0003
-0.28925791,442368,300.0,640,216,691,-0.04405569491500501,0.2973952889442444,0.6917373278178275,0.2,-0.02274620532989502,0.024123501,0.212939453125,2150,-0.9088494779542089,0.0003
-0.54126273,444416,300.0,641,217,693,-0.04053106199717149,0.38583749532699585,0.877973305946216,0.2,0.0190126895904541,0.024798332,0.205712890625,2160,-0.8975115042179823,0.0003
-1.1460531100000002,446464,300.0,641,218,695,-0.045266914425883445,0.05195622891187668,0.25558258020319047,0.2,0.31965625286102295,0.028303413,0.2171875,2170,-0.9095537081360817,0.0003
-1.3706756999999998,448512,300.0,642,219,698,-0.040563966147601604,0.11838586628437042,0.28218108336441217,0.2,0.2101140022277832,0.0275312,0.215478515625,2180,-0.9062581619247794,0.0003
-1.5343071999999998,450560,300.0,643,220,700,-0.04147661534952931,0.05680164694786072,0.3351187732536346,0.2,0.24463647603988647,0.02738238,0.20908203125,2190,-0.8852446582168341,0.0003
-1.15317609,452608,300.0,644,221,702,-0.04141291455453029,0.19066551327705383,0.4331968465819955,0.2,0.26665395498275757,0.025216773,0.194189453125,2200,-0.8875633873045444,0.0003
-0.9667261099999997,454656,300.0,645,222,704,-0.04492317735566757,0.2416793555021286,0.6008466431871057,0.2,0.13052308559417725,0.02518683,0.217919921875,2210,-0.8532622765749693,0.0003
-0.92984307,456704,300.0,645,223,707,-0.03685658219328616,0.5064556002616882,1.0951688930392265,0.2,0.11672830581665039,0.02178431,0.1802734375,2220,-0.857052144408226,0.0003
-1.4527155100000002,458752,300.0,646,224,709,-0.046737329923780636,0.022332951426506042,0.21014055374544113,0.2,0.5210282802581787,0.03101543,0.236962890625,2230,-0.8690039584413171,0.0003
-1.16496654,460800,300.0,647,225,711,-0.0400248208490666,0.09935938566923141,0.4718617699109018,0.2,0.4034377336502075,0.024759112,0.195263671875,2240,-0.863415164500475,0.0003
-1.60250713,462848,300.0,648,226,714,-0.039133998009492646,0.0389028862118721,0.20435573344584554,0.2,0.5514818429946899,0.026852828,0.198291015625,2250,-0.8536565640941263,0.0003
-1.8417153699999997,464896,300.0,648,227,717,-0.04141746794630308,-0.017116203904151917,0.1870746063767001,0.2,0.6867668628692627,0.02896272,0.2337890625,2260,-0.850703002884984,0.0003
-1.42220718,466944,300.0,648,228,719,-0.04182270281889942,-0.03889045864343643,0.13039361557457596,0.2,0.7181979417800903,0.029026236,0.212353515625,2270,-0.8468901364132762,0.0003
-0.9646694400000001,468992,300.0,648,229,722,-0.04531189762055874,0.22727499902248383,0.5477787137962877,0.2,0.41664278507232666,0.031265423,0.21826171875,2280,-0.8525236340239644,0.0003
-1.44291201,471040,300.0,649,230,724,-0.04058194935496431,0.02924157679080963,0.32582394271157683,0.2,0.41296136379241943,0.029295277,0.20263671875,2290,-0.8343937009572983,0.0003
-1.15006276,473088,300.0,650,231,726,-0.04154745545820333,0.16486409306526184,0.45859799687750635,0.2,0.16365259885787964,0.024257846,0.203955078125,2300,-0.8152931321412324,0.0003
-0.3814360600000001,475136,300.0,651,232,729,-0.04137414531724062,0.17155802249908447,0.6916531939990819,0.2,0.28431016206741333,0.027736507,0.230859375,2310,-0.8378344422206283,0.0003
0.47403693999999985,477184,300.0,651,233,731,-0.040765108895720915,0.28843602538108826,0.9599094648845494,0.2,0.29024428129196167,0.024632452,0.200390625,2320,-0.8309756487607955,0.0003
0.5397912200000001,479232,300.0,652,234,734,-0.04135216700960882,0.042611755430698395,0.3070923320017755,0.2,0.4231722950935364,0.028656295,0.22080078125,2330,-0.8178665457293391,0.0003
0.9094099600000003,481280,300.0,653,235,736,-0.04004053716198541,0.026458371430635452,0.2585748293902725,0.2,0.17957496643066406,0.026985921,0.218310546875,2340,-0.8315583165735007,0.0003
1.27075151,483328,300.0,654,236,738,-0.03988555053365417,0.13155753910541534,0.4157147541642189,0.2,0.20770442485809326,0.026411943,0.214697265625,2350,-0.8121179951354861,0.0003
1.0143638799999999,485376,300.0,655,237,741,-0.042273395712254566,0.048333026468753815,0.290927057294175,0.2,0.3007768392562866,0.031939346,0.229296875,2360,-0.8322252199053765,0.0003
0.36844136,487424,300.0,655,238,743,-0.04389789032866247,0.058671075850725174,0.326432835822925,0.2,0.2828790545463562,0.028681096,0.222216796875,2370,-0.8145651552826166,0.0003
0.7506938399999998,489472,300.0,655,239,746,-0.042972692966577596,0.05426560342311859,0.2980960906017572,0.2,0.1305239200592041,0.027577821,0.21884765625,2380,-0.8475122574716807,0.0003
0.75772771,491520,300.0,656,240,748,-0.04218113131064456,0.0538470596075058,0.39589113942347465,0.2,0.2923658490180969,0.029757049,0.206884765625,2390,-0.8103363879024983,0.0003
0.9852385799999999,493568,300.0,656,241,751,-0.04294588823686354,0.1796949803829193,0.4614447956904769,0.2,0.17568129301071167,0.029513087,0.220654296875,2400,-0.8398388784378767,0.0003
0.7669792599999994,495616,300.0,657,242,754,-0.04450912617321592,0.07152128219604492,0.398294479586184,0.2,0.3260985016822815,0.02924271,0.222509765625,2410,-0.8643464274704457,0.0003
0.6940874099999997,497664,300.0,657,243,756,-0.039068979865987785,0.1345127820968628,0.4942770108580589,0.2,0.23852944374084473,0.024622833,0.205322265625,2420,-0.8340653289109469,0.0003
0.6624587999999997,499712,300.0,658,244,758,-0.04118619732034858,0.0609825998544693,0.2627272792160511,0.2,0.30323636531829834,0.032732498,0.21181640625,2430,-0.8128380835056305,0.0003
0.8753327199999998,501760,300.0,604,245,829,-0.039204743941081685,0.356860488653183,0.7160698764957487,0.2,0.08409279584884644,0.025435543,0.19375,2440,-0.8313052922487258,0.0003
1.0171272699999998,503808,300.0,605,246,832,-0.03920976361259818,0.03690577670931816,0.20546574462205172,0.2,0.25838637351989746,0.024882007,0.206201171875,2450,-0.8036275807768106,0.0003
0.9247540199999998,505856,300.0,606,247,834,-0.03842458077997435,0.02132526785135269,0.17326570767909288,0.2,0.0010658502578735352,0.026239924,0.2029296875,2460,-0.7790495716035366,0.0003
0.7666731699999998,507904,300.0,605,248,838,-0.036496097268536684,0.08864887058734894,0.38351026456803083,0.2,0.05227828025817871,0.028574185,0.202734375,2470,-0.7840517835691572,0.0003
0.5340699400000001,509952,300.0,606,249,841,-0.042519147740677,0.038299448788166046,0.16351266170386225,0.2,0.2124781608581543,0.03327147,0.237890625,2480,-0.8175834581255913,0.0003
0.6644703199999998,512000,300.0,606,250,843,-0.042645032018481285,0.1436358243227005,0.4505340235773474,0.2,0.005716383457183838,0.027754687,0.21669921875,2490,-0.8013497972860932,0.0003
0.15293103000000008,514048,300.0,607,251,845,-0.04469436541403411,0.0558994859457016,0.26900475909933447,0.2,0.12088418006896973,0.031114548,0.21845703125,2500,-0.8000841377303004,0.0003
0.67442891,516096,300.0,608,252,847,-0.04008558743516914,0.0634225457906723,0.287302103638649,0.2,0.07414227724075317,0.027257962,0.208935546875,2510,-0.8104296738281846,0.0003
0.85566649,518144,300.0,609,253,850,-0.03773931815958349,0.14858976006507874,0.46412101364694536,0.2,0.085948646068573,0.02459109,0.19931640625,2520,-0.7893863407894969,0.0003
0.3840782699999999,520192,300.0,609,254,852,-0.03931572199508082,0.19886961579322815,0.4347653663251549,0.2,0.09226888418197632,0.02913152,0.210009765625,2530,-0.7964778747409582,0.0003
0.38573323999999987,522240,300.0,610,255,855,-0.04509232247364707,0.0469389483332634,0.2547531871125102,0.2,0.15523689985275269,0.030559277,0.2197265625,2540,-0.7880773287266493,0.0003
0.27439674000000003,524288,300.0,611,256,857,-0.040673424175474794,0.096826933324337,0.31577854356728496,0.2,0.0023379921913146973,0.028998483,0.22177734375,2550,-0.795361396856606,0.0003
0.36905126000000005,526336,300.0,612,257,859,-0.03912023236043751,0.33245280385017395,0.6718998015392572,0.2,0.05771905183792114,0.02600383,0.210546875,2560,-0.7996641665697097,0.0003
-0.14142343000000004,528384,300.0,612,258,861,-0.04155125478282571,-0.0019797608256340027,0.1735050871502608,0.2,0.30391204357147217,0.031254772,0.21875,2570,-0.8073155213147402,0.0003
-0.6101056499999999,530432,300.0,612,259,865,-0.039135182052268645,0.07456052303314209,0.27319412725046277,0.2,0.2105010747909546,0.02832758,0.201123046875,2580,-0.8100268632173538,0.0003
-0.7885124400000001,532480,300.0,612,260,868,-0.040379391258466055,0.09018328785896301,0.4034692429471761,0.2,0.23388004302978516,0.027556542,0.214111328125,2590,-0.8224995462223887,0.0003
-1.6687210900000002,534528,300.0,613,261,871,-0.04695100026438013,0.0200115367770195,0.18921869480982423,0.2,0.4213281273841858,0.030753205,0.221337890625,2600,-0.8095291666686535,0.0003
-1.8765250800000002,536576,300.0,614,262,873,-0.039547838148428126,0.06122282147407532,0.32750184102915225,0.2,0.2885504961013794,0.026090762,0.210009765625,2610,-0.8128905525431037,0.0003
-1.6633474399999997,538624,300.0,614,263,876,-0.03968489308899734,0.12913906574249268,0.39292995012365284,0.2,0.3010200262069702,0.030830363,0.193115234375,2620,-0.773420587182045,0.0003
-1.41308202,540672,300.0,615,264,878,-0.04053121080069104,0.06373486667871475,0.23927680887281894,0.2,0.4275919795036316,0.02628321,0.200244140625,2630,-0.788287678360939,0.0003
-1.2837263099999998,542720,300.0,615,265,881,-0.04407715495908633,0.13330426812171936,0.41435743644833567,0.2,0.4898344874382019,0.03943998,0.232470703125,2640,-0.777074215374887,0.0003
-1.33483971,544768,300.0,616,266,883,-0.04239015617349651,0.005050964653491974,0.22677087010815739,0.2,0.6110878586769104,0.03372266,0.219775390625,2650,-0.7733629992231726,0.0003
-2.09862413,546816,300.0,617,267,886,-0.04198116597835906,-0.007886625826358795,0.14022489702329038,0.2,0.717434287071228,0.032750506,0.225146484375,2660,-0.7813806002959609,0.0003
-2.4213279100000005,548864,300.0,617,268,888,-0.03865291885740589,0.07799243927001953,0.2942290319595486,0.2,0.5958847999572754,0.029149767,0.20625,2670,-0.8070207020267844,0.0003
-2.3808077300000003,550912,300.0,618,269,890,-0.040514679964690006,0.09309478849172592,0.31561955050565305,0.2,0.2260492444038391,0.029934311,0.212890625,2680,-0.8150528848171235,0.0003
-2.48431914,552960,300.0,619,270,893,-0.04213119216146879,0.11594933271408081,0.3767417350783944,0.2,0.30036526918411255,0.0291393,0.2095703125,2690,-0.7640208180993795,0.0003
-2.2533957300000003,555008,300.0,619,271,895,-0.04176980473275762,-0.0030740052461624146,0.15991922684479504,0.2,0.5308085083961487,0.029200824,0.20283203125,2700,-0.7878047259524464,0.0003
-1.74405977,557056,300.0,620,272,897,-0.037047004619671496,0.11878207325935364,0.43412360912188885,0.2,0.40610194206237793,0.027936352,0.20419921875,2710,-0.7649849904701114,0.0003
-2.1825875399999997,559104,300.0,621,273,899,-0.04236847404099535,0.07401936501264572,0.2985614879988134,0.2,0.5270302295684814,0.029661223,0.213818359375,2720,-0.8007102241739631,0.0003
-1.6238811800000001,561152,300.0,621,274,902,-0.04044710401794873,0.4792932868003845,1.192706605233252,0.2,0.21199607849121094,0.029175464,0.209033203125,2730,-0.7652265379205346,0.0003
-1.5847682900000002,563200,300.0,622,275,904,-0.039472131477668884,0.08910560607910156,0.2994539252948016,0.2,0.6005364060401917,0.029755268,0.202587890625,2740,-0.7662788124755024,0.0003
-1.2836059600000005,565248,300.0,623,276,906,-0.04040188899380155,0.13658446073532104,0.45710933320224284,0.2,0.43541061878204346,0.02778898,0.22119140625,2750,-0.7885821975767613,0.0003
-1.1103758300000002,567296,300.0,623,277,909,-0.04185945943900151,0.11572118103504181,0.31465630158782004,0.2,0.5132255554199219,0.032102253,0.219970703125,2760,-0.7702845718711615,0.0003
-1.42706951,569344,300.0,624,278,911,-0.03766987692943076,0.18909558653831482,0.6956055940128862,0.2,0.36096346378326416,0.023828905,0.193408203125,2770,-0.764542773552239,0.0003
-1.64884566,571392,300.0,625,279,913,-0.04413719409494661,0.04438193142414093,0.25099400989711285,0.2,0.5169641375541687,0.03504125,0.213671875,2780,-0.7664842193946242,0.0003
-1.4456681400000002,573440,300.0,626,280,915,-0.0373071269452339,0.18362370133399963,0.6497685128822923,0.2,0.1111149787902832,0.028478175,0.20107421875,2790,-0.7392278298735618,0.0003
-0.5105763600000001,575488,300.0,626,281,917,-0.03736496714118402,0.3902353346347809,0.8231734686531127,0.2,0.19358289241790771,0.02682563,0.194580078125,2800,-0.7393781270831823,0.0003
-0.49784050000000024,577536,300.0,627,282,920,-0.03950242757564411,0.08104439079761505,0.41408466678112743,0.2,0.4694865942001343,0.03154903,0.208935546875,2810,-0.7511918872594834,0.0003
0.47178058999999983,579584,300.0,628,283,922,-0.04478392761666328,0.08269625902175903,0.32648988491855563,0.2,0.4216286540031433,0.036373965,0.221142578125,2820,-0.7463127335533499,0.0003
0.7739281799999997,581632,300.0,628,284,925,-0.041719828589702954,0.008250780403614044,0.20489876733627171,0.2,0.6320393085479736,0.030734671,0.21298828125,2830,-0.7510675238445401,0.0003
1.00950207,583680,300.0,628,285,927,-0.039393089563236575,0.15170949697494507,0.5148929118178784,0.2,0.3555257320404053,0.02599129,0.21513671875,2840,-0.7652981985360384,0.0003
1.0152662799999999,585728,300.0,629,286,930,-0.041101707861525935,0.1724156141281128,0.4603758846409619,0.2,0.27373063564300537,0.029321581,0.20908203125,2850,-0.7260791970416903,0.0003
0.6873976099999999,587776,300.0,630,287,932,-0.041628236683027356,0.13395017385482788,0.421423168759793,0.2,0.44234710931777954,0.031516165,0.208984375,2860,-0.7467790953814983,0.0003
0.7369069399999998,589824,300.0,630,288,934,-0.04003636612906121,0.22340694069862366,0.5918168982490897,0.2,0.13344991207122803,0.028267547,0.20087890625,2870,-0.8002084333449602,0.0003
0.5952328800000002,591872,300.0,631,289,937,-0.03980231122550322,0.27856579422950745,0.6086116053164006,0.2,0.20557034015655518,0.02975782,0.209326171875,2880,-0.7806226003915071,0.0003
0.5691825199999999,593920,300.0,632,290,939,-0.0437692242427147,0.21121998131275177,0.6265812576748431,0.2,0.22356152534484863,0.030912198,0.21982421875,2890,-0.7751856660470366,0.0003
0.7937622899999996,595968,300.0,632,291,941,-0.03993008950201329,0.051008693873882294,0.29531728508882227,0.2,0.07384222745895386,0.03255751,0.218017578125,2900,-0.7690560525283218,0.0003
0.24012455000000002,598016,300.0,633,292,943,-0.04085075629409403,0.17361530661582947,0.6878661189228297,0.2,0.11036258935928345,0.027416911,0.206494140625,2910,-0.765027323551476,0.0003
0.5218649299999999,600064,300.0,591,293,1015,-0.040714812978694684,0.029540523886680603,0.1984800327103585,0.2,-0.07074570655822754,0.031930193,0.215576171875,2920,-0.7766300426796079,0.0003
0.7656132500000001,602112,300.0,591,294,1017,-0.041233244046452455,0.05412416160106659,0.34262025146745145,0.2,0.11242175102233887,0.029849144,0.21474609375,2930,-0.7624620655551553,0.0003
0.88691738,604160,300.0,592,295,1019,-0.03997103145666188,0.26247671246528625,0.6870459443889558,0.2,-0.023312687873840332,0.03461922,0.2224609375,2940,-0.7583148775622248,0.0003
0.6110171699999999,606208,300.0,593,296,1021,-0.042205784426187165,0.06260393559932709,0.3479159836657345,0.2,0.1023017168045044,0.036251456,0.217724609375,2950,-0.7572218833491207,0.0003
0.5739317099999998,608256,300.0,593,297,1024,-0.044038437513518144,0.003207862377166748,0.12273094761185348,0.2,0.3035563826560974,0.035348434,0.225146484375,2960,-0.7475361447781325,0.0003
-0.1419005699999999,610304,300.0,594,298,1026,-0.042114885081537067,0.0827811062335968,0.2703580336179584,0.2,0.29853957891464233,0.030264903,0.22080078125,2970,-0.7564721742644906,0.0003
-0.4360918799999998,612352,300.0,595,299,1028,-0.041857657523360105,0.10665720701217651,0.30911265797913073,0.2,-0.15555500984191895,0.03452468,0.210693359375,2980,-0.7592023489996791,0.0003
-0.3428211999999998,614400,300.0,595,300,1030,-0.04273686709348112,0.16054067015647888,0.4489106033463031,0.2,0.22821754217147827,0.02990988,0.2130859375,2990,-0.7430861605331301,0.0003
-0.46245147000000003,616448,300.0,596,301,1032,-0.04243538696609903,0.15741989016532898,0.4235608727671206,0.2,0.19182389974594116,0.032094277,0.212451171875,3000,-0.7339989686384797,0.0003
-0.17325494999999982,618496,300.0,597,302,1035,-0.04409698548261076,-0.045161936432123184,0.1120196821168065,0.2,0.07493382692337036,0.034902364,0.2279296875,3010,-0.7457564074546099,0.0003
-0.4101343699999999,620544,300.0,598,303,1037,-0.03887838036753237,0.04860428720712662,0.2667875323444605,0.2,0.257004976272583,0.030400248,0.195166015625,3020,-0.7529223319143057,0.0003
-0.17338766999999997,622592,300.0,599,304,1039,-0.04171934921469074,0.05968456715345383,0.26869924110360444,0.2,0.20648431777954102,0.032964706,0.2189453125,3030,-0.7554639637470245,0.0003
-0.12705379999999988,624640,300.0,599,305,1041,-0.042023251194041225,0.177459716796875,0.47725302139297127,0.2,0.19247764348983765,0.029710934,0.213134765625,3040,-0.7565746622160077,0.0003
-0.047626969999999866,626688,300.0,599,306,1044,-0.043124139489373194,-0.017981067299842834,0.17591123967431485,0.2,0.11108720302581787,0.034661382,0.23349609375,3050,-0.7498064871877432,0.0003
0.14652871000000003,628736,300.0,600,307,1046,-0.04112604735855711,0.09858764708042145,0.3597524945158511,0.2,0.09054821729660034,0.035874262,0.21904296875,3060,-0.73448491897434,0.0003
-0.7003704499999998,630784,300.0,601,308,1049,-0.0386686618992826,0.21700456738471985,0.757232173718512,0.2,-0.08554291725158691,0.02678687,0.20263671875,3070,-0.7427327089011669,0.0003
-1.21530991,632832,300.0,601,309,1051,-0.04115554556192365,0.16595682501792908,0.3792062276042998,0.2,0.2706097364425659,0.032560553,0.20498046875,3080,-0.7413367314264179,0.0003
-1.56447201,634880,300.0,602,310,1053,-0.03823377189983148,0.28317689895629883,0.49913803385570643,0.2,0.21702635288238525,0.029969297,0.207958984375,3090,-0.7307936504483223,0.0003
-1.73433783,636928,300.0,603,311,1056,-0.04073605447920272,0.1539103388786316,0.3242351981345564,0.2,0.35943347215652466,0.031839855,0.21865234375,3100,-0.7472932564094663,0.0003
-1.6914619799999997,638976,300.0,603,312,1058,-0.0418840834958246,0.15866562724113464,0.5563389159739017,0.2,0.2372090220451355,0.028597858,0.211376953125,3110,-0.7509469095617533,0.0003
-1.68959879,641024,300.0,604,313,1060,-0.04113320994656533,0.12365985661745071,0.3765544823370874,0.2,0.3122234344482422,0.030249119,0.20927734375,3120,-0.756487562507391,0.0003
-1.5688193899999998,643072,300.0,604,314,1063,-0.03749193831899902,0.18044604361057281,0.4969721448607743,0.2,0.3836783766746521,0.0380328,0.226171875,3130,-0.741960671171546,0.0003
-1.7521043699999999,645120,300.0,605,315,1065,-0.04179996434249915,0.19339680671691895,0.5202843824401497,0.2,0.330302357673645,0.031437047,0.220068359375,3140,-0.7223489351570607,0.0003
-1.6589571599999997,647168,300.0,605,316,1067,-0.04193866433051881,0.0031837671995162964,0.15484958670567722,0.2,0.6284399032592773,0.032857265,0.21865234375,3150,-0.74416693598032,0.0003
-1.3728057100000002,649216,300.0,606,317,1070,-0.04562469502561726,0.04978133738040924,0.32744568162597715,0.2,0.5546798706054688,0.04029894,0.229931640625,3160,-0.7596030233427882,0.0003
-0.7312858599999998,651264,300.0,607,318,1072,-0.04137082004453987,0.15638160705566406,0.42706129760481415,0.2,0.5575919151306152,0.03267825,0.21845703125,3170,-0.7315519612282515,0.0003
-0.9023452799999998,653312,300.0,608,319,1074,-0.04218809841549955,0.23146334290504456,0.578603582456708,0.2,0.4065074920654297,0.030775344,0.2064453125,3180,-0.7364046670496464,0.0003
-1.1259452900000002,655360,300.0,608,320,1076,-0.043344697469729,0.02000005915760994,0.12856932901777327,0.2,0.5574980974197388,0.037223756,0.22626953125,3190,-0.7750521270558238,0.0003
-0.9875532399999996,657408,300.0,609,321,1079,-0.038638779768371025,0.2015143483877182,0.6152339740656316,0.2,0.2883734107017517,0.02967838,0.200634765625,3200,-0.7585366165265441,0.0003
-0.8067229199999997,659456,300.0,609,322,1082,-0.0431822423794074,0.01866009086370468,0.29159358846955,0.2,0.35082095861434937,0.034044553,0.213037109375,3210,-0.7565471658483147,0.0003
-0.5395575899999998,661504,300.0,609,323,1084,-0.04412326846504584,-0.03158104047179222,0.13780152967665343,0.2,0.5120435953140259,0.031097386,0.225439453125,3220,-0.77164176274091,0.0003
-0.5096226399999998,663552,300.0,609,324,1088,-0.04382128945726436,0.07193081080913544,0.24240628690458835,0.2,-0.054209113121032715,0.028975766,0.20537109375,3230,-0.7617700578644871,0.0003
-0.3268221399999998,665600,300.0,609,325,1091,-0.04530476063373499,-0.015265710651874542,0.1624742419226095,0.2,-0.13294601440429688,0.032192796,0.22109375,3240,-0.7772769326344132,0.0003
0.05783673999999989,667648,300.0,610,326,1093,-0.04098288777749985,-0.02541627734899521,0.1277683533495292,0.2,0.09003269672393799,0.029283535,0.198876953125,3250,-0.7741336289793253,0.0003
-0.15562071000000008,669696,300.0,611,327,1096,-0.04477910827263258,0.05620779097080231,0.2523343967273831,0.2,0.057378947734832764,0.03205753,0.22666015625,3260,-0.744820368848741,0.0003
-0.036953690000000136,671744,300.0,611,328,1099,-0.04209006940654945,0.04864522069692612,0.2497187433298677,0.2,0.009357869625091553,0.030084778,0.21376953125,3270,-0.7535887828096748,0.0003
0.35395000999999987,673792,300.0,611,329,1101,-0.04462401087512262,0.040661536157131195,0.19637898131040857,0.2,0.050195515155792236,0.032344997,0.22412109375,3280,-0.7709393640980124,0.0003
0.4606128799999999,675840,300.0,612,330,1103,-0.04274243451509392,0.14123806357383728,0.4409545894246548,0.2,0.0987623929977417,0.030253654,0.204296875,3290,-0.7556977346539497,0.0003
0.6970095799999999,677888,300.0,612,331,1106,-0.04223565881547984,0.04255826026201248,0.29212719211354854,0.2,-0.05764210224151611,0.034418993,0.214892578125,3300,-0.7447135722264647,0.0003
0.17756422999999985,679936,300.0,613,332,1108,-0.042586716593359594,-0.04587817192077637,0.10686670634895563,0.2,0.36488765478134155,0.04004316,0.22568359375,3310,-0.7246730787679553,0.0003
0.18372105999999977,681984,300.0,613,333,1111,-0.043257119174813854,-0.009170837700366974,0.2086646643700078,0.2,0.10620403289794922,0.03209346,0.2203125,3320,-0.7325930137187242,0.0003
-0.020265580000000158,684032,300.0,614,334,1113,-0.037568572425516325,0.31456226110458374,0.9026937533169985,0.2,0.12034165859222412,0.030326836,0.203466796875,3330,-0.7077476626262069,0.0003
0.015012599999999926,686080,300.0,614,335,1115,-0.04138639006705489,0.13903722167015076,0.3195707053411752,0.2,0.08405488729476929,0.039215356,0.23466796875,3340,-0.709579984843731,0.0003
0.060279239999999984,688128,300.0,615,336,1118,-0.04235209186736029,0.0002225339412689209,0.16665572300553322,0.2,-0.04538846015930176,0.034758575,0.224462890625,3350,-0.7100694818422199,0.0003
0.21056987,690176,300.0,615,337,1120,-0.03991691502305912,0.04894784465432167,0.23918469052296132,0.2,0.11568284034729004,0.035528753,0.219384765625,3360,-0.718954298645258,0.0003
0.45012387,692224,300.0,616,338,1122,-0.04126745446410496,0.10777337849140167,0.43738190275616945,0.2,-0.03997921943664551,0.03367687,0.205078125,3370,-0.7073352793231606,0.0003
0.63573999,694272,300.0,617,339,1125,-0.042846352836932056,0.0060991644859313965,0.1869125300552696,0.2,0.030122995376586914,0.035852674,0.23427734375,3380,-0.7410812264308333,0.0003
0.1401385100000001,696320,300.0,617,340,1127,-0.04291309489344712,0.11226600408554077,0.3863685346674174,0.2,0.08139508962631226,0.037630077,0.23642578125,3390,-0.7352915309369564,0.0003
0.26399115,698368,300.0,618,341,1129,-0.043089998720097354,0.1363537311553955,0.3952600851189345,0.2,0.15207737684249878,0.028748497,0.2150390625,3400,-0.726049492880702,0.0003
0.22145425,700416,300.0,586,342,1194,-0.04466413463233039,0.059827305376529694,0.27105634598992767,0.2,0.0902414321899414,0.03526389,0.22861328125,3410,-0.7421399967744946,0.0003
-0.4877016600000001,702464,300.0,587,343,1196,-0.04185046748316381,0.018056809902191162,0.26652050474658606,0.2,0.11966753005981445,0.03610214,0.2328125,3420,-0.7270300569012761,0.0003
-0.6792498899999999,704512,300.0,587,344,1198,-0.04182749564643018,-0.009024061262607574,0.15948443105444313,0.2,0.28230804204940796,0.03600837,0.230908203125,3430,-0.7470016518607736,0.0003
-0.65941046,706560,300.0,588,345,1200,-0.042184333005570805,0.17871248722076416,0.48761897524818776,0.2,0.16148489713668823,0.028641663,0.2048828125,3440,-0.735376077145338,0.0003
-0.6724070700000001,708608,300.0,589,346,1202,-0.04333292649243958,0.05065289884805679,0.28611432793550196,0.2,0.1915038824081421,0.030734774,0.225390625,3450,-0.7419328728690744,0.0003
-0.26767567999999975,710656,300.0,589,347,1204,-0.042733785082236866,0.054941438138484955,0.29960696562193334,0.2,0.17853546142578125,0.0352183,0.212744140625,3460,-0.7217593045905233,0.0003
-0.03424364999999993,712704,300.0,590,348,1206,-0.042709068080876024,0.0927165076136589,0.2696781786624342,0.2,0.10292106866836548,0.037281606,0.227294921875,3470,-0.7131942180916667,0.0003
-0.29796773000000004,714752,300.0,591,349,1208,-0.04153712577244732,0.024516716599464417,0.18665888225659727,0.2,-0.02363133430480957,0.03385425,0.21767578125,3480,-0.7102549565955997,0.0003
-0.16976031999999985,716800,300.0,591,350,1211,-0.04140762436145451,0.10271865129470825,0.4211351361591369,0.2,0.110038161277771,0.038311154,0.22412109375,3490,-0.6798813123255968,0.0003
-0.3784049399999998,718848,300.0,592,351,1214,-0.04556209307193058,0.0744917020201683,0.31350631741806867,0.2,0.040634989738464355,0.03324079,0.22666015625,3500,-0.7138042159378528,0.0003
-0.40456289,720896,300.0,592,352,1216,-0.03699029975978192,0.09626942873001099,0.43389341747388244,0.2,0.16885995864868164,0.032952044,0.208544921875,3510,-0.7069167949259281,0.0003
-0.31519312,722944,300.0,593,353,1219,-0.0440458508906886,0.03400225192308426,0.2056295812362805,0.2,-0.2585716247558594,0.0367569,0.227587890625,3520,-0.6914211863651871,0.0003
-0.43329694,724992,300.0,593,354,1221,-0.04446027283847798,0.2584368586540222,0.5502773527055979,0.2,0.005762696266174316,0.03376264,0.207763671875,3530,-0.676753256842494,0.0003
-0.38853497999999975,727040,300.0,594,355,1223,-0.041691922990139574,0.24466200172901154,0.5627008366398514,0.2,0.13046324253082275,0.033453546,0.23212890625,3540,-0.6906948381103575,0.0003
-0.1829441999999998,729088,300.0,594,356,1226,-0.04062899657292292,0.14263689517974854,0.3472741674631834,0.2,0.027542173862457275,0.037201207,0.227978515625,3550,-0.695211345795542,0.0003
0.09501631000000003,731136,300.0,595,357,1228,-0.039503256094758396,0.01826794445514679,0.20692396825179457,0.2,0.14361953735351562,0.03616971,0.214501953125,3560,-0.6773273376747966,0.0003
0.002512650000000072,733184,300.0,595,358,1231,-0.04129109982168302,0.027634061872959137,0.1586773042799905,0.2,0.23577868938446045,0.034333825,0.221923828125,3570,-0.6733472244814038,0.0003
-0.20846677999999996,735232,300.0,596,359,1233,-0.04178683350328356,-0.013363689184188843,0.14785193637944757,0.2,0.15743225812911987,0.034890406,0.22265625,3580,-0.7096943629905581,0.0003
-0.5963012400000001,737280,300.0,596,360,1235,-0.0390292673590011,0.03770331293344498,0.2947139408905059,0.2,-0.032233476638793945,0.03161193,0.206396484375,3590,-0.7024819755926728,0.0003
-0.1945121799999999,739328,300.0,597,361,1238,-0.04307899564155378,-0.010886766016483307,0.13107530504930764,0.2,0.18421214818954468,0.035474475,0.227783203125,3600,-0.710334075242281,0.0003
-0.36550014999999997,741376,300.0,597,362,1240,-0.04159252381941769,0.01716379076242447,0.14886214884463697,0.2,-0.013524413108825684,0.035889722,0.227685546875,3610,-0.6895140266045928,0.0003
-0.09042985000000014,743424,300.0,598,363,1242,-0.04048287510377122,0.02163614332675934,0.2265435096109286,0.2,0.14956432580947876,0.033539593,0.21435546875,3620,-0.7175032623112202,0.0003
-0.33820514999999984,745472,300.0,598,364,1244,-0.04027756312571,0.13692247867584229,0.5127183789387345,0.2,0.1742749810218811,0.030853545,0.213671875,3630,-0.7078111164271832,0.0003
0.02505838000000013,747520,300.0,599,365,1247,-0.04279158006975194,0.131395161151886,0.36584287411533295,0.2,0.08388686180114746,0.034092784,0.22998046875,3640,-0.7183496972545982,0.0003
-0.22153861999999985,749568,300.0,599,366,1249,-0.04006382349180058,0.08886510878801346,0.44015470999293027,0.2,0.22668731212615967,0.028158132,0.20517578125,3650,-0.7176968613639474,0.0003
-0.5301265400000001,751616,300.0,600,367,1251,-0.03897850891808048,0.1640729308128357,0.44715018323622646,0.2,0.0015892982482910156,0.028348368,0.201806640625,3660,-0.7180645203217864,0.0003
-1.1471574599999999,753664,300.0,600,368,1254,-0.042410444605047816,0.1366773247718811,0.49133869488723575,0.2,-0.035361647605895996,0.030685866,0.2076171875,3670,-0.7178302215412259,0.0003
-1.61979963,755712,300.0,601,369,1256,-0.04311505577788921,0.029681317508220673,0.28110960265621543,0.2,0.125463604927063,0.03466922,0.2201171875,3680,-0.7132066495716571,0.0003
-1.58217893,757760,300.0,601,370,1258,-0.04053662323858589,0.08092233538627625,0.2541669291909784,0.2,0.3527171015739441,0.03794371,0.21953125,3690,-0.7167632650583983,0.0003
-1.8173331799999999,759808,300.0,602,371,1261,-0.045176104380516335,0.10665764659643173,0.41054937997832897,0.2,0.1464187502861023,0.04087963,0.238818359375,3700,-0.7183157188817859,0.0003
-2.01287273,761856,300.0,603,372,1263,-0.045763676444767046,0.0010765418410301208,0.12342615907546133,0.2,0.3250042796134949,0.03986366,0.236181640625,3710,-0.7073984684422612,0.0003
-1.9709609399999997,763904,300.0,603,373,1265,-0.04060503080545459,0.04386809468269348,0.16042222080286592,0.2,0.5940089225769043,0.03752429,0.22255859375,3720,-0.7022467198781669,0.0003
-1.7114899700000004,765952,300.0,604,374,1267,-0.04649543574778363,0.008093927055597305,0.12508651532698423,0.2,0.5160459280014038,0.04520961,0.244775390625,3730,-0.718451083637774,0.0003
-1.91743965,768000,300.0,604,375,1269,-0.04456703073228709,0.06052377074956894,0.3524613082408905,0.2,0.32937443256378174,0.032894224,0.228173828125,3740,-0.7083513338118792,0.0003
-2.17623794,770048,300.0,605,376,1272,-0.04355941809772048,0.01857975870370865,0.23791557736694813,0.2,0.5677937865257263,0.03962578,0.22578125,3750,-0.7018737684935331,0.0003
-2.50429144,772096,300.0,605,377,1274,-0.04136106270016171,0.00299806147813797,0.21718823686242103,0.2,0.5920021533966064,0.03156135,0.22060546875,3760,-0.7179147070273757,0.0003
-2.51528009,774144,300.0,606,378,1276,-0.03984026717662346,0.031559742987155914,0.17174767793621867,0.2,0.6913198828697205,0.031324588,0.212158203125,3770,-0.7188247948884964,0.0003
-2.26946263,776192,300.0,606,379,1278,-0.039341981694451536,0.06575413793325424,0.3109283675439656,0.2,0.6122478246688843,0.030285634,0.20009765625,3780,-0.6895845169201493,0.0003
-2.3820564099999997,778240,300.0,606,380,1282,-0.039260432741139085,0.02402002364397049,0.27110094646923244,0.2,0.6867665648460388,0.030007351,0.21396484375,3790,-0.6921982642263174,0.0003
-1.9637452800000006,780288,300.0,607,381,1285,-0.03852669165935367,0.11440633237361908,0.430554308835417,0.2,0.44829243421554565,0.032509245,0.226611328125,3800,-0.7126340759918094,0.0003
-1.6663384200000002,782336,300.0,607,382,1287,-0.044893940718611705,0.02192678302526474,0.2538978162687272,0.2,0.45855051279067993,0.041186154,0.23056640625,3810,-0.7174044983461499,0.0003
-1.67253352,784384,300.0,608,383,1289,-0.0464867181959562,0.07251811772584915,0.35297811818309127,0.2,0.39162445068359375,0.03592742,0.226953125,3820,-0.7043799968436361,0.0003
-0.6202424599999999,786432,300.0,608,384,1292,-0.04107851729495451,0.16426056623458862,0.585756407584995,0.2,-0.03634309768676758,0.029714094,0.21416015625,3830,-0.7086097151041031,0.0003
-0.3368154400000001,788480,300.0,609,385,1294,-0.0384772355449968,0.10742645710706711,0.36905597695149484,0.2,0.2569614052772522,0.03439752,0.21279296875,3840,-0.6924116849899292,0.0003
-0.22001733999999992,790528,300.0,609,386,1296,-0.04334861837851349,-0.03598389774560928,0.12960478235036135,0.2,0.6939445734024048,0.040651113,0.21796875,3850,-0.6707015234977007,0.0003
-0.2541252199999999,792576,300.0,610,387,1299,-0.04454828554298729,0.17107713222503662,0.4727306878194213,0.2,0.28045088052749634,0.036458418,0.218310546875,3860,-0.697556140087545,0.0003
-0.36105890000000007,794624,300.0,610,388,1301,-0.04171841535135172,0.11647479981184006,0.4435131319798529,0.2,0.31317681074142456,0.03359708,0.22470703125,3870,-0.707330416329205,0.0003
-0.3254403399999999,796672,300.0,610,389,1303,-0.041604663830366914,-0.02007250115275383,0.17919901616405695,0.2,-0.13667750358581543,0.03554147,0.223193359375,3880,-0.681703489087522,0.0003
0.23435869999999984,798720,300.0,611,390,1306,-0.04359364612319041,0.010414205491542816,0.20679268448147922,0.2,-0.03986930847167969,0.03743551,0.236865234375,3890,-0.7079461364075541,0.0003
0.2751554699999998,800768,300.0,583,391,1371,-0.0433794183190912,-0.004064556211233139,0.1272393690655008,0.2,-0.020683646202087402,0.036613096,0.227490234375,3900,-0.7077593300491571,0.0003
0.5047141700000002,802816,300.0,584,392,1373,-0.04076757118455134,0.07513494044542313,0.31221344103105364,0.2,0.141568124294281,0.033420265,0.224609375,3910,-0.692162517644465,0.0003
-0.14002861999999994,804864,300.0,585,393,1375,-0.04210144903918263,0.22899773716926575,0.6218732661567629,0.2,0.07054424285888672,0.03677363,0.216259765625,3920,-0.6881195882335305,0.0003
-0.23180365000000003,806912,300.0,585,394,1377,-0.044534841322456484,-0.00746869295835495,0.17528406912460923,0.2,-0.20263314247131348,0.041247398,0.232080078125,3930,-0.7140010047703982,0.0003
-0.36608235,808960,300.0,586,395,1379,-0.04530501632252708,0.12901288270950317,0.34645324628800156,0.2,0.1617557406425476,0.038427442,0.246142578125,3940,-0.7076131394132972,0.0003
0.0035481000000002184,811008,300.0,587,396,1381,-0.03709807066479698,0.06167951226234436,0.26390550192445517,0.2,0.0532345175743103,0.03886876,0.234228515625,3950,-0.6968696234747768,0.0003
0.33500290000000016,813056,300.0,587,397,1383,-0.04136822370346636,0.1781550943851471,0.4351668646559119,0.2,0.07266145944595337,0.034139104,0.215869140625,3960,-0.7101052511483431,0.0003
0.31066186,815104,300.0,588,398,1385,-0.04332902447495144,0.25200921297073364,0.5922137093730271,0.2,0.08654022216796875,0.03373996,0.22529296875,3970,-0.7167467921972275,0.0003
-0.08471291000000003,817152,300.0,588,399,1387,-0.04406624784460291,0.16514919698238373,0.4349995367694646,0.2,0.12283921241760254,0.034056313,0.22412109375,3980,-0.7220451019704341,0.0003
0.11065274999999991,819200,300.0,589,400,1390,-0.04236466319707688,0.15313440561294556,0.5828061029314995,0.2,0.18559718132019043,0.034405142,0.21748046875,3990,-0.719865620881319,0.0003
-0.19514612,821248,300.0,589,401,1392,-0.04499764358042739,0.09312029927968979,0.3319126424845308,0.2,0.15033602714538574,0.050088793,0.2447265625,4000,-0.7402575185522438,0.0003
-0.029910420000000004,823296,300.0,590,402,1394,-0.04517101978417486,-0.0010247603058815002,0.11316382214426994,0.2,0.5989488959312439,0.03868951,0.239404296875,4010,-0.7414130676537752,0.0003
-0.039742300000000036,825344,300.0,591,403,1396,-0.044483297469560056,0.18020497262477875,0.381608907552436,0.2,0.42433685064315796,0.03635653,0.231640625,4020,-0.7149608174338937,0.0003
0.3071906799999999,827392,300.0,591,404,1398,-0.0460983930126531,0.18196028470993042,0.29047346943989394,0.2,0.42222845554351807,0.041206997,0.252099609375,4030,-0.7207710182294249,0.0003
0.18180070999999975,829440,300.0,592,405,1400,-0.03757531002775068,0.3125026822090149,0.6656145592220127,0.2,0.16882812976837158,0.029234918,0.214990234375,4040,-0.7007712787017226,0.0003
0.27457287,831488,300.0,592,406,1402,-0.04479891811206471,0.0507788360118866,0.41375100407749416,0.2,0.08288425207138062,0.034415275,0.22197265625,4050,-0.7194302471354603,0.0003
0.2983398999999999,833536,300.0,593,407,1404,-0.04409860659798141,0.014878667891025543,0.25125783435069027,0.2,0.22946888208389282,0.036313623,0.23203125,4060,-0.7164701074361801,0.0003
0.8591063199999998,835584,300.0,593,408,1407,-0.04170211054733954,0.22333066165447235,0.5489064480178059,0.2,0.03611034154891968,0.031999122,0.2201171875,4070,-0.7149625575169921,0.0003
0.7893867499999998,837632,300.0,593,409,1410,-0.04048640880791936,0.1189211830496788,0.3188626694492996,0.2,0.050287723541259766,0.040146355,0.2181640625,4080,-0.6960542524233461,0.0003
0.3305585499999998,839680,300.0,594,410,1412,-0.042592482120380734,0.019763946533203125,0.181245449767448,0.2,0.11400306224822998,0.042283602,0.245166015625,4090,-0.7098844218999147,0.0003
-0.08740471000000002,841728,300.0,594,411,1414,-0.04246025000174995,0.011093415319919586,0.21839424492791296,0.2,0.2269994020462036,0.041149892,0.237548828125,4100,-0.7121791440993548,0.0003
-0.23145033999999967,843776,300.0,595,412,1416,-0.043938421257189476,0.07923591881990433,0.26974040558561685,0.2,0.2731286883354187,0.035602286,0.2296875,4110,-0.6779222816228867,0.0003
0.13301033000000012,845824,300.0,596,413,1419,-0.03975812339631375,0.14846432209014893,0.4167687255423516,0.2,0.22908729314804077,0.033387087,0.223876953125,4120,-0.6956249695271254,0.0003
-0.3379618099999999,847872,300.0,596,414,1421,-0.04273221005278174,0.07070061564445496,0.27780857840552925,0.2,-0.024079084396362305,0.034042336,0.2365234375,4130,-0.6891136422753334,0.0003
-0.31364426,849920,300.0,597,415,1423,-0.039246822966379116,0.033286310732364655,0.3294514404144138,0.2,0.1432313323020935,0.037031032,0.2271484375,4140,-0.7020295865833759,0.0003
-0.13205254999999994,851968,300.0,597,416,1425,-0.03761687443038682,0.16683094203472137,0.5742651325650513,0.2,0.07892364263534546,0.034862485,0.20771484375,4150,-0.7041765119880438,0.0003
-0.008958629999999771,854016,300.0,598,417,1427,-0.04123537062259856,0.20862190425395966,0.6205747020430863,0.2,0.23811465501785278,0.03714119,0.219091796875,4160,-0.6961968630552292,0.0003
0.14093775999999988,856064,300.0,598,418,1430,-0.04064976315712556,0.005483262240886688,0.1618263502139598,0.2,0.35425466299057007,0.04265144,0.247119140625,4170,-0.6807676607742905,0.0003
-0.08736001999999977,858112,300.0,599,419,1432,-0.04352528982708463,0.10171909630298615,0.34871795289218427,0.2,0.41613417863845825,0.033475332,0.220849609375,4180,-0.6851944180205465,0.0003
0.31708610000000015,860160,300.0,599,420,1434,-0.04082128623849712,0.019419793039560318,0.15266432529315352,0.2,0.4738728404045105,0.03750485,0.22509765625,4190,-0.6655884150415659,0.0003
0.8559032200000002,862208,300.0,600,421,1436,-0.04068783617694862,0.0435958057641983,0.24477449315600097,0.2,0.5330705642700195,0.031127797,0.217431640625,4200,-0.6908840399235487,0.0003
0.6668399400000002,864256,300.0,600,422,1438,-0.03764593398373108,0.15121939778327942,0.5820117755793035,0.2,0.43793946504592896,0.024977688,0.193017578125,4210,-0.6863366648554802,0.0003
0.35653647000000005,866304,300.0,601,423,1441,-0.04249941065208986,0.15434479713439941,0.46127694910392164,0.2,0.13689649105072021,0.029058209,0.20751953125,4220,-0.6983653299510479,0.0003
0.54727569,868352,300.0,601,424,1443,-0.040828480286290866,0.13353535532951355,0.3816893024835736,0.2,0.2614229917526245,0.032403573,0.2216796875,4230,-0.7006719518452883,0.0003
0.22559703000000006,870400,300.0,602,425,1445,-0.04256954492884688,0.1361207365989685,0.3362748909275979,0.2,0.30383574962615967,0.038473852,0.225341796875,4240,-0.6713698482140898,0.0003
-0.19430271000000005,872448,300.0,602,426,1447,-0.03899102944124024,0.17721842229366302,0.3697843148373067,0.2,0.2660866379737854,0.03262125,0.213427734375,4250,-0.7068274477496743,0.0003
-0.2765140999999998,874496,300.0,603,427,1449,-0.04376918599009514,0.008494652807712555,0.21383501489181073,0.2,0.5958998203277588,0.03879237,0.22626953125,4260,-0.6999492513015866,0.0003
-0.34428239000000005,876544,300.0,603,428,1452,-0.04268755601660814,-0.026331037282943726,0.15021436668466775,0.2,0.6886682510375977,0.03329084,0.2322265625,4270,-0.7202012047171593,0.0003
-0.22764942999999993,878592,300.0,604,429,1454,-0.04153544092259835,0.07180196046829224,0.4310585265047848,0.2,0.416317343711853,0.038804658,0.243115234375,4280,-0.7199620062485337,0.0003
-0.20095156999999986,880640,300.0,604,430,1456,-0.037780987260339315,0.09114549309015274,0.37192016588523985,0.2,0.31521075963974,0.034176536,0.21806640625,4290,-0.705661598034203,0.0003
-0.11265675999999995,882688,300.0,604,431,1459,-0.03994530762138311,0.04108244925737381,0.1819177774246782,0.2,0.34309619665145874,0.03573937,0.21875,4300,-0.6982797751203179,0.0003
0.25050159000000005,884736,300.0,605,432,1461,-0.04310532943927683,0.030609317123889923,0.20514290095306933,0.2,0.3272618055343628,0.036617845,0.232080078125,4310,-0.713623127527535,0.0003
0.38599809,886784,300.0,605,433,1463,-0.03913781097944593,0.09297610819339752,0.3907072396017611,0.2,-0.08197355270385742,0.03632227,0.207080078125,4320,-0.6960891073569655,0.0003
0.89517533,888832,300.0,606,434,1465,-0.040428335563774453,0.04676458239555359,0.3950389575213194,0.2,0.04286390542984009,0.032131054,0.216552734375,4330,-0.703495848365128,0.0003
0.57633343,890880,300.0,606,435,1468,-0.038858629723836205,0.11818987131118774,0.3620320993941277,0.2,0.16506469249725342,0.033448003,0.216162109375,4340,-0.6679783264175058,0.0003
0.06958933999999996,892928,300.0,607,436,1470,-0.04524856464122422,0.03394553065299988,0.18612608627881855,0.2,0.43504220247268677,0.040414486,0.24423828125,4350,-0.6906507881358266,0.0003
0.4170750300000002,894976,300.0,607,437,1473,-0.03941279618447879,0.04420594871044159,0.23336870451457797,0.2,0.32843321561813354,0.03688928,0.223681640625,4360,-0.6811636008322239,0.0003
0.05123226000000002,897024,300.0,606,438,1478,-0.03755622545431834,-0.01099243015050888,0.22960727617610246,0.2,0.4091493487358093,0.03627303,0.219140625,4370,-0.6627287482842803,0.0003
0.53409242,899072,300.0,606,439,1482,-0.038110975958989005,0.14347413182258606,0.3962754192762077,0.2,0.32441407442092896,0.03121455,0.20234375,4380,-0.6839154412969947,0.0003
0.4837153799999999,901120,300.0,578,440,1558,-0.03948142850713339,0.14381453394889832,0.5476608926430344,0.2,0.21812111139297485,0.031936232,0.20341796875,4390,-0.6666409133002162,0.0003
1.1490118600000003,903168,300.0,578,441,1560,-0.040465716089238414,0.13839687407016754,0.33537950785830617,0.2,0.47856420278549194,0.03308854,0.2134765625,4400,-0.684658270701766,0.0003
1.2911320499999999,905216,300.0,578,442,1564,-0.042241452900634614,0.06928455084562302,0.36284811408258977,0.2,0.29514700174331665,0.033242807,0.215380859375,4410,-0.6787017840892077,0.0003
1.1754053900000003,907264,300.0,578,443,1568,-0.04306912470492534,0.08696659654378891,0.38866065540350975,0.2,0.20094984769821167,0.034770653,0.23779296875,4420,-0.6916594801470637,0.0003
0.6873020099999998,909312,300.0,578,444,1571,-0.03987578968080925,0.10683374106884003,0.3917098555713892,0.2,0.27319085597991943,0.034584805,0.216162109375,4430,-0.6727303616702557,0.0003
0.9297979,911360,300.0,579,445,1573,-0.04172717629990075,0.09788058698177338,0.4501780313439667,0.2,0.11418420076370239,0.038309917,0.23388671875,4440,-0.700381463766098,0.0003
0.6097785799999997,913408,300.0,579,446,1575,-0.0438518991926685,-0.02293814718723297,0.12778712182771415,0.2,0.4916227459907532,0.039032273,0.235107421875,4450,-0.6794370548799634,0.0003
-0.10550846000000019,915456,300.0,580,447,1577,-0.0413152873981744,0.038826607167720795,0.22195664122700692,0.2,0.1742599606513977,0.039361924,0.230322265625,4460,-0.671434810012579,0.0003
-0.7278358199999999,917504,300.0,580,448,1579,-0.04175278670736589,0.03888219594955444,0.23302644304931164,0.2,0.27546828985214233,0.041852932,0.228759765625,4470,-0.695172268897295,0.0003
-1.55310967,919552,300.0,581,449,1581,-0.03850732538849115,0.09266886115074158,0.4240577559452504,0.2,-0.03230142593383789,0.039984055,0.2349609375,4480,-0.6745574951171875,0.0003
-1.82063029,921600,300.0,581,450,1583,-0.040896923432592304,0.38913869857788086,0.6530454780906438,0.2,0.17444771528244019,0.03265524,0.224755859375,4490,-0.6936519442126154,0.0003
-1.7488190600000002,923648,300.0,582,451,1585,-0.03985379318764899,0.052578650414943695,0.24823071262799204,0.2,0.31279295682907104,0.04307947,0.23759765625,4500,-0.6987568588927389,0.0003
-1.4665864000000002,925696,300.0,583,452,1587,-0.04091978427604772,0.32102781534194946,0.8591169191524386,0.2,0.16421520709991455,0.035670966,0.215771484375,4510,-0.6896745186299086,0.0003
-1.1633174199999998,927744,300.0,583,453,1589,-0.039086831582244484,0.10826680809259415,0.43891497259028256,0.2,0.3105776906013489,0.038391016,0.22861328125,4520,-0.6638968409970403,0.0003
-1.07564358,929792,300.0,584,454,1591,-0.043521642411360514,0.17515972256660461,0.4426831465214491,0.2,0.3459275960922241,0.039652165,0.22529296875,4530,-0.6675026074051857,0.0003
-1.3481722300000003,931840,300.0,584,455,1594,-0.040517841599648816,0.11408199369907379,0.42715871925465765,0.2,0.4043477773666382,0.04137163,0.227978515625,4540,-0.6700220917351544,0.0003
-1.9444887799999997,933888,300.0,585,456,1596,-0.04237491934327409,0.1635204553604126,0.42941569313406946,0.2,0.42833107709884644,0.03739401,0.227978515625,4550,-0.6557584561407566,0.0003
-1.6435015599999998,935936,300.0,585,457,1598,-0.039744858935591765,-0.02126484364271164,0.11125890179537237,0.2,0.5360465049743652,0.041077323,0.22470703125,4560,-0.6768920810893178,0.0003
-1.2572072999999997,937984,300.0,585,458,1600,-0.04061112367489841,0.11125544458627701,0.343182590091601,0.2,0.39409559965133667,0.03731714,0.230517578125,4570,-0.663563109561801,0.0003
-0.7253561599999996,940032,300.0,586,459,1602,-0.04274708360317163,0.21050973236560822,0.4563183730468154,0.2,0.3050481081008911,0.035359673,0.229296875,4580,-0.6434769554995,0.0003
-1.1531182,942080,300.0,586,460,1605,-0.041362188264611174,0.14124947786331177,0.543998884782195,0.2,0.2913512587547302,0.034264266,0.21875,4590,-0.6574283104389906,0.0003
-0.9005676299999998,944128,300.0,587,461,1607,-0.04242904501152225,0.22600090503692627,0.7179377220571042,0.2,0.018452763557434082,0.03410111,0.221240234375,4600,-0.6831241482868791,0.0003
-0.8641887999999999,946176,300.0,588,462,1609,-0.046733541539288125,-0.03892034292221069,0.13893649321980775,0.2,0.1732010841369629,0.044961028,0.256787109375,4610,-0.6539033820852638,0.0003
-0.30935181,948224,300.0,588,463,1611,-0.04284443488868419,0.0016338378190994263,0.12860666533233597,0.2,0.33281612396240234,0.047049247,0.236572265625,4620,-0.6639061618596316,0.0003
0.24524130000000002,950272,300.0,588,464,1613,-0.04194446329784114,0.08476751297712326,0.2268357682041824,0.2,0.19678497314453125,0.032200184,0.2248046875,4630,-0.6683838877826929,0.0003
0.31484549000000006,952320,300.0,589,465,1615,-0.04275467239203863,0.06776583939790726,0.27113817813806235,0.2,0.23117780685424805,0.035868987,0.216552734375,4640,-0.657104565948248,0.0003
-0.039483690000000064,954368,300.0,589,466,1617,-0.03835333221359179,0.0987815409898758,0.3153709625825286,0.2,0.2890118956565857,0.032942556,0.2171875,4650,-0.6646884080022574,0.0003
-0.15549817999999999,956416,300.0,590,467,1619,-0.04375528516829945,0.09339382499456406,0.35756406048312783,0.2,0.17180782556533813,0.034161344,0.2298828125,4660,-0.6788378035649657,0.0003
0.03105155000000014,958464,300.0,590,468,1622,-0.0444705370668089,0.060514651238918304,0.2976786558981985,0.2,0.20850718021392822,0.04739742,0.240869140625,4670,-0.6652404690161348,0.0003
-0.5635795699999999,960512,300.0,591,469,1624,-0.04440823966870085,0.08469903469085693,0.42717314991168676,0.2,0.1251705288887024,0.03068614,0.222509765625,4680,-0.6874803323298693,0.0003
0.16447806999999984,962560,300.0,591,470,1626,-0.04251302376505919,0.07983531057834625,0.3721897329669446,0.2,0.04525071382522583,0.034987815,0.216357421875,4690,-0.6826839180663228,0.0003
-0.07071959000000008,964608,300.0,592,471,1628,-0.03971772817603778,0.09405918419361115,0.36963860914111135,0.2,-0.033907175064086914,0.03526918,0.228759765625,4700,-0.675618883036077,0.0003
-0.0766203600000001,966656,300.0,592,472,1630,-0.04357762557119713,0.2322806417942047,0.49194440953433516,0.2,0.10175395011901855,0.034631312,0.223095703125,4710,-0.6764902856200934,0.0003
-0.42853915,968704,300.0,593,473,1632,-0.04002511012658942,0.16232796013355255,0.5433346665464341,0.2,-0.05945742130279541,0.034039393,0.216552734375,4720,-0.6501878364011645,0.0003
-0.39433872000000003,970752,300.0,593,474,1634,-0.04222817748959642,0.0805949866771698,0.3354273492936045,0.2,0.17280036211013794,0.04214341,0.2390625,4730,-0.6873720128089189,0.0003
-0.47862533000000007,972800,300.0,594,475,1637,-0.04404909096774645,0.04686684161424637,0.2466922320658341,0.2,0.053315818309783936,0.038190186,0.237255859375,4740,-0.6777475977316498,0.0003
-0.48645385000000013,974848,300.0,594,476,1639,-0.04381052728567738,0.12958669662475586,0.4976872536353767,0.2,-0.054200172424316406,0.03392698,0.22548828125,4750,-0.6864884128794074,0.0003
-0.6033835399999998,976896,300.0,595,477,1641,-0.04434660623082891,0.047127142548561096,0.31920589026995005,0.2,0.09164804220199585,0.040995385,0.23798828125,4760,-0.6877766726538539,0.0003
-0.6939723100000001,978944,300.0,595,478,1643,-0.04410527488798834,0.07816455513238907,0.3819102760404348,0.2,0.08004367351531982,0.038401335,0.2333984375,4770,-0.6806108634918928,0.0003
-0.4795536199999998,980992,300.0,596,479,1645,-0.04316781628585886,0.03992214798927307,0.1978177390061319,0.2,0.2003830075263977,0.03903974,0.23681640625,4780,-0.6911578550934792,0.0003
-0.2245949999999999,983040,300.0,596,480,1647,-0.043774065203615466,0.17666856944561005,0.4959751198068261,0.2,0.15197157859802246,0.037534215,0.226806640625,4790,-0.6648030478507281,0.0003
0.22532568000000022,985088,300.0,597,481,1649,-0.041471202627872114,0.03492801636457443,0.21011623691301792,0.2,0.2819632887840271,0.041302375,0.246337890625,4800,-0.672988903708756,0.0003
-0.37039452000000006,987136,300.0,597,482,1652,-0.04318408253602683,0.07089295983314514,0.34692199071869256,0.2,0.27782416343688965,0.039151784,0.23193359375,4810,-0.6541132448241115,0.0003
-0.027645510000000116,989184,300.0,598,483,1654,-0.04610286874521989,0.05853928625583649,0.30399481221102176,0.2,0.13020217418670654,0.04117835,0.2345703125,4820,-0.6559056639671326,0.0003
-0.20475896999999993,991232,300.0,598,484,1656,-0.0401765204325784,0.023316465318202972,0.23117954838089644,0.2,0.04335737228393555,0.03488957,0.222607421875,4830,-0.6614273969084025,0.0003
-0.06978957999999982,993280,300.0,598,485,1658,-0.04112097042088862,0.08050601184368134,0.3144598364830017,0.2,0.024253547191619873,0.03513315,0.22763671875,4840,-0.6818230863660574,0.0003
-0.15354209999999996,995328,300.0,599,486,1661,-0.039368796434428074,0.045728884637355804,0.2693250901531428,0.2,0.13619709014892578,0.03469807,0.20830078125,4850,-0.6603445559740067,0.0003
-0.4814004499999999,997376,300.0,599,487,1663,-0.04231955263239797,0.061098888516426086,0.28302891603671015,0.2,0.020409584045410156,0.036504596,0.218408203125,4860,-0.6570967743173242,0.0003
-0.2835182399999999,999424,300.0,599,488,1666,-0.04306101565161953,0.03947795182466507,0.2598057557363063,0.2,0.30297136306762695,0.03667083,0.23642578125,4870,-0.701663943193853,0.0003
-0.26749848,1001472,300.0,576,489,1736,-0.040541625930927694,0.04439155384898186,0.22239900473505259,0.2,0.32278329133987427,0.034625962,0.21708984375,4880,-0.6676122369244695,0.0003
-0.12152348999999987,1003520,300.0,576,490,1739,-0.042458638691459785,0.07857264578342438,0.34774759160354735,0.2,0.005904793739318848,0.036607865,0.22890625,4890,-0.6739521346986294,0.0003
-0.2771558999999998,1005568,300.0,577,491,1741,-0.04187826724082697,0.061929382383823395,0.21947791362181307,0.2,0.23223483562469482,0.04085924,0.23388671875,4900,-0.6599990935996175,0.0003
-0.26469159000000003,1007616,300.0,577,492,1744,-0.042360900092171506,0.03712176904082298,0.22007211865857243,0.2,0.13498753309249878,0.041103616,0.2318359375,4910,-0.6587678450159729,0.0003
-0.09725398000000018,1009664,300.0,578,493,1746,-0.03920311373221921,0.10726216435432434,0.3114208049140871,0.2,-0.0946664810180664,0.0325912,0.224755859375,4920,-0.6417198792099953,0.0003
0.23967780000000016,1011712,300.0,578,494,1748,-0.03987235504609998,0.1002388447523117,0.3609397110529244,0.2,0.057623982429504395,0.042735804,0.228271484375,4930,-0.6172012913972139,0.0003
0.44325317000000014,1013760,300.0,578,495,1751,-0.04079495687328745,0.2980036735534668,0.7836552215740085,0.2,0.0967065691947937,0.0373247,0.2240234375,4940,-0.6345836233347655,0.0003
0.5448346,1015808,300.0,579,496,1753,-0.040867124416399746,0.10975106805562973,0.39638102035969497,0.2,0.2397196888923645,0.040117223,0.21416015625,4950,-0.6155055399052799,0.0003
0.9694572699999999,1017856,300.0,579,497,1755,-0.043397660955088214,0.08162406831979752,0.41596079668961466,0.2,0.19284260272979736,0.04181675,0.24833984375,4960,-0.6266392000950873,0.0003
0.7422703299999999,1019904,300.0,580,498,1757,-0.04262009616941213,0.13695648312568665,0.5471806362271309,0.2,0.21504539251327515,0.040465645,0.2203125,4970,-0.6264901494607329,0.0003
0.6228471899999999,1021952,300.0,580,499,1760,-0.042284747533267365,0.14774468541145325,0.48658089619129896,0.2,0.14265531301498413,0.034465447,0.219287109375,4980,-0.6249230494722724,0.0003
0.4463745,1024000,300.0,580,500,1762,-0.04213296359230299,0.012362629175186157,0.225532048731111,0.2,-0.40920114517211914,0.045757174,0.227783203125,4990,-0.6454637296497822,0.0003
1.27984658,1026048,300.0,581,501,1764,-0.045223255723249166,-0.029955685138702393,0.09463052877690643,0.2,0.2744520902633667,0.052443452,0.25693359375,5000,-0.6477683225646615,0.0003
0.9835774399999998,1028096,300.0,581,502,1767,-0.04182178769551683,0.055801041424274445,0.32462229994125663,0.2,0.18401294946670532,0.035105493,0.236474609375,5010,-0.6547786606475711,0.0003
0.7056716300000001,1030144,300.0,582,503,1769,-0.04111008511245018,0.161749005317688,0.39422932476736605,0.2,-0.017261862754821777,0.035976805,0.220556640625,5020,-0.6576205829158426,0.0003
1.0427751199999995,1032192,300.0,582,504,1771,-0.04178716132591944,0.051893070340156555,0.3142980495467782,0.2,0.1203957200050354,0.03509608,0.2302734375,5030,-0.6587780700996518,0.0003
1.1200513699999997,1034240,300.0,582,505,1774,-0.04338576344016474,0.13460883498191833,0.30561692640185356,0.2,0.21052712202072144,0.044324644,0.25234375,5040,-0.6704875502735377,0.0003
1.1624354,1036288,300.0,583,506,1776,-0.043010903100366704,0.12659507989883423,0.24876384120434522,0.2,0.06330257654190063,0.04458487,0.2330078125,5050,-0.6637618297711014,0.0003
1.2188549199999998,1038336,300.0,583,507,1780,-0.044891224929597226,0.16599702835083008,0.4838850608561188,0.2,-0.10320985317230225,0.0386654,0.23603515625,5060,-0.6554192986339331,0.0003
0.62060298,1040384,300.0,583,508,1782,-0.039446441558538936,0.06921170651912689,0.31744116856716575,0.2,0.03651320934295654,0.042041477,0.235205078125,5070,-0.6443946368992328,0.0003
1.1225486800000002,1042432,300.0,583,509,1785,-0.0417754075024277,0.06228191405534744,0.3899847792927176,0.2,0.16667085886001587,0.042428464,0.251220703125,5080,-0.676755016669631,0.0003
0.42216170000000003,1044480,300.0,584,510,1787,-0.03801555601530708,0.09167973697185516,0.37473805476911365,0.2,0.13363933563232422,0.037617203,0.229345703125,5090,-0.6443379798904061,0.0003
0.1355803699999999,1046528,300.0,584,511,1789,-0.044636120820359795,0.08794289827346802,0.30712671563960614,0.2,0.05659925937652588,0.03542801,0.216455078125,5100,-0.6562214594334363,0.0003
0.2837669799999999,1048576,300.0,585,512,1792,-0.04263838203041814,0.08753272891044617,0.23835410038009286,0.2,0.2243051528930664,0.042379692,0.246826171875,5110,-0.6354910338297486,0.0003
0.31303422999999997,1050624,300.0,585,513,1794,-0.04459522556862794,-0.04672955721616745,0.1382268299581483,0.2,0.24260324239730835,0.038266573,0.233203125,5120,-0.635452956147492,0.0003
0.72697876,1052672,300.0,585,514,1796,-0.04124261128308717,0.03799339011311531,0.2519273036159575,0.2,0.17228513956069946,0.03708768,0.217724609375,5130,-0.6474823325872421,0.0003
0.6633526599999999,1054720,300.0,586,515,1799,-0.04271124738443177,0.04398011416196823,0.2141852646600455,0.2,0.3171149492263794,0.04185546,0.229150390625,5140,-0.6246050802059472,0.0003
0.5844785399999998,1056768,300.0,586,516,1801,-0.0427291273168521,0.10281826555728912,0.34203219674527646,0.2,0.2579267621040344,0.03736994,0.223876953125,5150,-0.6256585296243429,0.0003
0.8486564399999997,1058816,300.0,586,517,1804,-0.043419014477694876,0.05693817138671875,0.26317484034225347,0.2,0.3957727551460266,0.036106966,0.220458984375,5160,-0.6268931430764496,0.0003
0.95693924,1060864,300.0,587,518,1806,-0.042974593403050675,0.09368564933538437,0.38771394519135355,0.2,0.19897347688674927,0.035979696,0.23818359375,5170,-0.6442258685827256,0.0003
0.5382276099999999,1062912,300.0,587,519,1808,-0.04184596214618068,0.09974650293588638,0.3989612352568656,0.2,0.32438433170318604,0.033961885,0.228173828125,5180,-0.6524798383936286,0.0003
0.8742742499999998,1064960,300.0,587,520,1811,-0.039852500541019256,0.1667744219303131,0.466885841358453,0.2,0.2512335181236267,0.039259735,0.224365234375,5190,-0.6166984994895757,0.0003
0.57377212,1067008,300.0,588,521,1813,-0.040736073488369585,0.08042378723621368,0.3121298708952963,0.2,-0.0943213701248169,0.039079502,0.2197265625,5200,-0.6373281575739383,0.0003
-0.2014439799999998,1069056,300.0,588,522,1815,-0.044338496556156314,0.2059243619441986,0.5561844159848988,0.2,-0.015540003776550293,0.032246362,0.2267578125,5210,-0.635068897344172,0.0003
-0.27433409999999986,1071104,300.0,589,523,1817,-0.042353973715216854,0.10697945207357407,0.30666226097382604,0.2,0.14451205730438232,0.036802415,0.218017578125,5220,-0.6269910715520381,0.0003
-0.5927572200000002,1073152,300.0,589,524,1819,-0.04593841411842732,0.1004641056060791,0.2545015338808298,0.2,0.2530231475830078,0.047199767,0.2421875,5230,-0.6461275734007359,0.0003
-0.26785205000000006,1075200,300.0,590,525,1822,-0.040896124567370865,0.13062480092048645,0.5259956663474441,0.2,0.02955538034439087,0.03942334,0.222314453125,5240,-0.6342429804615677,0.0003
-0.5294078900000002,1077248,300.0,590,526,1824,-0.04449553383165039,0.3757287561893463,0.7626275166869163,0.2,0.04100614786148071,0.038857903,0.236181640625,5250,-0.6491979098878801,0.0003
-0.7371887000000003,1079296,300.0,590,527,1826,-0.042518213306902905,0.07952377200126648,0.4682571691460907,0.2,0.05657303333282471,0.04230337,0.23818359375,5260,-0.640133055485785,0.0003
-0.3861322600000003,1081344,300.0,591,528,1828,-0.044961230564513247,-0.0066823773086071014,0.13466580107342452,0.2,0.03517383337020874,0.054625772,0.24814453125,5270,-0.6381342269480228,0.0003
-0.4069990300000002,1083392,300.0,591,529,1830,-0.04364579983521253,0.01007087156176567,0.15603022333234548,0.2,0.25358325242996216,0.04637055,0.231103515625,5280,-0.6226116640493273,0.0003
-0.4268201800000002,1085440,300.0,592,530,1833,-0.04235619995451998,0.038109488785266876,0.21225939788855613,0.2,0.3599621057510376,0.04709215,0.237744140625,5290,-0.6247560136951507,0.0003
-0.60941298,1087488,300.0,592,531,1835,-0.04223913233727217,0.11167065799236298,0.3113162382505834,0.2,0.27388185262680054,0.041813478,0.225390625,5300,-0.6183291671797633,0.0003
-0.6981041300000002,1089536,300.0,592,532,1837,-0.043643605831312014,0.14664706587791443,0.4073767996393144,0.2,0.18955159187316895,0.044246033,0.217724609375,5310,-0.637068204395473,0.0003
-0.7798764199999998,1091584,300.0,593,533,1840,-0.04300522867706604,-0.014106106013059616,0.12289627112913877,0.2,0.2993695139884949,0.03974953,0.23427734375,5320,-0.6194355783052743,0.0003
-0.5134894300000001,1093632,300.0,593,534,1843,-0.04380270008696243,0.09507360309362411,0.3148537258151919,0.2,0.12749022245407104,0.041960195,0.21552734375,5330,-0.6332259882241488,0.0003
-0.74190883,1095680,300.0,593,535,1845,-0.04497173532436136,0.053400687873363495,0.27790574585087596,0.2,0.25867724418640137,0.040797997,0.234765625,5340,-0.6597979810088873,0.0003
-0.007618699999999991,1097728,300.0,594,536,1847,-0.04288149496569531,-0.004904955625534058,0.12974529450293631,0.2,0.056811630725860596,0.041015737,0.236767578125,5350,-0.6502628413960337,0.0003
0.38869246999999996,1099776,300.0,594,537,1849,-0.03970186482038116,0.3163137137889862,0.7452772391960025,0.2,-0.03882908821105957,0.035755083,0.20615234375,5360,-0.6376558123156428,0.0003
0.40060854999999984,1101824,300.0,574,538,1917,-0.04262202313693706,0.028687022626399994,0.24391877132002265,0.2,-0.01020669937133789,0.049760953,0.242333984375,5370,-0.6248199200257659,0.0003
0.15866788999999984,1103872,300.0,574,539,1919,-0.04341131160035729,0.007542572915554047,0.17851679576560855,0.2,-0.09654021263122559,0.03657548,0.225732421875,5380,-0.64283686298877,0.0003
0.13379829,1105920,300.0,575,540,1922,-0.0438425675383769,-0.019861306995153427,0.10225543467095122,0.2,-0.15297114849090576,0.042145815,0.242138671875,5390,-0.662785442918539,0.0003
0.5993430799999999,1107968,300.0,575,541,1924,-0.040947706779115835,0.11306662857532501,0.42271177284419537,0.2,0.03988778591156006,0.03207667,0.211572265625,5400,-0.6569594344124198,0.0003
0.41051754000000007,1110016,300.0,576,542,1926,-0.04225208879506681,0.09203293919563293,0.2732220659032464,0.2,0.026876986026763916,0.040552344,0.22958984375,5410,-0.6584865972399712,0.0003
0.035965440000000036,1112064,300.0,576,543,1929,-0.04201395191485062,0.01596592366695404,0.19886234435252845,0.2,-0.09779012203216553,0.046805967,0.244775390625,5420,-0.6641301112249494,0.0003
-0.021017210000000074,1114112,300.0,576,544,1931,-0.044389472148031926,0.2156713902950287,0.5608761677518487,0.2,0.03445100784301758,0.0336869,0.213525390625,5430,-0.6702356876805424,0.0003
0.30503667000000007,1116160,300.0,577,545,1933,-0.04533131454372778,0.10802158713340759,0.3319711762480438,0.2,0.12185108661651611,0.0406678,0.231103515625,5440,-0.6582456339150667,0.0003
0.05556366999999991,1118208,300.0,577,546,1935,-0.043123779867892155,0.2111666351556778,0.6187480484135449,0.2,0.04634004831314087,0.035708275,0.2255859375,5450,-0.6749688794836401,0.0003
0.23764738999999996,1120256,300.0,578,547,1937,-0.042064286090317184,0.18173912167549133,0.4879447211045772,0.2,0.06665217876434326,0.03662688,0.2296875,5460,-0.669833444710821,0.0003
0.08325470999999983,1122304,300.0,578,548,1939,-0.0471174931328278,0.03116641938686371,0.239925058465451,0.2,0.12193554639816284,0.046776164,0.238623046875,5470,-0.6812682442367077,0.0003
0.40527511999999993,1124352,300.0,579,549,1941,-0.044517128702136685,0.17031551897525787,0.37623581173829734,0.2,0.1574026346206665,0.037219428,0.216064453125,5480,-0.6620908454060555,0.0003
0.29561466,1126400,300.0,579,550,1943,-0.04530168809578754,0.08834700286388397,0.3606496141292155,0.2,-0.02100670337677002,0.041143678,0.2318359375,5490,-0.6724788246676325,0.0003
0.030474779999999858,1128448,300.0,579,551,1945,-0.0406244570214767,0.06929867714643478,0.3192467796616256,0.2,0.11659783124923706,0.04074917,0.22373046875,5500,-0.671427252329886,0.0003
0.0945191599999998,1130496,300.0,580,552,1948,-0.045820900407852604,0.05167664587497711,0.4089499429799616,0.2,-0.03898632526397705,0.03807282,0.227392578125,5510,-0.658412703499198,0.0003
-0.07680939999999997,1132544,300.0,580,553,1950,-0.04328971597715281,0.10316817462444305,0.3393707619048655,0.2,-0.12330210208892822,0.046357162,0.23837890625,5520,-0.6340818335302174,0.0003
0.019231269999999964,1134592,300.0,581,554,1952,-0.04136178517073859,0.026750467717647552,0.22129036306869238,0.2,0.0076580047607421875,0.043877684,0.256884765625,5530,-0.6561945689842105,0.0003
-0.15236562000000003,1136640,300.0,581,555,1954,-0.042341647519788236,0.06354066729545593,0.33091600723564624,0.2,0.03462421894073486,0.045261428,0.24306640625,5540,-0.6433105554431677,0.0003
-0.41699972999999985,1138688,300.0,581,556,1956,-0.04601991220843047,0.1118081733584404,0.39508253275416794,0.2,-0.037590742111206055,0.044249125,0.2447265625,5550,-0.6320248286239802,0.0003
-0.009010409999999976,1140736,300.0,581,557,1960,-0.043865170037315694,-0.0004689358174800873,0.18834052043966948,0.2,-0.0022802352905273438,0.040280968,0.228564453125,5560,-0.6333814179524779,0.0003
0.05371136999999988,1142784,300.0,582,558,1962,-0.04344654558808543,0.023869283497333527,0.31055564153939486,0.2,0.18100106716156006,0.046022613,0.230322265625,5570,-0.6186739447526634,0.0003
-0.12580973000000012,1144832,300.0,582,559,1965,-0.043265153383254075,0.02845574915409088,0.23278054003603757,0.2,0.3179941773414612,0.045917884,0.22958984375,5580,-0.6177762349136173,0.0003
0.3692919699999998,1146880,300.0,582,560,1967,-0.04339956930780318,0.21454860270023346,0.5109785810112953,0.2,0.09302771091461182,0.040226683,0.227392578125,5590,-0.6413836542516946,0.0003
0.5351519599999999,1148928,300.0,583,561,1969,-0.042735591722885144,0.1643543243408203,0.5354996419511735,0.2,0.10153883695602417,0.045239683,0.224609375,5600,-0.6300515470094978,0.0003
0.53026591,1150976,300.0,583,562,1971,-0.04460799060761929,-0.046739522367715836,0.1251462653861381,0.2,0.46118074655532837,0.05575241,0.240234375,5610,-0.6260629926808179,0.0003
0.40402518,1153024,300.0,584,563,1973,-0.041403848785557786,0.15286149084568024,0.38249127976596353,0.2,0.3315451145172119,0.042430013,0.22666015625,5620,-0.611983884871006,0.0003
0.32577406999999986,1155072,300.0,584,564,1976,-0.044838136299222245,0.07154610753059387,0.2648751685861498,0.2,0.19861263036727905,0.04496205,0.2392578125,5630,-0.6379257167689503,0.0003
0.78108281,1157120,300.0,584,565,1978,-0.04179828339547385,0.19023998081684113,0.5446306435391307,0.2,0.11437147855758667,0.03880322,0.22646484375,5640,-0.6260448504239321,0.0003
0.6240760399999999,1159168,300.0,585,566,1980,-0.04157037246332038,0.018990948796272278,0.2399494937621057,0.2,0.3830157518386841,0.04242929,0.22724609375,5650,-0.6361540831625462,0.0003
0.70052268,1161216,300.0,585,567,1983,-0.04333532034943346,0.09510352462530136,0.4006123538594693,0.2,0.35362446308135986,0.036228575,0.2298828125,5660,-0.6339893726631999,0.0003
0.62453369,1163264,300.0,585,568,1985,-0.043067797992262055,0.03243371099233627,0.2998833600897342,0.2,0.43261557817459106,0.040050402,0.231884765625,5670,-0.6472297210246325,0.0003
0.9368175599999999,1165312,300.0,586,569,1987,-0.04399195789883379,0.03725674748420715,0.26683099078945816,0.2,0.31828558444976807,0.04603079,0.251220703125,5680,-0.6616945484653115,0.0003
0.72721137,1167360,300.0,586,570,1990,-0.04318464716488961,0.08726555109024048,0.21557092336006461,0.2,0.3813322186470032,0.042976677,0.225341796875,5690,-0.6394750026986002,0.0003
0.97102753,1169408,300.0,586,571,1992,-0.041252662925398906,0.16504935920238495,0.6494154281914234,0.2,0.22871559858322144,0.041058503,0.20908203125,5700,-0.625956704095006,0.0003
0.8081197099999998,1171456,300.0,587,572,1994,-0.04252767345751636,0.037722017616033554,0.2886801374144852,0.2,0.37158477306365967,0.04293216,0.231396484375,5710,-0.6491783594712615,0.0003
0.8034099699999999,1173504,300.0,587,573,1997,-0.04237927311623935,0.13891950249671936,0.5608255674131215,0.2,0.23944491147994995,0.037740402,0.222021484375,5720,-0.6359034307301045,0.0003
0.7932871799999996,1175552,300.0,587,574,1999,-0.041959213759400885,0.005010329186916351,0.23875382523983718,0.2,0.40137261152267456,0.045395896,0.229541015625,5730,-0.6357102228328586,0.0003
0.49629130999999993,1177600,300.0,588,575,2001,-0.041191634658025576,0.1963467001914978,0.6774162428453565,0.2,0.13608843088150024,0.036549434,0.21748046875,5740,-0.6621778376400471,0.0003
-0.06022295000000009,1179648,300.0,588,576,2003,-0.03489027754112613,0.6324624419212341,0.762350024562329,0.2,0.1590391993522644,0.029792164,0.216015625,5750,-0.6578694837167859,0.0003
-0.14538797000000014,1181696,300.0,589,577,2006,-0.041796728590270504,0.0018147379159927368,0.175158395874314,0.2,0.5582770705223083,0.048176613,0.233447265625,5760,-0.6425038346089422,0.0003
-0.55585724,1183744,300.0,589,578,2008,-0.0414058048336301,0.012597054243087769,0.24088867253158242,0.2,0.3541279435157776,0.04265113,0.237744140625,5770,-0.656836960837245,0.0003
-0.34109793999999993,1185792,300.0,589,579,2010,-0.04325685694348067,0.030564650893211365,0.27510588474106046,0.2,0.3436095714569092,0.04014109,0.2306640625,5780,-0.6609261993318796,0.0003
-0.4229373600000001,1187840,300.0,590,580,2012,-0.04287795458512846,0.08435440808534622,0.3019475475884974,0.2,0.10282480716705322,0.042416718,0.226025390625,5790,-0.6370832581073046,0.0003
0.20163115,1189888,300.0,590,581,2015,-0.04286922174214851,0.05494718253612518,0.29994359640404583,0.2,0.022308707237243652,0.042385064,0.247900390625,5800,-0.6421993769705295,0.0003
-0.07770128000000011,1191936,300.0,590,582,2017,-0.04389215544506442,0.2238261103630066,0.4619604033418,0.2,-0.009051680564880371,0.04487244,0.23037109375,5810,-0.6546734010800719,0.0003
0.17631369999999993,1193984,300.0,591,583,2019,-0.04167501704941969,0.10357622802257538,0.34559408971108496,0.2,-0.0961618423461914,0.037305612,0.2283203125,5820,-0.6319545267149806,0.0003
0.37137889999999985,1196032,300.0,591,584,2022,-0.04505491335876286,0.04220106452703476,0.2624981656204909,0.2,0.1211593747138977,0.048293285,0.261767578125,5830,-0.6539567375555635,0.0003
0.10605018999999988,1198080,300.0,591,585,2025,-0.04095362944062799,0.14989644289016724,0.5743168043904007,0.2,0.13946980237960815,0.0370693,0.222900390625,5840,-0.663037684559822,0.0003
-0.08885024000000007,1200128,300.0,572,586,2095,-0.043006541635259056,0.006086159497499466,0.14429778836201876,0.2,-0.34528398513793945,0.044909038,0.2419921875,5850,-0.6722844606265426,0.0003
0.16973496000000005,1202176,300.0,572,587,2098,-0.04552757313649636,0.06486772745847702,0.3467413944657892,0.2,-0.02542245388031006,0.042717278,0.248876953125,5860,-0.6474736532196402,0.0003
0.20509095000000016,1204224,300.0,573,588,2100,-0.04086035541549791,0.187608003616333,0.5442939125932753,0.2,0.058215320110321045,0.037271235,0.212109375,5870,-0.640506383869797,0.0003
0.8921012900000004,1206272,300.0,573,589,2102,-0.04384078879957087,0.01057838648557663,0.19945841897279024,0.2,0.05281776189804077,0.046518452,0.2314453125,5880,-0.639473182708025,0.0003
0.5819958300000003,1208320,300.0,574,590,2104,-0.044971470278687774,0.13112586736679077,0.5580389185808599,0.2,0.12295782566070557,0.036886428,0.23115234375,5890,-0.6681294534355402,0.0003
0.84077988,1210368,300.0,574,591,2106,-0.04407930752495304,0.06322107464075089,0.40917811412364247,0.2,0.06981074810028076,0.040246427,0.2234375,5900,-0.6535621586255729,0.0003
0.8024888400000001,1212416,300.0,574,592,2109,-0.04644692942383699,-0.01994140073657036,0.17223129209596663,0.2,0.3610430955886841,0.049720675,0.24580078125,5910,-0.6756774473935365,0.0003
0.9771691700000001,1214464,300.0,575,593,2111,-0.04176677572540939,0.07799971103668213,0.3839079789351672,0.2,0.31445205211639404,0.040333763,0.230029296875,5920,-0.6627619701437653,0.0003
0.25222622000000006,1216512,300.0,575,594,2114,-0.042158452910371125,0.011626888066530228,0.1714784195413813,0.2,0.5610650777816772,0.04561214,0.2404296875,5930,-0.6565926472656429,0.0003
0.27200071000000015,1218560,300.0,575,595,2116,-0.0444275637215469,0.08322092145681381,0.3364242968615144,0.2,0.3728220462799072,0.03808116,0.233642578125,5940,-0.6746493006125093,0.0003
0.12152263000000012,1220608,300.0,575,596,2119,-0.045823946633026934,-0.012043774127960205,0.21081712993327528,0.2,-0.12406647205352783,0.0494446,0.244091796875,5950,-0.6528151334263385,0.0003
-0.5035944199999999,1222656,300.0,576,597,2122,-0.04231709681043867,0.02097923308610916,0.2607615381013602,0.2,0.20299625396728516,0.040458046,0.23544921875,5960,-0.6794677937403322,0.0003
-0.2296622199999998,1224704,300.0,576,598,2124,-0.04229190824262332,0.09739509224891663,0.37366958265192807,0.2,0.1939706802368164,0.037015166,0.227392578125,5970,-0.6768205415457487,0.0003
0.043758209999999985,1226752,300.0,576,599,2126,-0.04397096628090367,0.07107553631067276,0.38842723905108867,0.2,-0.1019587516784668,0.043166213,0.236865234375,5980,-0.6727701418101788,0.0003
0.5734698500000001,1228800,300.0,577,600,2128,-0.04683448560535908,0.016909539699554443,0.19934385363012552,0.2,0.1377490758895874,0.04601312,0.2541015625,5990,-0.687364275380969,0.0003
0.12198870999999993,1230848,300.0,577,601,2130,-0.04433024758909596,0.022901423275470734,0.22152898046188058,0.2,0.02762502431869507,0.040964894,0.236083984375,6000,-0.6821744572371244,0.0003
-0.004655769999999881,1232896,300.0,577,602,2133,-0.04623059912410099,0.11643166840076447,0.46010836847126485,0.2,-0.05351877212524414,0.038706943,0.22509765625,6010,-0.6975872913375497,0.0003
-0.4977224999999999,1234944,300.0,578,603,2135,-0.04393827453313861,0.1404736042022705,0.43117863149382174,0.2,-0.003129720687866211,0.03907682,0.230908203125,6020,-0.6757589986547827,0.0003
-0.7692378299999999,1236992,300.0,578,604,2137,-0.04695060484518763,0.34031039476394653,0.641287028696388,0.2,-0.045259833335876465,0.035349857,0.2462890625,6030,-0.691024600341916,0.0003
-0.6113859599999999,1239040,300.0,579,605,2139,-0.04886037353571737,0.020312033593654633,0.202485543070361,0.2,0.14562547206878662,0.04593663,0.25146484375,6040,-0.6854050394147635,0.0003
-0.5118026199999999,1241088,300.0,579,606,2143,-0.04485916242119856,0.009358182549476624,0.1764184687519446,0.2,0.35748523473739624,0.048240695,0.261181640625,6050,-0.6783438563346863,0.0003
-0.22818161999999986,1243136,300.0,579,607,2145,-0.04419300434237812,0.028417766094207764,0.24692537588998675,0.2,0.17182838916778564,0.051446088,0.24013671875,6060,-0.6651029148139059,0.0003
-0.48125614999999994,1245184,300.0,579,608,2148,-0.04065598107408732,0.06318745762109756,0.25196209768764677,0.2,0.12923580408096313,0.040384278,0.231201171875,6070,-0.6780117752030492,0.0003
-0.25831197999999994,1247232,300.0,579,609,2150,-0.04728460245532915,0.114513099193573,0.4418503534514457,0.2,-0.04390418529510498,0.03779187,0.226953125,6080,-0.6734795480966568,0.0003
-0.29117922999999996,1249280,300.0,580,610,2152,-0.044724964478518814,0.17772799730300903,0.5205869372934103,0.2,-0.0339198112487793,0.037696823,0.2232421875,6090,-0.6941802736371756,0.0003
-0.22104893999999983,1251328,300.0,580,611,2155,-0.04804498001758475,0.06182974576950073,0.22431606343016028,0.2,0.03157985210418701,0.0441128,0.2517578125,6100,-0.6984650317579508,0.0003
-0.06197792999999988,1253376,300.0,580,612,2157,-0.04320896615099627,0.09365112334489822,0.41658008145168424,0.2,0.005302786827087402,0.037046254,0.227392578125,6110,-0.6919706786051393,0.0003
-0.35407608,1255424,300.0,581,613,2159,-0.047047729583573526,0.06866204738616943,0.323968453053385,0.2,-0.006363630294799805,0.045732252,0.246337890625,6120,-0.6948457293212413,0.0003
-0.76530755,1257472,300.0,581,614,2162,-0.043296464889135675,0.04522519186139107,0.20424018898047508,0.2,-0.24292266368865967,0.040780947,0.228173828125,6130,-0.689071930758655,0.0003
-1.18629152,1259520,300.0,581,615,2164,-0.04142458288406488,0.08194246888160706,0.4393422207329422,0.2,-0.02008962631225586,0.043018408,0.231396484375,6140,-0.6734274445101619,0.0003
-1.12151899,1261568,300.0,582,616,2166,-0.04324095202318858,0.13749723136425018,0.3078580653760582,0.2,0.13053661584854126,0.04372708,0.23955078125,6150,-0.6923929765820503,0.0003
-1.14608822,1263616,300.0,582,617,2168,-0.04317628095159307,0.1386873573064804,0.38195189493708315,0.2,0.06267958879470825,0.039566543,0.24716796875,6160,-0.6908550327643752,0.0003
-0.8160442200000003,1265664,300.0,583,618,2170,-0.04024273562681628,0.17746424674987793,0.7005031402222812,0.2,0.02337092161178589,0.035088513,0.219482421875,6170,-0.6998369636014103,0.0003
-0.65530966,1267712,300.0,583,619,2173,-0.04590795595722739,0.17720402777194977,0.4908766267821193,0.2,0.2008393406867981,0.043717824,0.225146484375,6180,-0.705161270685494,0.0003
-0.8991666100000003,1269760,300.0,583,620,2175,-0.043433968551107684,0.2262313961982727,0.6356320948339999,0.2,0.05887198448181152,0.037818618,0.233984375,6190,-0.7023045072332025,0.0003
-0.6106184,1271808,300.0,584,621,2177,-0.048117874041781764,0.05744574964046478,0.3561041173059493,0.2,0.01615220308303833,0.0411211,0.250048828125,6200,-0.6815066369250417,0.0003
-0.3528962299999999,1273856,300.0,584,622,2179,-0.04598433889041189,0.49804815649986267,0.9461398994550109,0.2,-0.006616830825805664,0.039746188,0.2353515625,6210,-0.6745588539168239,0.0003
-0.042182460000000185,1275904,300.0,584,623,2182,-0.042593283316819,0.03560003638267517,0.2905414146836847,0.2,0.018946468830108643,0.047055252,0.248779296875,6220,-0.669533459097147,0.0003
-0.7452985100000002,1277952,300.0,585,624,2184,-0.045281474816147235,0.07487080246210098,0.35739180389791725,0.2,0.16463243961334229,0.049730778,0.24169921875,6230,-0.6709193918853998,0.0003
-0.54576704,1280000,300.0,585,625,2186,-0.04419454126036726,0.044445693492889404,0.2325698803178966,0.2,-0.19999361038208008,0.050102025,0.236181640625,6240,-0.6440232990309596,0.0003
-0.4064707100000001,1282048,300.0,585,626,2188,-0.04316811757453252,0.12110937386751175,0.3939219446852803,0.2,0.06075727939605713,0.038864393,0.239453125,6250,-0.6575376581400633,0.0003
-0.88130839,1284096,300.0,586,627,2190,-0.04350321404344868,0.07513824105262756,0.27320512337610126,0.2,-0.17139410972595215,0.052814096,0.239208984375,6260,-0.6575954763218761,0.0003
-0.8337819899999999,1286144,300.0,586,628,2192,-0.0416701892419951,0.11007626354694366,0.38616354037076234,0.2,0.0762060284614563,0.0414558,0.241162109375,6270,-0.6485410518012941,0.0003
-0.1622541399999999,1288192,300.0,586,629,2194,-0.04398134821094572,0.08763320744037628,0.3620988193433732,0.2,0.010079443454742432,0.04287222,0.237255859375,6280,-0.6561865743249655,0.0003
-0.58935056,1290240,300.0,587,630,2196,-0.04286696220515296,0.11005493253469467,0.2719844172243029,0.2,-0.0008722543716430664,0.04328263,0.238232421875,6290,-0.6600742571055889,0.0003
-0.30464715999999986,1292288,300.0,587,631,2199,-0.04364355478319339,0.20364519953727722,0.6599932081997395,0.2,-0.04654574394226074,0.040171184,0.234814453125,6300,-0.6645162409171462,0.0003
-0.7666548200000001,1294336,300.0,587,632,2202,-0.045149143613525664,0.06331246346235275,0.29135267972014844,0.2,0.004025280475616455,0.042139158,0.234814453125,6310,-0.6642819045111537,0.0003
-0.4134037599999999,1296384,300.0,588,633,2204,-0.04222755125665571,0.042137473821640015,0.2603128516580909,0.2,-0.17034590244293213,0.04640773,0.233642578125,6320,-0.6766499593853951,0.0003
-0.8502710600000001,1298432,300.0,588,634,2206,-0.04151045584003441,0.09342678636312485,0.3667617592494935,0.2,-0.007978439331054688,0.043860324,0.244287109375,6330,-0.6725582679733634,0.0003
-0.5622529600000001,1300480,300.0,572,635,2270,-0.0411435046378756,0.25446993112564087,0.6709887330420315,0.2,0.09156876802444458,0.040138744,0.234765625,6340,-0.6494282537139953,0.0003
-0.9582571999999998,1302528,300.0,573,636,2272,-0.0429727794660721,0.06288692355155945,0.22622246958781034,0.2,0.11043053865432739,0.048824225,0.237255859375,6350,-0.6451969005167484,0.0003
-1.2427975099999997,1304576,300.0,573,637,2274,-0.04149227587040514,0.0015757009387016296,0.10415111505426466,0.2,0.14593714475631714,0.04748065,0.237353515625,6360,-0.652655160240829,0.0003
-0.7541643700000001,1306624,300.0,573,638,2276,-0.044754636866855435,0.0038496553897857666,0.21821047400590032,0.2,0.1452314853668213,0.041165423,0.23349609375,6370,-0.6612273470498622,0.0003
-0.6747594200000002,1308672,300.0,574,639,2279,-0.042190190168912525,0.1840691864490509,0.5932974099181593,0.2,0.2104402780532837,0.041270733,0.235595703125,6380,-0.6552255472168327,0.0003
-0.61857654,1310720,300.0,574,640,2281,-0.04105300543014891,0.06828631460666656,0.2283603070769459,0.2,0.0074656009674072266,0.04258334,0.22763671875,6390,-0.6684547752141953,0.0003
-0.3280719400000004,1312768,300.0,574,641,2283,-0.045775784412398934,0.06280968338251114,0.28874478698708117,0.2,0.14951485395431519,0.045645885,0.237548828125,6400,-0.6526711512356996,0.0003
-0.1536964100000002,1314816,300.0,575,642,2285,-0.04033066531992517,0.050929076969623566,0.27479968294501306,0.2,0.2063678503036499,0.03895764,0.224609375,6410,-0.6819692704826593,0.0003
-0.7778253700000002,1316864,300.0,575,643,2287,-0.04204245752771385,0.05637672543525696,0.21211312492378057,0.2,-0.1492016315460205,0.041499995,0.219189453125,6420,-0.6595725489780306,0.0003
-0.67537306,1318912,300.0,575,644,2290,-0.044578828554949726,0.062098704278469086,0.3012206316925585,0.2,0.008379161357879639,0.04583258,0.245263671875,6430,-0.6728315502405167,0.0003
-0.8031277,1320960,300.0,576,645,2292,-0.041912232535833024,0.12982140481472015,0.38045847285538914,0.2,0.016344666481018066,0.050230052,0.23046875,6440,-0.6360835365951061,0.0003
-0.9866515,1323008,300.0,576,646,2294,-0.036355014315631706,0.11521220207214355,0.5329675166867673,0.2,0.015558183193206787,0.041925874,0.19462890625,6450,-0.6379291282966733,0.0003
-0.33116902,1325056,300.0,576,647,2296,-0.04498452050611377,0.12646231055259705,0.3600229864940047,0.2,0.17281067371368408,0.049361177,0.239599609375,6460,-0.6391638816334307,0.0003
-0.4497239700000001,1327104,300.0,577,648,2299,-0.04084369167103432,0.3963824510574341,0.647025135718286,0.2,0.18328654766082764,0.037692502,0.22197265625,6470,-0.6577093699947,0.0003
-0.5716243999999998,1329152,300.0,577,649,2301,-0.04359932078805286,0.07115644961595535,0.2979459465947002,0.2,0.26448744535446167,0.050869975,0.250927734375,6480,-0.6580207049846649,0.0003
-1.16080565,1331200,300.0,577,650,2303,-0.04314725530275609,0.031445883214473724,0.23712747232057155,0.2,0.3347245454788208,0.04440327,0.243798828125,6490,-0.6474435351788997,0.0003
-1.01586729,1333248,300.0,578,651,2305,-0.04087556891900022,0.044468216598033905,0.2369576942175627,0.2,0.34262216091156006,0.037957273,0.218798828125,6500,-0.6318810559809208,0.0003
-0.7286578799999998,1335296,300.0,578,652,2307,-0.04332393754157238,0.035815589129924774,0.24604874451179057,0.2,0.15780198574066162,0.058259603,0.250048828125,6510,-0.638691143412143,0.0003
-0.9721962200000002,1337344,300.0,578,653,2309,-0.03977418001159094,0.1471470296382904,0.476662917714566,0.2,0.23248225450515747,0.04085327,0.21240234375,6520,-0.6298133908770979,0.0003
-0.47213659999999996,1339392,300.0,579,654,2312,-0.04397317470429698,0.24015021324157715,0.6825994178652763,0.2,0.0532190203666687,0.0451472,0.21982421875,6530,-0.6474516678601503,0.0003
-0.21746728999999995,1341440,300.0,579,655,2314,-0.04012430375441909,0.021512120962142944,0.278337242687121,0.2,0.21575927734375,0.044990785,0.229052734375,6540,-0.6249947054311633,0.0003
-0.1945309,1343488,300.0,579,656,2316,-0.0399864629842341,0.023908890783786774,0.1865178131032735,0.2,0.46430110931396484,0.040809333,0.2267578125,6550,-0.6127154983580112,0.0003
-0.66122523,1345536,300.0,580,657,2318,-0.04398183615703601,0.017500385642051697,0.1951541426591575,0.2,0.17390483617782593,0.044152595,0.2416015625,6560,-0.6412755601108074,0.0003
-0.5102658100000002,1347584,300.0,580,658,2320,-0.0421238543727668,0.15286874771118164,0.3345621965359896,0.2,0.31377798318862915,0.041578773,0.22744140625,6570,-0.626662886980921,0.0003
-0.6658025600000002,1349632,300.0,581,659,2322,-0.046912050718674436,-0.014675550162792206,0.15573558055330067,0.2,0.1831158995628357,0.049234174,0.24345703125,6580,-0.6480530557222665,0.0003
-0.19521281000000001,1351680,300.0,581,660,2325,-0.04518223496852443,-0.032985180616378784,0.1042851819191128,0.2,0.34437131881713867,0.050037645,0.246435546875,6590,-0.6298616268672049,0.0003
-0.30724601,1353728,300.0,581,661,2327,-0.04400017734442372,0.032823190093040466,0.21258690264075994,0.2,-0.05107986927032471,0.041515894,0.2341796875,6600,-0.6499555362388492,0.0003
-0.6818563100000001,1355776,300.0,581,662,2329,-0.043222014879575,0.022988885641098022,0.1815483627608046,0.2,-0.09527122974395752,0.04385779,0.232275390625,6610,-0.6373237846419215,0.0003
-0.37055031,1357824,300.0,582,663,2331,-0.04073420901695499,0.06862051039934158,0.37530324449762703,0.2,-0.048178672790527344,0.042542867,0.220703125,6620,-0.6361780782230199,0.0003
0.19413531999999992,1359872,300.0,582,664,2333,-0.04559188662969973,-0.006497465074062347,0.16574346404522658,0.2,-0.008699893951416016,0.051881492,0.244970703125,6630,-0.6535166774876415,0.0003
0.5754924499999998,1361920,300.0,583,665,2335,-0.041922780495951883,0.02741340547800064,0.22855160939507185,0.2,0.01666581630706787,0.038907897,0.227099609375,6640,-0.6488881643861533,0.0003
-0.23356649000000013,1363968,300.0,583,666,2338,-0.043362709516077305,-0.02604946866631508,0.11478025664109737,0.2,0.21482795476913452,0.048058383,0.24326171875,6650,-0.6365050749853254,0.0003
-0.36660202,1366016,300.0,583,667,2340,-0.040918075322406364,0.05726850777864456,0.20690425294451414,0.2,0.1845058798789978,0.039855182,0.221875,6660,-0.652523192949593,0.0003
-0.30693827,1368064,300.0,583,668,2342,-0.0462007715497748,0.0287487730383873,0.26456918474286795,0.2,0.05110567808151245,0.04400241,0.242333984375,6670,-0.6517741618677974,0.0003
-0.5296100099999999,1370112,300.0,584,669,2344,-0.04315604603034444,0.12050729990005493,0.3537402558606118,0.2,0.17035245895385742,0.04810691,0.226611328125,6680,-0.6642332822084427,0.0003
-0.23154294999999983,1372160,300.0,584,670,2346,-0.0443648532993393,0.09387006610631943,0.3383722749073058,0.2,-0.0650014877319336,0.038498014,0.22822265625,6690,-0.6951560102403164,0.0003
-0.08223787999999992,1374208,300.0,584,671,2349,-0.044169710844289514,0.05197138339281082,0.2134012509835884,0.2,0.004022181034088135,0.046976607,0.24130859375,6700,-0.6780217088758945,0.0003
0.29750078000000013,1376256,300.0,585,672,2351,-0.04226739320729393,0.044556550681591034,0.3350258295889944,0.2,0.14759129285812378,0.040324263,0.230126953125,6710,-0.6886597884818911,0.0003
0.27509269,1378304,300.0,585,673,2353,-0.04390269291470759,-0.027750864624977112,0.0925192810362205,0.2,0.0025171637535095215,0.051756814,0.2306640625,6720,-0.6656291827559471,0.0003
0.29745414,1380352,300.0,585,674,2355,-0.04460986750491429,0.009452305734157562,0.1359913082793355,0.2,0.10667973756790161,0.043820903,0.2328125,6730,-0.7242512268945575,0.0003
0.5876095500000001,1382400,300.0,586,675,2357,-0.04331461673136801,-0.011031821370124817,0.15197510933503508,0.2,0.2285609245300293,0.039359972,0.241796875,6740,-0.6880120567977428,0.0003
1.01111187,1384448,300.0,586,676,2359,-0.04239705135405529,-0.0076783522963523865,0.19456026661209763,0.2,0.3939298391342163,0.037366148,0.22255859375,6750,-0.7038134038448334,0.0003
1.03705743,1386496,300.0,586,677,2362,-0.042098238109610976,0.048085615038871765,0.24605032200925053,0.2,0.37210357189178467,0.040155314,0.227587890625,6760,-0.6993471898138524,0.0003
1.4659029300000004,1388544,300.0,587,678,2364,-0.045718808117089796,0.1721816509962082,0.5854351778514684,0.2,0.36073219776153564,0.03672616,0.23115234375,6770,-0.692797439917922,0.0003
1.25030407,1390592,300.0,587,679,2366,-0.04302487237146124,0.0765000507235527,0.30432255831547084,0.2,0.314678430557251,0.039739676,0.2171875,6780,-0.6675341123715043,0.0003
1.2599597599999997,1392640,300.0,587,680,2368,-0.04297309945104644,0.213638573884964,0.6223188374191523,0.2,0.23784160614013672,0.036755864,0.21953125,6790,-0.7007223384454846,0.0003
1.5615565599999999,1394688,300.0,588,681,2370,-0.04770202013023663,0.16650310158729553,0.4917084279470146,0.2,0.21159785985946655,0.040206574,0.240380859375,6800,-0.6841489529237151,0.0003
1.5417058700000001,1396736,300.0,588,682,2372,-0.0442668957344722,0.07803165167570114,0.3142833906691521,0.2,0.34247273206710815,0.03903509,0.22412109375,6810,-0.6775917405262589,0.0003
1.8952832000000002,1398784,300.0,588,683,2375,-0.04690988276852295,0.043435342609882355,0.2094841140322387,0.2,0.38357728719711304,0.039165825,0.248095703125,6820,-0.7103145832195878,0.0003
1.2937665099999998,1400832,300.0,573,684,2440,-0.04497321055096108,0.11637689173221588,0.3509422053582966,0.2,0.1575932502746582,0.04029633,0.230078125,6830,-0.6877216732129454,0.0003
0.5602829200000001,1402880,300.0,574,685,2442,-0.04314566646353342,0.0880168229341507,0.44906210331246255,0.2,0.13561910390853882,0.036169745,0.228955078125,6840,-0.7098522428423166,0.0003
0.8587070299999999,1404928,300.0,574,686,2444,-0.04582603947637835,0.17423073947429657,0.6069664600305259,0.2,0.14432060718536377,0.03911665,0.2310546875,6850,-0.7023238057270647,0.0003
0.8329651899999999,1406976,300.0,575,687,2446,-0.04879671136150136,-0.006294924765825272,0.11216395242372527,0.2,-0.36064231395721436,0.051986933,0.2615234375,6860,-0.7146244022995234,0.0003
0.9156183200000001,1409024,300.0,575,688,2449,-0.047705071864766066,0.04035288840532303,0.30647178892977534,0.2,0.028981566429138184,0.04531597,0.249755859375,6870,-0.6885329788550735,0.0003
0.7825100000000001,1411072,300.0,575,689,2451,-0.04696339510410326,0.09158966690301895,0.41572701260447503,0.2,0.04938697814941406,0.042430863,0.2275390625,6880,-0.7152413863688707,0.0003
0.9322833500000002,1413120,300.0,576,690,2453,-0.04777075345045887,0.008387349545955658,0.21803356886375697,0.2,0.07726120948791504,0.046399534,0.262353515625,6890,-0.7009043177589774,0.0003
1.22150561,1415168,300.0,576,691,2455,-0.04390262699598679,0.07520094513893127,0.25172473669517786,0.2,0.030003786087036133,0.037920408,0.229833984375,6900,-0.6900434587150812,0.0003
0.7730249299999999,1417216,300.0,576,692,2457,-0.0439468053780729,0.03766917437314987,0.1939167959149927,0.2,-0.03552591800689697,0.037135277,0.229345703125,6910,-0.7022045999765396,0.0003
0.7272768199999998,1419264,300.0,576,693,2459,-0.04444619962014258,0.10723301023244858,0.43621599888429047,0.2,0.18993926048278809,0.040117525,0.242041015625,6920,-0.7395916495472192,0.0003
0.5750351699999997,1421312,300.0,577,694,2462,-0.05032063400722109,-0.025830857455730438,0.1247130086645484,0.2,0.2796630859375,0.049447823,0.253662109375,6930,-0.7110386244952679,0.0003
0.8244950799999998,1423360,300.0,577,695,2464,-0.04659589931834489,0.11641006171703339,0.4566382660064846,0.2,0.17983478307724,0.034436315,0.22255859375,6940,-0.7069567013531923,0.0003
0.7918646199999999,1425408,300.0,577,696,2466,-0.04369252538308501,0.0750437006354332,0.3406246265396476,0.2,0.05287027359008789,0.043333314,0.229052734375,6950,-0.6914207305759191,0.0003
1.03450494,1427456,300.0,578,697,2468,-0.043549550714669746,0.350462406873703,1.0079915934242307,0.2,0.12021571397781372,0.030873634,0.2146484375,6960,-0.7028209790587425,0.0003
1.15583698,1429504,300.0,578,698,2470,-0.043495778724900444,0.10228941589593887,0.320489202812314,0.2,0.1448848843574524,0.04277468,0.224658203125,6970,-0.6908606354147195,0.0003
1.32727554,1431552,300.0,578,699,2473,-0.04525660444342065,0.011897172778844833,0.2160769087728113,0.2,0.5391971468925476,0.050246887,0.241650390625,6980,-0.6801995202898979,0.0003
1.0948051599999997,1433600,300.0,579,700,2475,-0.05055084829800762,-0.02824588119983673,0.10804945073323324,0.2,0.7058464288711548,0.05386199,0.26865234375,6990,-0.7218847678974271,0.0003
0.95718609,1435648,300.0,579,701,2477,-0.04549118237628136,0.048162512481212616,0.25712823700159787,0.2,0.5574009418487549,0.0472913,0.232275390625,7000,-0.7022091533988715,0.0003
1.04845404,1437696,300.0,579,702,2479,-0.04750185940938536,0.07096128910779953,0.3793411063030362,0.2,0.4132804870605469,0.036702074,0.239697265625,7010,-0.7253168595954775,0.0003
0.8237996899999999,1439744,300.0,580,703,2481,-0.04492342440644279,0.04079051688313484,0.2069147977279499,0.2,0.4316949248313904,0.039809782,0.230126953125,7020,-0.7426794920116663,0.0003
0.9078721400000002,1441792,300.0,580,704,2483,-0.04363959170295857,-0.032325126230716705,0.08161760657094419,0.2,0.6988241672515869,0.04039258,0.23388671875,7030,-0.7007618336006999,0.0003
0.28096127999999987,1443840,300.0,580,705,2486,-0.04676413369743386,0.16895508766174316,0.4932616713922471,0.2,0.16614001989364624,0.03973607,0.2271484375,7040,-0.7113327097147704,0.0003
0.30448299000000006,1445888,300.0,581,706,2488,-0.043951567879412325,0.199991375207901,0.7710047538392246,0.2,0.16835784912109375,0.034810264,0.2189453125,7050,-0.7274997850880027,0.0003
0.24569975000000022,1447936,300.0,581,707,2490,-0.04859148776158691,0.08732155710458755,0.357100459234789,0.2,-0.01414477825164795,0.041030444,0.2498046875,7060,-0.7287380620837212,0.0003
0.07266543000000014,1449984,300.0,581,708,2492,-0.0453420950070722,0.08339706808328629,0.39928461383096875,0.2,0.06255805492401123,0.036342345,0.23828125,7070,-0.7106592388823628,0.0003
0.43392611000000003,1452032,300.0,582,709,2494,-0.04386442459363025,0.08534210920333862,0.3123360031284392,0.2,0.10723501443862915,0.039897442,0.242578125,7080,-0.7097470467910171,0.0003
0.4586444,1454080,300.0,582,710,2496,-0.04584289245540276,0.12252700328826904,0.38489102497696875,0.2,-0.08707785606384277,0.043545857,0.24482421875,7090,-0.700607230141759,0.0003
0.17422654000000018,1456128,300.0,582,711,2499,-0.04636664068384562,0.017873026430606842,0.22712965074460953,0.2,0.18311446905136108,0.05278761,0.254345703125,7100,-0.6958809554576874,0.0003
0.25335908,1458176,300.0,582,712,2501,-0.04440549370629014,0.0888252705335617,0.28105261982418595,0.2,0.20172631740570068,0.042194214,0.23408203125,7110,-0.7002127006649971,0.0003
-0.43095207999999985,1460224,300.0,583,713,2504,-0.04731716522073839,-0.015891842544078827,0.20353827998042107,0.2,-0.24070870876312256,0.044364847,0.2359375,7120,-0.6949296802282333,0.0003
-0.22989030999999996,1462272,300.0,583,714,2506,-0.04417084580200026,0.12299976497888565,0.46839009346440436,0.2,-0.07811498641967773,0.040333204,0.228564453125,7130,-0.7132406795397401,0.0003
-0.23945536999999997,1464320,300.0,583,715,2509,-0.04503223921055906,0.12032376229763031,0.3176950375083834,0.2,-0.1976640224456787,0.04143011,0.235498046875,7140,-0.7174920929595828,0.0003
-0.48274916000000007,1466368,300.0,583,716,2511,-0.0487631883850554,0.06434199959039688,0.41293568280525506,0.2,0.07125186920166016,0.039015926,0.239453125,7150,-0.7169746074825525,0.0003
-0.7192825500000001,1468416,300.0,584,717,2513,-0.04426495299849194,0.04140767455101013,0.24690300691872835,0.2,0.15103131532669067,0.04815954,0.240966796875,7160,-0.6973592638969421,0.0003
-0.8416765500000001,1470464,300.0,584,718,2515,-0.044295478973072025,0.09402599185705185,0.41352017484605313,0.2,-0.026482343673706055,0.0432605,0.251416015625,7170,-0.7040814336389303,0.0003
-0.7245077299999998,1472512,300.0,584,719,2517,-0.040004714913084174,0.1574837863445282,0.37872347855009136,0.2,0.11098158359527588,0.041304167,0.232275390625,7180,-0.7111604100093245,0.0003
-0.7475851399999999,1474560,300.0,585,720,2519,-0.04492845096392557,0.0422847643494606,0.29953117365948856,0.2,0.2729188799858093,0.05091256,0.259326171875,7190,-0.7043806504458189,0.0003
-0.6826959300000002,1476608,300.0,585,721,2521,-0.04198011598200537,0.27135342359542847,0.8069706878624856,0.2,0.09953963756561279,0.03330426,0.229931640625,7200,-0.7041751326993108,0.0003
-0.6455344499999999,1478656,300.0,585,722,2523,-0.04888049036962912,0.08770982921123505,0.37219088692218066,0.2,0.1288507580757141,0.046516135,0.252685546875,7210,-0.7069548768922687,0.0003
-1.38493867,1480704,300.0,586,723,2526,-0.04483188044105191,0.12776988744735718,0.4072095331735909,0.2,0.1158173680305481,0.049425866,0.248779296875,7220,-0.7001832034438848,0.0003
-1.15611974,1482752,300.0,586,724,2528,-0.04461496328585781,0.09142064303159714,0.44168383651413023,0.2,0.17893385887145996,0.038814448,0.250927734375,7230,-0.7164778437465429,0.0003
-1.2435836699999998,1484800,300.0,586,725,2530,-0.0483359277001,0.0018218234181404114,0.22110730740241707,0.2,0.3616364002227783,0.047761977,0.263232421875,7240,-0.7089750556275248,0.0003
-1.2971103499999999,1486848,300.0,586,726,2533,-0.046455017264815976,0.06230989098548889,0.29030208569020033,0.2,0.2894001007080078,0.039644837,0.241845703125,7250,-0.7287915805354714,0.0003
-1.18812312,1488896,300.0,587,727,2535,-0.04566261155414395,0.10208955407142639,0.39278467521071436,0.2,0.07294940948486328,0.040790856,0.241552734375,7260,-0.7237335156649352,0.0003
-0.7884300199999998,1490944,300.0,587,728,2537,-0.047867014500661755,-0.01026889681816101,0.15657722137402744,0.2,0.06557559967041016,0.048300948,0.251904296875,7270,-0.7169961268082261,0.0003
-0.66398678,1492992,300.0,587,729,2539,-0.04509813197655603,0.192886084318161,0.5061017126776278,0.2,0.0790824294090271,0.0397461,0.238720703125,7280,-0.737804458476603,0.0003
0.06263629000000008,1495040,300.0,588,730,2542,-0.04784656921110582,0.06652715802192688,0.2858862686902285,0.2,0.09603899717330933,0.04741437,0.256982421875,7290,-0.7178246956318617,0.0003
-0.020293500000000055,1497088,300.0,588,731,2544,-0.046237956592813136,0.05935434252023697,0.3439967025537044,0.2,0.1437056064605713,0.04789836,0.25556640625,7300,-0.7260463861748576,0.0003
0.22525962000000013,1499136,300.0,588,732,2547,-0.04666247983404901,0.006002753973007202,0.28508312152698634,0.2,0.0046863555908203125,0.039266236,0.236865234375,7310,-0.7192171910777688,0.0003
0.7326137999999998,1501184,300.0,571,733,2625,-0.04591881669184659,0.017167776823043823,0.22227390208281578,0.2,0.20573550462722778,0.042750996,0.2544921875,7320,-0.7498767109587788,0.0003
0.8275879800000001,1503232,300.0,572,734,2627,-0.045913462978205644,0.05240270495414734,0.3374720510095358,0.2,0.2777378559112549,0.04152686,0.24326171875,7330,-0.7380715657025576,0.0003
0.9189528000000001,1505280,300.0,572,735,2629,-0.044249368825694545,-0.0001625269651412964,0.1424773736624047,0.2,0.4133927822113037,0.048008334,0.24521484375,7340,-0.7393641911447049,0.0003
0.6469417699999999,1507328,300.0,572,736,2631,-0.04711765311803902,-0.03211304917931557,0.20531003852374852,0.2,0.2827579379081726,0.048144706,0.255029296875,7350,-0.7172520935535431,0.0003
1.0421120099999999,1509376,300.0,573,737,2634,-0.04730655091116205,0.034640178084373474,0.26130142849870025,0.2,0.40227365493774414,0.04773017,0.252197265625,7360,-0.7387625124305487,0.0003
0.9906516200000002,1511424,300.0,573,738,2636,-0.04910878484079149,0.07505844533443451,0.318694080831483,0.2,0.24720317125320435,0.042865306,0.253759765625,7370,-0.73981824349612,0.0003
0.88319581,1513472,300.0,573,739,2638,-0.047581911785528064,-0.015306048095226288,0.1905775756575167,0.2,0.2571088671684265,0.04327039,0.255224609375,7380,-0.7364584472030401,0.0003
1.19613042,1515520,300.0,573,740,2640,-0.05021194509463385,0.000234946608543396,0.22833591955713928,0.2,-0.18812501430511475,0.045302127,0.252294921875,7390,-0.7289470011368394,0.0003
1.2716302099999999,1517568,300.0,574,741,2643,-0.04254593514924636,0.14133454859256744,0.5122325903736055,0.2,0.05162703990936279,0.045386963,0.255810546875,7400,-0.7343918988481164,0.0003
0.8998060699999999,1519616,300.0,574,742,2645,-0.04638351495086681,0.19103579223155975,0.5168933141045272,0.2,0.1192583441734314,0.04614602,0.2673828125,7410,-0.7483986293897033,0.0003
0.79444695,1521664,300.0,574,743,2647,-0.04423475084477104,0.05664297938346863,0.27251339200884106,0.2,0.0881878137588501,0.043978933,0.234619140625,7420,-0.7061736835166812,0.0003
0.8490867900000001,1523712,300.0,575,744,2649,-0.04639204356935807,0.07214239239692688,0.33838832946494224,0.2,0.09693020582199097,0.042861763,0.246435546875,7430,-0.7354660138487816,0.0003
0.5892692000000002,1525760,300.0,575,745,2652,-0.047024587602936666,0.05310216546058655,0.2779939428437501,0.2,0.03311997652053833,0.05039247,0.280810546875,7440,-0.7369894118979573,0.0003
0.29053105999999973,1527808,300.0,575,746,2654,-0.04484836504852865,0.24190030992031097,0.7493160979822278,0.2,0.03387725353240967,0.046174064,0.24287109375,7450,-0.704035697132349,0.0003
0.06627662,1529856,300.0,575,747,2656,-0.04861188048380427,0.12461581081151962,0.42749501559883357,0.2,0.20227617025375366,0.04908873,0.269287109375,7460,-0.7330005142837763,0.0003
0.31488459999999974,1531904,300.0,576,748,2658,-0.04696788077271776,0.22410038113594055,0.515803693421185,0.2,0.07352399826049805,0.043170154,0.236767578125,7470,-0.7237289149314166,0.0003
-0.09556298000000013,1533952,300.0,576,749,2660,-0.048632008917047644,0.16789329051971436,0.646088688261807,0.2,-0.05842387676239014,0.04522401,0.244287109375,7480,-0.6862676754593849,0.0003
-0.06804515000000022,1536000,300.0,576,750,2662,-0.04728878268506378,0.15056872367858887,0.38891675043851137,0.2,-0.031201958656311035,0.044815354,0.24013671875,7490,-0.6996729513630271,0.0003
-0.3819049400000003,1538048,300.0,577,751,2665,-0.0486328946048161,-0.016449354588985443,0.19713831290137024,0.2,-0.06935393810272217,0.049959734,0.26220703125,7500,-0.6965338254347444,0.0003
-0.0742436400000001,1540096,300.0,577,752,2667,-0.04952938889910001,0.005596421658992767,0.1652548517100513,0.2,0.06483465433120728,0.05061768,0.259716796875,7510,-0.6969959150999785,0.0003
0.2957042399999997,1542144,300.0,577,753,2669,-0.046385150260175576,0.09491295367479324,0.3893725025467575,0.2,-0.02808833122253418,0.046570666,0.24912109375,7520,-0.6991929486393929,0.0003
0.21635584999999974,1544192,300.0,577,754,2671,-0.0463963266054634,0.0857551097869873,0.36405853941105304,0.2,0.17969781160354614,0.039226267,0.2384765625,7530,-0.6981665082275867,0.0003
0.3601376599999999,1546240,300.0,578,755,2674,-0.047440873179584744,0.05624911189079285,0.3143645748030394,0.2,0.14401066303253174,0.042738877,0.233056640625,7540,-0.6782322051003575,0.0003
0.04255651999999973,1548288,300.0,578,756,2676,-0.045085067220497876,0.10608020424842834,0.40574390906840563,0.2,0.010387897491455078,0.039589,0.23447265625,7550,-0.6868477139621973,0.0003
0.23571432999999975,1550336,300.0,578,757,2678,-0.04476024148461875,0.11145610362291336,0.45085766073316336,0.2,0.004362642765045166,0.052925244,0.254052734375,7560,-0.7024971710518002,0.0003
0.14953046999999997,1552384,300.0,579,758,2680,-0.04402621682966128,0.08590435236692429,0.31765801305882635,0.2,0.12607890367507935,0.040404923,0.22666015625,7570,-0.6879513747990131,0.0003
-0.18078919000000007,1554432,300.0,579,759,2683,-0.04620306602446363,0.026932157576084137,0.21079709948971867,0.2,0.06625229120254517,0.05511782,0.252978515625,7580,-0.6744516626000404,0.0003
-0.12656703000000014,1556480,300.0,579,760,2685,-0.040406189362693114,0.15460389852523804,0.7118124375119805,0.2,0.09615850448608398,0.034260243,0.21318359375,7590,-0.7102854853495956,0.0003
-0.1522635500000001,1558528,300.0,579,761,2687,-0.04512495612580096,0.06715835630893707,0.2214430649066344,0.2,0.16466569900512695,0.049449123,0.250927734375,7600,-0.6936325374990702,0.0003
-0.5262333100000002,1560576,300.0,580,762,2689,-0.048609097712324,0.03842741996049881,0.30329024135135113,0.2,0.05925750732421875,0.04671382,0.249169921875,7610,-0.6895175523124635,0.0003
-0.82239201,1562624,300.0,580,763,2692,-0.044530205411138016,0.011228047311306,0.16858662967570126,0.2,0.06825965642929077,0.04389947,0.255224609375,7620,-0.6772504998371005,0.0003
-0.93883459,1564672,300.0,580,764,2694,-0.04702763061795849,0.08549489080905914,0.30237097600474955,0.2,0.11632382869720459,0.04597696,0.248486328125,7630,-0.7014648200944066,0.0003
-0.7738572799999999,1566720,300.0,581,765,2696,-0.043374200924881735,0.14041492342948914,0.48726871199905875,0.2,0.21385180950164795,0.03809412,0.222802734375,7640,-0.6837139956653118,0.0003
-0.8665268,1568768,300.0,581,766,2698,-0.048096195473044646,-0.008297279477119446,0.15218547699041665,0.2,0.2718670964241028,0.05010579,0.24755859375,7650,-0.6815558781847357,0.0003
-1.03856977,1570816,300.0,581,767,2700,-0.04527198789146496,0.040176987648010254,0.2125477557303384,0.2,0.34595417976379395,0.04595965,0.240625,7660,-0.7133726261556148,0.0003
-1.18331816,1572864,300.0,581,768,2702,-0.041698433604324237,0.030842095613479614,0.20326668394263833,0.2,0.4198593497276306,0.047444023,0.23271484375,7670,-0.6896602734923363,0.0003
-1.5651840000000001,1574912,300.0,582,769,2705,-0.04215843257552478,0.4145910143852234,0.6750440169125795,0.2,0.26075130701065063,0.03613282,0.228564453125,7680,-0.6992994925007224,0.0003
-1.1485021,1576960,300.0,582,770,2707,-0.041196680313441904,0.1225944310426712,0.4055989534594119,0.2,0.3610959053039551,0.039226923,0.233544921875,7690,-0.6715988554060459,0.0003
-1.00938328,1579008,300.0,582,771,2709,-0.04443564960092772,0.12993821501731873,0.5495789309963584,0.2,0.29537081718444824,0.042994276,0.23388671875,7700,-0.6815804671496153,0.0003
-0.2897494199999999,1581056,300.0,582,772,2711,-0.04607872321648756,0.07669129222631454,0.3324880470987409,0.2,0.20643121004104614,0.04840236,0.258251953125,7710,-0.6825474830344319,0.0003
-0.25155464999999994,1583104,300.0,583,773,2714,-0.04406006295757834,0.013601094484329224,0.19432104805018752,0.2,0.3833552598953247,0.0518031,0.26435546875,7720,-0.6968420937657356,0.0003
-0.02824549999999994,1585152,300.0,583,774,2716,-0.04708612767863087,0.0078085437417030334,0.26067844647914173,0.2,0.2683754563331604,0.050656136,0.25390625,7730,-0.6801605511456728,0.0003
0.01669306000000005,1587200,300.0,583,775,2718,-0.045348948528408074,0.0477357879281044,0.26083807800896464,0.2,-0.027609705924987793,0.040917136,0.244775390625,7740,-0.6979115528985858,0.0003
0.3921992100000001,1589248,300.0,584,776,2720,-0.045689735663472675,-0.02004394307732582,0.1373604289954528,0.2,0.032660603523254395,0.045852676,0.2458984375,7750,-0.6981220599263906,0.0003
0.27871643000000007,1591296,300.0,584,777,2722,-0.042165463736455425,0.09829287976026535,0.39235776937566696,0.2,0.12679624557495117,0.042050824,0.234619140625,7760,-0.686410010047257,0.0003
0.2481935,1593344,300.0,584,778,2724,-0.04730041246948531,0.09246627986431122,0.3040313279256225,0.2,0.1712895631790161,0.047560826,0.2462890625,7770,-0.7034048482775688,0.0003
0.3834402600000001,1595392,300.0,585,779,2726,-0.041135733443661594,0.1579136848449707,0.4148932696320117,0.2,0.1000869870185852,0.043959863,0.23271484375,7780,-0.678683620877564,0.0003
0.19438195000000008,1597440,300.0,585,780,2729,-0.04344980389578268,0.11041204631328583,0.3789000766351819,0.2,0.03908658027648926,0.051794633,0.248681640625,7790,-0.680979616381228,0.0003
0.11263165000000001,1599488,300.0,585,781,2731,-0.04161154356843326,0.12342222034931183,0.3740872028283775,0.2,0.2945643663406372,0.041658897,0.2353515625,7800,-0.6666774364188314,0.0003
-0.11575440999999984,1601536,300.0,572,782,2799,-0.04732521560799796,-0.00010690093040466309,0.15931278741918503,0.2,0.40002089738845825,0.053133316,0.262158203125,7810,-0.6746242485940457,0.0003
0.04290650999999993,1603584,300.0,572,783,2802,-0.04081512795819435,0.11627735197544098,0.41456434526480734,0.2,0.22432738542556763,0.042224772,0.23681640625,7820,-0.6605536043643951,0.0003
-0.04675409999999989,1605632,300.0,572,784,2804,-0.04686538176902104,0.02513490617275238,0.17963232221081854,0.2,0.1977325677871704,0.055359893,0.247900390625,7830,-0.6717715477570891,0.0003
0.037445500000000166,1607680,300.0,572,785,2806,-0.041380471596494314,0.13913296163082123,0.3244833016768098,0.2,0.18678390979766846,0.04436107,0.24248046875,7840,-0.6427813176065683,0.0003
0.15097106999999999,1609728,300.0,573,786,2808,-0.04749118250620086,0.0013755075633525848,0.19763427551370114,0.2,0.23515641689300537,0.05197966,0.254736328125,7850,-0.6546079074032605,0.0003
-0.01210092999999997,1611776,300.0,573,787,2810,-0.04336365919734817,0.05291707068681717,0.21259810808114707,0.2,0.13617658615112305,0.05018586,0.231640625,7860,-0.627017215359956,0.0003
-0.006386209999999905,1613824,300.0,573,788,2812,-0.04620630969729973,0.1008680984377861,0.40529381795786323,0.2,0.23280048370361328,0.047049493,0.23935546875,7870,-0.6491568062454462,0.0003
-0.1421480499999998,1615872,300.0,574,789,2815,-0.04408139391161967,0.06325776875019073,0.25952565209008754,0.2,0.11870372295379639,0.04362238,0.24052734375,7880,-0.648782828822732,0.0003
-0.2711361299999999,1617920,300.0,574,790,2817,-0.043920312031696086,0.026375502347946167,0.31735843936912717,0.2,-0.07574605941772461,0.039347842,0.240966796875,7890,-0.6581388596445322,0.0003
-0.34542390999999983,1619968,300.0,574,791,2819,-0.042449316798592915,-0.014770358800888062,0.17070612923707812,0.2,-0.04017150402069092,0.054094806,0.2435546875,7900,-0.6431378875859082,0.0003
-0.09990868999999974,1622016,300.0,574,792,2821,-0.038805433045490646,0.19455748796463013,0.5586667830590158,0.2,-0.08816695213317871,0.04489312,0.227734375,7910,-0.6434242152608931,0.0003
-0.3260258499999999,1624064,300.0,575,793,2824,-0.043362767643702685,0.1320314258337021,0.3576191583648324,0.2,0.04249602556228638,0.048660815,0.230126953125,7920,-0.6609684628434479,0.0003
-0.36203413000000007,1626112,300.0,575,794,2826,-0.04595491354411933,0.13667365908622742,0.4862492478452623,0.2,-0.009633541107177734,0.052614614,0.243994140625,7930,-0.6403514886274934,0.0003
-0.17994232999999993,1628160,300.0,575,795,2829,-0.04431585279235151,0.20898038148880005,0.495944061037153,0.2,-0.1641221046447754,0.051582582,0.247412109375,7940,-0.6617978345602751,0.0003
0.09015915000000002,1630208,300.0,575,796,2831,-0.04226853605650831,0.19336523115634918,0.5922625779174269,0.2,0.07251846790313721,0.05102464,0.224658203125,7950,-0.6377876994200051,0.0003
0.5345385199999998,1632256,300.0,576,797,2833,-0.044870920243556614,0.12882204353809357,0.3117939523421228,0.2,0.06373298168182373,0.055395998,0.2462890625,7960,-0.6095980331301689,0.0003
0.2518413100000004,1634304,300.0,576,798,2835,-0.04533342101203743,0.04356896132230759,0.24527532369829713,0.2,0.1643519401550293,0.051162478,0.247607421875,7970,-0.6283014168962836,0.0003
-0.09949549999999999,1636352,300.0,576,799,2837,-0.04611369932244998,0.024072304368019104,0.2473425677511841,0.2,0.2610101103782654,0.051564947,0.25634765625,7980,-0.6535657355561852,0.0003
-0.47594342999999983,1638400,300.0,576,800,2839,-0.045490373155917044,0.015032343566417694,0.31039320807904003,0.2,-0.08763551712036133,0.048959874,0.234326171875,7990,-0.6271729535423219,0.0003
-0.4786288900000001,1640448,300.0,577,801,2842,-0.04205267850193195,0.075565867125988,0.2954936895519495,0.2,-0.047242164611816406,0.046975683,0.232958984375,8000,-0.6263952512294054,0.0003
-0.24150660999999998,1642496,300.0,577,802,2844,-0.04246838781691622,0.016183272004127502,0.21395124583505093,0.2,-0.10489356517791748,0.050853506,0.21982421875,8010,-0.6212564772926271,0.0003
-0.21015194999999992,1644544,300.0,577,803,2846,-0.04380303288635332,-0.004939176142215729,0.15604540437925607,0.2,0.18400585651397705,0.04701419,0.227099609375,8020,-0.642727003339678,0.0003
-0.024996509999999902,1646592,300.0,578,804,2848,-0.048094359156675634,-0.03202759847044945,0.11880868792068214,0.2,0.015405416488647461,0.054290656,0.259130859375,8030,-0.6496231259778142,0.0003
0.38249365999999996,1648640,300.0,578,805,2850,-0.04062682460353244,-0.014651540666818619,0.1319270915351808,0.2,-0.153830885887146,0.041138276,0.231640625,8040,-0.6356270533055067,0.0003
0.48203785000000005,1650688,300.0,578,806,2853,-0.04591451180021977,0.012558281421661377,0.17580340704880654,0.2,-0.02624666690826416,0.05122678,0.2404296875,8050,-0.6284688371233642,0.0003
0.65123164,1652736,300.0,578,807,2855,-0.03589864186069462,0.07077215611934662,0.4632634657435119,0.2,-0.025494813919067383,0.039596632,0.21044921875,8060,-0.638976976275444,0.0003
0.8431792700000001,1654784,300.0,579,808,2857,-0.041768105162191205,0.10727690160274506,0.45340631091967226,0.2,0.12450844049453735,0.041435167,0.22109375,8070,-0.6564434828236699,0.0003
1.2383628299999998,1656832,300.0,579,809,2860,-0.046660173375858,0.16240784525871277,0.49917757883667946,0.2,0.08445453643798828,0.045252368,0.24208984375,8080,-0.6462230112403631,0.0003
1.0937842899999999,1658880,300.0,579,810,2863,-0.04376017757022055,-0.008471041917800903,0.1514227171894163,0.2,0.13452142477035522,0.053342607,0.235302734375,8090,-0.6263366746716201,0.0003
0.9071899200000001,1660928,300.0,579,811,2865,-0.04141661477915477,0.04144013673067093,0.2504620407242328,0.2,0.13031548261642456,0.04914331,0.2453125,8100,-0.6341565465554595,0.0003
0.8548156900000002,1662976,300.0,579,812,2867,-0.04663389059132896,0.06367489695549011,0.322143239248544,0.2,-0.1143108606338501,0.043872975,0.2490234375,8110,-0.6180810680612921,0.0003
1.29936857,1665024,300.0,580,813,2870,-0.042758194054476915,0.0002611987292766571,0.17437761395704002,0.2,0.3507450819015503,0.041160762,0.21806640625,8120,-0.6332067735493183,0.0003
0.9988305100000001,1667072,300.0,580,814,2872,-0.047105396162805846,0.05847729742527008,0.28769368343055246,0.2,0.23520177602767944,0.041411918,0.23330078125,8130,-0.6601982275024056,0.0003
1.1807704100000003,1669120,300.0,580,815,2874,-0.0461079532513395,0.030269652605056763,0.28450352712534366,0.2,0.22826910018920898,0.04706127,0.2376953125,8140,-0.6487730442546308,0.0003
0.7604262700000001,1671168,300.0,581,816,2876,-0.04574070776288863,0.2048688679933548,0.5177923929877579,0.2,0.025669395923614502,0.040359303,0.228662109375,8150,-0.6598572455346584,0.0003
0.87171934,1673216,300.0,581,817,2878,-0.043937881413148715,0.06472383439540863,0.3024868241976947,0.2,-0.0392000675201416,0.042216904,0.23291015625,8160,-0.6460627097636461,0.0003
1.07657509,1675264,300.0,581,818,2881,-0.046635305299423634,-0.011819861829280853,0.152199768810533,0.2,0.02334815263748169,0.06167069,0.269775390625,8170,-0.6690671574324369,0.0003
1.1210288600000002,1677312,300.0,581,819,2884,-0.04396970871603116,0.060781657695770264,0.22615060145035387,0.2,-0.0012252330780029297,0.037731007,0.223876953125,8180,-0.6529571492224931,0.0003
0.7169895500000004,1679360,300.0,581,820,2886,-0.046734256442869083,0.021679051220417023,0.22204553154297174,0.2,0.24076813459396362,0.04581197,0.23505859375,8190,-0.6528935011476278,0.0003
0.40669441,1681408,300.0,581,821,2890,-0.04649626314931084,0.03921865299344063,0.20229374032933264,0.2,0.23060661554336548,0.05076628,0.236962890625,8200,-0.6584299756214023,0.0003
-0.26831425999999986,1683456,300.0,582,822,2892,-0.04188451727386564,0.07063089311122894,0.26804635268636046,0.2,0.11596298217773438,0.046412274,0.2244140625,8210,-0.6371615264564753,0.0003
-0.3095095100000001,1685504,300.0,582,823,2894,-0.04191091814718675,0.24242457747459412,0.6374515449628234,0.2,0.09255462884902954,0.036145978,0.2154296875,8220,-0.6373070631176233,0.0003
-0.23171379999999991,1687552,300.0,582,824,2897,-0.046867222676519306,0.10086992383003235,0.42325365957804023,0.2,0.2136620283126831,0.04423534,0.238916015625,8230,-0.6355790369212627,0.0003
-0.3767319799999999,1689600,300.0,582,825,2900,-0.0493690879404312,0.05643448978662491,0.27301343036815523,0.2,0.4396321773529053,0.048906785,0.264501953125,8240,-0.6512158703058958,0.0003
-0.17788058000000007,1691648,300.0,582,826,2902,-0.04508295710838865,0.08791671693325043,0.4613924894481897,0.2,0.14208340644836426,0.045872375,0.23349609375,8250,-0.6159772991202772,0.0003
-0.13885284999999986,1693696,300.0,583,827,2905,-0.04676723084121477,-0.0027844682335853577,0.17641951523255556,0.2,-0.30887603759765625,0.05073323,0.25810546875,8260,-0.6373647048138082,0.0003
0.1011768300000002,1695744,300.0,583,828,2907,-0.043592089368030426,0.23081499338150024,0.7216721406206489,0.2,0.040418267250061035,0.046064705,0.229736328125,8270,-0.6501495843753219,0.0003
-0.21848520999999987,1697792,300.0,583,829,2909,-0.044226711097871886,0.042590104043483734,0.17170582234393805,0.2,-0.10313737392425537,0.051248185,0.248974609375,8280,-0.6333466237410903,0.0003
-0.25634293999999996,1699840,300.0,583,830,2912,-0.040024400065885854,0.33233365416526794,0.5703366233035922,0.2,0.06315439939498901,0.042307697,0.231494140625,8290,-0.620137193147093,0.0003
-0.013264219999999787,1701888,300.0,569,831,2989,-0.04589321841485798,0.11846788972616196,0.41699038753286005,0.2,0.05897235870361328,0.048475377,0.243310546875,8300,-0.625929821934551,0.0003
-0.1095425499999999,1703936,300.0,569,832,2992,-0.044145908363861966,0.06074582040309906,0.4858032654970884,0.2,0.004931628704071045,0.043262854,0.21904296875,8310,-0.6163514398038388,0.0003
-0.46404074,1705984,300.0,569,833,2994,-0.04444740909384563,0.04690368473529816,0.3609177127946168,0.2,0.0896720290184021,0.055325862,0.2484375,8320,-0.6166099947877228,0.0003
-0.0019628399999999237,1708032,300.0,569,834,2997,-0.043827608232095375,0.005029790103435516,0.2503441329114139,0.2,-0.17032933235168457,0.04547906,0.241015625,8330,-0.6036406543105841,0.0003
0.6143713700000001,1710080,300.0,570,835,2999,-0.04362593362748157,0.0009480416774749756,0.21331541882827879,0.2,0.05357259511947632,0.049798068,0.232666015625,8340,-0.5867033394984901,0.0003
1.14900943,1712128,300.0,570,836,3001,-0.04497356440697331,0.14394083619117737,0.36908157556317744,0.2,0.04194062948226929,0.04486471,0.23095703125,8350,-0.5915133768692613,0.0003
1.3599302800000002,1714176,300.0,570,837,3004,-0.04347150221001357,0.02883744239807129,0.21727746773976833,0.2,0.06672036647796631,0.052764222,0.242041015625,8360,-0.5794635104946793,0.0003
1.6350554700000002,1716224,300.0,570,838,3006,-0.042679905041586606,0.06249818950891495,0.2499230599263683,0.2,0.26034343242645264,0.047812693,0.227001953125,8370,-0.58167007220909,0.0003
0.93502384,1718272,300.0,570,839,3009,-0.04301199897599872,0.035279780626297,0.2421937990700826,0.2,0.17419666051864624,0.057236977,0.24765625,8380,-0.5848009117878974,0.0003
0.9783031200000002,1720320,300.0,571,840,3011,-0.04522149477415951,0.024354346096515656,0.19194960130844266,0.2,0.45347273349761963,0.060609423,0.241015625,8390,-0.6053633897565305,0.0003
0.41542129999999994,1722368,300.0,571,841,3014,-0.042071662847592964,-0.018276557326316833,0.13394585226196795,0.2,0.38212746381759644,0.04103912,0.233984375,8400,-0.6008124364539981,0.0003
0.44823152,1724416,300.0,571,842,3016,-0.04139674511970952,0.1215970516204834,0.4059372331015766,0.2,0.08018714189529419,0.046794686,0.22763671875,8410,-0.5922828353010118,0.0003
0.21951108000000003,1726464,300.0,571,843,3018,-0.04198805401683785,0.19646836817264557,0.6088627328164875,0.2,0.019586265087127686,0.047721058,0.24052734375,8420,-0.6055393085815013,0.0003
0.03892677000000004,1728512,300.0,572,844,3021,-0.04460299597703852,0.33373841643333435,0.9777990078553558,0.2,0.04926377534866333,0.04574892,0.21142578125,8430,-0.5943623123690486,0.0003
0.2138676700000002,1730560,300.0,572,845,3023,-0.04562858105928171,0.013297565281391144,0.228444663900882,0.2,-0.02095639705657959,0.055418834,0.250537109375,8440,-0.602759488299489,0.0003
0.28361877000000013,1732608,300.0,572,846,3025,-0.04446940064954106,0.0432443767786026,0.2389807231258601,0.2,0.14722859859466553,0.057490684,0.25478515625,8450,-0.6084975244477391,0.0003
0.4279950400000002,1734656,300.0,572,847,3028,-0.044318943546386436,0.08430559933185577,0.3069029190577567,0.2,-0.06561267375946045,0.041643366,0.2265625,8460,-0.5992034786380828,0.0003
0.3648288800000001,1736704,300.0,573,848,3030,-0.04470724501297809,0.11227613687515259,0.39907474140636623,0.2,0.01032334566116333,0.06379244,0.24541015625,8470,-0.6069589250721037,0.0003
-0.27946866999999986,1738752,300.0,573,849,3033,-0.04525904713664204,0.1328819990158081,0.5073379731737078,0.2,0.06142812967300415,0.047509875,0.238623046875,8480,-0.5906929137185216,0.0003
-0.17840961000000014,1740800,300.0,573,850,3035,-0.04719316247792449,-0.01004696637392044,0.25412285858765243,0.2,-0.38918745517730713,0.06365638,0.257958984375,8490,-0.5959865263663232,0.0003
-0.7716950300000001,1742848,300.0,573,851,3037,-0.0448121948982589,-0.011335618793964386,0.14576810158323497,0.2,-0.02419602870941162,0.054047912,0.24697265625,8500,-0.576327954325825,0.0003
-0.8080333500000003,1744896,300.0,573,852,3039,-0.04163587734219618,0.054618217051029205,0.24391646459698677,0.2,-0.024251222610473633,0.047022417,0.235986328125,8510,-0.5778561369515955,0.0003
-0.4221935000000002,1746944,300.0,574,853,3042,-0.04749409075884614,0.10414499789476395,0.4121522420085967,0.2,-0.0820925235748291,0.05143074,0.248828125,8520,-0.5915560811758042,0.0003
-0.51129491,1748992,300.0,574,854,3045,-0.04303237068670569,0.07421687245368958,0.33534257737919687,0.2,-0.052031874656677246,0.05477639,0.23173828125,8530,-0.5923463881015778,0.0003
-1.03459122,1751040,300.0,574,855,3048,-0.04350363533885684,0.08819790184497833,0.2826957456767559,0.2,-0.02632594108581543,0.053827792,0.2466796875,8540,-0.5978500945493579,0.0003
-0.7351170100000002,1753088,300.0,574,856,3050,-0.0470845221017953,0.06272812187671661,0.3379067133180797,0.2,0.05090886354446411,0.047687624,0.228515625,8550,-0.5987210144288838,0.0003
-1.0877532700000003,1755136,300.0,574,857,3053,-0.04621464470401406,0.03103531152009964,0.20325769083574413,0.2,0.11001330614089966,0.058013353,0.255908203125,8560,-0.5947497638873755,0.0003
-0.6937863800000003,1757184,300.0,575,858,3055,-0.04458322159189265,0.041832923889160156,0.21945736589841544,0.2,0.07287710905075073,0.051154397,0.238427734375,8570,-0.598209872841835,0.0003
-0.4454507800000001,1759232,300.0,575,859,3058,-0.044564637914299966,0.03612241894006729,0.3193296924699098,0.2,0.056102216243743896,0.051374964,0.234521484375,8580,-0.5994742937386036,0.0003
-0.3720456100000002,1761280,300.0,575,860,3061,-0.046839448795071806,0.1398819088935852,0.5746602413244546,0.2,0.16175520420074463,0.046719052,0.22255859375,8590,-0.5945018647238612,0.0003
-0.7494700799999999,1763328,300.0,575,861,3064,-0.04214880087238271,-0.04023945331573486,0.12412561946548521,0.2,0.4219132661819458,0.051391955,0.24619140625,8600,-0.5957280217669905,0.0003
-0.8090624100000003,1765376,300.0,575,862,3067,-0.044235438414034434,0.013435706496238708,0.20460655512288212,0.2,0.10469776391983032,0.056250475,0.236474609375,8610,-0.5980076732113957,0.0003
-0.6469706399999998,1767424,300.0,575,863,3070,-0.04156035439809784,0.14540493488311768,0.5082841834984719,0.2,0.3211822509765625,0.041156016,0.220703125,8620,-0.5992575893178582,0.0003
-0.67877647,1769472,300.0,575,864,3072,-0.04439934141410049,0.027842026203870773,0.20908667207695544,0.2,0.5091822147369385,0.056457877,0.24267578125,8630,-0.5753505330532789,0.0003
-1.0030187400000004,1771520,300.0,575,865,3075,-0.043268247428932226,0.07892543077468872,0.3565633156802505,0.2,0.28645652532577515,0.052739143,0.2333984375,8640,-0.5820578407496214,0.0003
-0.3984544899999999,1773568,300.0,576,866,3077,-0.04233686687948648,0.06338407844305038,0.24026636900380255,0.2,0.34022581577301025,0.04647026,0.23173828125,8650,-0.5776319044642151,0.0003
-0.15186127999999993,1775616,300.0,576,867,3080,-0.04675639120687265,0.026756279170513153,0.31505359006114303,0.2,0.4068111181259155,0.047826268,0.2314453125,8660,-0.5695016684941947,0.0003
-0.4323018399999999,1777664,300.0,576,868,3083,-0.04404103580309311,0.05556434765458107,0.25633559762500224,0.2,0.22354042530059814,0.05418428,0.22763671875,8670,-0.5713092969730497,0.0003
-0.3840758799999999,1779712,300.0,576,869,3086,-0.043871448337449694,0.1248144656419754,0.47328678946942093,0.2,-0.041921257972717285,0.04972785,0.24873046875,8680,-0.5962549309246242,0.0003
0.16138489000000017,1781760,300.0,576,870,3090,-0.04358725302008679,0.18025632202625275,0.5745684331282973,0.2,0.207256019115448,0.03630703,0.20693359375,8690,-0.5714929034933448,0.0003
0.6220975000000002,1783808,300.0,576,871,3093,-0.04352257767750416,0.1594100445508957,0.4337847372982651,0.2,0.08948272466659546,0.053611357,0.228076171875,8700,-0.566498966794461,0.0003
0.8504158399999998,1785856,300.0,576,872,3095,-0.03964658214827068,0.08775202184915543,0.3612896954175085,0.2,-0.05194532871246338,0.045901686,0.22060546875,8710,-0.5713301515206695,0.0003
0.9055524000000001,1787904,300.0,577,873,3098,-0.04660236873605754,0.035558734089136124,0.18662039800547064,0.2,-0.01563739776611328,0.05324694,0.24794921875,8720,-0.5746200888417661,0.0003
0.8214240100000001,1789952,300.0,577,874,3101,-0.04634610500652343,0.0549585297703743,0.21961514241993427,0.2,-0.000571131706237793,0.056755863,0.2427734375,8730,-0.5675277553498745,0.0003
0.9371390900000001,1792000,300.0,577,875,3103,-0.048814538365695624,0.019398726522922516,0.19900820795446633,0.2,0.15897411108016968,0.057788767,0.256494140625,8740,-0.5714951430447399,0.0003
1.2194945,1794048,300.0,577,876,3105,-0.040315645455848426,0.1550177037715912,0.3237366166897118,0.2,0.08507472276687622,0.05107567,0.232470703125,8750,-0.5833595948293805,0.0003
0.9154645599999999,1796096,300.0,577,877,3109,-0.04202428683056496,0.11557082086801529,0.3661534419748932,0.2,-0.06208217144012451,0.048656203,0.23173828125,8760,-0.6050270324572921,0.0003
1.04729128,1798144,300.0,577,878,3112,-0.04313635537982918,0.18694427609443665,0.4588499684818089,0.2,0.043615102767944336,0.05012843,0.221044921875,8770,-0.5795657600276172,0.0003
1.5233224699999994,1800192,300.0,564,879,3188,-0.04614035411796067,0.055262841284275055,0.31686751628294585,0.2,-0.14386940002441406,0.05115923,0.234130859375,8780,-0.5771011820994317,0.0003
1.5793725299999999,1802240,300.0,564,880,3191,-0.04744749201927334,0.019781749695539474,0.2204042515484616,0.2,0.20377278327941895,0.064862825,0.25166015625,8790,-0.5789148966781795,0.0003
1.0605504899999998,1804288,300.0,564,881,3193,-0.04226302146853413,0.17121943831443787,0.4992704505100846,0.2,0.07930505275726318,0.04385023,0.224658203125,8800,-0.5699100000783801,0.0003
1.0531125299999997,1806336,300.0,565,882,3196,-0.03839744149590842,0.11348119378089905,0.4575752168893814,0.2,0.20247459411621094,0.039659522,0.22197265625,8810,-0.5688253311440349,0.0003
1.3611984,1808384,300.0,565,883,3198,-0.041894578412757254,0.14117537438869476,0.5083191889338196,0.2,0.16936463117599487,0.059352055,0.246923828125,8820,-0.5886832009069621,0.0003
1.2159145100000002,1810432,300.0,565,884,3200,-0.040781462308950724,0.05337802320718765,0.25013763781171294,0.2,0.20540660619735718,0.044596612,0.236962890625,8830,-0.563215004093945,0.0003
1.3036613499999996,1812480,300.0,565,885,3202,-0.047200848057400435,0.1577608585357666,0.4493195615243167,0.2,0.3574036955833435,0.05232165,0.242529296875,8840,-0.5687888440676033,0.0003
1.1514221299999996,1814528,300.0,566,886,3204,-0.04439558013400528,-0.018169164657592773,0.12862563892267645,0.2,0.5915408134460449,0.06355916,0.262109375,8850,-0.573596207704395,0.0003
0.6945326900000002,1816576,300.0,566,887,3206,-0.04152388131187763,0.06318239867687225,0.23620378526393324,0.2,0.40832221508026123,0.052148886,0.22802734375,8860,-0.5607766476459801,0.0003
0.41146212,1818624,300.0,566,888,3209,-0.04183693663799204,0.07450984418392181,0.36840243986807764,0.2,0.3778987526893616,0.05723393,0.235009765625,8870,-0.5552739094011485,0.0003
0.33422823000000035,1820672,300.0,566,889,3211,-0.04711785189865623,-0.011383350938558578,0.13045607563108205,0.2,0.5082361698150635,0.062182873,0.255615234375,8880,-0.5874414060264825,0.0003
0.39537109000000015,1822720,300.0,567,890,3213,-0.04295122064650059,0.09245947748422623,0.39926376431249083,0.2,0.16107594966888428,0.051536217,0.217626953125,8890,-0.5631876701489091,0.0003
-0.46376333999999986,1824768,300.0,567,891,3216,-0.04438680004677735,0.06272037327289581,0.3366503077559173,0.2,0.2008446455001831,0.046876594,0.234619140625,8900,-0.5595633472315967,0.0003
-0.33043981,1826816,300.0,567,892,3218,-0.045504591525241264,0.02857019752264023,0.2662570309825242,0.2,-0.03576385974884033,0.052580893,0.228955078125,8910,-0.575865488126874,0.0003
-0.4514405199999999,1828864,300.0,567,893,3220,-0.04406208913278533,0.13788720965385437,0.3796981324441731,0.2,-0.06494772434234619,0.064195946,0.227001953125,8920,-0.545686724036932,0.0003
-1.1821893900000002,1830912,300.0,568,894,3223,-0.043683817860437554,-0.022149600088596344,0.2127097324701026,0.2,0.11676931381225586,0.056438603,0.219775390625,8930,-0.5451272125355899,0.0003
-1.3758876099999997,1832960,300.0,568,895,3225,-0.04468390244874172,0.080284483730793,0.40431524785235523,0.2,0.057504117488861084,0.047555618,0.222509765625,8940,-0.5716691562905908,0.0003
-1.64510471,1835008,300.0,568,896,3227,-0.04141208017827012,0.1043165922164917,0.3996140527073294,0.2,0.1422206163406372,0.052077107,0.222802734375,8950,-0.5720139075070619,0.0003
-1.9650352099999997,1837056,300.0,568,897,3229,-0.04464926002547145,0.23083284497261047,0.6627467291429638,0.2,0.17530184984207153,0.039437216,0.223046875,8960,-0.5824143518693745,0.0003
-1.59960714,1839104,300.0,569,898,3231,-0.04270484426961048,0.07567165046930313,0.23448884717654436,0.2,0.42610567808151245,0.050383717,0.24931640625,8970,-0.5989653449505568,0.0003
-1.5271291300000005,1841152,300.0,569,899,3234,-0.03908977897372097,0.004953920841217041,0.1884116713888943,0.2,0.49458885192871094,0.0519462,0.2458984375,8980,-0.5680619910359382,0.0003
-0.9946258900000001,1843200,300.0,569,900,3236,-0.04256163628597278,0.08458355069160461,0.3317669495008886,0.2,0.5224640369415283,0.04700488,0.2255859375,8990,-0.5753485140390694,0.0003
-1.13016242,1845248,300.0,569,901,3238,-0.04069127961411141,0.267577588558197,0.758973112795502,0.2,0.5116133093833923,0.038404286,0.214892578125,9000,-0.5658658784814179,0.0003
-0.3968483600000002,1847296,300.0,570,902,3240,-0.044104489134042524,0.1593686044216156,0.6329472522251308,0.2,0.4287535548210144,0.049095944,0.2333984375,9010,-0.5783374457620084,0.0003
-0.34804834999999995,1849344,300.0,570,903,3243,-0.04639737263205461,0.31781524419784546,0.5772434600628913,0.2,0.4770349860191345,0.05133924,0.258837890625,9020,-0.5778929859399795,0.0003
0.07724024999999991,1851392,300.0,570,904,3245,-0.04547204309492372,0.07390692830085754,0.2507378098089248,0.2,0.638019323348999,0.061367914,0.244580078125,9030,-0.5695079183205962,0.0003
0.27535747,1853440,300.0,570,905,3247,-0.04203821036790032,0.15615150332450867,0.5645431282930076,0.2,0.3022618889808655,0.039797775,0.22197265625,9040,-0.5524463350884616,0.0003
0.7228162399999999,1855488,300.0,570,906,3249,-0.04656327355187386,0.23814105987548828,0.5045846803113818,0.2,0.3855432868003845,0.058527038,0.24912109375,9050,-0.579472942929715,0.0003
0.5251035999999999,1857536,300.0,571,907,3252,-0.04621805851929821,0.09402419626712799,0.4834064828697592,0.2,0.3971388339996338,0.06350713,0.243603515625,9060,-0.5681030663661659,0.0003
0.7250543799999997,1859584,300.0,571,908,3254,-0.04205621636938304,0.1789347380399704,0.5167818734887988,0.2,0.34715181589126587,0.051093034,0.22880859375,9070,-0.5624743984080851,0.0003
1.3826333400000002,1861632,300.0,571,909,3256,-0.04216902490297798,0.1172180026769638,0.43047322537750005,0.2,0.35112708806991577,0.05107398,0.227001953125,9080,-0.5462501395493746,0.0003
2.04281032,1863680,300.0,571,910,3258,-0.04420813549659215,0.03578422963619232,0.23843999872915447,0.2,0.540908694267273,0.05654497,0.24970703125,9090,-0.5730425556190312,0.0003
2.9605116,1865728,300.0,572,911,3260,-0.042323133785976096,0.26148220896720886,0.37783504659309985,0.2,0.23504787683486938,0.051077865,0.248876953125,9100,-0.5598483421839774,0.0003
2.64050015,1867776,300.0,572,912,3262,-0.04647903490986209,0.03436632454395294,0.2892200236674398,0.2,-0.10787427425384521,0.063185826,0.239501953125,9110,-0.5467238049022853,0.0003
2.2790953299999996,1869824,300.0,572,913,3265,-0.046565237795584836,0.052187591791152954,0.24774755174294114,0.2,0.3324952721595764,0.067114405,0.254052734375,9120,-0.5637540454044938,0.0003
2.4088899199999996,1871872,300.0,572,914,3267,-0.047373335112934,0.024321094155311584,0.220046201441437,0.2,0.27298450469970703,0.053890105,0.2484375,9130,-0.5527104889042675,0.0003
1.96776039,1873920,300.0,573,915,3269,-0.04415656216733623,0.048675939440727234,0.23032500345725565,0.2,0.1692061424255371,0.054528534,0.24169921875,9140,-0.5606824643909931,0.0003
2.2823017399999994,1875968,300.0,573,916,3272,-0.044628015346825124,-0.009342297911643982,0.1944039656314999,0.2,0.2863861918449402,0.06388312,0.253466796875,9150,-0.557904796116054,0.0003
1.83990228,1878016,300.0,573,917,3274,-0.04348078017355874,0.0477166473865509,0.25301383109763265,0.2,0.37161749601364136,0.0517663,0.232958984375,9160,-0.5663969725370407,0.0003
1.7606296700000001,1880064,300.0,573,918,3276,-0.04210111110587604,0.11642700433731079,0.3723038620315492,0.2,0.39276981353759766,0.05793618,0.2369140625,9170,-0.5496605843305588,0.0003
1.6210893100000001,1882112,300.0,574,919,3278,-0.040000272638280876,0.03570286184549332,0.21725780940614642,0.2,0.5658073425292969,0.05498719,0.2357421875,9180,-0.5490644782781601,0.0003
1.77056227,1884160,300.0,574,920,3281,-0.04050726071291137,0.17610877752304077,0.48332582227885723,0.2,0.3761675953865051,0.05253184,0.2259765625,9190,-0.5426858608610928,0.0003
1.4672296200000003,1886208,300.0,574,921,3283,-0.04212933859671466,0.013660043478012085,0.19689308216329665,0.2,0.5211494565010071,0.060708083,0.236181640625,9200,-0.525944315828383,0.0003
1.2364130699999998,1888256,300.0,574,922,3285,-0.046100216062041,-0.008869104087352753,0.1919710258487612,0.2,0.5997906923294067,0.061323583,0.239208984375,9210,-0.5409727820195258,0.0003
1.09543431,1890304,300.0,574,923,3288,-0.04133513119595591,0.06784014403820038,0.23273217980749905,0.2,0.4689938426017761,0.06368104,0.233203125,9220,-0.5620820749551058,0.0003
1.0024565599999997,1892352,300.0,575,924,3290,-0.04410731967363972,-0.006547875702381134,0.11930740734096616,0.2,0.5740017890930176,0.06755409,0.24775390625,9230,-0.5497275752946734,0.0003
0.58475771,1894400,300.0,575,925,3292,-0.04521994718234055,0.036452509462833405,0.21792676062323152,0.2,0.3178582191467285,0.0463259,0.233251953125,9240,-0.5538501733914017,0.0003
-0.19711209000000005,1896448,300.0,575,926,3295,-0.04489441210462246,0.08416686207056046,0.2823485874105245,0.2,0.2854648232460022,0.04714043,0.233642578125,9250,-0.5521163490600884,0.0003
0.004155000000000033,1898496,300.0,575,927,3297,-0.042659573889977764,0.2552346885204315,0.6190772359259427,0.2,0.16447442770004272,0.04602223,0.229443359375,9260,-0.5540331559255719,0.0003
-0.14337699999999998,1900544,300.0,563,928,3371,-0.04092585951439105,0.24475929141044617,0.4255293933674693,0.2,0.08175051212310791,0.044944946,0.235400390625,9270,-0.5552506046369672,0.0003
-0.32340187,1902592,300.0,563,929,3373,-0.042938111891271544,0.08165072649717331,0.4017272324766964,0.2,0.19974279403686523,0.05865195,0.23994140625,9280,-0.5478483794257045,0.0003
-0.4568574200000001,1904640,300.0,564,930,3376,-0.039656715063028966,0.016242530196905136,0.18834419581107795,0.2,0.07443338632583618,0.055875085,0.227783203125,9290,-0.5303584740497171,0.0003
-0.4753982800000001,1906688,300.0,564,931,3378,-0.043530533209559505,0.07276730239391327,0.30811349079012873,0.2,0.31942838430404663,0.04928044,0.233447265625,9300,-0.5372617994435132,0.0003
-0.44943525000000006,1908736,300.0,564,932,3381,-0.04608709151216317,0.039632752537727356,0.28950945870019495,0.2,0.33648163080215454,0.051417954,0.23818359375,9310,-0.5107094809412956,0.0003
-0.42031116999999996,1910784,300.0,564,933,3386,-0.04135379320650827,0.19493289291858673,0.6321438654325903,0.2,0.27001655101776123,0.054667246,0.2259765625,9320,-0.522706380393356,0.0003
-0.7443262099999999,1912832,300.0,564,934,3388,-0.04276573618408293,0.058825161308050156,0.2730968947056681,0.2,0.16839104890823364,0.05252981,0.23720703125,9330,-0.5257310582324862,0.0003
-0.7121459999999997,1914880,300.0,564,935,3391,-0.04397066827514209,0.04717297852039337,0.2907047006301582,0.2,-0.07677590847015381,0.067969546,0.24912109375,9340,-0.5214647066779434,0.0003
-0.788817,1916928,300.0,564,936,3394,-0.039941651182016355,0.18647822737693787,0.46773406066931783,0.2,-0.018808484077453613,0.06298408,0.232568359375,9350,-0.5222381073050201,0.0003
-0.7999751700000001,1918976,300.0,564,937,3396,-0.03913721457793144,0.14748650789260864,0.4052577969618142,0.2,0.06468331813812256,0.055374984,0.235009765625,9360,-0.5175243526697159,0.0003
-0.7595964399999999,1921024,300.0,565,938,3398,-0.03986302280973177,0.08202878385782242,0.32774808458052573,0.2,0.04381150007247925,0.057509836,0.23369140625,9370,-0.5194206419400871,0.0003
-0.5329500100000001,1923072,300.0,565,939,3401,-0.043160751069081016,0.032530009746551514,0.20428143891040235,0.2,-0.04765498638153076,0.05462101,0.226806640625,9380,-0.5311671931296587,0.0003
-0.7761745100000002,1925120,300.0,565,940,3404,-0.04183803933265153,0.027235351502895355,0.2398646085523069,0.2,0.12335246801376343,0.053664505,0.236767578125,9390,-0.534428661968559,0.0003
-0.9816333199999999,1927168,300.0,565,941,3406,-0.041492808546172454,0.0678190141916275,0.2877100937534124,0.2,-0.16828012466430664,0.05711279,0.223095703125,9400,-0.5456261374056339,0.0003
-0.4935194499999999,1929216,300.0,565,942,3408,-0.039227569967624734,0.010753341019153595,0.1926214132923633,0.2,0.019137799739837646,0.05275531,0.227099609375,9410,-0.548925222363323,0.0003
-0.3353603699999999,1931264,300.0,566,943,3411,-0.03936178771109553,0.208401158452034,0.46631919387727977,0.2,0.14001506567001343,0.04341816,0.210302734375,9420,-0.5375243666581809,0.0003
-0.4478364899999999,1933312,300.0,566,944,3413,-0.043244009828777054,0.11291533708572388,0.3760637829080224,0.2,0.13739657402038574,0.048803024,0.224853515625,9430,-0.5311087924055755,0.0003
-0.48123678999999986,1935360,300.0,566,945,3417,-0.04228371719073039,0.03842154145240784,0.24111967273056506,0.2,0.18136072158813477,0.061589226,0.247119140625,9440,-0.5591140838339925,0.0003
-0.4492066799999999,1937408,300.0,566,946,3420,-0.0493363164641778,0.0034663304686546326,0.11267537067178637,0.2,0.008554935455322266,0.05867407,0.25498046875,9450,-0.5304799031466245,0.0003
-0.14280033999999994,1939456,300.0,566,947,3423,-0.043476356487371956,0.15598563849925995,0.34693587142974136,0.2,-0.04622292518615723,0.047785588,0.22998046875,9460,-0.5295514227822423,0.0003
0.30330753,1941504,300.0,566,948,3426,-0.04242174583778251,0.019677698612213135,0.21592314208392055,0.2,-0.20142841339111328,0.06196283,0.25615234375,9470,-0.5360889869742096,0.0003
0.07357231999999995,1943552,300.0,566,949,3430,-0.04048589593730867,-0.0008214190602302551,0.21947450917214156,0.2,0.23567384481430054,0.054962054,0.221435546875,9480,-0.5137153629213571,0.0003
0.3726431399999999,1945600,300.0,566,950,3433,-0.04193317369208671,-0.00840134546160698,0.15728090935153888,0.2,0.025648415088653564,0.052865647,0.235400390625,9490,-0.521290731895715,0.0003
0.6417806399999999,1947648,300.0,566,951,3436,-0.043783396478102074,0.11790812760591507,0.3404132357332855,0.2,0.06258553266525269,0.058143277,0.241259765625,9500,-0.5132360550574958,0.0003
0.8096328400000004,1949696,300.0,566,952,3439,-0.04282034888165072,0.1249576285481453,0.39595210435800254,0.2,0.029485583305358887,0.04997191,0.234228515625,9510,-0.5327570750378072,0.0003
0.5829912,1951744,300.0,566,953,3442,-0.04269860284985043,0.04198502004146576,0.1812986115925014,0.2,0.19796109199523926,0.056233145,0.246875,9520,-0.5282347600907087,0.0003
0.44841769000000015,1953792,300.0,566,954,3446,-0.04131955035845749,-0.002492472529411316,0.1495642765890807,0.2,0.09387993812561035,0.05312706,0.230126953125,9530,-0.5153219565749169,0.0003
0.36245203999999986,1955840,300.0,566,955,3449,-0.04531156276643742,-0.048727355897426605,0.10793001633137464,0.2,0.15317648649215698,0.061298728,0.258642578125,9540,-0.5195128263905644,0.0003
0.5831976399999999,1957888,300.0,567,956,3452,-0.042224830872146416,0.00858648493885994,0.13613417053129523,0.2,0.3361835479736328,0.062938705,0.2271484375,9550,-0.5324420957826078,0.0003
0.15454162999999985,1959936,300.0,567,957,3454,-0.04096630981803173,0.032469093799591064,0.2981489748694003,0.2,0.11730384826660156,0.06459242,0.2267578125,9560,-0.5023928929120303,0.0003
-0.020715690000000116,1961984,300.0,567,958,3457,-0.04238593369082082,0.004154585301876068,0.18270312971435487,0.2,0.23287570476531982,0.056868818,0.230908203125,9570,-0.5159578319638968,0.0003
0.24639379999999977,1964032,300.0,567,959,3460,-0.048476743660285135,0.002937003970146179,0.14992217826656998,0.2,0.2274807095527649,0.06675561,0.2533203125,9580,-0.5354428948834539,0.0003
0.4530956499999998,1966080,300.0,567,960,3463,-0.042521972695249134,-0.006980143487453461,0.12757863828446717,0.2,0.3906915783882141,0.061586194,0.24375,9590,-0.5288317994214594,0.0003
0.45544954000000004,1968128,300.0,567,961,3465,-0.04405215769656934,0.19199496507644653,0.35730492128059266,0.2,0.2827069163322449,0.05257262,0.229931640625,9600,-0.5284494484774769,0.0003
-0.11216121000000005,1970176,300.0,568,962,3468,-0.03981611263297964,0.14250826835632324,0.26434044586494565,0.2,0.3423965573310852,0.046807103,0.228564453125,9610,-0.5369295360520482,0.0003
-0.50880455,1972224,300.0,568,963,3470,-0.0420234996418003,0.0532463937997818,0.3335466426797211,0.2,0.2867422103881836,0.0582219,0.23369140625,9620,-0.5275623297318817,0.0003
0.023125739999999995,1974272,300.0,568,964,3473,-0.04244729945785366,0.11772502958774567,0.26167954767588525,0.2,-0.19104456901550293,0.052968502,0.2291015625,9630,-0.5363354199565947,0.0003
-0.02912645999999998,1976320,300.0,568,965,3476,-0.04128127353324089,0.06725502014160156,0.2713592509739101,0.2,0.19224309921264648,0.06076077,0.236865234375,9640,-0.5344257333315909,0.0003
-0.60537064,1978368,300.0,568,966,3478,-0.042881499329814686,0.07211929559707642,0.35423678713850676,0.2,0.16097968816757202,0.06886991,0.230419921875,9650,-0.5334015456959605,0.0003
-0.85990265,1980416,300.0,568,967,3481,-0.04501311266503762,0.026173263788223267,0.21259098583832384,0.2,0.08288556337356567,0.054315,0.225830078125,9660,-0.5401453813537955,0.0003
-0.7179867499999999,1982464,300.0,569,968,3483,-0.04285153482924216,0.05003565549850464,0.30947239194065335,0.2,-0.012755513191223145,0.052563615,0.22978515625,9670,-0.5313468881882727,0.0003
-0.43006527,1984512,300.0,569,969,3486,-0.042558102365001106,-0.031399838626384735,0.1441871098941192,0.2,0.15028291940689087,0.07219849,0.2478515625,9680,-0.5275605516508222,0.0003
-0.34439099,1986560,300.0,569,970,3488,-0.04537530469242483,-0.012383982539176941,0.16754554125946014,0.2,0.2751408815383911,0.05334412,0.242578125,9690,-0.5242060644552111,0.0003
-0.6005277200000002,1988608,300.0,569,971,3491,-0.045652659307233986,-0.006416391581296921,0.10220182784833014,0.2,0.427662193775177,0.06793652,0.267626953125,9700,-0.5332644082605839,0.0003
-0.5881784000000002,1990656,300.0,569,972,3493,-0.041352540772641076,0.14353354275226593,0.43710399311967196,0.2,0.29805606603622437,0.05667886,0.23310546875,9710,-0.5094382555224002,0.0003
-0.9882220799999999,1992704,300.0,569,973,3495,-0.03996657912211958,0.1802925169467926,0.4451371408533305,0.2,0.21818125247955322,0.059258785,0.23603515625,9720,-0.503335679601878,0.0003
-1.23916264,1994752,300.0,570,974,3498,-0.041283594651031305,0.012290582060813904,0.21328597373794764,0.2,0.4540165066719055,0.062173177,0.246484375,9730,-0.49430243447422983,0.0003
-1.2581922299999997,1996800,300.0,570,975,3500,-0.0388253606914077,0.20750969648361206,0.46285708118230107,0.2,0.30338865518569946,0.057700038,0.227880859375,9740,-0.5011484458111226,0.0003
-1.5733453,1998848,300.0,570,976,3503,-0.04080466523300856,0.07269872725009918,0.3023925323039293,0.2,0.4827536344528198,0.066560924,0.239453125,9750,-0.5133404336869717,0.0003
-1.8321041100000002,2000896,300.0,557,977,3588,-0.04152783628378529,0.09590716660022736,0.33916357555426657,0.2,0.3684754967689514,0.056902856,0.232177734375,9760,-0.5055624055676162,0.0003
