time/time_elapsed,time/fps,rollout/ep_rew_mean,time/iterations,time/total_timesteps,rollout/ep_len_mean,train/learning_rate,train/explained_variance,train/loss,train/approx_kl,train/value_loss,train/entropy_loss,train/policy_gradient_loss,train/clip_range,train/n_updates,train/clip_fraction
9,223,0.22470566666666666,1,2048,300.0,,,,,,,,,,
12,326,0.06479561538461535,2,4096,300.0,0.0003,-1.5384910106658936,-0.010601252317428589,0.008529573,0.08611628863727674,-1.9398618020117282,-0.00881902581459144,0.2,10,0.05712890625
16,378,-0.760434,3,6144,300.0,0.0003,-0.3366661071777344,-0.03376869857311249,0.010930195,0.060846175660844895,-1.9271709866821767,-0.01694377366511617,0.2,20,0.10390625
18,435,-0.6067325555555555,4,8192,300.0,0.0003,-0.08976757526397705,-0.025584746152162552,0.008552352,0.056795480306027456,-1.9146211862564086,-0.017892751521139873,0.2,30,0.08955078125
21,483,-1.0313323235294118,5,10240,300.0,0.0003,-0.03664588928222656,-0.013201624155044556,0.0069034253,0.05348436551867053,-1.9066259503364562,-0.01654112065443769,0.2,40,0.052783203125
24,505,-0.811003375,6,12288,300.0,0.0003,0.0308305025100708,-0.03642138093709946,0.008097381,0.057147396891377863,-1.9028704393655063,-0.019467219707439653,0.2,50,0.05634765625
26,535,-0.7314718723404255,7,14336,300.0,0.0003,-0.023491621017456055,0.015903756022453308,0.008426553,0.14053173505235464,-1.887447615340352,-0.018224039832421112,0.2,60,0.067138671875
29,556,-0.5926175185185186,8,16384,300.0,0.0003,-0.10178661346435547,-0.006161138415336609,0.006714645,0.046451365313259885,-1.8675395492464304,-0.018812937289476396,0.2,70,0.04931640625
31,580,-0.8536700491803277,9,18432,300.0,0.0003,0.023199856281280518,-0.031407397240400314,0.010824464,0.08950978992506861,-1.8449532561004163,-0.022777217083785217,0.2,80,0.10263671875
34,589,-0.5891869705882354,10,20480,300.0,0.0003,-0.004319906234741211,-0.018911704421043396,0.01008612,0.05372076486237347,-1.8185565620660782,-0.024854334704286885,0.2,90,0.085498046875
37,599,-0.6472064133333335,11,22528,300.0,0.0003,-0.4104806184768677,-0.05302108824253082,0.00971774,0.02712606337154284,-1.7995538145303727,-0.026168991760641802,0.2,100,0.091748046875
39,618,-0.6660026172839507,12,24576,300.0,0.0003,-0.03501439094543457,-0.046033404767513275,0.010009918,0.049965326173696666,-1.7968342289328576,-0.026768688624724746,0.2,110,0.113427734375
41,638,-0.6240742840909091,13,26624,300.0,0.0003,-0.1278156042098999,-0.045477867126464844,0.010603485,0.061231152759864925,-1.7879717916250228,-0.024604868565802462,0.2,120,0.09443359375
43,652,-0.5826074631578948,14,28672,300.0,0.0003,0.012821972370147705,-0.04786442965269089,0.011916778,0.054841506894445044,-1.7774622466415166,-0.025392580778134288,0.2,130,0.116259765625
46,663,-0.5120921999999999,15,30720,300.0,0.0003,0.008713603019714355,-0.04188809543848038,0.010640146,0.028673691890435293,-1.7729673825204373,-0.0291123114322545,0.2,140,0.10966796875
48,676,-0.59180672,16,32768,300.0,0.0003,0.07590484619140625,-0.007529094815254211,0.008133033,0.051868348848074675,-1.7474406637251376,-0.023798938596155495,0.2,150,0.0779296875
50,685,-0.5355651999999997,17,34816,300.0,0.0003,-0.13057458400726318,-0.052532751113176346,0.011697304,0.03939596966956742,-1.7346974551677703,-0.03085927105275914,0.2,160,0.109814453125
53,694,-0.32656024999999994,18,36864,300.0,0.0003,0.03208369016647339,-0.025784168392419815,0.010536062,0.05453595748404041,-1.7279516723006965,-0.02767509169789264,0.2,170,0.107275390625
55,704,-0.21367145999999998,19,38912,300.0,0.0003,-0.03706538677215576,-0.04789616912603378,0.009701928,0.02576465163147077,-1.6779764462262392,-0.02932135215669405,0.2,180,0.112841796875
57,714,0.054245629999999954,20,40960,300.0,0.0003,0.006858527660369873,-0.018770454451441765,0.011645148,0.06396985153551213,-1.6611241530627012,-0.026744908062391916,0.2,190,0.1259765625
59,723,-0.06091127999999998,21,43008,300.0,0.0003,0.030329346656799316,-0.047292452305555344,0.011409119,0.04304654584848322,-1.6492582943290472,-0.03115766765840817,0.2,200,0.121484375
61,731,-0.08162063,22,45056,300.0,0.0003,0.02614384889602661,-0.03058917075395584,0.011967542,0.06927625328535214,-1.6442145440727471,-0.02697181516268756,0.2,210,0.135546875
64,734,-0.23468171000000002,23,47104,300.0,0.0003,0.09096652269363403,-0.04285811632871628,0.013541542,0.05464154805522412,-1.6333388090133667,-0.03133888689917512,0.2,220,0.169091796875
66,738,-0.38069720999999995,24,49152,300.0,0.0003,-0.06710529327392578,-0.02095380611717701,0.011091521,0.03935976288630627,-1.6196786854416132,-0.0293612471956294,0.2,230,0.121875
69,731,-0.43236014000000006,25,51200,300.0,0.0003,0.06214350461959839,-0.015528060495853424,0.011718457,0.06340794350253418,-1.6198688358068467,-0.029071642909548244,0.2,240,0.105810546875
72,738,-0.2803866,26,53248,300.0,0.0003,0.07733708620071411,-0.062357135117053986,0.013346724,0.027747562949662095,-1.6039134483784436,-0.03019108829612378,0.2,250,0.13984375
74,740,-0.24055632,27,55296,300.0,0.0003,0.17022842168807983,-0.06965871155261993,0.012302528,0.02133129446010571,-1.5685655072331428,-0.03117997825611383,0.2,260,0.139306640625
76,746,-0.36004634999999996,28,57344,300.0,0.0003,0.06537824869155884,-0.01901106908917427,0.012172959,0.10738348726881668,-1.5827672872692347,-0.03190520355128683,0.2,270,0.1361328125
78,753,-0.31589448999999986,29,59392,300.0,0.0003,0.03412950038909912,-0.03341463953256607,0.013811084,0.05598098683403805,-1.522899805381894,-0.03349163462698925,0.2,280,0.159423828125
80,758,-0.11660187999999988,30,61440,300.0,0.0003,0.03261613845825195,-0.06326687335968018,0.013452808,0.025096002564532684,-1.5217463042587043,-0.032535836628812834,0.2,290,0.1630859375
83,758,-0.20581829999999995,31,63488,300.0,0.0003,0.19371742010116577,-0.02236064523458481,0.0140086785,0.04540127643267624,-1.5087859816849232,-0.03281486187770497,0.2,300,0.158447265625
85,763,-0.10402693000000002,32,65536,300.0,0.0003,0.13614189624786377,-0.00580688938498497,0.015337217,0.04413946318090893,-1.47189411111176,-0.030841365439118817,0.2,310,0.178857421875
88,767,-0.13460119,33,67584,300.0,0.0003,0.1196710467338562,-0.03265794739127159,0.013458341,0.0752409724285826,-1.498940933868289,-0.03282094773821882,0.2,320,0.147412109375
90,771,-0.1324417099999999,34,69632,300.0,0.0003,-0.10785281658172607,-0.045941341668367386,0.0150482105,0.02721010547829792,-1.5139790952205658,-0.033479537724633704,0.2,330,0.15810546875
92,775,-0.03402469999999998,35,71680,300.0,0.0003,0.05758780241012573,-0.01558096893131733,0.013246637,0.05626322377938777,-1.46994356662035,-0.03186272343737073,0.2,340,0.145458984375
94,780,-0.009932409999999968,36,73728,300.0,0.0003,0.21600008010864258,-0.05176159739494324,0.014216796,0.028084637274150736,-1.4611236240714789,-0.03480820863333065,0.2,350,0.15322265625
96,782,-0.029194980000000044,37,75776,300.0,0.0003,-0.18670082092285156,-0.034530602395534515,0.014327594,0.05363338422612287,-1.4624018982052802,-0.030817764974199236,0.2,360,0.15029296875
99,785,0.06706326999999997,38,77824,300.0,0.0003,0.17904621362686157,-0.06383256614208221,0.016691022,0.05176823019864969,-1.4735857516527175,-0.03485162862634752,0.2,370,0.17666015625
100,791,0.13558174000000003,39,79872,300.0,0.0003,0.1400483250617981,-0.004135124385356903,0.013734737,0.12143767303787172,-1.4723594035953282,-0.03084206444036681,0.2,380,0.143896484375
103,793,0.23079156,40,81920,300.0,0.0003,-0.06632554531097412,-0.06023393198847771,0.015921474,0.04880797211662866,-1.462985159829259,-0.03498484405281488,0.2,390,0.181103515625
105,796,0.18674176000000006,41,83968,300.0,0.0003,-2.372264862060547e-05,-0.04684308171272278,0.015465032,0.03911855876795016,-1.4678419455885887,-0.032067430813913236,0.2,400,0.17041015625
107,799,0.29232689000000006,42,86016,300.0,0.0003,-0.12605416774749756,-0.05560290068387985,0.013421666,0.017219120560912415,-1.4536240957677364,-0.03338473782932851,0.2,410,0.15087890625
109,802,0.32589121,43,88064,300.0,0.0003,-0.032550930976867676,-0.06760895252227783,0.016232371,0.05966800994938239,-1.4222095940262078,-0.03455874756909907,0.2,420,0.166015625
111,806,0.2580490899999999,44,90112,300.0,0.0003,0.12144684791564941,-0.027440262958407402,0.012565429,0.022762008834979496,-1.4242016322910787,-0.03001086719450541,0.2,430,0.1396484375
114,805,0.011607220000000036,45,92160,300.0,0.0003,0.035824596881866455,-0.025421559810638428,0.014746578,0.09691351240035147,-1.4054038800299167,-0.034997866375488226,0.2,440,0.156689453125
116,808,0.010076619999999994,46,94208,300.0,0.0003,-0.5090951919555664,-0.0592585988342762,0.015069019,0.019875692494679242,-1.401179050281644,-0.035238648734230084,0.2,450,0.1576171875
118,811,0.039219500000000004,47,96256,300.0,0.0003,0.011583089828491211,-0.03913417086005211,0.014514355,0.06423303682240658,-1.3789290279150008,-0.03487124581442913,0.2,460,0.164111328125
120,813,-0.03608744000000004,48,98304,300.0,0.0003,-0.05654561519622803,-0.05632176250219345,0.015611326,0.050089738029055295,-1.3822402391582727,-0.03539307989703957,0.2,470,0.161279296875
184,545,-0.22428713000000003,49,100352,300.0,0.0003,-0.012336254119873047,-0.02099914662539959,0.01576355,0.06272722902940586,-1.346914179995656,-0.03601830466941465,0.2,480,0.17490234375
186,548,-0.28699387000000004,50,102400,300.0,0.0003,-0.08206725120544434,-0.051518842577934265,0.015845362,0.039975964283803476,-1.3629600320011377,-0.035988134864601305,0.2,490,0.161572265625
189,550,-0.26662847000000006,51,104448,300.0,0.0003,-0.0268402099609375,-0.06508565694093704,0.014478752,0.03725790466414765,-1.3360194239765406,-0.0350598858873127,0.2,500,0.156396484375
191,555,-0.11195720000000002,52,106496,300.0,0.0003,0.06356865167617798,-0.07808253169059753,0.01470237,0.05292045030510053,-1.2966955933719873,-0.03490862335602287,0.2,510,0.15947265625
195,556,0.15194412999999998,53,108544,300.0,0.0003,0.25169360637664795,-0.04378719627857208,0.016816057,0.04965058981324546,-1.2567653980106115,-0.03707071229000576,0.2,520,0.1669921875
197,561,0.16518622,54,110592,300.0,0.0003,0.14152246713638306,-0.01612846553325653,0.016230626,0.1092254703049548,-1.2450340081006288,-0.03150887036754284,0.2,530,0.1609375
199,565,0.07172873,55,112640,300.0,0.0003,0.23264271020889282,-0.06865261495113373,0.018975135,0.04723699227324687,-1.2241165045648814,-0.03131428087945096,0.2,540,0.153515625
201,568,0.028942299999999976,56,114688,300.0,0.0003,0.23004543781280518,-0.04716132581233978,0.015424117,0.043101422203471886,-1.2262886453419923,-0.036169171310029925,0.2,550,0.171240234375
204,571,-0.09915070000000008,57,116736,300.0,0.0003,0.3711370825767517,-0.030143754556775093,0.014379146,0.0297331077628769,-1.2129826348274946,-0.03260123794607352,0.2,560,0.162109375
206,575,-0.13169913000000005,58,118784,300.0,0.0003,-0.07556629180908203,-0.028986742720007896,0.0162071,0.05830141470651142,-1.2356167312711477,-0.032714717359340284,0.2,570,0.16728515625
208,578,-0.18934258000000004,59,120832,300.0,0.0003,0.07789498567581177,-0.03644102066755295,0.013418034,0.049152937304461373,-1.2682739034295083,-0.031877367550623606,0.2,580,0.133984375
211,582,-0.2345301000000001,60,122880,300.0,0.0003,0.1227344274520874,-0.029191456735134125,0.019842114,0.0654349585995078,-1.1899199608713389,-0.038620857856585644,0.2,590,0.197900390625
213,584,-0.24406482000000002,61,124928,300.0,0.0003,0.27310889959335327,-0.05425211414694786,0.01658633,0.032934674853459,-1.184845094755292,-0.0343364145301166,0.2,600,0.1662109375
217,584,-0.4468641100000001,62,126976,300.0,0.0003,0.14800482988357544,-0.032354045659303665,0.019210782,0.08206925462582149,-1.1775161255151034,-0.03461040543043055,0.2,610,0.181396484375
219,587,-0.4009928200000001,63,129024,300.0,0.0003,0.37898290157318115,-0.04834594205021858,0.01629936,0.0295065016602166,-1.1695089630782605,-0.03206987289304379,0.2,620,0.173095703125
222,590,-0.25535494999999997,64,131072,300.0,0.0003,0.36933088302612305,-0.04205291345715523,0.016705202,0.039867700659669936,-1.1861634124070406,-0.03602208550582873,0.2,630,0.171142578125
224,591,-0.43575537,65,133120,300.0,0.0003,0.2731081247329712,-0.05597829818725586,0.015884258,0.05996026134234853,-1.1807215966284275,-0.03395819488505367,0.2,640,0.164990234375
227,593,-0.40527464,66,135168,300.0,0.0003,-0.0870140790939331,-0.037107598036527634,0.018150903,0.050470627850154416,-1.194685146585107,-0.033745583750715014,0.2,650,0.173583984375
230,595,-0.61351362,67,137216,300.0,0.0003,0.28387582302093506,-0.04479755461215973,0.015907966,0.02250147333543282,-1.2070683814585208,-0.032898596467566675,0.2,660,0.171435546875
232,598,-0.48805438999999995,68,139264,300.0,0.0003,0.428794264793396,-0.06341326981782913,0.017915975,0.030405140607035717,-1.184417425468564,-0.03732525126833934,0.2,670,0.19462890625
235,600,-0.64941772,69,141312,300.0,0.0003,0.4117351770401001,-0.024810202419757843,0.016069131,0.06387823460390792,-1.154517848417163,-0.03169477486226242,0.2,680,0.15029296875
237,604,-0.6435192200000001,70,143360,300.0,0.0003,0.26325929164886475,-0.056347399950027466,0.016091341,0.032986538845580074,-1.1058561643585563,-0.03264189416659065,0.2,690,0.172998046875
239,606,-0.71602716,71,145408,300.0,0.0003,0.36404937505722046,-0.05173921585083008,0.016456332,0.041806802299106494,-1.106843145005405,-0.03374232133210171,0.2,700,0.176416015625
241,609,-0.7734029200000003,72,147456,300.0,0.0003,0.2767319083213806,-0.048478975892066956,0.020348765,0.027568213097401893,-1.0925473157316445,-0.037554508594621436,0.2,710,0.190966796875
244,611,-0.5199772100000001,73,149504,300.0,0.0003,0.4474979639053345,-0.04862965643405914,0.015052605,0.04768831937108189,-1.0833172414451837,-0.03224317305721343,0.2,720,0.154833984375
247,613,-0.5150251100000002,74,151552,300.0,0.0003,0.6234474182128906,-0.05458586663007736,0.02045301,0.030255701538408175,-1.0872123578563333,-0.034951817122055216,0.2,730,0.176220703125
250,614,-0.34615542000000005,75,153600,300.0,0.0003,0.551437497138977,-0.02248372882604599,0.018332094,0.05706044550752267,-1.107401642948389,-0.0335764219678822,0.2,740,0.170947265625
252,615,-0.17635515000000004,76,155648,300.0,0.0003,0.6532118916511536,-0.04485921561717987,0.018518938,0.04574125622166321,-1.055541966110468,-0.03191961738048121,0.2,750,0.173486328125
255,618,-0.11670777000000011,77,157696,300.0,0.0003,0.7891587018966675,-0.043069690465927124,0.0169482,0.025813763358746654,-1.0831155028194188,-0.03612588888790924,0.2,760,0.171044921875
257,620,-0.052293910000000075,78,159744,300.0,0.0003,0.5530012845993042,-0.03911295160651207,0.018564418,0.023284504376351833,-1.0676054930314423,-0.034679996545310135,0.2,770,0.163720703125
259,623,-0.03338216000000005,79,161792,300.0,0.0003,0.5563074350357056,-0.030405055731534958,0.016175998,0.02790325024689082,-1.101153439283371,-0.033956005368963815,0.2,780,0.160546875
262,624,-0.16209795999999999,80,163840,300.0,0.0003,0.28139662742614746,0.008192859590053558,0.016012061,0.11069314694032073,-1.0647647919133305,-0.03216748266131617,0.2,790,0.172509765625
265,625,-0.14185191999999996,81,165888,300.0,0.0003,0.11550205945968628,-0.042890340089797974,0.018220596,0.03778308691107668,-1.0833434361964465,-0.034557987781590783,0.2,800,0.188134765625
267,626,-0.25110233000000004,82,167936,300.0,0.0003,0.33641940355300903,-0.057938601821660995,0.02247959,0.04609272782108746,-1.088901400566101,-0.03845969808317022,0.2,810,0.198876953125
270,628,-0.23717024000000006,83,169984,300.0,0.0003,0.14776545763015747,-0.060008466243743896,0.021850351,0.0619519365252927,-1.0860993925482034,-0.0388227188057499,0.2,820,0.194873046875
272,630,-0.06483431000000005,84,172032,300.0,0.0003,0.03561669588088989,-0.037661802023649216,0.020472646,0.036388487980002535,-1.0890625782310963,-0.03898300847795326,0.2,830,0.191259765625
277,628,0.03292096999999996,85,174080,300.0,0.0003,0.046448469161987305,-0.016475394368171692,0.020001613,0.09984430032782257,-1.0856585055589676,-0.037569345883093776,0.2,840,0.17392578125
279,630,0.03869172,86,176128,300.0,0.0003,0.0920524001121521,-0.045478422194719315,0.017579496,0.05684620612300932,-1.0715127162635327,-0.03377956661570351,0.2,850,0.162744140625
281,633,0.02792150999999997,87,178176,300.0,0.0003,0.010201334953308105,-0.05968796834349632,0.017575689,0.06088102852227166,-1.1127668803557753,-0.033584012984647416,0.2,860,0.177490234375
283,634,0.09208473999999997,88,180224,300.0,0.0003,0.08700740337371826,-0.0656222328543663,0.018498823,0.030915707914391532,-1.0512260481715203,-0.0381721314159222,0.2,870,0.186474609375
286,636,0.09998583999999998,89,182272,300.0,0.0003,-0.0637061595916748,-0.032848719507455826,0.01662718,0.030378287995699794,-1.0498630626127123,-0.03327684008690994,0.2,880,0.1619140625
288,638,-0.08377433000000009,90,184320,300.0,0.0003,-0.09590435028076172,-0.04210606962442398,0.017513605,0.024880683378432876,-1.0561023270711303,-0.03357092391961487,0.2,890,0.173388671875
290,641,-0.02198918000000007,91,186368,300.0,0.0003,-0.09016335010528564,-0.04396219179034233,0.018085599,0.024065111158415677,-1.0675142917782068,-0.03711806382634677,0.2,900,0.180859375
293,643,-0.18611660000000005,92,188416,300.0,0.0003,0.16883236169815063,-0.0749303549528122,0.019951437,0.01808501032064669,-1.0302351370453835,-0.036442342195368835,0.2,910,0.178271484375
295,644,-0.2240021000000001,93,190464,300.0,0.0003,0.10864138603210449,-0.031671978533267975,0.020588227,0.043989561090711504,-1.03135037869215,-0.03354507583426312,0.2,920,0.19326171875
298,645,-0.19300091000000003,94,192512,300.0,0.0003,0.1486293077468872,-0.06089651584625244,0.02039335,0.04036940801888704,-1.0813356533646583,-0.03814195054001175,0.2,930,0.197412109375
300,647,-0.15270504000000004,95,194560,300.0,0.0003,0.2025916576385498,-0.02532953955233097,0.018736295,0.060844641859875995,-1.0437281604856252,-0.035911463337833995,0.2,940,0.187451171875
304,646,-0.28049482000000003,96,196608,300.0,0.0003,0.22428882122039795,-0.02930973656475544,0.022466067,0.03127074415097013,-1.0315464815124868,-0.03917754991271068,0.2,950,0.2041015625
308,644,0.013620750000000062,97,198656,300.0,0.0003,0.3497702479362488,-0.027821438387036324,0.022633012,0.036376983032096175,-1.0408852033317089,-0.037119306245585904,0.2,960,0.1927734375
371,539,0.12390656000000007,98,200704,300.0,0.0003,-0.29178881645202637,-0.07569964975118637,0.018648708,0.02788308200542815,-1.0840990787371994,-0.03785162135027349,0.2,970,0.18466796875
374,540,-0.012469159999999934,99,202752,300.0,0.0003,0.01008462905883789,-0.052078038454055786,0.024834752,0.03434867789328564,-1.0436648830771447,-0.03563669146242319,0.2,980,0.215478515625
378,541,-0.21994878,100,204800,300.0,0.0003,-0.009217500686645508,-0.04505886137485504,0.017671091,0.044732254807604475,-1.074174258299172,-0.03235662164515816,0.2,990,0.17880859375
380,543,-0.02424670999999999,101,206848,300.0,0.0003,0.10285335779190063,-0.06406985223293304,0.019076295,0.05910804666345939,-1.0395802875980735,-0.03643113545404049,0.2,1000,0.18369140625
383,544,-0.11808442999999996,102,208896,300.0,0.0003,-0.10836327075958252,-0.04014347121119499,0.021658216,0.05787310276646167,-1.0508035900071264,-0.038722314580809325,0.2,1010,0.18701171875
386,546,-0.10953789999999998,103,210944,300.0,0.0003,-0.14894366264343262,-0.04365113377571106,0.020154938,0.02037453368830029,-1.0718321388587355,-0.03611612999811768,0.2,1020,0.202734375
388,548,-0.12721465999999995,104,212992,300.0,0.0003,-0.026271581649780273,-0.01681709662079811,0.018771794,0.10321426898008212,-1.064968221820891,-0.033469880785560235,0.2,1030,0.175927734375
390,550,-0.06944457000000002,105,215040,300.0,0.0003,0.09416419267654419,-0.028680069372057915,0.023891682,0.05249859063187614,-1.0581243945285679,-0.03669553068757523,0.2,1040,0.194677734375
392,552,0.06293525999999995,106,217088,300.0,0.0003,-0.049697279930114746,-0.016887418925762177,0.02063715,0.05973595714312978,-1.0617344556376338,-0.03451339042803738,0.2,1050,0.18876953125
395,554,0.15556001,107,219136,300.0,0.0003,-0.04729485511779785,-0.03117886185646057,0.019925348,0.054027793841669336,-1.053812263533473,-0.03504590741940774,0.2,1060,0.176708984375
397,555,0.26497823000000004,108,221184,300.0,0.0003,0.02802950143814087,-0.03814917057752609,0.01857718,0.05403946040314622,-1.0371969606727363,-0.037145218325895256,0.2,1070,0.170947265625
399,558,0.32105798,109,223232,300.0,0.0003,0.2528281807899475,-0.060518357902765274,0.02242825,0.03254013054538518,-1.0170249857008458,-0.03365754965343513,0.2,1080,0.205810546875
401,560,0.46052612,110,225280,300.0,0.0003,0.13931870460510254,-0.00888560339808464,0.026808605,0.058937290572794156,-1.0197909409180284,-0.038277807961276264,0.2,1090,0.2107421875
404,562,0.4557390999999999,111,227328,300.0,0.0003,0.09680908918380737,-0.05174336954951286,0.019135091,0.03391194815048948,-1.0108763748779892,-0.031254759084549735,0.2,1100,0.196435546875
409,559,0.21527581,112,229376,300.0,0.0003,0.2336578369140625,-0.045053593814373016,0.024256758,0.042804578522918746,-1.0149021741002797,-0.03907762531453045,0.2,1110,0.203271484375
414,558,0.25769338,113,231424,300.0,0.0003,0.24888169765472412,-0.0519380047917366,0.023363858,0.024683173070661722,-0.9972217669710517,-0.03805657950579189,0.2,1120,0.194482421875
421,554,0.26965981,114,233472,300.0,0.0003,0.4817315936088562,-0.08378800749778748,0.02154411,0.019469778265920466,-0.9581085029989481,-0.03655752932245378,0.2,1130,0.189013671875
424,555,0.2947991099999999,115,235520,300.0,0.0003,0.21610277891159058,-0.056402117013931274,0.02043587,0.05386156424647197,-0.9885013934224844,-0.037036363218794575,0.2,1140,0.198046875
428,554,0.23090139000000007,116,237568,300.0,0.0003,0.21100664138793945,-0.039967767894268036,0.021033634,0.06112116294098087,-0.9898175448179245,-0.03406734352756757,0.2,1150,0.217724609375
433,552,0.28644361,117,239616,300.0,0.0003,0.2831125855445862,-0.05055272579193115,0.025344387,0.025288401817670093,-0.9547118144109845,-0.03696782852784963,0.2,1160,0.198095703125
436,553,0.17976372000000002,118,241664,300.0,0.0003,0.23147952556610107,-0.05433046072721481,0.02125819,0.025256021932000293,-0.9756223205476999,-0.035466771414212415,0.2,1170,0.19921875
440,552,0.20518874999999998,119,243712,300.0,0.0003,0.19109541177749634,-0.07161196321249008,0.0202553,0.04268607649719343,-1.0099738277494907,-0.03574120927369222,0.2,1180,0.19716796875
446,549,0.12727673999999994,120,245760,300.0,0.0003,0.3164447546005249,-0.0429665744304657,0.025147159,0.04798876593122259,-1.010414556786418,-0.03385074308898765,0.2,1190,0.206640625
452,548,0.02247597000000001,121,247808,300.0,0.0003,0.25288790464401245,-0.04208886995911598,0.02259864,0.04792389521608129,-0.9989342799410224,-0.03687682026065886,0.2,1200,0.204736328125
459,543,-0.15295266999999999,122,249856,300.0,0.0003,0.24484467506408691,-0.04152863472700119,0.022720454,0.04097097986959852,-1.0140478812158107,-0.03734999456064543,0.2,1210,0.212939453125
462,544,-0.27254272999999984,123,251904,300.0,0.0003,0.46108490228652954,-0.04771580919623375,0.021840855,0.0116837778739864,-1.0166439888998866,-0.037565438183082736,0.2,1220,0.2142578125
466,543,-0.3616068,124,253952,300.0,0.0003,0.19643938541412354,-0.05598203465342522,0.021405391,0.029796645848546178,-0.9966564564034343,-0.03731894412339898,0.2,1230,0.1916015625
470,544,-0.30004604,125,256000,300.0,0.0003,0.134196937084198,-0.052821628749370575,0.023552027,0.05174903722945601,-0.9686117988079787,-0.0361321220654645,0.2,1240,0.200048828125
474,544,-0.28044478,126,258048,300.0,0.0003,0.0023967623710632324,-0.02046806365251541,0.024848316,0.06173577861627564,-0.9835107699036598,-0.0324152345652692,0.2,1250,0.203271484375
478,543,-0.08766476000000005,127,260096,300.0,0.0003,0.06913983821868896,-0.029280096292495728,0.019932315,0.04131568731390871,-0.9935727819800377,-0.032789763162145394,0.2,1260,0.190966796875
481,544,-0.12008279000000005,128,262144,300.0,0.0003,0.11948847770690918,-0.012107551097869873,0.022325521,0.09474097427446396,-0.9686271263286471,-0.033173822093522175,0.2,1270,0.19150390625
486,543,-0.21119595000000005,129,264192,300.0,0.0003,0.0769546627998352,-0.032323479652404785,0.024705509,0.025348340944037772,-0.9479614833369852,-0.03854621418868191,0.2,1280,0.21396484375
489,543,0.05292595000000001,130,266240,300.0,0.0003,0.018173813819885254,-0.03862018510699272,0.025448829,0.01934497099427972,-0.952467055991292,-0.03948475639626849,0.2,1290,0.202734375
491,545,-0.11523157,131,268288,300.0,0.0003,0.3653143048286438,-0.06758181750774384,0.020920409,0.021726922248490155,-0.9623416738584638,-0.03768973539408762,0.2,1300,0.184765625
494,546,-0.01501262999999998,132,270336,300.0,0.0003,0.11504632234573364,-0.0273587666451931,0.021317676,0.045924111542990434,-0.978845713660121,-0.03545356313989032,0.2,1310,0.2041015625
497,547,0.17447388000000008,133,272384,300.0,0.0003,0.2700875401496887,-0.03640091419219971,0.025677864,0.056080827984260395,-0.9403872607275844,-0.0368768546031788,0.2,1320,0.20205078125
499,549,0.17313034000000005,134,274432,300.0,0.0003,0.20421361923217773,-0.030944010242819786,0.024975568,0.0707988927839324,-0.9465212903916835,-0.04009400960057974,0.2,1330,0.209814453125
501,551,0.44162696999999995,135,276480,300.0,0.0003,0.2514318823814392,-0.052806589752435684,0.022245567,0.02789368962403387,-0.9378978049382567,-0.03537675549305277,0.2,1340,0.18896484375
503,553,0.6234617100000001,136,278528,300.0,0.0003,0.39265406131744385,-0.011450545862317085,0.0232768,0.04022494258242659,-0.9091656886041164,-0.03325632048072293,0.2,1350,0.20009765625
505,554,0.7257449300000001,137,280576,300.0,0.0003,0.2206745743751526,-0.06207717955112457,0.023615181,0.060405170428566635,-0.9148743631318211,-0.03404770084016491,0.2,1360,0.20654296875
507,556,0.6705508299999999,138,282624,300.0,0.0003,0.20127397775650024,-0.024819519370794296,0.02145705,0.050000259798252955,-0.9393944879993796,-0.036268956150161104,0.2,1370,0.192529296875
510,558,0.645128,139,284672,300.0,0.0003,0.352658748626709,-0.037742048501968384,0.02391416,0.0506583972950466,-0.9348835162818432,-0.035529149064677766,0.2,1380,0.19990234375
512,559,0.5345693600000001,140,286720,300.0,0.0003,0.33218371868133545,-0.01642964407801628,0.023903739,0.07343167640501633,-0.9569817276671528,-0.038530809243093246,0.2,1390,0.20107421875
514,561,0.55749254,141,288768,300.0,0.0003,0.4430597424507141,-0.07165809720754623,0.024483336,0.06358938028570264,-0.9449111931025982,-0.03602995332330465,0.2,1400,0.213916015625
517,562,0.5106803200000001,142,290816,300.0,0.0003,0.6253424882888794,-0.06789173930883408,0.023002328,0.02737295681145042,-0.9496316742151976,-0.036956747541262304,0.2,1410,0.20087890625
519,564,0.45063381000000013,143,292864,300.0,0.0003,0.2501540780067444,-0.03783546760678291,0.021405537,0.08961091765668243,-0.9627028336748481,-0.03475490891723894,0.2,1420,0.187548828125
521,565,0.52522847,144,294912,300.0,0.0003,0.42812901735305786,-0.047931697219610214,0.022639321,0.0421028105658479,-0.9620192239060998,-0.0386710834747646,0.2,1430,0.206103515625
523,566,0.37438609,145,296960,300.0,0.0003,0.35155415534973145,-0.02393103390932083,0.022486728,0.05580331020755693,-0.9533205708488822,-0.03650425939413253,0.2,1440,0.194775390625
526,568,0.47083890000000006,146,299008,300.0,0.0003,0.1694013476371765,-0.05376531928777695,0.022847615,0.03841849365853704,-0.9597166704013944,-0.039383391389856116,0.2,1450,0.193115234375
586,512,0.16956757000000003,147,301056,300.0,0.0003,0.18273425102233887,-0.03118089959025383,0.027771043,0.051947841874789444,-0.9414507074281573,-0.038434611645061525,0.2,1460,0.194580078125
589,514,0.21296701,148,303104,300.0,0.0003,0.34753328561782837,-0.05162198841571808,0.024806548,0.03380883959762286,-0.9736855920404196,-0.037205718716722916,0.2,1470,0.206005859375
591,515,0.05268689999999997,149,305152,300.0,0.0003,0.19471853971481323,-0.030045319348573685,0.02341208,0.038708700909046455,-0.9637160681188106,-0.03713124638306908,0.2,1480,0.191748046875
594,516,-0.1929205300000001,150,307200,300.0,0.0003,0.27085626125335693,-0.0582289956510067,0.02314524,0.05159478887799196,-0.9884998433291912,-0.040096158348023894,0.2,1490,0.2115234375
596,518,-0.15913060000000015,151,309248,300.0,0.0003,0.12218981981277466,-0.0632980689406395,0.024497336,0.059321908664423974,-0.9632099660113453,-0.03981742781761568,0.2,1500,0.19384765625
599,519,-0.1274671200000001,152,311296,300.0,0.0003,0.1057584285736084,-0.04950742423534393,0.021623675,0.015401263776584528,-0.9668870052322746,-0.041945090603257996,0.2,1510,0.190576171875
601,521,-0.3670570000000001,153,313344,300.0,0.0003,0.1869468092918396,-0.053148116916418076,0.020701714,0.02752206126751844,-0.9877761125564575,-0.038178695636452174,0.2,1520,0.182568359375
604,521,-0.32385012,154,315392,300.0,0.0003,0.11287176609039307,-0.03908640518784523,0.023161653,0.05169567133998498,-0.978917270153761,-0.040665339279803446,0.2,1530,0.20634765625
607,522,-0.41323377,155,317440,300.0,0.0003,0.1782018542289734,-0.03340299800038338,0.022810943,0.07985003541689366,-0.9805469624698162,-0.039952245462336576,0.2,1540,0.2009765625
610,523,-0.44470593999999997,156,319488,300.0,0.0003,0.1931803822517395,-0.03750023990869522,0.023586635,0.055724837322486565,-1.0179732982069254,-0.04045883426151704,0.2,1550,0.201318359375
612,525,-0.54446644,157,321536,300.0,0.0003,0.09508955478668213,-0.049778442829847336,0.02351434,0.07463397431420163,-0.9878373615443706,-0.03810698457818944,0.2,1560,0.18095703125
614,526,-0.5462398399999999,158,323584,300.0,0.0003,0.30580490827560425,-0.0586894191801548,0.024893615,0.02634982572053559,-0.9947684338316322,-0.04056150941323722,0.2,1570,0.19169921875
617,527,-0.5881943599999999,159,325632,300.0,0.0003,0.3813636898994446,-0.0376255139708519,0.025546718,0.026434985571540892,-0.9977745059877634,-0.040963482731604016,0.2,1580,0.21162109375
619,529,-0.5672810100000001,160,327680,300.0,0.0003,0.38124823570251465,-0.03709692507982254,0.020988064,0.03979315441683866,-0.9802379101514817,-0.0380725566385081,0.2,1590,0.1728515625
621,530,-0.6041344799999999,161,329728,300.0,0.0003,0.538189172744751,-0.04587099701166153,0.02493572,0.03284714292967692,-0.9842081701382994,-0.04213220984820509,0.2,1600,0.21416015625
623,531,-0.56562061,162,331776,300.0,0.0003,0.6059080958366394,-0.0762505903840065,0.022929195,0.02219906865793746,-1.0301804715767502,-0.040789249158115125,0.2,1610,0.199609375
625,533,-0.3682375500000001,163,333824,300.0,0.0003,0.43323755264282227,-0.05789007246494293,0.021255929,0.05692721955711022,-1.0216614006087184,-0.03964273947349284,0.2,1620,0.195751953125
628,534,-0.29556865000000004,164,335872,300.0,0.0003,0.4861612319946289,-0.044492363929748535,0.020674026,0.05759148015640676,-0.9937772572040557,-0.037120580395276194,0.2,1630,0.195556640625
630,535,-0.44165282,165,337920,300.0,0.0003,0.5056480169296265,-0.05496177077293396,0.02093377,0.05124375780578703,-0.9919651046395301,-0.036132310048560615,0.2,1640,0.20126953125
632,537,-0.54050759,166,339968,300.0,0.0003,0.4387192130088806,-0.060082096606492996,0.022682555,0.051248188375029716,-0.9824245788156987,-0.03970763093675487,0.2,1650,0.203564453125
634,538,-0.4213379100000001,167,342016,300.0,0.0003,0.5273293256759644,-0.046509671956300735,0.024755903,0.046889373456360774,-0.9951401567086577,-0.037659474299289286,0.2,1660,0.208984375
637,539,-0.15827996,168,344064,300.0,0.0003,0.6379285454750061,-0.032743386924266815,0.02409935,0.023265366081614048,-0.9791557060554623,-0.037703243500436655,0.2,1670,0.18759765625
639,541,0.0017934700000000392,169,346112,300.0,0.0003,0.7107928991317749,-0.056932233273983,0.024853643,0.011080722023325506,-0.9853894414380193,-0.040882595250150186,0.2,1680,0.203076171875
641,542,0.02173414000000002,170,348160,300.0,0.0003,0.48798030614852905,-0.0653146430850029,0.022211993,0.03510090920026414,-1.0114321725443005,-0.03975409159611445,0.2,1690,0.2015625
644,543,0.06835125,171,350208,300.0,0.0003,0.383492112159729,-0.06415402889251709,0.022171631,0.04018715773127042,-0.9979384183883667,-0.041622191571514124,0.2,1700,0.192724609375
646,544,-0.04100329000000002,172,352256,300.0,0.0003,0.10056638717651367,-0.056702759116888046,0.02432425,0.0511222381319385,-0.9883099099621176,-0.0414403451999533,0.2,1710,0.20205078125
648,546,-0.07221887999999999,173,354304,300.0,0.0003,-0.07783770561218262,-0.06122419610619545,0.024299616,0.03108505727723241,-0.9595112917944789,-0.04031577786372509,0.2,1720,0.19853515625
650,547,-0.07939220999999995,174,356352,300.0,0.0003,0.13488829135894775,-0.030714817345142365,0.02285022,0.06231778064975515,-1.0006725689396263,-0.03945833545003552,0.2,1730,0.189453125
653,548,0.018292439999999993,175,358400,300.0,0.0003,0.23898667097091675,-0.030883755534887314,0.019676961,0.046848725876770914,-0.9854094721376896,-0.037258202364319,0.2,1740,0.19228515625
655,550,0.10499515999999996,176,360448,300.0,0.0003,0.14307153224945068,-0.048905692994594574,0.025670586,0.047324819717323406,-0.9813741285353899,-0.04177762743202038,0.2,1750,0.221484375
657,551,-0.004839519999999977,177,362496,300.0,0.0003,0.00035881996154785156,-0.0651581808924675,0.023577925,0.04153705978533253,-0.942653170786798,-0.04145051777595654,0.2,1760,0.2021484375
659,552,-0.17393767000000002,178,364544,300.0,0.0003,0.13304728269577026,-0.015169259160757065,0.02736249,0.11248122687684373,-0.9304651917889715,-0.03907545305846725,0.2,1770,0.204638671875
661,554,-0.13308693,179,366592,300.0,0.0003,0.22739338874816895,-0.03049728274345398,0.023484064,0.06702400855720043,-0.9472721366211772,-0.04041760588006582,0.2,1780,0.183251953125
664,555,-0.07612694999999998,180,368640,300.0,0.0003,-0.0864412784576416,-0.0707264319062233,0.02656744,0.03613828023662791,-0.9429838232696056,-0.039565011227387,0.2,1790,0.19833984375
666,556,-0.09471427,181,370688,300.0,0.0003,0.03525841236114502,-0.06283048540353775,0.023230169,0.039448430499760434,-0.9395625408738851,-0.04295322640100494,0.2,1800,0.19111328125
670,556,-0.06556889000000003,182,372736,300.0,0.0003,0.12442487478256226,-0.06427545100450516,0.020610567,0.036699962912825866,-0.9564435416832566,-0.0383600572909927,0.2,1810,0.199365234375
672,556,-0.32205099000000004,183,374784,300.0,0.0003,0.12127357721328735,-0.0442635640501976,0.026144188,0.04610699514159933,-0.926389604434371,-0.038608148047933354,0.2,1820,0.21064453125
675,558,-0.47669331000000015,184,376832,300.0,0.0003,-0.25768160820007324,-0.041033025830984116,0.022619639,0.08291287067113444,-0.950379253923893,-0.03736707169591682,0.2,1830,0.18857421875
677,558,-0.40346417999999984,185,378880,300.0,0.0003,-0.19623315334320068,-0.05010595545172691,0.024465192,0.02853549761348404,-0.9462296603247523,-0.041771098924800756,0.2,1840,0.196630859375
679,560,-0.37373247,186,380928,300.0,0.0003,0.024651706218719482,-0.03798341751098633,0.022493035,0.04273341126972809,-0.9716542838141322,-0.04052811833680607,0.2,1850,0.201318359375
681,561,-0.3457771999999999,187,382976,300.0,0.0003,0.1940271258354187,-0.03900623321533203,0.023374122,0.08375940911937504,-0.9218332819640637,-0.041981119583942926,0.2,1860,0.215869140625
684,562,-0.35463581999999993,188,385024,300.0,0.0003,0.22138911485671997,-0.03754100203514099,0.024889424,0.04557246951153502,-0.9497564630582929,-0.03949748137965799,0.2,1870,0.2134765625
686,563,-0.47010261999999997,189,387072,300.0,0.0003,0.28086817264556885,-0.07539655268192291,0.023714587,0.032994303945451976,-0.9504043005406857,-0.04222188839339651,0.2,1880,0.202685546875
689,564,-0.40404461999999997,190,389120,300.0,0.0003,0.3697969317436218,-0.07216129451990128,0.025562152,0.016178333907737395,-0.9473908675834537,-0.03843103899853304,0.2,1890,0.206201171875
691,565,-0.36570967000000004,191,391168,300.0,0.0003,0.3027135729789734,-0.045366063714027405,0.022054452,0.054314347537001595,-0.9095145151019096,-0.03624469327623956,0.2,1900,0.190234375
693,566,-0.47073373,192,393216,300.0,0.0003,0.09349316358566284,-0.04114198312163353,0.024840277,0.04185921598691493,-0.9070740712806582,-0.042010684657725506,0.2,1910,0.20107421875
696,567,-0.44975161,193,395264,300.0,0.0003,0.304939329624176,-0.050961725413799286,0.03178768,0.04750168694299646,-0.915796821191907,-0.0373475674103247,0.2,1920,0.213525390625
699,568,-0.34080907000000005,194,397312,300.0,0.0003,0.24540680646896362,-0.07073957473039627,0.027750172,0.03512949230789673,-0.9268496030941605,-0.041127699537901206,0.2,1930,0.217236328125
701,569,-0.4899697699999999,195,399360,300.0,0.0003,0.3192752003669739,-0.04011062532663345,0.026585674,0.049645079468609764,-0.8704998018220067,-0.038973241366329604,0.2,1940,0.201513671875
771,520,-0.45282923,196,401408,300.0,0.0003,0.16357702016830444,-0.06520719826221466,0.02364222,0.04582598382257856,-0.8787919821217656,-0.039024447117117236,0.2,1950,0.193017578125
773,521,-0.54642735,197,403456,300.0,0.0003,-0.031252384185791016,-0.05621164292097092,0.023682045,0.057987040642183275,-0.8910035338252783,-0.03834916247142246,0.2,1960,0.1986328125
776,522,-0.46592544,198,405504,300.0,0.0003,0.022799909114837646,-0.0617523156106472,0.023883773,0.03427490049507469,-0.8417648911476135,-0.037371828500181434,0.2,1970,0.2078125
778,523,-0.36101992000000005,199,407552,300.0,0.0003,-0.09705591201782227,-0.058182936161756516,0.02552378,0.033734531729714946,-0.8633899534121156,-0.037699462092132305,0.2,1980,0.189306640625
781,524,-0.5454825099999998,200,409600,300.0,0.0003,-0.07493913173675537,-0.034407418221235275,0.026748177,0.059055452886968854,-0.8541023671627045,-0.0401712876118836,0.2,1990,0.204541015625
784,525,-0.35133105999999975,201,411648,300.0,0.0003,0.20983892679214478,-0.03274401277303696,0.024292095,0.02665378912934102,-0.8938879346475005,-0.04161035764263943,0.2,2000,0.2005859375
787,525,-0.11828439999999993,202,413696,300.0,0.0003,0.18045973777770996,-0.04735807329416275,0.026510078,0.04278454600716941,-0.8494498131796717,-0.041952068111277184,0.2,2010,0.20009765625
790,526,-0.03355614000000001,203,415744,300.0,0.0003,0.12632489204406738,-0.02766995131969452,0.022027254,0.03997015135246329,-0.8497984826564788,-0.039829364272009116,0.2,2020,0.194384765625
791,527,0.07797040000000001,204,417792,300.0,0.0003,0.13959920406341553,-0.04140044003725052,0.023695808,0.06972557582193986,-0.873021544702351,-0.03962567273702007,0.2,2030,0.19921875
794,528,-0.06750966999999998,205,419840,300.0,0.0003,-0.05996549129486084,-0.06600899994373322,0.028012775,0.04300345132942311,-0.8770438887178897,-0.04272176435624715,0.2,2040,0.208447265625
796,529,0.12468809000000006,206,421888,300.0,0.0003,-0.05750846862792969,-0.08367794752120972,0.02500405,0.04019579052692279,-0.9116019520908594,-0.040813949369476174,0.2,2050,0.198828125
798,530,0.16970237000000005,207,423936,300.0,0.0003,0.014954090118408203,-0.024329714477062225,0.027262483,0.09370648409239948,-0.8581066660583019,-0.040531669757911004,0.2,2060,0.2009765625
801,531,0.15604723,208,425984,300.0,0.0003,-0.27701902389526367,-0.06596207618713379,0.027837664,0.021990730785182676,-0.8653707854449749,-0.04206241766805761,0.2,2070,0.215087890625
803,532,0.09509738999999996,209,428032,300.0,0.0003,0.1020195484161377,-0.04135517776012421,0.02658255,0.03705170720349997,-0.8840917162597179,-0.04171427935070824,0.2,2080,0.2197265625
806,533,0.2544106,210,430080,300.0,0.0003,0.10643887519836426,-0.030567657202482224,0.027273456,0.09427047728095203,-0.8802736530080437,-0.041248941587400625,0.2,2090,0.212451171875
808,534,0.37231542999999995,211,432128,300.0,0.0003,0.012743473052978516,-0.03412632644176483,0.024801385,0.05095338570536114,-0.8566480796784163,-0.03556888194289058,0.2,2100,0.198681640625
811,535,0.43442982,212,434176,300.0,0.0003,0.0703396201133728,-0.020022984594106674,0.028831556,0.04892853034543805,-0.8609286909922957,-0.04331620745942928,0.2,2110,0.207373046875
813,536,0.52171934,213,436224,300.0,0.0003,-0.001577615737915039,-0.04977189749479294,0.025668768,0.09819983751513064,-0.8603749442845583,-0.040671433074749075,0.2,2120,0.201904296875
815,537,0.47644670000000006,214,438272,300.0,0.0003,0.29197484254837036,-0.03836742043495178,0.029989846,0.04696857511880807,-0.8436986887827516,-0.03848328683234285,0.2,2130,0.229052734375
818,538,0.44790306999999996,215,440320,300.0,0.0003,0.10611039400100708,-0.05997483432292938,0.027657934,0.06415893369703554,-0.8323160916566849,-0.040544498679810206,0.2,2140,0.198779296875
820,539,0.14593307999999994,216,442368,300.0,0.0003,0.3794991374015808,-0.07389164716005325,0.027091566,0.013938230568601283,-0.8175947815179825,-0.04163284284004476,0.2,2150,0.202734375
822,540,0.14487427000000008,217,444416,300.0,0.0003,0.3597397208213806,-0.03934428095817566,0.027227681,0.028393646143376826,-0.8211020546033978,-0.040382180601591246,0.2,2160,0.220556640625
825,540,0.013465930000000039,218,446464,300.0,0.0003,0.2486395239830017,-0.06370989233255386,0.02722136,0.04690350878518075,-0.8098149087280035,-0.03645731748838443,0.2,2170,0.216748046875
827,541,-0.12906542,219,448512,300.0,0.0003,0.09092354774475098,-0.06416371464729309,0.031799287,0.03012676947982982,-0.8436787405982613,-0.04339200636313763,0.2,2180,0.234521484375
829,542,-0.19910526000000012,220,450560,300.0,0.0003,0.0547216534614563,-0.06136727333068848,0.027253035,0.03981162505224347,-0.8286213506013155,-0.03668390353122959,0.2,2190,0.20625
831,544,-0.34423732000000007,221,452608,300.0,0.0003,0.19648152589797974,-0.05366738513112068,0.025171757,0.04729294767021201,-0.82298653870821,-0.03868171310168691,0.2,2200,0.205029296875
834,544,-0.31104087,222,454656,300.0,0.0003,0.07449424266815186,-0.0166692603379488,0.0272001,0.060133418953046205,-0.8114666253328323,-0.039007288916036484,0.2,2210,0.19873046875
836,545,-0.2414940100000001,223,456704,300.0,0.0003,0.5894317626953125,-0.07000617682933807,0.025242452,0.018400532807572745,-0.8333355031907559,-0.03987892923178151,0.2,2220,0.19716796875
839,546,-0.3390080000000002,224,458752,300.0,0.0003,0.28521502017974854,-0.04784160107374191,0.024318103,0.08368178420932963,-0.8647396987304091,-0.03731724608442164,0.2,2230,0.198828125
841,547,-0.49401156,225,460800,300.0,0.0003,0.3338508605957031,-0.058613911271095276,0.028803896,0.03245204909471795,-0.8428759844973683,-0.04019832066842355,0.2,2240,0.206298828125
843,548,-0.6216846400000001,226,462848,300.0,0.0003,0.13276392221450806,-0.07399709522724152,0.03307376,0.022499761497601866,-0.8678295129910112,-0.04367435413005296,0.2,2250,0.231494140625
845,549,-0.48854183000000007,227,464896,300.0,0.0003,0.32315748929977417,-0.0548526905477047,0.028291753,0.041760084463749084,-0.823897784203291,-0.04201749581116019,0.2,2260,0.217822265625
848,550,-0.49220176000000004,228,466944,300.0,0.0003,0.41552186012268066,-0.07059217989444733,0.03274605,0.03371856573503464,-0.8213347921147942,-0.04234398334810976,0.2,2270,0.22265625
850,551,-0.4322774500000001,229,468992,300.0,0.0003,0.4112577438354492,-0.053069695830345154,0.0293383,0.056675171974347904,-0.8324389003217221,-0.039000928387395106,0.2,2280,0.217919921875
852,552,-0.359364,230,471040,300.0,0.0003,0.4338653087615967,-0.026013731956481934,0.03107404,0.04774996661581099,-0.8507051028311252,-0.04292101496248506,0.2,2290,0.22255859375
855,553,-0.18445225,231,473088,300.0,0.0003,0.4897674322128296,-0.031608596444129944,0.028714119,0.042013533995486796,-0.8223806273192167,-0.035282779166300314,0.2,2300,0.20029296875
857,554,-0.22721654000000005,232,475136,300.0,0.0003,0.2653888463973999,-0.0001964755356311798,0.028465252,0.08153718648245559,-0.7977329069748521,-0.03849692478252109,0.2,2310,0.21005859375
860,554,-0.10800258,233,477184,300.0,0.0003,-0.10632908344268799,-0.05160334333777428,0.029150568,0.05253777175094001,-0.8173460518941283,-0.040352425811579454,0.2,2320,0.215673828125
864,554,0.05907872999999995,234,479232,300.0,0.0003,0.08392447233200073,-0.056356389075517654,0.03139484,0.030479957029456273,-0.8104194441810251,-0.042432931580697185,0.2,2330,0.237451171875
867,554,0.09841634,235,481280,300.0,0.0003,0.047429561614990234,-0.03738228604197502,0.030709691,0.03585738125257194,-0.812539198435843,-0.04425757265125867,0.2,2340,0.213525390625
870,555,0.06777383000000002,236,483328,300.0,0.0003,0.07377356290817261,-0.04569001868367195,0.02989101,0.07825433743419126,-0.8151073323562741,-0.04087889546062797,0.2,2350,0.200634765625
873,555,0.0031003100000000015,237,485376,300.0,0.0003,-0.10160636901855469,-0.044726673513650894,0.028687268,0.07694870458217337,-0.8142930440604687,-0.038371392688713965,0.2,2360,0.217138671875
875,556,-0.07131976999999996,238,487424,300.0,0.0003,0.021727561950683594,-0.04273920878767967,0.028582409,0.023443935345858334,-0.8065058207139373,-0.03718937066732906,0.2,2370,0.22021484375
878,557,0.024118190000000057,239,489472,300.0,0.0003,-0.030510783195495605,-0.047542355954647064,0.02603794,0.03201529621728696,-0.8197956997901201,-0.03789840285026003,0.2,2380,0.21494140625
881,557,0.050355659999999955,240,491520,300.0,0.0003,0.1482325792312622,-0.024040669202804565,0.02829514,0.052037153608398515,-0.8039159143343568,-0.04229843869688921,0.2,2390,0.219677734375
883,558,0.004471079999999996,241,493568,300.0,0.0003,-0.002084493637084961,-0.037786681205034256,0.029015813,0.013788620421837549,-0.8237403836101294,-0.04228815940441564,0.2,2400,0.214501953125
886,559,-0.02820515999999992,242,495616,300.0,0.0003,-0.011037468910217285,-0.05349745601415634,0.02697629,0.03215827931417152,-0.8227659989148378,-0.03985144822072471,0.2,2410,0.199462890625
888,560,0.05338612999999997,243,497664,300.0,0.0003,-0.03600180149078369,-0.038080982863903046,0.028950036,0.0604463916097302,-0.835699692554772,-0.038681490207090975,0.2,2420,0.21015625
890,560,0.13414980999999992,244,499712,300.0,0.0003,0.0809217095375061,-0.033765774220228195,0.029184442,0.07751427477924153,-0.8195154201239347,-0.039339271574863235,0.2,2430,0.223291015625
954,525,0.046925550000000024,245,501760,300.0,0.0003,0.12564975023269653,-0.0376460887491703,0.031231567,0.04559649894945324,-0.8054935028776526,-0.04030032544833375,0.2,2440,0.2115234375
956,526,0.023545910000000007,246,503808,300.0,0.0003,0.11520540714263916,-0.05822145193815231,0.03102338,0.039401985396398234,-0.7861422332003712,-0.042554313949949574,0.2,2450,0.218701171875
959,527,0.16699554,247,505856,300.0,0.0003,0.20846831798553467,-0.06759251654148102,0.030067477,0.03083999550435692,-0.7831224955618381,-0.0386922628240427,0.2,2460,0.203173828125
961,528,-0.12326024000000001,248,507904,300.0,0.0003,0.07354754209518433,-0.033023424446582794,0.028718162,0.056728429917711765,-0.7933363929390908,-0.03985267750686035,0.2,2470,0.200439453125
964,528,-0.18461098999999997,249,509952,300.0,0.0003,0.17866730690002441,-0.047482457011938095,0.030677103,0.043708435533335435,-0.7994191881269217,-0.03710729448066559,0.2,2480,0.214453125
966,529,-0.14227314999999996,250,512000,300.0,0.0003,0.22244137525558472,-0.07422181963920593,0.03306161,0.01871341975929681,-0.8260177394375205,-0.038528146146563816,0.2,2490,0.2220703125
969,530,-0.16579785000000008,251,514048,300.0,0.0003,-0.10723352432250977,-0.042920053005218506,0.029634496,0.04036870811250992,-0.782458446547389,-0.039494473618105985,0.2,2500,0.21728515625
971,531,-0.07159691000000003,252,516096,300.0,0.0003,0.010055124759674072,-0.03845691308379173,0.029617619,0.06137561226496473,-0.7911942925304174,-0.039709371034405194,0.2,2510,0.2138671875
974,531,0.020703329999999937,253,518144,300.0,0.0003,0.07278633117675781,-0.07700685411691666,0.03315363,0.024176039930898695,-0.7765176817774773,-0.03983286512084305,0.2,2520,0.217333984375
976,532,0.03569582999999995,254,520192,300.0,0.0003,-0.4531989097595215,-0.05564262345433235,0.032822862,0.011386728083016351,-0.769810495339334,-0.03776160127308685,0.2,2530,0.21650390625
978,533,0.14877021999999995,255,522240,300.0,0.0003,-0.028086185455322266,-0.05080422759056091,0.028666526,0.03031716960540507,-0.7834833942353725,-0.03896791325241793,0.2,2540,0.205029296875
980,534,0.11587717999999997,256,524288,300.0,0.0003,0.03423953056335449,-0.05441566929221153,0.028734513,0.03920443520182744,-0.7787914680317044,-0.036739390873117374,0.2,2550,0.20087890625
983,535,-0.028255040000000006,257,526336,300.0,0.0003,0.03388255834579468,-0.03473465144634247,0.025537997,0.06117835517507046,-0.8111096711829304,-0.040950147490366365,0.2,2560,0.21123046875
985,536,-0.11964569000000004,258,528384,300.0,0.0003,0.043727099895477295,-0.04429510235786438,0.032799736,0.0400805568206124,-0.8207626001909375,-0.04002113405440468,0.2,2570,0.212548828125
987,537,-0.10282144000000006,259,530432,300.0,0.0003,0.03318357467651367,-0.058640286326408386,0.03426034,0.02475457170221489,-0.8098069557920098,-0.038990830100374296,0.2,2580,0.21572265625
989,538,-0.14612906999999997,260,532480,300.0,0.0003,0.16762644052505493,-0.038396432995796204,0.03061121,0.05245764240971766,-0.8416006634011864,-0.040185312152607365,0.2,2590,0.231103515625
991,538,-0.10130669999999994,261,534528,300.0,0.0003,0.3280108571052551,-0.034432847052812576,0.030580545,0.025165589930838905,-0.8406858479604125,-0.04087644396640826,0.2,2600,0.21416015625
994,539,-0.15165007999999996,262,536576,300.0,0.0003,0.12936776876449585,-0.04801518842577934,0.033885367,0.030916165641974656,-0.8373914571478963,-0.03827122167858761,0.2,2610,0.21357421875
996,540,-0.0013756700000000467,263,538624,300.0,0.0003,0.15976709127426147,-0.03361037001013756,0.028400902,0.0879768414190039,-0.8672682181000709,-0.042900074692443016,0.2,2620,0.2265625
999,541,-0.07860548000000003,264,540672,300.0,0.0003,0.44587528705596924,-0.0597122460603714,0.026917469,0.04508582291891798,-0.8429573310539127,-0.0448109954391839,0.2,2630,0.221923828125
1001,541,-0.24629985,265,542720,300.0,0.0003,0.31048405170440674,-0.05520276725292206,0.03349236,0.04957409398048185,-0.849128556624055,-0.04462583286513109,0.2,2640,0.217919921875
1003,542,-0.23976563000000004,266,544768,300.0,0.0003,0.2916552424430847,-0.04354695975780487,0.02945622,0.0695796454907395,-0.8337853197008371,-0.0382809887843905,0.2,2650,0.220654296875
1006,543,-0.20556367999999992,267,546816,300.0,0.0003,0.39180904626846313,-0.06400805711746216,0.03176083,0.043768296233611184,-0.8353840451687574,-0.041492671729065476,0.2,2660,0.225341796875
1008,544,-0.31433141,268,548864,300.0,0.0003,0.05851823091506958,-0.036461956799030304,0.030237438,0.061304699315223844,-0.8243123577907682,-0.04151132759288885,0.2,2670,0.21650390625
1010,545,-0.28722797,269,550912,300.0,0.0003,0.17939716577529907,-0.06992501020431519,0.03230494,0.038621948202489875,-0.8553904958069325,-0.0390274295641575,0.2,2680,0.2201171875
1013,545,-0.4022798600000001,270,552960,300.0,0.0003,0.19030576944351196,-0.0361209437251091,0.028086849,0.034095743531361224,-0.8460765073075891,-0.044183769160008525,0.2,2690,0.213623046875
1015,546,-0.51280899,271,555008,300.0,0.0003,0.06092733144760132,-0.040737397968769073,0.031865753,0.0654316411120817,-0.8547432228922844,-0.04180959527147934,0.2,2700,0.226708984375
1017,547,-0.5861484,272,557056,300.0,0.0003,0.04629254341125488,-0.05566033720970154,0.03068351,0.03557048204238526,-0.8494656411930919,-0.04207012955157552,0.2,2710,0.214501953125
1020,547,-0.5440527400000001,273,559104,300.0,0.0003,0.1984546184539795,-0.03904135525226593,0.031321727,0.05301113165332936,-0.8471672119572758,-0.04137828432430979,0.2,2720,0.217578125
1022,548,-0.26868490000000006,274,561152,300.0,0.0003,0.03423255681991577,-0.03983692824840546,0.031762406,0.09042544513940812,-0.8577572558075189,-0.042484978231368584,0.2,2730,0.226416015625
1025,549,-0.3644734099999999,275,563200,300.0,0.0003,-0.027766108512878418,-0.0676078125834465,0.033687368,0.05502286899136379,-0.826644597761333,-0.043826315019396135,0.2,2740,0.223681640625
1027,550,-0.3079999299999999,276,565248,300.0,0.0003,-0.043906569480895996,-0.02385846897959709,0.027527036,0.10201486410805956,-0.8522903837263585,-0.04132992490776814,0.2,2750,0.224755859375
1030,550,-0.2835248,277,567296,300.0,0.0003,0.044182538986206055,-0.03513244166970253,0.03127733,0.06319238308933564,-0.8331477973610163,-0.04029874844418373,0.2,2760,0.215283203125
1032,551,-0.23527649,278,569344,300.0,0.0003,-0.07193577289581299,-0.064683698117733,0.02958898,0.013936626850045286,-0.8290328620001673,-0.044256816763663664,0.2,2770,0.212109375
1034,552,-0.15810061,279,571392,300.0,0.0003,0.19057559967041016,-0.030831389129161835,0.03176678,0.02754278972861357,-0.8304302159696817,-0.04210008494846988,0.2,2780,0.225927734375
1037,552,0.04329067999999994,280,573440,300.0,0.0003,-0.011016130447387695,-0.020950570702552795,0.031563997,0.07554257889278233,-0.8345654467120767,-0.041649306104227436,0.2,2790,0.226220703125
1039,553,-0.011297050000000081,281,575488,300.0,0.0003,0.0007020235061645508,-0.04118097573518753,0.03078419,0.07263101805001497,-0.818033560179174,-0.04220482255041134,0.2,2800,0.213427734375
1041,554,0.08283471,282,577536,300.0,0.0003,-0.21983063220977783,-0.0590786412358284,0.030892862,0.04408805568236858,-0.8224914075806737,-0.04369168103148695,0.2,2810,0.214404296875
1043,555,0.09503468999999998,283,579584,300.0,0.0003,0.039129793643951416,-0.04278497397899628,0.031985987,0.07390933505957946,-0.8207538101822138,-0.04090532226546202,0.2,2820,0.2212890625
1045,556,0.20485585999999995,284,581632,300.0,0.0003,0.019483089447021484,-0.051622651517391205,0.02790682,0.05370562429889105,-0.8426349200308323,-0.04361812405986711,0.2,2830,0.212158203125
1047,556,0.40001608999999994,285,583680,300.0,0.0003,0.17017853260040283,-0.039875589311122894,0.036509294,0.04471624752623029,-0.8356171369552612,-0.043493428060901354,0.2,2840,0.222509765625
1050,557,0.5867335699999999,286,585728,300.0,0.0003,0.07977503538131714,-0.044266119599342346,0.033739317,0.04687408332247287,-0.8279928067699075,-0.03987415190349566,0.2,2850,0.220751953125
1052,558,0.7400222400000002,287,587776,300.0,0.0003,0.06930398941040039,-0.05580940842628479,0.033540912,0.04664360475144349,-0.8132779670879244,-0.04171406083041802,0.2,2860,0.22177734375
1054,559,0.6596550000000001,288,589824,300.0,0.0003,0.2842250466346741,-0.05858062207698822,0.02823722,0.036388133058790115,-0.8076496072113514,-0.044221314828610046,0.2,2870,0.215234375
1057,559,0.64880932,289,591872,300.0,0.0003,0.20384347438812256,-0.06286798417568207,0.031284545,0.05326701485319063,-0.8085456876084208,-0.043878752301679924,0.2,2880,0.232373046875
1059,560,0.67513552,290,593920,300.0,0.0003,0.307608425617218,-0.010232195258140564,0.032202177,0.06860609713476151,-0.7895002748817206,-0.04124450336676091,0.2,2890,0.224560546875
1061,561,0.5026406400000001,291,595968,300.0,0.0003,0.4552914500236511,-0.04963663965463638,0.029029164,0.041941239027073605,-0.8157495157793164,-0.03938904367678333,0.2,2900,0.218212890625
1063,562,0.52586446,292,598016,300.0,0.0003,0.32676416635513306,-0.044576991349458694,0.037094045,0.05839705994585529,-0.7819326430559158,-0.044457071597571486,0.2,2910,0.230029296875
1125,533,0.56120788,293,600064,300.0,0.0003,0.22215521335601807,-0.059659864753484726,0.039202373,0.06263929005945101,-0.7790239805355668,-0.044881341495784,0.2,2920,0.2396484375
1127,533,0.3360016599999999,294,602112,300.0,0.0003,0.29557979106903076,-0.06037193164229393,0.03442508,0.02562676066590939,-0.7843631617724895,-0.03943070376844844,0.2,2930,0.212451171875
1129,534,0.33493486999999994,295,604160,300.0,0.0003,0.04533916711807251,-0.03984180837869644,0.03299333,0.07481860246043652,-0.7523896813392639,-0.042015675696893594,0.2,2940,0.225390625
1132,535,0.33561566,296,606208,300.0,0.0003,-0.07748818397521973,-0.0501813068985939,0.032288514,0.029170330232591368,-0.8014492195099592,-0.042617950262501834,0.2,2950,0.217578125
1134,536,0.22661889999999998,297,608256,300.0,0.0003,0.20315790176391602,-0.054896265268325806,0.031128088,0.02952988977485802,-0.8044121423736215,-0.04060310384375043,0.2,2960,0.226513671875
1136,536,0.17862567,298,610304,300.0,0.0003,0.21652626991271973,-0.03821294754743576,0.031487636,0.04943258962011896,-0.7954084655269981,-0.04218848200107459,0.2,2970,0.219873046875
1139,537,0.09484769000000005,299,612352,300.0,0.0003,0.020809710025787354,-0.06206056475639343,0.034563318,0.03591164832469076,-0.7678728369995952,-0.0418380953342421,0.2,2980,0.23251953125
1141,538,0.030329489999999987,300,614400,300.0,0.0003,-0.2886784076690674,-0.05805336311459541,0.03403782,0.027080948915681802,-0.7788689827546478,-0.04174099450174253,0.2,2990,0.22470703125
1143,539,-0.17799136999999998,301,616448,300.0,0.0003,-0.0149461030960083,-0.04922017455101013,0.033841938,0.05253081037662923,-0.7864297069609165,-0.03822342074417975,0.2,3000,0.21953125
1145,539,-0.24575624,302,618496,300.0,0.0003,-0.06612753868103027,-0.07218826562166214,0.03234577,0.025474270628183148,-0.7972469983622432,-0.04323837511474267,0.2,3010,0.231689453125
1148,540,-0.25803461999999994,303,620544,300.0,0.0003,0.06675708293914795,-0.050067782402038574,0.038891207,0.03980186493718065,-0.7743102665990591,-0.040845441038254646,0.2,3020,0.243359375
1150,541,-0.25879469000000005,304,622592,300.0,0.0003,0.21441608667373657,-0.05713329464197159,0.03146262,0.02168701001792215,-0.812738130427897,-0.04157519153086468,0.2,3030,0.221435546875
1152,541,-0.09472027000000001,305,624640,300.0,0.0003,0.048343122005462646,-0.03401169180870056,0.043291774,0.054333563335239886,-0.7696459461003542,-0.04117473360674921,0.2,3040,0.23857421875
1155,542,-0.06632372999999994,306,626688,300.0,0.0003,0.1552959680557251,-0.05130227655172348,0.034124613,0.0468260198016651,-0.7747768444940448,-0.042407457178342156,0.2,3050,0.22080078125
1157,543,-0.20879189999999997,307,628736,300.0,0.0003,0.21986383199691772,-0.06516530364751816,0.03059122,0.03495410039322451,-0.787890056706965,-0.04297603094310034,0.2,3060,0.2228515625
1159,543,-0.22500612000000003,308,630784,300.0,0.0003,0.11584371328353882,-0.06320670247077942,0.032558754,0.019756772712571546,-0.7944688210263848,-0.04355049413861707,0.2,3070,0.23017578125
1161,544,-0.29217886000000004,309,632832,300.0,0.0003,-0.04922902584075928,-0.05351043865084648,0.03197257,0.05240136198699474,-0.793080747127533,-0.0419001845701132,0.2,3080,0.218017578125
1164,545,-0.3113381100000001,310,634880,300.0,0.0003,-0.05294942855834961,-0.07875983417034149,0.035847154,0.030411039129830897,-0.7787220552563667,-0.04257848124834709,0.2,3090,0.2263671875
1166,546,-0.1850842000000001,311,636928,300.0,0.0003,0.037449419498443604,-0.08065244555473328,0.032010414,0.023261640971759333,-0.7670170465484262,-0.042714010074269025,0.2,3100,0.2064453125
1168,546,-0.060940259999999975,312,638976,300.0,0.0003,0.07439857721328735,-0.05488955229520798,0.033655934,0.06400923684705048,-0.803508253954351,-0.043234179241699165,0.2,3110,0.236181640625
1171,547,-0.14821652,313,641024,300.0,0.0003,0.046154022216796875,-0.02541595697402954,0.032098275,0.047737485327525066,-0.7825324535369873,-0.04181001828546869,0.2,3120,0.22060546875
1173,547,0.15005301999999998,314,643072,300.0,0.0003,0.22094547748565674,-0.033293016254901886,0.033256177,0.03951814513420686,-0.7829635305330157,-0.04399152186670108,0.2,3130,0.222705078125
1176,548,0.3009364400000001,315,645120,300.0,0.0003,0.2635858654975891,-0.06170444190502167,0.03486651,0.031814702722476794,-0.7797537634149194,-0.04257826622924767,0.2,3140,0.231103515625
1178,549,0.35409896,316,647168,300.0,0.0003,0.36874812841415405,-0.07176803052425385,0.0344782,0.030223991913953797,-0.7915651524439454,-0.043612438577110876,0.2,3150,0.223681640625
1180,549,0.52399328,317,649216,300.0,0.0003,0.4626063108444214,-0.06991320848464966,0.038495928,0.01608382716658525,-0.7799337930977345,-0.046866933270939624,0.2,3160,0.230908203125
1182,550,0.40846633,318,651264,300.0,0.0003,0.36431312561035156,-0.05516887456178665,0.03556019,0.031131589191500098,-0.7658428611233831,-0.043960707107908094,0.2,3170,0.228125
1185,551,0.27749446,319,653312,300.0,0.0003,0.3228856325149536,-0.05331240966916084,0.035069305,0.020748525866656563,-0.7893859459087252,-0.04195472022111062,0.2,3180,0.230322265625
1187,551,0.33645749000000014,320,655360,300.0,0.0003,0.2297382354736328,-0.026640906929969788,0.03017983,0.05908481001970358,-0.7899252075701952,-0.03882433803519234,0.2,3190,0.2271484375
1189,552,0.33008117,321,657408,300.0,0.0003,0.2775680422782898,-0.04189783334732056,0.035363987,0.06397657187189906,-0.7846655659377575,-0.041820829411153684,0.2,3200,0.2353515625
1192,553,0.34719790999999994,322,659456,300.0,0.0003,0.4629061818122864,-0.05603128671646118,0.036344238,0.023484953842125834,-0.8002057012170554,-0.04308461411565077,0.2,3210,0.235205078125
1194,553,0.42622077999999997,323,661504,300.0,0.0003,0.35020846128463745,-0.06791277229785919,0.035782382,0.044111328443977985,-0.766135611385107,-0.042126803292194384,0.2,3220,0.221044921875
1196,554,0.4675388,324,663552,300.0,0.0003,0.49717772006988525,-0.05530168116092682,0.035278097,0.03152912562363781,-0.8033548986539245,-0.04412388664786704,0.2,3230,0.236083984375
1198,555,0.43493675000000004,325,665600,300.0,0.0003,0.5010883808135986,-0.0940399169921875,0.03299557,0.03335894434712827,-0.7784693649038672,-0.04416860072524287,0.2,3240,0.2150390625
1201,555,0.2514399499999999,326,667648,300.0,0.0003,0.3704720735549927,-0.04224129021167755,0.03287621,0.07773601561784745,-0.7620257599279284,-0.040607269477914085,0.2,3250,0.21982421875
1203,556,0.1907496499999999,327,669696,300.0,0.0003,0.461841881275177,-0.05561637133359909,0.034662873,0.048726612952305,-0.7551682915538549,-0.04272626681631664,0.2,3260,0.2208984375
1205,557,0.048178889999999995,328,671744,300.0,0.0003,0.19681048393249512,-0.02483983337879181,0.034047306,0.09507135697640479,-0.7764980072155595,-0.041521155970986004,0.2,3270,0.2283203125
1208,557,-0.06799431999999996,329,673792,300.0,0.0003,0.15714967250823975,-0.008809160441160202,0.03740556,0.0886749055585824,-0.7854788526892662,-0.0399901303317165,0.2,3280,0.21123046875
1210,558,-0.19687521999999993,330,675840,300.0,0.0003,0.07749098539352417,-0.022093720734119415,0.036872726,0.07497587854741142,-0.7721513716503978,-0.0437009879067773,0.2,3290,0.22880859375
1213,558,-0.2524006,331,677888,300.0,0.0003,0.40128278732299805,-0.0741630271077156,0.032783747,0.014449219536618329,-0.7575958028435708,-0.04327263122831937,0.2,3300,0.22783203125
1215,559,-0.015109479999999977,332,679936,300.0,0.0003,0.35824763774871826,-0.06499634683132172,0.03530281,0.025551772900507787,-0.7606378056108951,-0.04059050507494248,0.2,3310,0.228857421875
1217,560,0.18859814,333,681984,300.0,0.0003,0.08908969163894653,-0.04755440726876259,0.035208825,0.06062809992581606,-0.7354598298668862,-0.044213688946911134,0.2,3320,0.225390625
1219,560,0.23229860000000002,334,684032,300.0,0.0003,0.30599260330200195,-0.050982631742954254,0.035330955,0.0460003022744786,-0.7571170054376125,-0.04048526968981605,0.2,3330,0.226708984375
1221,561,0.19149893000000007,335,686080,300.0,0.0003,0.5714045166969299,-0.07383684068918228,0.032685712,0.028901251265779138,-0.7245596941560507,-0.042278823583910705,0.2,3340,0.22080078125
1224,561,0.22760999999999998,336,688128,300.0,0.0003,0.2611035108566284,-0.04617558419704437,0.032917455,0.023221403794013894,-0.7366184609010815,-0.04046611368539743,0.2,3350,0.22685546875
1226,562,0.2368053899999999,337,690176,300.0,0.0003,0.23222917318344116,-0.04055038094520569,0.035010528,0.05757338550174609,-0.7349531153216958,-0.03886417961330153,0.2,3360,0.22275390625
1229,563,0.27906946999999993,338,692224,300.0,0.0003,0.2959991693496704,-0.059707898646593094,0.040640533,0.039010907674673946,-0.72356410715729,-0.04373430975538213,0.2,3370,0.2345703125
1232,563,0.08685410999999997,339,694272,300.0,0.0003,0.25269556045532227,-0.06032419949769974,0.036108248,0.039691202709218484,-0.752814188785851,-0.039484624401666224,0.2,3380,0.23369140625
1235,563,0.19566692999999993,340,696320,300.0,0.0003,0.34947526454925537,-0.08469020575284958,0.036708437,0.02075131784658879,-0.7487936649471522,-0.04458607615088113,0.2,3390,0.2291015625
1238,564,0.13348146,341,698368,300.0,0.0003,0.5094344615936279,-0.060561612248420715,0.033939287,0.022354762989562005,-0.7145990947261452,-0.04401614906382747,0.2,3400,0.222314453125
1301,538,0.28719440999999984,342,700416,300.0,0.0003,0.16866260766983032,-0.06458617746829987,0.034765966,0.03333182347123511,-0.7190332178026437,-0.041534219670575113,0.2,3410,0.224072265625
1304,538,0.14062889000000003,343,702464,300.0,0.0003,0.27156710624694824,-0.025873148813843727,0.033884145,0.06938897460931912,-0.7679825983941555,-0.039328887779265645,0.2,3420,0.231689453125
1306,539,0.12503884000000004,344,704512,300.0,0.0003,0.1995387077331543,-0.060737498104572296,0.040838487,0.03304310008825269,-0.7369481418281794,-0.043660338287008923,0.2,3430,0.238525390625
1308,539,-0.03361859999999997,345,706560,300.0,0.0003,0.2922917604446411,-0.04808016121387482,0.034285326,0.05280373432906345,-0.789068004861474,-0.04033744107873645,0.2,3440,0.2400390625
1310,540,-0.12190202999999995,346,708608,300.0,0.0003,0.2813100218772888,-0.028170226141810417,0.035881802,0.061623184173367915,-0.7717283856123686,-0.042673809174448254,0.2,3450,0.21982421875
1312,541,-0.36397888,347,710656,300.0,0.0003,0.14115136861801147,-0.0669812262058258,0.03826812,0.03161599135491997,-0.7543057607486844,-0.04275869439006783,0.2,3460,0.22177734375
1315,541,-0.60051012,348,712704,300.0,0.0003,0.16043394804000854,-0.022471848875284195,0.037262168,0.06221140641719103,-0.7705631548538804,-0.04541706638119649,0.2,3470,0.247998046875
1317,542,-0.7291167299999999,349,714752,300.0,0.0003,0.29992687702178955,-0.0572025328874588,0.034431983,0.03326005511917174,-0.7706083241850138,-0.043869751776219344,0.2,3480,0.232861328125
1319,543,-0.70794169,350,716800,300.0,0.0003,0.3611835241317749,-0.03579597920179367,0.04480774,0.0463252151501365,-0.7006922459229827,-0.038321796787204224,0.2,3490,0.22275390625
1321,543,-0.62704041,351,718848,300.0,0.0003,0.19303029775619507,-0.04359117150306702,0.034336172,0.06954274956369773,-0.7198047330603004,-0.042871124048542694,0.2,3500,0.232080078125
1323,544,-0.5076599999999999,352,720896,300.0,0.0003,0.2038828730583191,-0.0441826730966568,0.03724101,0.07073303201468661,-0.7103170167654753,-0.04209105305199046,0.2,3510,0.234716796875
1326,545,-0.45978356000000004,353,722944,300.0,0.0003,0.3879956603050232,-0.06800973415374756,0.039020963,0.028497112140757962,-0.7159064248204231,-0.043578403725405224,0.2,3520,0.22880859375
1328,545,-0.26904876000000005,354,724992,300.0,0.0003,0.47714054584503174,-0.05743186175823212,0.03262773,0.027196797996293754,-0.714784505777061,-0.03937229619768914,0.2,3530,0.212744140625
1330,546,-0.35864468000000005,355,727040,300.0,0.0003,0.3735586404800415,-0.061853088438510895,0.035475075,0.03509356380673125,-0.7089296456426382,-0.04373905887186993,0.2,3540,0.23603515625
1333,546,-0.47415612,356,729088,300.0,0.0003,0.47931957244873047,-0.04826435446739197,0.034338873,0.025824025104520844,-0.7204583056271077,-0.03856544960435713,0.2,3550,0.219189453125
1336,547,-0.41624447,357,731136,300.0,0.0003,0.389401912689209,-0.03367554768919945,0.03361023,0.03564968754071742,-0.7055811686441302,-0.04076756237191148,0.2,3560,0.212548828125
1338,547,-0.4622379300000001,358,733184,300.0,0.0003,0.34683388471603394,-0.05734866112470627,0.03949987,0.04789195195771754,-0.7146686635911464,-0.0432760130148381,0.2,3570,0.22880859375
1340,548,-0.37972502999999996,359,735232,300.0,0.0003,0.24320989847183228,-0.03959740325808525,0.03584577,0.06281285054283217,-0.7218140626326204,-0.040808966550685,0.2,3580,0.2283203125
1343,548,-0.20187427,360,737280,300.0,0.0003,0.40406447649002075,-0.06368765980005264,0.04105829,0.025999989424599336,-0.7109688982367516,-0.039780142909148705,0.2,3590,0.2337890625
1345,549,-0.28315872000000014,361,739328,300.0,0.0003,0.29891014099121094,-0.04045385494828224,0.04054609,0.03929654925595969,-0.6909931730479002,-0.040254077440476974,0.2,3600,0.22939453125
1348,549,-0.03593369000000008,362,741376,300.0,0.0003,0.38622915744781494,-0.05933897942304611,0.039244346,0.03540338222519494,-0.7381843579933047,-0.04220264833711553,0.2,3610,0.231005859375
1350,550,-0.009638909999999952,363,743424,300.0,0.0003,0.38251549005508423,-0.05078074336051941,0.036991782,0.05243136183125898,-0.6970307778567075,-0.04083408816077281,0.2,3620,0.22705078125
1353,550,0.08529623000000001,364,745472,300.0,0.0003,0.47883087396621704,-0.06292574107646942,0.03713371,0.0552811233443208,-0.709308204986155,-0.039382941901567395,0.2,3630,0.233837890625
1355,551,-0.04872823000000001,365,747520,300.0,0.0003,0.2916226387023926,-0.054116230458021164,0.035901524,0.04539714629063383,-0.7335132298991084,-0.04296705755696166,0.2,3640,0.230224609375
1358,551,-0.10540356000000002,366,749568,300.0,0.0003,0.49585598707199097,-0.04435237869620323,0.036709443,0.024724471097579227,-0.7236767206341028,-0.04086870856117457,0.2,3650,0.223193359375
1360,552,-0.17850875000000002,367,751616,300.0,0.0003,0.3626360297203064,-0.0551288016140461,0.036547936,0.05252436288865283,-0.7164480915293098,-0.03999393714184407,0.2,3660,0.2212890625
1363,552,-0.10415076999999999,368,753664,300.0,0.0003,0.12968569993972778,-0.04674786329269409,0.03631728,0.07327732454286888,-0.7403616150841117,-0.040313344809692356,0.2,3670,0.212255859375
1366,553,-0.17296699000000004,369,755712,300.0,0.0003,0.37715762853622437,-0.037734292447566986,0.03613908,0.029783333040541038,-0.7251788575202227,-0.0389639975503087,0.2,3680,0.2193359375
1368,553,-0.041047460000000084,370,757760,300.0,0.0003,0.1825433373451233,-0.05786409229040146,0.037593715,0.026021549286087974,-0.7421473691239953,-0.041657660010969266,0.2,3690,0.241650390625
1370,554,-0.009878000000000085,371,759808,300.0,0.0003,0.04152601957321167,-0.06086932495236397,0.03590945,0.025001281252480113,-0.7546679843217134,-0.03869718416535761,0.2,3700,0.227001953125
1372,555,-0.07965187000000004,372,761856,300.0,0.0003,0.1881183385848999,-0.06398740410804749,0.0411357,0.03323953810613602,-0.7494041148573161,-0.045209710573544726,0.2,3710,0.239892578125
1375,555,-0.17262205000000003,373,763904,300.0,0.0003,0.23842614889144897,-0.03465574234724045,0.03887799,0.03524107261910103,-0.7312111314386129,-0.04085433300351724,0.2,3720,0.233642578125
1377,556,-0.06571957,374,765952,300.0,0.0003,-0.040052056312561035,-0.05120817944407463,0.041498423,0.06566989698912948,-0.7531950242817402,-0.043977593415183945,0.2,3730,0.233740234375
1379,556,-0.16404749999999996,375,768000,300.0,0.0003,0.33629119396209717,-0.06200367212295532,0.039321445,0.027011591417249292,-0.7570418613031507,-0.042156085507303945,0.2,3740,0.23447265625
1381,557,-0.16400953999999998,376,770048,300.0,0.0003,0.13657718896865845,-0.06876956671476364,0.03993839,0.028135160950478168,-0.759919536113739,-0.045718537099310196,0.2,3750,0.21982421875
1384,557,-0.03951597000000001,377,772096,300.0,0.0003,-0.08877170085906982,-0.03751450404524803,0.035723478,0.06157545415917411,-0.7501932213082909,-0.041940620527020654,0.2,3760,0.227197265625
1386,558,0.03221365999999996,378,774144,300.0,0.0003,0.08668935298919678,-0.047794342041015625,0.038966,0.04954480298329145,-0.7677272811532021,-0.04281190027832053,0.2,3770,0.230078125
1388,558,0.04771309999999993,379,776192,300.0,0.0003,-0.06835639476776123,-0.0489007905125618,0.03380947,0.020450129723758436,-0.7739659728482365,-0.04124357762921136,0.2,3780,0.218212890625
1391,559,0.02102806999999997,380,778240,300.0,0.0003,0.210238516330719,-0.03449080511927605,0.03034214,0.03100807789596729,-0.7658478900790214,-0.0395990914927097,0.2,3790,0.21796875
1393,560,-0.06241000999999995,381,780288,300.0,0.0003,0.06362760066986084,-0.06447194516658783,0.033863515,0.031346970913000406,-0.7661499725654721,-0.04057656777004013,0.2,3800,0.22158203125
1395,560,-0.014986849999999973,382,782336,300.0,0.0003,0.13349956274032593,-0.04422391206026077,0.032102868,0.03678189691272564,-0.8016002308577299,-0.041917234667926094,0.2,3810,0.227197265625
1397,561,-0.1582065199999999,383,784384,300.0,0.0003,0.10918807983398438,-0.0836310014128685,0.038778845,0.03548173995222896,-0.7958421928808093,-0.048492184150381944,0.2,3820,0.240185546875
1399,561,-0.09772393000000004,384,786432,300.0,0.0003,0.293698787689209,-0.05973578244447708,0.041526042,0.04599742963328026,-0.786042470484972,-0.04802485400578007,0.2,3830,0.243359375
1401,562,-0.12188489000000001,385,788480,300.0,0.0003,0.3891594409942627,-0.06840703636407852,0.031712566,0.014335965595091694,-0.787574540823698,-0.0407508740783669,0.2,3840,0.20830078125
1404,562,-0.24352442000000007,386,790528,300.0,0.0003,0.27797192335128784,-0.07062087953090668,0.032360505,0.04533655930426903,-0.8095555167645216,-0.04461307740129996,0.2,3850,0.228662109375
1406,563,-0.14241325000000005,387,792576,300.0,0.0003,0.23043811321258545,-0.0462210588157177,0.038048208,0.034400382911553604,-0.81631312482059,-0.04445392239722423,0.2,3860,0.2310546875
1408,563,-0.054149960000000046,388,794624,300.0,0.0003,-0.29712963104248047,-0.08087611198425293,0.03810957,0.03163612798671238,-0.7779225302860141,-0.042423324356786904,0.2,3870,0.229931640625
1411,564,0.017348359999999997,389,796672,300.0,0.0003,-0.23151469230651855,-0.06196253001689911,0.04203988,0.01729203499708092,-0.7686063207685947,-0.04351336691761389,0.2,3880,0.241552734375
1413,565,-0.05593540000000005,390,798720,300.0,0.0003,-0.2377796173095703,-0.08179572224617004,0.03760873,0.015635520292562433,-0.776768597215414,-0.04436375806690194,0.2,3890,0.23671875
1473,543,-0.06728285999999997,391,800768,300.0,0.0003,0.2477356195449829,-0.054745931178331375,0.03022857,0.030552378616994245,-0.767155303992331,-0.04362956997356378,0.2,3900,0.21142578125
1475,544,-0.20980432000000002,392,802816,300.0,0.0003,0.11001396179199219,-0.06402137875556946,0.03110439,0.019550030087702907,-0.78483976572752,-0.04359135751437861,0.2,3910,0.217578125
1478,544,-0.17863506999999998,393,804864,300.0,0.0003,0.2966111898422241,-0.07984840869903564,0.03580043,0.023521075589815154,-0.7470516405999661,-0.04413931273884373,0.2,3920,0.23466796875
1480,545,-0.29396475000000005,394,806912,300.0,0.0003,0.127180814743042,-0.02693859674036503,0.03646057,0.04082421736093238,-0.7832011317834258,-0.043173706348170526,0.2,3930,0.2212890625
1482,545,-0.42142079999999993,395,808960,300.0,0.0003,0.0912168025970459,-0.052305057644844055,0.035665356,0.02454462577297818,-0.7959818193688989,-0.0446722589287674,0.2,3940,0.24091796875
1485,545,-0.35301497,396,811008,300.0,0.0003,0.15932679176330566,-0.07551755756139755,0.032001212,0.016870852748979814,-0.7865057941526175,-0.04224118668498704,0.2,3950,0.225390625
1487,546,-0.3311392,397,813056,300.0,0.0003,0.09589570760726929,-0.060399286448955536,0.03770078,0.08398954243166372,-0.7807190893217921,-0.04421966631780379,0.2,3960,0.2228515625
1489,547,-0.29416703,398,815104,300.0,0.0003,0.07146430015563965,-0.03650324046611786,0.03459982,0.050708925863727924,-0.7793041547760368,-0.04255424631555797,0.2,3970,0.230615234375
1491,547,-0.21736767,399,817152,300.0,0.0003,0.08118897676467896,-0.0601373091340065,0.03495267,0.024370114057091996,-0.7815715156495571,-0.04279513233050238,0.2,3980,0.219091796875
1493,548,-0.22051758000000002,400,819200,300.0,0.0003,0.2834184765815735,-0.04640837758779526,0.036524095,0.05040463047917001,-0.7508925016969442,-0.04509410476312041,0.2,3990,0.233642578125
1496,548,-0.10150931000000003,401,821248,300.0,0.0003,0.016053497791290283,-0.08760493248701096,0.03096192,0.020880813730764204,-0.7884935805574059,-0.04709605509415269,0.2,4000,0.218896484375
1498,549,-0.12538686,402,823296,300.0,0.0003,0.10709261894226074,-0.0365823432803154,0.04349433,0.04499064881820232,-0.8004378832876682,-0.044300876554916616,0.2,4010,0.248681640625
1500,549,-0.03248186999999994,403,825344,300.0,0.0003,0.13924843072891235,-0.07234851270914078,0.03623616,0.03573780335718766,-0.7986379846930504,-0.04450900437659584,0.2,4020,0.230908203125
1502,550,-0.17411633999999998,404,827392,300.0,0.0003,0.2900441884994507,-0.04980244114995003,0.037217893,0.03735961191705428,-0.7873367700725794,-0.04414923579897732,0.2,4030,0.2296875
1505,550,0.07845097000000001,405,829440,300.0,0.0003,0.4238266348838806,-0.0422617569565773,0.031744424,0.03898338159779087,-0.7962546125054359,-0.04245385535468813,0.2,4040,0.212451171875
1507,551,0.20425248,406,831488,300.0,0.0003,0.3832053542137146,-0.06243357062339783,0.036505714,0.03467469320166856,-0.7692394543439149,-0.04109875740541611,0.2,4050,0.238720703125
1510,551,0.1060288999999999,407,833536,300.0,0.0003,0.3835955858230591,-0.0705447643995285,0.034836747,0.04570722065982409,-0.777763393893838,-0.04531692255986854,0.2,4060,0.230126953125
1512,552,0.13002640999999998,408,835584,300.0,0.0003,0.11249560117721558,-0.07251522690057755,0.037364207,0.02691342813486699,-0.7891002481803298,-0.04432893861958291,0.2,4070,0.246435546875
1514,553,0.08826386,409,837632,300.0,0.0003,0.13788777589797974,-0.026629552245140076,0.03715507,0.07676600952399895,-0.7825498821213841,-0.044214999074756636,0.2,4080,0.230126953125
1516,553,0.1395053699999999,410,839680,300.0,0.0003,0.20668506622314453,-0.037121906876564026,0.035427228,0.02844867573294323,-0.7817871620878577,-0.04022631147527136,0.2,4090,0.230126953125
1519,554,0.06783099,411,841728,300.0,0.0003,0.19739919900894165,-0.061953652650117874,0.03709432,0.04118267482845113,-0.7878617960959673,-0.0465695314516779,0.2,4100,0.23564453125
1521,554,0.07228218999999997,412,843776,300.0,0.0003,0.2569462060928345,-0.06558117270469666,0.04256433,0.026512597137480044,-0.7851865516975522,-0.045164935570210216,0.2,4110,0.24140625
1523,555,0.08932558000000004,413,845824,300.0,0.0003,0.2686833143234253,-0.06785659492015839,0.036186278,0.06382470121025108,-0.7687586018815636,-0.04219381186994724,0.2,4120,0.24111328125
1525,555,-0.006176049999999993,414,847872,300.0,0.0003,0.1608142852783203,-0.014695316553115845,0.035047278,0.10450553813716397,-0.7910177316516638,-0.04163009904441424,0.2,4130,0.240625
1528,556,0.18571985000000002,415,849920,300.0,0.0003,0.16753756999969482,-0.060666829347610474,0.038623128,0.03861735955579206,-0.7463117778301239,-0.04419914667669218,0.2,4140,0.232275390625
1530,556,0.2226509500000001,416,851968,300.0,0.0003,-0.3993419408798218,-0.0947604775428772,0.03658171,0.024578171814209782,-0.7488492814823985,-0.04680532234488055,0.2,4150,0.240283203125
1532,557,0.20648422000000008,417,854016,300.0,0.0003,-0.022278547286987305,-0.034456510096788406,0.038527273,0.04094463291112334,-0.7374769974499941,-0.04214588750328403,0.2,4160,0.226025390625
1534,557,0.2420955000000001,418,856064,300.0,0.0003,0.22284507751464844,-0.0341482050716877,0.03859012,0.04289647185942158,-0.7417351298034192,-0.04398687668290222,0.2,4170,0.2283203125
1537,558,0.17676766999999993,419,858112,300.0,0.0003,0.4774700403213501,-0.07628315687179565,0.04049807,0.02636603135324549,-0.7154080541804433,-0.04324070379079785,0.2,4180,0.220751953125
1539,558,0.1703673400000001,420,860160,300.0,0.0003,0.2894743084907532,-0.04974180832505226,0.038359456,0.06406267754500732,-0.7252623675391078,-0.04290415452851448,0.2,4190,0.226171875
1541,559,0.16163595,421,862208,300.0,0.0003,0.32971328496932983,-0.07450743019580841,0.035731822,0.050739404367050156,-0.7611161222681403,-0.042429785756394264,0.2,4200,0.2361328125
1543,559,0.26425298,422,864256,300.0,0.0003,0.29171448945999146,-0.04659368470311165,0.033131544,0.0835708883474581,-0.7514849485829472,-0.04102307883440517,0.2,4210,0.209521484375
1546,560,0.38295731000000005,423,866304,300.0,0.0003,0.25128889083862305,-0.07728132605552673,0.03632173,0.0312482646870194,-0.7235046392306685,-0.04522014828107786,0.2,4220,0.229541015625
1548,560,0.43834177,424,868352,300.0,0.0003,0.34327054023742676,-0.06178309768438339,0.04108678,0.041341480932896954,-0.7293831983581185,-0.045698292984161525,0.2,4230,0.233349609375
1550,561,0.5982988899999999,425,870400,300.0,0.0003,0.38011521100997925,-0.052126482129096985,0.03582722,0.04821211945964023,-0.7265806391835212,-0.04574550886463839,0.2,4240,0.22783203125
1552,561,0.53183629,426,872448,300.0,0.0003,0.5972274541854858,-0.05279763415455818,0.03347102,0.026000887324335052,-0.7146794717758894,-0.04068164270138368,0.2,4250,0.21875
1555,562,0.5915653099999999,427,874496,300.0,0.0003,0.528746485710144,-0.05530558526515961,0.034271397,0.03809700103010982,-0.7171189954504371,-0.045118854055181144,0.2,4260,0.22783203125
1557,562,0.68748543,428,876544,300.0,0.0003,0.6104130744934082,-0.058233246207237244,0.035480328,0.04515494147781283,-0.7222460944205522,-0.04434188054583501,0.2,4270,0.2173828125
1559,563,0.65267138,429,878592,300.0,0.0003,0.3951180577278137,-0.038671672344207764,0.03738393,0.10849248096346856,-0.7117473613470793,-0.04345018397289095,0.2,4280,0.22490234375
1561,563,0.48286736999999996,430,880640,300.0,0.0003,0.4913032650947571,-0.05508313328027725,0.034375824,0.0513274080643896,-0.7366070311516524,-0.046708501753164454,0.2,4290,0.237255859375
1564,564,0.49507293999999996,431,882688,300.0,0.0003,0.738657534122467,-0.0636616200208664,0.03398258,0.02290297096478753,-0.7352097649127245,-0.042536418285453695,0.2,4300,0.222900390625
1566,564,0.51814649,432,884736,300.0,0.0003,0.4020698666572571,-0.03355150669813156,0.030517034,0.08148271401878446,-0.7358328301459551,-0.03919808957070927,0.2,4310,0.219384765625
1569,565,0.38895449,433,886784,300.0,0.0003,0.6450420618057251,-0.06098322942852974,0.03630748,0.020931023251614535,-0.7009987449273467,-0.044147331651765855,0.2,4320,0.23193359375
1571,565,0.37620426,434,888832,300.0,0.0003,0.37195444107055664,-0.050449710339307785,0.035552543,0.044249686563853176,-0.7132796408608556,-0.039743573285522873,0.2,4330,0.215673828125
1573,566,0.23492370000000007,435,890880,300.0,0.0003,0.14626389741897583,-0.05595608055591583,0.038482476,0.058258411020506176,-0.7153564630076289,-0.043341398535994814,0.2,4340,0.238818359375
1576,566,0.36106258,436,892928,300.0,0.0003,0.05420178174972534,-0.03678205981850624,0.03375507,0.06807142233010381,-0.7330508805811405,-0.043201478457194756,0.2,4350,0.2107421875
1578,567,0.31916893,437,894976,300.0,0.0003,0.07078033685684204,-0.037494394928216934,0.03581037,0.05740896693896502,-0.7309968912974,-0.04259500191838015,0.2,4360,0.2283203125
1580,567,0.33711047000000005,438,897024,300.0,0.0003,-0.057451725006103516,-0.05297287553548813,0.040841058,0.03672897800570354,-0.7146108992397785,-0.042250588961178434,0.2,4370,0.23427734375
1582,568,0.23524257999999992,439,899072,300.0,0.0003,0.15965431928634644,-0.049093231558799744,0.036707446,0.05775924902409315,-0.7248251935467124,-0.043542104575317354,0.2,4380,0.216552734375
1645,547,0.3276420900000001,440,901120,300.0,0.0003,0.04818069934844971,-0.06472314149141312,0.04068716,0.060494774824474004,-0.7182604422792792,-0.04584131052542943,0.2,4390,0.23212890625
1647,548,0.38722239,441,903168,300.0,0.0003,-0.2773808240890503,-0.06461888551712036,0.036771823,0.023640583327505738,-0.7339608192443847,-0.04167588199779857,0.2,4400,0.21728515625
1650,548,0.14081543999999996,442,905216,300.0,0.0003,0.13334226608276367,-0.06173048913478851,0.039481036,0.040552377031417564,-0.7189356341958046,-0.046637776598799974,0.2,4410,0.2287109375
1652,549,0.0035471799999999653,443,907264,300.0,0.0003,0.29818230867385864,-0.0682627484202385,0.03156911,0.035564025939675045,-0.7166223917156458,-0.0433017382863909,0.2,4420,0.21982421875
1654,549,-0.007389359999999918,444,909312,300.0,0.0003,0.23008191585540771,-0.02338409796357155,0.035987638,0.05957689780043438,-0.7204164942726493,-0.04513020938320551,0.2,4430,0.223876953125
1657,549,-0.05952773999999997,445,911360,300.0,0.0003,0.4311180114746094,-0.04439425468444824,0.03792721,0.03763113678433001,-0.6900129545480013,-0.04068301672523376,0.2,4440,0.22568359375
1659,550,-0.10113475999999999,446,913408,300.0,0.0003,0.2464239001274109,-0.039007436484098434,0.037268497,0.03527921942295507,-0.7405540751293301,-0.042816636593488513,0.2,4450,0.228857421875
1661,550,-0.12917212999999997,447,915456,300.0,0.0003,-0.0026540756225585938,-0.05460387095808983,0.03805931,0.024982578912749888,-0.7148277034983039,-0.044560721683956216,0.2,4460,0.232666015625
1663,551,0.09870505000000013,448,917504,300.0,0.0003,0.2878451347351074,-0.06823795288801193,0.03771046,0.014692617152468302,-0.7164690533652902,-0.04081619564676657,0.2,4470,0.207275390625
1665,552,-0.014386350000000006,449,919552,300.0,0.0003,0.15628641843795776,-0.06338116526603699,0.042087317,0.02598226623085793,-0.715667592547834,-0.04109503070649225,0.2,4480,0.226416015625
1667,552,0.14977017,450,921600,300.0,0.0003,0.10379928350448608,-0.04013283550739288,0.037720837,0.047211620380403475,-0.7211501179262996,-0.041249200722086245,0.2,4490,0.229248046875
1669,553,0.03727608000000007,451,923648,300.0,0.0003,0.1971909999847412,-0.051015015691518784,0.03713374,0.060578057635575534,-0.7012829696759582,-0.04547237421502359,0.2,4500,0.223291015625
1671,553,0.14091712000000003,452,925696,300.0,0.0003,0.18121486902236938,-0.05026776343584061,0.039267205,0.03525618930580095,-0.6932592349126935,-0.04466640829632525,0.2,4510,0.22998046875
1673,554,0.08407285999999992,453,927744,300.0,0.0003,0.22136616706848145,-0.04554788023233414,0.039274286,0.055469689273741095,-0.6794336384162307,-0.04571040265727788,0.2,4520,0.22900390625
1675,554,0.2798326299999999,454,929792,300.0,0.0003,0.16836631298065186,0.003300625830888748,0.038305696,0.07484292552107945,-0.6621504772454501,-0.0380788220296381,0.2,4530,0.220263671875
1677,555,0.27385799,455,931840,300.0,0.0003,0.43346643447875977,-0.044059619307518005,0.041336976,0.01877805414260365,-0.6605735744349659,-0.04063738044715137,0.2,4540,0.21708984375
1680,555,0.37261761000000004,456,933888,300.0,0.0003,0.4276145100593567,-0.06855243444442749,0.03876622,0.007767009110102663,-0.6837276138365269,-0.04391697144892533,0.2,4550,0.223291015625
1682,556,0.3768561300000002,457,935936,300.0,0.0003,0.34725672006607056,-0.044316306710243225,0.04030365,0.050188675534445795,-0.6612370220944286,-0.04180808225355577,0.2,4560,0.233056640625
1684,556,0.39352237,458,937984,300.0,0.0003,0.414098858833313,-0.04820829629898071,0.03428844,0.04257020077784546,-0.6995236877351999,-0.04377721587952692,0.2,4570,0.22294921875
1686,557,0.38076558000000005,459,940032,300.0,0.0003,0.22394907474517822,-0.07033801823854446,0.039335333,0.024498189563746563,-0.6594810757786036,-0.0408518496536999,0.2,4580,0.216552734375
1688,557,0.5422285299999999,460,942080,300.0,0.0003,0.17846918106079102,-0.069943368434906,0.04099719,0.036300288210622964,-0.7020268704742193,-0.04332248126011109,0.2,4590,0.2376953125
1690,558,0.40943263,461,944128,300.0,0.0003,0.04057890176773071,-0.040252260863780975,0.044780783,0.06598270192625932,-0.6910248911008239,-0.04017048981913831,0.2,4600,0.236328125
1692,558,0.4336130400000001,462,946176,300.0,0.0003,0.03602612018585205,-0.03978164494037628,0.039806627,0.09732019020011648,-0.6892522888258099,-0.045013600966194646,0.2,4610,0.243212890625
1695,559,0.26825353,463,948224,300.0,0.0003,-0.0008014440536499023,-0.031546466052532196,0.04245274,0.041147886752150954,-0.6607359064742923,-0.043587714769819284,0.2,4620,0.230517578125
1697,559,0.48551147000000006,464,950272,300.0,0.0003,0.01200413703918457,-0.06476099789142609,0.037250638,0.03255213787197135,-0.6823522733524442,-0.04272702391899656,0.2,4630,0.215966796875
1699,560,0.5847689999999999,465,952320,300.0,0.0003,0.02581232786178589,-0.08739019930362701,0.043905005,0.03710052347742021,-0.6792735582217574,-0.04202040290692821,0.2,4640,0.221142578125
1701,560,0.4101118500000001,466,954368,300.0,0.0003,0.180672287940979,-0.03015398234128952,0.04542582,0.07344871356617659,-0.6776022359728813,-0.041271772899199276,0.2,4650,0.2326171875
1703,561,0.42780134000000003,467,956416,300.0,0.0003,0.003072381019592285,-0.04108070582151413,0.043282934,0.0596490635885857,-0.7199395202100277,-0.04686644003377296,0.2,4660,0.2494140625
1705,561,0.39560839000000003,468,958464,300.0,0.0003,0.1547890305519104,-0.053051967173814774,0.038781293,0.07174581413855777,-0.7014755735173821,-0.04400024959759321,0.2,4670,0.23837890625
1708,562,0.46324284,469,960512,300.0,0.0003,0.5977477431297302,-0.06887134909629822,0.04179833,0.021527931321179493,-0.7011523891240359,-0.04296670208132127,0.2,4680,0.2365234375
1710,562,0.5113961199999999,470,962560,300.0,0.0003,0.315032958984375,-0.050169818103313446,0.035072207,0.033389364910544825,-0.6985811332240701,-0.04151567987573799,0.2,4690,0.219873046875
1712,563,0.5419200700000001,471,964608,300.0,0.0003,0.5335845947265625,-0.07194610685110092,0.037089698,0.02650649924762547,-0.7027349373325705,-0.04425244813610334,0.2,4700,0.238671875
1714,563,0.5600489,472,966656,300.0,0.0003,0.6333774328231812,-0.06862276047468185,0.03836094,0.02750052549818065,-0.6931258326396346,-0.04352584487787681,0.2,4710,0.241357421875
1716,564,0.56239881,473,968704,300.0,0.0003,0.635816216468811,-0.08077601343393326,0.037245654,0.039071391546167435,-0.6911779131740332,-0.0410968894517282,0.2,4720,0.217626953125
1718,564,0.4282361700000001,474,970752,300.0,0.0003,0.5636686682701111,-0.044913701713085175,0.042706117,0.04518738928600215,-0.6750851806253195,-0.041208658169489355,0.2,4730,0.235009765625
1720,565,0.47467177000000005,475,972800,300.0,0.0003,0.5535959601402283,-0.036628358066082,0.039663993,0.05801529781892896,-0.6886653773486614,-0.04012685669877101,0.2,4740,0.22548828125
1722,565,0.57059534,476,974848,300.0,0.0003,0.5129362344741821,-0.0521366260945797,0.038213186,0.060104761039838195,-0.7114422706887126,-0.04216257117222995,0.2,4750,0.227490234375
1725,566,0.67553916,477,976896,300.0,0.0003,0.5271386504173279,-0.04262933135032654,0.040521696,0.05656875250278972,-0.7067577568814158,-0.04332881649024785,0.2,4760,0.23095703125
1727,566,0.63916049,478,978944,300.0,0.0003,0.28114253282546997,-0.04732947051525116,0.046572674,0.06271627753740176,-0.6990942254662513,-0.04683393354061991,0.2,4770,0.23798828125
1729,567,0.3216122699999999,479,980992,300.0,0.0003,0.42882853746414185,-0.0795724093914032,0.04131849,0.037239547603530807,-0.6818566100671888,-0.04471407886594534,0.2,4780,0.246630859375
1731,567,0.2973515200000001,480,983040,300.0,0.0003,0.351689875125885,-0.09483488649129868,0.041818395,0.023691389043233358,-0.687132204324007,-0.044948092062259096,0.2,4790,0.23134765625
1733,568,0.44580463000000004,481,985088,300.0,0.0003,0.3816105127334595,-0.05680391937494278,0.039888535,0.042371518834261226,-0.6983769197016955,-0.04102735125925392,0.2,4800,0.22548828125
1735,568,0.26526442000000006,482,987136,300.0,0.0003,0.27289414405822754,-0.055163778364658356,0.03812319,0.053084794781170785,-0.6826526446267962,-0.042203022708417845,0.2,4810,0.224072265625
1737,569,0.32460988999999996,483,989184,300.0,0.0003,0.46045464277267456,-0.059726446866989136,0.041297447,0.015582472390087787,-0.6911773353815078,-0.045505644392687825,0.2,4820,0.23173828125
1739,569,0.24830442000000003,484,991232,300.0,0.0003,-0.029960155487060547,-0.06611620634794235,0.04686573,0.03240748043172061,-0.6741426229476929,-0.04687405043223407,0.2,4830,0.246826171875
1741,570,0.08973232999999999,485,993280,300.0,0.0003,0.24463820457458496,-0.06934716552495956,0.041951686,0.029651154071325438,-0.6866712469607592,-0.042769117490388454,0.2,4840,0.229541015625
1744,570,0.015165959999999958,486,995328,300.0,0.0003,0.032343149185180664,-0.01485234871506691,0.038587123,0.06655329180066474,-0.6623954342678189,-0.03776281783939339,0.2,4850,0.229052734375
1746,571,0.09874773,487,997376,300.0,0.0003,-0.031552910804748535,-0.0446743369102478,0.038644776,0.03812527973204851,-0.6751141468062997,-0.04191835744713899,0.2,4860,0.226513671875
1748,571,0.17757518000000005,488,999424,300.0,0.0003,-0.14921021461486816,-0.03472157567739487,0.045901343,0.024968281949986702,-0.6722120262682438,-0.04380124520539539,0.2,4870,0.2369140625
1806,554,0.23719626999999996,489,1001472,300.0,0.0003,-0.21620798110961914,-0.04556556046009064,0.039515704,0.03902750276611187,-0.6496514977887273,-0.043788943522667975,0.2,4880,0.235546875
1808,554,0.15826526,490,1003520,300.0,0.0003,-0.14208483695983887,-0.06795554608106613,0.04078666,0.05734801849466749,-0.6898698257282376,-0.04462740643357392,0.2,4890,0.243408203125
1810,555,0.34536418999999996,491,1005568,300.0,0.0003,0.052709877490997314,-0.04875880852341652,0.042153344,0.039715163147775456,-0.6448611676692962,-0.04087743277195841,0.2,4900,0.21953125
1812,555,0.11212146000000005,492,1007616,300.0,0.0003,0.030269622802734375,-0.053299788385629654,0.041414186,0.04257200746214949,-0.6686401948332786,-0.04175667866948061,0.2,4910,0.2220703125
1815,556,-0.12030850999999997,493,1009664,300.0,0.0003,-0.007761597633361816,-0.06899885088205338,0.03840813,0.03283531263878103,-0.6803331779316067,-0.04281490131397732,0.2,4920,0.22255859375
1817,556,-0.11701555,494,1011712,300.0,0.0003,0.1353049874305725,-0.06923992931842804,0.04693801,0.02377558271691669,-0.6631821675226093,-0.04576351018040441,0.2,4930,0.225244140625
1819,557,0.10832028,495,1013760,300.0,0.0003,0.3570529818534851,-0.061227940022945404,0.039566796,0.016638235951540993,-0.6806251602247357,-0.04049623539322056,0.2,4940,0.227978515625
1821,557,-0.04359657,496,1015808,300.0,0.0003,-0.11201012134552002,-0.03691193461418152,0.041655682,0.03923260328592733,-0.6397084603086114,-0.044834041691501625,0.2,4950,0.232568359375
1823,558,-0.04736811000000002,497,1017856,300.0,0.0003,0.04718303680419922,-0.051034800708293915,0.046535708,0.01767116771370638,-0.6598194226622581,-0.04009393700980581,0.2,4960,0.225
1825,558,0.01106134000000004,498,1019904,300.0,0.0003,0.00789874792098999,-0.040008727461099625,0.04730031,0.03286354239098728,-0.6473875649273395,-0.041774930080282505,0.2,4970,0.23798828125
1827,559,0.13414703,499,1021952,300.0,0.0003,0.1615368127822876,-0.043241262435913086,0.043145366,0.04574571409029886,-0.6552834922447801,-0.04171886088442989,0.2,4980,0.237255859375
1829,559,0.21155754999999998,500,1024000,300.0,0.0003,0.2328726053237915,-0.03979320824146271,0.04408893,0.04410439695930109,-0.6529819147661329,-0.040584040671819824,0.2,4990,0.246044921875
1831,560,0.31292194,501,1026048,300.0,0.0003,0.0032999515533447266,-0.06782665848731995,0.046047676,0.03324829238699749,-0.6531755378469825,-0.044459987274603915,0.2,5000,0.235888671875
1833,560,0.37883221,502,1028096,300.0,0.0003,0.08710187673568726,-0.04891817271709442,0.04540008,0.0671723392617423,-0.639945652987808,-0.04113411643484142,0.2,5010,0.233935546875
1835,561,0.21390902999999997,503,1030144,300.0,0.0003,0.035082101821899414,-0.047558560967445374,0.044579167,0.03224708731286228,-0.6484843757003546,-0.041935839648067484,0.2,5020,0.23046875
1838,561,0.21153538999999988,504,1032192,300.0,0.0003,0.19960230588912964,-0.05358892306685448,0.043094277,0.024050591271952727,-0.649445244949311,-0.045017190888756886,0.2,5030,0.232568359375
1840,561,0.15251608999999994,505,1034240,300.0,0.0003,0.182253897190094,-0.06466716527938843,0.049359817,0.032660108857089656,-0.6475959459319711,-0.04577284005936235,0.2,5040,0.2470703125
1842,562,0.11281804999999995,506,1036288,300.0,0.0003,0.24858838319778442,-0.028551975265145302,0.039776005,0.07026393444975838,-0.6547198377549648,-0.03928036599245388,0.2,5050,0.226953125
1844,562,0.22584354999999984,507,1038336,300.0,0.0003,0.5168062448501587,-0.06243167072534561,0.04678074,0.02162605506600812,-0.6355963706038892,-0.04278740538429702,0.2,5060,0.230419921875
1846,563,0.3182754999999998,508,1040384,300.0,0.0003,0.25975102186203003,-0.04438919574022293,0.04212735,0.05001194628421217,-0.6395879290997982,-0.04334158806304913,0.2,5070,0.23837890625
1848,563,0.30222183999999996,509,1042432,300.0,0.0003,0.19236969947814941,-0.058145537972450256,0.04187799,0.03609491033712402,-0.6179806431755424,-0.04309547749580815,0.2,5080,0.229833984375
1850,564,0.26160244999999993,510,1044480,300.0,0.0003,0.13345682621002197,-0.03881876543164253,0.04380732,0.05461229283828288,-0.6206794373691082,-0.04194195520394715,0.2,5090,0.221484375
1853,564,0.4185146699999999,511,1046528,300.0,0.0003,-0.3458232879638672,-0.06629598885774612,0.044508193,0.017813278784160502,-0.6416581031866372,-0.045146506893797775,0.2,5100,0.23662109375
1855,565,0.27059224000000004,512,1048576,300.0,0.0003,-0.053377389907836914,-0.056455325335264206,0.042079315,0.03499282397096977,-0.6109909646213054,-0.04243684620887507,0.2,5110,0.23037109375
1857,565,0.1615334,513,1050624,300.0,0.0003,-0.09634089469909668,-0.06512794643640518,0.038375493,0.048809631558833645,-0.6301688488572836,-0.038545000067097136,0.2,5120,0.221337890625
1859,566,-0.00374793000000004,514,1052672,300.0,0.0003,-0.0872420072555542,-0.033772312104701996,0.043390073,0.05828765373444185,-0.6268792360089719,-0.045343488547950984,0.2,5130,0.242138671875
1861,566,-0.14358347999999999,515,1054720,300.0,0.0003,-0.28140807151794434,-0.048564113676548004,0.04098258,0.03030514323618263,-0.6386619536206126,-0.04180441505159251,0.2,5140,0.224658203125
1863,566,-0.14905848,516,1056768,300.0,0.0003,-0.0668790340423584,-0.030960626900196075,0.039095886,0.08736660340800881,-0.6350313657894731,-0.04285536537063308,0.2,5150,0.220947265625
1865,567,-0.28385068,517,1058816,300.0,0.0003,0.049527764320373535,-0.019929159432649612,0.040687624,0.07607131571276113,-0.6152471869252623,-0.0390408019797178,0.2,5160,0.211376953125
1868,567,-0.23319613999999994,518,1060864,300.0,0.0003,-0.02263498306274414,-0.05143309012055397,0.043090314,0.03365524123655632,-0.640965610742569,-0.04150841702066828,0.2,5170,0.228857421875
1870,568,-0.12282120999999993,519,1062912,300.0,0.0003,0.042107224464416504,-0.04753228649497032,0.04886116,0.06935482682893053,-0.6511193396523595,-0.04418467420182424,0.2,5180,0.2509765625
1872,568,-0.021161969999999995,520,1064960,300.0,0.0003,0.10010391473770142,-0.0319155752658844,0.045037046,0.04742561599123292,-0.6105584757402539,-0.03778205396374688,0.2,5190,0.229052734375
1874,569,-0.03505094000000001,521,1067008,300.0,0.0003,0.18878722190856934,-0.006303753703832626,0.03755376,0.07520020806696266,-0.6096536331810057,-0.03926867343107006,0.2,5200,0.22744140625
1876,569,0.055673310000000045,522,1069056,300.0,0.0003,0.1282079815864563,-0.04986654222011566,0.043310523,0.05481326846638694,-0.6279557228088379,-0.04301463803858496,0.2,5210,0.229052734375
1878,570,0.14017416000000002,523,1071104,300.0,0.0003,0.07466471195220947,-0.062929168343544,0.042873576,0.04594752083066851,-0.6335015397518873,-0.04365749080243404,0.2,5220,0.239453125
1880,570,0.10354106000000002,524,1073152,300.0,0.0003,0.2091318964958191,-0.03946620970964432,0.039932534,0.06526725341100245,-0.6497178321704269,-0.04194063199684024,0.2,5230,0.22177734375
1882,571,0.04206286000000001,525,1075200,300.0,0.0003,0.2857011556625366,-0.04032110422849655,0.043263167,0.06000287071801722,-0.6097125337459147,-0.03841130455257371,0.2,5240,0.225634765625
1885,571,0.02192901000000001,526,1077248,300.0,0.0003,-0.009731173515319824,-0.06142977625131607,0.043975998,0.042873162624891846,-0.6258879840373993,-0.04390013441734482,0.2,5250,0.232568359375
1887,571,0.041537479999999974,527,1079296,300.0,0.0003,0.059416890144348145,-0.03226274624466896,0.040939353,0.10368163909297437,-0.6223239839076996,-0.04157205529336352,0.2,5260,0.214404296875
1889,572,0.44619690999999995,528,1081344,300.0,0.0003,-0.04955649375915527,-0.04967477172613144,0.044398498,0.04166678769397549,-0.6279460394755005,-0.042493550998915455,0.2,5270,0.22763671875
1891,572,0.62601562,529,1083392,300.0,0.0003,0.21063631772994995,-0.048744186758995056,0.033664394,0.06447473110165447,-0.6345806323923171,-0.0385660446510883,0.2,5280,0.201708984375
1893,573,0.7615288200000002,530,1085440,300.0,0.0003,0.2758052349090576,-0.04518052563071251,0.039798047,0.019821752476855182,-0.6278695467859506,-0.04384579232428223,0.2,5290,0.220166015625
1895,573,0.6928771200000001,531,1087488,300.0,0.0003,0.41147398948669434,-0.03820956498384476,0.04069154,0.01800146481837146,-0.6401309045031667,-0.044960536557482556,0.2,5300,0.22724609375
1897,574,0.6933925599999999,532,1089536,300.0,0.0003,0.38977086544036865,-0.06516936421394348,0.044709384,0.01896712189191021,-0.6368048730306327,-0.045189735072199255,0.2,5310,0.245263671875
1899,574,0.508807,533,1091584,300.0,0.0003,0.3918585777282715,-0.03719598799943924,0.04039567,0.04367772394325584,-0.6486698590219021,-0.03905452792241704,0.2,5320,0.223828125
1901,575,0.27265506,534,1093632,300.0,0.0003,0.2961270213127136,-0.05487348511815071,0.03726814,0.03183198940823786,-0.6385645201429725,-0.04061904427944683,0.2,5330,0.2134765625
1904,575,0.30512549000000005,535,1095680,300.0,0.0003,0.4995408058166504,-0.053772710263729095,0.041359603,0.036279926548013465,-0.6534977363422513,-0.042714117691502906,0.2,5340,0.22294921875
1906,575,0.31491174000000005,536,1097728,300.0,0.0003,0.2916172742843628,-0.03564854711294174,0.04077369,0.02534976397000719,-0.649792855232954,-0.039998130372259764,0.2,5350,0.215771484375
1908,576,0.2702209,537,1099776,300.0,0.0003,0.14460068941116333,-0.047455716878175735,0.03761651,0.062435791618190704,-0.6435238345526159,-0.042021508485777306,0.2,5360,0.2146484375
1967,559,0.09903551999999997,538,1101824,300.0,0.0003,0.05998045206069946,-0.05419699847698212,0.0436977,0.03629352823481895,-0.6514838078990579,-0.04217085669370135,0.2,5370,0.225927734375
1969,560,0.05137187999999995,539,1103872,300.0,0.0003,0.2540123462677002,-0.05294964462518692,0.041466743,0.0205732922302559,-0.6463897380977869,-0.04289831682981458,0.2,5380,0.22353515625
1971,560,-0.05626883000000001,540,1105920,300.0,0.0003,0.335970938205719,-0.051944129168987274,0.054888748,0.03590229089604691,-0.6791114926338195,-0.046843621911830266,0.2,5390,0.24677734375
1974,561,0.005555309999999922,541,1107968,300.0,0.0003,0.19939327239990234,-0.030365195125341415,0.041417148,0.033172026317333805,-0.6481206149794161,-0.03770488032751018,0.2,5400,0.215673828125
1976,561,-0.15589267000000004,542,1110016,300.0,0.0003,0.251120388507843,-0.043451838195323944,0.042412322,0.03829805661807768,-0.6483642385341227,-0.041937931954453236,0.2,5410,0.21220703125
1978,562,-0.30353603000000007,543,1112064,300.0,0.0003,0.180594801902771,-0.05537237972021103,0.046311148,0.03272184665547684,-0.6555864622816443,-0.042539375799242406,0.2,5420,0.231982421875
1980,562,-0.31617109000000004,544,1114112,300.0,0.0003,0.21054691076278687,-0.04219537600874901,0.043000914,0.04820875384029932,-0.6535406794399024,-0.04150341146741994,0.2,5430,0.223974609375
1982,563,-0.2989507800000001,545,1116160,300.0,0.0003,0.1535179615020752,-0.06686481833457947,0.044085324,0.02870226210798137,-0.6590341724455356,-0.0448130284625222,0.2,5440,0.238525390625
1984,563,-0.25807292000000004,546,1118208,300.0,0.0003,0.33960866928100586,-0.04184199124574661,0.041721698,0.02533569461083971,-0.6557638147845865,-0.042209553788416086,0.2,5450,0.21484375
1986,563,-0.14894211999999998,547,1120256,300.0,0.0003,0.17320460081100464,-0.012110363692045212,0.039884027,0.07730928440578282,-0.660960715636611,-0.04218713659065543,0.2,5460,0.22451171875
1989,564,-2.0499999999900044e-05,548,1122304,300.0,0.0003,0.31187862157821655,-0.04064364358782768,0.0363833,0.0443934497947339,-0.6381159318611026,-0.04018144818255678,0.2,5470,0.21494140625
1991,564,-0.010072989999999954,549,1124352,300.0,0.0003,0.09429043531417847,-0.03758489713072777,0.037016135,0.03889268994680606,-0.6382261143997312,-0.03922017691074871,0.2,5480,0.2177734375
1993,565,-0.14215336999999997,550,1126400,300.0,0.0003,0.3030547499656677,-0.04875699430704117,0.04254153,0.03779143950669095,-0.6541654828935861,-0.040670380450319496,0.2,5490,0.225048828125
1995,565,-0.25842342,551,1128448,300.0,0.0003,0.012235581874847412,-0.041439399123191833,0.040313426,0.07680034731747583,-0.6376680368557572,-0.04018846096005291,0.2,5500,0.220556640625
1998,565,-0.27293549000000006,552,1130496,300.0,0.0003,-0.2185753583908081,-0.08425508439540863,0.04086866,0.021798706959816627,-0.6727226672694087,-0.04249127361399587,0.2,5510,0.235205078125
2000,566,-0.25354354999999995,553,1132544,300.0,0.0003,-0.01642787456512451,-0.06788209080696106,0.044800624,0.03608476230292581,-0.6507756359875202,-0.04268476157449186,0.2,5520,0.2298828125
2002,566,-0.10156037,554,1134592,300.0,0.0003,-0.0283430814743042,-0.05277596786618233,0.040966913,0.05517862336710096,-0.6472352622076869,-0.04009772177087143,0.2,5530,0.22412109375
2004,567,-0.17032050999999998,555,1136640,300.0,0.0003,0.03481626510620117,-0.03834769129753113,0.047005005,0.06302100399043412,-0.6391755355522036,-0.04189658848044928,0.2,5540,0.239501953125
2006,567,-0.17977870000000004,556,1138688,300.0,0.0003,-0.09785938262939453,-0.03333825618028641,0.04265104,0.03717271799105219,-0.6459504131227731,-0.042843799808179026,0.2,5550,0.222509765625
2008,567,-0.19527765,557,1140736,300.0,0.0003,0.21839284896850586,-0.044553644955158234,0.040224798,0.04630866598745342,-0.6192606627009809,-0.039478447285364385,0.2,5560,0.225732421875
2010,568,-0.07435730999999995,558,1142784,300.0,0.0003,0.08419889211654663,-0.018505007028579712,0.04034224,0.0781610955367796,-0.6422941121272743,-0.042108723738056145,0.2,5570,0.22314453125
2012,568,-0.08425996999999998,559,1144832,300.0,0.0003,-0.0951617956161499,-0.060885120183229446,0.0486264,0.024030768222291953,-0.640445027127862,-0.04539631035295315,0.2,5580,0.236328125
2015,569,-0.09322176000000003,560,1146880,300.0,0.0003,0.060390353202819824,-0.05861559510231018,0.051215306,0.06220182552933693,-0.6498646831139923,-0.041599688107089604,0.2,5590,0.242236328125
2017,569,-0.16040857000000008,561,1148928,300.0,0.0003,0.17637425661087036,-0.02468723990023136,0.04729124,0.06400710852467455,-0.6374525835737586,-0.04108988774387399,0.2,5600,0.24287109375
2019,569,-0.19585299999999997,562,1150976,300.0,0.0003,-0.0133897066116333,-0.06322405487298965,0.04518072,0.026797891096794046,-0.6378317412920296,-0.044891117366205435,0.2,5610,0.235107421875
2021,570,-0.29023549000000004,563,1153024,300.0,0.0003,0.1334400177001953,-0.044128306210041046,0.045240566,0.03852608897723257,-0.639718617964536,-0.04661590406612959,0.2,5620,0.23916015625
2023,570,0.01938879000000002,564,1155072,300.0,0.0003,-0.05853104591369629,-0.06735042482614517,0.04175058,0.047517001314554365,-0.6509775534272194,-0.0423222002282273,0.2,5630,0.22001953125
2026,571,0.04195767000000003,565,1157120,300.0,0.0003,0.08898836374282837,-0.052390508353710175,0.04545597,0.029540648602414878,-0.6047659884206951,-0.04041950968967285,0.2,5640,0.219970703125
2027,571,0.03604203000000002,566,1159168,300.0,0.0003,0.08024799823760986,-0.04922368749976158,0.04426845,0.018560337313101628,-0.6450003527104855,-0.041641510935733095,0.2,5650,0.226708984375
2030,571,0.13045388,567,1161216,300.0,0.0003,0.12247556447982788,-0.046549584716558456,0.04669679,0.05175649776356295,-0.6215882794931531,-0.041569299311959185,0.2,5660,0.230615234375
2032,572,0.16796235000000004,568,1163264,300.0,0.0003,0.0007836222648620605,-0.07399577647447586,0.045563675,0.032721172482706604,-0.6173642771318555,-0.044596098791225815,0.2,5670,0.228662109375
2034,572,-0.04653160999999997,569,1165312,300.0,0.0003,0.0975867509841919,-0.03062457963824272,0.04859574,0.03859522479178849,-0.6218169236555695,-0.03787658782675862,0.2,5680,0.2150390625
2036,573,0.15814575999999994,570,1167360,300.0,0.0003,-0.28018009662628174,-0.06300798058509827,0.04068854,0.037330387940164654,-0.631649636849761,-0.04091910025454126,0.2,5690,0.224951171875
2038,573,0.10116370999999996,571,1169408,300.0,0.0003,-0.03622591495513916,-0.019966401159763336,0.045564722,0.07676191779319197,-0.5981568304821849,-0.04399268019478768,0.2,5700,0.227294921875
2041,573,0.027389859999999957,572,1171456,300.0,0.0003,0.076812744140625,-0.06618601083755493,0.0476238,0.015273379627615213,-0.6402198679745197,-0.04760895782383159,0.2,5710,0.247314453125
2043,574,-0.01887921999999999,573,1173504,300.0,0.0003,0.10491770505905151,-0.05226189270615578,0.035823956,0.06917789749568329,-0.6133445017039776,-0.041184272753889674,0.2,5720,0.220947265625
2045,574,-0.015998250000000037,574,1175552,300.0,0.0003,0.05112302303314209,-0.04116418957710266,0.04278917,0.06576463793753647,-0.5868240481242537,-0.04081923162157182,0.2,5730,0.2173828125
2048,574,0.08859750999999996,575,1177600,300.0,0.0003,0.1509227752685547,-0.05647692084312439,0.053797536,0.04226694868411869,-0.615061073936522,-0.04106838377556414,0.2,5740,0.228857421875
2051,575,-0.09184259999999997,576,1179648,300.0,0.0003,0.03064781427383423,-0.041545480489730835,0.04263048,0.016184344359498937,-0.6095982859842479,-0.03867700236442033,0.2,5750,0.219140625
2053,575,0.11124018000000001,577,1181696,300.0,0.0003,-0.09052097797393799,-0.07287363708019257,0.04006853,0.03067161447252147,-0.5940684980712831,-0.03871952451881953,0.2,5760,0.212744140625
2055,575,0.08135766000000007,578,1183744,300.0,0.0003,0.19060343503952026,-0.07469605654478073,0.042782445,0.020556307479273526,-0.5952643640339375,-0.042421029196702875,0.2,5770,0.225927734375
2057,576,-0.09757751999999992,579,1185792,300.0,0.0003,0.09130227565765381,-0.07602906227111816,0.048963726,0.02409042431099806,-0.6117086295038462,-0.04391286691534333,0.2,5780,0.241455078125
2059,576,-0.13527768999999995,580,1187840,300.0,0.0003,0.12100666761398315,-0.037610240280628204,0.045465946,0.03440128499059938,-0.6010411608964205,-0.042126219920464794,0.2,5790,0.234375
2061,577,-0.12816035999999997,581,1189888,300.0,0.0003,-0.16357815265655518,-0.0649738609790802,0.0433865,0.03889015659224242,-0.607254957407713,-0.0422036163683515,0.2,5800,0.2294921875
2064,577,-0.06365220999999993,582,1191936,300.0,0.0003,0.054485201835632324,-0.052986085414886475,0.04648473,0.05165935140103102,-0.6135813446715475,-0.04156656900595408,0.2,5810,0.22470703125
2066,577,-0.051378959999999925,583,1193984,300.0,0.0003,0.048952460289001465,-0.04285705089569092,0.04612228,0.06744885665830225,-0.6370343139395118,-0.041662534250644964,0.2,5820,0.2380859375
2068,578,-0.03510187999999994,584,1196032,300.0,0.0003,-0.19098126888275146,-0.03342459350824356,0.04078938,0.05140266082598828,-0.6008211500942707,-0.039183057902846485,0.2,5830,0.22646484375
2070,578,-0.04698900999999989,585,1198080,300.0,0.0003,-0.14192378520965576,-0.0726541057229042,0.041651897,0.02837657513737213,-0.611164690554142,-0.041056885395664725,0.2,5840,0.22666015625
2130,563,0.050813970000000035,586,1200128,300.0,0.0003,0.16247773170471191,-0.04494761675596237,0.035607442,0.034937341132899744,-0.6151099287904799,-0.04047151261329418,0.2,5850,0.204638671875
2133,563,-0.13623080999999998,587,1202176,300.0,0.0003,-0.07946276664733887,-0.060713134706020355,0.04384002,0.02869908960710745,-0.6017417546361685,-0.040411429526284334,0.2,5860,0.226904296875
2135,563,0.058342090000000034,588,1204224,300.0,0.0003,-0.12577033042907715,-0.04648445174098015,0.04354902,0.056346050108550115,-0.6221098406240344,-0.040881999713019465,0.2,5870,0.220068359375
2137,564,-0.030867150000000013,589,1206272,300.0,0.0003,-0.1927490234375,-0.046054907143116,0.043482512,0.06944553578505293,-0.621569221932441,-0.04178710884298198,0.2,5880,0.232666015625
2139,564,-0.10997368999999999,590,1208320,300.0,0.0003,-0.2947951555252075,-0.0743146538734436,0.04671108,0.02254604362533428,-0.6459719866514206,-0.044811165920691565,0.2,5890,0.2404296875
2141,565,-0.14523235999999998,591,1210368,300.0,0.0003,-0.03697025775909424,-0.04570998623967171,0.041926816,0.03452739139320329,-0.6289471660740673,-0.04200205977831502,0.2,5900,0.22412109375
2143,565,-0.15963388999999997,592,1212416,300.0,0.0003,-0.061690330505371094,-0.05962437391281128,0.04356475,0.04340370993013494,-0.6490095945075154,-0.0405463161849184,0.2,5910,0.234130859375
2145,565,-0.23060517000000005,593,1214464,300.0,0.0003,-0.15386664867401123,-0.04912526533007622,0.051401403,0.056352978106588125,-0.6424270263873041,-0.04186294533428736,0.2,5920,0.244482421875
2147,566,-0.17820244000000002,594,1216512,300.0,0.0003,0.02727574110031128,-0.03376103192567825,0.044485964,0.07329095927998423,-0.6372251422144473,-0.04471504630782874,0.2,5930,0.24560546875
2149,566,-0.41435851,595,1218560,300.0,0.0003,0.07018476724624634,-0.011051543056964874,0.049676947,0.10209493394941091,-0.6173201070167125,-0.04279383045504801,0.2,5940,0.234033203125
2151,567,-0.4042044800000001,596,1220608,300.0,0.0003,0.05287802219390869,-0.04715471714735031,0.0450987,0.02677172196272295,-0.6346097281202674,-0.0413361062957847,0.2,5950,0.23037109375
2153,567,-0.31338162000000014,597,1222656,300.0,0.0003,-0.0359196662902832,-0.03719428554177284,0.0468032,0.06647353008738718,-0.6377927178516984,-0.04049464529671241,0.2,5960,0.229833984375
2155,568,-0.33394302,598,1224704,300.0,0.0003,0.053956568241119385,-0.028916196897625923,0.047315143,0.039120109507348386,-0.6465688077732921,-0.04154886702017393,0.2,5970,0.236962890625
2157,568,-0.19320058000000004,599,1226752,300.0,0.0003,0.4499322772026062,-0.04834461212158203,0.0474593,0.04166427807067521,-0.6187808440998197,-0.04240013524249662,0.2,5980,0.217529296875
2160,568,-0.19755044,600,1228800,300.0,0.0003,0.21874743700027466,-0.06309685111045837,0.04970453,0.04928055966738611,-0.6283982461318374,-0.041916456165199636,0.2,5990,0.22421875
2162,569,-0.3033927,601,1230848,300.0,0.0003,0.12543988227844238,-0.030806664377450943,0.047195498,0.04995650733471848,-0.6022755034267903,-0.04469443727866747,0.2,6000,0.233935546875
2164,569,-0.32471049000000013,602,1232896,300.0,0.0003,-0.010592818260192871,0.010322585701942444,0.045378566,0.13550684147048742,-0.5845341127365827,-0.03975117676600348,0.2,6010,0.224072265625
2166,569,-0.32954357000000006,603,1234944,300.0,0.0003,-0.17388641834259033,-0.05201508849859238,0.06575611,0.07078893493162468,-0.6003218265250325,-0.04308392987586558,0.2,6020,0.23984375
2169,570,-0.35163460000000024,604,1236992,300.0,0.0003,0.07373762130737305,-0.023888204246759415,0.048111416,0.06769332272815518,-0.6074926560744643,-0.04119877097546123,0.2,6030,0.224072265625
2171,570,-0.43671576000000006,605,1239040,300.0,0.0003,0.23100614547729492,-0.05272342264652252,0.053671397,0.031421713525196536,-0.6281582781113684,-0.04318344123312272,0.2,6040,0.246923828125
2173,570,-0.5110553400000001,606,1241088,300.0,0.0003,-0.0642009973526001,-0.0359075590968132,0.04518871,0.051643047173274684,-0.5986154477111996,-0.03785593153879745,0.2,6050,0.22216796875
2175,571,-0.45346740999999996,607,1243136,300.0,0.0003,0.07452255487442017,-0.041678573936223984,0.050867684,0.03698681145906448,-0.6076591755263507,-0.044440084291272795,0.2,6060,0.23974609375
2177,571,-0.33498626000000004,608,1245184,300.0,0.0003,0.3954319357872009,-0.051225580275058746,0.04562615,0.024364064555265942,-0.584236944373697,-0.044832212463370526,0.2,6070,0.225146484375
2179,572,-0.15246119000000002,609,1247232,300.0,0.0003,0.1381375789642334,-0.06478338688611984,0.04684095,0.047788602067157626,-0.6096711651422083,-0.04247043593786657,0.2,6080,0.223583984375
2181,572,-0.09157567,610,1249280,300.0,0.0003,0.3518730401992798,-0.05789058655500412,0.055809338,0.04127874952973798,-0.5999298539012671,-0.04276872518821619,0.2,6090,0.236865234375
2184,572,-0.2560414900000001,611,1251328,300.0,0.0003,0.154913067817688,-0.03120843879878521,0.04779496,0.06458275015465915,-0.6125896773301065,-0.04087075954594184,0.2,6100,0.2296875
2186,573,-0.23501422000000005,612,1253376,300.0,0.0003,-0.1549614667892456,0.012130189687013626,0.04346025,0.10991611070930958,-0.6185697816312313,-0.037786144771962425,0.2,6110,0.220556640625
2188,573,-0.39397821000000005,613,1255424,300.0,0.0003,-0.1317979097366333,-0.06304716318845749,0.0461542,0.030986751423915847,-0.6152652000077069,-0.04143993683392182,0.2,6120,0.22890625
2190,574,-0.2958823100000001,614,1257472,300.0,0.0003,0.1104884147644043,-0.06811923533678055,0.0511408,0.03584663829242345,-0.6376058626919985,-0.0396498797897948,0.2,6130,0.231201171875
2192,574,-0.29073633000000004,615,1259520,300.0,0.0003,0.008102476596832275,-0.06791942566633224,0.048900064,0.01992090585117694,-0.5982710803858936,-0.045378675941901744,0.2,6140,0.239306640625
2194,574,-0.17802751000000006,616,1261568,300.0,0.0003,0.2168492078781128,-0.05238746106624603,0.050470278,0.05259238175931387,-0.589780452940613,-0.043954596322146246,0.2,6150,0.22978515625
2197,575,-0.24241517000000004,617,1263616,300.0,0.0003,0.024090170860290527,-0.01961759850382805,0.05772748,0.07804713756777346,-0.6130562925711274,-0.04229140655079391,0.2,6160,0.24052734375
2199,575,-0.43798255000000014,618,1265664,300.0,0.0003,0.014502525329589844,-0.014712873846292496,0.04192722,0.11996598010882735,-0.6116493945941329,-0.04075794571836013,0.2,6170,0.217236328125
2201,575,-0.39140953,619,1267712,300.0,0.0003,-0.09330201148986816,-0.029606308788061142,0.041126803,0.09453588131582365,-0.5840711507014931,-0.04317110192787368,0.2,6180,0.2279296875
2203,576,-0.27066614,620,1269760,300.0,0.0003,-0.4047415256500244,-0.06924944370985031,0.049977228,0.02791769519681111,-0.609081800468266,-0.0419166452717036,0.2,6190,0.231884765625
2205,576,-0.22840521999999996,621,1271808,300.0,0.0003,0.16464567184448242,-0.05836302042007446,0.04445743,0.03485076065408066,-0.5859404595568776,-0.04236026166181546,0.2,6200,0.222607421875
2207,577,-0.34315666,622,1273856,300.0,0.0003,0.24304640293121338,-0.04824237525463104,0.04630168,0.019163633830612526,-0.6361953890882432,-0.042117582887294704,0.2,6210,0.232763671875
2209,577,-0.49751977,623,1275904,300.0,0.0003,0.22110044956207275,-0.0495302677154541,0.04855778,0.05332018216722645,-0.6198763131164015,-0.04042313464306062,0.2,6220,0.231591796875
2211,577,-0.4639869999999999,624,1277952,300.0,0.0003,0.08377456665039062,-0.04602835327386856,0.05156654,0.06891466758679599,-0.6167710029520095,-0.04380050557520008,0.2,6230,0.223828125
2213,578,-0.3182672999999999,625,1280000,300.0,0.0003,0.10918158292770386,-0.017113085836172104,0.041463967,0.09957578876055777,-0.6127912456169724,-0.03718974756775424,0.2,6240,0.21865234375
2215,578,-0.39698590999999994,626,1282048,300.0,0.0003,0.17415648698806763,-0.058415643870830536,0.047906905,0.05402471156558022,-0.6002974160946906,-0.04439871248760028,0.2,6250,0.222802734375
2217,578,-0.29080514,627,1284096,300.0,0.0003,0.16429901123046875,-0.036537330597639084,0.047946,0.03983927965164184,-0.587366389296949,-0.04133797525428236,0.2,6260,0.233349609375
2220,579,-0.015322929999999998,628,1286144,300.0,0.0003,0.17498469352722168,-0.015731025487184525,0.045760233,0.09697351651266217,-0.6238848095759749,-0.0433181767759379,0.2,6270,0.234423828125
2222,579,-0.18526508999999994,629,1288192,300.0,0.0003,0.46739840507507324,-0.04714103788137436,0.052289985,0.055057195661356674,-0.5919121513143182,-0.04472067927126773,0.2,6280,0.2328125
2224,580,-0.17510527999999995,630,1290240,300.0,0.0003,0.4126681685447693,-0.05660576745867729,0.05267034,0.035915805521653965,-0.6218271747231483,-0.044603952029137875,0.2,6290,0.253564453125
2226,580,-0.21099088,631,1292288,300.0,0.0003,0.5196967124938965,-0.041455529630184174,0.043584384,0.029596098518231882,-0.6138802886009216,-0.04340980026172474,0.2,6300,0.234716796875
2229,580,0.14425037999999996,632,1294336,300.0,0.0003,0.3810123801231384,-0.05158780887722969,0.048249714,0.025072129521868193,-0.5943732398562134,-0.043420146367861887,0.2,6310,0.229931640625
2231,580,0.33818987,633,1296384,300.0,0.0003,0.24463218450546265,-0.04589361697435379,0.03920053,0.06732931027654558,-0.6156706877052784,-0.04145622647192795,0.2,6320,0.225634765625
2234,581,0.44767338,634,1298432,300.0,0.0003,0.2768036723136902,-0.03437530994415283,0.05231269,0.04592286188853904,-0.612686094455421,-0.04360800430295057,0.2,6330,0.2482421875
2295,566,0.3178039999999999,635,1300480,300.0,0.0003,0.13149142265319824,-0.04497499763965607,0.04889402,0.04934878388303332,-0.6072090283036232,-0.044727811438497155,0.2,6340,0.22783203125
2297,567,0.27490840999999994,636,1302528,300.0,0.0003,0.2426377534866333,-0.044105060398578644,0.0491887,0.055710799159714955,-0.6122241085395217,-0.04019408708263654,0.2,6350,0.21376953125
2299,567,0.3377849500000001,637,1304576,300.0,0.0003,0.4557173252105713,-0.0689806118607521,0.05255539,0.02044933553261217,-0.5822406955994666,-0.04219353350054007,0.2,6360,0.226904296875
2301,567,0.43693473,638,1306624,300.0,0.0003,0.5362470149993896,-0.07597082108259201,0.047509544,0.01700419624976348,-0.6047599184326827,-0.042896502220537515,0.2,6370,0.236572265625
2304,567,0.34412310000000007,639,1308672,300.0,0.0003,0.5649008750915527,-0.05315644294023514,0.047859535,0.02294572120299563,-0.6053651634603738,-0.04248394336318597,0.2,6380,0.225732421875
2306,568,0.37567111999999997,640,1310720,300.0,0.0003,0.41850972175598145,-0.05215741693973541,0.047007862,0.038945342047372836,-0.5755607901141048,-0.03846364163473481,0.2,6390,0.223681640625
2308,568,0.24400332999999993,641,1312768,300.0,0.0003,0.3186746835708618,-0.05920737236738205,0.053535104,0.0551777804561425,-0.6112260718829929,-0.04305904032662511,0.2,6400,0.238818359375
2310,569,0.11476749999999997,642,1314816,300.0,0.0003,0.28535205125808716,-0.05187932774424553,0.044237856,0.03317556696711108,-0.5962044791318476,-0.041578867388307114,0.2,6410,0.22841796875
2312,569,-0.03227040999999999,643,1316864,300.0,0.0003,0.4535260796546936,-0.059813860803842545,0.04934594,0.03764445487759076,-0.5905945690348744,-0.04156697790895123,0.2,6420,0.2251953125
2314,569,-0.14199525000000002,644,1318912,300.0,0.0003,0.41751980781555176,-0.061552245169878006,0.04547787,0.02027411482122261,-0.5799055085517466,-0.0411146311351331,0.2,6430,0.2162109375
2317,570,-0.26190469,645,1320960,300.0,0.0003,0.12137413024902344,-0.02862314134836197,0.04585979,0.053729831048985946,-0.5922419651411474,-0.03915584191563539,0.2,6440,0.227001953125
2319,570,-0.34864259,646,1323008,300.0,0.0003,0.3869779109954834,-0.08840497583150864,0.043702953,0.02392515715037007,-0.588897842168808,-0.04141349718265701,0.2,6450,0.221142578125
2321,570,-0.47230181999999993,647,1325056,300.0,0.0003,0.07315385341644287,-0.023160353302955627,0.053277697,0.08367884336039424,-0.5743225892074406,-0.042254622538166586,0.2,6460,0.225634765625
2323,571,-0.5173188699999999,648,1327104,300.0,0.0003,0.2298712134361267,-0.06154971197247505,0.046348125,0.02200061390467454,-0.5884684825316071,-0.04209089413343463,0.2,6470,0.22373046875
2325,571,-0.7136464100000002,649,1329152,300.0,0.0003,0.19384485483169556,-0.06806080788373947,0.04153529,0.04452410318190232,-0.6035698457621038,-0.04212259111227468,0.2,6480,0.229541015625
2327,571,-0.57119023,650,1331200,300.0,0.0003,0.17298978567123413,-0.046819254755973816,0.048019234,0.037622737797209996,-0.5840041382238269,-0.04402182095800526,0.2,6490,0.229150390625
2329,572,-0.5017590399999999,651,1333248,300.0,0.0003,0.0041498541831970215,-0.035246580839157104,0.042729974,0.1029928799602203,-0.5632039974443614,-0.0417122186277993,0.2,6500,0.217724609375
2331,572,-0.50933651,652,1335296,300.0,0.0003,0.2138158679008484,-0.05556941404938698,0.06100739,0.051663608761737125,-0.5904455448500812,-0.04315129640162922,0.2,6510,0.242822265625
2334,572,-0.56241292,653,1337344,300.0,0.0003,-0.15441370010375977,-0.02780892699956894,0.06007416,0.07052097414853051,-0.585711098369211,-0.044314390757062935,0.2,6520,0.236328125
2336,573,-0.59416557,654,1339392,300.0,0.0003,0.20678716897964478,-0.03508443757891655,0.061264463,0.050590407411800695,-0.5783983431756496,-0.0388434158754535,0.2,6530,0.247216796875
2338,573,-0.5821936199999999,655,1341440,300.0,0.0003,0.30432605743408203,-0.0595238171517849,0.047725078,0.058115313411690295,-0.5877463301643729,-0.04124269648746122,0.2,6540,0.232373046875
2340,573,-0.43060107000000003,656,1343488,300.0,0.0003,0.21152162551879883,-0.05127876624464989,0.051286787,0.0605551291431766,-0.5810255443677306,-0.04203080442966893,0.2,6550,0.23515625
2342,574,-0.5903860800000001,657,1345536,300.0,0.0003,0.349407434463501,-0.060288261622190475,0.045461647,0.021414076644578017,-0.5923438070341944,-0.043952793325297536,0.2,6560,0.2255859375
2345,574,-0.67348359,658,1347584,300.0,0.0003,0.29179126024246216,-0.017467256635427475,0.047591157,0.03957582982257009,-0.5882438574917614,-0.041199398969183676,0.2,6570,0.234375
2347,575,-0.5145952600000001,659,1349632,300.0,0.0003,0.016019046306610107,-0.056199342012405396,0.047333248,0.047685403731884436,-0.6063106405548752,-0.04429973279911792,0.2,6580,0.241552734375
2349,575,-0.61771228,660,1351680,300.0,0.0003,0.2177577018737793,-0.017114639282226562,0.050630946,0.05312444029841572,-0.5855643976479769,-0.040328474514535625,0.2,6590,0.229150390625
2351,575,-0.41486780999999995,661,1353728,300.0,0.0003,-2.3484230041503906e-05,-0.057648394256830215,0.045720603,0.023254086718952748,-0.6246643855236471,-0.041647976663080045,0.2,6600,0.230126953125
2353,576,-0.3276043399999999,662,1355776,300.0,0.0003,0.16248047351837158,-0.06141388416290283,0.051923543,0.0388975752517581,-0.5880627135746181,-0.04321516778145451,0.2,6610,0.232275390625
2355,576,-0.28735953000000003,663,1357824,300.0,0.0003,0.222054123878479,-0.06171640753746033,0.058727004,0.049386240087915215,-0.5919164208695292,-0.044473821920109916,0.2,6620,0.248291015625
2357,576,-0.37570525,664,1359872,300.0,0.0003,0.12791776657104492,-0.058969590812921524,0.05814851,0.05879628483671695,-0.5907475642859936,-0.04002680691482965,0.2,6630,0.230712890625
2359,577,-0.46171677,665,1361920,300.0,0.0003,0.15113180875778198,-0.059696462005376816,0.04734847,0.021383712947135793,-0.6166750990785659,-0.04401772090932354,0.2,6640,0.236181640625
2361,577,-0.40867385000000006,666,1363968,300.0,0.0003,0.09055489301681519,-0.03452320769429207,0.089444056,0.04146293485537171,-0.6093249347992241,-0.04231282979017124,0.2,6650,0.24013671875
2364,577,-0.15157463999999995,667,1366016,300.0,0.0003,-0.12420487403869629,-0.04859453812241554,0.04618207,0.03346950553532224,-0.6036978791467845,-0.041113653511274606,0.2,6660,0.2298828125
2366,578,-0.2900895,668,1368064,300.0,0.0003,0.026265323162078857,-0.019966643303632736,0.049221605,0.07857545245205984,-0.6004665533080698,-0.04087037541903556,0.2,6670,0.2361328125
2368,578,-0.20356547,669,1370112,300.0,0.0003,-0.043537020683288574,-0.057433947920799255,0.052541535,0.037367276521399616,-0.5767938665114343,-0.040998467680765316,0.2,6680,0.23095703125
2370,578,-0.045793870000000014,670,1372160,300.0,0.0003,-0.03228604793548584,0.002226324751973152,0.046008285,0.08135897819884122,-0.5807407459244132,-0.03971261738333851,0.2,6690,0.215380859375
2372,579,-0.07143964999999998,671,1374208,300.0,0.0003,-0.07310330867767334,-0.03894147649407387,0.0465964,0.06799424811033532,-0.5982706835493445,-0.04223313489637803,0.2,6700,0.227197265625
2374,579,0.08966188000000003,672,1376256,300.0,0.0003,0.022782325744628906,-0.022437408566474915,0.043913312,0.07171379867941141,-0.5993654822930694,-0.041973207978298885,0.2,6710,0.228076171875
2377,579,0.13034833000000007,673,1378304,300.0,0.0003,0.04902386665344238,-0.060917437076568604,0.04677664,0.051435400691116226,-0.6022795816883445,-0.04091251550999005,0.2,6720,0.211865234375
2379,580,0.16795578,674,1380352,300.0,0.0003,-0.00735783576965332,-0.06640766561031342,0.05402688,0.03584407415473834,-0.6070977580733598,-0.04042244452284649,0.2,6730,0.229345703125
2381,580,0.13927585000000012,675,1382400,300.0,0.0003,-0.018610477447509766,-0.06470829993486404,0.051463515,0.04574238854111172,-0.6086137489415705,-0.04463655690778978,0.2,6740,0.23212890625
2383,580,0.18726239000000006,676,1384448,300.0,0.0003,0.018596768379211426,-0.06701532006263733,0.043519095,0.029059337577200493,-0.6219529817812145,-0.043289609465864486,0.2,6750,0.240478515625
2385,581,0.15663203999999997,677,1386496,300.0,0.0003,-0.0334317684173584,-0.04826037585735321,0.043608643,0.05039268945110962,-0.5763112837448716,-0.03906663329107687,0.2,6760,0.216650390625
2387,581,0.27631306999999994,678,1388544,300.0,0.0003,0.1647491455078125,-0.03380909189581871,0.04736865,0.05088451136252843,-0.6046690791845322,-0.04033808901731391,0.2,6770,0.227392578125
2389,581,0.1955123199999999,679,1390592,300.0,0.0003,0.09668630361557007,-0.055849604308605194,0.04988243,0.04393939711153507,-0.5700527629815042,-0.04341410479974002,0.2,6780,0.2390625
2391,582,-0.08872567999999997,680,1392640,300.0,0.0003,0.026762545108795166,-0.04191682115197182,0.045849577,0.042650110536487776,-0.6108706771396101,-0.03871122168930015,0.2,6790,0.221728515625
2393,582,-0.16624946000000002,681,1394688,300.0,0.0003,0.2024015188217163,-0.0536288246512413,0.048609853,0.05171657340833917,-0.5719761742278934,-0.04137686430185568,0.2,6800,0.226220703125
2396,582,-0.28126736,682,1396736,300.0,0.0003,0.00038182735443115234,-0.05560456961393356,0.050062306,0.01959758664597757,-0.573089609760791,-0.0432662957435241,0.2,6810,0.23154296875
2398,583,-0.17392064999999998,683,1398784,300.0,0.0003,0.1961042284965515,-0.0559961199760437,0.04117161,0.03891697225626558,-0.5981495790183544,-0.0418214882229222,0.2,6820,0.217578125
2460,569,-0.16564509000000005,684,1400832,300.0,0.0003,0.1680835485458374,-0.05807897448539734,0.057380028,0.0321464614069555,-0.5735305431298912,-0.04197811926715076,0.2,6830,0.2400390625
2462,569,-0.13351329,685,1402880,300.0,0.0003,0.016326904296875,-0.035986073315143585,0.053415105,0.0643077396787703,-0.5837392669171095,-0.03961407638853416,0.2,6840,0.22138671875
2464,569,-0.39107453,686,1404928,300.0,0.0003,0.10068202018737793,-0.03613802418112755,0.059965286,0.06792535284766928,-0.5863262141123414,-0.04201151665620273,0.2,6850,0.23974609375
2467,570,-0.40301395,687,1406976,300.0,0.0003,0.17480981349945068,-0.025326073169708252,0.051196687,0.07810906937811524,-0.5893055471591652,-0.04066798598214518,0.2,6860,0.22109375
2469,570,-0.41038489999999994,688,1409024,300.0,0.0003,0.002688467502593994,-0.02411806210875511,0.05244745,0.07297684964141808,-0.5883648436516523,-0.042145880393218246,0.2,6870,0.243115234375
2471,570,-0.39283502000000003,689,1411072,300.0,0.0003,0.16908031702041626,-0.0585964173078537,0.04857456,0.03763408428058028,-0.5808641248382628,-0.040797492596902886,0.2,6880,0.226904296875
2474,571,-0.49915802,690,1413120,300.0,0.0003,0.1161850094795227,-0.08189637959003448,0.053563,0.03582511866115965,-0.5719180705025793,-0.04211759066674858,0.2,6890,0.227392578125
2476,571,-0.59586435,691,1415168,300.0,0.0003,0.09134870767593384,-0.03166710585355759,0.052705474,0.039748111536027864,-0.5946002209559083,-0.044020171742886305,0.2,6900,0.23193359375
2478,571,-0.88583655,692,1417216,300.0,0.0003,0.04320448637008667,-0.035055011510849,0.0594695,0.025801472036982888,-0.5978759011253715,-0.04295326646824833,0.2,6910,0.238134765625
2480,572,-0.86680519,693,1419264,300.0,0.0003,0.05398362874984741,-0.036605559289455414,0.05456792,0.05111008815001696,-0.5672235053032637,-0.043930519017158075,0.2,6920,0.23896484375
2482,572,-0.8046402499999998,694,1421312,300.0,0.0003,0.27085554599761963,-0.04178878664970398,0.04795807,0.036429757595760746,-0.5951223374344409,-0.040904585758107716,0.2,6930,0.219384765625
2484,572,-0.7618528200000001,695,1423360,300.0,0.0003,0.31775569915771484,-0.07639357447624207,0.05193447,0.04537276480696164,-0.6181179264560341,-0.039361390516569374,0.2,6940,0.233447265625
2486,573,-0.71597918,696,1425408,300.0,0.0003,0.20717179775238037,-0.04474695399403572,0.056671396,0.0653182350564748,-0.5903477923944592,-0.04194409007905051,0.2,6950,0.24345703125
2488,573,-0.6926706700000002,697,1427456,300.0,0.0003,0.40713387727737427,-0.038699790835380554,0.053656876,0.04160989790107124,-0.6001827619038522,-0.04008846740180161,0.2,6960,0.241259765625
2491,573,-0.7533201799999999,698,1429504,300.0,0.0003,0.4327958822250366,-0.017036782577633858,0.049615264,0.046875892690150064,-0.5917523577809334,-0.03793729752214858,0.2,6970,0.227392578125
2493,574,-0.6965356199999999,699,1431552,300.0,0.0003,0.6348024606704712,-0.05438912287354469,0.044390894,0.022391809499822557,-0.6041873720474541,-0.04352551049378235,0.2,6980,0.239013671875
2495,574,-0.63811515,700,1433600,300.0,0.0003,0.5749320983886719,-0.05718938261270523,0.047478333,0.03804502100101672,-0.5999235483817756,-0.042573686162359084,0.2,6990,0.2447265625
2498,574,-0.47222163,701,1435648,300.0,0.0003,0.5846419930458069,-0.0392388254404068,0.055703092,0.05238760284264572,-0.6102261016145348,-0.044229583744890985,0.2,7000,0.2310546875
2500,575,-0.37120712000000006,702,1437696,300.0,0.0003,0.6118909120559692,-0.061120811849832535,0.046765566,0.046249390608863905,-0.6292479204945266,-0.04079561651888071,0.2,7010,0.222607421875
2502,575,-0.37296563,703,1439744,300.0,0.0003,0.6206181645393372,-0.06003344804048538,0.055173054,0.03588145662797615,-0.6054064254276454,-0.04541669207974337,0.2,7020,0.234765625
2504,575,-0.45979528000000003,704,1441792,300.0,0.0003,0.5082665681838989,-0.05687651038169861,0.052570596,0.045887077640509234,-0.6186014171689749,-0.04223267392371781,0.2,7030,0.234130859375
2506,576,-0.22843028,705,1443840,300.0,0.0003,0.6182775497436523,-0.08901342004537582,0.046815723,0.031732761749299246,-0.6265458783134819,-0.04559203849639744,0.2,7040,0.229736328125
2508,576,-0.028149340000000026,706,1445888,300.0,0.0003,0.5861391425132751,-0.05213168263435364,0.050728694,0.041659422114025804,-0.6006026501767338,-0.043494955089408906,0.2,7050,0.235009765625
2510,576,-0.01333952999999994,707,1447936,300.0,0.0003,0.36564838886260986,-0.04106881842017174,0.04104731,0.05672377358423546,-0.606274608336389,-0.04086449155001901,0.2,7060,0.22509765625
2512,577,0.052488410000000034,708,1449984,300.0,0.0003,0.2568354606628418,-0.06837324053049088,0.064045586,0.03428864260495175,-0.6211583167314529,-0.04645038495655172,0.2,7070,0.25263671875
2514,577,0.07552551000000005,709,1452032,300.0,0.0003,0.2690085768699646,-0.06786245852708817,0.044222027,0.015723733842605725,-0.6063533089123666,-0.044725441295304334,0.2,7080,0.22734375
2516,577,0.0563587,710,1454080,300.0,0.0003,0.035626232624053955,-0.03075704164803028,0.04473351,0.05749883178505115,-0.6190693965181708,-0.041463595643290316,0.2,7090,0.22744140625
2519,578,0.027163550000000078,711,1456128,300.0,0.0003,0.013056337833404541,-0.05416494607925415,0.05233878,0.03569934927800204,-0.594672966375947,-0.04416193965735147,0.2,7100,0.234765625
2521,578,0.21068177,712,1458176,300.0,0.0003,-0.0872807502746582,-0.06534165143966675,0.050247036,0.019898353159078397,-0.6508930744603276,-0.04621721734292805,0.2,7110,0.239013671875
2523,578,0.42851411000000006,713,1460224,300.0,0.0003,-0.01659071445465088,-0.030942190438508987,0.043833524,0.06892539573600516,-0.6068487857468426,-0.041448959315312096,0.2,7120,0.222509765625
2526,578,0.17761782000000004,714,1462272,300.0,0.0003,0.042535483837127686,-0.051485829055309296,0.04638254,0.08109240446938201,-0.5952831231057644,-0.040207773867587095,0.2,7130,0.226513671875
2528,579,0.16947510999999998,715,1464320,300.0,0.0003,-0.0690145492553711,-0.05467698350548744,0.052438226,0.027374264507670887,-0.5958136261440814,-0.03989792856446002,0.2,7140,0.231298828125
2530,579,0.15973598000000006,716,1466368,300.0,0.0003,0.006106674671173096,-0.03654404729604721,0.056664445,0.025454092799918726,-0.5987894776277244,-0.0409161660267273,0.2,7150,0.23408203125
2533,579,-0.047082719999999946,717,1468416,300.0,0.0003,0.119670569896698,-0.059991661459207535,0.039680265,0.017866336688166486,-0.6092638358473778,-0.04277280740061542,0.2,7160,0.220068359375
2535,579,-0.12388627999999997,718,1470464,300.0,0.0003,-0.020202159881591797,-0.055238328874111176,0.053435396,0.03414990486926399,-0.6016109955497086,-0.045739325368776916,0.2,7170,0.2357421875
2537,580,-0.28384232,719,1472512,300.0,0.0003,0.37208354473114014,-0.04820287227630615,0.041532874,0.03205435848794878,-0.6081259182654322,-0.0412742316868389,0.2,7180,0.21396484375
2539,580,-0.35843896000000003,720,1474560,300.0,0.0003,0.2847154140472412,-0.05746300145983696,0.04680954,0.04169087009504437,-0.5953421602025628,-0.042971219032187945,0.2,7190,0.220556640625
2541,580,-0.38786463000000004,721,1476608,300.0,0.0003,0.393632173538208,-0.05080140009522438,0.05008964,0.050259537808597085,-0.6151641106233001,-0.045846083675860426,0.2,7200,0.239990234375
2544,581,-0.31182607000000007,722,1478656,300.0,0.0003,0.391765832901001,-0.026635682210326195,0.049268946,0.05837033024290576,-0.6131121417507529,-0.04387820621486753,0.2,7210,0.230908203125
2546,581,-0.23932628000000006,723,1480704,300.0,0.0003,0.34775781631469727,-0.04548691213130951,0.052419364,0.04258647695533,-0.61657401220873,-0.041187427091063,0.2,7220,0.225146484375
2548,581,-0.19692303,724,1482752,300.0,0.0003,0.200111985206604,-0.0479329377412796,0.049115356,0.0650598400796298,-0.6263301812112332,-0.041969803321990184,0.2,7230,0.224755859375
2550,582,-0.18562589000000007,725,1484800,300.0,0.0003,0.062233924865722656,-0.0709879919886589,0.04587733,0.04722986585693434,-0.63806371698156,-0.04259073890862055,0.2,7240,0.22490234375
2552,582,-0.057481420000000026,726,1486848,300.0,0.0003,0.294234037399292,-0.054944392293691635,0.038482215,0.019424022093880923,-0.6247713025659323,-0.0417255628737621,0.2,7250,0.22841796875
2555,582,-0.1293882100000001,727,1488896,300.0,0.0003,0.32462477684020996,-0.05458445847034454,0.050717153,0.0386325798346661,-0.6289272233843803,-0.04338341094844509,0.2,7260,0.231884765625
2557,582,-0.36377191,728,1490944,300.0,0.0003,0.3474746346473694,-0.048588309437036514,0.052275945,0.042489701649174094,-0.6355856434442103,-0.04541056759771891,0.2,7270,0.25205078125
2559,583,-0.64879927,729,1492992,300.0,0.0003,0.0988578200340271,-0.04371308162808418,0.044409744,0.06873495380859822,-0.6334960278123617,-0.04326453004032373,0.2,7280,0.221826171875
2561,583,-0.5898927,730,1495040,300.0,0.0003,-0.1080557107925415,-0.06254129111766815,0.043787554,0.03989707786240615,-0.6221500009298324,-0.04331964633893222,0.2,7290,0.223583984375
2563,583,-0.61646481,731,1497088,300.0,0.0003,0.08643835783004761,-0.07138657569885254,0.049761422,0.05053993252222426,-0.611850346531719,-0.04336571011808701,0.2,7300,0.221875
2566,584,-0.46025694,732,1499136,300.0,0.0003,0.0814860463142395,-0.03710893541574478,0.044318043,0.08973886242602021,-0.6402737972326576,-0.043509405561781025,0.2,7310,0.22744140625
2629,570,-0.44687691,733,1501184,300.0,0.0003,0.10112267732620239,-0.04920540004968643,0.051527143,0.03651488120667636,-0.6129722413606942,-0.04332896168343723,0.2,7320,0.24033203125
2631,571,-0.50488226,734,1503232,300.0,0.0003,0.2813034653663635,-0.031449154019355774,0.04834678,0.05983873315271922,-0.5993089191615582,-0.04271523618372157,0.2,7330,0.23310546875
2633,571,-0.3317354700000001,735,1505280,300.0,0.0003,0.34812647104263306,-0.060739658772945404,0.045948014,0.04012986387242563,-0.6194784352555871,-0.043504042903077786,0.2,7340,0.24306640625
2635,571,-0.28126844000000006,736,1507328,300.0,0.0003,0.38261234760284424,-0.03824391961097717,0.055172738,0.06402702492196113,-0.6156496097333729,-0.04678264209069312,0.2,7350,0.2470703125
2637,572,-0.20725112999999998,737,1509376,300.0,0.0003,0.524128794670105,-0.02490594983100891,0.054632977,0.05791943345684558,-0.5885360445827246,-0.044251180728315374,0.2,7360,0.236376953125
2640,572,-0.27721677000000006,738,1511424,300.0,0.0003,0.5281957387924194,-0.03036488965153694,0.046257973,0.04615068057901226,-0.619914791174233,-0.04022604856581893,0.2,7370,0.23896484375
2642,572,-0.25316137999999994,739,1513472,300.0,0.0003,0.3840155005455017,-0.030345134437084198,0.050534137,0.0839974166941829,-0.5999158438295126,-0.04114119243349705,0.2,7380,0.229638671875
2644,573,-0.38974039000000005,740,1515520,300.0,0.0003,0.4844611883163452,-0.05574812740087509,0.042349774,0.04210307581815868,-0.6010786719620228,-0.040061221839278,0.2,7390,0.216162109375
2646,573,-0.5082846500000001,741,1517568,300.0,0.0003,0.3584773540496826,-0.0498717799782753,0.0437456,0.03416995094739832,-0.6137630325742066,-0.04416052897286136,0.2,7400,0.22607421875
2649,573,-0.39619127000000015,742,1519616,300.0,0.0003,0.4166088104248047,-0.06471844762563705,0.04752657,0.029233870972529986,-0.6261072663590312,-0.04201312980003422,0.2,7410,0.2345703125
2651,573,-0.24599449000000004,743,1521664,300.0,0.0003,0.5708203315734863,-0.06635157763957977,0.050282966,0.02274021604680456,-0.6124998178333044,-0.04418278629746055,0.2,7420,0.234130859375
2653,574,-0.14118337999999997,744,1523712,300.0,0.0003,0.11057871580123901,-0.036587975919246674,0.043703727,0.08772659560199828,-0.6307517994195223,-0.04244757300184574,0.2,7430,0.221533203125
2655,574,-0.21381462000000007,745,1525760,300.0,0.0003,0.03186458349227905,-0.03717092052102089,0.0480446,0.04695361008052714,-0.6094067467376589,-0.04393162670603488,0.2,7440,0.23017578125
2657,574,-0.18643048999999995,746,1527808,300.0,0.0003,0.07680362462997437,-0.0705663338303566,0.047098376,0.0336096192302648,-0.599286203738302,-0.04109482589410618,0.2,7450,0.222705078125
2659,575,-0.1968036700000001,747,1529856,300.0,0.0003,0.07385730743408203,-0.024811580777168274,0.039511167,0.08477767091244459,-0.6173208095133305,-0.03934060405154014,0.2,7460,0.21806640625
2661,575,-0.16332853,748,1531904,300.0,0.0003,-0.09223151206970215,-0.06446514278650284,0.04653707,0.031114363885717467,-0.6106662857346237,-0.042777287439093925,0.2,7470,0.21982421875
2664,575,-0.1661121100000001,749,1533952,300.0,0.0003,0.03806251287460327,-0.04515983909368515,0.044089,0.054441817838232966,-0.6081225173547864,-0.04307381894614082,0.2,7480,0.21884765625
2666,576,-0.27869451,750,1536000,300.0,0.0003,-0.19536364078521729,-0.05047564581036568,0.05617851,0.023918192042037843,-0.5968231229111552,-0.046126417713821866,0.2,7490,0.2427734375
2668,576,-0.39250935,751,1538048,300.0,0.0003,0.24974316358566284,-0.034880541265010834,0.05003622,0.05883304142626002,-0.5957401925697923,-0.03938844832300674,0.2,7500,0.228662109375
2670,576,-0.47481842,752,1540096,300.0,0.0003,0.48053330183029175,-0.09058989584445953,0.04497744,0.014038829055789393,-0.6388825917616486,-0.04571341160335578,0.2,7510,0.2517578125
2672,577,-0.52043698,753,1542144,300.0,0.0003,0.4919692873954773,-0.059024348855018616,0.05046292,0.021020808859611863,-0.6290418496355414,-0.04149193210469093,0.2,7520,0.234814453125
2674,577,-0.54621589,754,1544192,300.0,0.0003,0.31727319955825806,-0.07347892224788666,0.04438013,0.03605651392717846,-0.616053699888289,-0.044957307653385216,0.2,7530,0.23564453125
2677,577,-0.48890215,755,1546240,300.0,0.0003,0.19894707202911377,-0.04449741169810295,0.052268166,0.06972001985413953,-0.60721245855093,-0.03841886549780611,0.2,7540,0.2181640625
2679,577,-0.47371292999999987,756,1548288,300.0,0.0003,0.157007098197937,-0.03067629039287567,0.04811191,0.10088710787240415,-0.6116290017031133,-0.04538092753791716,0.2,7550,0.23515625
2681,578,-0.5552870799999999,757,1550336,300.0,0.0003,0.12002867460250854,-0.018965233117341995,0.0496882,0.09198575296904891,-0.6046486468985677,-0.03700201806859695,0.2,7560,0.224853515625
2683,578,-0.30682884000000005,758,1552384,300.0,0.0003,0.0330122709274292,-0.06680552661418915,0.049375057,0.029399291874142364,-0.6368171453475953,-0.0435487937531434,0.2,7570,0.23642578125
2685,578,-0.22268248000000004,759,1554432,300.0,0.0003,0.3448466658592224,-0.058223478496074677,0.04691993,0.026905050891218706,-0.590455995965749,-0.04010328989243135,0.2,7580,0.218994140625
2687,579,-0.06750621,760,1556480,300.0,0.0003,0.40456146001815796,-0.05520603805780411,0.051470704,0.03470030905446038,-0.6085570470429957,-0.045011242022155784,0.2,7590,0.2396484375
2690,579,-0.05820854000000008,761,1558528,300.0,0.0003,0.1277894377708435,-0.05690667778253555,0.049054027,0.05238692075945437,-0.6010493134148419,-0.042962874456134156,0.2,7600,0.230322265625
2692,579,-0.0006134400000000939,762,1560576,300.0,0.0003,0.15773916244506836,-0.025347117334604263,0.046356566,0.07313606914831325,-0.6117500479333102,-0.0415219850736321,0.2,7610,0.23515625
2694,580,0.11497602999999992,763,1562624,300.0,0.0003,-0.000735163688659668,-0.07427357882261276,0.045153555,0.0361835187941324,-0.5994768653996289,-0.040599132857460064,0.2,7620,0.2263671875
2696,580,-0.09529528000000002,764,1564672,300.0,0.0003,0.23246139287948608,-0.02009494975209236,0.047119714,0.06451479084789753,-0.6050619337707758,-0.04348561170336325,0.2,7630,0.23720703125
2698,580,0.001607279999999942,765,1566720,300.0,0.0003,0.003361523151397705,-0.07618102431297302,0.06461857,0.019392353223520332,-0.5928055487573147,-0.04513073247508146,0.2,7640,0.240966796875
2700,580,0.004661759999999937,766,1568768,300.0,0.0003,0.0266149640083313,-0.02623515948653221,0.049500775,0.04503131609526463,-0.5944657828658819,-0.04078740586410277,0.2,7650,0.219482421875
2703,581,-0.10505335000000006,767,1570816,300.0,0.0003,-0.11217772960662842,-0.03299251198768616,0.041642122,0.05039724185480736,-0.6107259581796824,-0.04352659496362321,0.2,7660,0.241259765625
2705,581,0.020025910000000015,768,1572864,300.0,0.0003,-0.21246254444122314,-0.043849050998687744,0.0608882,0.03458183415350504,-0.6082819034345448,-0.045632215644582176,0.2,7670,0.242578125
2707,581,0.09290537999999998,769,1574912,300.0,0.0003,0.01596301794052124,-0.029316812753677368,0.045248218,0.0686830930528231,-0.6077013649977744,-0.04229500661313068,0.2,7680,0.21826171875
2710,581,-0.13706553999999996,770,1576960,300.0,0.0003,0.17291253805160522,-0.027774963527917862,0.051568784,0.05010843750205822,-0.5835901020094753,-0.04271659571386408,0.2,7690,0.233837890625
2712,582,-0.16163366000000004,771,1579008,300.0,0.0003,-0.22034990787506104,-0.03853084146976471,0.047734246,0.07840585598023608,-0.633493350353092,-0.045442513226589654,0.2,7700,0.24326171875
2714,582,-0.05852183000000002,772,1581056,300.0,0.0003,0.1401192545890808,-0.02802833914756775,0.048693947,0.05413812902988866,-0.616713348031044,-0.03913811831735074,0.2,7710,0.234716796875
2716,582,-0.1016598,773,1583104,300.0,0.0003,0.0014216899871826172,-0.034303486347198486,0.056408376,0.07444666067021899,-0.5981218430213631,-0.04472065946320072,0.2,7720,0.246728515625
2718,583,-0.28326387999999997,774,1585152,300.0,0.0003,-0.013427972793579102,-0.07016621530056,0.052547872,0.027956008299952373,-0.6132051199674606,-0.042386999336304146,0.2,7730,0.24580078125
2720,583,-0.19777014999999998,775,1587200,300.0,0.0003,0.11743307113647461,-0.04680827260017395,0.048785623,0.08728349595330656,-0.6160306899808348,-0.04326787487225374,0.2,7740,0.236962890625
2722,583,-0.3522898200000001,776,1589248,300.0,0.0003,0.11954629421234131,-0.04701998829841614,0.04938298,0.04488266051048413,-0.6124533698894083,-0.043356065804255196,0.2,7750,0.246142578125
2724,583,-0.31044542999999997,777,1591296,300.0,0.0003,-0.11706757545471191,-0.026322513818740845,0.048393585,0.055764160794205965,-0.6044355074875056,-0.04240046604536474,0.2,7760,0.233544921875
2727,584,-0.23907646999999999,778,1593344,300.0,0.0003,-0.012936711311340332,-0.0736505538225174,0.047938183,0.0653861676924862,-0.6084467054344713,-0.04141813550668303,0.2,7770,0.22470703125
2729,584,-0.12544338,779,1595392,300.0,0.0003,0.031396687030792236,-0.044205956161022186,0.053538665,0.07815827010199428,-0.5988939366303384,-0.044074894598452374,0.2,7780,0.2314453125
2734,584,-0.1597694300000001,780,1597440,300.0,0.0003,0.03985470533370972,-0.03709014505147934,0.06564699,0.07653222259832546,-0.5700760293751955,-0.04065678089100402,0.2,7790,0.24814453125
2736,584,0.01617792999999998,781,1599488,300.0,0.0003,0.03803873062133789,-0.04310412332415581,0.04444752,0.0692156619974412,-0.5941969368606805,-0.04129961271828506,0.2,7800,0.22451171875
2801,571,0.25561744999999997,782,1601536,300.0,0.0003,-0.06790566444396973,-0.04439034312963486,0.049314953,0.06623975948896259,-0.6033621695823967,-0.04447932662442326,0.2,7810,0.240771484375
2803,572,0.16132086,783,1603584,300.0,0.0003,-0.01798081398010254,-0.05188330262899399,0.044999316,0.06470518501009792,-0.5999618190340698,-0.041776386272977105,0.2,7820,0.230810546875
2805,572,0.11605698000000002,784,1605632,300.0,0.0003,-0.01399087905883789,-0.07122202962636948,0.04076396,0.024478761010686866,-0.6108738888055086,-0.045846654969500376,0.2,7830,0.22451171875
2807,572,0.33416889000000005,785,1607680,300.0,0.0003,0.115237295627594,-0.03485747054219246,0.044334248,0.051897421275498345,-0.609215899463743,-0.04078053687699139,0.2,7840,0.228564453125
2809,572,0.32181921,786,1609728,300.0,0.0003,0.3689131736755371,-0.04850263148546219,0.048865996,0.024154831576743162,-0.5995328925549984,-0.043681244509934915,0.2,7850,0.241015625
2811,573,0.18316449,787,1611776,300.0,0.0003,0.38849717378616333,-0.06412730365991592,0.04967363,0.026879434924921952,-0.602684211730957,-0.04387772853369824,0.2,7860,0.232470703125
2813,573,0.3110251700000001,788,1613824,300.0,0.0003,0.5212968587875366,-0.036362115293741226,0.047026515,0.013963118108222261,-0.6082313073799014,-0.04169650795083726,0.2,7870,0.235009765625
2816,573,0.35380700000000004,789,1615872,300.0,0.0003,0.01647055149078369,-0.020640529692173004,0.043215893,0.09235354022821411,-0.5862766779027879,-0.04213693340861937,0.2,7880,0.219189453125
2818,574,0.29735447,790,1617920,300.0,0.0003,0.3546677231788635,-0.03405219316482544,0.049214046,0.03349603398819454,-0.5897143673151731,-0.044630815493292175,0.2,7890,0.23251953125
2820,574,0.44889873,791,1619968,300.0,0.0003,0.15726882219314575,-0.01722712069749832,0.046351396,0.06241461735917255,-0.5699977379292249,-0.04307979558943771,0.2,7900,0.227685546875
2822,574,0.22087521999999996,792,1622016,300.0,0.0003,0.141484797000885,-0.009710527956485748,0.0476588,0.10865711007500067,-0.5906290269456804,-0.04336200229008682,0.2,7910,0.221044921875
2825,574,0.18298767999999999,793,1624064,300.0,0.0003,0.24135363101959229,-0.0735836774110794,0.055181593,0.031041946209734307,-0.5766948862932623,-0.043730370696721366,0.2,7920,0.23349609375
2827,575,0.15326762999999996,794,1626112,300.0,0.0003,0.302151620388031,-0.05927099287509918,0.050186433,0.03754337273421697,-0.5745795354247093,-0.04319738782651257,0.2,7930,0.238671875
2830,575,0.18161596,795,1628160,300.0,0.0003,0.33814555406570435,-0.0372941792011261,0.050127592,0.03504740558564663,-0.575916412845254,-0.041805420730088375,0.2,7940,0.2240234375
2832,575,0.26653765999999995,796,1630208,300.0,0.0003,-0.09062552452087402,-0.03602609038352966,0.05194975,0.08413690465968102,-0.5668595800176263,-0.04358058348880149,0.2,7950,0.23779296875
2834,575,0.31007155000000003,797,1632256,300.0,0.0003,-0.18168723583221436,-0.05781886726617813,0.042724483,0.05115971288178116,-0.5698220949620009,-0.03937258998630568,0.2,7960,0.221435546875
2836,576,0.37056164,798,1634304,300.0,0.0003,-0.2836611270904541,-0.04763542860746384,0.05195085,0.044040881359251216,-0.5742128475569188,-0.04356236463645473,0.2,7970,0.228955078125
2839,576,0.36092253,799,1636352,300.0,0.0003,0.10984188318252563,-0.06336187571287155,0.051461935,0.026904827830730938,-0.5812866196036339,-0.0443646064872155,0.2,7980,0.245263671875
2841,576,0.33204226,800,1638400,300.0,0.0003,0.014987945556640625,-0.055421411991119385,0.04552047,0.08198177275480703,-0.5875047972425819,-0.04341008452756796,0.2,7990,0.231396484375
2843,576,0.19285348,801,1640448,300.0,0.0003,-0.09521365165710449,-0.04882335290312767,0.05883829,0.03160741610918194,-0.5837406523525714,-0.043427290199906564,0.2,8000,0.239990234375
2845,577,0.2685530300000001,802,1642496,300.0,0.0003,-0.06035959720611572,-0.037554722279310226,0.04836112,0.04791436798986979,-0.5760385089553892,-0.037407709407852964,0.2,8010,0.21181640625
2847,577,0.3515686599999999,803,1644544,300.0,0.0003,0.11118113994598389,-0.07402829825878143,0.049039435,0.016327200856176206,-0.6040402530692518,-0.04157542331377044,0.2,8020,0.232666015625
2850,577,0.4223257800000001,804,1646592,300.0,0.0003,0.021093428134918213,-0.08373495936393738,0.06314887,0.028092700798879378,-0.5556421983987093,-0.043350707049830815,0.2,8030,0.25009765625
2852,578,0.27546747000000005,805,1648640,300.0,0.0003,-0.04324924945831299,-0.04812769964337349,0.04556142,0.047730566636892034,-0.5839749216102064,-0.04071664316870738,0.2,8040,0.235009765625
2854,578,0.25480182999999995,806,1650688,300.0,0.0003,-0.06851959228515625,-0.06132785603404045,0.055131655,0.019582823957898655,-0.5679021516814828,-0.04295338157680817,0.2,8050,0.221240234375
2857,578,0.37322475999999993,807,1652736,300.0,0.0003,0.20372790098190308,-0.021020077168941498,0.053453736,0.11126448216382415,-0.5721192291006446,-0.042547275818651545,0.2,8060,0.2193359375
2859,578,0.29492665999999995,808,1654784,300.0,0.0003,0.06256437301635742,-0.018600881099700928,0.04971841,0.06610600833664648,-0.5597289663739502,-0.03903850393398898,0.2,8070,0.22939453125
2863,578,0.19744146999999995,809,1656832,300.0,0.0003,0.33673685789108276,-0.06720799952745438,0.051884755,0.04189254362136126,-0.574726668652147,-0.04261213716235943,0.2,8080,0.2244140625
2866,578,0.07113831000000001,810,1658880,300.0,0.0003,0.35634279251098633,-0.025242939591407776,0.045919813,0.07386729459976778,-0.5641105199232698,-0.038899348583072424,0.2,8090,0.221337890625
2868,578,-0.009669750000000017,811,1660928,300.0,0.0003,0.31236135959625244,-0.06590960174798965,0.049487293,0.0568144554970786,-0.5746709539555013,-0.04174071018933319,0.2,8100,0.234814453125
2871,579,-0.12351683999999999,812,1662976,300.0,0.0003,0.25965994596481323,-0.05441531166434288,0.045408737,0.0489050778793171,-0.5648971258662641,-0.04431311966618523,0.2,8110,0.235009765625
2873,579,-0.15345013,813,1665024,300.0,0.0003,0.09949928522109985,-0.04477629065513611,0.058283344,0.040453403122955936,-0.5575212167575956,-0.04418364030425437,0.2,8120,0.236767578125
2875,579,-0.2226455300000001,814,1667072,300.0,0.0003,0.23025721311569214,-0.01598711684346199,0.05627412,0.0888955601141788,-0.5852478863671422,-0.04439729969599284,0.2,8130,0.2341796875
2878,579,-0.28940791999999993,815,1669120,300.0,0.0003,-0.21600115299224854,-0.03411983698606491,0.051660717,0.06438047541305422,-0.5869458523578942,-0.041676891455426815,0.2,8140,0.233837890625
2880,580,-0.34580453,816,1671168,300.0,0.0003,0.14238905906677246,-0.0329153835773468,0.06443749,0.04886626591323875,-0.5821144913323224,-0.0419201290642377,0.2,8150,0.24580078125
2883,580,-0.37314014000000006,817,1673216,300.0,0.0003,0.18570476770401,-0.07790328562259674,0.048911724,0.04838617931236513,-0.5938816945068538,-0.04051434446882922,0.2,8160,0.2310546875
2885,580,-0.6200160400000001,818,1675264,300.0,0.0003,0.20276391506195068,-0.05262716859579086,0.053172007,0.067894982395228,-0.5857191334478558,-0.042854121298296376,0.2,8170,0.22333984375
2887,580,-0.48835797000000014,819,1677312,300.0,0.0003,0.41424018144607544,-0.04621216282248497,0.06017752,0.02905289617483504,-0.5902059068903327,-0.046491313303704374,0.2,8180,0.24287109375
2889,581,-0.64487605,820,1679360,300.0,0.0003,0.3586932420730591,-0.029953453689813614,0.059676312,0.05964424151461571,-0.5863497361540795,-0.04248118973337114,0.2,8190,0.246728515625
2892,581,-0.7175632300000001,821,1681408,300.0,0.0003,0.3341591954231262,-0.029868513345718384,0.053707447,0.09092734027653933,-0.5773302800022065,-0.04209766238345765,0.2,8200,0.23056640625
2894,581,-0.6649931699999999,822,1683456,300.0,0.0003,0.36006689071655273,-0.03936842083930969,0.05023049,0.041344213951379064,-0.5793323898687959,-0.0385293232568074,0.2,8210,0.222900390625
2896,581,-0.5209238900000001,823,1685504,300.0,0.0003,0.5106878280639648,-0.04043342545628548,0.053582806,0.0393479771213606,-0.5738596878945827,-0.045050808702944777,0.2,8220,0.24228515625
2898,582,-0.35770719999999995,824,1687552,300.0,0.0003,0.5177371501922607,-0.06354837119579315,0.049088947,0.040023564669536424,-0.5601650748401881,-0.04079383410571609,0.2,8230,0.23466796875
2900,582,-0.28434122,825,1689600,300.0,0.0003,0.368797242641449,-0.04440874978899956,0.054210573,0.032859636459033933,-0.5758975665085018,-0.040106528424075805,0.2,8240,0.242578125
2902,582,-0.44647682000000005,826,1691648,300.0,0.0003,0.362030565738678,-0.06328564882278442,0.055949196,0.03454275785770733,-0.5638324075378478,-0.044841592127340846,0.2,8250,0.2560546875
2905,583,-0.3566664799999999,827,1693696,300.0,0.0003,0.21202826499938965,-0.03281596302986145,0.051524706,0.028444653007318264,-0.5693320798687637,-0.04295248659036588,0.2,8260,0.233251953125
2907,583,-0.41149332,828,1695744,300.0,0.0003,0.23961597681045532,-0.04646776616573334,0.04814665,0.05068115294561722,-0.5794613161124289,-0.040765485228621404,0.2,8270,0.23623046875
2909,583,-0.3882488600000001,829,1697792,300.0,0.0003,0.21579420566558838,-0.023081030696630478,0.045098647,0.040074341790750624,-0.5591802413575351,-0.03682568641379476,0.2,8280,0.21982421875
2911,583,-0.1750358699999999,830,1699840,300.0,0.0003,0.14734774827957153,-0.04410979524254799,0.058035154,0.02218424307939131,-0.5804225018247962,-0.04371938829717692,0.2,8290,0.245458984375
2994,568,-0.058148769999999975,831,1701888,300.0,0.0003,0.028036296367645264,-0.009416181594133377,0.054462276,0.08923607903998346,-0.5582607910037041,-0.04370241059805267,0.2,8300,0.23515625
2997,568,-0.04781905999999997,832,1703936,300.0,0.0003,0.3733740448951721,-0.06583043187856674,0.05742428,0.021594247317989358,-0.5710030757822097,-0.0430673266237136,0.2,8310,0.2419921875
3000,568,-0.05719662999999999,833,1705984,300.0,0.0003,0.33943337202072144,-0.05094078928232193,0.0478424,0.03015842157183215,-0.5845452777110041,-0.039870116587917434,0.2,8320,0.223095703125
3003,568,-0.14700722,834,1708032,300.0,0.0003,0.23830711841583252,-0.0728607326745987,0.04695323,0.03556163286557421,-0.56534653166309,-0.04473170856654178,0.2,8330,0.21591796875
3006,568,0.008449199999999992,835,1710080,300.0,0.0003,-0.06312799453735352,-0.0701925978064537,0.049216785,0.027198963041882962,-0.5763932956382632,-0.04122522111138096,0.2,8340,0.22041015625
3009,568,-0.05815097999999999,836,1712128,300.0,0.0003,0.057352542877197266,-0.05835064500570297,0.051460475,0.04059411753551103,-0.5684990080073475,-0.04458386770565994,0.2,8350,0.231982421875
3011,569,0.05380419000000002,837,1714176,300.0,0.0003,0.03721928596496582,-0.036307379603385925,0.05520314,0.0625716426060535,-0.5629195094108581,-0.043440623907372355,0.2,8360,0.234228515625
3013,569,0.07366264000000002,838,1716224,300.0,0.0003,0.1757606863975525,-0.04409187287092209,0.051671393,0.02886471341480501,-0.5697625026106834,-0.043823593584238554,0.2,8370,0.229638671875
3015,569,-0.07699145000000002,839,1718272,300.0,0.0003,0.06459617614746094,-0.05703132599592209,0.06481062,0.03693714842083864,-0.5507225166074932,-0.0425168541361927,0.2,8380,0.2396484375
3018,569,-0.020759979999999977,840,1720320,300.0,0.0003,-0.09668684005737305,-0.035998716950416565,0.044725843,0.06423772953567095,-0.5666494039818645,-0.041884282932733184,0.2,8390,0.218701171875
3021,570,-0.03418099999999999,841,1722368,300.0,0.0003,-0.1533275842666626,-0.04120064154267311,0.051424928,0.03161672005080618,-0.5723315563052893,-0.041151657809678,0.2,8400,0.232666015625
3023,570,-0.20307776,842,1724416,300.0,0.0003,0.13362270593643188,-0.03586413711309433,0.047151044,0.020728104730369522,-0.5807055509649217,-0.037821758893551306,0.2,8410,0.214453125
3025,570,-0.19189232000000003,843,1726464,300.0,0.0003,0.12231779098510742,-0.040149763226509094,0.04708092,0.07687253589974716,-0.5694984230212867,-0.04055044386186637,0.2,8420,0.228564453125
3028,570,-0.18363105999999996,844,1728512,300.0,0.0003,0.2674681544303894,-0.0418253093957901,0.047621574,0.08446115265833214,-0.5898526921868325,-0.03791131738034892,0.2,8430,0.226318359375
3030,570,-0.3595705,845,1730560,300.0,0.0003,0.21129381656646729,-0.06200661137700081,0.04424645,0.03599373007309623,-0.5943804075010121,-0.04262161521764938,0.2,8440,0.234423828125
3033,571,-0.4908099099999999,846,1732608,300.0,0.0003,0.09965324401855469,-0.04020402953028679,0.051578924,0.046350661100586873,-0.5606512443162501,-0.042348216209211385,0.2,8450,0.232470703125
3035,571,-0.40559251999999985,847,1734656,300.0,0.0003,0.28729623556137085,-0.058078259229660034,0.04692829,0.05300118884188123,-0.5594649407081306,-0.041045429393125235,0.2,8460,0.23271484375
3038,571,-0.20962613000000002,848,1736704,300.0,0.0003,0.2375505566596985,-0.05286627262830734,0.050010987,0.038881987653439865,-0.5651476170867682,-0.04351449502282776,0.2,8470,0.2330078125
3040,571,-0.3069657300000001,849,1738752,300.0,0.0003,0.1467897891998291,-0.04760414734482765,0.048276663,0.033337395056150854,-0.5766164602711796,-0.04119932136673014,0.2,8480,0.2279296875
3042,572,-0.26167632,850,1740800,300.0,0.0003,0.10514342784881592,-0.0077954791486263275,0.05039177,0.09710552548058331,-0.5733891581185162,-0.04058012884634081,0.2,8490,0.23642578125
3045,572,-0.17529705,851,1742848,300.0,0.0003,0.18816250562667847,-0.052322868257761,0.054006655,0.02890008954855148,-0.5721931084059179,-0.042976144433487205,0.2,8500,0.235888671875
3047,572,-0.33190369,852,1744896,300.0,0.0003,0.36210036277770996,-0.05291910469532013,0.057113312,0.04299520086497068,-0.5565767377614975,-0.04285475403303281,0.2,8510,0.23984375
3049,572,-0.18136827,853,1746944,300.0,0.0003,0.3543317914009094,-0.038927339017391205,0.053985544,0.04201931491843425,-0.5727776002138854,-0.036772791334078646,0.2,8520,0.22490234375
3051,573,-0.03528380000000006,854,1748992,300.0,0.0003,0.41215866804122925,-0.06234806776046753,0.06077031,0.03028707464109175,-0.5804900578223169,-0.04570136149413884,0.2,8530,0.246728515625
3054,573,-0.03557572999999995,855,1751040,300.0,0.0003,0.31697219610214233,-0.08284974843263626,0.053207733,0.03287884496967308,-0.5708945433609187,-0.04124344538722653,0.2,8540,0.23388671875
3056,573,0.09611725000000003,856,1753088,300.0,0.0003,0.2564278841018677,-0.012007206678390503,0.050792463,0.05028190977172926,-0.5730040923692286,-0.039997280546231195,0.2,8550,0.2310546875
3059,573,0.10574591999999995,857,1755136,300.0,0.0003,0.16722887754440308,-0.048919107764959335,0.054255262,0.04533012883039191,-0.5632065661251545,-0.04117319649376441,0.2,8560,0.229345703125
3061,573,0.17889668,858,1757184,300.0,0.0003,0.1394752860069275,-0.04791611433029175,0.053277016,0.06295902052079327,-0.5577153283171356,-0.03890168766665738,0.2,8570,0.219482421875
3063,574,0.24323054999999996,859,1759232,300.0,0.0003,-0.014415979385375977,-0.07451736927032471,0.062836304,0.04571005380130373,-0.5644344746135175,-0.04128439702908508,0.2,8580,0.239306640625
3066,574,0.26207899999999995,860,1761280,300.0,0.0003,0.03688967227935791,-0.03900016099214554,0.05870024,0.025996055465657263,-0.5602402002550662,-0.04208760754117975,0.2,8590,0.236865234375
3068,574,0.33508362999999997,861,1763328,300.0,0.0003,0.12219619750976562,-0.09367606788873672,0.050434437,0.03449757610214874,-0.5625932556577027,-0.04220196726091672,0.2,8600,0.22548828125
3071,574,0.16408288000000001,862,1765376,300.0,0.0003,-0.07990705966949463,-0.05612436309456825,0.054139856,0.05196305185672827,-0.5697632430121302,-0.03809637860103976,0.2,8610,0.236865234375
3073,575,0.04592288,863,1767424,300.0,0.0003,-0.0660092830657959,-0.04514201730489731,0.07137436,0.028455037309322508,-0.5796917575411499,-0.041764284929377025,0.2,8620,0.25400390625
3077,575,-0.04430219999999998,864,1769472,300.0,0.0003,-0.0852670669555664,-0.05438914895057678,0.06221672,0.07003880846896209,-0.5982274604961276,-0.042775074439123276,0.2,8630,0.255859375
3081,574,0.11931041999999997,865,1771520,300.0,0.0003,-0.3559703826904297,-0.052884429693222046,0.07057291,0.02528810910298489,-0.5840712700039148,-0.04038833965314552,0.2,8640,0.238623046875
3085,574,-0.016660080000000032,866,1773568,300.0,0.0003,-0.04501640796661377,-0.035706959664821625,0.05312735,0.06520962710492313,-0.5602251499891281,-0.04261026294261683,0.2,8650,0.229052734375
3087,575,-0.07016892000000001,867,1775616,300.0,0.0003,-0.12215542793273926,-0.06347176432609558,0.058561888,0.027802205429179595,-0.5916729805991053,-0.041733599166036583,0.2,8660,0.25654296875
3090,575,-0.13422267999999998,868,1777664,300.0,0.0003,-0.07244551181793213,-0.05859445780515671,0.05723419,0.03556370518053882,-0.5807213364169002,-0.04464717977098189,0.2,8670,0.239990234375
3092,575,-0.14382609999999998,869,1779712,300.0,0.0003,0.020284295082092285,-0.060881346464157104,0.051155105,0.0547876208438538,-0.5690812373533845,-0.04523462591168936,0.2,8680,0.24072265625
3094,575,-0.20576248000000008,870,1781760,300.0,0.0003,-0.03998088836669922,-0.01612391322851181,0.05725914,0.05598618234507739,-0.5432079151272774,-0.03903333812195342,0.2,8690,0.234423828125
3097,575,-0.22349104999999997,871,1783808,300.0,0.0003,-0.03887760639190674,-0.04198213666677475,0.042683575,0.059535370318917556,-0.5494812536984682,-0.039996293533477,0.2,8700,0.222705078125
3100,576,-0.20834228999999993,872,1785856,300.0,0.0003,-0.010024428367614746,-0.0208992138504982,0.056258086,0.07004426505882293,-0.5539438931271434,-0.040971346158767116,0.2,8710,0.235009765625
3102,576,-0.27681249999999996,873,1787904,300.0,0.0003,-0.2760807275772095,-0.06199677288532257,0.05607579,0.0410161986714229,-0.5577996496111155,-0.0428548824187601,0.2,8720,0.227783203125
3105,576,-0.24850558999999997,874,1789952,300.0,0.0003,0.005408823490142822,-0.051007889211177826,0.053065043,0.048980357381515204,-0.562251528352499,-0.0425271327549126,0.2,8730,0.235791015625
3107,576,-0.4012802400000001,875,1792000,300.0,0.0003,-0.07478964328765869,-0.03614882007241249,0.048899166,0.06261417588684708,-0.5630321783013642,-0.042299854330485685,0.2,8740,0.241357421875
3110,576,-0.34188195,876,1794048,300.0,0.0003,-0.15247952938079834,-0.04127338528633118,0.053222552,0.0597108481102623,-0.5705262169241905,-0.04278238682891242,0.2,8750,0.231982421875
3112,577,-0.25184047,877,1796096,300.0,0.0003,-0.2101297378540039,-0.08029983937740326,0.058734912,0.02638273436750751,-0.5791256456635893,-0.04355211172369309,0.2,8760,0.24580078125
3115,577,-0.15484036000000004,878,1798144,300.0,0.0003,0.20753693580627441,-0.057763710618019104,0.046371173,0.032891103788278996,-0.5737724628299474,-0.04321186258166563,0.2,8770,0.2294921875
3183,565,-0.14180579000000001,879,1800192,300.0,0.0003,-0.24167203903198242,-0.06684894114732742,0.05397739,0.01774915759160649,-0.5666608271189034,-0.042306889159954154,0.2,8780,0.232568359375
3185,565,-0.4128146,880,1802240,300.0,0.0003,-0.06815743446350098,-0.06892316788434982,0.050769717,0.02210620255500544,-0.5943483465351165,-0.04115609705913812,0.2,8790,0.22880859375
3188,565,-0.29128497,881,1804288,300.0,0.0003,0.05178803205490112,-0.05220089107751846,0.054884784,0.03940810281201266,-0.6083503684028984,-0.044560645350429695,0.2,8800,0.24423828125
3190,566,-0.20209671999999998,882,1806336,300.0,0.0003,-0.10166299343109131,-0.03410857915878296,0.04423011,0.06762401865562424,-0.5792489135637879,-0.03874377636238933,0.2,8810,0.2248046875
3192,566,-0.33490304000000004,883,1808384,300.0,0.0003,-0.2586733102798462,-0.07695198059082031,0.05057419,0.022317988579743542,-0.5922973752953112,-0.04107916426146403,0.2,8820,0.238232421875
3195,566,-0.27128297,884,1810432,300.0,0.0003,0.037071943283081055,-0.028501372784376144,0.046501804,0.08528804413508624,-0.6045689184218646,-0.04317404381872621,0.2,8830,0.23515625
3197,566,-0.3272365900000001,885,1812480,300.0,0.0003,-0.2638661861419678,-0.051754601299762726,0.053449195,0.02343534475658089,-0.6089035891927779,-0.04129273286962416,0.2,8840,0.233935546875
3199,567,-0.42320307,886,1814528,300.0,0.0003,0.052254319190979004,-0.045814454555511475,0.04959426,0.0827930532512255,-0.6042176121845841,-0.04237908975919709,0.2,8850,0.230712890625
3201,567,-0.42561143000000007,887,1816576,300.0,0.0003,-0.18407177925109863,-0.0445169135928154,0.060700696,0.01912609931314364,-0.6166295210830868,-0.049046949730836786,0.2,8860,0.258740234375
3203,567,-0.3481665400000001,888,1818624,300.0,0.0003,0.1422358751296997,-0.05022163689136505,0.053289607,0.02845358397171367,-0.6049625958316028,-0.040438581877970135,0.2,8870,0.2498046875
3206,567,-0.42132387999999993,889,1820672,300.0,0.0003,0.10989195108413696,-0.02145465463399887,0.04944572,0.12830574029358105,-0.5970652285031974,-0.04082986723806244,0.2,8880,0.2248046875
3208,568,-0.49471119,890,1822720,300.0,0.0003,0.343352735042572,-0.040895041078329086,0.053000506,0.04121505439397879,-0.6100027070380747,-0.043637225180282256,0.2,8890,0.2486328125
3210,568,-0.5251202300000001,891,1824768,300.0,0.0003,0.19496971368789673,-0.03846006095409393,0.050770298,0.05504526498843916,-0.6090263697318733,-0.043639915841049516,0.2,8900,0.23173828125
3212,568,-0.41522047,892,1826816,300.0,0.0003,0.4566429853439331,-0.058447252959012985,0.05306624,0.02443399983458221,-0.6105846435762942,-0.04469534367817687,0.2,8910,0.234814453125
3215,568,-0.33500902000000005,893,1828864,300.0,0.0003,0.6435861587524414,-0.04381450265645981,0.047324967,0.021845691531780176,-0.597699367441237,-0.04543934361427091,0.2,8920,0.23427734375
3219,568,-0.17842783000000004,894,1830912,300.0,0.0003,0.5889578461647034,-0.049727633595466614,0.047237806,0.02969876264978666,-0.6026972982101142,-0.042614031003904526,0.2,8930,0.221337890625
3221,568,-0.36113506,895,1832960,300.0,0.0003,0.34590214490890503,-0.03531109541654587,0.047804374,0.058523047459311785,-0.6008490152657032,-0.04489721382706193,0.2,8940,0.23896484375
3223,569,-0.39840594,896,1835008,300.0,0.0003,-0.008387923240661621,-0.01936585083603859,0.064405516,0.08122314586071297,-0.6325573781505227,-0.04422874051670078,0.2,8950,0.24384765625
3226,569,-0.52944686,897,1837056,300.0,0.0003,0.14423686265945435,-0.05952005088329315,0.044048414,0.02296572479244787,-0.6133659531362354,-0.044240398152032866,0.2,8960,0.23984375
3228,569,-0.30409057,898,1839104,300.0,0.0003,0.058319687843322754,-0.0229065902531147,0.050675794,0.04578482227807399,-0.6110709427855909,-0.04109461878833827,0.2,8970,0.242919921875
3230,569,-0.33155273,899,1841152,300.0,0.0003,0.4882977604866028,-0.06085300073027611,0.06077426,0.020179001172073184,-0.5990144644863904,-0.04567871947219828,0.2,8980,0.2591796875
3233,570,-0.42033271000000005,900,1843200,300.0,0.0003,0.4341968894004822,-0.020661283284425735,0.05571528,0.036160936154192316,-0.5946517121978104,-0.04058327274979092,0.2,8990,0.21904296875
3235,570,-0.47715921999999994,901,1845248,300.0,0.0003,0.30504292249679565,-0.06704134494066238,0.05183563,0.030962654500035568,-0.574258781131357,-0.04282494979270268,0.2,9000,0.22685546875
3237,570,-0.21861176000000004,902,1847296,300.0,0.0003,-0.02876436710357666,-0.024804506450891495,0.047358368,0.07884056007023901,-0.596897189412266,-0.041201985797670204,0.2,9010,0.235302734375
3240,570,-0.31863708999999996,903,1849344,300.0,0.0003,0.21765750646591187,-0.040612656623125076,0.054348167,0.03612613984732889,-0.5895402473397553,-0.043390842218650506,0.2,9020,0.232568359375
3242,571,-0.23561421000000002,904,1851392,300.0,0.0003,0.20792657136917114,-0.0829973891377449,0.053429663,0.02478221617930103,-0.5993492439389229,-0.04297702616895549,0.2,9030,0.243896484375
3244,571,-0.14030063,905,1853440,300.0,0.0003,-0.05115103721618652,-0.02529575116932392,0.053461023,0.06779524637386203,-0.5833696099929512,-0.044099343444395346,0.2,9040,0.23525390625
3247,571,-0.19713179000000003,906,1855488,300.0,0.0003,-0.019632697105407715,-0.05257277935743332,0.06253907,0.03078034916543402,-0.5701894976198674,-0.048136976666864936,0.2,9050,0.251123046875
3249,571,-0.23678091,907,1857536,300.0,0.0003,0.05178576707839966,-0.050784315913915634,0.056266025,0.029092595394467936,-0.5847313081845641,-0.04388154056214262,0.2,9060,0.2330078125
3252,571,-0.4054411400000001,908,1859584,300.0,0.0003,0.1469973921775818,-0.028817836195230484,0.051379442,0.056150287739001215,-0.6356133179739117,-0.04393165844958276,0.2,9070,0.245166015625
3254,572,-0.3939648699999999,909,1861632,300.0,0.0003,-0.17886292934417725,-0.05084993317723274,0.05667065,0.041838862613076344,-0.6200511595234275,-0.04136343458667398,0.2,9080,0.241259765625
3256,572,-0.21662326999999995,910,1863680,300.0,0.0003,0.06343215703964233,-0.06954174488782883,0.04966886,0.06130802049301565,-0.6310965896584093,-0.04505547798471525,0.2,9090,0.234912109375
3258,572,-0.30917532999999997,911,1865728,300.0,0.0003,0.1249203085899353,-0.028628110885620117,0.053372584,0.058837168419267984,-0.6265947860665619,-0.044057222419360186,0.2,9100,0.250732421875
3262,572,-0.33399097999999994,912,1867776,300.0,0.0003,0.10999691486358643,-0.07821802794933319,0.05387275,0.038599459250690416,-0.6183620921336115,-0.04222376440302469,0.2,9110,0.24296875
3265,572,-0.56920253,913,1869824,300.0,0.0003,0.07198154926300049,-0.05452791601419449,0.046951864,0.04475750235142186,-0.6143380645662546,-0.039573368881247004,0.2,9120,0.238330078125
3268,572,-0.5918771300000001,914,1871872,300.0,0.0003,0.20439136028289795,-0.04550546780228615,0.05242917,0.047520539275137705,-0.6347882933914661,-0.04692777546006255,0.2,9130,0.25048828125
3270,572,-0.46146183,915,1873920,300.0,0.0003,0.18024742603302002,-0.05506139248609543,0.054644026,0.031190539611270652,-0.6213905767537653,-0.04165171869390179,0.2,9140,0.23896484375
3273,573,-0.37336901999999994,916,1875968,300.0,0.0003,0.4445123076438904,-0.06484395265579224,0.05297986,0.045269091898808254,-0.6166536530479789,-0.04439553326228633,0.2,9150,0.23828125
3275,573,-0.65621815,917,1878016,300.0,0.0003,0.5368821620941162,-0.05212333798408508,0.049673066,0.01912547287356574,-0.6181089369580149,-0.0457867062126752,0.2,9160,0.246533203125
3278,573,-0.60201486,918,1880064,300.0,0.0003,0.07179343700408936,-0.03695691004395485,0.043962494,0.025731320190243424,-0.6226166343316436,-0.042867031347122976,0.2,9170,0.23388671875
3280,573,-0.48778276000000004,919,1882112,300.0,0.0003,0.17157727479934692,-0.02944432757794857,0.050007682,0.07139381509041413,-0.600906637776643,-0.041783761998522094,0.2,9180,0.24755859375
3282,573,-0.5691004199999999,920,1884160,300.0,0.0003,0.1681276559829712,-0.04448835551738739,0.060242027,0.059691459423629564,-0.6105774057097733,-0.04194748221052578,0.2,9190,0.249755859375
3285,574,-0.62313687,921,1886208,300.0,0.0003,0.6032513380050659,-0.05980841815471649,0.053062208,0.019994360508280806,-0.6238204527646303,-0.04432420434604865,0.2,9200,0.237841796875
3287,574,-0.6304904199999999,922,1888256,300.0,0.0003,0.533198356628418,-0.05985609441995621,0.05751365,0.03326082990970462,-0.6172009568661452,-0.047386550501687455,0.2,9210,0.25537109375
3290,574,-0.5709112100000001,923,1890304,300.0,0.0003,0.31663012504577637,-0.05532852187752724,0.05173102,0.05684463371289894,-0.6288400278426707,-0.04967398686567322,0.2,9220,0.247021484375
3292,574,-0.78125363,924,1892352,300.0,0.0003,0.2229466438293457,-0.02609335258603096,0.049120486,0.07005550689063966,-0.6247785753570497,-0.04407462972158101,0.2,9230,0.240576171875
3295,574,-0.84543624,925,1894400,300.0,0.0003,0.2147911787033081,-0.05885392427444458,0.043560095,0.03316965705307666,-0.6227936871349812,-0.04130301570694428,0.2,9240,0.241455078125
3297,575,-0.7514273200000002,926,1896448,300.0,0.0003,0.3522816300392151,-0.06100139766931534,0.05047087,0.021851758277625775,-0.6219922272488475,-0.04385958113416564,0.2,9250,0.237158203125
3300,575,-0.5603236199999999,927,1898496,300.0,0.0003,0.4286119341850281,-0.06555276364088058,0.058450617,0.029420876476797274,-0.6152680289931596,-0.044608981609053446,0.2,9260,0.253173828125
3369,564,-0.47252867000000004,928,1900544,300.0,0.0003,0.3089352250099182,-0.07092985510826111,0.05284703,0.014514225153834558,-0.6117407020181418,-0.04531064055336174,0.2,9270,0.233203125
3371,564,-0.4898741499999999,929,1902592,300.0,0.0003,0.5497955083847046,-0.055519722402095795,0.051881056,0.014099863143928814,-0.5924840864725411,-0.04196278094314039,0.2,9280,0.239453125
3373,564,-0.47988334,930,1904640,300.0,0.0003,0.38479775190353394,-0.06663937121629715,0.04952953,0.02284651025547646,-0.5868354262784123,-0.04363773300283356,0.2,9290,0.223193359375
3376,564,-0.38595826,931,1906688,300.0,0.0003,0.31781435012817383,-0.04496215656399727,0.051306702,0.022563868114957586,-0.5877878775820136,-0.043716730555752294,0.2,9300,0.2373046875
3378,564,-0.36537449,932,1908736,300.0,0.0003,0.2875300645828247,-0.05034380406141281,0.057895355,0.06993157813558355,-0.5758997814729809,-0.04431860765034799,0.2,9310,0.23740234375
3380,565,-0.36835226,933,1910784,300.0,0.0003,-0.007439017295837402,-0.03729786351323128,0.052129008,0.03359839542536065,-0.5960037739016115,-0.04058470194577239,0.2,9320,0.234326171875
3382,565,-0.53964639,934,1912832,300.0,0.0003,0.13708508014678955,-0.039349254220724106,0.05455968,0.08086064787348732,-0.5831151247955859,-0.04015584449516609,0.2,9330,0.21904296875
3385,565,-0.61154773,935,1914880,300.0,0.0003,0.029945433139801025,-0.06502978503704071,0.06321104,0.043818860652390865,-0.5765850120224059,-0.042530788705335,0.2,9340,0.242236328125
3387,565,-0.58529308,936,1916928,300.0,0.0003,0.1742379069328308,-0.04609435051679611,0.055391937,0.0438066852686461,-0.5716975624673069,-0.04001106299692765,0.2,9350,0.2345703125
3389,566,-0.6564635500000001,937,1918976,300.0,0.0003,0.15162676572799683,-0.043454188853502274,0.061544724,0.062483755336143074,-0.5876349441707134,-0.041171387799840885,0.2,9360,0.23876953125
3391,566,-0.54161445,938,1921024,300.0,0.0003,-0.01961338520050049,-0.04430656135082245,0.04912416,0.05621064117876813,-0.5841843665577471,-0.044214761146577075,0.2,9370,0.230615234375
3394,566,-0.57138571,939,1923072,300.0,0.0003,0.2071201205253601,-0.0646507516503334,0.05842325,0.031589884968707335,-0.5858286983333528,-0.04034038728423184,0.2,9380,0.244140625
3396,566,-0.5537043199999999,940,1925120,300.0,0.0003,0.22965919971466064,-0.04888639599084854,0.05203058,0.03860968336230144,-0.5876436858437956,-0.04167894665079075,0.2,9390,0.2255859375
3398,567,-0.5260296099999998,941,1927168,300.0,0.0003,0.21080923080444336,-0.036454543471336365,0.048164744,0.07287358728935941,-0.5704989954829216,-0.04096429192868527,0.2,9400,0.227978515625
3400,567,-0.46882847,942,1929216,300.0,0.0003,0.3819396495819092,-0.057538460940122604,0.060672443,0.02377436581882648,-0.5781824509613216,-0.04454757552157389,0.2,9410,0.253564453125
3403,567,-0.54347959,943,1931264,300.0,0.0003,0.34711408615112305,-0.055659618228673935,0.05780936,0.0500896827201359,-0.5957319754175842,-0.04177479241043329,0.2,9420,0.248779296875
3405,567,-0.43913259,944,1933312,300.0,0.0003,0.23215538263320923,-0.0591621994972229,0.047444545,0.04613042067503557,-0.5652685834094882,-0.041756295703817156,0.2,9430,0.220703125
3407,567,-0.52999536,945,1935360,300.0,0.0003,0.4166807532310486,-0.04588771238923073,0.056659654,0.04181720486958511,-0.5595819465816021,-0.043709364166716114,0.2,9440,0.24375
3409,568,-0.428139,946,1937408,300.0,0.0003,0.23114269971847534,-0.03526473045349121,0.05119948,0.030774694244610146,-0.5847635159268976,-0.03792199103627354,0.2,9450,0.23251953125
3411,568,-0.4367068599999999,947,1939456,300.0,0.0003,0.23697561025619507,-0.07279887795448303,0.0512214,0.045270962896756826,-0.5568102051503956,-0.03946402449219022,0.2,9460,0.233056640625
3414,568,-0.38339520000000005,948,1941504,300.0,0.0003,0.25407135486602783,-0.05125311017036438,0.064398974,0.02355481026461348,-0.581013862695545,-0.04237393028743099,0.2,9470,0.247607421875
3416,568,-0.31791338999999996,949,1943552,300.0,0.0003,0.03935873508453369,-0.04898246377706528,0.052122258,0.02986049589526374,-0.5718250349164009,-0.04040431425673887,0.2,9480,0.23603515625
3418,569,-0.20374713,950,1945600,300.0,0.0003,-0.008117318153381348,-0.043096236884593964,0.049170412,0.06442449042806402,-0.5654612865298987,-0.04244522453955142,0.2,9490,0.228857421875
3421,569,-0.13407519999999995,951,1947648,300.0,0.0003,0.21091586351394653,-0.06626869738101959,0.06468266,0.028341274725971744,-0.5661975482478738,-0.04308616022171918,0.2,9500,0.2583984375
3423,569,-0.20625178000000002,952,1949696,300.0,0.0003,-0.0507967472076416,-0.036121852695941925,0.04978639,0.05104198309709318,-0.5722615957260132,-0.04133850517391693,0.2,9510,0.228369140625
3425,569,-0.29684825000000004,953,1951744,300.0,0.0003,-0.2908637523651123,-0.024230271577835083,0.050249554,0.03435775847174227,-0.5653463344089686,-0.03877572675701231,0.2,9520,0.22734375
3427,569,-0.29883440999999994,954,1953792,300.0,0.0003,-0.08493232727050781,-0.056414298713207245,0.052282467,0.027017981352400966,-0.5750927174463868,-0.04168269433430396,0.2,9530,0.236083984375
3430,570,-0.3542216999999999,955,1955840,300.0,0.0003,0.023009896278381348,-0.07273180782794952,0.05287399,0.030566967278718948,-0.5770077299326658,-0.04432189812650904,0.2,9540,0.245751953125
3432,570,-0.41112525999999994,956,1957888,300.0,0.0003,0.28944551944732666,-0.07361918687820435,0.044069827,0.045103917579399425,-0.5814167625270784,-0.043501365778502075,0.2,9550,0.2318359375
3435,570,-0.48636145,957,1959936,300.0,0.0003,0.030655264854431152,-0.05512749403715134,0.05555547,0.051028037269134074,-0.5852787437848747,-0.04290493111184333,0.2,9560,0.2375
3437,570,-0.59461126,958,1961984,300.0,0.0003,0.3131864070892334,-0.0474562831223011,0.051164255,0.04685082400683314,-0.578392731025815,-0.041197812897735275,0.2,9570,0.2228515625
3439,570,-0.49248470000000005,959,1964032,300.0,0.0003,0.08552759885787964,-0.04603257775306702,0.05350727,0.06100992888095789,-0.5982393588870764,-0.04213631810853258,0.2,9580,0.25166015625
3442,571,-0.4326904300000001,960,1966080,300.0,0.0003,0.2430134415626526,-0.03701229393482208,0.064157635,0.06940514961024746,-0.5735131358727813,-0.042317484118393624,0.2,9590,0.235009765625
3445,571,-0.33985565000000006,961,1968128,300.0,0.0003,0.42617887258529663,-0.07746226340532303,0.058002487,0.030084046232514084,-0.5742068458348513,-0.04166470488416962,0.2,9600,0.243212890625
3448,571,-0.2588116199999999,962,1970176,300.0,0.0003,0.4783793091773987,-0.04365837574005127,0.062519714,0.054667315119877456,-0.6034848001785577,-0.04418433708924567,0.2,9610,0.248828125
3450,571,-0.29226334000000004,963,1972224,300.0,0.0003,0.5240309238433838,-0.04189145192503929,0.05954441,0.06043838957557455,-0.5712723137810827,-0.04095461393881124,0.2,9620,0.23681640625
3453,571,-0.21006209,964,1974272,300.0,0.0003,0.29945194721221924,-0.060977961868047714,0.04898395,0.029437093780143187,-0.5925783695653081,-0.04133322059205966,0.2,9630,0.233251953125
3456,571,-0.30203351000000006,965,1976320,300.0,0.0003,0.4188493490219116,-0.06872553378343582,0.054520585,0.03953893232392147,-0.5730622298084199,-0.04355998654500581,0.2,9640,0.23251953125
3460,571,-0.2922183300000001,966,1978368,300.0,0.0003,-0.14677703380584717,-0.06736244261264801,0.045796305,0.018331941138603723,-0.5851278965361416,-0.0412619413487846,0.2,9650,0.221240234375
3463,571,-0.3405083200000001,967,1980416,300.0,0.0003,0.22267282009124756,-0.02173118107020855,0.06370737,0.07576683355728164,-0.589706723485142,-0.04515624539344572,0.2,9660,0.24609375
3466,571,-0.27520965999999997,968,1982464,300.0,0.0003,-0.005285382270812988,-0.07508751004934311,0.049444582,0.021650116305681876,-0.5731815961189568,-0.04182876589184161,0.2,9670,0.23203125
3468,572,-0.44725463,969,1984512,300.0,0.0003,0.043870508670806885,-0.05007534846663475,0.06094754,0.03154844491800759,-0.5449239043518901,-0.043624542362522334,0.2,9680,0.24482421875
3471,572,-0.22754068000000005,970,1986560,300.0,0.0003,0.2009812593460083,-0.04912903159856796,0.060428374,0.06929575053509325,-0.5622578385286033,-0.041451171369408256,0.2,9690,0.226708984375
3474,572,0.011357879999999997,971,1988608,300.0,0.0003,-0.03953254222869873,-0.03435305505990982,0.06115114,0.10928784528514371,-0.5620173732750118,-0.041504429778433403,0.2,9700,0.2427734375
3476,572,-0.06036871999999997,972,1990656,300.0,0.0003,0.0011981725692749023,-0.05077396705746651,0.056838147,0.04107855153270066,-0.5880607885308564,-0.043416841528960505,0.2,9710,0.247705078125
3479,572,0.03085804999999996,973,1992704,300.0,0.0003,0.1717773675918579,-0.050375811755657196,0.048200168,0.07942273283842952,-0.5645747089758515,-0.04385280222049914,0.2,9720,0.238037109375
3482,572,-0.16925263000000002,974,1994752,300.0,0.0003,0.31001436710357666,-0.06542056053876877,0.058312595,0.03500485774129629,-0.5493108146823943,-0.045151733566308395,0.2,9730,0.23671875
3484,573,-0.23658172,975,1996800,300.0,0.0003,0.37044572830200195,-0.0289066843688488,0.05263789,0.027082524457364344,-0.5489966697059572,-0.04240997905726544,0.2,9740,0.224169921875
3486,573,-0.22217767999999993,976,1998848,300.0,0.0003,0.08204114437103271,-0.04512028396129608,0.058323067,0.04822125777718611,-0.5626249852590263,-0.045670519219129346,0.2,9750,0.235205078125
3552,563,-0.31314535999999993,977,2000896,300.0,0.0003,0.1732708215713501,-0.027065321803092957,0.045719244,0.031987795894383456,-0.5441959583200514,-0.0410449025388516,0.2,9760,0.221923828125
