rollout/ep_rew_mean,time/total_timesteps,time/fps,rollout/ep_len_mean,time/episodes,rollout/exploration_rate,time/time_elapsed,train/n_updates,train/loss,train/learning_rate
-3.820759,1200,349,300.0,4,0.9977584905660376,3,,,
-2.177063875,2400,621,300.0,8,0.9955169811320755,3,,,
-1.5384838333333333,3600,835,300.0,12,0.9932754716981131,4,,,
1.436060125,4800,1007,300.0,16,0.9910339622641511,4,,,
1.06198055,6000,1155,300.0,20,0.9887924528301887,5,,,
0.8999117499999998,7200,1280,300.0,24,0.9865509433962263,5,,,
1.1440936071428567,8400,1384,300.0,28,0.9843094339622642,6,,,
0.506871625,9600,1461,300.0,32,0.9820679245283018,6,,,
-0.19324722222222215,10800,1543,300.0,36,0.9798264150943398,6,,,
0.1190478500000002,12000,1614,300.0,40,0.9775849056603774,7,,,
-0.6794904545454544,13200,1676,300.0,44,0.9753433962264149,7,,,
-1.2657586875000002,14400,1732,300.0,48,0.9731018867924529,8,,,
-0.9295649423076924,15600,1782,300.0,52,0.9708603773584905,8,,,
-0.797946625,16800,1829,300.0,56,0.9686188679245284,9,,,
-0.8447264833333333,18000,1871,300.0,60,0.966377358490566,9,,,
-1.048955375,19200,1910,300.0,64,0.9641358490566035,10,,,
-1.1001250147058823,20400,1944,300.0,68,0.9618943396226416,10,,,
-1.270177736111111,21600,1976,300.0,72,0.9596528301886791,10,,,
-1.6255205789473686,22800,2006,300.0,76,0.9574113207547171,11,,,
-1.436900025,24000,2033,300.0,80,0.9551698113207547,11,,,
-1.4330569404761904,25200,2058,300.0,84,0.9529283018867927,12,,,
-1.4570119204545455,26400,2081,300.0,88,0.9506867924528303,12,,,
-1.3185179130434783,27600,2104,300.0,92,0.9484452830188678,13,,,
-1.3470723020833333,28800,2124,300.0,96,0.9462037735849058,13,,,
-1.13066213,30000,2144,300.0,100,0.9439622641509433,13,,,
-1.0583177599999996,31200,2163,300.0,104,0.9417207547169814,14,,,
-0.73915269,32400,2177,300.0,108,0.9394792452830188,14,,,
-0.9481790600000002,33600,2191,300.0,112,0.9372377358490565,15,,,
-1.4985325400000002,34800,2207,300.0,116,0.9349962264150945,15,,,
-1.29799351,36000,2215,300.0,120,0.932754716981132,16,,,
-1.19385391,37200,2223,300.0,124,0.93051320754717,16,,,
-1.0845954500000001,38400,2235,300.0,128,0.9282716981132075,17,,,
-1.08203613,39600,2248,300.0,132,0.9260301886792451,17,,,
-0.7958921900000001,40800,2254,300.0,136,0.9237886792452831,18,7,0.007103933021426201,0.0001
-0.7822063600000001,42000,2259,300.0,140,0.9215471698113207,18,19,0.005814379081130028,0.0001
-0.68382483,43200,2264,300.0,144,0.9193056603773587,19,31,0.006644318345934153,0.0001
-0.5246457000000002,44400,2271,300.0,148,0.9170641509433962,19,43,0.00589792151004076,0.0001
-0.7167347000000001,45600,2276,300.0,152,0.9148226415094338,20,55,0.005463688634335995,0.0001
-0.96614641,46800,2281,300.0,156,0.9125811320754718,20,67,0.005579057615250349,0.0001
-1.2406957100000005,48000,2274,300.0,160,0.9103396226415094,21,79,0.005293864756822586,0.0001
-0.9768102800000004,49200,2277,300.0,164,0.9080981132075473,21,91,0.004988978151232004,0.0001
-1.30175016,50400,2283,300.0,168,0.9058566037735849,22,103,0.004924495704472065,0.0001
-1.0526376000000002,51600,2287,300.0,172,0.9036150943396225,22,115,0.003641456365585327,0.0001
-0.56689442,52800,2289,300.0,176,0.9013735849056604,23,127,0.0043576546013355255,0.0001
-0.6372441699999998,54000,2293,300.0,180,0.899132075471698,23,139,0.00340181402862072,0.0001
-0.72021493,55200,2297,300.0,184,0.896890566037736,24,151,0.003686309792101383,0.0001
-0.7775073200000001,56400,2300,300.0,188,0.8946490566037736,24,163,0.004424483515322208,0.0001
-0.84509782,57600,2301,300.0,192,0.8924075471698112,25,175,0.0037150075659155846,0.0001
-0.6966341600000001,58800,2303,300.0,196,0.8901660377358491,25,187,0.003699346911162138,0.0001
-0.4614305099999999,60000,2304,300.0,200,0.8879245283018867,26,199,0.0036035047378391027,0.0001
-0.42710483999999993,61200,2306,300.0,204,0.8856830188679247,26,211,0.004439679905772209,0.0001
-0.8621293700000001,62400,2310,300.0,208,0.8834415094339623,27,223,0.004073388874530792,0.0001
-0.42523061000000006,63600,2311,300.0,212,0.8811999999999998,27,235,0.005177173297852278,0.0001
-0.19978107,64800,2313,300.0,216,0.8789584905660378,28,247,0.004113547969609499,0.0001
-0.21308874,66000,2316,300.0,220,0.8767169811320754,28,259,0.0036709955893456936,0.0001
-0.61027008,67200,2319,300.0,224,0.8744754716981133,28,271,0.004618141800165176,0.0001
-0.5675312299999998,68400,2321,300.0,228,0.872233962264151,29,283,0.004258526023477316,0.0001
-0.34093113999999985,69600,2324,300.0,232,0.8699924528301889,29,295,0.004581584595143795,0.0001
-0.18738874999999997,70800,2326,300.0,236,0.8677509433962265,30,307,0.0046796128153800964,0.0001
0.032456639999999995,72000,2329,300.0,240,0.865509433962264,30,319,0.004427737556397915,0.0001
0.32466846,73200,2331,300.0,244,0.863267924528302,31,331,0.004623552784323692,0.0001
0.73896203,74400,2333,300.0,248,0.8610264150943396,31,343,0.0051932064816355705,0.0001
0.7823934999999996,75600,2335,300.0,252,0.8587849056603771,32,355,0.005127470009028912,0.0001
1.0709595199999997,76800,2337,300.0,256,0.8565433962264152,32,367,0.0034849264193326235,0.0001
1.3878757300000002,78000,2338,300.0,260,0.8543018867924528,33,379,0.005628751125186682,0.0001
1.2513796700000002,79200,2339,300.0,264,0.8520603773584907,33,391,0.004370659124106169,0.0001
1.6923492699999998,80400,2340,300.0,268,0.8498188679245282,34,403,0.004525830969214439,0.0001
1.7653461800000003,81600,2333,300.0,272,0.8475773584905663,34,415,0.004776918329298496,0.0001
1.5563906800000005,82800,2329,300.0,276,0.8453358490566039,35,427,0.0038987910374999046,0.0001
1.4957883099999998,84000,2329,300.0,280,0.8430943396226414,36,439,0.0032533660996705294,0.0001
1.62378018,85200,2325,300.0,284,0.8408528301886794,36,451,0.005079519934952259,0.0001
2.04471847,86400,2324,300.0,288,0.8386113207547169,37,463,0.004129763226956129,0.0001
2.0799683799999995,87600,2325,300.0,292,0.8363698113207549,37,475,0.0030352817848324776,0.0001
2.01435189,88800,2325,300.0,296,0.8341283018867924,38,487,0.00385622913017869,0.0001
1.3323660000000002,90000,2327,300.0,300,0.83188679245283,38,499,0.004963583778589964,0.0001
1.1406511799999999,91200,2328,300.0,304,0.8296452830188681,39,511,0.003721361281350255,0.0001
0.9585344299999999,92400,2328,300.0,308,0.8274037735849056,39,523,0.004535200074315071,0.0001
0.5023027299999999,93600,2328,300.0,312,0.8251622641509436,40,535,0.003599280258640647,0.0001
0.5641259799999999,94800,2322,300.0,316,0.8229207547169811,40,547,0.004751733969897032,0.0001
0.4029203899999998,96000,2323,300.0,320,0.8206792452830187,41,559,0.0032696546986699104,0.0001
0.6468414499999996,97200,2323,300.0,324,0.8184377358490567,41,571,0.005076501052826643,0.0001
0.42781954999999966,98400,2322,300.0,328,0.8161962264150943,42,583,0.004425234626978636,0.0001
0.4652492599999998,99600,2323,300.0,332,0.8139547169811323,42,595,0.005213609896600246,0.0001
0.4602908799999998,100800,1093,300.0,336,0.8117132075471698,92,607,0.003695449326187372,0.0001
0.27352287999999986,102000,1100,300.0,340,0.8094716981132074,92,619,0.004071604926139116,0.0001
0.0478807899999999,103200,1106,300.0,344,0.8072301886792453,93,631,0.004852740094065666,0.0001
-0.06768927000000001,104400,1113,300.0,348,0.804988679245283,93,643,0.0036164293996989727,0.0001
-0.08451765999999998,105600,1120,300.0,352,0.8027471698113209,94,655,0.0036185900680720806,0.0001
-0.10607290999999992,106800,1126,300.0,356,0.8005056603773585,94,667,0.003734555561095476,0.0001
-0.20632950999999985,108000,1132,300.0,360,0.7982641509433961,95,679,0.005944907199591398,0.0001
-0.09286654999999996,109200,1139,300.0,364,0.796022641509434,95,691,0.0050141653046011925,0.0001
-0.19356871000000006,110400,1143,300.0,368,0.7937811320754716,96,703,0.0050933267921209335,0.0001
-0.29650263000000004,111600,1149,300.0,372,0.7915396226415096,97,715,0.004035259131342173,0.0001
-0.10130579999999999,112800,1155,300.0,376,0.7892981132075472,97,727,0.004538132809102535,0.0001
0.20495438000000005,114000,1161,300.0,380,0.7870566037735847,98,739,0.004228132776916027,0.0001
0.11623370000000001,115200,1167,300.0,384,0.7848150943396227,98,751,0.0053010303527116776,0.0001
0.10415945000000008,116400,1173,300.0,388,0.7825735849056603,99,763,0.003521815873682499,0.0001
-0.26634227000000005,117600,1179,300.0,392,0.7803320754716982,99,775,0.004956970456987619,0.0001
-0.2141450900000001,118800,1185,300.0,396,0.7780905660377359,100,787,0.00342217436991632,0.0001
0.03656007,120000,1189,300.0,400,0.7758490566037735,100,799,0.004385289736092091,0.0001
0.3628769100000001,121200,1195,300.0,404,0.7736075471698114,101,811,0.005536647513508797,0.0001
0.9213966200000003,122400,1200,300.0,408,0.7713660377358489,101,823,0.00446329265832901,0.0001
1.3797974700000004,123600,1206,300.0,412,0.7691245283018869,102,835,0.004149368964135647,0.0001
1.2011862200000003,124800,1211,300.0,416,0.7668830188679245,102,847,0.004598456900566816,0.0001
0.9541575900000003,126000,1217,300.0,420,0.7646415094339625,103,859,0.005484229885041714,0.0001
0.9401692600000006,127200,1222,300.0,424,0.7624000000000001,104,871,0.004020906053483486,0.0001
0.8473361300000002,128400,1227,300.0,428,0.7601584905660377,104,883,0.004600516986101866,0.0001
0.7280311299999996,129600,1231,300.0,432,0.7579169811320756,105,895,0.00413251668214798,0.0001
0.86290404,130800,1236,300.0,436,0.7556754716981131,105,907,0.0033945890609174967,0.0001
0.77313597,132000,1240,300.0,440,0.7534339622641508,106,919,0.0032663154415786266,0.0001
0.92170452,133200,1245,300.0,444,0.7511924528301888,106,931,0.004845093470066786,0.0001
0.5407045899999998,134400,1248,300.0,448,0.7489509433962263,107,943,0.003584181424230337,0.0001
0.9507132899999999,135600,1253,300.0,452,0.7467094339622642,108,955,0.0060404022224247456,0.0001
0.8851310399999999,136800,1258,300.0,456,0.7444679245283019,108,967,0.005393489263951778,0.0001
1.2905281499999999,138000,1263,300.0,460,0.7422264150943398,109,979,0.004372185096144676,0.0001
1.3228699399999997,139200,1268,300.0,464,0.7399849056603773,109,991,0.004148542415350676,0.0001
1.3393245699999994,140400,1272,300.0,468,0.7377433962264149,110,1003,0.004763427656143904,0.0001
0.9807298899999995,141600,1277,300.0,472,0.735501886792453,110,1015,0.0037632491439580917,0.0001
0.9963417399999998,142800,1280,300.0,476,0.7332603773584905,111,1027,0.006310425698757172,0.0001
0.7151204399999999,144000,1285,300.0,480,0.7310188679245284,112,1039,0.00468227406963706,0.0001
0.8657142399999995,145200,1289,300.0,484,0.7287773584905661,112,1051,0.005593275185674429,0.0001
0.9358871899999999,146400,1293,300.0,488,0.7265358490566036,113,1063,0.004676337353885174,0.0001
1.37068808,147600,1298,300.0,492,0.7242943396226416,113,1075,0.005402384325861931,0.0001
1.1787523999999998,148800,1302,300.0,496,0.7220528301886792,114,1087,0.004619629122316837,0.0001
1.0284909800000002,150000,1306,300.0,500,0.7198113207547172,114,1099,0.004215695895254612,0.0001
0.9022174599999999,151200,1310,300.0,504,0.7175698113207547,115,1111,0.0044215284287929535,0.0001
0.9499701700000002,152400,1312,300.0,508,0.7153283018867923,116,1123,0.0038775657303631306,0.0001
0.9224747400000003,153600,1317,300.0,512,0.7130867924528304,116,1135,0.004298685118556023,0.0001
0.9759576200000001,154800,1321,300.0,516,0.7108452830188678,117,1147,0.004488504957407713,0.0001
1.0360501999999998,156000,1325,300.0,520,0.7086037735849058,117,1159,0.004015369340777397,0.0001
1.13288413,157200,1329,300.0,524,0.7063622641509434,118,1171,0.004462025128304958,0.0001
1.35838145,158400,1333,300.0,528,0.704120754716981,118,1183,0.004942032974213362,0.0001
1.47201651,159600,1338,300.0,532,0.7018792452830189,119,1195,0.005652989260852337,0.0001
0.9163484199999999,160800,1342,300.0,536,0.6996377358490565,119,1207,0.0056869639083743095,0.0001
0.7863790500000002,162000,1345,300.0,540,0.6973962264150946,120,1219,0.005064958706498146,0.0001
0.44235168000000014,163200,1349,300.0,544,0.6951547169811321,120,1231,0.00553120207041502,0.0001
0.5141644100000001,164400,1353,300.0,548,0.6929132075471697,121,1243,0.005419756285846233,0.0001
0.04166461000000003,165600,1357,300.0,552,0.6906716981132076,121,1255,0.005446418654173613,0.0001
0.1692648100000001,166800,1361,300.0,556,0.6884301886792452,122,1267,0.005335522815585136,0.0001
-0.21153576999999998,168000,1365,300.0,560,0.6861886792452832,123,1279,0.004237843677401543,0.0001
-0.53198781,169200,1369,300.0,564,0.6839471698113208,123,1291,0.004305800423026085,0.0001
-0.30113695,170400,1373,300.0,568,0.6817056603773588,124,1303,0.005544696468859911,0.0001
0.2554447800000001,171600,1376,300.0,572,0.6794641509433963,124,1315,0.006123087834566832,0.0001
-0.11515336999999998,172800,1379,300.0,576,0.6772226415094338,125,1327,0.00584814790636301,0.0001
0.2419207700000001,174000,1383,300.0,580,0.6749811320754718,125,1339,0.005350468214601278,0.0001
0.34462991000000004,175200,1385,300.0,584,0.6727396226415094,126,1351,0.005767307244241238,0.0001
0.001087099999999932,176400,1388,300.0,588,0.6704981132075469,127,1363,0.006351975724101067,0.0001
-0.06570673000000006,177600,1391,300.0,592,0.668256603773585,127,1375,0.004250161815434694,0.0001
0.24828677,178800,1394,300.0,596,0.6660150943396226,128,1387,0.005389102268964052,0.0001
0.47044566000000004,180000,1398,300.0,600,0.6637735849056605,128,1399,0.005881473422050476,0.0001
0.46396303000000017,181200,1401,300.0,604,0.661532075471698,129,1411,0.0036752221640199423,0.0001
0.22584101000000004,182400,1405,300.0,608,0.6592905660377361,129,1423,0.004113838076591492,0.0001
-0.0237729600000001,183600,1408,300.0,612,0.6570490566037737,130,1435,0.004446361213922501,0.0001
0.0644994499999999,184800,1411,300.0,616,0.6548075471698112,130,1447,0.005991784855723381,0.0001
0.43886017000000005,186000,1414,300.0,620,0.6525660377358492,131,1459,0.004731275606900454,0.0001
0.29611832000000005,187200,1417,300.0,624,0.6503245283018868,132,1471,0.005268712993711233,0.0001
0.02536467000000002,188400,1421,300.0,628,0.6480830188679243,132,1483,0.006614344194531441,0.0001
-0.012437779999999971,189600,1424,300.0,632,0.6458415094339622,133,1495,0.006185367237776518,0.0001
0.16191895000000017,190800,1427,300.0,636,0.6435999999999998,133,1507,0.0033372840844094753,0.0001
0.28669222000000016,192000,1430,300.0,640,0.6413584905660379,134,1519,0.004589865915477276,0.0001
0.6133590000000002,193200,1433,300.0,644,0.6391169811320754,134,1531,0.004219332709908485,0.0001
0.4183476400000002,194400,1436,300.0,648,0.6368754716981134,135,1543,0.0038163946010172367,0.0001
0.2919589600000001,195600,1439,300.0,652,0.634633962264151,135,1555,0.006654585245996714,0.0001
0.3097020900000002,196800,1441,300.0,656,0.6323924528301885,136,1567,0.004842616152018309,0.0001
0.2780889000000002,198000,1443,300.0,660,0.6301509433962265,137,1579,0.006618959363549948,0.0001
0.5881526899999998,199200,1445,300.0,664,0.6279094339622641,137,1591,0.005798567086458206,0.0001
0.38914509999999986,200400,1064,300.0,668,0.6256679245283021,188,1603,0.0060614184476435184,0.0001
0.13439152000000004,201600,1067,300.0,672,0.6234264150943396,188,1615,0.00473001878708601,0.0001
0.05182503000000009,202800,1070,300.0,676,0.6211849056603772,189,1627,0.006023960188031197,0.0001
-0.1825509499999999,204000,1073,300.0,680,0.6189433962264153,189,1639,0.003920004703104496,0.0001
-0.43305322,205200,1077,300.0,684,0.6167018867924527,190,1651,0.005620268639177084,0.0001
-0.14293987000000008,206400,1080,300.0,688,0.6144603773584907,191,1663,0.0064224665984511375,0.0001
-0.4501934899999999,207600,1083,300.0,692,0.6122188679245283,191,1675,0.005178492516279221,0.0001
-0.5371927199999998,208800,1085,300.0,696,0.6099773584905659,192,1687,0.005688567645847797,0.0001
-0.09594341999999986,210000,1088,300.0,700,0.6077358490566038,192,1699,0.006128637120127678,0.0001
-0.0032641399999998734,211200,1091,300.0,704,0.6054943396226414,193,1711,0.004894617013633251,0.0001
-0.12330641999999985,212400,1093,300.0,708,0.6032528301886795,194,1723,0.0055418782867491245,0.0001
-0.17901575000000006,213600,1096,300.0,712,0.601011320754717,194,1735,0.007144477218389511,0.0001
-0.3041557000000001,214800,1098,300.0,716,0.5987698113207549,195,1747,0.005825265310704708,0.0001
-0.25655904,216000,1101,300.0,720,0.5965283018867925,196,1759,0.005477073602378368,0.0001
0.11529636,217200,1102,300.0,724,0.5942867924528301,196,1771,0.0042521595023572445,0.0001
0.21523575999999991,218400,1104,300.0,728,0.592045283018868,197,1783,0.006590261124074459,0.0001
0.27056631000000003,219600,1107,300.0,732,0.5898037735849057,198,1795,0.005368643440306187,0.0001
0.27671614999999994,220800,1109,300.0,736,0.5875622641509433,199,1807,0.0066293091513216496,0.0001
0.14114372999999994,222000,1112,300.0,740,0.5853207547169812,199,1819,0.005776465870440006,0.0001
0.14205571,223200,1115,300.0,744,0.5830792452830188,200,1831,0.0061744265258312225,0.0001
0.5741671100000002,224400,1118,300.0,748,0.5808377358490567,200,1843,0.007210968993604183,0.0001
0.9491252600000002,225600,1120,300.0,752,0.5785962264150943,201,1855,0.005307303741574287,0.0001
1.0499850600000002,226800,1123,300.0,756,0.5763547169811323,201,1867,0.006527128629386425,0.0001
0.9425123100000001,228000,1125,300.0,760,0.5741132075471699,202,1879,0.0040767015889286995,0.0001
0.74481918,229200,1128,300.0,764,0.5718716981132075,203,1891,0.004927756264805794,0.0001
0.8679432699999998,230400,1131,300.0,768,0.5696301886792454,203,1903,0.005258025601506233,0.0001
0.78892004,231600,1133,300.0,772,0.567388679245283,204,1915,0.0038962094113230705,0.0001
0.9633694100000001,232800,1136,300.0,776,0.5651471698113206,204,1927,0.0052168602123856544,0.0001
1.2942759300000004,234000,1139,300.0,780,0.5629056603773586,205,1939,0.006504515185952187,0.0001
1.23060781,235200,1141,300.0,784,0.5606641509433961,206,1951,0.005327953957021236,0.0001
0.9667465900000002,236400,1144,300.0,788,0.5584226415094341,206,1963,0.0059127346612513065,0.0001
1.0308092200000003,237600,1146,300.0,792,0.5561811320754717,207,1975,0.005276199895888567,0.0001
1.0905455300000002,238800,1149,300.0,796,0.5539396226415096,207,1987,0.007540673948824406,0.0001
0.14926616000000026,240000,1152,300.0,800,0.5516981132075472,208,1999,0.00661054439842701,0.0001
0.08027121000000008,241200,1154,300.0,804,0.5494566037735849,208,2011,0.00542959151789546,0.0001
0.20174901000000006,242400,1157,300.0,808,0.5472150943396228,209,2023,0.005063233431428671,0.0001
0.2944268400000002,243600,1160,300.0,812,0.5449735849056603,209,2035,0.0071415682323277,0.0001
0.5350966400000002,244800,1162,300.0,816,0.5427320754716983,210,2047,0.004376110155135393,0.0001
0.31179686000000023,246000,1165,300.0,820,0.5404905660377359,211,2059,0.007835768163204193,0.0001
0.24785845000000023,247200,1167,300.0,824,0.5382490566037734,211,2071,0.004998546093702316,0.0001
0.4070399800000002,248400,1170,300.0,828,0.5360075471698115,212,2083,0.0063874367624521255,0.0001
0.14543637999999998,249600,1172,300.0,832,0.5337660377358491,212,2095,0.006850394420325756,0.0001
-0.028187479999999977,250800,1175,300.0,836,0.531524528301887,213,2107,0.006632563658058643,0.0001
-0.08953371000000004,252000,1177,300.0,840,0.5292830188679245,213,2119,0.006369045935571194,0.0001
-0.020962259999999996,253200,1180,300.0,844,0.527041509433962,214,2131,0.004344473127275705,0.0001
0.29691634999999994,254400,1182,300.0,848,0.5248000000000002,215,2143,0.0035093422047793865,0.0001
0.09455522999999985,255600,1184,300.0,852,0.5225584905660376,215,2155,0.0077809724025428295,0.0001
-0.025246480000000123,256800,1186,300.0,856,0.5203169811320757,216,2167,0.005765639711171389,0.0001
0.2370223399999999,258000,1188,300.0,860,0.5180754716981133,217,2179,0.003907469101250172,0.0001
0.22139732999999992,259200,1190,300.0,864,0.5158339622641512,217,2191,0.005959812551736832,0.0001
-0.15154613,260400,1193,300.0,868,0.5135924528301887,218,2203,0.007110179867595434,0.0001
-0.22294334999999996,261600,1195,300.0,872,0.5113509433962263,218,2215,0.007917690090835094,0.0001
-0.10141097000000018,262800,1197,300.0,876,0.5091094339622644,219,2227,0.005985792726278305,0.0001
-0.3799045500000001,264000,1200,300.0,880,0.5068679245283019,219,2239,0.004894583020359278,0.0001
-0.05315379000000002,265200,1202,300.0,884,0.5046264150943394,220,2251,0.0042310371063649654,0.0001
-0.022504779999999985,266400,1204,300.0,888,0.5023849056603774,221,2263,0.004876422695815563,0.0001
-0.024623179999999988,267600,1206,300.0,892,0.500143396226415,221,2275,0.0065450710244476795,0.0001
-0.25357435999999983,268800,1208,300.0,896,0.49790188679245306,222,2287,0.00489843962714076,0.0001
0.340807,270000,1210,300.0,900,0.49566037735849056,223,2299,0.005264119245111942,0.0001
0.5703693000000001,271200,1212,300.0,904,0.4934188679245285,223,2311,0.006343286484479904,0.0001
0.4611592100000001,272400,1214,300.0,908,0.4911773584905661,224,2323,0.00634201243519783,0.0001
0.43351260999999985,273600,1216,300.0,912,0.4889358490566037,224,2335,0.008405222557485104,0.0001
0.054523999999999934,274800,1218,300.0,916,0.48669433962264175,225,2347,0.0055155642330646515,0.0001
0.1885420299999999,276000,1220,300.0,920,0.48445283018867924,226,2359,0.004592725541442633,0.0001
0.05533333999999989,277200,1222,300.0,924,0.48221132075471673,226,2371,0.00526274973526597,0.0001
0.06790909999999978,278400,1224,300.0,928,0.4799698113207548,227,2383,0.0048890188336372375,0.0001
0.24214194999999974,279600,1225,300.0,932,0.4777283018867924,228,2395,0.004294781945645809,0.0001
0.65424492,280800,1227,300.0,936,0.4754867924528303,228,2407,0.004873494151979685,0.0001
0.7751848699999999,282000,1229,300.0,940,0.4732452830188679,229,2419,0.009201915003359318,0.0001
0.6978886999999997,283200,1231,300.0,944,0.47100377358490586,229,2431,0.004148004110902548,0.0001
0.19168914999999997,284400,1233,300.0,948,0.46876226415094346,230,2443,0.006205821875482798,0.0001
0.35143978000000003,285600,1235,300.0,952,0.46652075471698107,231,2455,0.005515089724212885,0.0001
0.10626432999999999,286800,1237,300.0,956,0.464279245283019,231,2467,0.004769995342940092,0.0001
0.29073319000000003,288000,1239,300.0,960,0.4620377358490566,232,2479,0.006125953048467636,0.0001
0.27022945,289200,1241,300.0,964,0.4597962264150941,232,2491,0.005726240575313568,0.0001
0.8287607400000002,290400,1243,300.0,968,0.45755471698113215,233,2503,0.006788771599531174,0.0001
0.8354671800000003,291600,1245,300.0,972,0.45531320754716975,234,2515,0.006246460601687431,0.0001
1.0435458500000003,292800,1247,300.0,976,0.4530716981132077,234,2527,0.0047833300195634365,0.0001
0.7491965800000001,294000,1249,300.0,980,0.4508301886792452,235,2539,0.009668576531112194,0.0001
0.5924725100000002,295200,1251,300.0,984,0.44858867924528323,235,2551,0.007937711663544178,0.0001
0.22601916000000016,296400,1253,300.0,988,0.44634716981132083,236,2563,0.008780095726251602,0.0001
0.61624191,297600,1255,300.0,992,0.4441056603773583,237,2575,0.005133950617164373,0.0001
0.7970933199999998,298800,1257,300.0,996,0.44186415094339637,237,2587,0.004657213110476732,0.0001
0.41331549999999984,300000,1039,300.0,1000,0.43962264150943386,288,2599,0.005801926366984844,0.0001
0.060628010000000024,301200,1040,300.0,1004,0.43738113207547147,289,2611,0.00661951070651412,0.0001
0.21418972000000003,302400,1042,300.0,1008,0.4351396226415095,289,2623,0.003891710890457034,0.0001
0.07010549000000009,303600,1044,300.0,1012,0.43289811320754745,290,2635,0.007021418772637844,0.0001
0.02195414000000011,304800,1046,300.0,1016,0.43065660377358506,291,2647,0.007944301702082157,0.0001
-0.052709680000000106,306000,1048,300.0,1020,0.42841509433962255,291,2659,0.007316011935472488,0.0001
-0.18888441000000025,307200,1050,300.0,1024,0.4261735849056606,292,2671,0.0051064882427453995,0.0001
-0.13549160999999987,308400,1052,300.0,1028,0.4239320754716981,292,2683,0.0059130070731043816,0.0001
0.02318822000000015,309600,1054,300.0,1032,0.4216905660377357,293,2695,0.005910891108214855,0.0001
-0.21580623999999993,310800,1056,300.0,1036,0.41944905660377363,294,2707,0.0071468111127614975,0.0001
-0.10342607000000001,312000,1058,300.0,1040,0.41720754716981123,294,2719,0.005602829623967409,0.0001
-0.1981902600000001,313200,1060,300.0,1044,0.4149660377358493,295,2731,0.0043169972486793995,0.0001
-0.07938889000000014,314400,1062,300.0,1048,0.4127245283018868,295,2743,0.005403985735028982,0.0001
-0.02420325000000014,315600,1064,300.0,1052,0.4104830188679248,296,2755,0.0051652733236551285,0.0001
0.11511126,316800,1066,300.0,1056,0.4082415094339623,297,2767,0.004806318320333958,0.0001
-0.0759185699999999,318000,1067,300.0,1060,0.4059999999999999,297,2779,0.006340134423226118,0.0001
0.10292546000000001,319200,1069,300.0,1064,0.40375849056603796,298,2791,0.004939786158502102,0.0001
-0.45991619000000006,320400,1071,300.0,1068,0.40151698113207546,298,2803,0.0047285412438213825,0.0001
-0.35109858000000016,321600,1073,300.0,1072,0.39927547169811306,299,2815,0.009058027528226376,0.0001
-0.6454602700000001,322800,1075,300.0,1076,0.397033962264151,300,2827,0.004999999888241291,0.0001
-0.46359982,324000,1077,300.0,1080,0.3947924528301886,300,2839,0.005123701877892017,0.0001
-0.43573173,325200,1079,300.0,1084,0.39255094339622654,301,2851,0.004693761467933655,0.0001
-0.2599522000000001,326400,1081,300.0,1088,0.39030943396226414,301,2863,0.004166004713624716,0.0001
-0.3742929500000001,327600,1083,300.0,1092,0.3880679245283021,302,2875,0.00907352939248085,0.0001
-0.29727122000000006,328800,1084,300.0,1096,0.3858264150943397,303,2887,0.00688053946942091,0.0001
-0.1354268700000001,330000,1086,300.0,1100,0.3835849056603773,303,2899,0.008152855560183525,0.0001
-0.20126185999999996,331200,1088,300.0,1104,0.3813433962264152,304,2911,0.007960831746459007,0.0001
-0.16564544999999994,332400,1090,300.0,1108,0.3791018867924528,304,2923,0.0035679014399647713,0.0001
-0.16689489000000013,333600,1092,300.0,1112,0.37686037735849043,305,2935,0.005207976792007685,0.0001
0.1871097499999999,334800,1093,300.0,1116,0.37461886792452836,306,2947,0.005078800022602081,0.0001
0.32604795000000003,336000,1095,300.0,1120,0.37237735849056597,306,2959,0.005389772355556488,0.0001
0.4805121100000001,337200,1097,300.0,1124,0.3701358490566039,307,2971,0.005702397786080837,0.0001
-0.019484479999999964,338400,1098,300.0,1128,0.3678943396226415,308,2983,0.006030890624970198,0.0001
-0.23506533000000002,339600,1100,300.0,1132,0.36565283018867945,308,2995,0.006000101566314697,0.0001
-0.16827919000000008,340800,1101,300.0,1136,0.36341132075471705,309,3007,0.005357639864087105,0.0001
-0.3185855800000002,342000,1103,300.0,1140,0.36116981132075454,309,3019,0.005748809315264225,0.0001
-0.2799765500000004,343200,1105,300.0,1144,0.3589283018867926,310,3031,0.004399983678013086,0.0001
-0.20923370000000027,344400,1107,300.0,1148,0.3566867924528302,311,3043,0.0071370662190020084,0.0001
-0.16005547999999983,345600,1109,300.0,1152,0.3544452830188677,311,3055,0.004558416083455086,0.0001
0.030737760000000183,346800,1110,300.0,1156,0.35220377358490573,312,3067,0.006383982487022877,0.0001
0.17153346000000003,348000,1112,300.0,1160,0.34996226415094367,312,3079,0.0056764655746519566,0.0001
-0.06441143999999997,349200,1114,300.0,1164,0.3477207547169813,313,3091,0.005303192418068647,0.0001
0.32572736999999985,350400,1115,300.0,1168,0.3454792452830189,314,3103,0.006476713344454765,0.0001
0.2874479599999999,351600,1117,300.0,1172,0.3432377358490568,314,3115,0.004031948745250702,0.0001
0.42403543000000016,352800,1118,300.0,1176,0.3409962264150943,315,3127,0.005143649876117706,0.0001
0.3752769199999999,354000,1120,300.0,1180,0.3387547169811319,315,3139,0.006837462540715933,0.0001
0.35649262999999975,355200,1121,300.0,1184,0.33651320754716996,316,3151,0.00542058888822794,0.0001
0.4944663199999998,356400,1122,300.0,1188,0.33427169811320756,317,3163,0.005942146293818951,0.0001
0.72539734,357600,1124,300.0,1192,0.3320301886792455,318,3175,0.003729922464117408,0.0001
0.5934200799999999,358800,1126,300.0,1196,0.329788679245283,318,3187,0.006078097969293594,0.0001
0.7307015600000001,360000,1127,300.0,1200,0.32754716981132104,319,3199,0.004304854199290276,0.0001
0.8555419199999998,361200,1129,300.0,1204,0.32530566037735864,319,3211,0.005752692464739084,0.0001
0.7710460799999999,362400,1130,300.0,1208,0.32306415094339613,320,3223,0.005542635452002287,0.0001
0.9012077599999999,363600,1132,300.0,1212,0.3208226415094342,321,3235,0.006935673300176859,0.0001
0.79600651,364800,1133,300.0,1216,0.3185811320754717,321,3247,0.006190050859004259,0.0001
0.6146152099999999,366000,1135,300.0,1220,0.3163396226415093,322,3259,0.005033483263105154,0.0001
0.8210970399999998,367200,1136,300.0,1224,0.3140981132075473,323,3271,0.0057920548133552074,0.0001
1.11187182,368400,1138,300.0,1228,0.3118566037735848,323,3283,0.00427415082231164,0.0001
1.39644028,369600,1139,300.0,1232,0.30961509433962275,324,3295,0.00560180377215147,0.0001
1.25497004,370800,1141,300.0,1236,0.30737358490566036,324,3307,0.007597777061164379,0.0001
1.33230905,372000,1142,300.0,1240,0.3051320754716984,325,3319,0.004147756844758987,0.0001
1.63437532,373200,1144,300.0,1244,0.302890566037736,326,3331,0.006702751852571964,0.0001
1.5028618000000002,374400,1146,300.0,1248,0.3006490566037735,326,3343,0.006992524955421686,0.0001
1.4015896099999998,375600,1147,300.0,1252,0.29840754716981144,327,3355,0.008963428437709808,0.0001
1.2514252499999998,376800,1149,300.0,1256,0.29616603773584904,327,3367,0.0057667577639222145,0.0001
0.8600774699999999,378000,1150,300.0,1260,0.29392452830188665,328,3379,0.0060913050547242165,0.0001
1.18183701,379200,1152,300.0,1264,0.2916830188679246,329,3391,0.004310497548431158,0.0001
1.25461894,380400,1153,300.0,1268,0.2894415094339622,329,3403,0.005596761591732502,0.0001
1.3317876799999997,381600,1155,300.0,1272,0.2872000000000001,330,3415,0.0066652861423790455,0.0001
1.1236849599999998,382800,1156,300.0,1276,0.2849584905660377,330,3427,0.00627653393894434,0.0001
1.1552449299999998,384000,1158,300.0,1280,0.2827169811320758,331,3439,0.005139355547726154,0.0001
1.1176440899999998,385200,1159,300.0,1284,0.28047547169811327,332,3451,0.005759179126471281,0.0001
1.5368433499999998,386400,1161,300.0,1288,0.27823396226415076,332,3463,0.006991823203861713,0.0001
1.2200195700000003,387600,1162,300.0,1292,0.2759924528301888,333,3475,0.006068469490855932,0.0001
1.3462530700000002,388800,1164,300.0,1296,0.2737509433962264,333,3487,0.004981657024472952,0.0001
1.4611329399999995,390000,1165,300.0,1300,0.271509433962264,334,3499,0.004365250933915377,0.0001
1.7668812199999997,391200,1167,300.0,1304,0.26926792452830195,335,3511,0.005753644742071629,0.0001
1.3955139600000002,392400,1168,300.0,1308,0.26702641509433944,335,3523,0.008050832897424698,0.0001
1.3173982899999999,393600,1169,300.0,1312,0.2647849056603775,336,3535,0.005772513337433338,0.0001
1.2600505599999996,394800,1170,300.0,1316,0.2625433962264151,337,3547,0.005263360217213631,0.0001
1.1183015600000001,396000,1172,300.0,1320,0.26030188679245303,337,3559,0.005552181042730808,0.0001
1.14968848,397200,1173,300.0,1324,0.25806037735849063,338,3571,0.004185923375189304,0.0001
1.30158446,398400,1175,300.0,1328,0.2558188679245281,339,3583,0.00892871804535389,0.0001
1.1044054599999997,399600,1176,300.0,1332,0.2535773584905662,339,3595,0.00494580902159214,0.0001
1.1683345899999997,400800,1024,300.0,1336,0.2513358490566038,391,3607,0.00571849662810564,0.0001
0.8936508399999997,402000,1025,300.0,1340,0.24909433962264138,391,3619,0.0054221851751208305,0.0001
0.8570315599999999,403200,1026,300.0,1344,0.2468528301886792,392,3631,0.007868544198572636,0.0001
0.9032653399999998,404400,1028,300.0,1348,0.24461132075471725,393,3643,0.004443330690264702,0.0001
0.5047461699999998,405600,1029,300.0,1352,0.24236981132075486,393,3655,0.005306512117385864,0.0001
0.25696351999999995,406800,1031,300.0,1356,0.24012830188679246,394,3667,0.005403773859143257,0.0001
0.40274791,408000,1032,300.0,1360,0.2378867924528304,395,3679,0.004946430213749409,0.0001
0.34317245999999996,409200,1033,300.0,1364,0.2356452830188679,395,3691,0.005196717567741871,0.0001
0.34935544,410400,1035,300.0,1368,0.2334037735849055,396,3703,0.005343308672308922,0.0001
0.2569139799999999,411600,1036,300.0,1372,0.23116226415094354,397,3715,0.004772582091391087,0.0001
0.5530305899999999,412800,1037,300.0,1376,0.22892075471698115,397,3727,0.0055221207439899445,0.0001
0.0543497,414000,1039,300.0,1380,0.22667924528301897,398,3739,0.004033648408949375,0.0001
0.14571467999999993,415200,1040,300.0,1384,0.22443773584905657,399,3751,0.0082120131701231,0.0001
-0.14748548000000014,416400,1041,300.0,1388,0.22219622641509462,399,3763,0.0061686672270298,0.0001
-0.08804273999999995,417600,1043,300.0,1392,0.21995471698113223,400,3775,0.006092090159654617,0.0001
-0.35375092,418800,1044,300.0,1396,0.21771320754716983,401,3787,0.0055374158546328545,0.0001
-0.5285697800000001,420000,1045,300.0,1400,0.21547169811320765,401,3799,0.003989762626588345,0.0001
-0.3557643399999999,421200,1047,300.0,1404,0.21323018867924526,402,3811,0.005453056655824184,0.0001
0.25464376000000005,422400,1048,300.0,1408,0.21098867924528286,402,3823,0.0048245652578771114,0.0001
0.52368532,423600,1049,300.0,1412,0.2087471698113209,403,3835,0.00474817119538784,0.0001
0.8233971600000001,424800,1051,300.0,1416,0.2065056603773585,404,3847,0.006870869547128677,0.0001
1.0292897300000001,426000,1052,300.0,1420,0.20426415094339634,404,3859,0.0047091213054955006,0.0001
0.91244049,427200,1053,300.0,1424,0.20202264150943394,405,3871,0.006133978255093098,0.0001
0.65656656,428400,1055,300.0,1428,0.199781132075472,406,3883,0.004061711020767689,0.0001
0.1688158600000001,429600,1055,300.0,1432,0.1975396226415096,406,3895,0.004922144114971161,0.0001
0.46089552,430800,1056,300.0,1436,0.19529811320754709,407,3907,0.006089671514928341,0.0001
0.38810632,432000,1057,300.0,1440,0.19305660377358502,408,3919,0.004681517370045185,0.0001
0.2547000500000001,433200,1059,300.0,1444,0.19081509433962263,409,3931,0.005286422558128834,0.0001
-0.044434850000000095,434400,1060,300.0,1448,0.18857358490566023,409,3943,0.006267736665904522,0.0001
0.6488403199999999,435600,1061,300.0,1452,0.18633207547169828,410,3955,0.005415311548858881,0.0001
1.12003199,436800,1062,300.0,1456,0.18409056603773566,410,3967,0.005373060703277588,0.0001
1.2268929,438000,1064,300.0,1460,0.1818490566037737,411,3979,0.004556569270789623,0.0001
0.92646672,439200,1065,300.0,1464,0.1796075471698113,412,3991,0.00582349207252264,0.0001
1.06192375,440400,1066,300.0,1468,0.17736603773584936,412,4003,0.006009734235703945,0.0001
1.1551538700000001,441600,1068,300.0,1472,0.17512452830188696,413,4015,0.007036101073026657,0.0001
1.28132113,442800,1069,300.0,1476,0.17288301886792434,414,4027,0.0046834819950163364,0.0001
1.6233432499999998,444000,1070,300.0,1480,0.1706415094339624,414,4039,0.004113524686545134,0.0001
1.6263969600000001,445200,1071,300.0,1484,0.1684,415,4051,0.005174704827368259,0.0001
1.68265001,446400,1073,300.0,1488,0.1661584905660376,415,4063,0.003956150263547897,0.0001
1.8403094299999996,447600,1074,300.0,1492,0.16391698113207553,416,4075,0.005215637851506472,0.0001
1.7594366399999997,448800,1075,300.0,1496,0.16167547169811347,417,4087,0.004765237681567669,0.0001
1.7110094099999997,450000,1076,300.0,1500,0.15943396226415107,418,4099,0.005032212007790804,0.0001
1.29979803,451200,1077,300.0,1504,0.15719245283018868,418,4111,0.0038132336921989918,0.0001
0.97778472,452400,1078,300.0,1508,0.15495094339622673,419,4123,0.0066073015332221985,0.0001
0.8284401699999998,453600,1079,300.0,1512,0.1527094339622641,420,4135,0.004711376503109932,0.0001
0.5380199999999999,454800,1081,300.0,1516,0.1504679245283017,420,4147,0.005552914459258318,0.0001
0.67170267,456000,1082,300.0,1520,0.14822641509433976,421,4159,0.004694300703704357,0.0001
0.6588705000000001,457200,1083,300.0,1524,0.14598490566037736,421,4171,0.007565158419311047,0.0001
1.19931483,458400,1084,300.0,1528,0.1437433962264153,422,4183,0.006662774831056595,0.0001
1.31447902,459600,1086,300.0,1532,0.1415018867924528,423,4195,0.0038828884717077017,0.0001
0.9121361399999998,460800,1087,300.0,1536,0.13926037735849084,423,4207,0.005133101716637611,0.0001
1.00756315,462000,1088,300.0,1540,0.13701886792452844,424,4219,0.00434467988088727,0.0001
1.09383897,463200,1089,300.0,1544,0.13477735849056605,425,4231,0.005076905712485313,0.0001
1.6123838799999999,464400,1090,300.0,1548,0.13253584905660387,425,4243,0.004278386477380991,0.0001
1.54760042,465600,1091,300.0,1552,0.13029433962264148,426,4255,0.006641913205385208,0.0001
1.27115064,466800,1092,300.0,1556,0.12805283018867908,427,4267,0.006382366642355919,0.0001
1.3994035299999998,468000,1093,300.0,1560,0.12581132075471713,427,4279,0.0060090236365795135,0.0001
1.3941282,469200,1094,300.0,1564,0.12356981132075473,428,4291,0.004805891774594784,0.0001
1.08702841,470400,1096,300.0,1568,0.12132830188679256,429,4303,0.004611031152307987,0.0001
0.76998139,471600,1097,300.0,1572,0.11908679245283016,429,4315,0.0042729913257062435,0.0001
0.4874913599999999,472800,1098,300.0,1576,0.1168452830188682,430,4327,0.005376438144594431,0.0001
0.39859860999999985,474000,1099,300.0,1580,0.11460377358490581,431,4339,0.006335044279694557,0.0001
0.25321226,475200,1100,300.0,1584,0.1123622641509433,431,4351,0.004874387755990028,0.0001
0.8132918699999999,476400,1101,300.0,1588,0.11012075471698124,432,4363,0.0032424451783299446,0.0001
0.5571025799999998,477600,1102,300.0,1592,0.10787924528301884,433,4375,0.00341443857178092,0.0001
0.7925792500000002,478800,1104,300.0,1596,0.10563773584905645,433,4387,0.0034984108060598373,0.0001
1.0231556099999999,480000,1105,300.0,1600,0.1033962264150945,434,4399,0.004649795591831207,0.0001
1.1483095200000002,481200,1106,300.0,1604,0.10115471698113199,435,4411,0.005044063553214073,0.0001
1.39078897,482400,1107,300.0,1608,0.09891320754716992,435,4423,0.005367219913750887,0.0001
1.2071602000000001,483600,1108,300.0,1612,0.09667169811320753,436,4435,0.004930318333208561,0.0001
1.17593674,484800,1109,300.0,1616,0.09443018867924557,437,4447,0.007181610446423292,0.0001
1.01208648,486000,1110,300.0,1620,0.09218867924528318,437,4459,0.006255491636693478,0.0001
0.83084395,487200,1111,300.0,1624,0.08994716981132067,438,4471,0.00575990928336978,0.0001
0.5384335100000001,488400,1112,300.0,1628,0.08770566037735861,439,4483,0.005355149507522583,0.0001
0.5414629500000002,489600,1113,300.0,1632,0.08546415094339621,439,4495,0.005412970203906298,0.0001
0.7308617400000001,490800,1114,300.0,1636,0.08322264150943381,440,4507,0.006364630069583654,0.0001
1.0358673999999999,492000,1115,300.0,1640,0.08098113207547175,440,4519,0.004853509366512299,0.0001
1.1814986399999996,493200,1116,300.0,1644,0.07873962264150935,441,4531,0.005376440938562155,0.0001
1.1465879299999997,494400,1117,300.0,1648,0.07649811320754729,442,4543,0.004406086169183254,0.0001
0.67978521,495600,1118,300.0,1652,0.0742566037735849,443,4555,0.005195054225623608,0.0001
0.7104060399999998,496800,1119,300.0,1656,0.07201509433962294,443,4567,0.004014676436781883,0.0001
0.4223263099999999,498000,1120,300.0,1660,0.06977358490566044,444,4579,0.006117295939475298,0.0001
0.7039351900000002,499200,1121,300.0,1664,0.06753207547169804,445,4591,0.004945247434079647,0.0001
0.46264067999999997,500400,1006,300.0,1668,0.06529056603773598,497,4603,0.005316911265254021,0.0001
0.5551361500000002,501600,1007,300.0,1672,0.06304905660377358,497,4615,0.0050859940238296986,0.0001
0.57512927,502800,1008,300.0,1676,0.06080754716981118,498,4627,0.0058413404040038586,0.0001
0.94453515,504000,1009,300.0,1680,0.05856603773584912,499,4639,0.0052042752504348755,0.0001
1.5064792200000001,505200,1010,300.0,1684,0.05632452830188717,499,4651,0.005677865818142891,0.0001
0.7498661600000002,506400,1011,300.0,1688,0.05408301886792455,500,4663,0.006947192829102278,0.0001
0.49279646,507600,1012,300.0,1692,0.05184150943396215,501,4675,0.004451677203178406,0.0001
0.51690621,508800,1013,300.0,1696,0.0496000000000002,501,4687,0.004911526571959257,0.0001
0.2759576900000001,510000,1014,300.0,1700,0.0473584905660378,502,4699,0.004971818067133427,0.0001
-0.010774139999999903,511200,1015,300.0,1704,0.045116981132075296,503,4711,0.0055192606523633,0.0001
-0.7329449099999998,512400,1016,300.0,1708,0.04287547169811334,503,4723,0.004440879914909601,0.0001
-0.5044068399999999,513600,1017,300.0,1712,0.04063396226415139,504,4735,0.003877557348459959,0.0001
-0.31822388,514800,1018,300.0,1716,0.03839245283018855,505,4747,0.004256884567439556,0.0001
-0.01959499999999996,516000,1019,300.0,1720,0.03615094339622649,505,4759,0.004044247791171074,0.0001
-0.16455559,517200,1020,300.0,1724,0.03390943396226431,506,4771,0.004427267238497734,0.0001
0.08845839999999995,518400,1021,300.0,1728,0.031667924528301916,507,4783,0.005927116144448519,0.0001
0.17792372000000006,519600,1022,300.0,1732,0.02942641509433952,508,4795,0.0034433030523359776,0.0001
0.062257070000000095,520800,1023,300.0,1736,0.027184905660377567,508,4807,0.005194412544369698,0.0001
-0.059813969999999855,522000,1024,300.0,1740,0.02494339622641506,509,4819,0.00483829015865922,0.0001
-0.33037038,523200,1025,300.0,1744,0.022701886792452663,510,4831,0.005674235988408327,0.0001
-0.29607868000000015,524400,1026,300.0,1748,0.02046037735849071,510,4843,0.0037059439346194267,0.0001
0.05832317999999978,525600,1027,300.0,1752,0.01821886792452876,511,4855,0.003893837332725525,0.0001
0.42039025999999985,526800,1028,300.0,1756,0.01597735849056592,512,4867,0.0049935877323150635,0.0001
0.5544941999999999,528000,1029,300.0,1760,0.013735849056603633,512,4879,0.005719994660466909,0.0001
0.5586288299999999,529200,1030,300.0,1764,0.01149433962264168,513,4891,0.004768425598740578,0.0001
0.7803781999999999,530400,1031,300.0,1768,0.01,513,4903,0.004935273434966803,0.0001
1.3362915599999996,531600,1033,300.0,1772,0.01,514,4915,0.004579619970172644,0.0001
1.4018776699999995,532800,1033,300.0,1776,0.01,515,4927,0.00521366810426116,0.0001
1.1495726499999999,534000,1034,300.0,1780,0.01,515,4939,0.005280273500829935,0.0001
0.7826538499999998,535200,1035,300.0,1784,0.01,516,4951,0.004710452165454626,0.0001
0.9719485599999996,536400,1036,300.0,1788,0.01,517,4963,0.0037736864760518074,0.0001
1.4948165799999997,537600,1037,300.0,1792,0.01,518,4975,0.004831995815038681,0.0001
1.31232291,538800,1038,300.0,1796,0.01,518,4987,0.004364448599517345,0.0001
1.5548337799999998,540000,1039,300.0,1800,0.01,519,4999,0.0043294536881148815,0.0001
1.7574199199999994,541200,1040,300.0,1804,0.01,520,5011,0.005058574955910444,0.0001
2.2427258599999997,542400,1041,300.0,1808,0.01,520,5023,0.004010544158518314,0.0001
2.2985841299999996,543600,1041,300.0,1812,0.01,521,5035,0.005877713207155466,0.0001
2.3691553,544800,1042,300.0,1816,0.01,522,5047,0.00557337049394846,0.0001
2.37241662,546000,1043,300.0,1820,0.01,523,5059,0.0060367765836417675,0.0001
2.7461519699999997,547200,1044,300.0,1824,0.01,523,5071,0.003859371179714799,0.0001
2.2378119499999998,548400,1045,300.0,1828,0.01,524,5083,0.005085546523332596,0.0001
2.4595389,549600,1046,300.0,1832,0.01,525,5095,0.0037738708779215813,0.0001
2.83497849,550800,1047,300.0,1836,0.01,525,5107,0.005373871885240078,0.0001
2.6262770500000006,552000,1048,300.0,1840,0.01,526,5119,0.00621913792565465,0.0001
2.77112013,553200,1049,300.0,1844,0.01,527,5131,0.005257854703813791,0.0001
2.19009889,554400,1049,300.0,1848,0.01,528,5143,0.015346705913543701,0.0001
1.91392328,555600,1050,300.0,1852,0.01,528,5155,0.003590199165046215,0.0001
1.30673784,556800,1051,300.0,1856,0.01,529,5167,0.004170632921159267,0.0001
1.5078662299999999,558000,1052,300.0,1860,0.01,530,5179,0.0037829121574759483,0.0001
1.2832436999999997,559200,1053,300.0,1864,0.01,530,5191,0.003560248762369156,0.0001
1.5103498899999996,560400,1054,300.0,1868,0.01,531,5203,0.0052705551497638226,0.0001
1.0293591500000001,561600,1054,300.0,1872,0.01,532,5215,0.006573954131454229,0.0001
0.6085171399999999,562800,1055,300.0,1876,0.01,532,5227,0.0034760821145027876,0.0001
0.8438272199999999,564000,1056,300.0,1880,0.01,533,5239,0.00397145701572299,0.0001
0.6057242499999997,565200,1057,300.0,1884,0.01,534,5251,0.0028591537848114967,0.0001
0.22805046999999992,566400,1058,300.0,1888,0.01,534,5263,0.00460861949250102,0.0001
0.050258720000000034,567600,1059,300.0,1892,0.01,535,5275,0.004560735076665878,0.0001
0.45558837,568800,1060,300.0,1896,0.01,536,5287,0.003779454855248332,0.0001
0.42793931,570000,1061,300.0,1900,0.01,537,5299,0.004376331344246864,0.0001
0.42539660999999995,571200,1062,300.0,1904,0.01,537,5311,0.0033492459915578365,0.0001
0.8936842900000002,572400,1063,300.0,1908,0.01,538,5323,0.0055499328300356865,0.0001
0.71174551,573600,1064,300.0,1912,0.01,539,5335,0.004658383317291737,0.0001
0.45428843999999985,574800,1065,300.0,1916,0.01,539,5347,0.004498565569519997,0.0001
0.15126369,576000,1065,300.0,1920,0.01,540,5359,0.004538726061582565,0.0001
0.16921874000000006,577200,1066,300.0,1924,0.01,541,5371,0.005911422893404961,0.0001
0.3133655900000001,578400,1067,300.0,1928,0.01,541,5383,0.004746163729578257,0.0001
-0.06900997000000009,579600,1068,300.0,1932,0.01,542,5395,0.004964697174727917,0.0001
-0.3400460400000004,580800,1069,300.0,1936,0.01,543,5407,0.005266460590064526,0.0001
-0.3167224100000001,582000,1070,300.0,1940,0.01,543,5419,0.010471444576978683,0.0001
0.24811967000000018,583200,1071,300.0,1944,0.01,544,5431,0.0035357235465198755,0.0001
0.38812327000000024,584400,1072,300.0,1948,0.01,545,5443,0.0038977183867245913,0.0001
0.5788478400000004,585600,1073,300.0,1952,0.01,545,5455,0.005318525712937117,0.0001
1.1992713100000005,586800,1073,300.0,1956,0.01,546,5467,0.0064343903213739395,0.0001
0.7480275600000005,588000,1074,300.0,1960,0.01,547,5479,0.003755133366212249,0.0001
0.9385378400000002,589200,1075,300.0,1964,0.01,547,5491,0.0051367138512432575,0.0001
0.4541875800000003,590400,1075,300.0,1968,0.01,548,5503,0.003691470716148615,0.0001
0.7520135800000002,591600,1076,300.0,1972,0.01,549,5515,0.003979464527219534,0.0001
1.04676784,592800,1077,300.0,1976,0.01,550,5527,0.0048890430480241776,0.0001
0.6639878400000003,594000,1078,300.0,1980,0.01,550,5539,0.00564709072932601,0.0001
0.5298111500000005,595200,1079,300.0,1984,0.01,551,5551,0.005326998885720968,0.0001
0.4310132300000005,596400,1080,300.0,1988,0.01,552,5563,0.004368944559246302,0.0001
0.6565705300000004,597600,1081,300.0,1992,0.01,552,5575,0.003114371094852686,0.0001
0.2957266000000003,598800,1082,300.0,1996,0.01,553,5587,0.004346431698650122,0.0001
-0.008983130000000027,600000,988,300.0,2000,0.01,606,5599,0.004860869608819485,0.0001
-0.12774228000000004,601200,989,300.0,2004,0.01,607,5611,0.006764830090105534,0.0001
-0.5693621999999998,602400,990,300.0,2008,0.01,608,5623,0.0036438072565943003,0.0001
-0.09870459999999977,603600,991,300.0,2012,0.01,609,5635,0.003969359211623669,0.0001
-0.12276644999999992,604800,991,300.0,2016,0.01,609,5647,0.0038369549438357353,0.0001
-0.4820257699999999,606000,992,300.0,2020,0.01,610,5659,0.004548249766230583,0.0001
-1.0958128599999999,607200,993,300.0,2024,0.01,611,5671,0.004306532442569733,0.0001
-1.06374357,608400,994,300.0,2028,0.01,611,5683,0.00378369796089828,0.0001
-0.5475352099999999,609600,995,300.0,2032,0.01,612,5695,0.00349642476066947,0.0001
-0.42507726000000007,610800,996,300.0,2036,0.01,613,5707,0.005230388138443232,0.0001
0.15036443000000008,612000,997,300.0,2040,0.01,613,5719,0.004488371312618256,0.0001
-0.5264900899999998,613200,998,300.0,2044,0.01,614,5731,0.0042952788062393665,0.0001
-0.3714370299999999,614400,998,300.0,2048,0.01,615,5743,0.004182079341262579,0.0001
-0.6860781699999998,615600,999,300.0,2052,0.01,615,5755,0.004120045807212591,0.0001
-1.2205404299999998,616800,1000,300.0,2056,0.01,616,5767,0.004090677481144667,0.0001
-0.8693425099999997,618000,1001,300.0,2060,0.01,617,5779,0.0047624302096664906,0.0001
-0.9927472699999998,619200,1001,300.0,2064,0.01,618,5791,0.004479681141674519,0.0001
-0.62903586,620400,1002,300.0,2068,0.01,618,5803,0.005650884937494993,0.0001
-0.55431703,621600,1003,300.0,2072,0.01,619,5815,0.0038435598835349083,0.0001
-0.5573075799999999,622800,1004,300.0,2076,0.01,620,5827,0.004462490789592266,0.0001
-0.22104069000000037,624000,1005,300.0,2080,0.01,620,5839,0.004879230633378029,0.0001
-0.28952736000000046,625200,1006,300.0,2084,0.01,621,5851,0.004487805068492889,0.0001
-0.011131399999999996,626400,1006,300.0,2088,0.01,622,5863,0.003824465675279498,0.0001
-0.10416630000000002,627600,1007,300.0,2092,0.01,622,5875,0.006574728060513735,0.0001
0.1199647599999998,628800,1008,300.0,2096,0.01,623,5887,0.0040641226805746555,0.0001
0.05138049999999986,630000,1009,300.0,2100,0.01,624,5899,0.0037716045044362545,0.0001
0.26986856,631200,1010,300.0,2104,0.01,624,5911,0.0048954784870147705,0.0001
0.18772626000000006,632400,1010,300.0,2108,0.01,625,5923,0.004825820215046406,0.0001
-0.3722199599999999,633600,1011,300.0,2112,0.01,626,5935,0.003156370483338833,0.0001
-0.3025705499999999,634800,1012,300.0,2116,0.01,626,5947,0.004041450563818216,0.0001
0.22394132,636000,1013,300.0,2120,0.01,627,5959,0.0063308849930763245,0.0001
0.5895043599999998,637200,1014,300.0,2124,0.01,628,5971,0.0042275539599359035,0.0001
0.43119506,638400,1015,300.0,2128,0.01,628,5983,0.004034893587231636,0.0001
0.2889021200000002,639600,1015,300.0,2132,0.01,629,5995,0.005761244334280491,0.0001
-0.17541160999999986,640800,1016,300.0,2136,0.01,630,6007,0.0037709239404648542,0.0001
-0.93587681,642000,1017,300.0,2140,0.01,630,6019,0.0056103733368217945,0.0001
-0.68006632,643200,1018,300.0,2144,0.01,631,6031,0.004188075661659241,0.0001
-0.3339929600000002,644400,1019,300.0,2148,0.01,632,6043,0.00464627705514431,0.0001
-0.13224005000000003,645600,1020,300.0,2152,0.01,632,6055,0.006410996429622173,0.0001
0.06925053000000013,646800,1020,300.0,2156,0.01,633,6067,0.005076205357909203,0.0001
0.17622959,648000,1021,300.0,2160,0.01,634,6079,0.00739128515124321,0.0001
0.3028144399999998,649200,1022,300.0,2164,0.01,634,6091,0.004337122663855553,0.0001
0.4996634499999999,650400,1023,300.0,2168,0.01,635,6103,0.004612022545188665,0.0001
0.10920801000000001,651600,1023,300.0,2172,0.01,636,6115,0.005674426443874836,0.0001
0.5056712599999998,652800,1024,300.0,2176,0.01,637,6127,0.005022932775318623,0.0001
0.30691325999999974,654000,1025,300.0,2180,0.01,637,6139,0.004301497247070074,0.0001
0.8484642800000001,655200,1025,300.0,2184,0.01,638,6151,0.006578185595571995,0.0001
1.03273736,656400,1026,300.0,2188,0.01,639,6163,0.004276474937796593,0.0001
1.0849815899999997,657600,1027,300.0,2192,0.01,639,6175,0.0073209237307310104,0.0001
0.6161229799999999,658800,1028,300.0,2196,0.01,640,6187,0.0042701056227087975,0.0001
1.13917075,660000,1028,300.0,2200,0.01,641,6199,0.00468468526378274,0.0001
1.02262949,661200,1029,300.0,2204,0.01,642,6211,0.006408422254025936,0.0001
0.9477971900000002,662400,1030,300.0,2208,0.01,642,6223,0.004238502122461796,0.0001
1.15398841,663600,1031,300.0,2212,0.01,643,6235,0.003257647156715393,0.0001
1.1108060399999997,664800,1031,300.0,2216,0.01,644,6247,0.0039597428403794765,0.0001
0.8986436799999998,666000,1032,300.0,2220,0.01,644,6259,0.006404985673725605,0.0001
0.9169619,667200,1033,300.0,2224,0.01,645,6271,0.005979507230222225,0.0001
1.0281573599999998,668400,1033,300.0,2228,0.01,646,6283,0.005588901229202747,0.0001
0.8714151799999997,669600,1033,300.0,2232,0.01,647,6295,0.0039021363481879234,0.0001
1.25118976,670800,1034,300.0,2236,0.01,648,6307,0.005030067637562752,0.0001
1.91507849,672000,1035,300.0,2240,0.01,649,6319,0.004830867052078247,0.0001
1.9696429999999991,673200,1035,300.0,2244,0.01,649,6331,0.0034468581434339285,0.0001
1.6098214899999996,674400,1036,300.0,2248,0.01,650,6343,0.006026707123965025,0.0001
1.5899240799999996,675600,1037,300.0,2252,0.01,651,6355,0.0034367565531283617,0.0001
1.6061978599999998,676800,1038,300.0,2256,0.01,651,6367,0.0057723792269825935,0.0001
1.47501163,678000,1038,300.0,2260,0.01,652,6379,0.004740871489048004,0.0001
1.6581176599999992,679200,1039,300.0,2264,0.01,653,6391,0.004174801055341959,0.0001
1.3529254399999997,680400,1040,300.0,2268,0.01,653,6403,0.013863159343600273,0.0001
1.6363595199999998,681600,1041,300.0,2272,0.01,654,6415,0.004986930638551712,0.0001
1.51220768,682800,1042,300.0,2276,0.01,655,6427,0.01974824070930481,0.0001
1.5379948199999998,684000,1042,300.0,2280,0.01,655,6439,0.004717531148344278,0.0001
1.4316660300000004,685200,1043,300.0,2284,0.01,656,6451,0.004177081864327192,0.0001
1.47049904,686400,1044,300.0,2288,0.01,657,6463,0.004432066809386015,0.0001
0.9936320600000004,687600,1044,300.0,2292,0.01,657,6475,0.004660769831389189,0.0001
1.1577058700000002,688800,1045,300.0,2296,0.01,658,6487,0.003426124807447195,0.0001
0.93806879,690000,1046,300.0,2300,0.01,659,6499,0.006191505119204521,0.0001
0.99029639,691200,1047,300.0,2304,0.01,659,6511,0.004895335528999567,0.0001
1.2300690699999999,692400,1048,300.0,2308,0.01,660,6523,0.004769673105329275,0.0001
1.3120720599999998,693600,1048,300.0,2312,0.01,661,6535,0.006226909812539816,0.0001
1.1154907699999999,694800,1049,300.0,2316,0.01,661,6547,0.004651399329304695,0.0001
0.90855269,696000,1050,300.0,2320,0.01,662,6559,0.0044770147651433945,0.0001
0.6307665399999999,697200,1051,300.0,2324,0.01,663,6571,0.005550732370465994,0.0001
0.5040266900000001,698400,1051,300.0,2328,0.01,663,6583,0.006408103741705418,0.0001
0.69802879,699600,1052,300.0,2332,0.01,664,6595,0.004738504998385906,0.0001
0.6366108899999997,700800,973,300.0,2336,0.01,720,6607,0.005060362629592419,0.0001
0.4839133999999997,702000,974,300.0,2340,0.01,720,6619,0.007800924591720104,0.0001
0.2554985999999999,703200,974,300.0,2344,0.01,721,6631,0.0033998386934399605,0.0001
0.3367646299999998,704400,975,300.0,2348,0.01,722,6643,0.005220621358603239,0.0001
0.09398634999999994,705600,976,300.0,2352,0.01,722,6655,0.005839078687131405,0.0001
0.19015913999999998,706800,977,300.0,2356,0.01,723,6667,0.004454457201063633,0.0001
-0.03313319000000025,708000,978,300.0,2360,0.01,723,6679,0.004593675956130028,0.0001
-0.06823235000000007,709200,978,300.0,2364,0.01,724,6691,0.004275267943739891,0.0001
-0.27157869000000007,710400,979,300.0,2368,0.01,725,6703,0.0032388775143772364,0.0001
-0.9274146100000001,711600,980,300.0,2372,0.01,725,6715,0.006824880838394165,0.0001
-1.0691708700000004,712800,980,300.0,2376,0.01,726,6727,0.004010279197245836,0.0001
-1.2511895299999998,714000,981,300.0,2380,0.01,727,6739,0.004815286491066217,0.0001
-1.4708937399999997,715200,982,300.0,2384,0.01,728,6751,0.004683312028646469,0.0001
-1.6786810999999997,716400,982,300.0,2388,0.01,728,6763,0.004932365380227566,0.0001
-1.0574965300000003,717600,983,300.0,2392,0.01,729,6775,0.004860337823629379,0.0001
-1.0786544,718800,984,300.0,2396,0.01,730,6787,0.0038351963739842176,0.0001
-1.17335184,720000,984,300.0,2400,0.01,730,6799,0.005298306699842215,0.0001
-0.9988325900000001,721200,985,300.0,2404,0.01,731,6811,0.006025162525475025,0.0001
-0.8322480699999999,722400,986,300.0,2408,0.01,732,6823,0.004829776473343372,0.0001
-0.6914236599999997,723600,987,300.0,2412,0.01,732,6835,0.005545569583773613,0.0001
-0.11557621999999995,724800,988,300.0,2416,0.01,733,6847,0.005219738930463791,0.0001
0.38692112999999995,726000,988,300.0,2420,0.01,734,6859,0.0048807342536747456,0.0001
0.3511151199999999,727200,989,300.0,2424,0.01,734,6871,0.00602900143712759,0.0001
0.41326264999999984,728400,989,300.0,2428,0.01,735,6883,0.005990124307572842,0.0001
0.6688488500000002,729600,990,300.0,2432,0.01,736,6895,0.017693936824798584,0.0001
0.7386108800000001,730800,991,300.0,2436,0.01,737,6907,0.0051553454250097275,0.0001
0.8524333300000001,732000,991,300.0,2440,0.01,738,6919,0.004935694858431816,0.0001
1.0809501300000002,733200,992,300.0,2444,0.01,738,6931,0.006029726937413216,0.0001
0.8419944299999998,734400,993,300.0,2448,0.01,739,6943,0.005176587961614132,0.0001
1.22294712,735600,993,300.0,2452,0.01,740,6955,0.003955066669732332,0.0001
1.2979567699999999,736800,994,300.0,2456,0.01,740,6967,0.006074785254895687,0.0001
1.4419876100000002,738000,995,300.0,2460,0.01,741,6979,0.0045751845464110374,0.0001
1.46982586,739200,995,300.0,2464,0.01,742,6991,0.00516272708773613,0.0001
1.2339342299999998,740400,996,300.0,2468,0.01,742,7003,0.006870349869132042,0.0001
1.7050596700000002,741600,997,300.0,2472,0.01,743,7015,0.003950934857130051,0.0001
1.6631370300000003,742800,998,300.0,2476,0.01,744,7027,0.005877901799976826,0.0001
1.7715499999999997,744000,998,300.0,2480,0.01,744,7039,0.006455490365624428,0.0001
1.85406899,745200,999,300.0,2484,0.01,745,7051,0.004604961723089218,0.0001
1.88783983,746400,1000,300.0,2488,0.01,746,7063,0.005725773051381111,0.0001
1.7878676799999997,747600,1000,300.0,2492,0.01,747,7075,0.005736509338021278,0.0001
1.6365073299999997,748800,1001,300.0,2496,0.01,747,7087,0.005070275627076626,0.0001
1.62127299,750000,1001,300.0,2500,0.01,748,7099,0.004228414036333561,0.0001
1.5098050900000004,751200,1002,300.0,2504,0.01,749,7111,0.0046960338950157166,0.0001
1.2809908400000003,752400,1003,300.0,2508,0.01,749,7123,0.004140044096857309,0.0001
1.1613406200000005,753600,1004,300.0,2512,0.01,750,7135,0.00464351661503315,0.0001
0.7469400200000006,754800,1004,300.0,2516,0.01,751,7147,0.004378993529826403,0.0001
0.39637221000000006,756000,1005,300.0,2520,0.01,751,7159,0.0046472689136862755,0.0001
0.6760406,757200,1006,300.0,2524,0.01,752,7171,0.005615097936242819,0.0001
0.6768009300000002,758400,1006,300.0,2528,0.01,753,7183,0.011624711565673351,0.0001
0.5961889100000001,759600,1007,300.0,2532,0.01,753,7195,0.0046263039112091064,0.0001
0.5857593999999997,760800,1008,300.0,2536,0.01,754,7207,0.005075068213045597,0.0001
0.7032876799999996,762000,1009,300.0,2540,0.01,755,7219,0.004730211570858955,0.0001
0.24517774999999994,763200,1009,300.0,2544,0.01,755,7231,0.006063671782612801,0.0001
0.44967882,764400,1010,300.0,2548,0.01,756,7243,0.0038369090761989355,0.0001
0.5254487100000003,765600,1010,300.0,2552,0.01,757,7255,0.008603518828749657,0.0001
0.4607195600000002,766800,1011,300.0,2556,0.01,758,7267,0.008148176595568657,0.0001
0.08350665000000017,768000,1012,300.0,2560,0.01,758,7279,0.02762143313884735,0.0001
-0.18821933999999974,769200,1012,300.0,2564,0.01,759,7291,0.0049099368043243885,0.0001
0.34835278000000014,770400,1013,300.0,2568,0.01,760,7303,0.0038092234171926975,0.0001
0.6486430200000001,771600,1014,300.0,2572,0.01,760,7315,0.006160669960081577,0.0001
0.9462319300000002,772800,1014,300.0,2576,0.01,761,7327,0.009692421182990074,0.0001
1.34081745,774000,1015,300.0,2580,0.01,762,7339,0.003989964723587036,0.0001
1.5068111900000003,775200,1016,300.0,2584,0.01,762,7351,0.005268644075840712,0.0001
1.34595472,776400,1016,300.0,2588,0.01,763,7363,0.005351816304028034,0.0001
1.05756474,777600,1017,300.0,2592,0.01,764,7375,0.005240161903202534,0.0001
1.02718443,778800,1018,300.0,2596,0.01,765,7387,0.00884216744452715,0.0001
1.1852503600000004,780000,1018,300.0,2600,0.01,765,7399,0.004542286973446608,0.0001
1.29731829,781200,1019,300.0,2604,0.01,766,7411,0.00490207877010107,0.0001
1.48304976,782400,1019,300.0,2608,0.01,767,7423,0.005198368337005377,0.0001
1.2478206999999997,783600,1020,300.0,2612,0.01,768,7435,0.006474693771451712,0.0001
1.6064210599999997,784800,1020,300.0,2616,0.01,768,7447,0.03098028153181076,0.0001
1.63470243,786000,1021,300.0,2620,0.01,769,7459,0.011608246713876724,0.0001
1.5381299399999995,787200,1022,300.0,2624,0.01,770,7471,0.005510146729648113,0.0001
1.8564537800000003,788400,1022,300.0,2628,0.01,770,7483,0.006472551729530096,0.0001
1.90761024,789600,1023,300.0,2632,0.01,771,7495,0.004617383703589439,0.0001
1.4888306000000007,790800,1024,300.0,2636,0.01,772,7507,0.00673917680978775,0.0001
1.04862683,792000,1024,300.0,2640,0.01,772,7519,0.005252503324300051,0.0001
1.05100633,793200,1025,300.0,2644,0.01,773,7531,0.005116145126521587,0.0001
0.9778873700000001,794400,1025,300.0,2648,0.01,774,7543,0.011941058561205864,0.0001
1.0286370199999997,795600,1026,300.0,2652,0.01,775,7555,0.004906514193862677,0.0001
0.87163739,796800,1027,300.0,2656,0.01,775,7567,0.00609533442184329,0.0001
1.36533042,798000,1027,300.0,2660,0.01,776,7579,0.008080541156232357,0.0001
1.4012392499999995,799200,1028,300.0,2664,0.01,777,7591,0.005440217908471823,0.0001
1.1317721699999999,800400,963,300.0,2668,0.01,831,7603,0.0027380024548619986,0.0001
0.58766757,801600,963,300.0,2672,0.01,831,7615,0.0225509200245142,0.0001
0.21853863,802800,964,300.0,2676,0.01,832,7627,0.006291309371590614,0.0001
0.01979159999999993,804000,964,300.0,2680,0.01,833,7639,0.005539760924875736,0.0001
-0.4945766800000001,805200,965,300.0,2684,0.01,833,7651,0.004301769658923149,0.0001
-0.17851266999999982,806400,966,300.0,2688,0.01,834,7663,0.004737286362797022,0.0001
0.019712280000000117,807600,966,300.0,2692,0.01,835,7675,0.004795935936272144,0.0001
0.54587958,808800,967,300.0,2696,0.01,836,7687,0.00367423752322793,0.0001
0.3903859900000002,810000,968,300.0,2700,0.01,836,7699,0.008693636395037174,0.0001
0.16749085000000008,811200,968,300.0,2704,0.01,837,7711,0.004688075743615627,0.0001
-0.015775180000000003,812400,969,300.0,2708,0.01,838,7723,0.004901761654764414,0.0001
-0.09880659999999991,813600,969,300.0,2712,0.01,838,7735,0.00841793604195118,0.0001
-0.08498538999999998,814800,970,300.0,2716,0.01,839,7747,0.005243437364697456,0.0001
0.06225487999999994,816000,971,300.0,2720,0.01,840,7759,0.006574708968400955,0.0001
0.37255944999999996,817200,971,300.0,2724,0.01,840,7771,0.005126507952809334,0.0001
-0.06924085000000002,818400,972,300.0,2728,0.01,841,7783,0.005049280356615782,0.0001
-0.55107488,819600,973,300.0,2732,0.01,842,7795,0.004855374805629253,0.0001
-0.12924698999999992,820800,973,300.0,2736,0.01,842,7807,0.00542044173926115,0.0001
-0.06110161999999994,822000,974,300.0,2740,0.01,843,7819,0.006023109424859285,0.0001
0.22471805999999997,823200,975,300.0,2744,0.01,844,7831,0.004314408637583256,0.0001
0.7701168799999999,824400,975,300.0,2748,0.01,844,7843,0.006734246388077736,0.0001
0.6631840500000001,825600,976,300.0,2752,0.01,845,7855,0.00535868015140295,0.0001
0.69085131,826800,976,300.0,2756,0.01,846,7867,0.005745816044509411,0.0001
0.8927136200000004,828000,977,300.0,2760,0.01,847,7879,0.003841661149635911,0.0001
1.0610712000000004,829200,977,300.0,2764,0.01,848,7891,0.005016419570893049,0.0001
1.4519126599999999,830400,978,300.0,2768,0.01,848,7903,0.006619980558753014,0.0001
1.93943949,831600,978,300.0,2772,0.01,849,7915,0.005623312667012215,0.0001
2.1091736400000003,832800,979,300.0,2776,0.01,850,7927,0.004464833065867424,0.0001
2.41856194,834000,980,300.0,2780,0.01,850,7939,0.005638360045850277,0.0001
2.74141338,835200,980,300.0,2784,0.01,851,7951,0.004674063064157963,0.0001
2.65789975,836400,981,300.0,2788,0.01,852,7963,0.006414392963051796,0.0001
2.55172415,837600,982,300.0,2792,0.01,852,7975,0.0049440739676356316,0.0001
2.291815000000001,838800,982,300.0,2796,0.01,853,7987,0.0032788515090942383,0.0001
2.3073274400000003,840000,983,300.0,2800,0.01,854,7999,0.005161098204553127,0.0001
2.3757282200000005,841200,984,300.0,2804,0.01,854,8011,0.005829917266964912,0.0001
2.3253507800000004,842400,984,300.0,2808,0.01,855,8023,0.00550053408369422,0.0001
2.3707476400000003,843600,985,300.0,2812,0.01,856,8035,0.004534370731562376,0.0001
2.0383146500000002,844800,985,300.0,2816,0.01,857,8047,0.005051408428698778,0.0001
2.32292218,846000,986,300.0,2820,0.01,857,8059,0.005505449138581753,0.0001
2.30364286,847200,986,300.0,2824,0.01,858,8071,0.005440237000584602,0.0001
2.6698119499999997,848400,987,300.0,2828,0.01,859,8083,0.004046218004077673,0.0001
3.0253589499999998,849600,987,300.0,2832,0.01,859,8095,0.005208732094615698,0.0001
2.9476236399999998,850800,988,300.0,2836,0.01,860,8107,0.004233258310705423,0.0001
2.87698024,852000,988,300.0,2840,0.01,861,8119,0.005614486522972584,0.0001
2.8091514300000004,853200,989,300.0,2844,0.01,862,8131,0.003948057070374489,0.0001
2.06555692,854400,990,300.0,2848,0.01,862,8143,0.010094605386257172,0.0001
1.83496981,855600,990,300.0,2852,0.01,863,8155,0.0045303297229111195,0.0001
1.49254332,856800,991,300.0,2856,0.01,864,8167,0.004651042632758617,0.0001
1.09269954,858000,991,300.0,2860,0.01,864,8179,0.006175728049129248,0.0001
0.9395432499999998,859200,992,300.0,2864,0.01,865,8191,0.008980677463114262,0.0001
0.53116838,860400,993,300.0,2868,0.01,866,8203,0.005856101866811514,0.0001
0.68875552,861600,993,300.0,2872,0.01,867,8215,0.005151096731424332,0.0001
0.8053335799999999,862800,994,300.0,2876,0.01,867,8227,0.009311273694038391,0.0001
0.2827121199999999,864000,994,300.0,2880,0.01,868,8239,0.003571860957890749,0.0001
0.35107698,865200,995,300.0,2884,0.01,869,8251,0.005058366805315018,0.0001
0.5427139100000001,866400,996,300.0,2888,0.01,869,8263,0.0050936369225382805,0.0001
0.3862357800000001,867600,996,300.0,2892,0.01,870,8275,0.004723782651126385,0.0001
0.26762913,868800,997,300.0,2896,0.01,871,8287,0.006570778787136078,0.0001
0.36089984999999986,870000,997,300.0,2900,0.01,871,8299,0.010854308493435383,0.0001
-0.013227590000000084,871200,998,300.0,2904,0.01,872,8311,0.0042806100100278854,0.0001
-0.2674773399999999,872400,998,300.0,2908,0.01,873,8323,0.0040601445361971855,0.0001
-0.11159658999999994,873600,999,300.0,2912,0.01,873,8335,0.005730592645704746,0.0001
-0.23298793999999995,874800,1000,300.0,2916,0.01,874,8347,0.004214143380522728,0.0001
-1.05232765,876000,1000,300.0,2920,0.01,875,8359,0.006770763546228409,0.0001
-0.9083172300000001,877200,1001,300.0,2924,0.01,876,8371,0.00500055868178606,0.0001
-1.53515745,878400,1001,300.0,2928,0.01,877,8383,0.018844416365027428,0.0001
-2.0231723400000003,879600,1001,300.0,2932,0.01,877,8395,0.005095227155834436,0.0001
-1.71486615,880800,1002,300.0,2936,0.01,878,8407,0.0075426120311021805,0.0001
-2.0088410100000003,882000,1003,300.0,2940,0.01,879,8419,0.004125064238905907,0.0001
-2.0738899300000004,883200,1003,300.0,2944,0.01,879,8431,0.004938014782965183,0.0001
-1.8704175100000002,884400,1004,300.0,2948,0.01,880,8443,0.008092409931123257,0.0001
-1.94135778,885600,1004,300.0,2952,0.01,881,8455,0.004774441942572594,0.0001
-1.60717643,886800,1004,300.0,2956,0.01,882,8467,0.006821629125624895,0.0001
-1.52444343,888000,1005,300.0,2960,0.01,883,8479,0.0046888720244169235,0.0001
-1.3558673,889200,1005,300.0,2964,0.01,884,8491,0.0074304998852312565,0.0001
-1.2858604200000001,890400,1006,300.0,2968,0.01,884,8503,0.007192779332399368,0.0001
-1.59401841,891600,1006,300.0,2972,0.01,885,8515,0.004995275288820267,0.0001
-1.3889130700000003,892800,1007,300.0,2976,0.01,886,8527,0.0033093541860580444,0.0001
-1.22336063,894000,1007,300.0,2980,0.01,887,8539,0.003791326656937599,0.0001
-1.4329691500000001,895200,1007,300.0,2984,0.01,888,8551,0.004282175097614527,0.0001
-1.7558381599999995,896400,1008,300.0,2988,0.01,888,8563,0.004980165511369705,0.0001
-1.5430912299999997,897600,1008,300.0,2992,0.01,889,8575,0.0036983739119023085,0.0001
-1.4126193200000001,898800,1009,300.0,2996,0.01,890,8587,0.006848328281193972,0.0001
-1.5066898200000003,900000,952,300.0,3000,0.01,944,8599,0.00501653365790844,0.0001
-1.05536067,901200,953,300.0,3004,0.01,945,8611,0.008159894496202469,0.0001
-0.8007419999999996,902400,953,300.0,3008,0.01,946,8623,0.005576287396252155,0.0001
-0.9503833999999998,903600,953,300.0,3012,0.01,947,8635,0.004954689648002386,0.0001
-0.8143823799999999,904800,954,300.0,3016,0.01,948,8647,0.005352319218218327,0.0001
-0.43876879,906000,954,300.0,3020,0.01,948,8659,0.005157356150448322,0.0001
-1.05354611,907200,955,300.0,3024,0.01,949,8671,0.0044382354244589806,0.0001
-0.9186396400000001,908400,955,300.0,3028,0.01,950,8683,0.007223515771329403,0.0001
-0.27976671000000003,909600,956,300.0,3032,0.01,950,8695,0.0068193781189620495,0.0001
-0.6515453199999999,910800,957,300.0,3036,0.01,951,8707,0.005553987808525562,0.0001
-0.2560342799999998,912000,957,300.0,3040,0.01,952,8719,0.005299722775816917,0.0001
-0.22777152999999978,913200,958,300.0,3044,0.01,953,8731,0.006081067491322756,0.0001
-0.27452226999999985,914400,958,300.0,3048,0.01,953,8743,0.007006087340414524,0.0001
0.5231501999999999,915600,959,300.0,3052,0.01,954,8755,0.0038566431030631065,0.0001
0.6809808099999999,916800,959,300.0,3056,0.01,955,8767,0.0069243405014276505,0.0001
0.7669783999999997,918000,960,300.0,3060,0.01,956,8779,0.0038848696276545525,0.0001
0.40090749999999997,919200,960,300.0,3064,0.01,957,8791,0.007535701151937246,0.0001
0.52386328,920400,961,300.0,3068,0.01,957,8803,0.003997455816715956,0.0001
0.5724132099999998,921600,961,300.0,3072,0.01,958,8815,0.0063232677057385445,0.0001
0.59322153,922800,962,300.0,3076,0.01,959,8827,0.006112735252827406,0.0001
0.9963846700000002,924000,962,300.0,3080,0.01,959,8839,0.006377403624355793,0.0001
1.4294193000000002,925200,963,300.0,3084,0.01,960,8851,0.0031004021875560284,0.0001
1.3747762700000001,926400,963,300.0,3088,0.01,961,8863,0.005043412558734417,0.0001
1.39630966,927600,964,300.0,3092,0.01,961,8875,0.00606140773743391,0.0001
1.3474993599999998,928800,964,300.0,3096,0.01,962,8887,0.004222386982291937,0.0001
1.35725666,930000,965,300.0,3100,0.01,963,8899,0.004161813296377659,0.0001
1.11167279,931200,966,300.0,3104,0.01,963,8911,0.0051855118945240974,0.0001
1.16403215,932400,966,300.0,3108,0.01,964,8923,0.005410791374742985,0.0001
1.5085707100000005,933600,967,300.0,3112,0.01,965,8935,0.0033701627980917692,0.0001
1.6867568800000003,934800,967,300.0,3116,0.01,966,8947,0.00556289404630661,0.0001
1.83607072,936000,967,300.0,3120,0.01,967,8959,0.003999907989054918,0.0001
1.9783388200000003,937200,968,300.0,3124,0.01,967,8971,0.006157844327390194,0.0001
2.53056044,938400,968,300.0,3128,0.01,968,8983,0.006790450308471918,0.0001
2.17772598,939600,969,300.0,3132,0.01,969,8995,0.004595418926328421,0.0001
2.46219588,940800,969,300.0,3136,0.01,970,9007,0.005617151968181133,0.0001
2.51266287,942000,970,300.0,3140,0.01,970,9019,0.006613594014197588,0.0001
2.47901479,943200,970,300.0,3144,0.01,971,9031,0.0037097777239978313,0.0001
2.81218068,944400,971,300.0,3148,0.01,972,9043,0.0033470322377979755,0.0001
2.004225,945600,971,300.0,3152,0.01,972,9055,0.006900486536324024,0.0001
1.66454155,946800,972,300.0,3156,0.01,973,9067,0.004553042817860842,0.0001
1.9117609599999994,948000,973,300.0,3160,0.01,974,9079,0.0034672440961003304,0.0001
2.3047838299999994,949200,973,300.0,3164,0.01,974,9091,0.00376649247482419,0.0001
2.30462152,950400,973,300.0,3168,0.01,975,9103,0.0050328574143350124,0.0001
2.42765314,951600,974,300.0,3172,0.01,976,9115,0.004943538457155228,0.0001
2.12259412,952800,974,300.0,3176,0.01,977,9127,0.013503370806574821,0.0001
1.4308840999999999,954000,975,300.0,3180,0.01,978,9139,0.003946587443351746,0.0001
0.9692913900000001,955200,975,300.0,3184,0.01,978,9151,0.004889395087957382,0.0001
1.6042992499999997,956400,976,300.0,3188,0.01,979,9163,0.005488902796059847,0.0001
1.6541030699999997,957600,976,300.0,3192,0.01,980,9175,0.0063581629656255245,0.0001
2.07583778,958800,977,300.0,3196,0.01,981,9187,0.0043356046080589294,0.0001
2.25607595,960000,977,300.0,3200,0.01,982,9199,0.02691042423248291,0.0001
2.46117543,961200,978,300.0,3204,0.01,982,9211,0.007676691748201847,0.0001
2.65137769,962400,978,300.0,3208,0.01,983,9223,0.005623810924589634,0.0001
2.93358414,963600,979,300.0,3212,0.01,984,9235,0.0053906431421637535,0.0001
2.7705973300000006,964800,979,300.0,3216,0.01,984,9247,0.02056976594030857,0.0001
2.826925730000001,966000,980,300.0,3220,0.01,985,9259,0.009580820798873901,0.0001
2.811784549999999,967200,980,300.0,3224,0.01,986,9271,0.005820389837026596,0.0001
2.59352997,968400,981,300.0,3228,0.01,987,9283,0.00618851650506258,0.0001
2.5426041699999997,969600,981,300.0,3232,0.01,987,9295,0.0037750015035271645,0.0001
2.3312164699999998,970800,981,300.0,3236,0.01,988,9307,0.008059266954660416,0.0001
2.14621058,972000,982,300.0,3240,0.01,989,9319,0.007683570962399244,0.0001
2.20773688,973200,983,300.0,3244,0.01,989,9331,0.004954521078616381,0.0001
1.9115056,974400,983,300.0,3248,0.01,990,9343,0.004013347439467907,0.0001
1.9301163599999998,975600,984,300.0,3252,0.01,991,9355,0.008684057742357254,0.0001
2.6261055800000004,976800,984,300.0,3256,0.01,992,9367,0.004579243250191212,0.0001
2.33329889,978000,985,300.0,3260,0.01,992,9379,0.006410290487110615,0.0001
1.80158501,979200,985,300.0,3264,0.01,993,9391,0.006106665823608637,0.0001
1.6010298399999996,980400,986,300.0,3268,0.01,994,9403,0.006723579950630665,0.0001
1.6422919999999999,981600,986,300.0,3272,0.01,994,9415,0.006209291517734528,0.0001
1.50771114,982800,987,300.0,3276,0.01,995,9427,0.006205449346452951,0.0001
1.8327486199999998,984000,987,300.0,3280,0.01,996,9439,0.004217631183564663,0.0001
2.2211798600000003,985200,987,300.0,3284,0.01,997,9451,0.005238222889602184,0.0001
1.6942585699999997,986400,988,300.0,3288,0.01,998,9463,0.018340574577450752,0.0001
1.4627113000000003,987600,988,300.0,3292,0.01,998,9475,0.009656505659222603,0.0001
1.1560846999999999,988800,989,300.0,3296,0.01,999,9487,0.026588860899209976,0.0001
0.8111556599999997,990000,989,300.0,3300,0.01,1000,9499,0.00410455884411931,0.0001
1.0378138199999998,991200,990,300.0,3304,0.01,1001,9511,0.0038869830314069986,0.0001
0.8366406399999999,992400,990,300.0,3308,0.01,1001,9523,0.005959995090961456,0.0001
0.33751100000000006,993600,991,300.0,3312,0.01,1002,9535,0.005148009862750769,0.0001
0.2039314400000001,994800,991,300.0,3316,0.01,1003,9547,0.006323861889541149,0.0001
0.3848392300000002,996000,992,300.0,3320,0.01,1003,9559,0.002533494960516691,0.0001
0.6221874600000001,997200,992,300.0,3324,0.01,1004,9571,0.006540481932461262,0.0001
0.28188317,998400,993,300.0,3328,0.01,1005,9583,0.009582859463989735,0.0001
0.47621438999999993,999600,993,300.0,3332,0.01,1006,9595,0.006876293569803238,0.0001
0.79056853,1000800,942,300.0,3336,0.01,1061,9607,0.013463854789733887,0.0001
0.8253388799999998,1002000,943,300.0,3340,0.01,1062,9619,0.004957880359143019,0.0001
1.16276036,1003200,943,300.0,3344,0.01,1062,9631,0.004407176747918129,0.0001
1.2513549399999997,1004400,944,300.0,3348,0.01,1063,9643,0.00790032185614109,0.0001
1.1600837499999996,1005600,944,300.0,3352,0.01,1064,9655,0.004487139172852039,0.0001
0.5523968899999999,1006800,945,300.0,3356,0.01,1065,9667,0.004503417294472456,0.0001
0.5229951599999998,1008000,945,300.0,3360,0.01,1065,9679,0.004299844615161419,0.0001
0.6998923199999997,1009200,945,300.0,3364,0.01,1066,9691,0.003967725671827793,0.0001
0.5184942300000001,1010400,946,300.0,3368,0.01,1067,9703,0.006484617944806814,0.0001
0.4836607500000001,1011600,946,300.0,3372,0.01,1068,9715,0.005890113767236471,0.0001
0.65825649,1012800,947,300.0,3376,0.01,1069,9727,0.006461862474679947,0.0001
0.72759911,1014000,947,300.0,3380,0.01,1070,9739,0.005853838752955198,0.0001
0.4792531799999999,1015200,947,300.0,3384,0.01,1070,9751,0.004754914436489344,0.0001
0.59421213,1016400,948,300.0,3388,0.01,1071,9763,0.004915760364383459,0.0001
0.6475327,1017600,948,300.0,3392,0.01,1072,9775,0.004984998609870672,0.0001
0.7560305699999997,1018800,949,300.0,3396,0.01,1073,9787,0.004860798362642527,0.0001
0.8090331099999999,1020000,949,300.0,3400,0.01,1073,9799,0.0056791286915540695,0.0001
0.35996740000000005,1021200,950,300.0,3404,0.01,1074,9811,0.0031400183215737343,0.0001
0.34937619999999997,1022400,950,300.0,3408,0.01,1075,9823,0.004398290067911148,0.0001
0.5438592299999999,1023600,951,300.0,3412,0.01,1075,9835,0.0036590653471648693,0.0001
0.65063848,1024800,951,300.0,3416,0.01,1076,9847,0.006814025808125734,0.0001
-0.04302246999999996,1026000,952,300.0,3420,0.01,1077,9859,0.007134979125112295,0.0001
-0.021923840000000045,1027200,952,300.0,3424,0.01,1078,9871,0.006321940571069717,0.0001
0.07111546999999993,1028400,953,300.0,3428,0.01,1078,9883,0.005695961881428957,0.0001
-0.17358058000000007,1029600,953,300.0,3432,0.01,1079,9895,0.005066118203103542,0.0001
-0.4084606900000001,1030800,954,300.0,3436,0.01,1080,9907,0.00653029466047883,0.0001
-0.3010064400000001,1032000,954,300.0,3440,0.01,1081,9919,0.005121098831295967,0.0001
-0.9727020799999999,1033200,954,300.0,3444,0.01,1081,9931,0.0044996477663517,0.0001
-0.4810759999999999,1034400,955,300.0,3448,0.01,1082,9943,0.007090091705322266,0.0001
-0.45769337,1035600,955,300.0,3452,0.01,1083,9955,0.006208497565239668,0.0001
-0.3576565699999999,1036800,956,300.0,3456,0.01,1084,9967,0.006168019492179155,0.0001
-0.6677325,1038000,956,300.0,3460,0.01,1084,9979,0.005518712103366852,0.0001
-0.5809819599999999,1039200,957,300.0,3464,0.01,1085,9991,0.008027167059481144,0.0001
-0.24285825999999994,1040400,957,300.0,3468,0.01,1086,10003,0.00665619969367981,0.0001
-0.26567605000000016,1041600,957,300.0,3472,0.01,1087,10015,0.005434142891317606,0.0001
-0.54621285,1042800,958,300.0,3476,0.01,1088,10027,0.009508560411632061,0.0001
-0.7160587500000003,1044000,958,300.0,3480,0.01,1088,10039,0.005629794206470251,0.0001
-0.47383863000000026,1045200,959,300.0,3484,0.01,1089,10051,0.0052763670682907104,0.0001
-0.4425595800000001,1046400,959,300.0,3488,0.01,1090,10063,0.027337349951267242,0.0001
-0.7425251500000002,1047600,960,300.0,3492,0.01,1091,10075,0.005979018751531839,0.0001
-1.0596220799999998,1048800,960,300.0,3496,0.01,1091,10087,0.0052341315895318985,0.0001
-0.9067545499999997,1050000,961,300.0,3500,0.01,1092,10099,0.006854615639895201,0.0001
-0.97638638,1051200,961,300.0,3504,0.01,1093,10111,0.00882713496685028,0.0001
-1.2330296699999999,1052400,962,300.0,3508,0.01,1093,10123,0.004581917077302933,0.0001
-1.3102446700000001,1053600,962,300.0,3512,0.01,1094,10135,0.005043307784944773,0.0001
-1.2296171599999999,1054800,963,300.0,3516,0.01,1095,10147,0.0050740172155201435,0.0001
-0.96583451,1056000,963,300.0,3520,0.01,1096,10159,0.009210672229528427,0.0001
-0.9984282900000001,1057200,963,300.0,3524,0.01,1096,10171,0.005056542810052633,0.0001
-1.06339422,1058400,964,300.0,3528,0.01,1097,10183,0.00804205797612667,0.0001
-0.8875264800000001,1059600,964,300.0,3532,0.01,1098,10195,0.004117400385439396,0.0001
-0.7594022999999999,1060800,964,300.0,3536,0.01,1099,10207,0.009519413113594055,0.0001
-0.6637892200000001,1062000,965,300.0,3540,0.01,1100,10219,0.005066371522843838,0.0001
-0.11843008000000016,1063200,965,300.0,3544,0.01,1101,10231,0.005444201175123453,0.0001
-0.3670033099999999,1064400,966,300.0,3548,0.01,1101,10243,0.008564183488488197,0.0001
-0.26494156000000013,1065600,966,300.0,3552,0.01,1102,10255,0.005257949233055115,0.0001
-0.8004686200000002,1066800,966,300.0,3556,0.01,1103,10267,0.004133462905883789,0.0001
0.1302905400000002,1068000,967,300.0,3560,0.01,1104,10279,0.004230538383126259,0.0001
0.5063250700000002,1069200,967,300.0,3564,0.01,1104,10291,0.005371326580643654,0.0001
0.6448710700000002,1070400,968,300.0,3568,0.01,1105,10303,0.004675230477005243,0.0001
0.36573618000000024,1071600,968,300.0,3572,0.01,1106,10315,0.0033485209569334984,0.0001
0.71206841,1072800,969,300.0,3576,0.01,1106,10327,0.01478237472474575,0.0001
0.9404322599999999,1074000,969,300.0,3580,0.01,1107,10339,0.0132254958152771,0.0001
0.7129253299999999,1075200,970,300.0,3584,0.01,1108,10351,0.004164350219070911,0.0001
0.8740645799999999,1076400,970,300.0,3588,0.01,1109,10363,0.004315478261560202,0.0001
1.38291542,1077600,971,300.0,3592,0.01,1109,10375,0.005657024681568146,0.0001
1.3860467399999998,1078800,971,300.0,3596,0.01,1110,10387,0.0034458315931260586,0.0001
1.22057864,1080000,971,300.0,3600,0.01,1111,10399,0.007626951672136784,0.0001
1.6402667800000004,1081200,972,300.0,3604,0.01,1111,10411,0.004058449063450098,0.0001
1.73453255,1082400,972,300.0,3608,0.01,1112,10423,0.005842942278832197,0.0001
1.7985734800000006,1083600,973,300.0,3612,0.01,1113,10435,0.005396068096160889,0.0001
1.8146447400000005,1084800,973,300.0,3616,0.01,1113,10447,0.0069921743124723434,0.0001
1.99297922,1086000,974,300.0,3620,0.01,1114,10459,0.005855119787156582,0.0001
1.7135565499999998,1087200,974,300.0,3624,0.01,1115,10471,0.005017788149416447,0.0001
2.16561694,1088400,974,300.0,3628,0.01,1116,10483,0.006177131552249193,0.0001
2.30773579,1089600,975,300.0,3632,0.01,1117,10495,0.004140792414546013,0.0001
1.6702641000000003,1090800,975,300.0,3636,0.01,1117,10507,0.0038900854997336864,0.0001
1.66728579,1092000,976,300.0,3640,0.01,1118,10519,0.0061857448890805244,0.0001
1.2417866999999998,1093200,976,300.0,3644,0.01,1119,10531,0.007268351502716541,0.0001
0.9221438200000002,1094400,976,300.0,3648,0.01,1120,10543,0.006828363984823227,0.0001
0.7338029600000001,1095600,977,300.0,3652,0.01,1121,10555,0.007622578646987677,0.0001
1.12012216,1096800,977,300.0,3656,0.01,1121,10567,0.005049004219472408,0.0001
0.25222165999999996,1098000,978,300.0,3660,0.01,1122,10579,0.004292658530175686,0.0001
0.18787415999999982,1099200,978,300.0,3664,0.01,1123,10591,0.003994420170783997,0.0001
0.37480344000000004,1100400,933,300.0,3668,0.01,1179,10603,0.005359011702239513,0.0001
0.1387150400000001,1101600,933,300.0,3672,0.01,1180,10615,0.005050936713814735,0.0001
-0.48584575999999996,1102800,933,300.0,3676,0.01,1180,10627,0.004367872606962919,0.0001
-0.8844605499999997,1104000,934,300.0,3680,0.01,1181,10639,0.007544587831944227,0.0001
-0.7802353199999998,1105200,934,300.0,3684,0.01,1182,10651,0.00782104767858982,0.0001
-0.8883311000000002,1106400,935,300.0,3688,0.01,1183,10663,0.025783108547329903,0.0001
-1.41088324,1107600,935,300.0,3692,0.01,1183,10675,0.008515661582350731,0.0001
-1.07510619,1108800,935,300.0,3696,0.01,1184,10687,0.006614849902689457,0.0001
-0.7416355800000001,1110000,936,300.0,3700,0.01,1185,10699,0.005014307796955109,0.0001
-0.9957117899999999,1111200,936,300.0,3704,0.01,1186,10711,0.01063496246933937,0.0001
-0.9151398300000001,1112400,936,300.0,3708,0.01,1187,10723,0.0037937394808977842,0.0001
-1.24262307,1113600,936,300.0,3712,0.01,1188,10735,0.004300261847674847,0.0001
-1.2089508100000002,1114800,936,300.0,3716,0.01,1190,10747,0.00797562301158905,0.0001
-1.1390451700000002,1116000,936,300.0,3720,0.01,1191,10759,0.007696204353123903,0.0001
-1.00271888,1117200,937,300.0,3724,0.01,1192,10771,0.030252352356910706,0.0001
-1.48613675,1118400,937,300.0,3728,0.01,1192,10783,0.007504671812057495,0.0001
-1.57991546,1119600,938,300.0,3732,0.01,1193,10795,0.007683825679123402,0.0001
-1.27211247,1120800,938,300.0,3736,0.01,1194,10807,0.006958909332752228,0.0001
-1.1968116899999997,1122000,938,300.0,3740,0.01,1195,10819,0.0048392885364592075,0.0001
-0.8000542300000002,1123200,939,300.0,3744,0.01,1195,10831,0.010567529127001762,0.0001
-0.3728538500000002,1124400,939,300.0,3748,0.01,1196,10843,0.003614496672526002,0.0001
-0.31460193000000014,1125600,939,300.0,3752,0.01,1197,10855,0.007002178579568863,0.0001
-0.3344502600000001,1126800,940,300.0,3756,0.01,1198,10867,0.007086216472089291,0.0001
-0.24897724000000018,1128000,940,300.0,3760,0.01,1199,10879,0.003883697558194399,0.0001
-0.3780665299999999,1129200,941,300.0,3764,0.01,1199,10891,0.007512751035392284,0.0001
-0.5991161500000001,1130400,941,300.0,3768,0.01,1200,10903,0.005153755657374859,0.0001
-0.1962777299999999,1131600,942,300.0,3772,0.01,1201,10915,0.005577316042035818,0.0001
0.30073097,1132800,942,300.0,3776,0.01,1201,10927,0.0068467529490590096,0.0001
0.60994077,1134000,942,300.0,3780,0.01,1202,10939,0.008659339509904385,0.0001
0.56351982,1135200,943,300.0,3784,0.01,1203,10951,0.005125249736011028,0.0001
-0.08805213,1136400,943,300.0,3788,0.01,1203,10963,0.00483603635802865,0.0001
-0.08724547999999994,1137600,944,300.0,3792,0.01,1204,10975,0.0057255602441728115,0.0001
-0.44656854999999995,1138800,944,300.0,3796,0.01,1205,10987,0.006527440622448921,0.0001
-0.4095068199999999,1140000,945,300.0,3800,0.01,1206,10999,0.0041928039863705635,0.0001
-0.32994073,1141200,945,300.0,3804,0.01,1207,11011,0.0055086626671254635,0.0001
0.011248289999999876,1142400,945,300.0,3808,0.01,1207,11023,0.004931747913360596,0.0001
0.33475340000000003,1143600,946,300.0,3812,0.01,1208,11035,0.005025222897529602,0.0001
0.35516882000000005,1144800,946,300.0,3816,0.01,1209,11047,0.0038819126784801483,0.0001
-0.08375570999999987,1146000,946,300.0,3820,0.01,1210,11059,0.009925136342644691,0.0001
-0.09548464999999995,1147200,947,300.0,3824,0.01,1211,11071,0.006857716012746096,0.0001
-0.02654500000000004,1148400,947,300.0,3828,0.01,1211,11083,0.003957703709602356,0.0001
-0.22184591999999995,1149600,948,300.0,3832,0.01,1212,11095,0.006799731869250536,0.0001
-0.1638746799999999,1150800,948,300.0,3836,0.01,1213,11107,0.004109646193683147,0.0001
-0.8966211099999998,1152000,949,300.0,3840,0.01,1213,11119,0.005245199427008629,0.0001
-1.2568403499999996,1153200,949,300.0,3844,0.01,1214,11131,0.003726204391568899,0.0001
-1.76695787,1154400,949,300.0,3848,0.01,1215,11143,0.027127118781208992,0.0001
-1.4668937599999998,1155600,950,300.0,3852,0.01,1216,11155,0.004414810333400965,0.0001
-1.09241535,1156800,950,300.0,3856,0.01,1216,11167,0.008227170445024967,0.0001
-0.8553834299999998,1158000,950,300.0,3860,0.01,1217,11179,0.02968909591436386,0.0001
-1.1254982099999997,1159200,951,300.0,3864,0.01,1218,11191,0.005188892595469952,0.0001
-0.95044591,1160400,951,300.0,3868,0.01,1219,11203,0.007221316918730736,0.0001
-1.2377574599999999,1161600,952,300.0,3872,0.01,1219,11215,0.006240355782210827,0.0001
-1.49388544,1162800,952,300.0,3876,0.01,1220,11227,0.006415246985852718,0.0001
-1.5501377399999998,1164000,952,300.0,3880,0.01,1221,11239,0.006256889086216688,0.0001
-1.3952585299999998,1165200,953,300.0,3884,0.01,1222,11251,0.004328810144215822,0.0001
-1.01711315,1166400,953,300.0,3888,0.01,1223,11263,0.004888775758445263,0.0001
-0.47861583999999996,1167600,954,300.0,3892,0.01,1223,11275,0.006435625720769167,0.0001
-0.09707448999999997,1168800,954,300.0,3896,0.01,1224,11287,0.0036481444258242846,0.0001
-0.4317471599999998,1170000,954,300.0,3900,0.01,1225,11299,0.0066060870885849,0.0001
-0.27916474999999985,1171200,955,300.0,3904,0.01,1226,11311,0.0190802663564682,0.0001
-0.6594213999999998,1172400,955,300.0,3908,0.01,1226,11323,0.004441093187779188,0.0001
-0.9457611199999999,1173600,956,300.0,3912,0.01,1227,11335,0.003883522003889084,0.0001
-0.8838466499999997,1174800,956,300.0,3916,0.01,1228,11347,0.004821525886654854,0.0001
-0.4381037499999996,1176000,956,300.0,3920,0.01,1229,11359,0.005716846790164709,0.0001
-0.4230413299999999,1177200,957,300.0,3924,0.01,1229,11371,0.006418605800718069,0.0001
0.07002212000000003,1178400,957,300.0,3928,0.01,1230,11383,0.004094555042684078,0.0001
-0.03405981999999987,1179600,958,300.0,3932,0.01,1231,11395,0.00530967116355896,0.0001
-0.33280394999999985,1180800,958,300.0,3936,0.01,1231,11407,0.005438307300209999,0.0001
0.1562064000000002,1182000,959,300.0,3940,0.01,1232,11419,0.01836259849369526,0.0001
0.31898425000000014,1183200,959,300.0,3944,0.01,1233,11431,0.006287409923970699,0.0001
0.44770818,1184400,959,300.0,3948,0.01,1233,11443,0.006331338547170162,0.0001
0.18550069000000008,1185600,960,300.0,3952,0.01,1234,11455,0.006273926701396704,0.0001
0.12623287000000008,1186800,960,300.0,3956,0.01,1235,11467,0.00641222856938839,0.0001
0.35399583999999995,1188000,961,300.0,3960,0.01,1235,11479,0.008016720414161682,0.0001
0.34933616,1189200,961,300.0,3964,0.01,1236,11491,0.007067675702273846,0.0001
-0.062363300000000094,1190400,961,300.0,3968,0.01,1237,11503,0.004765680991113186,0.0001
0.2517442599999999,1191600,962,300.0,3972,0.01,1238,11515,0.004112514201551676,0.0001
0.33686399999999994,1192800,962,300.0,3976,0.01,1239,11527,0.005893513094633818,0.0001
0.16143737999999996,1194000,962,300.0,3980,0.01,1239,11539,0.008494158275425434,0.0001
-0.4217488399999999,1195200,963,300.0,3984,0.01,1240,11551,0.00872880220413208,0.0001
-0.67288974,1196400,963,300.0,3988,0.01,1241,11563,0.006476878188550472,0.0001
-0.79742975,1197600,963,300.0,3992,0.01,1242,11575,0.005008851643651724,0.0001
-1.0323292099999999,1198800,964,300.0,3996,0.01,1243,11587,0.014675116166472435,0.0001
-1.0323878899999999,1200000,923,300.0,4000,0.01,1299,11599,0.005337947513908148,0.0001
-1.3556121300000001,1201200,923,300.0,4004,0.01,1300,11611,0.004739964846521616,0.0001
-1.44963077,1202400,924,300.0,4008,0.01,1301,11623,0.0042731380090117455,0.0001
-1.5413383999999999,1203600,924,300.0,4012,0.01,1301,11635,0.005726070608943701,0.0001
-1.7062810400000001,1204800,924,300.0,4016,0.01,1302,11647,0.008015763945877552,0.0001
-2.21948612,1206000,925,300.0,4020,0.01,1303,11659,0.003970152698457241,0.0001
-2.0054,1207200,925,300.0,4024,0.01,1303,11671,0.0037771654315292835,0.0001
-2.65828847,1208400,926,300.0,4028,0.01,1304,11683,0.016375817358493805,0.0001
-2.820173439999999,1209600,926,300.0,4032,0.01,1305,11695,0.0050591034814715385,0.0001
-2.58692194,1210800,926,300.0,4036,0.01,1306,11707,0.007796590216457844,0.0001
-2.33439885,1212000,927,300.0,4040,0.01,1307,11719,0.0059429495595395565,0.0001
-2.2351625999999998,1213200,927,300.0,4044,0.01,1308,11731,0.004092174582183361,0.0001
-2.33635266,1214400,927,300.0,4048,0.01,1309,11743,0.009668761864304543,0.0001
-2.38065706,1215600,928,300.0,4052,0.01,1309,11755,0.00396195100620389,0.0001
-2.728539289999999,1216800,928,300.0,4056,0.01,1310,11767,0.008564237505197525,0.0001
-3.1595767800000005,1218000,928,300.0,4060,0.01,1311,11779,0.007129168137907982,0.0001
-2.9462052399999994,1219200,929,300.0,4064,0.01,1312,11791,0.008653927594423294,0.0001
-2.5495314,1220400,929,300.0,4068,0.01,1312,11803,0.0056830295361578465,0.0001
-2.3693792,1221600,930,300.0,4072,0.01,1313,11815,0.007886242121458054,0.0001
-2.4522412400000007,1222800,930,300.0,4076,0.01,1314,11827,0.004910631105303764,0.0001
-1.98061567,1224000,930,300.0,4080,0.01,1314,11839,0.007357761263847351,0.0001
-1.4287962399999996,1225200,931,300.0,4084,0.01,1315,11851,0.00595889100804925,0.0001
-1.1912054999999997,1226400,931,300.0,4088,0.01,1316,11863,0.016091717407107353,0.0001
-1.2160820600000002,1227600,932,300.0,4092,0.01,1317,11875,0.00520146731287241,0.0001
-0.69024148,1228800,932,300.0,4096,0.01,1317,11887,0.006907330825924873,0.0001
-0.52132921,1230000,932,300.0,4100,0.01,1318,11899,0.006357140839099884,0.0001
-0.5904405899999998,1231200,933,300.0,4104,0.01,1319,11911,0.00804486870765686,0.0001
-0.7335851800000002,1232400,933,300.0,4108,0.01,1320,11923,0.005681963171809912,0.0001
-0.7123233999999999,1233600,934,300.0,4112,0.01,1320,11935,0.012816241011023521,0.0001
-0.77425089,1234800,934,300.0,4116,0.01,1321,11947,0.0072960397228598595,0.0001
-0.6755600300000001,1236000,934,300.0,4120,0.01,1322,11959,0.0057617370039224625,0.0001
-0.72345708,1237200,935,300.0,4124,0.01,1322,11971,0.004199801944196224,0.0001
-0.2591330800000001,1238400,935,300.0,4128,0.01,1323,11983,0.003726623486727476,0.0001
-0.12687639000000017,1239600,936,300.0,4132,0.01,1324,11995,0.004613460507243872,0.0001
0.50568082,1240800,936,300.0,4136,0.01,1324,12007,0.007153426297008991,0.0001
0.1842168300000002,1242000,936,300.0,4140,0.01,1325,12019,0.008872517384588718,0.0001
0.5182628,1243200,937,300.0,4144,0.01,1326,12031,0.009571969509124756,0.0001
0.8777540899999998,1244400,937,300.0,4148,0.01,1327,12043,0.008965634740889072,0.0001
1.3289270199999998,1245600,937,300.0,4152,0.01,1328,12055,0.005959971807897091,0.0001
1.2414070700000002,1246800,938,300.0,4156,0.01,1329,12067,0.004650839138776064,0.0001
1.4839227899999998,1248000,938,300.0,4160,0.01,1330,12079,0.006706234999001026,0.0001
1.73918386,1249200,938,300.0,4164,0.01,1330,12091,0.007065996527671814,0.0001
1.3479669900000004,1250400,939,300.0,4168,0.01,1331,12103,0.005779284052550793,0.0001
1.6033401799999998,1251600,939,300.0,4172,0.01,1332,12115,0.005756726022809744,0.0001
1.6799737799999994,1252800,939,300.0,4176,0.01,1333,12127,0.0038676103577017784,0.0001
1.3822414900000004,1254000,940,300.0,4180,0.01,1333,12139,0.004245780874043703,0.0001
1.12349774,1255200,940,300.0,4184,0.01,1334,12151,0.007434786297380924,0.0001
1.1687071500000001,1256400,941,300.0,4188,0.01,1335,12163,0.008159858174622059,0.0001
0.9866456700000001,1257600,941,300.0,4192,0.01,1335,12175,0.004510767757892609,0.0001
0.0633400900000002,1258800,941,300.0,4196,0.01,1336,12187,0.005637685302644968,0.0001
-0.2791240999999998,1260000,942,300.0,4200,0.01,1337,12199,0.004679245408624411,0.0001
0.01780730000000011,1261200,942,300.0,4204,0.01,1338,12211,0.008513899520039558,0.0001
0.5989059200000003,1262400,942,300.0,4208,0.01,1339,12223,0.005331622436642647,0.0001
0.7625197900000005,1263600,943,300.0,4212,0.01,1339,12235,0.005839550867676735,0.0001
0.8256956500000001,1264800,943,300.0,4216,0.01,1340,12247,0.004112564027309418,0.0001
0.9981500799999999,1266000,943,300.0,4220,0.01,1341,12259,0.006439893506467342,0.0001
0.66469041,1267200,944,300.0,4224,0.01,1342,12271,0.00415010517463088,0.0001
1.09999751,1268400,944,300.0,4228,0.01,1342,12283,0.005583633668720722,0.0001
1.3926798200000001,1269600,944,300.0,4232,0.01,1343,12295,0.004659171681851149,0.0001
0.8389051800000003,1270800,945,300.0,4236,0.01,1344,12307,0.004851384088397026,0.0001
0.8465031199999999,1272000,945,300.0,4240,0.01,1345,12319,0.007230622693896294,0.0001
0.4226208,1273200,946,300.0,4244,0.01,1345,12331,0.00753317354246974,0.0001
0.39649552000000005,1274400,946,300.0,4248,0.01,1346,12343,0.01309865154325962,0.0001
0.12649029000000003,1275600,946,300.0,4252,0.01,1347,12355,0.01954428292810917,0.0001
-0.11125437000000002,1276800,947,300.0,4256,0.01,1348,12367,0.004928496666252613,0.0001
-0.25359098,1278000,947,300.0,4260,0.01,1348,12379,0.0050235469825565815,0.0001
-0.46827229,1279200,947,300.0,4264,0.01,1349,12391,0.004240428563207388,0.0001
-0.5438849000000002,1280400,948,300.0,4268,0.01,1350,12403,0.0073895081877708435,0.0001
-1.2196687099999999,1281600,948,300.0,4272,0.01,1350,12415,0.0058329226449131966,0.0001
-1.08499758,1282800,949,300.0,4276,0.01,1351,12427,0.004454427864402533,0.0001
-1.01034423,1284000,949,300.0,4280,0.01,1352,12439,0.00401200819760561,0.0001
-0.93815962,1285200,949,300.0,4284,0.01,1353,12451,0.005776723846793175,0.0001
-0.8502106899999998,1286400,950,300.0,4288,0.01,1353,12463,0.005491858348250389,0.0001
-0.9529063399999999,1287600,950,300.0,4292,0.01,1354,12475,0.006150337867438793,0.0001
-0.38710215999999975,1288800,951,300.0,4296,0.01,1355,12487,0.005438277497887611,0.0001
0.1269319000000001,1290000,951,300.0,4300,0.01,1355,12499,0.005408108234405518,0.0001
-0.027666749999999976,1291200,951,300.0,4304,0.01,1356,12511,0.008483590558171272,0.0001
0.04366176999999997,1292400,951,300.0,4308,0.01,1357,12523,0.004538443870842457,0.0001
-0.06728916000000011,1293600,952,300.0,4312,0.01,1358,12535,0.002975922543555498,0.0001
0.17090181000000002,1294800,952,300.0,4316,0.01,1359,12547,0.006310839205980301,0.0001
0.38457653000000014,1296000,953,300.0,4320,0.01,1359,12559,0.006578363478183746,0.0001
0.63251111,1297200,953,300.0,4324,0.01,1360,12571,0.004448761232197285,0.0001
0.38322191000000017,1298400,953,300.0,4328,0.01,1361,12583,0.005154632963240147,0.0001
0.40766624000000024,1299600,954,300.0,4332,0.01,1362,12595,0.009343331679701805,0.0001
0.39368289000000006,1300800,916,300.0,4336,0.01,1418,12607,0.0037197349593043327,0.0001
0.4779593500000001,1302000,917,300.0,4340,0.01,1419,12619,0.00825497880578041,0.0001
0.22077462000000012,1303200,917,300.0,4344,0.01,1420,12631,0.005674545653164387,0.0001
0.05663679000000018,1304400,917,300.0,4348,0.01,1421,12643,0.007381625473499298,0.0001
0.44068858999999994,1305600,918,300.0,4352,0.01,1421,12655,0.013247247785329819,0.0001
1.0547826599999999,1306800,918,300.0,4356,0.01,1422,12667,0.0037185470573604107,0.0001
1.0733868199999999,1308000,918,300.0,4360,0.01,1423,12679,0.006017683539539576,0.0001
0.6829400699999999,1309200,919,300.0,4364,0.01,1424,12691,0.011200619861483574,0.0001
0.6792490999999998,1310400,919,300.0,4368,0.01,1425,12703,0.006181508302688599,0.0001
1.2033650099999997,1311600,919,300.0,4372,0.01,1425,12715,0.011259611696004868,0.0001
1.18728448,1312800,920,300.0,4376,0.01,1426,12727,0.004062933381646872,0.0001
0.5217236999999997,1314000,920,300.0,4380,0.01,1427,12739,0.014583762735128403,0.0001
0.6637011900000002,1315200,920,300.0,4384,0.01,1428,12751,0.006161817349493504,0.0001
0.6915140600000003,1316400,921,300.0,4388,0.01,1429,12763,0.0045427726581692696,0.0001
1.1298834,1317600,921,300.0,4392,0.01,1429,12775,0.006404633168131113,0.0001
1.03077169,1318800,921,300.0,4396,0.01,1430,12787,0.006565071642398834,0.0001
0.8263090400000002,1320000,922,300.0,4400,0.01,1431,12799,0.004086304921656847,0.0001
1.0677347099999999,1321200,922,300.0,4404,0.01,1432,12811,0.00497057568281889,0.0001
0.7491087399999996,1322400,922,300.0,4408,0.01,1432,12823,0.014843534678220749,0.0001
0.54769977,1323600,923,300.0,4412,0.01,1433,12835,0.010850019752979279,0.0001
-0.23360875999999992,1324800,923,300.0,4416,0.01,1434,12847,0.005694796331226826,0.0001
-0.48883702,1326000,923,300.0,4420,0.01,1435,12859,0.007200398948043585,0.0001
-0.75779244,1327200,924,300.0,4424,0.01,1436,12871,0.006042248569428921,0.0001
-0.8830538699999999,1328400,924,300.0,4428,0.01,1436,12883,0.004940645303577185,0.0001
-0.63908092,1329600,924,300.0,4432,0.01,1437,12895,0.015134135261178017,0.0001
-0.61106169,1330800,925,300.0,4436,0.01,1438,12907,0.008644506335258484,0.0001
-0.5889376599999996,1332000,925,300.0,4440,0.01,1439,12919,0.007499906234443188,0.0001
-0.47235141999999963,1333200,925,300.0,4444,0.01,1439,12931,0.004282146226614714,0.0001
-0.6567547899999999,1334400,926,300.0,4448,0.01,1440,12943,0.004659933038055897,0.0001
-0.8934175199999999,1335600,926,300.0,4452,0.01,1441,12955,0.005211050156503916,0.0001
-1.1167264599999998,1336800,927,300.0,4456,0.01,1442,12967,0.0064947460778057575,0.0001
-0.7513156599999998,1338000,927,300.0,4460,0.01,1442,12979,0.0061573246493935585,0.0001
-0.18864950999999988,1339200,927,300.0,4464,0.01,1443,12991,0.012502489611506462,0.0001
-0.014483139999999794,1340400,928,300.0,4468,0.01,1444,13003,0.005884677637368441,0.0001
-0.28847548999999956,1341600,928,300.0,4472,0.01,1444,13015,0.005378935020416975,0.0001
-0.6133649199999999,1342800,928,300.0,4476,0.01,1445,13027,0.004252794198691845,0.0001
-0.22926259000000004,1344000,929,300.0,4480,0.01,1446,13039,0.00902558583766222,0.0001
-0.37074095999999995,1345200,929,300.0,4484,0.01,1447,13051,0.007209600880742073,0.0001
-0.26778234000000006,1346400,929,300.0,4488,0.01,1448,13063,0.005582437384873629,0.0001
-0.38298409999999977,1347600,930,300.0,4492,0.01,1448,13075,0.004305630922317505,0.0001
-0.47772887999999986,1348800,930,300.0,4496,0.01,1449,13087,0.010634571313858032,0.0001
-0.43353527,1350000,930,300.0,4500,0.01,1450,13099,0.004824107978492975,0.0001
-0.7255945100000001,1351200,931,300.0,4504,0.01,1451,13111,0.00851290114223957,0.0001
-0.38969023999999997,1352400,931,300.0,4508,0.01,1451,13123,0.005225309170782566,0.0001
-0.2706635499999999,1353600,931,300.0,4512,0.01,1452,13135,0.01161194872111082,0.0001
0.5712784200000002,1354800,932,300.0,4516,0.01,1453,13147,0.004242278635501862,0.0001
0.25011864000000034,1356000,932,300.0,4520,0.01,1454,13159,0.007834240794181824,0.0001
0.3438459300000001,1357200,932,300.0,4524,0.01,1454,13171,0.006049495190382004,0.0001
0.47383045999999995,1358400,933,300.0,4528,0.01,1455,13183,0.006356366910040379,0.0001
0.2572940400000001,1359600,933,300.0,4532,0.01,1456,13195,0.011643819510936737,0.0001
0.42457108999999993,1360800,933,300.0,4536,0.01,1457,13207,0.006131401285529137,0.0001
0.2975605499999998,1362000,934,300.0,4540,0.01,1458,13219,0.004180120304226875,0.0001
0.005848099999999974,1363200,934,300.0,4544,0.01,1459,13231,0.00660873856395483,0.0001
0.2879595100000001,1364400,934,300.0,4548,0.01,1459,13243,0.005050378851592541,0.0001
-0.08280124999999997,1365600,934,300.0,4552,0.01,1460,13255,0.003990900702774525,0.0001
0.2551803700000004,1366800,935,300.0,4556,0.01,1461,13267,0.004968504421412945,0.0001
-0.2874910099999996,1368000,935,300.0,4560,0.01,1462,13279,0.005275755655020475,0.0001
-0.5706564599999998,1369200,935,300.0,4564,0.01,1462,13291,0.005633045919239521,0.0001
-0.17581286999999993,1370400,936,300.0,4568,0.01,1463,13303,0.005794864147901535,0.0001
-0.22805971000000028,1371600,936,300.0,4572,0.01,1464,13315,0.006254715844988823,0.0001
0.19605642999999962,1372800,937,300.0,4576,0.01,1465,13327,0.005417900159955025,0.0001
0.60931354,1374000,937,300.0,4580,0.01,1465,13339,0.007701605558395386,0.0001
0.85987481,1375200,937,300.0,4584,0.01,1466,13351,0.004700660239905119,0.0001
0.2517326699999999,1376400,937,300.0,4588,0.01,1467,13363,0.006164201535284519,0.0001
0.41133441,1377600,938,300.0,4592,0.01,1468,13375,0.035530246794223785,0.0001
0.3010358200000001,1378800,938,300.0,4596,0.01,1468,13387,0.0057438453659415245,0.0001
0.3931803100000002,1380000,938,300.0,4600,0.01,1469,13399,0.00619813846424222,0.0001
0.4626178800000001,1381200,939,300.0,4604,0.01,1470,13411,0.005296971183270216,0.0001
0.2907038900000003,1382400,939,300.0,4608,0.01,1471,13423,0.007655086927115917,0.0001
0.3505354100000001,1383600,939,300.0,4612,0.01,1472,13435,0.008157577365636826,0.0001
0.043597160000000024,1384800,940,300.0,4616,0.01,1472,13447,0.005904281046241522,0.0001
0.5089402599999998,1386000,940,300.0,4620,0.01,1473,13459,0.028513723984360695,0.0001
0.5992552299999998,1387200,941,300.0,4624,0.01,1474,13471,0.005639849696308374,0.0001
0.25167909,1388400,941,300.0,4628,0.01,1474,13483,0.004291136749088764,0.0001
0.36179502999999996,1389600,941,300.0,4632,0.01,1475,13495,0.007348316255956888,0.0001
0.30058173999999993,1390800,941,300.0,4636,0.01,1476,13507,0.0068120877258479595,0.0001
0.67099208,1392000,942,300.0,4640,0.01,1477,13519,0.005414264276623726,0.0001
0.82627481,1393200,942,300.0,4644,0.01,1478,13531,0.004584005102515221,0.0001
1.2090625999999998,1394400,942,300.0,4648,0.01,1478,13543,0.009972373023629189,0.0001
1.57503876,1395600,943,300.0,4652,0.01,1479,13555,0.006315640173852444,0.0001
1.3844974199999995,1396800,943,300.0,4656,0.01,1480,13567,0.004677374381572008,0.0001
1.5273988799999998,1398000,943,300.0,4660,0.01,1481,13579,0.007039332762360573,0.0001
1.7665838099999993,1399200,944,300.0,4664,0.01,1482,13591,0.00579114118590951,0.0001
1.2435293099999996,1400400,909,300.0,4668,0.01,1540,13603,0.004624711815267801,0.0001
1.2310318199999997,1401600,909,300.0,4672,0.01,1540,13615,0.009644058533012867,0.0001
0.8778761900000001,1402800,909,300.0,4676,0.01,1541,13627,0.005844838917255402,0.0001
0.44653667999999996,1404000,910,300.0,4680,0.01,1542,13639,0.007707159034907818,0.0001
0.054377559999999686,1405200,910,300.0,4684,0.01,1543,13651,0.00515175424516201,0.0001
0.016333709999999807,1406400,910,300.0,4688,0.01,1544,13663,0.005513070151209831,0.0001
-0.15974280999999999,1407600,910,300.0,4692,0.01,1545,13675,0.004878781270235777,0.0001
-0.15636910000000007,1408800,911,300.0,4696,0.01,1545,13687,0.008460912853479385,0.0001
-0.21223509000000015,1410000,911,300.0,4700,0.01,1546,13699,0.0056111472658813,0.0001
-0.3162401000000001,1411200,911,300.0,4704,0.01,1547,13711,0.006489744875580072,0.0001
-0.46117967,1412400,912,300.0,4708,0.01,1548,13723,0.028821101412177086,0.0001
-0.17098647999999997,1413600,912,300.0,4712,0.01,1549,13735,0.003349523525685072,0.0001
-0.47618947000000006,1414800,912,300.0,4716,0.01,1550,13747,0.009383033961057663,0.0001
-0.6140914500000001,1416000,913,300.0,4720,0.01,1550,13759,0.0063563804142177105,0.0001
-0.7581498500000001,1417200,913,300.0,4724,0.01,1551,13771,0.017619509249925613,0.0001
-0.7270695800000001,1418400,913,300.0,4728,0.01,1552,13783,0.004327371250838041,0.0001
-0.77054314,1419600,914,300.0,4732,0.01,1553,13795,0.007374775595963001,0.0001
-0.58608931,1420800,914,300.0,4736,0.01,1553,13807,0.004680951591581106,0.0001
-1.19262815,1422000,914,300.0,4740,0.01,1554,13819,0.005993921309709549,0.0001
-1.1352370999999997,1423200,915,300.0,4744,0.01,1555,13831,0.021564941853284836,0.0001
-1.7008257300000003,1424400,915,300.0,4748,0.01,1556,13843,0.00975259579718113,0.0001
-1.7913696800000003,1425600,915,300.0,4752,0.01,1556,13855,0.010145416483283043,0.0001
-2.3009351499999995,1426800,915,300.0,4756,0.01,1557,13867,0.005716913379728794,0.0001
-2.02996218,1428000,916,300.0,4760,0.01,1558,13879,0.006742110941559076,0.0001
-2.13035197,1429200,916,300.0,4764,0.01,1559,13891,0.004406286403536797,0.0001
-1.51250507,1430400,916,300.0,4768,0.01,1560,13903,0.006532592698931694,0.0001
-1.4853307,1431600,917,300.0,4772,0.01,1560,13915,0.009663310833275318,0.0001
-1.5617251400000003,1432800,917,300.0,4776,0.01,1561,13927,0.007077280431985855,0.0001
-1.0990641700000001,1434000,917,300.0,4780,0.01,1562,13939,0.00523271644487977,0.0001
-1.0432691900000004,1435200,918,300.0,4784,0.01,1563,13951,0.008115435019135475,0.0001
-0.5112767600000001,1436400,918,300.0,4788,0.01,1563,13963,0.005465439986437559,0.0001
-0.45583651999999986,1437600,918,300.0,4792,0.01,1564,13975,0.005904276389628649,0.0001
-0.5535294899999998,1438800,919,300.0,4796,0.01,1565,13987,0.005884366575628519,0.0001
-0.3892388599999997,1440000,919,300.0,4800,0.01,1566,13999,0.004742877557873726,0.0001
-0.04889473999999991,1441200,919,300.0,4804,0.01,1567,14011,0.008035197854042053,0.0001
0.11608611000000028,1442400,919,300.0,4808,0.01,1568,14023,0.014616334810853004,0.0001
0.09322147000000011,1443600,920,300.0,4812,0.01,1568,14035,0.007196138612926006,0.0001
0.6130736599999997,1444800,920,300.0,4816,0.01,1569,14047,0.006406652275472879,0.0001
0.7343248400000002,1446000,920,300.0,4820,0.01,1570,14059,0.008863620460033417,0.0001
0.7655511500000002,1447200,920,300.0,4824,0.01,1571,14071,0.0055579980835318565,0.0001
0.81959051,1448400,921,300.0,4828,0.01,1572,14083,0.005254464223980904,0.0001
0.5787544400000001,1449600,921,300.0,4832,0.01,1572,14095,0.008573906496167183,0.0001
0.4780289599999999,1450800,921,300.0,4836,0.01,1573,14107,0.007185669150203466,0.0001
0.85560314,1452000,922,300.0,4840,0.01,1574,14119,0.006684035062789917,0.0001
1.25978578,1453200,922,300.0,4844,0.01,1575,14131,0.008588973432779312,0.0001
1.0852698600000001,1454400,922,300.0,4848,0.01,1575,14143,0.009649207815527916,0.0001
1.5215083100000004,1455600,923,300.0,4852,0.01,1576,14155,0.004449915140867233,0.0001
1.7199618400000003,1456800,923,300.0,4856,0.01,1577,14167,0.0074544185772538185,0.0001
1.5367638700000001,1458000,923,300.0,4860,0.01,1578,14179,0.0062348442152142525,0.0001
1.5458406399999998,1459200,923,300.0,4864,0.01,1579,14191,0.005534643307328224,0.0001
1.53187843,1460400,924,300.0,4868,0.01,1580,14203,0.006530196871608496,0.0001
1.2748468899999998,1461600,924,300.0,4872,0.01,1580,14215,0.007251939736306667,0.0001
2.2109687699999996,1462800,924,300.0,4876,0.01,1581,14227,0.00581338070333004,0.0001
1.8935368599999995,1464000,925,300.0,4880,0.01,1582,14239,0.008487841114401817,0.0001
2.17632879,1465200,925,300.0,4884,0.01,1583,14251,0.007684080861508846,0.0001
1.8625281099999997,1466400,925,300.0,4888,0.01,1583,14263,0.005040839314460754,0.0001
1.84839264,1467600,926,300.0,4892,0.01,1584,14275,0.014882058836519718,0.0001
2.2714342399999996,1468800,926,300.0,4896,0.01,1585,14287,0.006381675601005554,0.0001
1.8245461999999995,1470000,926,300.0,4900,0.01,1586,14299,0.006562354043126106,0.0001
1.3616208999999997,1471200,927,300.0,4904,0.01,1586,14311,0.007135708816349506,0.0001
1.5171015500000002,1472400,927,300.0,4908,0.01,1587,14323,0.0066818902269005775,0.0001
1.5269523700000003,1473600,927,300.0,4912,0.01,1588,14335,0.004478847607970238,0.0001
1.21915539,1474800,928,300.0,4916,0.01,1589,14347,0.006130653899163008,0.0001
0.9698497000000005,1476000,928,300.0,4920,0.01,1589,14359,0.015696020796895027,0.0001
1.48229578,1477200,928,300.0,4924,0.01,1590,14371,0.018165169283747673,0.0001
0.8203275699999998,1478400,929,300.0,4928,0.01,1591,14383,0.01185893826186657,0.0001
1.1445733600000003,1479600,929,300.0,4932,0.01,1592,14395,0.006727989763021469,0.0001
0.7307641300000003,1480800,929,300.0,4936,0.01,1592,14407,0.006315643433481455,0.0001
1.10007438,1482000,929,300.0,4940,0.01,1593,14419,0.007586498744785786,0.0001
0.49724375999999976,1483200,930,300.0,4944,0.01,1594,14431,0.006043791770935059,0.0001
0.7750752,1484400,930,300.0,4948,0.01,1595,14443,0.00554790860041976,0.0001
0.5786059300000002,1485600,930,300.0,4952,0.01,1595,14455,0.009899728000164032,0.0001
0.7063909299999999,1486800,931,300.0,4956,0.01,1596,14467,0.006990416906774044,0.0001
0.9444001800000001,1488000,931,300.0,4960,0.01,1598,14479,0.007451341021806002,0.0001
0.6829721599999999,1489200,931,300.0,4964,0.01,1598,14491,0.005085662938654423,0.0001
0.3371781899999997,1490400,931,300.0,4968,0.01,1599,14503,0.007516270037740469,0.0001
0.9531713299999997,1491600,932,300.0,4972,0.01,1600,14515,0.005395546555519104,0.0001
-0.20896816,1492800,932,300.0,4976,0.01,1601,14527,0.007620233576744795,0.0001
-0.022083810000000224,1494000,932,300.0,4980,0.01,1602,14539,0.00667680473998189,0.0001
-0.17757638000000037,1495200,932,300.0,4984,0.01,1602,14551,0.007415620610117912,0.0001
0.04922660000000012,1496400,933,300.0,4988,0.01,1603,14563,0.006163421552628279,0.0001
0.018172430000000402,1497600,933,300.0,4992,0.01,1604,14575,0.008374340832233429,0.0001
-0.16417092999999988,1498800,933,300.0,4996,0.01,1605,14587,0.009654274210333824,0.0001
-0.11293319000000011,1500000,901,300.0,5000,0.01,1663,14599,0.005242358893156052,0.0001
-0.24564642999999997,1501200,902,300.0,5004,0.01,1664,14611,0.008638007566332817,0.0001
-0.5304115100000001,1502400,902,300.0,5008,0.01,1665,14623,0.007472777273505926,0.0001
-0.7862800800000004,1503600,902,300.0,5012,0.01,1665,14635,0.02132383920252323,0.0001
-0.9256641299999999,1504800,902,300.0,5016,0.01,1666,14647,0.003951633349061012,0.0001
-0.69465249,1506000,903,300.0,5020,0.01,1667,14659,0.015220203436911106,0.0001
-0.8057744600000001,1507200,903,300.0,5024,0.01,1668,14671,0.006431118585169315,0.0001
-0.13881928999999993,1508400,903,300.0,5028,0.01,1669,14683,0.011272850446403027,0.0001
0.08542895000000042,1509600,903,300.0,5032,0.01,1670,14695,0.004441834986209869,0.0001
0.1789141100000003,1510800,904,300.0,5036,0.01,1670,14707,0.010885701514780521,0.0001
-0.13306776000000003,1512000,904,300.0,5040,0.01,1671,14719,0.007275610696524382,0.0001
0.21403601999999985,1513200,904,300.0,5044,0.01,1672,14731,0.006932846736162901,0.0001
0.22806705999999974,1514400,905,300.0,5048,0.01,1673,14743,0.012131644412875175,0.0001
-0.12616091000000015,1515600,905,300.0,5052,0.01,1673,14755,0.0075554074719548225,0.0001
0.11032773999999985,1516800,905,300.0,5056,0.01,1674,14767,0.005130445118993521,0.0001
-0.20558748000000007,1518000,906,300.0,5060,0.01,1675,14779,0.004542384762316942,0.0001
0.05653724999999987,1519200,906,300.0,5064,0.01,1676,14791,0.009201861917972565,0.0001
0.32832406999999975,1520400,906,300.0,5068,0.01,1676,14803,0.006721721962094307,0.0001
-0.22628061000000016,1521600,906,300.0,5072,0.01,1677,14815,0.007287259679287672,0.0001
-0.51023657,1522800,907,300.0,5076,0.01,1678,14827,0.005230063106864691,0.0001
-0.5303687100000002,1524000,907,300.0,5080,0.01,1679,14839,0.008544661104679108,0.0001
-0.57290326,1525200,907,300.0,5084,0.01,1679,14851,0.007187420502305031,0.0001
-0.7993276299999998,1526400,908,300.0,5088,0.01,1680,14863,0.004811178892850876,0.0001
-0.6339518799999998,1527600,908,300.0,5092,0.01,1681,14875,0.003604986472055316,0.0001
-0.6833740100000001,1528800,908,300.0,5096,0.01,1682,14887,0.00475319055840373,0.0001
-0.6317963100000001,1530000,909,300.0,5100,0.01,1682,14899,0.006104904226958752,0.0001
0.07159066999999993,1531200,909,300.0,5104,0.01,1683,14911,0.005031932145357132,0.0001
-0.4651823400000001,1532400,909,300.0,5108,0.01,1684,14923,0.00588046433404088,0.0001
-0.21150195999999988,1533600,910,300.0,5112,0.01,1685,14935,0.004417222458869219,0.0001
0.2851077200000002,1534800,910,300.0,5116,0.01,1686,14947,0.005633576773107052,0.0001
-0.17663134999999996,1536000,910,300.0,5120,0.01,1687,14959,0.00927003100514412,0.0001
-0.3063202099999999,1537200,910,300.0,5124,0.01,1688,14971,0.011935921385884285,0.0001
-0.27677973999999983,1538400,910,300.0,5128,0.01,1688,14983,0.008800825104117393,0.0001
-0.7630018099999998,1539600,911,300.0,5132,0.01,1689,14995,0.004933271557092667,0.0001
-0.6014879999999998,1540800,911,300.0,5136,0.01,1690,15007,0.005555337760597467,0.0001
-0.34405814999999984,1542000,911,300.0,5140,0.01,1691,15019,0.012080567888915539,0.0001
-0.6244745399999997,1543200,912,300.0,5144,0.01,1691,15031,0.013007257133722305,0.0001
-0.4159852399999999,1544400,912,300.0,5148,0.01,1692,15043,0.005726981908082962,0.0001
-0.7579971299999994,1545600,912,300.0,5152,0.01,1693,15055,0.006525288335978985,0.0001
-0.9058746399999995,1546800,913,300.0,5156,0.01,1694,15067,0.006143888924270868,0.0001
-0.9017491399999997,1548000,913,300.0,5160,0.01,1694,15079,0.022614585235714912,0.0001
-1.3508760299999998,1549200,913,300.0,5164,0.01,1695,15091,0.007063803728669882,0.0001
-1.6084082599999996,1550400,913,300.0,5168,0.01,1696,15103,0.007806036621332169,0.0001
-0.9973056399999999,1551600,913,300.0,5172,0.01,1697,15115,0.006398763041943312,0.0001
-0.31146924999999986,1552800,914,300.0,5176,0.01,1698,15127,0.00677159707993269,0.0001
-0.36194874000000027,1554000,914,300.0,5180,0.01,1699,15139,0.006559806875884533,0.0001
-0.2528301300000003,1555200,914,300.0,5184,0.01,1700,15151,0.02257651835680008,0.0001
-0.10684552000000036,1556400,914,300.0,5188,0.01,1701,15163,0.005360960029065609,0.0001
-0.2513864100000003,1557600,915,300.0,5192,0.01,1702,15175,0.005044824443757534,0.0001
-0.3673888800000002,1558800,915,300.0,5196,0.01,1702,15187,0.008366057649254799,0.0001
-0.22373518000000014,1560000,915,300.0,5200,0.01,1703,15199,0.005844473838806152,0.0001
-0.8109609800000003,1561200,915,300.0,5204,0.01,1704,15211,0.005693690851330757,0.0001
-0.48590572000000015,1562400,916,300.0,5208,0.01,1705,15223,0.021023601293563843,0.0001
-0.7043916600000002,1563600,916,300.0,5212,0.01,1706,15235,0.00851095374673605,0.0001
-1.10461779,1564800,916,300.0,5216,0.01,1706,15247,0.0114841777831316,0.0001
-0.4732580899999998,1566000,916,300.0,5220,0.01,1707,15259,0.008661443367600441,0.0001
-0.5380832899999998,1567200,917,300.0,5224,0.01,1708,15271,0.007083100266754627,0.0001
-0.5763207899999999,1568400,917,300.0,5228,0.01,1709,15283,0.00488784397020936,0.0001
-0.8234042999999999,1569600,917,300.0,5232,0.01,1710,15295,0.004499598406255245,0.0001
-1.0505375700000001,1570800,918,300.0,5236,0.01,1710,15307,0.007691615726798773,0.0001
-0.9814311600000001,1572000,918,300.0,5240,0.01,1711,15319,0.008059941232204437,0.0001
-1.0176344499999999,1573200,918,300.0,5244,0.01,1712,15331,0.010220950469374657,0.0001
-1.5799765499999998,1574400,919,300.0,5248,0.01,1713,15343,0.012376421131193638,0.0001
-0.8468889500000002,1575600,919,300.0,5252,0.01,1713,15355,0.006772574037313461,0.0001
-0.91550579,1576800,919,300.0,5256,0.01,1714,15367,0.006821568123996258,0.0001
-1.3377636999999998,1578000,919,300.0,5260,0.01,1715,15379,0.019098468124866486,0.0001
-1.0719764600000001,1579200,920,300.0,5264,0.01,1716,15391,0.00730382464826107,0.0001
-1.1843396800000003,1580400,920,300.0,5268,0.01,1716,15403,0.00560788344591856,0.0001
-1.6588736099999999,1581600,920,300.0,5272,0.01,1717,15415,0.006440659053623676,0.0001
-1.2440746099999997,1582800,921,300.0,5276,0.01,1718,15427,0.0062313443049788475,0.0001
-1.60835301,1584000,921,300.0,5280,0.01,1719,15439,0.004679911304265261,0.0001
-1.7025475,1585200,921,300.0,5284,0.01,1720,15451,0.003661960130557418,0.0001
-1.35403973,1586400,921,300.0,5288,0.01,1721,15463,0.005588281434029341,0.0001
-1.6031822300000003,1587600,922,300.0,5292,0.01,1721,15475,0.006378276273608208,0.0001
-1.4813867299999999,1588800,922,300.0,5296,0.01,1722,15487,0.0074412627145648,0.0001
-1.33439515,1590000,922,300.0,5300,0.01,1723,15499,0.00661071902140975,0.0001
-1.3883957699999998,1591200,922,300.0,5304,0.01,1724,15511,0.016623802483081818,0.0001
-0.67983317,1592400,923,300.0,5308,0.01,1724,15523,0.018369846045970917,0.0001
-0.5051376000000002,1593600,923,300.0,5312,0.01,1725,15535,0.009007159620523453,0.0001
-0.4468501100000002,1594800,923,300.0,5316,0.01,1726,15547,0.006476093083620071,0.0001
-0.6146055700000002,1596000,923,300.0,5320,0.01,1727,15559,0.006639386992901564,0.0001
-0.6418676500000001,1597200,924,300.0,5324,0.01,1728,15571,0.009775569662451744,0.0001
-0.63481875,1598400,924,300.0,5328,0.01,1728,15583,0.0066592395305633545,0.0001
0.3055848799999999,1599600,924,300.0,5332,0.01,1729,15595,0.008281705901026726,0.0001
0.7871875699999997,1600800,894,300.0,5336,0.01,1789,15607,0.007578971330076456,0.0001
0.22607137999999977,1602000,894,300.0,5340,0.01,1790,15619,0.010088897310197353,0.0001
0.3566603899999997,1603200,895,300.0,5344,0.01,1791,15631,0.0062500243075191975,0.0001
0.4934508699999997,1604400,895,300.0,5348,0.01,1791,15643,0.005577699281275272,0.0001
-0.28167512,1605600,895,300.0,5352,0.01,1792,15655,0.00771786505356431,0.0001
-0.15218868000000016,1606800,896,300.0,5356,0.01,1793,15667,0.00454248022288084,0.0001
0.20763084999999978,1608000,896,300.0,5360,0.01,1794,15679,0.006754340138286352,0.0001
0.40627722000000005,1609200,896,300.0,5364,0.01,1794,15691,0.004463475197553635,0.0001
0.6663686600000003,1610400,896,300.0,5368,0.01,1795,15703,0.006110766436904669,0.0001
0.56867112,1611600,897,300.0,5372,0.01,1796,15715,0.004670835565775633,0.0001
0.2354255099999999,1612800,897,300.0,5376,0.01,1797,15727,0.0036926057655364275,0.0001
0.60719508,1614000,897,300.0,5380,0.01,1798,15739,0.007016235031187534,0.0001
0.6978401900000002,1615200,897,300.0,5384,0.01,1799,15751,0.005704192444682121,0.0001
0.1845310700000002,1616400,897,300.0,5388,0.01,1800,15763,0.02668091282248497,0.0001
0.5807405099999999,1617600,898,300.0,5392,0.01,1800,15775,0.016109591349959373,0.0001
0.5543030299999998,1618800,898,300.0,5396,0.01,1801,15787,0.006673211231827736,0.0001
0.2587797599999998,1620000,898,300.0,5400,0.01,1802,15799,0.008889637887477875,0.0001
0.5267901,1621200,899,300.0,5404,0.01,1803,15811,0.009151927195489407,0.0001
-0.17289203000000003,1622400,899,300.0,5408,0.01,1803,15823,0.005876520182937384,0.0001
-0.1722347400000001,1623600,899,300.0,5412,0.01,1804,15835,0.009812040254473686,0.0001
-0.34965638000000004,1624800,899,300.0,5416,0.01,1805,15847,0.004844603128731251,0.0001
-0.5359417,1626000,900,300.0,5420,0.01,1806,15859,0.006899223662912846,0.0001
-0.74372771,1627200,900,300.0,5424,0.01,1807,15871,0.008043024688959122,0.0001
-0.24180460000000004,1628400,900,300.0,5428,0.01,1808,15883,0.008000001311302185,0.0001
-0.7517802499999999,1629600,900,300.0,5432,0.01,1808,15895,0.0048821656964719296,0.0001
-1.1851103199999997,1630800,901,300.0,5436,0.01,1809,15907,0.009731984697282314,0.0001
-0.8232164799999999,1632000,901,300.0,5440,0.01,1810,15919,0.03110847994685173,0.0001
-0.7374767300000002,1633200,901,300.0,5444,0.01,1811,15931,0.006947034038603306,0.0001
-0.7004443,1634400,901,300.0,5448,0.01,1812,15943,0.004125942010432482,0.0001
-0.03820199999999978,1635600,902,300.0,5452,0.01,1812,15955,0.008657576516270638,0.0001
0.01388171000000014,1636800,902,300.0,5456,0.01,1813,15967,0.004758934490382671,0.0001
-0.08759584999999995,1638000,902,300.0,5460,0.01,1814,15979,0.01741940528154373,0.0001
-0.2271863999999999,1639200,903,300.0,5464,0.01,1814,15991,0.010091678239405155,0.0001
-0.5403333100000001,1640400,903,300.0,5468,0.01,1815,16003,0.00771981431171298,0.0001
-0.35808104000000024,1641600,903,300.0,5472,0.01,1816,16015,0.006426068488508463,0.0001
-0.15818615000000014,1642800,903,300.0,5476,0.01,1817,16027,0.010112020187079906,0.0001
-0.2992932500000002,1644000,904,300.0,5480,0.01,1818,16039,0.0057574980892241,0.0001
-0.17309059000000018,1645200,904,300.0,5484,0.01,1819,16051,0.00689797755330801,0.0001
-0.06527289000000003,1646400,904,300.0,5488,0.01,1819,16063,0.0070477500557899475,0.0001
-0.4188001399999999,1647600,904,300.0,5492,0.01,1820,16075,0.007260472513735294,0.0001
-0.24539987,1648800,905,300.0,5496,0.01,1821,16087,0.008009979501366615,0.0001
-0.41343633000000013,1650000,905,300.0,5500,0.01,1822,16099,0.012498807162046432,0.0001
-0.31327505,1651200,905,300.0,5504,0.01,1823,16111,0.007863542065024376,0.0001
-0.23540383999999986,1652400,905,300.0,5508,0.01,1823,16123,0.006628652103245258,0.0001
0.04138214999999988,1653600,906,300.0,5512,0.01,1824,16135,0.00813725683838129,0.0001
0.3193238299999999,1654800,906,300.0,5516,0.01,1825,16147,0.005892137065529823,0.0001
0.20904704999999996,1656000,906,300.0,5520,0.01,1826,16159,0.004510846920311451,0.0001
0.20926184999999997,1657200,907,300.0,5524,0.01,1827,16171,0.01044959295541048,0.0001
-0.6182232599999999,1658400,907,300.0,5528,0.01,1827,16183,0.006026357412338257,0.0001
-0.61269599,1659600,907,300.0,5532,0.01,1828,16195,0.007903795689344406,0.0001
-0.5131382599999997,1660800,907,300.0,5536,0.01,1829,16207,0.005725901573896408,0.0001
-0.7680882400000002,1662000,908,300.0,5540,0.01,1830,16219,0.0049576242454349995,0.0001
-0.6838551900000003,1663200,908,300.0,5544,0.01,1830,16231,0.03236185759305954,0.0001
-0.95768303,1664400,908,300.0,5548,0.01,1831,16243,0.012569952756166458,0.0001
-0.8850301500000002,1665600,908,300.0,5552,0.01,1832,16255,0.005588493309915066,0.0001
-0.75812356,1666800,909,300.0,5556,0.01,1833,16267,0.004471287131309509,0.0001
-0.8518373300000001,1668000,909,300.0,5560,0.01,1833,16279,0.0062799155712127686,0.0001
-1.20876018,1669200,909,300.0,5564,0.01,1834,16291,0.012677311897277832,0.0001
-1.3281964499999999,1670400,910,300.0,5568,0.01,1835,16303,0.006081462372094393,0.0001
-1.0528593300000002,1671600,910,300.0,5572,0.01,1836,16315,0.009412651881575584,0.0001
-1.4891804100000001,1672800,910,300.0,5576,0.01,1837,16327,0.009728027507662773,0.0001
-1.7044375499999997,1674000,910,300.0,5580,0.01,1838,16339,0.00607533473521471,0.0001
-1.5529363999999999,1675200,910,300.0,5584,0.01,1839,16351,0.014918467029929161,0.0001
-1.2271569399999998,1676400,911,300.0,5588,0.01,1840,16363,0.007395138964056969,0.0001
-0.8873908599999999,1677600,911,300.0,5592,0.01,1840,16375,0.004302337300032377,0.0001
-0.88610771,1678800,911,300.0,5596,0.01,1841,16387,0.03374743461608887,0.0001
-0.8060259699999999,1680000,911,300.0,5600,0.01,1842,16399,0.017233163118362427,0.0001
-0.7787534,1681200,912,300.0,5604,0.01,1843,16411,0.008674356155097485,0.0001
-0.5105844000000002,1682400,912,300.0,5608,0.01,1844,16423,0.006012162193655968,0.0001
-0.38938297000000005,1683600,912,300.0,5612,0.01,1845,16435,0.005370956379920244,0.0001
-0.3398048900000002,1684800,912,300.0,5616,0.01,1846,16447,0.006035769358277321,0.0001
-0.3209700400000001,1686000,912,300.0,5620,0.01,1847,16459,0.005959995556622744,0.0001
-0.10606738000000018,1687200,912,300.0,5624,0.01,1848,16471,0.018463637679815292,0.0001
0.18491374999999985,1688400,913,300.0,5628,0.01,1849,16483,0.016407977789640427,0.0001
0.06863935999999991,1689600,913,300.0,5632,0.01,1849,16495,0.006430384702980518,0.0001
0.1746885399999999,1690800,913,300.0,5636,0.01,1850,16507,0.005601214244961739,0.0001
0.06171295999999984,1692000,913,300.0,5640,0.01,1851,16519,0.02391580492258072,0.0001
0.16430719999999976,1693200,914,300.0,5644,0.01,1852,16531,0.00613956805318594,0.0001
0.7665490199999998,1694400,914,300.0,5648,0.01,1853,16543,0.005159231834113598,0.0001
0.27329768999999987,1695600,914,300.0,5652,0.01,1853,16555,0.007243297062814236,0.0001
-0.20707731000000018,1696800,914,300.0,5656,0.01,1854,16567,0.010467174462974072,0.0001
0.5031573799999998,1698000,915,300.0,5660,0.01,1855,16579,0.004240457899868488,0.0001
1.47539804,1699200,915,300.0,5664,0.01,1856,16591,0.004061013925820589,0.0001
1.9594768799999998,1700400,886,300.0,5668,0.01,1917,16603,0.005688276141881943,0.0001
1.9475764999999998,1701600,887,300.0,5672,0.01,1918,16615,0.009299924597144127,0.0001
2.2624919799999996,1702800,887,300.0,5676,0.01,1919,16627,0.00479719415307045,0.0001
2.78112818,1704000,887,300.0,5680,0.01,1919,16639,0.010437597520649433,0.0001
2.23053374,1705200,887,300.0,5684,0.01,1920,16651,0.0078046079725027084,0.0001
1.88564718,1706400,888,300.0,5688,0.01,1921,16663,0.006720330566167831,0.0001
1.32821093,1707600,888,300.0,5692,0.01,1922,16675,0.00786149688065052,0.0001
0.9832393499999997,1708800,888,300.0,5696,0.01,1922,16687,0.006501780357211828,0.0001
0.9183569699999998,1710000,888,300.0,5700,0.01,1923,16699,0.004590599797666073,0.0001
0.5644248199999998,1711200,889,300.0,5704,0.01,1924,16711,0.005405460949987173,0.0001
0.17897248999999996,1712400,889,300.0,5708,0.01,1925,16723,0.010725447908043861,0.0001
0.2838632399999999,1713600,889,300.0,5712,0.01,1925,16735,0.004763945005834103,0.0001
0.10995337999999984,1714800,889,300.0,5716,0.01,1926,16747,0.00744900107383728,0.0001
0.2641900099999999,1716000,890,300.0,5720,0.01,1927,16759,0.006167612038552761,0.0001
-0.030234279999999884,1717200,890,300.0,5724,0.01,1928,16771,0.0042840540409088135,0.0001
-0.28429138999999987,1718400,890,300.0,5728,0.01,1929,16783,0.006235242821276188,0.0001
-0.5002525200000001,1719600,890,300.0,5732,0.01,1930,16795,0.008185693994164467,0.0001
-0.6998199700000001,1720800,891,300.0,5736,0.01,1931,16807,0.0052734059281647205,0.0001
-0.46975803000000016,1722000,891,300.0,5740,0.01,1931,16819,0.007396637462079525,0.0001
-0.7297529700000002,1723200,891,300.0,5744,0.01,1932,16831,0.00718972273170948,0.0001
-1.0998290500000003,1724400,891,300.0,5748,0.01,1933,16843,0.006772308144718409,0.0001
-0.8406862900000001,1725600,892,300.0,5752,0.01,1934,16855,0.0085603017359972,0.0001
-0.19544545999999946,1726800,892,300.0,5756,0.01,1934,16867,0.012149649672210217,0.0001
-0.5407390299999995,1728000,892,300.0,5760,0.01,1935,16879,0.00673074321821332,0.0001
-1.1264558499999995,1729200,893,300.0,5764,0.01,1936,16891,0.007559202611446381,0.0001
-1.5321632799999998,1730400,893,300.0,5768,0.01,1937,16903,0.011763084679841995,0.0001
-1.7376593399999996,1731600,893,300.0,5772,0.01,1938,16915,0.011148456484079361,0.0001
-1.7848630899999998,1732800,893,300.0,5776,0.01,1939,16927,0.008730030618607998,0.0001
-2.03400184,1734000,893,300.0,5780,0.01,1939,16939,0.0072701070457696915,0.0001
-1.7072948599999995,1735200,894,300.0,5784,0.01,1940,16951,0.0037809971254318953,0.0001
-1.1120446199999998,1736400,894,300.0,5788,0.01,1941,16963,0.005893185269087553,0.0001
-0.6880744299999997,1737600,894,300.0,5792,0.01,1942,16975,0.005047220271080732,0.0001
-0.5472701399999998,1738800,894,300.0,5796,0.01,1943,16987,0.012236269190907478,0.0001
0.038234230000000174,1740000,894,300.0,5800,0.01,1944,16999,0.01262069121003151,0.0001
0.08434375000000038,1741200,895,300.0,5804,0.01,1945,17011,0.006097446661442518,0.0001
0.46015367000000024,1742400,895,300.0,5808,0.01,1945,17023,0.005927920341491699,0.0001
0.053901929999999855,1743600,895,300.0,5812,0.01,1947,17035,0.015649084001779556,0.0001
-0.33730892999999995,1744800,895,300.0,5816,0.01,1948,17047,0.0062858471646904945,0.0001
-0.41569598999999985,1746000,895,300.0,5820,0.01,1949,17059,0.008974090218544006,0.0001
-0.07729117999999996,1747200,896,300.0,5824,0.01,1949,17071,0.007725123781710863,0.0001
-0.25235574999999993,1748400,896,300.0,5828,0.01,1950,17083,0.011764653027057648,0.0001
0.12736594000000007,1749600,896,300.0,5832,0.01,1951,17095,0.012193647213280201,0.0001
0.00978578000000018,1750800,896,300.0,5836,0.01,1952,17107,0.005219034850597382,0.0001
-0.13767596999999993,1752000,896,300.0,5840,0.01,1953,17119,0.004407139495015144,0.0001
-0.13857906000000014,1753200,897,300.0,5844,0.01,1954,17131,0.0068842340260744095,0.0001
0.24815660999999994,1754400,897,300.0,5848,0.01,1954,17143,0.008388417772948742,0.0001
-0.04286448999999994,1755600,897,300.0,5852,0.01,1955,17155,0.007736827712506056,0.0001
-0.50300745,1756800,897,300.0,5856,0.01,1956,17167,0.011269297450780869,0.0001
-0.9117884599999999,1758000,897,300.0,5860,0.01,1958,17179,0.005129644647240639,0.0001
-0.5609140300000002,1759200,897,300.0,5864,0.01,1959,17191,0.008033432066440582,0.0001
-0.3939954200000001,1760400,898,300.0,5868,0.01,1960,17203,0.007358991075307131,0.0001
-0.8461383499999999,1761600,898,300.0,5872,0.01,1961,17215,0.006726385094225407,0.0001
-0.9056177500000002,1762800,898,300.0,5876,0.01,1962,17227,0.0033012405037879944,0.0001
-1.0848470099999998,1764000,898,300.0,5880,0.01,1962,17239,0.008157848380506039,0.0001
-1.3959335899999998,1765200,898,300.0,5884,0.01,1963,17251,0.007090737111866474,0.0001
-1.79837099,1766400,899,300.0,5888,0.01,1964,17263,0.007727841380983591,0.0001
-1.42125333,1767600,899,300.0,5892,0.01,1965,17275,0.006194697227329016,0.0001
-1.201598,1768800,899,300.0,5896,0.01,1966,17287,0.0037634968757629395,0.0001
-0.9848306099999998,1770000,899,300.0,5900,0.01,1967,17299,0.007086323574185371,0.0001
-0.7147080699999998,1771200,899,300.0,5904,0.01,1968,17311,0.005243455059826374,0.0001
-0.9564226300000002,1772400,899,300.0,5908,0.01,1969,17323,0.009970231913030148,0.0001
-1.42051647,1773600,900,300.0,5912,0.01,1970,17335,0.00605932017788291,0.0001
-0.9886609999999999,1774800,900,300.0,5916,0.01,1971,17347,0.006264759227633476,0.0001
-0.8205899000000001,1776000,900,300.0,5920,0.01,1972,17359,0.004896993283182383,0.0001
-0.9251070200000001,1777200,900,300.0,5924,0.01,1973,17371,0.004007974173873663,0.0001
-1.0311229700000002,1778400,900,300.0,5928,0.01,1974,17383,0.007620017509907484,0.0001
-1.3738882400000003,1779600,901,300.0,5932,0.01,1974,17395,0.005861877929419279,0.0001
-1.2894011000000005,1780800,901,300.0,5936,0.01,1975,17407,0.016260433942079544,0.0001
-0.8972364100000004,1782000,901,300.0,5940,0.01,1976,17419,0.005551979411393404,0.0001
-0.8649108500000005,1783200,901,300.0,5944,0.01,1977,17431,0.005038723349571228,0.0001
-0.6038104199999996,1784400,902,300.0,5948,0.01,1978,17443,0.007240308448672295,0.0001
-0.6832995099999997,1785600,902,300.0,5952,0.01,1978,17455,0.009609758853912354,0.0001
-0.5769824400000005,1786800,902,300.0,5956,0.01,1979,17467,0.01565270498394966,0.0001
-0.18272929000000063,1788000,902,300.0,5960,0.01,1980,17479,0.007912689819931984,0.0001
-0.8344628600000005,1789200,902,300.0,5964,0.01,1981,17491,0.04203100502490997,0.0001
-1.3590902300000003,1790400,903,300.0,5968,0.01,1982,17503,0.007940344512462616,0.0001
-1.27983409,1791600,903,300.0,5972,0.01,1983,17515,0.014874829910695553,0.0001
-1.5368515999999999,1792800,903,300.0,5976,0.01,1983,17527,0.006704085506498814,0.0001
-1.2901524999999998,1794000,903,300.0,5980,0.01,1984,17539,0.005765723530203104,0.0001
-1.0778347699999997,1795200,904,300.0,5984,0.01,1985,17551,0.019853487610816956,0.0001
-0.8362922099999998,1796400,904,300.0,5988,0.01,1986,17563,0.00590572040528059,0.0001
-1.7527905799999997,1797600,904,300.0,5992,0.01,1986,17575,0.009010711684823036,0.0001
-1.55628196,1798800,904,300.0,5996,0.01,1987,17587,0.006699839141219854,0.0001
-2.5023184400000003,1800000,877,300.0,6000,0.01,2050,17599,0.0057615553960204124,0.0001
-2.784296720000001,1801200,878,300.0,6004,0.01,2051,17611,0.022543173283338547,0.0001
-2.6934378800000003,1802400,878,300.0,6008,0.01,2051,17623,0.006602236069738865,0.0001
-2.48537156,1803600,878,300.0,6012,0.01,2052,17635,0.014303728938102722,0.0001
-2.34308933,1804800,878,300.0,6016,0.01,2053,17647,0.009073859080672264,0.0001
-1.8569268100000003,1806000,879,300.0,6020,0.01,2054,17659,0.0075990138575434685,0.0001
-2.1377498000000004,1807200,879,300.0,6024,0.01,2054,17671,0.005902605131268501,0.0001
-1.5411886800000003,1808400,879,300.0,6028,0.01,2055,17683,0.010751958936452866,0.0001
-1.34799514,1809600,879,300.0,6032,0.01,2056,17695,0.00859125517308712,0.0001
-0.99138321,1810800,880,300.0,6036,0.01,2057,17707,0.009127998724579811,0.0001
-1.09261762,1812000,880,300.0,6040,0.01,2058,17719,0.006023754831403494,0.0001
-0.8314800699999999,1813200,880,300.0,6044,0.01,2059,17731,0.008912318386137486,0.0001
-1.37832602,1814400,880,300.0,6048,0.01,2060,17743,0.0072820158675313,0.0001
-1.4034058600000001,1815600,880,300.0,6052,0.01,2060,17755,0.005357534158974886,0.0001
-1.4865708299999998,1816800,881,300.0,6056,0.01,2061,17767,0.005011311732232571,0.0001
-1.5071439500000006,1818000,881,300.0,6060,0.01,2062,17779,0.004628811031579971,0.0001
-1.2589192700000005,1819200,881,300.0,6064,0.01,2063,17791,0.006676121614873409,0.0001
-0.8465354500000001,1820400,881,300.0,6068,0.01,2064,17803,0.012324711307883263,0.0001
-1.17920593,1821600,882,300.0,6072,0.01,2065,17815,0.010528994724154472,0.0001
-0.6872093300000001,1822800,882,300.0,6076,0.01,2065,17827,0.005942420102655888,0.0001
-0.5239495400000002,1824000,882,300.0,6080,0.01,2066,17839,0.009522296488285065,0.0001
-0.6979486999999999,1825200,882,300.0,6084,0.01,2067,17851,0.007488268427550793,0.0001
-0.88024598,1826400,883,300.0,6088,0.01,2068,17863,0.00973929837346077,0.0001
-0.37498142,1827600,883,300.0,6092,0.01,2068,17875,0.005125551018863916,0.0001
-0.67149514,1828800,883,300.0,6096,0.01,2069,17887,0.005636168643832207,0.0001
-0.5655657399999999,1830000,883,300.0,6100,0.01,2070,17899,0.009958608075976372,0.0001
-0.5467733799999999,1831200,884,300.0,6104,0.01,2071,17911,0.0039405119605362415,0.0001
-0.9549355299999998,1832400,884,300.0,6108,0.01,2072,17923,0.006716658361256123,0.0001
-0.74411953,1833600,884,300.0,6112,0.01,2072,17935,0.011661356315016747,0.0001
-0.48942693999999975,1834800,884,300.0,6116,0.01,2073,17947,0.01822712831199169,0.0001
-1.0353222099999997,1836000,885,300.0,6120,0.01,2074,17959,0.007272233720868826,0.0001
-1.1960243,1837200,885,300.0,6124,0.01,2075,17971,0.004954041447490454,0.0001
-1.1045657499999997,1838400,885,300.0,6128,0.01,2076,17983,0.0261598601937294,0.0001
-1.24985997,1839600,885,300.0,6132,0.01,2077,17995,0.010386866517364979,0.0001
-1.0766024199999997,1840800,885,300.0,6136,0.01,2078,18007,0.007664582692086697,0.0001
-1.46882119,1842000,886,300.0,6140,0.01,2078,18019,0.005185697227716446,0.0001
-1.5845403800000002,1843200,886,300.0,6144,0.01,2079,18031,0.06395368278026581,0.0001
-1.4211175799999998,1844400,886,300.0,6148,0.01,2080,18043,0.005635877605527639,0.0001
-0.9688640899999998,1845600,886,300.0,6152,0.01,2082,18055,0.022376663982868195,0.0001
-0.6680873499999999,1846800,886,300.0,6156,0.01,2082,18067,0.008907778188586235,0.0001
-0.5422099700000002,1848000,886,300.0,6160,0.01,2083,18079,0.010970162227749825,0.0001
-0.3584649199999999,1849200,887,300.0,6164,0.01,2084,18091,0.008582447655498981,0.0001
-0.34936639999999985,1850400,887,300.0,6168,0.01,2085,18103,0.005367747973650694,0.0001
-0.2636837199999999,1851600,887,300.0,6172,0.01,2086,18115,0.011659031733870506,0.0001
-0.1400428199999999,1852800,887,300.0,6176,0.01,2087,18127,0.016154207289218903,0.0001
0.15606511000000012,1854000,887,300.0,6180,0.01,2088,18139,0.00971378292888403,0.0001
0.6406650700000002,1855200,887,300.0,6184,0.01,2089,18151,0.0049566468223929405,0.0001
0.6339330400000003,1856400,888,300.0,6188,0.01,2090,18163,0.0077550532296299934,0.0001
0.33083462000000013,1857600,888,300.0,6192,0.01,2091,18175,0.0062224650755524635,0.0001
0.18827021000000002,1858800,888,300.0,6196,0.01,2092,18187,0.006064951419830322,0.0001
0.8871390800000002,1860000,888,300.0,6200,0.01,2093,18199,0.011208608746528625,0.0001
1.37459479,1861200,888,300.0,6204,0.01,2093,18211,0.009195319376885891,0.0001
1.86880595,1862400,889,300.0,6208,0.01,2094,18223,0.02484336867928505,0.0001
2.0912056100000003,1863600,889,300.0,6212,0.01,2095,18235,0.005793887190520763,0.0001
1.68370731,1864800,889,300.0,6216,0.01,2096,18247,0.004765734076499939,0.0001
1.59879424,1866000,889,300.0,6220,0.01,2097,18259,0.007504462264478207,0.0001
1.97663373,1867200,889,300.0,6224,0.01,2098,18271,0.005789292976260185,0.0001
1.4652811200000002,1868400,890,300.0,6228,0.01,2098,18283,0.006190149113535881,0.0001
1.8524020800000003,1869600,890,300.0,6232,0.01,2099,18295,0.032607302069664,0.0001
1.30210607,1870800,890,300.0,6236,0.01,2100,18307,0.004977452103048563,0.0001
1.20174972,1872000,890,300.0,6240,0.01,2101,18319,0.00587055180221796,0.0001
0.71243278,1873200,891,300.0,6244,0.01,2101,18331,0.006937108002603054,0.0001
0.8384737100000001,1874400,891,300.0,6248,0.01,2102,18343,0.005503307096660137,0.0001
0.6384549700000002,1875600,891,300.0,6252,0.01,2103,18355,0.008826504461467266,0.0001
0.09226884000000025,1876800,892,300.0,6256,0.01,2103,18367,0.021428247913718224,0.0001
-0.2826204899999998,1878000,892,300.0,6260,0.01,2104,18379,0.0034942547790706158,0.0001
-0.2260854599999999,1879200,892,300.0,6264,0.01,2105,18391,0.007853415794670582,0.0001
-0.4620130700000001,1880400,892,300.0,6268,0.01,2106,18403,0.009624545462429523,0.0001
-0.21905381999999982,1881600,893,300.0,6272,0.01,2107,18415,0.00822367612272501,0.0001
-0.40584013999999974,1882800,893,300.0,6276,0.01,2107,18427,0.024853356182575226,0.0001
-0.53951015,1884000,893,300.0,6280,0.01,2108,18439,0.00534016452729702,0.0001
-0.77662641,1885200,893,300.0,6284,0.01,2109,18451,0.0047674039378762245,0.0001
-1.0109829699999997,1886400,893,300.0,6288,0.01,2110,18463,0.00750719802454114,0.0001
-0.2911133199999998,1887600,894,300.0,6292,0.01,2111,18475,0.0060502272099256516,0.0001
-0.32352458999999995,1888800,894,300.0,6296,0.01,2111,18487,0.006584740709513426,0.0001
-0.90036777,1890000,894,300.0,6300,0.01,2112,18499,0.00736734364181757,0.0001
-1.6409267399999996,1891200,894,300.0,6304,0.01,2113,18511,0.010336039587855339,0.0001
-1.7452801500000001,1892400,894,300.0,6308,0.01,2114,18523,0.006886503659188747,0.0001
-2.10021784,1893600,895,300.0,6312,0.01,2115,18535,0.00575720239430666,0.0001
-1.87441408,1894800,895,300.0,6316,0.01,2116,18547,0.021769260987639427,0.0001
-1.6050172699999996,1896000,895,300.0,6320,0.01,2116,18559,0.005330206826329231,0.0001
-1.78589618,1897200,895,300.0,6324,0.01,2118,18571,0.006474894471466541,0.0001
-1.66554277,1898400,895,300.0,6328,0.01,2119,18583,0.011429309844970703,0.0001
-1.97129878,1899600,896,300.0,6332,0.01,2119,18595,0.012032712809741497,0.0001
-1.4514917799999996,1900800,871,300.0,6336,0.01,2182,18607,0.016576619818806648,0.0001
-1.20930261,1902000,871,300.0,6340,0.01,2182,18619,0.005767811089754105,0.0001
-0.8828295999999999,1903200,871,300.0,6344,0.01,2183,18631,0.01944946125149727,0.0001
-1.23309258,1904400,871,300.0,6348,0.01,2184,18643,0.007671490777283907,0.0001
-0.9242343799999999,1905600,871,300.0,6352,0.01,2185,18655,0.009887701831758022,0.0001
-1.0058508499999996,1906800,872,300.0,6356,0.01,2186,18667,0.00905196089297533,0.0001
-0.9801567899999998,1908000,872,300.0,6360,0.01,2187,18679,0.007901464588940144,0.0001
-1.00060921,1909200,872,300.0,6364,0.01,2187,18691,0.011720135807991028,0.0001
-0.7480224999999997,1910400,872,300.0,6368,0.01,2188,18703,0.005876239389181137,0.0001
-0.8297118,1911600,873,300.0,6372,0.01,2189,18715,0.006409256719052792,0.0001
-1.03095132,1912800,873,300.0,6376,0.01,2190,18727,0.012227443978190422,0.0001
-1.6939885099999998,1914000,873,300.0,6380,0.01,2191,18739,0.008495980873703957,0.0001
-1.87983482,1915200,873,300.0,6384,0.01,2191,18751,0.008555280044674873,0.0001
-1.6780371599999997,1916400,874,300.0,6388,0.01,2192,18763,0.010698925703763962,0.0001
-2.45735347,1917600,874,300.0,6392,0.01,2193,18775,0.012078999541699886,0.0001
-2.21288417,1918800,874,300.0,6396,0.01,2194,18787,0.009331411682069302,0.0001
-1.9969541300000002,1920000,874,300.0,6400,0.01,2194,18799,0.027544688433408737,0.0001
-1.52301882,1921200,874,300.0,6404,0.01,2195,18811,0.006459302734583616,0.0001
-1.7815416199999998,1922400,875,300.0,6408,0.01,2196,18823,0.02118796668946743,0.0001
-1.7349781499999997,1923600,875,300.0,6412,0.01,2197,18835,0.010358842089772224,0.0001
-2.07349076,1924800,875,300.0,6416,0.01,2198,18847,0.016938466578722,0.0001
-2.24102967,1926000,875,300.0,6420,0.01,2199,18859,0.00863326620310545,0.0001
-1.9633829100000002,1927200,875,300.0,6424,0.01,2200,18871,0.0134271290153265,0.0001
-1.6654346400000002,1928400,876,300.0,6428,0.01,2201,18883,0.006832936778664589,0.0001
-1.35548237,1929600,876,300.0,6432,0.01,2201,18895,0.02662227861583233,0.0001
-1.8668228500000001,1930800,876,300.0,6436,0.01,2202,18907,0.0057081663981080055,0.0001
-1.6499498700000002,1932000,876,300.0,6440,0.01,2203,18919,0.009388678707182407,0.0001
-1.8793737500000003,1933200,877,300.0,6444,0.01,2204,18931,0.014106894843280315,0.0001
-1.7668680400000003,1934400,877,300.0,6448,0.01,2205,18943,0.011325501836836338,0.0001
-1.7361665900000003,1935600,877,300.0,6452,0.01,2205,18955,0.019123567268252373,0.0001
-1.1768298099999996,1936800,877,300.0,6456,0.01,2207,18967,0.00571476761251688,0.0001
-0.86537269,1938000,877,300.0,6460,0.01,2208,18979,0.005978479981422424,0.0001
-1.0131152100000003,1939200,877,300.0,6464,0.01,2208,18991,0.005898962263017893,0.0001
-1.17441857,1940400,878,300.0,6468,0.01,2209,19003,0.008405977860093117,0.0001
-0.96195036,1941600,878,300.0,6472,0.01,2210,19015,0.010032023303210735,0.0001
-0.8716131900000001,1942800,878,300.0,6476,0.01,2211,19027,0.009967205114662647,0.0001
-0.2616157600000004,1944000,878,300.0,6480,0.01,2212,19039,0.007649550214409828,0.0001
-0.05582909000000029,1945200,878,300.0,6484,0.01,2213,19051,0.006906742695719004,0.0001
-0.09616849000000012,1946400,879,300.0,6488,0.01,2213,19063,0.011235433630645275,0.0001
0.4107292299999999,1947600,879,300.0,6492,0.01,2214,19075,0.013118745759129524,0.0001
0.1138103599999998,1948800,879,300.0,6496,0.01,2215,19087,0.005476848222315311,0.0001
0.13157187999999975,1950000,879,300.0,6500,0.01,2216,19099,0.011129811406135559,0.0001
-0.25891743999999994,1951200,879,300.0,6504,0.01,2217,19111,0.018070612102746964,0.0001
-0.12072881999999982,1952400,880,300.0,6508,0.01,2218,19123,0.00383852724917233,0.0001
-0.36378868999999997,1953600,880,300.0,6512,0.01,2218,19135,0.006036500912159681,0.0001
-0.4176835800000002,1954800,880,300.0,6516,0.01,2219,19147,0.023823192343115807,0.0001
-0.32975258000000024,1956000,880,300.0,6520,0.01,2220,19159,0.052602849900722504,0.0001
-0.5343266000000003,1957200,881,300.0,6524,0.01,2221,19171,0.008407315239310265,0.0001
-0.9122849800000005,1958400,881,300.0,6528,0.01,2221,19183,0.009278666228055954,0.0001
-1.4200153800000002,1959600,881,300.0,6532,0.01,2222,19195,0.008332203142344952,0.0001
-1.38011525,1960800,881,300.0,6536,0.01,2223,19207,0.00504169100895524,0.0001
-2.07817883,1962000,882,300.0,6540,0.01,2224,19219,0.008420705795288086,0.0001
-1.6634595700000006,1963200,882,300.0,6544,0.01,2224,19231,0.019474856555461884,0.0001
-1.4032596500000003,1964400,882,300.0,6548,0.01,2225,19243,0.007141325622797012,0.0001
-1.2300654300000005,1965600,882,300.0,6552,0.01,2226,19255,0.01998334936797619,0.0001
-1.3852164999999996,1966800,882,300.0,6556,0.01,2227,19267,0.01407692488282919,0.0001
-1.2647832899999998,1968000,883,300.0,6560,0.01,2228,19279,0.01052170805633068,0.0001
-1.1833047800000003,1969200,883,300.0,6564,0.01,2229,19291,0.013796398416161537,0.0001
-0.6495639500000004,1970400,883,300.0,6568,0.01,2229,19303,0.0047020865604281425,0.0001
-0.6704663900000003,1971600,883,300.0,6572,0.01,2230,19315,0.014673457480967045,0.0001
-0.7739739700000001,1972800,884,300.0,6576,0.01,2231,19327,0.006007595919072628,0.0001
-0.8195947600000002,1974000,884,300.0,6580,0.01,2232,19339,0.0058536590076982975,0.0001
-1.5222821900000003,1975200,884,300.0,6584,0.01,2233,19351,0.0045572128146886826,0.0001
-2.17700255,1976400,884,300.0,6588,0.01,2233,19363,0.004167458508163691,0.0001
-2.3008108800000002,1977600,885,300.0,6592,0.01,2234,19375,0.009603198617696762,0.0001
-1.40127232,1978800,885,300.0,6596,0.01,2235,19387,0.010296784341335297,0.0001
-1.6964807000000002,1980000,885,300.0,6600,0.01,2236,19399,0.025807589292526245,0.0001
-1.11271317,1981200,885,300.0,6604,0.01,2236,19411,0.027978461235761642,0.0001
-1.10993962,1982400,885,300.0,6608,0.01,2238,19423,0.007518255151808262,0.0001
-1.26238537,1983600,885,300.0,6612,0.01,2239,19435,0.005877815652638674,0.0001
-1.3407361200000003,1984800,886,300.0,6616,0.01,2239,19447,0.007969512604176998,0.0001
-1.3958444500000002,1986000,886,300.0,6620,0.01,2240,19459,0.008885696530342102,0.0001
-1.1339745700000001,1987200,886,300.0,6624,0.01,2241,19471,0.008215619251132011,0.0001
-1.3411207000000005,1988400,886,300.0,6628,0.01,2242,19483,0.0097849415615201,0.0001
-0.9112342500000002,1989600,886,300.0,6632,0.01,2243,19495,0.010115932673215866,0.0001
-0.5276572399999999,1990800,887,300.0,6636,0.01,2244,19507,0.00838151853531599,0.0001
-0.22335361999999992,1992000,887,300.0,6640,0.01,2244,19519,0.007046819198876619,0.0001
-0.2656984299999998,1993200,887,300.0,6644,0.01,2245,19531,0.007235569879412651,0.0001
-0.95188175,1994400,887,300.0,6648,0.01,2246,19543,0.005426513962447643,0.0001
-1.14694889,1995600,887,300.0,6652,0.01,2247,19555,0.005420822184532881,0.0001
-1.3329436799999999,1996800,888,300.0,6656,0.01,2248,19567,0.01017629262059927,0.0001
-1.0869316399999998,1998000,888,300.0,6660,0.01,2248,19579,0.009502553381025791,0.0001
-1.51007675,1999200,888,300.0,6664,0.01,2249,19591,0.011681711301207542,0.0001
