rollout/ep_len_mean,rollout/ep_rew_mean,time/iterations,time/fps,time/total_timesteps,time/time_elapsed,train/learning_rate,train/n_updates,train/entropy_loss,train/clip_fraction,train/approx_kl,train/loss,train/value_loss,train/explained_variance,train/clip_range,train/policy_gradient_loss
300.0,-1.5198785,1,221,2048,9,,,,,,,,,,
300.0,-1.5274755384615384,2,325,4096,12,0.0003,10,-1.9360810659825802,0.090966796875,0.011243001,0.03421443700790405,0.11203864053823054,-3.0851120948791504,0.2,-0.011736672118422576
300.0,-0.9913032999999999,3,375,6144,16,0.0003,20,-1.9167987201362848,0.08876953125,0.00758091,-0.01866118609905243,0.04865342687116936,-0.31085002422332764,0.2,-0.01662205608736258
300.0,0.17982781481481477,4,431,8192,19,0.0003,30,-1.9197824608534575,0.090234375,0.008266611,0.00110548734664917,0.10264636981301009,-0.0852285623550415,0.2,-0.016980628931196406
300.0,0.07509800000000003,5,478,10240,21,0.0003,40,-1.910443351045251,0.078955078125,0.008900354,0.002178370952606201,0.06372755956253968,-0.008146405220031738,0.2,-0.01820007220376283
300.0,0.36000742499999994,6,497,12288,24,0.0003,50,-1.892351807281375,0.080419921875,0.008555934,-0.0370572991669178,0.06536661204881966,-0.0238950252532959,0.2,-0.019590024786884895
300.0,0.03703406382978721,7,527,14336,27,0.0003,60,-1.876840079203248,0.08408203125,0.009833041,-0.03814318776130676,0.05275449670734815,-0.05132317543029785,0.2,-0.020052692317403854
300.0,-0.16406087037037043,8,543,16384,30,0.0003,70,-1.8579759757965804,0.09404296875,0.010447364,-0.03282703086733818,0.053096921899123115,-0.00020885467529296875,0.2,-0.02253578968520742
300.0,0.005654540983606532,9,566,18432,32,0.0003,80,-1.8584248784929513,0.111572265625,0.0111511815,-0.04858603700995445,0.029995291258092038,-0.023978233337402344,0.2,-0.02384532633150229
300.0,0.0681121764705882,10,574,20480,35,0.0003,90,-1.851378282532096,0.124169921875,0.010637885,-0.03513362631201744,0.03882270842441358,0.031796276569366455,0.2,-0.026375390324392355
300.0,0.03664942666666662,11,584,22528,38,0.0003,100,-1.8409376367926598,0.082666015625,0.008495786,-0.04518579691648483,0.0434963412291836,0.08222460746765137,0.2,-0.022567835132940674
300.0,-0.05937158024691363,12,604,24576,40,0.0003,110,-1.8289699748158454,0.110546875,0.010127063,-0.03992839157581329,0.04196728261304088,-0.035681962966918945,0.2,-0.026368214681860992
300.0,-0.05865737500000004,13,621,26624,42,0.0003,120,-1.816552558168769,0.08330078125,0.007651146,-0.045104995369911194,0.05401288322755136,-0.05095255374908447,0.2,-0.020226600753085223
300.0,-0.22185865263157897,14,631,28672,45,0.0003,130,-1.8008891947567462,0.119775390625,0.011255395,-0.036571260541677475,0.03558673736988567,-0.11609220504760742,0.2,-0.02809612893033773
300.0,-0.10853542000000006,15,643,30720,47,0.0003,140,-1.784779665246606,0.115966796875,0.010496045,-0.03694794327020645,0.05267325409222394,-0.022678256034851074,0.2,-0.025850969152816105
300.0,-0.005844600000000037,16,654,32768,50,0.0003,150,-1.7535137102007865,0.108544921875,0.012335462,-0.05439089983701706,0.024078900989843534,-0.1165992021560669,0.2,-0.02653388442704454
300.0,0.16896983,17,667,34816,52,0.0003,160,-1.7371440269052982,0.133203125,0.010978264,-0.01876109652221203,0.044472496351227166,0.012678682804107666,0.2,-0.025069293803244363
300.0,0.18275812999999996,18,672,36864,54,0.0003,170,-1.7306369844824077,0.15068359375,0.012681253,-0.047761864960193634,0.043158095690887424,-0.003937721252441406,0.2,-0.028506661581923255
300.0,-0.005972130000000031,19,682,38912,56,0.0003,180,-1.7239294294267893,0.123681640625,0.011709888,-0.03758242726325989,0.06134563973173499,0.021465003490447998,0.2,-0.028216123224410694
300.0,0.011409190000000038,20,692,40960,59,0.0003,190,-1.7151165008544922,0.1248046875,0.012261962,-0.02460472285747528,0.02815121929743327,0.06535929441452026,0.2,-0.030533646763069557
300.0,0.10436543000000001,21,701,43008,61,0.0003,200,-1.7126083981245757,0.114794921875,0.011348288,-0.05523740500211716,0.030065654759528115,0.05979639291763306,0.2,-0.029124213155591862
300.0,0.19290563,22,704,45056,63,0.0003,210,-1.6839321132749319,0.1248046875,0.012526525,-0.021585620939731598,0.1223762535257265,0.027309417724609375,0.2,-0.030161492852494122
300.0,0.32263764999999994,23,709,47104,66,0.0003,220,-1.6847315415740014,0.120556640625,0.012397043,-0.024273168295621872,0.05383202215889469,-0.04554402828216553,0.2,-0.029703136076568624
300.0,0.14336601999999993,24,705,49152,69,0.0003,230,-1.6609459713101387,0.143310546875,0.012951949,-0.04263295233249664,0.08110373213421554,0.03997546434402466,0.2,-0.032595877873245624
300.0,-0.02551570000000008,25,712,51200,71,0.0003,240,-1.6416745409369469,0.1369140625,0.012463966,-0.05042430758476257,0.022709144503460267,-0.00860595703125,0.2,-0.031047010023030452
300.0,0.09243505999999996,26,716,53248,74,0.0003,250,-1.6270838133990764,0.14892578125,0.013381262,-0.057432983070611954,0.025910591601859777,-0.18556559085845947,0.2,-0.03215327535144752
300.0,-0.05154403000000005,27,722,55296,76,0.0003,260,-1.6095772486180067,0.160400390625,0.014739276,-0.04195082560181618,0.05754605545080267,0.035176873207092285,0.2,-0.035268121492117645
300.0,-0.14614082,28,729,57344,78,0.0003,270,-1.5966252446174622,0.1529296875,0.01427416,-0.06988812983036041,0.03340154264587909,0.17311173677444458,0.2,-0.03431218927871669
300.0,-0.06155718000000006,29,734,59392,80,0.0003,280,-1.5794901434332131,0.147119140625,0.014376618,-0.05382603779435158,0.04349400001810864,0.2706531882286072,0.2,-0.0329089234379353
300.0,-0.03364026000000003,30,736,61440,83,0.0003,290,-1.5938369572162627,0.146337890625,0.013203505,-0.025380048900842667,0.057482718920800834,0.15880662202835083,0.2,-0.03191047764266841
300.0,-0.028652709999999974,31,741,63488,85,0.0003,300,-1.6043750002980233,0.17236328125,0.014485375,-0.05225517973303795,0.05358348368899897,-0.08604013919830322,0.2,-0.03699763614567928
300.0,-0.11169517999999995,32,745,65536,87,0.0003,310,-1.5899793598800898,0.159716796875,0.013857497,-0.06390270590782166,0.04421058401931077,0.03129875659942627,0.2,-0.037482858108705844
300.0,-0.08818526000000002,33,750,67584,90,0.0003,320,-1.5599090408533811,0.157373046875,0.014067956,-0.023135319352149963,0.04223394102882594,0.07079273462295532,0.2,-0.032606916362419726
300.0,-0.14945957000000004,34,754,69632,92,0.0003,330,-1.5237857613712549,0.17138671875,0.014309239,-0.04209156334400177,0.06854360457509756,0.11240333318710327,0.2,-0.03471344823774416
300.0,-0.15778049000000002,35,759,71680,94,0.0003,340,-1.509804142639041,0.144873046875,0.012927456,-0.02926693856716156,0.07519394180271774,0.07343000173568726,0.2,-0.031642111419932915
300.0,-0.32800443000000007,36,762,73728,96,0.0003,350,-1.4912072028964758,0.208056640625,0.01736863,-0.0650758147239685,0.031007362116361036,0.30222398042678833,0.2,-0.03899446688737953
300.0,-0.3533549200000001,37,765,75776,98,0.0003,360,-1.4701898280531167,0.158447265625,0.013001882,-0.049798738211393356,0.05957538776565343,0.03469043970108032,0.2,-0.030511707173718604
300.0,-0.3426545700000001,38,771,77824,100,0.0003,370,-1.4776859648525715,0.154345703125,0.015409801,-0.025022326037287712,0.027613128180382772,-0.20652401447296143,0.2,-0.03236768516944721
300.0,-0.09276132000000001,39,774,79872,103,0.0003,380,-1.4818084206432105,0.169580078125,0.015419543,-0.061640918254852295,0.02876151433447376,-0.023324251174926758,0.2,-0.034210980785428544
300.0,-0.04470042000000003,40,776,81920,105,0.0003,390,-1.4626540165394544,0.172998046875,0.016710784,-0.029762621968984604,0.05712209435296245,0.026944220066070557,0.2,-0.032788006582995875
300.0,-0.06637545999999998,41,780,83968,107,0.0003,400,-1.4398104395717382,0.16943359375,0.015691398,-0.02892102673649788,0.0510261645715218,0.0807185173034668,0.2,-0.032518569176318124
300.0,0.005569910000000003,42,782,86016,109,0.0003,410,-1.4507639944553374,0.16357421875,0.01595299,-0.06333574652671814,0.04889481220743619,-0.1464529037475586,0.2,-0.03306281022814801
300.0,0.16896363999999994,43,786,88064,111,0.0003,420,-1.4508060101419686,0.169677734375,0.015442123,-0.06688021868467331,0.024381639109924434,-0.10736465454101562,0.2,-0.034449205227429044
300.0,0.09414773999999998,44,786,90112,114,0.0003,430,-1.4636405922472477,0.154736328125,0.014410583,-0.031424567103385925,0.044036976195639,0.02672135829925537,0.2,-0.03166099976224359
300.0,0.13348486999999998,45,789,92160,116,0.0003,440,-1.4333802103996276,0.208154296875,0.01804376,-0.020127072930336,0.08326344188535587,0.087699294090271,0.2,-0.03566166237869765
300.0,0.24238124000000003,46,791,94208,119,0.0003,450,-1.425786165893078,0.15498046875,0.0148403905,-0.0508810430765152,0.04557729930966161,-0.10034644603729248,0.2,-0.03338375486200675
300.0,0.05456305000000005,47,794,96256,121,0.0003,460,-1.4384194232523442,0.179443359375,0.016845837,-0.0643722340464592,0.03369580893195234,0.10724973678588867,0.2,-0.03670660329225939
300.0,0.24962159999999997,48,795,98304,123,0.0003,470,-1.4232544027268887,0.194482421875,0.018307075,-0.01847090572118759,0.0949918475234881,0.08739238977432251,0.2,-0.0363893746456597
300.0,0.16109854999999995,49,537,100352,186,0.0003,480,-1.4025785658508538,0.191552734375,0.016334645,-0.06177687644958496,0.031955480383476245,-0.21057963371276855,0.2,-0.03400641011539847
300.0,0.19719984999999998,50,539,102400,189,0.0003,490,-1.4065597392618656,0.17099609375,0.017306844,-0.0625843033194542,0.027133467613020913,-0.038883209228515625,0.2,-0.03457405723747797
300.0,0.27925658000000003,51,543,104448,192,0.0003,500,-1.3933510456234217,0.176806640625,0.017164096,-0.04503726214170456,0.05697116244118661,0.07939416170120239,0.2,-0.03357958600099664
300.0,0.18492448,52,545,106496,195,0.0003,510,-1.3990893885493279,0.18056640625,0.016019922,-0.06196807324886322,0.035774506389861925,0.16167038679122925,0.2,-0.03181829307723092
300.0,0.15943121999999998,53,549,108544,197,0.0003,520,-1.404456216469407,0.1880859375,0.017182818,-0.06515473127365112,0.018288480874616653,0.14182615280151367,0.2,-0.03974121801002184
300.0,0.11511035000000013,54,554,110592,199,0.0003,530,-1.3945261251181365,0.17890625,0.016139762,-0.05531105399131775,0.026104113535257056,0.18363934755325317,0.2,-0.03257140510249883
300.0,0.23992889000000012,55,557,112640,201,0.0003,540,-1.3954406034201383,0.176953125,0.015503012,-0.029777225106954575,0.07869463504175656,0.11747658252716064,0.2,-0.03211830671061762
300.0,0.2488480900000001,56,560,114688,204,0.0003,550,-1.3727581020444632,0.17421875,0.017106686,-0.07710973918437958,0.035203691408969465,-0.4428107738494873,0.2,-0.03284645624371478
300.0,0.32356149,57,564,116736,206,0.0003,560,-1.3826471243053675,0.18330078125,0.018916596,-0.0415424183011055,0.04030036188196391,0.07114481925964355,0.2,-0.036076258827233684
300.0,0.14074452000000004,58,566,118784,209,0.0003,570,-1.3622008122503757,0.1515625,0.014781289,-0.013643767684698105,0.05463449060916901,0.1035647988319397,0.2,-0.03085834601952229
300.0,0.09654814000000006,59,570,120832,211,0.0003,580,-1.356606038287282,0.17607421875,0.017885016,-0.04784103482961655,0.040070102625759316,0.2503027319908142,0.2,-0.034920675918692724
300.0,0.11021464999999996,60,572,122880,214,0.0003,590,-1.3215514335781335,0.198046875,0.017129896,-0.034720540046691895,0.06767632771516219,0.0626978874206543,0.2,-0.03668130336154718
300.0,0.14313448000000004,61,572,124928,218,0.0003,600,-1.346409570798278,0.17451171875,0.016271207,-0.058022525161504745,0.06569900444010272,-0.029857635498046875,0.2,-0.03288960224017501
300.0,0.09460891000000006,62,575,126976,220,0.0003,610,-1.324043545126915,0.2072265625,0.020057455,-0.047713033854961395,0.039974588999757546,-0.006830096244812012,0.2,-0.034518765487882776
300.0,0.11496423999999998,63,576,129024,223,0.0003,620,-1.2939256954938174,0.215478515625,0.022358455,-0.05231617018580437,0.04423273914726451,-0.0652991533279419,0.2,-0.03659713143715635
300.0,0.16457921000000003,64,579,131072,226,0.0003,630,-1.2731185611337423,0.180517578125,0.017757526,-0.04044973477721214,0.053813394875032824,0.0004974007606506348,0.2,-0.03639034664665815
300.0,0.19876552000000003,65,581,133120,228,0.0003,640,-1.277987054362893,0.181005859375,0.016418725,-0.03130953758955002,0.066868523939047,0.015591084957122803,0.2,-0.034071764422697014
300.0,0.22484314000000005,66,583,135168,231,0.0003,650,-1.272823441773653,0.197802734375,0.020751849,-0.05683521181344986,0.030118116165976972,0.06874436140060425,0.2,-0.03558438196923817
300.0,0.23132936999999998,67,586,137216,234,0.0003,660,-1.3115891978144645,0.200048828125,0.019047394,-0.0556875541806221,0.036886169417994094,0.10329508781433105,0.2,-0.038657248156960124
300.0,0.16960753000000003,68,588,139264,236,0.0003,670,-1.2987120818346738,0.18759765625,0.018714633,-0.08090589940547943,0.01966542348091025,0.27013736963272095,0.2,-0.03862962903222069
300.0,-0.10011838999999999,69,591,141312,238,0.0003,680,-1.317112734541297,0.18095703125,0.0154343555,-0.05127893388271332,0.036970222485251725,0.3183533549308777,0.2,-0.03262143291794928
300.0,0.041139640000000026,70,594,143360,241,0.0003,690,-1.3066597074270248,0.170947265625,0.015793467,-0.07143121212720871,0.04046691284747794,0.3760412931442261,0.2,-0.03693703850294696
300.0,0.04191343,71,597,145408,243,0.0003,700,-1.3060673631727695,0.1986328125,0.01822424,-0.041100919246673584,0.05552725255256519,0.2023073434829712,0.2,-0.03673257886548527
300.0,0.12823942999999993,72,599,147456,246,0.0003,710,-1.305343033745885,0.182958984375,0.01739109,-0.05243402719497681,0.038957220315933225,-0.04528844356536865,0.2,-0.035035687460913324
300.0,0.08650334999999998,73,600,149504,248,0.0003,720,-1.281525757163763,0.188330078125,0.018771326,-0.03017173707485199,0.07968500552233308,0.03916889429092407,0.2,-0.03578100900776917
300.0,0.14003995,74,603,151552,251,0.0003,730,-1.2783853780478238,0.195458984375,0.016884131,-0.011566884815692902,0.09609388941898941,0.1057237982749939,0.2,-0.03483920137077803
300.0,-0.10056957999999998,75,605,153600,253,0.0003,740,-1.2504648461937904,0.190966796875,0.017231753,-0.07172473520040512,0.032922797417268154,-0.014257550239562988,0.2,-0.03628392825121409
300.0,-0.17327669,76,608,155648,255,0.0003,750,-1.2562425177544356,0.187060546875,0.018220495,-0.061777159571647644,0.05607980950153433,-0.0009291172027587891,0.2,-0.03648402715625707
300.0,-0.002550449999999953,77,610,157696,258,0.0003,760,-1.2248334921896458,0.197607421875,0.021700423,-0.028155267238616943,0.044202482374384996,-0.05840778350830078,0.2,-0.03387612362857908
300.0,0.009962689999999996,78,612,159744,260,0.0003,770,-1.2356348387897014,0.202587890625,0.01982534,-0.02182590588927269,0.06090435829246417,-0.13087666034698486,0.2,-0.03728016910754377
300.0,-0.21561853000000003,79,612,161792,264,0.0003,780,-1.2091348852962256,0.210009765625,0.02104266,-0.029473401606082916,0.03970940090948716,0.19381707906723022,0.2,-0.03977986961253919
300.0,-0.12685053999999993,80,614,163840,266,0.0003,790,-1.2241865694522858,0.20849609375,0.02292853,-0.07499770075082779,0.026960873560165056,0.133816659450531,0.2,-0.040500636750948615
300.0,-0.01824479,81,615,165888,269,0.0003,800,-1.1821821823716163,0.172412109375,0.016573958,-0.05000384896993637,0.03375061633414589,0.2578601837158203,0.2,-0.03309988364635501
300.0,0.11477244999999997,82,617,167936,271,0.0003,810,-1.2264947075396777,0.203466796875,0.021695029,-0.05171646922826767,0.06753154849866405,0.10691750049591064,0.2,-0.034405777795473116
300.0,0.09279527999999995,83,615,169984,276,0.0003,820,-1.2011793863028288,0.18681640625,0.020498015,-0.058255385607481,0.03891670710290782,0.30820411443710327,0.2,-0.036510153801646086
300.0,0.03427489000000003,84,617,172032,278,0.0003,830,-1.218172587454319,0.187109375,0.020818029,-0.04189639538526535,0.0341676585318055,-0.14807617664337158,0.2,-0.0373761891736649
300.0,-0.05989325999999997,85,619,174080,280,0.0003,840,-1.2067261788994075,0.19638671875,0.01884432,-0.008263103663921356,0.1104665593476966,-0.043225646018981934,0.2,-0.036113827483495696
300.0,0.13393779000000003,86,622,176128,283,0.0003,850,-1.206438882648945,0.206494140625,0.022588188,-0.06577974557876587,0.02185580497898627,-0.001651763916015625,0.2,-0.03934961233462673
300.0,0.20859919999999996,87,624,178176,285,0.0003,860,-1.1875743336975575,0.2056640625,0.020235393,-0.037808582186698914,0.07526456207269802,-0.015586256980895996,0.2,-0.03702409375837305
300.0,0.33369878999999997,88,626,180224,287,0.0003,870,-1.202740155160427,0.208447265625,0.020734008,-0.04550223425030708,0.08726886550430209,-0.03893601894378662,0.2,-0.033540156479284634
300.0,0.26219091999999994,89,628,182272,290,0.0003,880,-1.196448864787817,0.19736328125,0.02045849,-0.02712143212556839,0.07608485107775778,0.058777034282684326,0.2,-0.03613982180540916
300.0,0.36864708,90,630,184320,292,0.0003,890,-1.2053946249186993,0.208544921875,0.021518681,-0.05431397631764412,0.05421844110824168,-0.01367640495300293,0.2,-0.03976933158119209
300.0,0.34390859,91,631,186368,295,0.0003,900,-1.2367586463689804,0.21044921875,0.018964302,-0.07215388119220734,0.03014363778056577,-0.14137816429138184,0.2,-0.039003749637049626
300.0,0.22484270000000006,92,632,188416,297,0.0003,910,-1.2410158544778824,0.190625,0.018376471,-0.07302305102348328,0.021482883809949272,0.23822718858718872,0.2,-0.03632580992707517
300.0,0.11527520999999996,93,633,190464,300,0.0003,920,-1.2251206662505865,0.195068359375,0.0184861,-0.06558390706777573,0.07019049386726692,0.1912124752998352,0.2,-0.03867314086528495
300.0,0.30211251000000006,94,633,192512,304,0.0003,930,-1.2273195553570986,0.2083984375,0.019839007,-0.06589758396148682,0.02353788174514193,0.09408950805664062,0.2,-0.04018952815677039
300.0,0.15633217999999993,95,631,194560,308,0.0003,940,-1.201860813051462,0.213916015625,0.0233517,-0.062012821435928345,0.06355158799560741,0.113800048828125,0.2,-0.03649707335280254
300.0,0.15465809999999994,96,631,196608,311,0.0003,950,-1.217967251688242,0.185595703125,0.018753845,-0.04779535531997681,0.031724943732842806,0.2674749493598938,0.2,-0.03605773070303257
300.0,0.030607509999999935,97,630,198656,314,0.0003,960,-1.241096854954958,0.214794921875,0.022716353,-0.016431346535682678,0.06672619464807213,0.10852187871932983,0.2,-0.03610862449568231
300.0,0.11532570999999997,98,529,200704,379,0.0003,970,-1.2216521322727203,0.194873046875,0.020512905,-0.04728687182068825,0.06137680463725701,0.1151772141456604,0.2,-0.03830820614530239
300.0,0.30493692000000006,99,531,202752,381,0.0003,980,-1.2450285591185093,0.192919921875,0.019273624,-0.024294402450323105,0.0364430018060375,0.05839419364929199,0.2,-0.03806890702981036
300.0,0.45917446,100,532,204800,384,0.0003,990,-1.2555220086127519,0.187109375,0.019389216,-0.058815084397792816,0.02580495525035076,-0.5509765148162842,0.2,-0.03913458054012153
300.0,0.36335132000000003,101,534,206848,386,0.0003,1000,-1.2572052381932735,0.19287109375,0.018981127,-0.026660002768039703,0.06916862216312439,-0.024544596672058105,0.2,-0.0388604379244498
300.0,0.24148768999999995,102,536,208896,389,0.0003,1010,-1.2317170426249504,0.195947265625,0.02137369,-0.06528905034065247,0.020505622727796435,-0.3628575801849365,0.2,-0.03952227419358678
300.0,0.09045462000000004,103,539,210944,391,0.0003,1020,-1.228932113945484,0.21259765625,0.021597622,-0.04633215442299843,0.04675069726072252,0.06255358457565308,0.2,-0.04155497670872137
300.0,0.182522,104,541,212992,393,0.0003,1030,-1.1941541604697705,0.203662109375,0.021797616,-0.07089359313249588,0.03469672417268157,-0.002008795738220215,0.2,-0.03822915283963084
300.0,0.29234034000000003,105,542,215040,396,0.0003,1040,-1.2048660457134246,0.199072265625,0.020383146,-0.04750030115246773,0.05205064744222909,0.14046454429626465,0.2,-0.0385010924335802
300.0,0.26300755,106,544,217088,398,0.0003,1050,-1.1655835285782814,0.18779296875,0.019244978,-0.04158918559551239,0.03630184079520404,0.01019209623336792,0.2,-0.03974146317632403
300.0,0.5430544599999999,107,546,219136,400,0.0003,1060,-1.1841539222747088,0.20126953125,0.01812544,-0.022797472774982452,0.0843446789542213,-0.02112555503845215,0.2,-0.036568392172921446
300.0,0.5525971,108,548,221184,402,0.0003,1070,-1.1751213394105435,0.214453125,0.023533203,-0.03503764420747757,0.0768203136860393,-0.11121749877929688,0.2,-0.04053510666417424
300.0,0.6284588999999998,109,549,223232,406,0.0003,1080,-1.1601198144257068,0.1892578125,0.020294864,-0.060341693460941315,0.0529862018476706,-0.21384406089782715,0.2,-0.03506906597467605
300.0,0.80089788,110,547,225280,411,0.0003,1090,-1.1575148571282625,0.184228515625,0.020775918,-0.03912629559636116,0.0386555302888155,0.23959696292877197,0.2,-0.036285467713605614
300.0,0.8167102999999999,111,544,227328,417,0.0003,1100,-1.1518727742135524,0.22099609375,0.023081189,-0.07328402251005173,0.04527615552651696,0.2655104994773865,0.2,-0.04146746709011495
300.0,0.9730610499999999,112,542,229376,423,0.0003,1110,-1.1446904089301824,0.205322265625,0.019932153,-0.040485382080078125,0.03687824779190123,0.46841806173324585,0.2,-0.03921453431248665
300.0,0.77338987,113,541,231424,426,0.0003,1120,-1.1402890283614397,0.19443359375,0.019527182,-0.036938704550266266,0.07470815217820928,0.4925565719604492,0.2,-0.04138321601494681
300.0,0.6350809,114,540,233472,432,0.0003,1130,-1.1292703446000814,0.209375,0.020065833,-0.03292598947882652,0.037685978965600955,0.6120885014533997,0.2,-0.03678523733688053
300.0,0.81915459,115,540,235520,435,0.0003,1140,-1.1221855727955699,0.202783203125,0.020338483,-0.05186104029417038,0.054728153062751514,0.6193819046020508,0.2,-0.041817267796432134
300.0,0.6462224500000001,116,540,237568,439,0.0003,1150,-1.0908097514882684,0.195703125,0.019799935,-0.036333367228507996,0.0492243054904975,0.5442061424255371,0.2,-0.037572066838038154
300.0,0.63871012,117,537,239616,445,0.0003,1160,-1.121457578241825,0.198779296875,0.021482373,-0.03091898374259472,0.055977547401562334,0.5483949184417725,0.2,-0.03935684722091537
300.0,0.71287458,118,536,241664,450,0.0003,1170,-1.0939802378416061,0.21826171875,0.021420088,-0.08368172496557236,0.01870292858511675,0.742225170135498,0.2,-0.03922950844862498
300.0,0.72652794,119,533,243712,457,0.0003,1180,-1.0931332165375351,0.200439453125,0.022238249,-0.0683664008975029,0.019669103517662732,0.707321286201477,0.2,-0.03832918970656465
300.0,0.58945249,120,532,245760,461,0.0003,1190,-1.096587604098022,0.2115234375,0.021874025,-0.0566924512386322,0.023982797184726224,0.735101580619812,0.2,-0.038084444275591524
300.0,0.5959358799999999,121,531,247808,466,0.0003,1200,-1.065318661183119,0.203466796875,0.02268809,-0.06208329647779465,0.06848724100273103,0.3367982506752014,0.2,-0.03976864108117297
300.0,0.46355683999999997,122,532,249856,469,0.0003,1210,-1.0794665914028883,0.188671875,0.021641104,-0.04287724196910858,0.07018993776291609,0.23543155193328857,0.2,-0.03992971227271482
300.0,0.34648169999999995,123,532,251904,472,0.0003,1220,-1.0909550381824373,0.1986328125,0.021481093,-0.05609244480729103,0.06081531287636608,0.2886166572570801,0.2,-0.03924905392050278
300.0,0.08653754,124,531,253952,477,0.0003,1230,-1.0876119885593654,0.20068359375,0.019781813,-0.052503131330013275,0.044175953709054736,0.427690327167511,0.2,-0.03682083526655333
300.0,0.12075732000000002,125,532,256000,480,0.0003,1240,-1.0945380942896008,0.200439453125,0.02243353,-0.062421418726444244,0.02496572978561744,0.4780236482620239,0.2,-0.040955742332153024
300.0,0.18287902000000003,126,531,258048,485,0.0003,1250,-1.1043811744078993,0.225146484375,0.02486917,-0.06579315662384033,0.05729248449788429,-0.09187090396881104,0.2,-0.04164237785735168
300.0,0.18345277000000007,127,531,260096,489,0.0003,1260,-1.0806415123865007,0.1890625,0.021113949,-0.049520257860422134,0.07291127862408757,0.014464378356933594,0.2,-0.037835516974155325
300.0,0.20329071999999995,128,533,262144,491,0.0003,1270,-1.0983613796532155,0.2224609375,0.0230503,-0.05679963901638985,0.027098599617602304,0.3373493552207947,0.2,-0.0420688952144701
300.0,0.04915431000000003,129,534,264192,494,0.0003,1280,-1.1153097275644541,0.19501953125,0.020356536,-0.04673682153224945,0.0632798858336173,-0.11702072620391846,0.2,-0.03309912107506534
300.0,0.18327491999999995,130,535,266240,497,0.0003,1290,-1.097132863663137,0.21298828125,0.022032067,-0.04003570228815079,0.05741765377460979,-0.009229302406311035,0.2,-0.0387386238493491
300.0,0.16552416999999983,131,537,268288,499,0.0003,1300,-1.091075813025236,0.214599609375,0.023263482,-0.06265860795974731,0.03580387288238853,0.1429772973060608,0.2,-0.039896478952141476
300.0,0.03656532000000001,132,539,270336,501,0.0003,1310,-1.0787849977612496,0.19404296875,0.019566085,-0.05431101471185684,0.05098896236158908,0.05637216567993164,0.2,-0.0390437147783814
300.0,0.008669759999999966,133,540,272384,503,0.0003,1320,-1.064009338989854,0.222802734375,0.02320214,-0.016210779547691345,0.08297470534453169,0.14217495918273926,0.2,-0.041609140735818076
300.0,-0.09671229999999995,134,542,274432,505,0.0003,1330,-1.0279610281810165,0.19375,0.020632299,-0.05246703326702118,0.06885253716027365,-0.09266519546508789,0.2,-0.040293294840375894
300.0,0.06391316999999998,135,544,276480,508,0.0003,1340,-1.0308893639594316,0.2134765625,0.022738004,-0.0535966232419014,0.047700086381519215,0.14104586839675903,0.2,-0.039058716196450405
300.0,-0.0010182199999999584,136,545,278528,510,0.0003,1350,-1.0272643687203526,0.2076171875,0.02348232,-0.03543846309185028,0.054983137676026674,0.0869799256324768,0.2,-0.038559359760256484
300.0,-0.13089745000000005,137,547,280576,512,0.0003,1360,-1.0592117361724376,0.21181640625,0.02236994,-0.06965557485818863,0.05345241297036409,-0.07684040069580078,0.2,-0.03830788155319169
300.0,-0.07641640999999998,138,549,282624,514,0.0003,1370,-1.0717413829639555,0.22197265625,0.022890102,-0.07562756538391113,0.029422453278675674,0.047622621059417725,0.2,-0.040373985984479076
300.0,0.19504375,139,550,284672,517,0.0003,1380,-1.048066483438015,0.219482421875,0.024305752,-0.03982412442564964,0.02483969185850583,0.21148282289505005,0.2,-0.04122826731472742
300.0,-0.002976070000000044,140,552,286720,519,0.0003,1390,-1.0113461595028639,0.21220703125,0.024613295,-0.010807313024997711,0.06401890183333307,-0.16613531112670898,0.2,-0.03945143059827387
300.0,-0.18016400999999996,141,553,288768,521,0.0003,1400,-1.033175130933523,0.2150390625,0.021447958,-0.053018100559711456,0.018752029229654,-0.14009010791778564,0.2,-0.04162601218558848
300.0,-0.048865940000000004,142,554,290816,524,0.0003,1410,-1.0288716305047274,0.200390625,0.021955116,-0.05725999176502228,0.03399615139351227,0.015031218528747559,0.2,-0.039353630048572084
300.0,0.025233849999999954,143,556,292864,526,0.0003,1420,-1.0063839102163912,0.21435546875,0.021312848,-0.03496011719107628,0.04477246981696226,-0.07717669010162354,0.2,-0.03921479280106723
300.0,-0.033008970000000006,144,557,294912,528,0.0003,1430,-1.0185628088191152,0.210205078125,0.026389627,-0.022418327629566193,0.023953210579929874,0.0919148325920105,0.2,-0.0382422249414958
300.0,-0.14429585,145,559,296960,530,0.0003,1440,-1.0094723684713245,0.22783203125,0.02878647,-0.06419793516397476,0.01809777049929835,0.07304495573043823,0.2,-0.038693627971224484
300.0,-0.12598409000000005,146,560,299008,533,0.0003,1450,-1.0062155043706298,0.2240234375,0.025479287,-0.046629950404167175,0.04217386962263845,-0.06343364715576172,0.2,-0.038762360101100055
300.0,0.01335557999999992,147,505,301056,595,0.0003,1460,-0.9896272853016853,0.216943359375,0.024064021,-0.0636942908167839,0.02037290261068847,-0.18720722198486328,0.2,-0.04069908413948724
300.0,0.18184093000000004,148,507,303104,597,0.0003,1470,-0.9732096606865526,0.25751953125,0.03103456,-0.0456087663769722,0.024579372591688298,0.0479472279548645,0.2,-0.0439800971042132
300.0,0.12076606000000004,149,508,305152,600,0.0003,1480,-0.9562336711212993,0.220556640625,0.023754967,-0.07208981364965439,0.011272587775602005,-0.0025502443313598633,0.2,-0.03948132685618475
300.0,0.012550640000000035,150,509,307200,602,0.0003,1490,-0.9782559609040617,0.208349609375,0.02425741,-0.005977250635623932,0.09910739043261856,0.05879169702529907,0.2,-0.040704613257548775
300.0,0.08660706999999998,151,509,309248,606,0.0003,1500,-0.9717651652172208,0.2216796875,0.025577623,-0.05794837325811386,0.023457932838937268,-0.029482603073120117,0.2,-0.04026726159790996
300.0,0.03917874,152,510,311296,609,0.0003,1510,-0.9493021173402667,0.215380859375,0.025500521,-0.027500610798597336,0.09384352752240374,0.20699316263198853,0.2,-0.037789152721234134
300.0,0.08736960000000003,153,512,313344,611,0.0003,1520,-0.9704282976686954,0.228466796875,0.02685427,-0.029265020042657852,0.06770943016163074,0.1223597526550293,0.2,-0.039169997014687395
300.0,-0.10858815999999993,154,513,315392,613,0.0003,1530,-0.9445175299420953,0.199365234375,0.023508225,-0.027790088206529617,0.06269060176564381,0.06211233139038086,0.2,-0.03639745598338777
300.0,0.059429900000000035,155,515,317440,615,0.0003,1540,-0.9565542344003916,0.2216796875,0.02786781,-0.04974490404129028,0.05723762289853766,0.22168362140655518,0.2,-0.03896317972103134
300.0,0.11310975000000001,156,516,319488,618,0.0003,1550,-0.950753396935761,0.218896484375,0.02216783,0.030721984803676605,0.1765860182233155,0.05347144603729248,0.2,-0.04120633095444646
300.0,-0.01615353999999994,157,518,321536,620,0.0003,1560,-0.9336072634905577,0.205029296875,0.024472235,-0.04770955443382263,0.02789778519363608,-0.26342833042144775,0.2,-0.03953256744716782
300.0,-0.11695860999999995,158,519,323584,622,0.0003,1570,-0.9765066038817167,0.220458984375,0.027221449,-0.039356596767902374,0.055286454316228625,0.11464887857437134,0.2,-0.04401752972917165
300.0,-0.22707378999999997,159,520,325632,625,0.0003,1580,-0.9379075620323419,0.204833984375,0.025633626,-0.06044928729534149,0.03818758355919272,0.08700358867645264,0.2,-0.04026226848945953
300.0,-0.1471814599999999,160,522,327680,627,0.0003,1590,-0.9194623528048396,0.2123046875,0.024561703,-0.04464750736951828,0.06353632449172437,0.02461296319961548,0.2,-0.04104852102173027
300.0,0.06836224999999999,161,523,329728,629,0.0003,1600,-0.9363619551062584,0.18544921875,0.02230035,-0.01853245496749878,0.10131104695610701,-0.02031230926513672,0.2,-0.0370585326658329
300.0,0.022474320000000127,162,525,331776,631,0.0003,1610,-0.9073554383590817,0.214990234375,0.026176143,-0.021985985338687897,0.08048326703719795,-0.05099761486053467,0.2,-0.038396858419582715
300.0,-0.14330370999999997,163,526,333824,633,0.0003,1620,-0.8976332500576973,0.2138671875,0.026728434,-0.04566902294754982,0.05606035001110286,0.24546557664871216,0.2,-0.042692120320862156
300.0,-0.1633918099999999,164,528,335872,636,0.0003,1630,-0.9168436653912068,0.204052734375,0.023766685,-0.04537692293524742,0.04345774038811214,0.10650235414505005,0.2,-0.0405217879160773
300.0,-0.09249695999999999,165,529,337920,638,0.0003,1640,-0.9134091578423977,0.208935546875,0.024948202,-0.04478570446372032,0.05580951047013514,0.1712314486503601,0.2,-0.036568269057897854
300.0,0.01911992000000004,166,530,339968,640,0.0003,1650,-0.893332239985466,0.18095703125,0.021519002,-0.04077273979783058,0.043476819182978944,0.005162239074707031,0.2,-0.03289377065375447
300.0,0.21268238,167,531,342016,643,0.0003,1660,-0.9146166019141674,0.201806640625,0.02377218,-0.04020838439464569,0.05946848124731332,-0.0017906427383422852,0.2,-0.03789671371487202
300.0,0.1763480800000001,168,533,344064,645,0.0003,1670,-0.9127950061112642,0.194775390625,0.02112697,-0.052517347037792206,0.04712821037974209,-0.03663468360900879,0.2,-0.03683727879542857
300.0,0.43345283,169,534,346112,647,0.0003,1680,-0.9197142995893955,0.225537109375,0.026288882,-0.04540335014462471,0.01300388211675454,0.1741907000541687,0.2,-0.0411354558513267
300.0,0.26437365,170,535,348160,649,0.0003,1690,-0.9122134977951646,0.21748046875,0.028464573,-0.010104343295097351,0.08832801568205469,0.09179115295410156,0.2,-0.037372449319809674
300.0,0.17465415,171,537,350208,651,0.0003,1700,-0.8946804190054536,0.2052734375,0.025339495,-0.04304397106170654,0.04117791547323577,0.014948070049285889,0.2,-0.03753681053640321
300.0,0.2650509899999999,172,538,352256,654,0.0003,1710,-0.9326929681003093,0.19931640625,0.024469595,-0.046105366200208664,0.07060888832784258,0.06839674711227417,0.2,-0.03799794922524598
300.0,0.42169841999999996,173,540,354304,656,0.0003,1720,-0.9453862909227609,0.19287109375,0.022455733,-0.05092255026102066,0.07373272071126849,-0.034974098205566406,0.2,-0.037748494007973935
300.0,0.41428032000000004,174,541,356352,658,0.0003,1730,-0.941915119253099,0.218798828125,0.025886603,-0.06109035760164261,0.03455493622459471,0.17464029788970947,0.2,-0.03774385682045249
300.0,0.3591298799999999,175,542,358400,660,0.0003,1740,-0.9795930853113533,0.2095703125,0.022695161,-0.07022436708211899,0.02149572177149821,0.43229854106903076,0.2,-0.03976558779322659
300.0,0.07054363999999996,176,543,360448,662,0.0003,1750,-0.9621377009898424,0.203271484375,0.023466632,-0.033690452575683594,0.03861169543815777,0.29875999689102173,0.2,-0.0374233267022646
300.0,0.02340416999999996,177,545,362496,665,0.0003,1760,-0.9408687287941575,0.22607421875,0.026090661,-0.07499416172504425,0.03249388413969427,0.19742757081985474,0.2,-0.043042411030910444
300.0,0.32168832999999997,178,545,364544,667,0.0003,1770,-0.9636840179562569,0.206982421875,0.022708127,-0.05297881364822388,0.029626278096111493,0.3365618586540222,0.2,-0.04030049354478251
300.0,0.24246824000000003,179,545,366592,671,0.0003,1780,-0.9553847802802921,0.203125,0.025019918,-0.060944847762584686,0.04050043722381815,-0.31894004344940186,0.2,-0.040929244557628405
300.0,0.2741922500000001,180,547,368640,673,0.0003,1790,-0.9691726664081216,0.21474609375,0.025039598,-0.05151446536183357,0.04091140649397858,-0.12219977378845215,0.2,-0.04055225986812729
300.0,0.08835940999999994,181,548,370688,676,0.0003,1800,-0.951404870301485,0.20634765625,0.023618221,-0.027742616832256317,0.06318978515337222,-0.04319262504577637,0.2,-0.03749080315319588
300.0,-0.16921499000000004,182,549,372736,678,0.0003,1810,-0.9585807481780648,0.213671875,0.025516037,-0.056130796670913696,0.03387185698666144,0.14423465728759766,0.2,-0.038804281283228194
300.0,-0.28485565,183,550,374784,680,0.0003,1820,-0.9446603098884225,0.202099609375,0.023294583,-0.07559431344270706,0.04935025168233551,0.31989413499832153,0.2,-0.03885749990004115
300.0,-0.40263811000000005,184,551,376832,683,0.0003,1830,-0.9353588324040174,0.2076171875,0.024330815,-0.03470475226640701,0.051057077618315815,0.18970972299575806,0.2,-0.03685454127844423
300.0,-0.24712960999999997,185,552,378880,685,0.0003,1840,-0.9233787264674902,0.210888671875,0.025468288,-0.061604149639606476,0.053400311508448796,0.22185015678405762,0.2,-0.03899609529180452
300.0,-0.4261899700000001,186,553,380928,687,0.0003,1850,-0.917674469947815,0.228857421875,0.026411097,-0.03708328306674957,0.09309892504243181,0.07918870449066162,0.2,-0.0439726909797173
300.0,-0.2821997200000001,187,554,382976,690,0.0003,1860,-0.9067258374765516,0.217333984375,0.025773065,-0.03721623867750168,0.052013291179900986,0.2693445682525635,0.2,-0.04196936580410693
300.0,-0.36099265,188,556,385024,692,0.0003,1870,-0.9374586241319776,0.212939453125,0.025506556,-0.051143206655979156,0.06593751556938514,0.0044974684715271,0.2,-0.037867166139767504
300.0,-0.5674451899999999,189,556,387072,695,0.0003,1880,-0.9415937522426248,0.228857421875,0.027037442,-0.05113133043050766,0.045199960289755835,0.20954883098602295,0.2,-0.03826996872521704
300.0,-0.45507296,190,557,389120,698,0.0003,1890,-0.9473299553617835,0.235595703125,0.024243105,-0.04631040245294571,0.06338461170671508,0.1464848518371582,0.2,-0.03740176290157251
300.0,-0.5315477399999999,191,558,391168,700,0.0003,1900,-0.9160295082256198,0.21337890625,0.023288947,-0.06936639547348022,0.05585241801454686,0.3330188989639282,0.2,-0.037676671004010134
300.0,-0.4755587,192,559,393216,702,0.0003,1910,-0.9757127799093723,0.20654296875,0.023390047,-0.00593838095664978,0.08837515951599925,-0.10743892192840576,0.2,-0.037252367148175834
300.0,-0.53920136,193,560,395264,705,0.0003,1920,-0.9931790385395288,0.205859375,0.023116615,-0.050695497542619705,0.042061063199071214,0.10960990190505981,0.2,-0.04014889590762323
300.0,-0.6659071299999999,194,561,397312,707,0.0003,1930,-0.9772172052413225,0.223095703125,0.028093204,-0.05070757120847702,0.08021027513314039,0.29851794242858887,0.2,-0.03990989322774112
300.0,-0.57323514,195,562,399360,709,0.0003,1940,-0.9748047716915608,0.219287109375,0.028324496,-0.053653545677661896,0.06607768443063833,0.10791045427322388,0.2,-0.0400391852890607
300.0,-0.5217836,196,514,401408,780,0.0003,1950,-0.9620915399864316,0.213525390625,0.024032107,-0.056389518082141876,0.03685978439170867,0.11640304327011108,0.2,-0.04089849438896635
300.0,-0.4474407900000001,197,515,403456,782,0.0003,1960,-0.9628365674987436,0.195068359375,0.025053024,0.01054161787033081,0.15400793496519327,0.07702994346618652,0.2,-0.03730445308319759
300.0,-0.32070504,198,515,405504,786,0.0003,1970,-0.9742475409060717,0.242626953125,0.030235052,-0.026153698563575745,0.07619056284311228,0.13460785150527954,0.2,-0.04168670388171449
300.0,-0.44654042,199,516,407552,788,0.0003,1980,-0.9847847703844309,0.222998046875,0.025800291,-0.06499718874692917,0.030639553273795174,0.08715808391571045,0.2,-0.041270232941315044
300.0,-0.51740701,200,517,409600,790,0.0003,1990,-0.9930212713778019,0.236669921875,0.02781002,-0.05263072997331619,0.045194916712353005,-0.012203216552734375,0.2,-0.04123114334361162
300.0,-0.4714913600000001,201,519,411648,793,0.0003,2000,-0.9976340379565954,0.21357421875,0.02563622,-0.061231471598148346,0.03222554839449003,-0.010487556457519531,0.2,-0.04122288606013171
300.0,-0.5296541,202,520,413696,795,0.0003,2010,-0.9747092310339213,0.2076171875,0.024202386,-0.08420266956090927,0.051137605687836186,0.20845365524291992,0.2,-0.03810051323089283
300.0,-0.30006775999999996,203,521,415744,797,0.0003,2020,-0.9640931315720082,0.217431640625,0.027798349,-0.03041350655257702,0.030909085395978763,0.39690321683883667,0.2,-0.03971671216131654
300.0,-0.2286393,204,522,417792,799,0.0003,2030,-0.9745290184393525,0.221484375,0.0280209,-0.06733859330415726,0.028540466161211954,0.5096970200538635,0.2,-0.044218111936788776
300.0,-0.40727898999999995,205,523,419840,801,0.0003,2040,-0.9825611939653754,0.22255859375,0.026080783,-0.06441307812929153,0.04833622562582605,0.5234018564224243,0.2,-0.04199903897533659
300.0,-0.33099286000000006,206,524,421888,804,0.0003,2050,-0.9572853805497289,0.235498046875,0.027717296,-0.035270243883132935,0.039045286632608624,0.39011067152023315,0.2,-0.04159670563531108
300.0,-0.3934774399999999,207,525,423936,807,0.0003,2060,-0.9582293974235654,0.221044921875,0.02895036,-0.057985879480838776,0.051603870291728526,0.26665371656417847,0.2,-0.04203721445228439
300.0,-0.38357325000000003,208,526,425984,809,0.0003,2070,-0.9466609561815857,0.20888671875,0.024055324,-0.04750796779990196,0.05347852917038835,0.15105301141738892,0.2,-0.04000708516978193
300.0,-0.12952255000000001,209,527,428032,811,0.0003,2080,-0.9561569457873702,0.21923828125,0.026380295,-0.0318869948387146,0.06346222383435815,0.19968688488006592,0.2,-0.039373563676781485
300.0,-0.07680323000000004,210,528,430080,814,0.0003,2090,-0.9634287811815738,0.226513671875,0.026690304,-0.04399601370096207,0.04441281111794524,0.21662962436676025,0.2,-0.04387095531274099
300.0,-0.08737439000000005,211,528,432128,817,0.0003,2100,-0.9384558068588376,0.233447265625,0.027380396,-0.02768167108297348,0.0891123126144521,0.09853285551071167,0.2,-0.038492839370155706
300.0,-0.1983520800000001,212,529,434176,819,0.0003,2110,-0.9474264582619071,0.221435546875,0.028681949,-0.03726784139871597,0.05296689316746779,-0.13933241367340088,0.2,-0.039574650768190625
300.0,-0.27581483,213,531,436224,821,0.0003,2120,-0.941442110389471,0.229541015625,0.027220871,-0.03093278408050537,0.05924063991988078,-0.1401463747024536,0.2,-0.045025737964897415
300.0,-0.18436401999999996,214,531,438272,824,0.0003,2130,-0.9497860165312886,0.229833984375,0.027173718,-0.052075620740652084,0.06826007716590539,0.017637670040130615,0.2,-0.04427585008961614
300.0,-0.44528664,215,532,440320,826,0.0003,2140,-0.9606225537136197,0.235888671875,0.03192926,-0.07354544848203659,0.04180404696962796,0.11336266994476318,0.2,-0.0440585097821895
300.0,-0.5643815699999999,216,534,442368,828,0.0003,2150,-0.9509246349334717,0.225341796875,0.029846992,-0.04824504256248474,0.0515962558623869,0.25648653507232666,0.2,-0.04295296225172933
300.0,-0.5773061299999999,217,534,444416,830,0.0003,2160,-0.9511300571262836,0.218603515625,0.027403835,-0.06563025712966919,0.020913985199877062,0.5498571395874023,0.2,-0.04024255002150312
300.0,-0.6791694799999999,218,535,446464,833,0.0003,2170,-0.9774855131283402,0.23173828125,0.027679019,-0.04359220713376999,0.07539079370908439,0.32015591859817505,0.2,-0.04689514292986132
300.0,-0.7209301100000002,219,536,448512,835,0.0003,2180,-0.9712826173752547,0.211328125,0.026705429,-0.06918065994977951,0.027689192560501397,0.6044076681137085,0.2,-0.04250979800708592
300.0,-0.7539738200000001,220,537,450560,837,0.0003,2190,-0.9558231355622411,0.23330078125,0.02627173,-0.040202733129262924,0.05022739119594917,0.5453559160232544,0.2,-0.04328371058218181
300.0,-0.6293492600000001,221,538,452608,840,0.0003,2200,-0.9810857126489282,0.2318359375,0.028071634,-0.06317515671253204,0.014939949681865983,0.7378100156784058,0.2,-0.04356163612101227
300.0,-0.7706916300000001,222,539,454656,842,0.0003,2210,-0.9747955046594143,0.236181640625,0.027523201,-0.06508989632129669,0.03398252669139765,0.7122494578361511,0.2,-0.043092108541168274
300.0,-0.8054301000000001,223,540,456704,845,0.0003,2220,-0.9911008592694998,0.222900390625,0.027534116,-0.07789570838212967,0.07175790091278031,0.6659411787986755,0.2,-0.04279618777363794
300.0,-0.5270034,224,541,458752,847,0.0003,2230,-0.9972406718879938,0.2130859375,0.027045839,-0.0481853261590004,0.09908187250839547,0.48500847816467285,0.2,-0.04391415318532381
300.0,-0.4834060700000001,225,541,460800,850,0.0003,2240,-0.9879886331036687,0.25087890625,0.03022998,-0.06433495879173279,0.056811638566432524,0.7495640516281128,0.2,-0.046215197263518346
300.0,-0.41380567,226,543,462848,852,0.0003,2250,-1.004662448912859,0.233447265625,0.032242987,-0.024641862139105797,0.042735269153490664,0.8039542436599731,0.2,-0.04427209368732292
300.0,-0.23580423999999994,227,543,464896,854,0.0003,2260,-0.9875318080186843,0.223486328125,0.027041703,-0.06069430708885193,0.046589208830846475,0.7393012642860413,0.2,-0.03931919552269392
300.0,-0.10963802999999996,228,544,466944,856,0.0003,2270,-0.9573194738477468,0.225732421875,0.027317269,-0.015298377722501755,0.056616667099297045,0.5586111545562744,0.2,-0.04263600716367364
300.0,0.04066174,229,545,468992,859,0.0003,2280,-0.9751156335696578,0.229296875,0.028348435,-0.03874523937702179,0.03874144214205444,0.6695826053619385,0.2,-0.040598171940655445
300.0,0.07082361000000004,230,544,471040,864,0.0003,2290,-0.9864794043824077,0.2302734375,0.025679674,-0.03777308017015457,0.049528208386618644,0.6110472083091736,0.2,-0.04281416333105881
300.0,0.15486571999999998,231,545,473088,867,0.0003,2300,-0.9817402543500066,0.248486328125,0.03340261,-0.02135450392961502,0.0669691136048641,0.40672147274017334,0.2,-0.045782750626676715
300.0,0.09696275999999994,232,545,475136,870,0.0003,2310,-0.980148684605956,0.213671875,0.025795683,-0.021563299000263214,0.0851040572160855,0.2607598900794983,0.2,-0.04004781941475812
300.0,0.32146781999999996,233,546,477184,873,0.0003,2320,-0.9974471218883991,0.233642578125,0.030442659,-0.0553421676158905,0.05031782846199349,0.05088663101196289,0.2,-0.04214732271648245
300.0,0.32863790000000004,234,547,479232,875,0.0003,2330,-1.006654042005539,0.244921875,0.02887858,-0.07559704035520554,0.03654148742207326,0.18350428342819214,0.2,-0.04529227261373307
300.0,0.2922049400000001,235,547,481280,878,0.0003,2340,-0.9824550863355398,0.2291015625,0.027985286,-0.03694924712181091,0.06901405783137307,-0.038268327713012695,0.2,-0.041607517907687
300.0,0.15847262,236,548,483328,881,0.0003,2350,-0.9759415954351425,0.2349609375,0.029418353,-0.056032098829746246,0.04896371068898588,0.1151764988899231,0.2,-0.040119409629551225
300.0,0.33769758000000005,237,549,485376,884,0.0003,2360,-0.9876112129539252,0.242626953125,0.03176867,-0.06025773659348488,0.07025013606762513,0.010630548000335693,0.2,-0.046473829193564596
300.0,-0.0518160299999999,238,549,487424,886,0.0003,2370,-0.9775034377351404,0.222509765625,0.02557794,-0.021379545331001282,0.09242065530270338,0.07788306474685669,0.2,-0.039430579669715374
300.0,-0.3739967899999999,239,550,489472,888,0.0003,2380,-1.0030122995376587,0.24609375,0.02915259,-0.059160325676202774,0.045420273271156476,0.12779027223587036,0.2,-0.0441197674619616
300.0,-0.4484301499999999,240,551,491520,891,0.0003,2390,-0.9751736918464303,0.232177734375,0.03180848,-0.03811297565698624,0.05186079231207259,0.29309988021850586,0.2,-0.043085944262566046
300.0,-0.5139163199999999,241,552,493568,893,0.0003,2400,-0.9862129854038357,0.251171875,0.029672831,-0.060343772172927856,0.07838345613563433,0.2227535843849182,0.2,-0.045282580229104495
300.0,-0.5280405699999999,242,552,495616,896,0.0003,2410,-0.9868692906573415,0.24453125,0.031759743,-0.032067857682704926,0.0848652626387775,0.0706474781036377,0.2,-0.04535696489037946
300.0,-0.54984581,243,553,497664,898,0.0003,2420,-0.9939285710453987,0.235498046875,0.03231485,-0.02332901395857334,0.056821982213296,0.3101539611816406,0.2,-0.04445184656069614
300.0,-0.6998615499999998,244,554,499712,901,0.0003,2430,-1.0021387560293078,0.23603515625,0.02968541,-0.07049395889043808,0.030824425170430915,0.3867596983909607,0.2,-0.04090021837037057
300.0,-0.49948912,245,520,501760,964,0.0003,2440,-1.00831647682935,0.233154296875,0.029323187,-0.0529090017080307,0.01745891434547957,0.5312790274620056,0.2,-0.042881214976659976
300.0,-0.62472956,246,521,503808,966,0.0003,2450,-1.0019555767998098,0.233740234375,0.030367356,-0.09352409094572067,0.019663534039864317,0.5750818252563477,0.2,-0.044950244555366226
300.0,-0.60931265,247,521,505856,969,0.0003,2460,-0.9850576044991612,0.221142578125,0.027407669,-0.05840573459863663,0.028357866819715128,0.5468800067901611,0.2,-0.04092276445007883
300.0,-0.6362596599999999,248,522,507904,971,0.0003,2470,-0.9948097243905067,0.222119140625,0.026782498,-0.06439057737588882,0.04476130526745692,0.4239403009414673,0.2,-0.04384337328083347
300.0,-0.5344740599999999,249,523,509952,974,0.0003,2480,-1.014445352740586,0.241748046875,0.030228682,-0.050175007432699203,0.04110979033284821,0.5899487733840942,0.2,-0.044077792364987545
300.0,-0.57577053,250,524,512000,976,0.0003,2490,-0.9788839189335704,0.243115234375,0.02764878,-0.056196458637714386,0.019523846241645514,0.6028346419334412,0.2,-0.0448245057836175
300.0,-0.36867279,251,525,514048,978,0.0003,2500,-1.0116294650360942,0.2328125,0.029576037,-0.011881329119205475,0.13385474474634976,0.10207659006118774,0.2,-0.041822440034593455
300.0,-0.40678085,252,526,516096,981,0.0003,2510,-1.0105311306193472,0.237548828125,0.02982306,-0.058891430497169495,0.04464593121083453,0.39583396911621094,0.2,-0.044694108568364754
300.0,-0.3697437499999999,253,526,518144,983,0.0003,2520,-1.0100650699809193,0.222021484375,0.028496284,-0.07280982285737991,0.05465962020098232,0.17770516872406006,0.2,-0.042691365219070576
300.0,-0.1609487800000001,254,527,520192,985,0.0003,2530,-0.9936935391277075,0.224609375,0.02701683,-0.034875281155109406,0.03716401154524647,-0.14513182640075684,0.2,-0.045023591944482175
300.0,-0.17753628,255,528,522240,987,0.0003,2540,-0.9960558848455549,0.22978515625,0.0261589,-0.04138860106468201,0.046567457501078026,0.13596200942993164,0.2,-0.04357423874171218
300.0,-0.32207342999999994,256,529,524288,990,0.0003,2550,-1.0279708366841078,0.255322265625,0.03109293,-0.03910644352436066,0.0748074937495403,-0.09324073791503906,0.2,-0.04282048251188826
300.0,-0.31475563999999995,257,530,526336,992,0.0003,2560,-1.0032661601901054,0.2474609375,0.026629895,-0.0427355095744133,0.029763597541023045,-0.06641113758087158,0.2,-0.04659263752400875
300.0,-0.23089864000000002,258,531,528384,994,0.0003,2570,-1.0099442915990948,0.227978515625,0.025866918,-0.05305606126785278,0.04673048398108222,0.1020045280456543,0.2,-0.04252030018251389
300.0,-0.18214302,259,531,530432,997,0.0003,2580,-0.9981858164072037,0.22412109375,0.029910376,-0.05026615411043167,0.031978915951913225,0.2897876501083374,0.2,-0.04373929610592313
300.0,-0.26585883000000005,260,532,532480,999,0.0003,2590,-1.018768710643053,0.239111328125,0.029546026,-0.050009436905384064,0.04802150470786728,0.018731296062469482,0.2,-0.04502055627381196
300.0,-0.32255181999999993,261,533,534528,1001,0.0003,2600,-1.0034508299082519,0.23408203125,0.029750308,-0.05533330887556076,0.026830066461116076,0.344545841217041,0.2,-0.042440243434975856
300.0,-0.17512770999999994,262,534,536576,1004,0.0003,2610,-1.001132983341813,0.243359375,0.03154837,-0.042443905025720596,0.03854761064867489,0.2670665383338928,0.2,-0.04275893514277414
300.0,-0.30883520000000003,263,535,538624,1006,0.0003,2620,-1.0177694603800773,0.230810546875,0.027253523,-0.05068008601665497,0.04695464107207954,0.15174371004104614,0.2,-0.04465590073959902
300.0,-0.20287644000000005,264,536,540672,1008,0.0003,2630,-1.015669864602387,0.2267578125,0.029288476,-0.06266964972019196,0.04416913627064787,0.19567346572875977,0.2,-0.04314977608737536
300.0,-0.30630277999999994,265,536,542720,1010,0.0003,2640,-0.9788564397022128,0.228125,0.029003296,-0.0459718331694603,0.08169805032666773,0.14688265323638916,0.2,-0.04345426432264503
300.0,-0.41318997999999985,266,537,544768,1013,0.0003,2650,-0.9830155754461884,0.25380859375,0.035392575,-0.09276571124792099,0.02729353723116219,0.10096323490142822,0.2,-0.044604071794310585
300.0,-0.3955589799999999,267,538,546816,1015,0.0003,2660,-0.9690839558839798,0.244091796875,0.03489176,-0.08842654526233673,0.016628649583435618,0.36145347356796265,0.2,-0.04343719094467815
300.0,-0.17125221999999998,268,539,548864,1018,0.0003,2670,-0.9748468259349465,0.235546875,0.031100035,-0.03814798966050148,0.0509865325933788,0.18495982885360718,0.2,-0.04191228137060534
300.0,-0.30863277,269,539,550912,1020,0.0003,2680,-0.9873449396342039,0.2373046875,0.029531186,-0.04935633763670921,0.03919566179974936,0.16632294654846191,0.2,-0.04240876538970042
300.0,-0.40519591,270,540,552960,1022,0.0003,2690,-0.971590401418507,0.2234375,0.027221495,-0.0481429398059845,0.04491960786981508,0.2989853024482727,0.2,-0.04235205285367556
300.0,-0.19956326000000005,271,541,555008,1025,0.0003,2700,-0.9743114437907934,0.2177734375,0.030690735,-0.05637972056865692,0.048312223865650594,-0.17268061637878418,0.2,-0.04298236089525744
300.0,-0.22908761000000002,272,542,557056,1027,0.0003,2710,-1.0101135129109025,0.257958984375,0.031370804,-0.08079686015844345,0.02356926259526517,0.0949525237083435,0.2,-0.04280462857859675
300.0,-0.10782546000000004,273,542,559104,1030,0.0003,2720,-0.9460254149511457,0.242626953125,0.030367296,-0.07835200428962708,0.03996712116058916,0.20043104887008667,0.2,-0.04112186122511048
300.0,-0.27625926,274,543,561152,1032,0.0003,2730,-0.9492620086297393,0.248486328125,0.030985419,-0.04237101227045059,0.057649718760512766,0.15370357036590576,0.2,-0.046386647128383626
300.0,-0.18064449999999993,275,544,563200,1035,0.0003,2740,-0.9416922921314835,0.21806640625,0.028687708,-0.027041953057050705,0.10050574010238052,0.06376463174819946,0.2,-0.04066827722708695
300.0,-0.27054662,276,544,565248,1037,0.0003,2750,-0.9663034806028008,0.239306640625,0.031541545,-0.03852713853120804,0.10779792366083711,-0.1097567081451416,0.2,-0.04286922688625054
300.0,-0.27843434,277,545,567296,1039,0.0003,2760,-0.954215632751584,0.2294921875,0.03051475,-0.055538784712553024,0.04068037049146369,-0.09598565101623535,0.2,-0.04564377943752333
300.0,-0.3418924700000001,278,546,569344,1041,0.0003,2770,-0.9657907977700233,0.2384765625,0.031630784,-0.045892734080553055,0.08467958649853244,0.06947046518325806,0.2,-0.04493862478120718
300.0,-0.3979233200000001,279,547,571392,1043,0.0003,2780,-0.9435319332405925,0.2380859375,0.032326043,-0.0377340167760849,0.036006723559694365,0.1708385944366455,0.2,-0.042250208057521374
300.0,-0.44014915000000004,280,548,573440,1045,0.0003,2790,-0.9637603072449565,0.257177734375,0.035436418,-0.05210644751787186,0.02122590919607319,0.19436192512512207,0.2,-0.04911002967492095
300.0,-0.36933998,281,549,575488,1047,0.0003,2800,-0.9826983494684101,0.239794921875,0.029348083,-0.09177989512681961,0.019760710862465204,0.4874366521835327,0.2,-0.04685852828552015
300.0,-0.36193086,282,549,577536,1050,0.0003,2810,-0.9987125614657998,0.219287109375,0.027332757,-0.07252001017332077,0.03202789617644157,0.45325952768325806,0.2,-0.041795722373353786
300.0,-0.38345015000000005,283,550,579584,1052,0.0003,2820,-0.9866273215040564,0.23076171875,0.025727952,-0.04361051321029663,0.06669222947093659,0.2403576374053955,0.2,-0.04598428850295022
300.0,-0.21020225000000012,284,551,581632,1054,0.0003,2830,-0.9757326200604439,0.237646484375,0.03220225,-0.034849707037210464,0.0995612948667258,0.11069107055664062,0.2,-0.04220495764457155
300.0,-0.21670831000000007,285,551,583680,1057,0.0003,2840,-0.9658931903541088,0.2298828125,0.028677955,-0.05310249328613281,0.029715376201784237,0.3405678868293762,0.2,-0.04461993653385434
300.0,-0.2094385200000001,286,552,585728,1059,0.0003,2850,-0.9407117459923029,0.2255859375,0.029943237,-0.07572560012340546,0.026717446726979687,0.39730459451675415,0.2,-0.04218212405976374
300.0,-0.45150667999999994,287,553,587776,1061,0.0003,2860,-0.9314700670540332,0.24541015625,0.034379136,-0.06694969534873962,0.03114629755727947,0.2189643383026123,0.2,-0.041750378388678656
300.0,-0.38545907999999995,288,554,589824,1064,0.0003,2870,-0.9204278487712145,0.214697265625,0.027697027,-0.028789756819605827,0.04860144343692809,-0.07470047473907471,0.2,-0.04322941869322676
300.0,-0.22110486999999998,289,555,591872,1066,0.0003,2880,-0.9063519535586237,0.2177734375,0.025979886,-0.07095085084438324,0.02768106340372469,0.11108404397964478,0.2,-0.04381273468316067
300.0,-0.26371427000000003,290,555,593920,1068,0.0003,2890,-0.9376039823517204,0.246923828125,0.034812815,-0.05473250895738602,0.05087371864356101,-0.03148496150970459,0.2,-0.04143833739653928
300.0,-0.054802510000000026,291,556,595968,1071,0.0003,2900,-0.9362066637724638,0.235546875,0.03196621,-0.05413280427455902,0.04225933727575466,0.023764967918395996,0.2,-0.04297319416364189
300.0,-0.06433742000000002,292,556,598016,1073,0.0003,2910,-0.8998864870518446,0.222509765625,0.02776666,-0.047331225126981735,0.03359780688770116,-0.0007321834564208984,0.2,-0.04216111020068638
300.0,-0.12391404000000003,293,528,600064,1134,0.0003,2920,-0.9283416502177715,0.2357421875,0.03146085,-0.06824781000614166,0.020003723294939844,-0.15654730796813965,0.2,-0.043089987614075655
300.0,-0.11230419000000005,294,529,602112,1137,0.0003,2930,-0.9448076693341136,0.25166015625,0.031998873,-0.08641460537910461,0.021780359212425538,0.15543371438980103,0.2,-0.04819562245393172
300.0,-0.11949747000000008,295,530,604160,1139,0.0003,2940,-0.9299866866320372,0.23486328125,0.030788891,-0.03689025342464447,0.08131694807671011,-0.03293311595916748,0.2,-0.041642210347345096
300.0,-0.18297145999999997,296,531,606208,1141,0.0003,2950,-0.927755220234394,0.236083984375,0.029443,-0.06298474967479706,0.036627538088941945,0.05979424715042114,0.2,-0.04177917336783139
300.0,-0.29631534,297,531,608256,1143,0.0003,2960,-0.9295888213440776,0.243505859375,0.02944795,-0.04981057345867157,0.020432286968571134,0.3978193402290344,0.2,-0.04087668353022309
300.0,-0.27894747000000003,298,532,610304,1146,0.0003,2970,-0.9088314969092608,0.23447265625,0.032734998,-0.07290356606245041,0.027142924210056662,0.24908047914505005,0.2,-0.038553090850473384
300.0,-0.21378897,299,533,612352,1148,0.0003,2980,-0.9374964356422424,0.23359375,0.028163305,-0.07126358151435852,0.03480542743345723,0.3244220018386841,0.2,-0.044110964259016325
300.0,-0.2349131200000001,300,533,614400,1151,0.0003,2990,-0.9228611571714282,0.23583984375,0.02847948,-0.057728469371795654,0.05754279014072381,0.2650272250175476,0.2,-0.044700642210955266
300.0,-0.28014656000000004,301,534,616448,1153,0.0003,3000,-0.935548091866076,0.232763671875,0.031101197,-0.07437756657600403,0.025628495498676785,0.48111677169799805,0.2,-0.04422486241383013
300.0,-0.12252367999999995,302,535,618496,1155,0.0003,3010,-0.9311955779790878,0.251513671875,0.03280556,-0.0646878182888031,0.02746350570814684,0.2919948697090149,0.2,-0.04740223670960404
300.0,-0.05630016999999999,303,535,620544,1158,0.0003,3020,-0.9205290518701077,0.220654296875,0.028059062,-0.0807148814201355,0.04962404232355766,0.37708717584609985,0.2,-0.04124643596587703
300.0,-0.16392849999999995,304,536,622592,1160,0.0003,3030,-0.9207905348390341,0.228955078125,0.03308747,-0.05722896754741669,0.07600763478549197,0.2253657579421997,0.2,-0.046250746553414504
300.0,-0.11739941999999996,305,537,624640,1162,0.0003,3040,-0.934194516018033,0.22939453125,0.029526083,-0.026804786175489426,0.08107251354958862,-0.2119835615158081,0.2,-0.04112024997011758
300.0,-0.19978233999999997,306,537,626688,1164,0.0003,3050,-0.9351927485316992,0.2453125,0.034138814,-0.0768643394112587,0.028536617942154407,0.02703016996383667,0.2,-0.04782809573516715
300.0,-0.21248716000000006,307,538,628736,1167,0.0003,3060,-0.9183522585779429,0.23466796875,0.026428716,-0.06786873191595078,0.027156673546414822,-0.06858241558074951,0.2,-0.04324390746478457
300.0,-0.16402627000000003,308,539,630784,1169,0.0003,3070,-0.9124929198995233,0.24287109375,0.033239447,-0.060417916625738144,0.03603839082061313,0.057271599769592285,0.2,-0.04584501118079061
300.0,-0.09894310000000005,309,539,632832,1171,0.0003,3080,-0.9155118325725198,0.233251953125,0.031535197,-0.0553860142827034,0.04166722824447788,0.194258451461792,0.2,-0.0458518276194809
300.0,0.060362309999999975,310,540,634880,1174,0.0003,3090,-0.915636713989079,0.242236328125,0.031883415,-0.06602474302053452,0.05519749345257878,0.08235228061676025,0.2,-0.04616948866751045
300.0,0.14911255999999998,311,541,636928,1177,0.0003,3100,-0.9093476261943578,0.233056640625,0.031195944,-0.0540180578827858,0.05514290050487034,0.14780449867248535,0.2,-0.04436665354005527
300.0,0.27584049,312,541,638976,1179,0.0003,3110,-0.8975572621449828,0.2416015625,0.030828137,-0.007479451596736908,0.07779421044979244,0.15485548973083496,0.2,-0.042657616769429293
300.0,0.2961367499999999,313,542,641024,1181,0.0003,3120,-0.9216667022556067,0.25185546875,0.031768866,-0.07157120108604431,0.05449678745353594,0.32993561029434204,0.2,-0.04739857300592121
300.0,0.1314262300000001,314,543,643072,1183,0.0003,3130,-0.898298062197864,0.219384765625,0.033151347,-0.04997031390666962,0.03170203918707557,0.10426658391952515,0.2,-0.04148326069698669
300.0,0.04212180999999998,315,543,645120,1186,0.0003,3140,-0.8945350440219044,0.219189453125,0.026497018,-0.047776103019714355,0.027114414243260398,0.34265458583831787,0.2,-0.041470223377109504
300.0,0.03644752999999998,316,544,647168,1188,0.0003,3150,-0.8984457595273853,0.230078125,0.032778464,-0.055871400982141495,0.023996781470486894,0.15893036127090454,0.2,-0.043247868606704286
300.0,0.05448901999999993,317,545,649216,1190,0.0003,3160,-0.9091615412384272,0.225341796875,0.029047485,-0.0618041530251503,0.035560671269195154,-0.0468599796295166,0.2,-0.04297755058796611
300.0,0.14709826000000004,318,545,651264,1193,0.0003,3170,-0.9026716168969869,0.230078125,0.030166369,-0.022370293736457825,0.0613722663896624,0.03617161512374878,0.2,-0.03997809319116641
300.0,0.157393,319,546,653312,1195,0.0003,3180,-0.8882670678198338,0.2326171875,0.03172405,-0.08212828636169434,0.0153478665772127,0.06801915168762207,0.2,-0.0431591120082885
300.0,0.19240999999999991,320,547,655360,1197,0.0003,3190,-0.8863901287317276,0.21884765625,0.029686645,-0.05384485051035881,0.04251511153415777,0.16286170482635498,0.2,-0.04324712025554618
300.0,0.43676682,321,548,657408,1199,0.0003,3200,-0.9139143619686365,0.232177734375,0.030377604,-0.054811298847198486,0.03537775527802296,0.07382446527481079,0.2,-0.04370881306967931
300.0,0.3935901500000001,322,548,659456,1201,0.0003,3210,-0.8688904145732522,0.24189453125,0.04050432,-0.0807834267616272,0.014178366036503576,-0.13053929805755615,0.2,-0.044775673444382845
300.0,0.5876737900000001,323,549,661504,1204,0.0003,3220,-0.8628568107262253,0.212744140625,0.028676316,-0.04079877585172653,0.06828247475204989,0.058946192264556885,0.2,-0.039287688853801225
300.0,0.44339268000000004,324,549,663552,1206,0.0003,3230,-0.8649179000407458,0.222119140625,0.029664196,-0.061407797038555145,0.04813657326158136,0.2605931758880615,0.2,-0.041925969842122865
300.0,0.56111952,325,550,665600,1209,0.0003,3240,-0.8688756933435797,0.23818359375,0.035811614,-0.028199613094329834,0.06734827664913609,0.11611872911453247,0.2,-0.041129412670852614
300.0,0.5610140099999998,326,551,667648,1211,0.0003,3250,-0.851712922565639,0.22880859375,0.03614323,-0.05456588417291641,0.07081827668007463,0.1153443455696106,0.2,-0.04373361189791467
300.0,0.5642826299999999,327,551,669696,1213,0.0003,3260,-0.850440982542932,0.23349609375,0.031551752,-0.0367727130651474,0.05339023565175012,0.3557518720626831,0.2,-0.044028006537701
300.0,0.5726643299999999,328,552,671744,1215,0.0003,3270,-0.8561694625765085,0.231494140625,0.031374123,-0.06073779612779617,0.06237914642551914,0.4974181652069092,0.2,-0.04447528294404037
300.0,0.70020668,329,553,673792,1218,0.0003,3280,-0.8243526820093393,0.2234375,0.033552945,-0.04401783272624016,0.05582667088601738,0.589596688747406,0.2,-0.043438367612543514
300.0,0.88529637,330,553,675840,1220,0.0003,3290,-0.8399273032322526,0.230712890625,0.031284887,-0.03318711742758751,0.07370147353503853,0.48816943168640137,0.2,-0.04137313995452132
300.0,0.8945443300000001,331,554,677888,1223,0.0003,3300,-0.8403673134744167,0.225146484375,0.0320971,-0.08664903044700623,0.0222200701769907,0.6898294687271118,0.2,-0.04421242025855463
300.0,0.8054336300000001,332,554,679936,1225,0.0003,3310,-0.806189714744687,0.2328125,0.032921396,-0.03453650325536728,0.02719682720780838,0.5822776556015015,0.2,-0.04382420606270898
300.0,0.6892576600000001,333,555,681984,1227,0.0003,3320,-0.8111592683941126,0.247802734375,0.039854515,-0.0734679251909256,0.025625758522073737,0.7211583852767944,0.2,-0.04482541921170195
300.0,0.758352,334,555,684032,1230,0.0003,3330,-0.7967011021450162,0.2357421875,0.035698004,-0.06610536575317383,0.0370487735082861,0.4758467674255371,0.2,-0.04557610934425611
300.0,0.5799939700000001,335,556,686080,1233,0.0003,3340,-0.8167498020455242,0.232568359375,0.032785423,-0.06047649681568146,0.04947014987119473,0.28920167684555054,0.2,-0.04437119333888404
300.0,0.6138763100000001,336,556,688128,1235,0.0003,3350,-0.8480320015922189,0.23798828125,0.031638257,-0.06622141599655151,0.039843922125874086,0.296400249004364,0.2,-0.043763617580407296
300.0,0.38118604999999994,337,557,690176,1239,0.0003,3360,-0.8478566069155932,0.23525390625,0.028206367,-0.08146779984235764,0.052232568932231514,0.17312157154083252,0.2,-0.04406690617033746
300.0,0.26427644000000006,338,557,692224,1241,0.0003,3370,-0.8386715147644281,0.22109375,0.03168086,-0.048080623149871826,0.04089120152639225,0.24393099546432495,0.2,-0.040664767409907654
300.0,0.3806723000000001,339,557,694272,1244,0.0003,3380,-0.8589418552815914,0.212939453125,0.029684361,-0.048992425203323364,0.03738218519138172,0.4193161725997925,0.2,-0.04094905493839178
300.0,0.10074755999999993,340,558,696320,1246,0.0003,3390,-0.8611110467463732,0.240478515625,0.034245066,-0.055853355675935745,0.03397843941347674,0.49104708433151245,0.2,-0.04619871044997126
300.0,0.05321593999999992,341,558,698368,1249,0.0003,3400,-0.8307624012231827,0.238037109375,0.035222586,-0.06295840442180634,0.0174380507087335,0.5782376527786255,0.2,-0.04213046084914822
300.0,0.3517727600000001,342,533,700416,1312,0.0003,3410,-0.8386605510488152,0.237158203125,0.033099927,-0.035932157188653946,0.015245396792306565,0.5744004845619202,0.2,-0.04200674064923078
300.0,0.48530109000000005,343,534,702464,1315,0.0003,3420,-0.8498139480128885,0.231787109375,0.03315568,-0.06307797133922577,0.02329622821707744,0.12056958675384521,0.2,-0.04467775852244813
300.0,0.56863122,344,534,704512,1317,0.0003,3430,-0.8328419245779515,0.239892578125,0.03657132,-0.023484960198402405,0.0600720894348342,0.07529067993164062,0.2,-0.04107238861033693
300.0,0.47453697000000006,345,535,706560,1319,0.0003,3440,-0.8789108980447053,0.24423828125,0.032823034,-0.032878316938877106,0.03613526477129199,0.32088613510131836,0.2,-0.04556476105062757
300.0,0.61627216,346,536,708608,1321,0.0003,3450,-0.8884008515626192,0.2224609375,0.028347481,-0.05489306151866913,0.03400517569389194,0.48288434743881226,0.2,-0.03964480112772435
300.0,0.61450783,347,536,710656,1323,0.0003,3460,-0.8904360681772232,0.2423828125,0.032253716,-0.05199224129319191,0.04015831692959182,0.4369468688964844,0.2,-0.043456644502293786
300.0,0.67103518,348,537,712704,1326,0.0003,3470,-0.8602106235921383,0.2591796875,0.040861547,-0.056428734213113785,0.03570387015352026,0.6216608285903931,0.2,-0.04717405865958426
300.0,0.6193839099999999,349,537,714752,1328,0.0003,3480,-0.8630119118839502,0.21845703125,0.025549844,-0.04269076883792877,0.03278605344821699,0.6654665470123291,0.2,-0.04250924097141251
300.0,0.68270742,350,538,716800,1331,0.0003,3490,-0.8811227018013597,0.232763671875,0.033813484,-0.0694824680685997,0.011428192410676274,0.8256132006645203,0.2,-0.0459906889765989
300.0,0.6884442,351,538,718848,1334,0.0003,3500,-0.8768149867653847,0.25498046875,0.03534966,-0.06817877292633057,0.044902850163634864,0.5918101072311401,0.2,-0.04543467838084325
300.0,0.8526262200000001,352,539,720896,1336,0.0003,3510,-0.8503246022388339,0.248681640625,0.036133103,-0.032285600900650024,0.07551534345839173,0.49949508905410767,0.2,-0.04293599814991467
300.0,0.7207005900000002,353,539,722944,1338,0.0003,3520,-0.865537253767252,0.2587890625,0.038436342,-0.06027853861451149,0.03051971972454339,0.5764899253845215,0.2,-0.047147146574570795
300.0,0.8288834300000001,354,540,724992,1341,0.0003,3530,-0.8598363924771547,0.23505859375,0.031978503,-0.059450697153806686,0.04815083279972896,0.5616137981414795,0.2,-0.04588777310855221
300.0,0.70241662,355,541,727040,1343,0.0003,3540,-0.8468121508136391,0.25107421875,0.039127804,-0.05928390845656395,0.05622718806844205,0.42480748891830444,0.2,-0.04157089364452986
300.0,0.6639684199999999,356,541,729088,1346,0.0003,3550,-0.8475224047899246,0.240478515625,0.03273473,-0.06635383516550064,0.09148284423863515,0.18639957904815674,0.2,-0.0445839448570041
300.0,0.4855275499999999,357,542,731136,1348,0.0003,3560,-0.8389988394454122,0.2376953125,0.034197442,-0.07535720616579056,0.042744591570226476,0.0022436976432800293,0.2,-0.04428390384127852
300.0,0.30696578999999996,358,542,733184,1351,0.0003,3570,-0.8584466522559524,0.244384765625,0.033401147,-0.06185257434844971,0.027973852198920214,0.3006286025047302,0.2,-0.04445274671597872
300.0,0.09469708999999997,359,543,735232,1353,0.0003,3580,-0.86242904830724,0.254833984375,0.03764888,-0.08420094847679138,0.0358102060155943,0.37841129302978516,0.2,-0.04648951254494023
300.0,-0.006342240000000081,360,543,737280,1356,0.0003,3590,-0.8611673180013895,0.238671875,0.03561569,-0.06601888686418533,0.04110155034577474,0.3785768151283264,0.2,-0.04564024498977233
300.0,-0.13919676000000003,361,544,739328,1358,0.0003,3600,-0.856717786192894,0.23310546875,0.03271196,-0.024678850546479225,0.05225230882642791,0.3271563649177551,0.2,-0.03892410740954801
300.0,-0.26440069000000005,362,544,741376,1361,0.0003,3610,-0.8590766835957766,0.24267578125,0.0319825,-0.07764646410942078,0.036958028370281684,0.3389204144477844,0.2,-0.04641817541560158
300.0,-0.08818172000000005,363,545,743424,1363,0.0003,3620,-0.8872067239135504,0.245263671875,0.03291091,-0.055853478610515594,0.055576623941306025,0.2994964122772217,0.2,-0.04315849738632096
300.0,-0.19402205999999997,364,545,745472,1366,0.0003,3630,-0.8393785199150443,0.221484375,0.032011475,-0.04814574867486954,0.04140114910551347,0.1475481390953064,0.2,-0.0436674999888055
300.0,-0.15919731999999998,365,546,747520,1368,0.0003,3640,-0.8443882184103131,0.264111328125,0.03813532,-0.026192929595708847,0.059494548628572376,-0.0034791231155395508,0.2,-0.04678536463470664
300.0,-0.15046872999999997,366,546,749568,1370,0.0003,3650,-0.8071384536102414,0.2388671875,0.03190872,-0.049197230488061905,0.025913762877462432,0.4687417149543762,0.2,-0.04521426294813864
300.0,-0.21398472999999996,367,547,751616,1373,0.0003,3660,-0.8061248112469912,0.22734375,0.034006637,-0.05564930662512779,0.03460962575627491,0.4744247794151306,0.2,-0.043600941830663945
300.0,-0.26107563,368,547,753664,1375,0.0003,3670,-0.8498064823448658,0.219091796875,0.032766156,-0.05616199970245361,0.030541345800156706,0.38479292392730713,0.2,-0.0433990659279516
300.0,-0.21169662000000003,369,548,755712,1377,0.0003,3680,-0.8139693513512611,0.229638671875,0.033901423,-0.05631393566727638,0.02850536066107452,0.3898155093193054,0.2,-0.04184696578304283
300.0,-0.10372039000000005,370,549,757760,1379,0.0003,3690,-0.8288348974660039,0.22900390625,0.03571924,-0.047216325998306274,0.09086595573462546,0.10326516628265381,0.2,-0.04346669189981185
300.0,-0.24498449000000008,371,549,759808,1382,0.0003,3700,-0.8324903104454279,0.246240234375,0.034329023,-0.06937264651060104,0.03489502920419909,0.2159399390220642,0.2,-0.047717460483545436
300.0,-0.13200855,372,550,761856,1384,0.0003,3710,-0.839436257071793,0.257275390625,0.038650773,-0.05060309171676636,0.07823356374865398,-0.007036328315734863,0.2,-0.04812821815139614
300.0,-0.10898102000000007,373,550,763904,1387,0.0003,3720,-0.8484445920214057,0.25927734375,0.034468353,-0.05761893466114998,0.05748768922640011,0.1523182988166809,0.2,-0.04441629710490815
300.0,-0.10464807000000002,374,551,765952,1389,0.0003,3730,-0.8420162051916122,0.236328125,0.035893336,-0.0809306800365448,0.015379901690175756,-0.11013877391815186,0.2,-0.0447863749723183
300.0,-0.01924060000000004,375,551,768000,1391,0.0003,3740,-0.8361409135162831,0.2390625,0.035337556,-0.03723740577697754,0.034838393484824336,0.06908589601516724,0.2,-0.042307629706920126
300.0,-0.14248015,376,552,770048,1394,0.0003,3750,-0.8095635747537017,0.23779296875,0.03428374,-0.05049460381269455,0.02873443332500756,-0.07697224617004395,0.2,-0.04815442269027699
300.0,-0.25967052,377,552,772096,1396,0.0003,3760,-0.7944380428642035,0.220263671875,0.029926956,-0.04290759190917015,0.06676236285711638,-0.10267972946166992,0.2,-0.0399325238307938
300.0,-0.3210561000000001,378,553,774144,1398,0.0003,3770,-0.8229824678972364,0.25048828125,0.04031399,-0.04654482752084732,0.06938913065823726,-0.015472054481506348,0.2,-0.045409984444268046
300.0,-0.30966406,379,554,776192,1400,0.0003,3780,-0.8111373266205192,0.230419921875,0.034110587,-0.048431187868118286,0.03420304579194635,-0.023781895637512207,0.2,-0.04478254138375633
300.0,-0.37031511,380,554,778240,1403,0.0003,3790,-0.8004902325570583,0.2427734375,0.03828796,-0.04452031850814819,0.05280682352022268,0.12969136238098145,0.2,-0.04529907923424616
300.0,-0.39261339000000006,381,555,780288,1405,0.0003,3800,-0.8037457600235939,0.248876953125,0.037085555,-0.0620591975748539,0.022708177851745857,0.4327276945114136,0.2,-0.04315476854535518
300.0,-0.33400068999999993,382,555,782336,1407,0.0003,3810,-0.7863443840295077,0.237548828125,0.032242686,-0.07782506942749023,0.029022201744373886,0.43552231788635254,0.2,-0.042332422228355426
300.0,-0.43882677000000014,383,556,784384,1410,0.0003,3820,-0.7865786721929908,0.231591796875,0.033267304,-0.028362132608890533,0.12883546680677682,0.21518296003341675,0.2,-0.04455453284317627
300.0,-0.56405825,384,556,786432,1412,0.0003,3830,-0.7859614351764321,0.235888671875,0.035836436,-0.05371914803981781,0.029661842627683656,0.39160507917404175,0.2,-0.04438519543618895
300.0,-0.6033129000000002,385,557,788480,1414,0.0003,3840,-0.7728826625272631,0.239697265625,0.03967449,-0.028309471905231476,0.06038296587066725,0.19589263200759888,0.2,-0.04130563833168708
300.0,-0.6384078099999999,386,557,790528,1416,0.0003,3850,-0.7849171305075288,0.244580078125,0.040132333,-0.06885115802288055,0.02482909489190206,0.4968802332878113,0.2,-0.045198266286752185
300.0,-0.6006578199999999,387,558,792576,1418,0.0003,3860,-0.780231267772615,0.225830078125,0.036235325,-0.07832673192024231,0.022578579021501354,0.3407735824584961,0.2,-0.04324618309401558
300.0,-0.6319602100000001,388,559,794624,1420,0.0003,3870,-0.7844643276184797,0.24501953125,0.03704749,-0.04172031208872795,0.04589314644690603,0.2848585247993469,0.2,-0.043264617951354015
300.0,-0.43288843,389,559,796672,1423,0.0003,3880,-0.7839566988870501,0.23134765625,0.033202656,-0.05862976238131523,0.06183411699021235,0.11161375045776367,0.2,-0.04191950693639228
300.0,-0.4468999599999999,390,560,798720,1425,0.0003,3890,-0.7973549662157893,0.242919921875,0.036476478,-0.05616617947816849,0.04201336826081388,0.2194138765335083,0.2,-0.04121820332075003
300.0,-0.12009933,391,538,800768,1486,0.0003,3900,-0.7774019915610552,0.224609375,0.033688106,-0.05675920471549034,0.016945478138222825,0.30026835203170776,0.2,-0.04146947850676952
300.0,-0.07658163999999996,392,539,802816,1488,0.0003,3910,-0.7853485045954585,0.24013671875,0.03412361,-0.06362400203943253,0.03121027253801003,0.0629192590713501,0.2,-0.0422812303469982
300.0,-0.06690494000000001,393,539,804864,1490,0.0003,3920,-0.7961474612355233,0.243017578125,0.035099253,-0.0482407808303833,0.055566426843870434,0.06477940082550049,0.2,-0.04199820016801823
300.0,-0.102095,394,540,806912,1492,0.0003,3930,-0.7777344971895218,0.22939453125,0.0358706,-0.04377420246601105,0.031408691237447786,-0.08778941631317139,0.2,-0.04228118165337946
300.0,-0.26097096999999997,395,541,808960,1495,0.0003,3940,-0.7729212190955878,0.2423828125,0.03656085,-0.04118888080120087,0.033089137671049686,-0.013569235801696777,0.2,-0.043127845544950104
300.0,-0.30464162999999994,396,541,811008,1497,0.0003,3950,-0.7928957641124725,0.217919921875,0.032459,-0.004243776202201843,0.07345583470305428,-0.013607978820800781,0.2,-0.042823037729249336
300.0,-0.25873728999999995,397,542,813056,1499,0.0003,3960,-0.8351878916844726,0.2322265625,0.033897903,-0.06829461455345154,0.0457158965524286,-0.05145096778869629,0.2,-0.0481245417468017
300.0,-0.10134808999999993,398,542,815104,1501,0.0003,3970,-0.809760132431984,0.21953125,0.0307522,-0.042470067739486694,0.08611659512389451,-0.061593055725097656,0.2,-0.0430264834605623
300.0,-0.14440895999999998,399,543,817152,1504,0.0003,3980,-0.8326754372566938,0.2490234375,0.038979884,-0.04495643451809883,0.048359970474848524,0.08045923709869385,0.2,-0.04683420187793672
300.0,-0.02185533999999998,400,543,819200,1506,0.0003,3990,-0.7932095574215055,0.236328125,0.035950705,-0.07864189147949219,0.028689247564761898,0.06322365999221802,0.2,-0.04174572561896639
300.0,0.11388377000000002,401,544,821248,1509,0.0003,4000,-0.8070997500792145,0.240869140625,0.033826463,-0.0398445762693882,0.09660664454568177,0.038209617137908936,0.2,-0.043898491325671786
300.0,0.23530944,402,544,823296,1511,0.0003,4010,-0.819483002461493,0.262939453125,0.03907416,-0.06201029196381569,0.023102931352332233,0.22607421875,0.2,-0.046104892189032395
300.0,0.07320465000000008,403,545,825344,1513,0.0003,4020,-0.8015694038942456,0.231591796875,0.037000548,-0.018954874947667122,0.04366704131825827,0.2149139642715454,0.2,-0.041225317004864336
300.0,0.13501630000000003,404,545,827392,1515,0.0003,4030,-0.8203027127310634,0.23720703125,0.034566432,-0.06708443909883499,0.03418195010744966,0.18300187587738037,0.2,-0.04643989411997609
300.0,0.02833540000000006,405,546,829440,1517,0.0003,4040,-0.8067970983684063,0.2640625,0.04164496,-0.05712057650089264,0.03127119085402228,0.00871962308883667,0.2,-0.0473845672851894
300.0,-0.12453339999999993,406,546,831488,1520,0.0003,4050,-0.7887300111353397,0.2416015625,0.038479015,-0.09146840125322342,0.02097830129205249,0.13055765628814697,0.2,-0.04664678680128418
300.0,-0.21756157,407,547,833536,1522,0.0003,4060,-0.7909405743703246,0.238720703125,0.035282467,-0.06311212480068207,0.04542678411817178,0.12226623296737671,0.2,-0.043755826223059555
300.0,-0.34973451,408,548,835584,1524,0.0003,4070,-0.7879517346620559,0.234228515625,0.037859976,-0.06191537156701088,0.043871257972205056,-0.0058057308197021484,0.2,-0.045757144686649556
300.0,-0.34621456999999983,409,548,837632,1526,0.0003,4080,-0.7814957406371832,0.243017578125,0.039486058,-0.061073049902915955,0.054437494988087566,0.15939700603485107,0.2,-0.04697935087024234
300.0,-0.36879518,410,549,839680,1529,0.0003,4090,-0.7626735556870698,0.228759765625,0.03772183,-0.05174267292022705,0.05140504738083109,0.13452458381652832,0.2,-0.04282811104785651
300.0,-0.46520240000000007,411,549,841728,1531,0.0003,4100,-0.7556604234501719,0.236474609375,0.035528056,-0.07463590800762177,0.03417970885639079,0.23572206497192383,0.2,-0.04329792798816925
300.0,-0.48566901,412,550,843776,1533,0.0003,4110,-0.7558174753561616,0.2328125,0.035110474,-0.05641406029462814,0.045983345626154914,0.2245490550994873,0.2,-0.04466297954204492
300.0,-0.58907867,413,550,845824,1535,0.0003,4120,-0.7439529519528151,0.23779296875,0.034500428,-0.05283919721841812,0.05656074741855264,0.11727404594421387,0.2,-0.0417918038496282
300.0,-0.6403171700000001,414,551,847872,1538,0.0003,4130,-0.7698443289846182,0.239990234375,0.039821275,-0.05794820934534073,0.0223683428397635,0.18257975578308105,0.2,-0.04396394074137788
300.0,-0.67942432,415,551,849920,1540,0.0003,4140,-0.7461088268086314,0.23828125,0.045241963,-0.05997971445322037,0.037311935890465976,0.36246687173843384,0.2,-0.044341396578238344
300.0,-0.5919413899999999,416,552,851968,1542,0.0003,4150,-0.7411289501935243,0.242724609375,0.036500722,-0.054484955966472626,0.03311484076839406,0.5277142524719238,0.2,-0.0443413821674767
300.0,-0.53607436,417,552,854016,1544,0.0003,4160,-0.7692112781107425,0.24521484375,0.037613638,-0.054271142929792404,0.03748775463900529,0.5194312334060669,0.2,-0.04604767062410246
300.0,-0.43200919,418,553,856064,1546,0.0003,4170,-0.759136458300054,0.2421875,0.036836103,-0.04179318621754646,0.04069802057929337,0.6444698572158813,0.2,-0.04514462250226643
300.0,-0.5060577399999999,419,553,858112,1549,0.0003,4180,-0.7616638084873557,0.23046875,0.03282568,-0.07356481999158859,0.023143146038637496,0.7238207459449768,0.2,-0.04409057562879752
300.0,-0.43907044999999995,420,554,860160,1551,0.0003,4190,-0.7905676882714033,0.2458984375,0.039853256,-0.058479469269514084,0.021086541225668044,0.46000945568084717,0.2,-0.04485218414920382
300.0,-0.49356811,421,554,862208,1553,0.0003,4200,-0.7520956689491868,0.2416015625,0.03570361,-0.0567769818007946,0.049542112875496966,0.2803918719291687,0.2,-0.044534354831557724
300.0,-0.44098179999999987,422,555,864256,1555,0.0003,4210,-0.7710630681365729,0.25537109375,0.039564766,-0.05512315034866333,0.05976311396807432,0.19128644466400146,0.2,-0.04390053912939038
300.0,-0.39271577,423,556,866304,1557,0.0003,4220,-0.7798826672136784,0.244189453125,0.038592514,-0.04581325873732567,0.03161342077073641,0.11576598882675171,0.2,-0.042875709262443704
300.0,-0.23467571999999998,424,556,868352,1560,0.0003,4230,-0.7689106822013855,0.224951171875,0.033629335,-0.07164935022592545,0.024871020726277494,-0.2486485242843628,0.2,-0.04465146304573864
300.0,-0.18588759999999993,425,557,870400,1562,0.0003,4240,-0.7854161415249109,0.22109375,0.032824732,-0.03884859383106232,0.031074950977927073,0.03520423173904419,0.2,-0.04441533198696561
300.0,-0.02804259999999992,426,557,872448,1565,0.0003,4250,-0.782760514691472,0.22822265625,0.036426716,-0.08219504356384277,0.02855462446459569,-0.3440030813217163,0.2,-0.04691008685040288
300.0,0.14405591000000004,427,557,874496,1567,0.0003,4260,-0.7772251382470131,0.247265625,0.04058136,-0.059844400733709335,0.020365801826119422,0.14061391353607178,0.2,-0.043455412864568645
300.0,0.43362323,428,558,876544,1570,0.0003,4270,-0.7765263399109245,0.22685546875,0.033247925,-0.04247160255908966,0.055560392094776034,0.10511910915374756,0.2,-0.045852458133595064
300.0,0.35743544000000005,429,558,878592,1572,0.0003,4280,-0.7376468351110816,0.247802734375,0.040834613,-0.05363347753882408,0.04122194523224607,0.08064895868301392,0.2,-0.04576991168141831
300.0,0.23947142,430,559,880640,1574,0.0003,4290,-0.7792676899582147,0.237451171875,0.034101922,-0.05052077770233154,0.0643301578820683,0.20972669124603271,0.2,-0.045287784034735525
300.0,0.08381071999999999,431,559,882688,1576,0.0003,4300,-0.7763535128906369,0.2404296875,0.034194127,-0.0633457824587822,0.033262968179769814,0.11831516027450562,0.2,-0.04592454940720927
300.0,0.18151183999999998,432,560,884736,1578,0.0003,4310,-0.7569514103233814,0.234228515625,0.037707306,-0.037863314151763916,0.06367593215545639,0.021819233894348145,0.2,-0.04175811566237826
300.0,0.24750799,433,560,886784,1580,0.0003,4320,-0.7471302945166827,0.242529296875,0.037615187,-0.05055714398622513,0.063242299167905,0.12851107120513916,0.2,-0.04652477669005748
300.0,0.29118972,434,561,888832,1583,0.0003,4330,-0.7449141649529338,0.220068359375,0.029597616,-0.029724109917879105,0.06889894755440765,0.20493626594543457,0.2,-0.041332949255593124
300.0,0.4601023,435,561,890880,1585,0.0003,4340,-0.7585563903674484,0.226513671875,0.034734823,-0.08508632332086563,0.03338195711257867,0.3829991817474365,0.2,-0.04443239132524468
300.0,0.5627872700000001,436,562,892928,1587,0.0003,4350,-0.7753882998600602,0.247607421875,0.041251257,-0.06384232640266418,0.036473287059925495,0.49377238750457764,0.2,-0.04742979043658124
300.0,0.6169849299999999,437,562,894976,1590,0.0003,4360,-0.744542128033936,0.2359375,0.03965898,-0.054445527493953705,0.03817867814796046,0.37756097316741943,0.2,-0.045455135445808995
300.0,0.53496668,438,563,897024,1592,0.0003,4370,-0.7540142739191651,0.2248046875,0.033017527,-0.06423813849687576,0.03168982697243337,0.5283030867576599,0.2,-0.04367166865267791
300.0,0.6594590799999999,439,563,899072,1595,0.0003,4380,-0.7655419666320086,0.2478515625,0.03753481,-0.03850359469652176,0.09390114435227588,0.33662891387939453,0.2,-0.04719165074639022
300.0,0.57401366,440,543,901120,1658,0.0003,4390,-0.7616515211760998,0.2322265625,0.036492694,-0.029046092182397842,0.039467604883247985,0.33832424879074097,0.2,-0.044234433691599406
300.0,0.57231749,441,543,903168,1660,0.0003,4400,-0.768682892806828,0.2408203125,0.035833485,-0.07446666806936264,0.0351445103471633,0.46802616119384766,0.2,-0.04429116312821861
300.0,0.52957967,442,544,905216,1662,0.0003,4410,-0.7487023895606398,0.2455078125,0.03758304,-0.0692073404788971,0.05154968071728945,0.5125393271446228,0.2,-0.048344111422193234
300.0,0.38667288,443,544,907264,1664,0.0003,4420,-0.756949651055038,0.245849609375,0.040198486,-0.0442688949406147,0.030639423109823836,0.29530203342437744,0.2,-0.04446521908976138
300.0,0.34320181,444,545,909312,1666,0.0003,4430,-0.7395008118823171,0.239697265625,0.041448608,-0.05437660217285156,0.046833008201792835,0.376953661441803,0.2,-0.04419913899328094
300.0,0.4927174500000001,445,546,911360,1668,0.0003,4440,-0.7521909963339567,0.25048828125,0.03877856,-0.059446774423122406,0.047662428731564434,0.1662977933883667,0.2,-0.04200575238937745
300.0,0.4636586999999999,446,546,913408,1670,0.0003,4450,-0.7746864061802625,0.23876953125,0.03490338,-0.0657055452466011,0.019501943240175023,0.23436450958251953,0.2,-0.04341826665768167
300.0,0.46653489,447,547,915456,1672,0.0003,4460,-0.7788369549438358,0.2455078125,0.03653664,-0.07342293858528137,0.026560084955417552,0.04867196083068848,0.2,-0.04574564263166394
300.0,0.33242556000000006,448,547,917504,1675,0.0003,4470,-0.7471262026578188,0.24189453125,0.039447084,-0.035293594002723694,0.08300915192812681,-0.011551737785339355,0.2,-0.04379524476389633
300.0,0.52134274,449,548,919552,1677,0.0003,4480,-0.7450895935297013,0.241064453125,0.037170798,-0.04855551943182945,0.055865612521301955,-0.006228804588317871,0.2,-0.04242237046419177
300.0,0.3284392400000001,450,548,921600,1679,0.0003,4490,-0.7753715630620718,0.2521484375,0.033822536,-0.07603345811367035,0.03738124443334527,0.16720664501190186,0.2,-0.04525803014985286
300.0,0.29993767,451,549,923648,1681,0.0003,4500,-0.7746153499931097,0.239697265625,0.035075717,-0.06917679309844971,0.04348389148944989,0.1255664825439453,0.2,-0.04597227993508568
300.0,0.12532777000000006,452,549,925696,1683,0.0003,4510,-0.7530331235378981,0.239404296875,0.03689956,-0.051163118332624435,0.03206389498081989,0.3072969317436218,0.2,-0.043727378878975286
300.0,0.17387571,453,550,927744,1685,0.0003,4520,-0.7853138504549861,0.25458984375,0.03733454,-0.09117530286312103,0.03794938584323972,0.17666339874267578,0.2,-0.046898199815768746
300.0,0.008228879999999918,454,550,929792,1687,0.0003,4530,-0.785667190514505,0.2443359375,0.037868615,-0.04918928071856499,0.05920184620190412,0.3447003960609436,0.2,-0.047413892854820006
300.0,0.011014229999999951,455,551,931840,1689,0.0003,4540,-0.7494927734136582,0.238720703125,0.032474086,-0.0403938814997673,0.08115273107541725,0.2464846968650818,0.2,-0.04477280993887689
300.0,-0.08362206,456,551,933888,1691,0.0003,4550,-0.7476363183930517,0.248193359375,0.037181392,-0.06556089222431183,0.03322490606224164,0.2692345976829529,0.2,-0.045410413900390266
300.0,-0.11765835,457,552,935936,1694,0.0003,4560,-0.7344289008527994,0.22216796875,0.032390215,-0.06628818064928055,0.029574210409191438,0.23813164234161377,0.2,-0.044125267333583906
300.0,-0.17931741,458,552,937984,1696,0.0003,4570,-0.7415940465405584,0.225732421875,0.030407313,-0.05735187605023384,0.020819980165106243,0.18658792972564697,0.2,-0.03950298324925825
300.0,-0.12703623000000003,459,553,940032,1698,0.0003,4580,-0.7798331683501601,0.245458984375,0.04005442,-0.08949858695268631,0.031220331037184225,0.3884740471839905,0.2,-0.04767043863685103
300.0,-0.21992919,460,553,942080,1700,0.0003,4590,-0.7964617094025016,0.2525390625,0.03546043,-0.06217613071203232,0.019621454080333934,0.5425516963005066,0.2,-0.044689571627532135
300.0,-0.33367102000000004,461,554,944128,1702,0.0003,4600,-0.793888739682734,0.238232421875,0.035313144,-0.048320114612579346,0.04015830445569009,0.2038877010345459,0.2,-0.044899256670032625
300.0,-0.42723222,462,554,946176,1705,0.0003,4610,-0.7631419900804758,0.2470703125,0.038293857,-0.08734568953514099,0.023239753968664446,0.37204110622406006,0.2,-0.04498952653957531
300.0,-0.62066962,463,555,948224,1707,0.0003,4620,-0.7679084327071906,0.218017578125,0.03308248,-0.029900237917900085,0.07844737331615761,0.1946699023246765,0.2,-0.04217363878997275
300.0,-0.7095487699999999,464,555,950272,1709,0.0003,4630,-0.7562410412356257,0.23623046875,0.039715577,0.008511051535606384,0.12291376886423677,0.22630012035369873,0.2,-0.04479466108314227
300.0,-0.58048856,465,556,952320,1711,0.0003,4640,-0.7622026292607188,0.236279296875,0.037484832,-0.05035388469696045,0.053919473732821646,0.10518985986709595,0.2,-0.04447535858635092
300.0,-0.49622292000000007,466,556,954368,1713,0.0003,4650,-0.7584662718698383,0.229150390625,0.0357376,-0.05545924976468086,0.037559171480825174,0.17262804508209229,0.2,-0.044062283227685836
300.0,-0.36715286999999996,467,557,956416,1715,0.0003,4660,-0.7569686118513346,0.23994140625,0.03950964,-0.08891991525888443,0.038219026534352454,0.289154052734375,0.2,-0.043976130150258544
300.0,-0.23133799999999993,468,557,958464,1717,0.0003,4670,-0.7511033928021789,0.24638671875,0.03768315,-0.07062482833862305,0.04042261301074177,0.3350662589073181,0.2,-0.04813451352529228
300.0,-0.24400850999999996,469,558,960512,1719,0.0003,4680,-0.7437007155269384,0.234326171875,0.0368611,-0.033703193068504333,0.06830423611681909,0.15999549627304077,0.2,-0.04597815132292453
300.0,-0.2197440400000001,470,558,962560,1721,0.0003,4690,-0.7474590554833412,0.251513671875,0.039808713,-0.06228359788656235,0.037292521866038444,0.27673470973968506,0.2,-0.04519837255065795
300.0,-0.2796098000000001,471,559,964608,1724,0.0003,4700,-0.7317866174504161,0.238916015625,0.038312018,-0.05290531367063522,0.05441748609300703,0.29657334089279175,0.2,-0.0490863467915915
300.0,-0.1888939800000001,472,559,966656,1726,0.0003,4710,-0.7506049511954188,0.251708984375,0.03824965,-0.0560619980096817,0.024684370204340667,0.30335378646850586,0.2,-0.04471783558547031
300.0,-0.03224710000000009,473,560,968704,1728,0.0003,4720,-0.7197743155062198,0.24013671875,0.039496183,-0.025759879499673843,0.0724118126789108,0.22139525413513184,0.2,-0.042080962887848725
300.0,-0.019356430000000056,474,561,970752,1730,0.0003,4730,-0.7125940728932619,0.250390625,0.046541914,-0.039645105600357056,0.08270759781589732,0.021344006061553955,0.2,-0.04145704579423182
300.0,0.12882171999999992,475,561,972800,1732,0.0003,4740,-0.7294255314394832,0.227294921875,0.035062693,-0.06707902997732162,0.03780681954231113,0.24829238653182983,0.2,-0.04022254939191043
300.0,0.17787794,476,561,974848,1734,0.0003,4750,-0.7140966514125466,0.261962890625,0.05024551,-0.06332045793533325,0.06674831891432405,0.050029456615448,0.2,-0.04551036819175351
300.0,0.024385369999999962,477,562,976896,1736,0.0003,4760,-0.7297128088772297,0.25302734375,0.0425651,-0.04423706978559494,0.04998381952173077,0.17384731769561768,0.2,-0.04375911942915991
300.0,0.03275889000000001,478,562,978944,1738,0.0003,4770,-0.7406234411522746,0.221240234375,0.038985558,-0.022059297189116478,0.08465046698693186,0.006375014781951904,0.2,-0.04049806220573373
300.0,0.002171779999999948,479,563,980992,1740,0.0003,4780,-0.7247102566063404,0.23330078125,0.03560533,-0.051968809217214584,0.055331800587009636,0.36563968658447266,0.2,-0.04455242388503393
300.0,-0.17658448000000007,480,563,983040,1743,0.0003,4790,-0.7324434220790863,0.2560546875,0.04402159,-0.06671832501888275,0.019358416201430372,0.5699340105056763,0.2,-0.047703518663183786
300.0,-0.19051027000000004,481,564,985088,1745,0.0003,4800,-0.7274566972628236,0.24501953125,0.040404074,0.004192322492599487,0.15610870698001236,0.22911149263381958,0.2,-0.04319434564386029
300.0,-0.0828700200000001,482,564,987136,1747,0.0003,4810,-0.7452295942232012,0.236767578125,0.035911337,-0.059701114892959595,0.04740752928191796,0.276913046836853,0.2,-0.04169496348768007
300.0,-0.23047340000000008,483,565,989184,1749,0.0003,4820,-0.7181009182706475,0.2263671875,0.035321772,-0.04745647311210632,0.0255947794765234,0.017739534378051758,0.2,-0.04471330976812169
300.0,-0.24846500000000002,484,565,991232,1751,0.0003,4830,-0.7293268812820315,0.24560546875,0.03968794,-0.034944064915180206,0.10951079736696556,0.18180620670318604,0.2,-0.044284305747714824
300.0,-0.28808457000000004,485,566,993280,1754,0.0003,4840,-0.7140856700018048,0.24677734375,0.04267346,-0.02917187288403511,0.05916154860751703,0.2911456823348999,0.2,-0.04474302936287131
300.0,-0.3472927,486,566,995328,1756,0.0003,4850,-0.7517789719626308,0.24921875,0.042937443,-0.06239936500787735,0.045306830428307875,0.39755433797836304,0.2,-0.04695117412775289
300.0,-0.37896387000000004,487,567,997376,1758,0.0003,4860,-0.7512411551550031,0.2484375,0.040183738,-0.050451718270778656,0.06497702224878595,0.3170135021209717,0.2,-0.043382046674378213
300.0,-0.4659737,488,567,999424,1760,0.0003,4870,-0.7457161782309413,0.2580078125,0.040028125,-0.034236468374729156,0.05621194778941572,0.35728758573532104,0.2,-0.046877066034358
300.0,-0.4919507600000001,489,550,1001472,1818,0.0003,4880,-0.7562921004369855,0.242333984375,0.036903974,-0.0853082537651062,0.02663394440896809,0.3470699191093445,0.2,-0.04669356786180288
300.0,-0.47140809000000006,490,551,1003520,1820,0.0003,4890,-0.7493856679648161,0.236328125,0.036591385,-0.039959028363227844,0.034593668760498984,0.4684208631515503,0.2,-0.042203254689229655
300.0,-0.4696886000000001,491,551,1005568,1822,0.0003,4900,-0.7556856533512473,0.241357421875,0.038868014,-0.05621214210987091,0.031472523440606893,0.49515676498413086,0.2,-0.04550303826690651
300.0,-0.3460351,492,552,1007616,1824,0.0003,4910,-0.7570903981104493,0.254052734375,0.041724667,-0.02256651222705841,0.073288344591856,0.3929761052131653,0.2,-0.04686408874113113
300.0,-0.33552572999999986,493,552,1009664,1826,0.0003,4920,-0.749745094589889,0.24326171875,0.03902358,-0.0560571663081646,0.049980361363850534,0.4020479917526245,0.2,-0.0438688963840832
300.0,-0.17856296,494,553,1011712,1829,0.0003,4930,-0.7476907283067703,0.240673828125,0.03509441,-0.06883552670478821,0.022566928176092915,0.4549383521080017,0.2,-0.04404332270496525
300.0,-0.15107044,495,553,1013760,1831,0.0003,4940,-0.7306125454604626,0.2419921875,0.03738555,-0.06281009316444397,0.031881051004165786,0.490622341632843,0.2,-0.046245683860615824
300.0,-0.20272915999999996,496,554,1015808,1833,0.0003,4950,-0.7257277142256499,0.23681640625,0.043572694,-0.02783810719847679,0.08139629317447543,0.15834075212478638,0.2,-0.04308119904890191
300.0,-0.1516611999999999,497,554,1017856,1835,0.0003,4960,-0.7397113177925349,0.24833984375,0.040891133,-0.027234647423028946,0.05007438134634867,-0.06097114086151123,0.2,-0.042712440212199
300.0,-0.08051448999999998,498,554,1019904,1837,0.0003,4970,-0.7656892223283649,0.2412109375,0.04127387,-0.022305341437458992,0.053722605644725266,0.13986653089523315,0.2,-0.04796929895819631
300.0,-0.28222236999999994,499,555,1021952,1839,0.0003,4980,-0.7657830741256475,0.24091796875,0.042075217,-0.05096126347780228,0.04752281651599333,-0.13218772411346436,0.2,-0.04351362180896103
300.0,-0.34611021000000003,500,555,1024000,1841,0.0003,4990,-0.7622904678806662,0.243359375,0.04004037,-0.06753744930028915,0.04769447881262749,-0.18523752689361572,0.2,-0.04509929505002219
300.0,-0.48395710999999997,501,556,1026048,1844,0.0003,5000,-0.7620333258062602,0.25224609375,0.042952172,-0.03809497877955437,0.04357244347920641,0.11453062295913696,0.2,-0.04405436125816777
300.0,-0.47809669,502,556,1028096,1846,0.0003,5010,-0.7816366299986839,0.240771484375,0.035838388,-0.04092588275671005,0.06713029704988002,0.08839261531829834,0.2,-0.04538292765209917
300.0,-0.57466221,503,557,1030144,1848,0.0003,5020,-0.7369323037564754,0.2544921875,0.041889757,-0.06060606986284256,0.050974240625509995,0.1328202486038208,0.2,-0.04729448447178584
300.0,-0.7513720899999997,504,557,1032192,1850,0.0003,5030,-0.7473178582265974,0.250830078125,0.038106125,-0.054741427302360535,0.026484461699146776,0.4810078740119934,0.2,-0.04865439287386834
300.0,-0.9024084099999999,505,558,1034240,1852,0.0003,5040,-0.7595415221527219,0.261865234375,0.043503765,-0.06803952902555466,0.018572443243465388,0.5609172582626343,0.2,-0.050715335659333505
300.0,-0.79380557,506,558,1036288,1854,0.0003,5050,-0.7680934440344572,0.24560546875,0.045963414,-0.052512459456920624,0.010059331335651223,0.7872128486633301,0.2,-0.044786174895125444
300.0,-0.69634677,507,559,1038336,1856,0.0003,5060,-0.7326175935566426,0.223583984375,0.03353336,-0.08408857882022858,0.02588538754498586,0.6853024959564209,0.2,-0.04427356490632519
300.0,-0.7729547,508,559,1040384,1858,0.0003,5070,-0.7651742314919829,0.24365234375,0.03996977,-0.03838473558425903,0.02885185169870965,0.6547693610191345,0.2,-0.04498322972212918
300.0,-0.8796326199999999,509,560,1042432,1860,0.0003,5080,-0.7798090111464262,0.270849609375,0.04422053,-0.06747111678123474,0.03756146079394966,0.6264998912811279,0.2,-0.045312944255420005
300.0,-0.7574367999999998,510,560,1044480,1862,0.0003,5090,-0.753371344693005,0.250634765625,0.048102602,-0.07090230286121368,0.013789662407361902,0.7784203886985779,0.2,-0.04674976509413682
300.0,-0.9186168600000001,511,561,1046528,1865,0.0003,5100,-0.7422763405367732,0.242529296875,0.04050319,-0.09334977716207504,0.014420606178464367,0.770660936832428,0.2,-0.04688138056371827
300.0,-0.92175882,512,561,1048576,1867,0.0003,5110,-0.7394345216453075,0.239990234375,0.03884197,-0.08014930039644241,0.0403399285452906,0.1556822657585144,0.2,-0.04546290654834593
300.0,-0.9344976000000002,513,561,1050624,1870,0.0003,5120,-0.747375570051372,0.260888671875,0.04302218,-0.05863567814230919,0.02811021955567412,0.4542437195777893,0.2,-0.04722408607485704
300.0,-0.6364026699999998,514,562,1052672,1872,0.0003,5130,-0.747787825204432,0.234521484375,0.038743373,-0.06133836507797241,0.04204868150409311,0.15235495567321777,0.2,-0.04438225319900084
300.0,-0.56003114,515,562,1054720,1874,0.0003,5140,-0.7465582869946956,0.25,0.03995373,-0.05892355740070343,0.045090236142277716,0.2455483078956604,0.2,-0.04151488176721614
300.0,-0.36770992999999996,516,563,1056768,1876,0.0003,5150,-0.7657046420499682,0.25380859375,0.045087032,-0.04874749109148979,0.034505305922357364,0.3681184649467468,0.2,-0.04691305722226389
300.0,-0.20199026000000003,517,563,1058816,1878,0.0003,5160,-0.753576623648405,0.228955078125,0.033918224,-0.04728119075298309,0.05385487232124433,0.4064079523086548,0.2,-0.04353552647808101
300.0,-0.16410524,518,564,1060864,1880,0.0003,5170,-0.7201469294726849,0.21474609375,0.041784074,-0.030013147741556168,0.06362744246143848,0.4084995985031128,0.2,-0.04072142260993132
300.0,-0.31410337,519,564,1062912,1882,0.0003,5180,-0.7577236721292138,0.241357421875,0.041819412,-0.059443399310112,0.04259664050769061,0.28156089782714844,0.2,-0.04436377028177958
300.0,-0.29026211,520,565,1064960,1884,0.0003,5190,-0.759698786586523,0.25205078125,0.038913265,-0.058177754282951355,0.03902518320246599,-0.21368622779846191,0.2,-0.04659359181096079
300.0,-0.030497950000000017,521,565,1067008,1886,0.0003,5200,-0.7482170209288597,0.243603515625,0.041599978,-0.033558204770088196,0.030373275812598875,0.01214301586151123,0.2,-0.04331996688561048
300.0,-0.15733993999999998,522,565,1069056,1889,0.0003,5210,-0.7603042544797063,0.25458984375,0.037917204,-0.07891306281089783,0.02326776866975706,0.12735295295715332,0.2,-0.04860382204351481
300.0,-0.11821412000000002,523,566,1071104,1891,0.0003,5220,-0.7571781553328037,0.232080078125,0.03305035,-0.06839258223772049,0.01768997107283212,-0.2790706157684326,0.2,-0.04287489143607672
300.0,0.055247749999999964,524,566,1073152,1893,0.0003,5230,-0.7307761119678616,0.24375,0.04035832,-0.04614461585879326,0.07598870964720846,0.05555778741836548,0.2,-0.045354303412023
300.0,0.0885215,525,567,1075200,1895,0.0003,5240,-0.7456348927691578,0.254931640625,0.04398739,-0.04930887743830681,0.05733120152726769,-0.1483403444290161,0.2,-0.0462716276786523
300.0,0.25929021,526,567,1077248,1897,0.0003,5250,-0.7632737047970295,0.25107421875,0.04410498,-0.05894128978252411,0.05563241455820389,0.0544777512550354,0.2,-0.045307089434936644
300.0,0.31502847999999994,527,568,1079296,1899,0.0003,5260,-0.7662613661959767,0.244482421875,0.03715889,-0.06552857160568237,0.0371172281797044,-0.11949813365936279,0.2,-0.04274717410298763
300.0,0.32124514,528,568,1081344,1901,0.0003,5270,-0.7647159699350595,0.23916015625,0.039711647,-0.04494643956422806,0.043462866812478754,0.03933823108673096,0.2,-0.0473001004109392
300.0,0.38713342000000006,529,568,1083392,1904,0.0003,5280,-0.7537176968529821,0.24208984375,0.04168941,-0.049006979912519455,0.06351844351738692,0.06274563074111938,0.2,-0.046020731583121234
300.0,0.4291047799999999,530,569,1085440,1906,0.0003,5290,-0.7660308929160238,0.23671875,0.04011842,-0.04793410748243332,0.03245913241407834,0.14240235090255737,0.2,-0.044986596825765446
300.0,0.33063848,531,569,1087488,1908,0.0003,5300,-0.7676817713305354,0.25966796875,0.041970693,-0.055986568331718445,0.056158415687968956,0.1262584924697876,0.2,-0.0445543482528592
300.0,0.25112910000000005,532,570,1089536,1910,0.0003,5310,-0.7623277302831412,0.23720703125,0.03552286,-0.058667466044425964,0.06191169301746413,0.14721858501434326,0.2,-0.04317762080318062
300.0,0.15826876000000006,533,570,1091584,1912,0.0003,5320,-0.7631653094664216,0.256494140625,0.039333127,-0.05007900297641754,0.030045603326288983,0.32549023628234863,0.2,-0.046565042868314775
300.0,0.49445385000000003,534,571,1093632,1914,0.0003,5330,-0.7664505736902356,0.23662109375,0.04068199,-0.04786335304379463,0.051134386885678396,0.4124925136566162,0.2,-0.04449933622236131
300.0,0.25777486999999993,535,571,1095680,1916,0.0003,5340,-0.7476217797026038,0.239794921875,0.043797992,-0.030079882591962814,0.06080706038046628,0.349263072013855,0.2,-0.04671172356465832
300.0,0.06701438999999997,536,572,1097728,1918,0.0003,5350,-0.7479055309668183,0.2521484375,0.037949942,-0.04240289330482483,0.04262429034570232,0.40038031339645386,0.2,-0.044993289053672926
300.0,0.14284316999999996,537,572,1099776,1920,0.0003,5360,-0.7334222972393036,0.250830078125,0.038610477,-0.06703716516494751,0.03472862599301152,0.5554607510566711,0.2,-0.04543794299825095
300.0,0.13751729,538,556,1101824,1980,0.0003,5370,-0.7529464384540916,0.24453125,0.039738573,-0.05190961807966232,0.010621628194348887,0.5824301838874817,0.2,-0.04836791390844155
300.0,-0.06742729000000004,539,556,1103872,1982,0.0003,5380,-0.7559663327410817,0.258349609375,0.046157558,-0.06599295139312744,0.04706468965741806,0.0017705559730529785,0.2,-0.04972754107438959
300.0,0.12450531999999999,540,557,1105920,1984,0.0003,5390,-0.7453231116756797,0.25810546875,0.043590777,-0.05165807157754898,0.050168534653494135,0.1782572865486145,0.2,-0.04780767436750466
300.0,0.11362745,541,557,1107968,1987,0.0003,5400,-0.7272863436490298,0.24580078125,0.04076734,-0.07213540375232697,0.03545293369679712,-0.03422105312347412,0.2,-0.04539574185910169
300.0,-0.020609409999999943,542,557,1110016,1989,0.0003,5410,-0.7289487408474088,0.240576171875,0.03840424,-0.08470182865858078,0.031551578314974904,-0.08054029941558838,0.2,-0.04412317887181416
300.0,-0.08397692999999999,543,558,1112064,1991,0.0003,5420,-0.7320351904258132,0.258154296875,0.049655244,-0.08412295579910278,0.01651612993737217,0.1789243221282959,0.2,-0.04756604056165088
300.0,-0.08041911999999997,544,558,1114112,1993,0.0003,5430,-0.7308892082422972,0.2578125,0.043548055,-0.06656276434659958,0.0258824697782984,-0.16399383544921875,0.2,-0.04746226218994707
300.0,-0.15017917999999997,545,559,1116160,1995,0.0003,5440,-0.732871339097619,0.245703125,0.036742315,-0.04628707095980644,0.047665130376117304,-0.048568129539489746,0.2,-0.044752052053809166
300.0,-0.14358333999999995,546,559,1118208,1998,0.0003,5450,-0.7447329062968493,0.25185546875,0.047929846,-0.06584058701992035,0.0344004259124631,-0.09646499156951904,0.2,-0.04288100207631942
300.0,0.002480140000000013,547,560,1120256,2000,0.0003,5460,-0.7200048675760626,0.2626953125,0.050446212,-0.05662556365132332,0.06831517182290554,-0.0750037431716919,0.2,-0.044866967928828674
300.0,0.03369840000000007,548,560,1122304,2002,0.0003,5470,-0.7488397920504213,0.255517578125,0.042631987,-0.04965730011463165,0.06972643635235727,0.051794230937957764,0.2,-0.04436794591019862
300.0,-0.05703252000000001,549,560,1124352,2004,0.0003,5480,-0.717966827750206,0.24404296875,0.037971992,-0.05027142912149429,0.06316537492675707,0.0959087610244751,0.2,-0.043982203667110295
300.0,0.04149896000000001,550,561,1126400,2006,0.0003,5490,-0.7367636250331998,0.24482421875,0.03757406,-0.04519012197852135,0.03669996408862062,0.043919146060943604,0.2,-0.043250127651845105
300.0,0.18141471000000003,551,561,1128448,2009,0.0003,5500,-0.7162698552012443,0.246875,0.045322463,-0.04359740763902664,0.03194506652362179,-0.0569535493850708,0.2,-0.04361064596887445
300.0,0.11337544000000001,552,562,1130496,2011,0.0003,5510,-0.7307345312088728,0.23369140625,0.03747446,-0.047521620988845825,0.05036264667287469,0.04467123746871948,0.2,-0.04330990093876608
300.0,0.08064592000000005,553,562,1132544,2013,0.0003,5520,-0.7408579399809241,0.231787109375,0.03562896,-0.0864519327878952,0.01156376075814478,0.0748404860496521,0.2,-0.04470638976490591
300.0,0.14604233000000005,554,562,1134592,2015,0.0003,5530,-0.7403328936547041,0.2447265625,0.041176267,-0.05196552723646164,0.0544972458970733,0.0029706358909606934,0.2,-0.04850255690689664
300.0,0.13063347,555,563,1136640,2017,0.0003,5540,-0.7272961780428886,0.257861328125,0.043757733,-0.06732219457626343,0.019971628856728783,-0.16824686527252197,0.2,-0.048224899492925036
300.0,0.18625613000000002,556,563,1138688,2019,0.0003,5550,-0.7580031977966428,0.241650390625,0.038484283,-0.034360796213150024,0.06705032968893647,0.0021184682846069336,0.2,-0.045402619424567095
300.0,0.036032020000000047,557,564,1140736,2022,0.0003,5560,-0.7537944303825498,0.247021484375,0.04386694,-0.043581172823905945,0.05564448368968442,0.17523151636123657,0.2,-0.04844360487477388
300.0,-0.09299931999999998,558,564,1142784,2024,0.0003,5570,-0.7562131548300386,0.2380859375,0.039293937,-0.07087456434965134,0.02330152885406278,-0.24127840995788574,0.2,-0.04231371467758436
300.0,0.11344314000000001,559,564,1144832,2026,0.0003,5580,-0.7248069865629077,0.251513671875,0.044454865,-0.06594817340373993,0.029854872947908007,0.055295705795288086,0.2,-0.04777248655154835
300.0,0.06279110000000006,560,565,1146880,2028,0.0003,5590,-0.7311698209494353,0.259619140625,0.05067604,-0.05252039432525635,0.03672850223374553,-0.16629564762115479,0.2,-0.046349320250737944
300.0,-0.018873689999999978,561,565,1148928,2030,0.0003,5600,-0.7265250384807587,0.248583984375,0.046528175,-0.0359305664896965,0.03812475259765051,0.08875125646591187,0.2,-0.04603461540827993
300.0,0.013611220000000012,562,566,1150976,2032,0.0003,5610,-0.7203030310571193,0.239892578125,0.03644734,-0.06661898642778397,0.058940838743001225,-0.01524198055267334,0.2,-0.04567977825936396
300.0,0.049756539999999995,563,566,1153024,2035,0.0003,5620,-0.714938479848206,0.254443359375,0.045786344,-0.07281224429607391,0.02455859327747021,-0.32792985439300537,0.2,-0.04541794171964284
300.0,0.24239213999999998,564,566,1155072,2037,0.0003,5630,-0.702061952650547,0.245751953125,0.036893412,-0.08883600682020187,0.01865919862757437,-0.03768360614776611,0.2,-0.0427085148752667
300.0,0.26253265000000003,565,567,1157120,2039,0.0003,5640,-0.7064269773662091,0.241552734375,0.04173046,-0.05580688267946243,0.05481742150150239,-0.03234207630157471,0.2,-0.04203523187316023
300.0,0.06247823000000006,566,567,1159168,2041,0.0003,5650,-0.7205694580450654,0.25458984375,0.04887936,-0.06209103763103485,0.01955273198254872,0.32593727111816406,0.2,-0.04545790858392138
300.0,0.09835817999999998,567,568,1161216,2044,0.0003,5660,-0.7077245067805051,0.234814453125,0.039600886,-0.04802260175347328,0.039456295332638544,0.2170988917350769,0.2,-0.045152566651813685
300.0,-0.025679269999999997,568,568,1163264,2046,0.0003,5670,-0.7166392864659429,0.26220703125,0.046105698,-0.03952084109187126,0.06843407948617823,0.13271266222000122,0.2,-0.049982576770707964
300.0,-0.14052652999999998,569,568,1165312,2049,0.0003,5680,-0.6893786443397403,0.233251953125,0.04123681,-0.03665424883365631,0.04789517538738437,-0.06659722328186035,0.2,-0.04156562182179187
300.0,-0.3570112600000001,570,568,1167360,2051,0.0003,5690,-0.7005089785903692,0.23408203125,0.042956043,-0.04199023172259331,0.02215802894788794,0.30577003955841064,0.2,-0.04156236397393513
300.0,-0.44705326,571,569,1169408,2054,0.0003,5700,-0.7039539117366076,0.2326171875,0.043366566,-0.05659296363592148,0.04491022877045907,0.20856642723083496,0.2,-0.03975167047756258
300.0,-0.5315173,572,569,1171456,2056,0.0003,5710,-0.7109256023541093,0.24951171875,0.03943388,-0.07065574824810028,0.03785119196982123,0.06784963607788086,0.2,-0.0439734463012428
300.0,-0.47175860000000003,573,570,1173504,2058,0.0003,5720,-0.7020709609612823,0.2423828125,0.041460305,-0.05251661688089371,0.09012046379502862,0.10305982828140259,0.2,-0.04965727818198502
300.0,-0.5756038400000001,574,570,1175552,2060,0.0003,5730,-0.7070886125788093,0.236474609375,0.041199625,-0.047611385583877563,0.06409639280755072,0.1717115044593811,0.2,-0.04599284197611268
300.0,-0.6082431899999999,575,570,1177600,2062,0.0003,5740,-0.6801484307274223,0.258251953125,0.0502243,-0.08706048876047134,0.02397281509183813,0.3648607134819031,0.2,-0.047670833565643986
300.0,-0.5422207299999999,576,571,1179648,2065,0.0003,5750,-0.6838922204449773,0.245166015625,0.04896967,-0.05274266377091408,0.042170030227862296,0.44981521368026733,0.2,-0.04391356101841666
300.0,-0.58446148,577,571,1181696,2067,0.0003,5760,-0.6768136050552129,0.23505859375,0.04345849,-0.0263679102063179,0.05096085737459362,0.48475170135498047,0.2,-0.042934719580807724
300.0,-0.6068752799999999,578,571,1183744,2069,0.0003,5770,-0.6641015340574086,0.254052734375,0.049685538,-0.04536763206124306,0.06474289891775697,0.3682290315628052,0.2,-0.045459106551425064
300.0,-0.6810169699999998,579,572,1185792,2071,0.0003,5780,-0.6711600573733449,0.236669921875,0.041525975,-0.057948462665081024,0.0361536764074117,0.265998899936676,0.2,-0.041712662890495265
300.0,-0.5731873000000001,580,572,1187840,2073,0.0003,5790,-0.6676712967455387,0.2490234375,0.050244115,-0.060304418206214905,0.020063116974779405,0.25076794624328613,0.2,-0.0436551939958008
300.0,-0.48269709000000005,581,573,1189888,2075,0.0003,5800,-0.6818348161876202,0.25302734375,0.048923172,-0.0612611398100853,0.021418923485907727,0.39585089683532715,0.2,-0.0441371566237649
300.0,-0.296224,582,573,1191936,2078,0.0003,5810,-0.6674149252474308,0.23173828125,0.04241837,-0.06087309122085571,0.02826405198429711,0.11424463987350464,0.2,-0.038774868324981074
300.0,-0.17234382999999998,583,573,1193984,2080,0.0003,5820,-0.6706596914678812,0.23232421875,0.0391258,-0.07277373224496841,0.029977830304414966,0.1595398187637329,0.2,-0.04470936432480812
300.0,0.03399960999999999,584,574,1196032,2082,0.0003,5830,-0.6710384683683515,0.241650390625,0.047783196,-0.06996501237154007,0.010874222818529233,0.4996339678764343,0.2,-0.04299615940544754
300.0,0.22970235999999997,585,574,1198080,2085,0.0003,5840,-0.6667594921775162,0.2427734375,0.048030704,-0.05486804246902466,0.06534362976672128,0.2151746153831482,0.2,-0.044168482651002705
300.0,0.35880987999999997,586,559,1200128,2145,0.0003,5850,-0.6747634368017316,0.262255859375,0.04880896,-0.0795278251171112,0.015020305383950472,0.1927747130393982,0.2,-0.047604093753761845
300.0,0.64296769,587,559,1202176,2147,0.0003,5860,-0.6752328461036086,0.24970703125,0.045956954,-0.03646499291062355,0.05117954362067394,0.3050743341445923,0.2,-0.04527085831068689
300.0,0.49049369,588,560,1204224,2149,0.0003,5870,-0.6983079209923744,0.25673828125,0.046085343,-0.07351111620664597,0.02490058820694685,0.4099385142326355,0.2,-0.04756981494138017
300.0,0.48961961000000004,589,560,1206272,2151,0.0003,5880,-0.6907847739756108,0.244384765625,0.043818023,-0.04922616854310036,0.05446489236783236,0.3420644998550415,0.2,-0.043636193545535204
300.0,0.57604429,590,561,1208320,2153,0.0003,5890,-0.69173574000597,0.26630859375,0.04761373,-0.06133020669221878,0.03140652621514164,0.5394299626350403,0.2,-0.04794348608120345
300.0,0.6238657,591,561,1210368,2155,0.0003,5900,-0.6957865947857499,0.23876953125,0.041661933,-0.08636180311441422,0.034446864196797836,0.41361111402511597,0.2,-0.04620259909424931
300.0,0.55260608,592,561,1212416,2157,0.0003,5910,-0.690768918208778,0.239208984375,0.044565365,-0.07272379845380783,0.019998595188371836,0.2968699336051941,0.2,-0.04341747834405396
300.0,0.59530318,593,562,1214464,2159,0.0003,5920,-0.6993081724271178,0.2537109375,0.04579351,-0.04427444562315941,0.051772709924262014,0.27779608964920044,0.2,-0.04647071741055697
300.0,0.6513466800000001,594,562,1216512,2162,0.0003,5930,-0.7039140136912465,0.245849609375,0.039837442,-0.07346028834581375,0.012871961545897648,0.7024548649787903,0.2,-0.04533604165771976
300.0,0.7393644099999999,595,562,1218560,2164,0.0003,5940,-0.7035584950819611,0.252099609375,0.048067056,-0.023267844691872597,0.02408247229177505,0.6346308588981628,0.2,-0.0458890252339188
300.0,0.6368267300000001,596,563,1220608,2166,0.0003,5950,-0.6978446250781417,0.2583984375,0.05074541,-0.04670320078730583,0.04048278002883308,0.47751563787460327,0.2,-0.04441500768298283
300.0,0.32563822000000003,597,563,1222656,2169,0.0003,5960,-0.7128448002040386,0.235009765625,0.039095104,-0.05917602404952049,0.014383269072277471,0.708781361579895,0.2,-0.04650591630197596
300.0,0.18734574,598,564,1224704,2171,0.0003,5970,-0.706783083640039,0.2453125,0.04258447,-0.0606921911239624,0.033434574771672484,0.6505801677703857,0.2,-0.04627144171099644
300.0,0.18376878999999996,599,564,1226752,2173,0.0003,5980,-0.6949433112517,0.23671875,0.043043915,-0.061476148664951324,0.03756978841265664,0.5209682583808899,0.2,-0.04298579883616185
300.0,0.1414283499999999,600,564,1228800,2175,0.0003,5990,-0.7074272446334362,0.250732421875,0.05137976,-0.051268674433231354,0.024749534385045992,0.2667166590690613,0.2,-0.045476955054618885
300.0,0.11882489000000003,601,565,1230848,2177,0.0003,6000,-0.693518877774477,0.23642578125,0.04002877,-0.04825080186128616,0.04168536904617213,0.26944512128829956,0.2,-0.044710823814966716
300.0,0.11801774999999999,602,565,1232896,2179,0.0003,6010,-0.7074031800031662,0.24755859375,0.040667716,-0.06220010295510292,0.04160991020034999,0.17758464813232422,0.2,-0.045118282028124665
300.0,0.14595545999999993,603,565,1234944,2181,0.0003,6020,-0.6992344226688146,0.24248046875,0.04352089,-0.07510559260845184,0.04786759606213309,-0.0100630521774292,0.2,-0.04512028979079332
300.0,0.17400886,604,566,1236992,2184,0.0003,6030,-0.691861217468977,0.236669921875,0.044051766,-0.07797063142061234,0.028265834762714805,-0.1195671558380127,0.2,-0.04490251907263883
300.0,0.2029664,605,566,1239040,2186,0.0003,6040,-0.7186474895104766,0.252490234375,0.041729026,-0.07110875844955444,0.029191680572694167,-0.013156890869140625,0.2,-0.04442868335754611
300.0,0.40037528,606,567,1241088,2188,0.0003,6050,-0.713714368827641,0.264111328125,0.04661283,-0.058391593396663666,0.04622208084329031,0.0011309385299682617,0.2,-0.04701394515577704
300.0,0.3745628100000002,607,567,1243136,2190,0.0003,6060,-0.6901790481060743,0.242822265625,0.04249756,-0.06015613675117493,0.03450845188926906,0.12151122093200684,0.2,-0.04219811331859091
300.0,0.28892541000000005,608,567,1245184,2192,0.0003,6070,-0.6892266351729631,0.249462890625,0.044824526,-0.041695401072502136,0.08674369048094377,-0.004562735557556152,0.2,-0.04300257250433788
300.0,0.19499361999999995,609,568,1247232,2194,0.0003,6080,-0.6816058756783605,0.25029296875,0.04292552,-0.05620937421917915,0.03490670309984125,0.025827467441558838,0.2,-0.04464630668080645
300.0,0.10439047000000003,610,568,1249280,2197,0.0003,6090,-0.7141070269048214,0.24150390625,0.04402771,-0.0492224395275116,0.041382178978528826,0.09069323539733887,0.2,-0.04479270098527195
300.0,0.21331971000000005,611,568,1251328,2199,0.0003,6100,-0.716188270226121,0.22978515625,0.03628508,-0.04862355440855026,0.0496540236286819,0.19957798719406128,0.2,-0.044236114429077135
300.0,0.26035375,612,569,1253376,2201,0.0003,6110,-0.705674609169364,0.244775390625,0.045147773,-0.05901431664824486,0.02162385382980574,0.4320729970932007,0.2,-0.045709652612276844
300.0,0.22840337999999993,613,569,1255424,2203,0.0003,6120,-0.700565168634057,0.264990234375,0.04816415,-0.06639878451824188,0.031422976881731304,0.20470547676086426,0.2,-0.049174510125885716
300.0,0.22354126000000005,614,570,1257472,2205,0.0003,6130,-0.7151043344289064,0.26064453125,0.052277084,-0.07201936841011047,0.026716384856263174,-0.11108946800231934,0.2,-0.04428200017136987
300.0,0.54455027,615,570,1259520,2207,0.0003,6140,-0.6816511437296867,0.23486328125,0.04689645,-0.084833063185215,0.026649299630662426,0.1157982349395752,0.2,-0.04142227708653081
300.0,0.586151,616,570,1261568,2209,0.0003,6150,-0.7112652361392975,0.25322265625,0.046074644,-0.062009699642658234,0.04113163106958382,-0.09797108173370361,0.2,-0.047524605036596765
300.0,0.5836386299999999,617,571,1263616,2211,0.0003,6160,-0.6828389195725322,0.2416015625,0.04372137,-0.0747947171330452,0.03152869578334503,0.17520278692245483,0.2,-0.04358159814437386
300.0,0.50239104,618,571,1265664,2214,0.0003,6170,-0.6847322640940547,0.229638671875,0.04498805,-0.04452614113688469,0.03489741226658225,0.20425009727478027,0.2,-0.04356638809549622
300.0,0.5040579299999998,619,571,1267712,2216,0.0003,6180,-0.6978499177843333,0.235693359375,0.043005608,-0.06858401000499725,0.026103187471744605,0.2771756649017334,0.2,-0.043647058453643695
300.0,0.37727717999999993,620,572,1269760,2218,0.0003,6190,-0.7003642080351711,0.25146484375,0.04960795,-0.06446924805641174,0.018430553312646224,0.39394450187683105,0.2,-0.04649836939352099
300.0,0.14378609999999997,621,572,1271808,2220,0.0003,6200,-0.702388078905642,0.23759765625,0.04904013,-0.04653766751289368,0.06362601682776585,0.2523707151412964,0.2,-0.0432589260279201
300.0,0.06184915999999994,622,573,1273856,2222,0.0003,6210,-0.6896417664363981,0.25283203125,0.044916905,-0.05407475307583809,0.0397377957822755,0.36577165126800537,0.2,-0.04494073493697215
300.0,0.06863730000000003,623,573,1275904,2225,0.0003,6220,-0.682721895352006,0.234326171875,0.042454273,-0.07612184435129166,0.015053538471693172,0.7468804717063904,0.2,-0.04358555385260843
300.0,-0.03581488999999995,624,573,1277952,2227,0.0003,6230,-0.6748165968805552,0.238427734375,0.045247205,-0.055398400872945786,0.02409191864717286,0.504751443862915,0.2,-0.04446753619704395
300.0,-0.03243948000000001,625,573,1280000,2230,0.0003,6240,-0.6820547936484218,0.24990234375,0.043019384,-0.06728954613208771,0.024214522537658923,0.3484545350074768,0.2,-0.04627450016268995
300.0,0.010482970000000019,626,574,1282048,2232,0.0003,6250,-0.6876564480364322,0.266015625,0.05347173,-0.03122742474079132,0.023285938895423897,0.37260866165161133,0.2,-0.043870171894377565
300.0,0.12142898000000002,627,574,1284096,2235,0.0003,6260,-0.7062318483367562,0.242138671875,0.04658165,-0.057057566940784454,0.036375802772818135,0.2580541968345642,0.2,-0.043324429276981394
300.0,0.05751802000000004,628,574,1286144,2237,0.0003,6270,-0.704827268794179,0.25341796875,0.043357693,-0.0584067776799202,0.04416241248254664,0.1879897117614746,0.2,-0.04300279437302379
300.0,0.05177939,629,575,1288192,2239,0.0003,6280,-0.7083618961274624,0.2470703125,0.047499016,-0.04940163716673851,0.04831598199089058,0.26144570112228394,0.2,-0.04293966955447104
300.0,-0.10648997000000002,630,575,1290240,2242,0.0003,6290,-0.7034768033772707,0.250146484375,0.04469026,-0.05125079303979874,0.04139617694891058,-0.07135450839996338,0.2,-0.045361238677287474
300.0,-0.060480209999999986,631,575,1292288,2244,0.0003,6300,-0.7059318730607629,0.252880859375,0.05258128,-0.04847050830721855,0.027198188373586164,0.03992551565170288,0.2,-0.043048811558401213
300.0,-0.05897328000000004,632,576,1294336,2246,0.0003,6310,-0.6631250025704503,0.24853515625,0.048458345,-0.047541458159685135,0.04334338288754225,0.21218496561050415,0.2,-0.0440273836866254
300.0,-0.09983821000000001,633,576,1296384,2248,0.0003,6320,-0.7085983619093895,0.26396484375,0.045364216,-0.07144300639629364,0.022914574790047482,0.3084283471107483,0.2,-0.04492866402724758
300.0,-0.19156839000000006,634,576,1298432,2251,0.0003,6330,-0.6807320540770888,0.244921875,0.049964122,-0.027400057762861252,0.029458101277123207,0.13764941692352295,0.2,-0.042436142792575994
300.0,-0.07485648000000003,635,562,1300480,2312,0.0003,6340,-0.6904976034536958,0.2515625,0.051654182,-0.04140874743461609,0.043667586194351314,0.036182701587677,0.2,-0.04635923331661616
300.0,0.023951260000000002,636,562,1302528,2314,0.0003,6350,-0.6935800354927778,0.2541015625,0.048463978,-0.05736931413412094,0.05585638896445744,0.16746920347213745,0.2,-0.043609054748958445
300.0,0.05358967000000001,637,563,1304576,2317,0.0003,6360,-0.6782060561701655,0.23544921875,0.042156897,-0.013516843318939209,0.03741299255052581,0.09023630619049072,0.2,-0.0418488331255503
300.0,-0.01609483000000001,638,563,1306624,2319,0.0003,6370,-0.6964396350085735,0.246875,0.045840364,-0.04348539188504219,0.03194331593695097,0.2184516191482544,0.2,-0.04174316011340125
300.0,0.21390570999999997,639,563,1308672,2321,0.0003,6380,-0.6954781463369727,0.254296875,0.05064794,-0.04702404513955116,0.05844126633601263,0.1895790696144104,0.2,-0.043350087263388556
300.0,0.13475634,640,564,1310720,2323,0.0003,6390,-0.6826196238398552,0.2478515625,0.047379546,-0.04994755610823631,0.058041194855468346,0.07381045818328857,0.2,-0.041659542397246695
300.0,0.17638296999999997,641,564,1312768,2325,0.0003,6400,-0.6803780913352966,0.252734375,0.048341095,-0.046179961413145065,0.035036069247871636,0.3034195899963379,0.2,-0.04394251339836046
300.0,-0.008724350000000042,642,564,1314816,2328,0.0003,6410,-0.7012001153081655,0.25205078125,0.043778215,-0.07414426654577255,0.02097087253932841,0.4765721559524536,0.2,-0.04381442101002904
300.0,0.10217155999999998,643,565,1316864,2330,0.0003,6420,-0.6827327717095614,0.2447265625,0.048862208,-0.0414729006588459,0.04069702955894172,0.31469762325286865,0.2,-0.04343434136826545
300.0,0.08272377999999997,644,565,1318912,2332,0.0003,6430,-0.6884331721812487,0.2396484375,0.040463924,-0.06437279284000397,0.01102869685710175,0.4179391860961914,0.2,-0.043398530143895185
300.0,0.02931538999999997,645,565,1320960,2334,0.0003,6440,-0.710340416058898,0.256640625,0.043165505,-0.07653588056564331,0.029208237864077093,0.4758041501045227,0.2,-0.04783035712316632
300.0,-0.26399326999999995,646,566,1323008,2336,0.0003,6450,-0.6923865519464016,0.2609375,0.05525306,-0.06096276640892029,0.019682961583021095,0.19901961088180542,0.2,-0.042480628116754814
300.0,-0.3519360899999999,647,566,1325056,2338,0.0003,6460,-0.6871646024286747,0.248486328125,0.051276952,-0.07084669172763824,0.023898639719118365,0.3104282021522522,0.2,-0.0435062561678933
300.0,-0.32584655000000007,648,566,1327104,2341,0.0003,6470,-0.7361086146906018,0.24404296875,0.0433197,-0.0317520871758461,0.0354631233291002,0.3962104320526123,0.2,-0.041878091607941315
300.0,-0.4255590099999999,649,567,1329152,2343,0.0003,6480,-0.7102102372795344,0.252294921875,0.05525118,-0.06935805082321167,0.012364491711196024,0.4790385961532593,0.2,-0.04659231239929795
300.0,-0.47905357000000004,650,567,1331200,2345,0.0003,6490,-0.6991591127589345,0.239013671875,0.04867062,-0.08243927359580994,0.019807320029940456,0.36719387769699097,0.2,-0.040711543735233134
300.0,-0.48216497,651,567,1333248,2347,0.0003,6500,-0.7052166219800711,0.25322265625,0.046981223,-0.019082551822066307,0.06211572122992948,0.17558467388153076,0.2,-0.04578646979643963
300.0,-0.57319148,652,568,1335296,2350,0.0003,6510,-0.728317978605628,0.252294921875,0.047987394,-0.06826210021972656,0.05068301105638966,0.18619626760482788,0.2,-0.04659655029827263
300.0,-0.5034401199999999,653,568,1337344,2352,0.0003,6520,-0.73267652541399,0.24716796875,0.04108272,-0.04745008051395416,0.043205335806123915,0.4363994002342224,0.2,-0.04270069641061127
300.0,-0.38699292999999996,654,568,1339392,2354,0.0003,6530,-0.7150492055341602,0.257421875,0.05234577,-0.052443813532590866,0.04130406649783254,0.4334491491317749,0.2,-0.04765130384184886
300.0,-0.30129949000000006,655,569,1341440,2356,0.0003,6540,-0.7181534627452493,0.24326171875,0.05175806,-0.08725393563508987,0.025950385048054157,0.6677955389022827,0.2,-0.043874950605095366
300.0,-0.4496925400000001,656,569,1343488,2358,0.0003,6550,-0.7263486018404365,0.25546875,0.044142842,-0.07857277244329453,0.04193756044842303,0.6244291067123413,0.2,-0.04685869854874909
300.0,-0.29702835000000005,657,569,1345536,2360,0.0003,6560,-0.7340990668162704,0.249609375,0.043487433,-0.03047596663236618,0.08881756579503416,0.12554126977920532,0.2,-0.046678894554497675
300.0,-0.3014812700000001,658,570,1347584,2362,0.0003,6570,-0.7482651075348258,0.267041015625,0.047578756,-0.04219029098749161,0.05956264397245832,0.2943439483642578,0.2,-0.04572605941211805
300.0,-0.27018400000000004,659,570,1349632,2365,0.0003,6580,-0.7367210451513528,0.2451171875,0.04570821,-0.04525953531265259,0.03181286776671186,0.5098105669021606,0.2,-0.0457502806573757
300.0,-0.23429162000000006,660,571,1351680,2367,0.0003,6590,-0.7290194081142545,0.228515625,0.049433865,-0.04459802806377411,0.03601035298779607,0.4528390169143677,0.2,-0.04477821945620235
300.0,-0.02922243000000007,661,571,1353728,2369,0.0003,6600,-0.7217286517843604,0.257421875,0.054942377,-0.030288703739643097,0.06484545158455149,0.0016012787818908691,0.2,-0.047918813937576486
300.0,0.14476007999999996,662,571,1355776,2371,0.0003,6610,-0.710374079272151,0.247216796875,0.048636638,-0.06646305322647095,0.05399996864725835,0.13929837942123413,0.2,-0.04438707666995469
300.0,0.17634486000000002,663,571,1357824,2373,0.0003,6620,-0.7167664654552937,0.25634765625,0.05160597,-0.05727297067642212,0.032950144849019126,-0.1913696527481079,0.2,-0.0466995814233087
300.0,0.09297393000000004,664,572,1359872,2375,0.0003,6630,-0.7093301653862,0.2564453125,0.046714235,-0.05679512768983841,0.022015874899807386,0.1224445104598999,0.2,-0.047374471789225936
300.0,0.25505698000000004,665,572,1361920,2378,0.0003,6640,-0.7089830700308084,0.24111328125,0.048400924,-0.059584371745586395,0.05362572478479706,0.12879425287246704,0.2,-0.04942760023841401
300.0,0.20511877999999995,666,572,1363968,2380,0.0003,6650,-0.6980175679549575,0.26162109375,0.051531028,-0.033591680228710175,0.05910609888960607,0.041834354400634766,0.2,-0.04568910305388272
300.0,0.22127115000000003,667,573,1366016,2382,0.0003,6660,-0.6944845104590058,0.23740234375,0.043163683,-0.05811571329832077,0.021795120599563234,-0.2102506160736084,0.2,-0.0455512630433077
300.0,-0.06489888000000002,668,573,1368064,2385,0.0003,6670,-0.7070398477837443,0.251806640625,0.047868125,-0.06723257899284363,0.03831679128925316,0.294675350189209,0.2,-0.045697643980383874
300.0,0.03385827000000001,669,573,1370112,2387,0.0003,6680,-0.6858934950083494,0.240283203125,0.041769926,-0.05412379279732704,0.037149891152512285,0.43805718421936035,0.2,-0.043699519880465235
300.0,0.28127495,670,574,1372160,2389,0.0003,6690,-0.6989200636744499,0.25107421875,0.047746696,-0.05432679504156113,0.048333054583054036,0.36496037244796753,0.2,-0.04380061856354587
300.0,0.31452424000000007,671,574,1374208,2391,0.0003,6700,-0.6872555064037442,0.2486328125,0.047151748,-0.04988035932183266,0.02584394727018662,-0.028519749641418457,0.2,-0.04777414920681622
300.0,0.19391864999999997,672,574,1376256,2393,0.0003,6710,-0.6923905337229371,0.2412109375,0.040306427,-0.03241197019815445,0.060560730227734894,0.08302003145217896,0.2,-0.046051315241493286
300.0,0.043347689999999967,673,575,1378304,2395,0.0003,6720,-0.6810655206441879,0.22861328125,0.039642926,-0.06528925895690918,0.033665591926546765,0.08427339792251587,0.2,-0.046229654015041886
300.0,0.08423609000000001,674,575,1380352,2398,0.0003,6730,-0.6729782745242119,0.24697265625,0.0484595,-0.07448076456785202,0.015293615250266157,0.4000893831253052,0.2,-0.043075164506444705
300.0,0.04553298000000004,675,575,1382400,2400,0.0003,6740,-0.6702040996402502,0.247900390625,0.04622495,-0.058998722583055496,0.042312986945034936,0.128834068775177,0.2,-0.04641746386187151
300.0,-0.19636386000000003,676,576,1384448,2402,0.0003,6750,-0.6763521324843168,0.24365234375,0.0477399,-0.03514782339334488,0.08582717780955136,0.22831732034683228,0.2,-0.04465754146513064
300.0,-0.27068057,677,576,1386496,2404,0.0003,6760,-0.6820133417844773,0.231005859375,0.047055043,-0.03988492488861084,0.020691190179786646,0.6032428741455078,0.2,-0.04368841126561165
300.0,-0.20028289999999999,678,576,1388544,2406,0.0003,6770,-0.6780955111607909,0.243896484375,0.04438597,-0.05224122852087021,0.050182275008410215,0.44025635719299316,0.2,-0.041493150807218625
300.0,-0.41316485000000003,679,577,1390592,2409,0.0003,6780,-0.6577976550906897,0.243994140625,0.050002098,-0.04950905963778496,0.03254918488673866,0.34624218940734863,0.2,-0.04335859774146229
300.0,-0.4202886099999999,680,577,1392640,2411,0.0003,6790,-0.6629685876891017,0.26162109375,0.055828467,-0.053469058126211166,0.045207462838152426,0.36193472146987915,0.2,-0.04638122733740602
300.0,-0.34717270000000006,681,577,1394688,2413,0.0003,6800,-0.6731840036809444,0.246630859375,0.04755967,-0.041280314326286316,0.04570698147290386,0.32092028856277466,0.2,-0.04139834069646895
300.0,-0.20645662999999992,682,578,1396736,2415,0.0003,6810,-0.6770420102402568,0.26162109375,0.062328037,-0.01546597108244896,0.03838142016902566,0.323366641998291,0.2,-0.04485501082090195
300.0,-0.11241876999999993,683,578,1398784,2418,0.0003,6820,-0.6671031299978495,0.23916015625,0.049097426,-0.04225550964474678,0.03653627214953303,0.21567678451538086,0.2,-0.044597857995540835
300.0,-0.14445102,684,564,1400832,2480,0.0003,6830,-0.6508217433467507,0.25205078125,0.05264002,-0.04817858338356018,0.03083857273450121,0.49889153242111206,0.2,-0.04597924745758064
300.0,-0.21653979000000004,685,564,1402880,2483,0.0003,6840,-0.6297583584673703,0.242919921875,0.047105998,-0.056952085345983505,0.05082541583105922,0.3636404275894165,0.2,-0.04366502210759791
300.0,-0.23725630000000003,686,565,1404928,2485,0.0003,6850,-0.6539017288014293,0.239453125,0.042625107,-0.04523574188351631,0.03548084036447108,0.5600634813308716,0.2,-0.041832628168049266
300.0,-0.1210996200000001,687,565,1406976,2487,0.0003,6860,-0.6357897968962789,0.240625,0.0472227,-0.03993506357073784,0.016192087237141096,0.6656011939048767,0.2,-0.04269010046846233
300.0,-0.16275017000000003,688,565,1409024,2489,0.0003,6870,-0.6678785216063261,0.25458984375,0.06525928,-0.06442703306674957,0.048899820790393275,0.45070600509643555,0.2,-0.042680512135848406
300.0,-0.19445597000000003,689,566,1411072,2492,0.0003,6880,-0.6570094048976898,0.23525390625,0.045137674,-0.06920184940099716,0.02694587136793416,0.19544470310211182,0.2,-0.04350129272788763
300.0,-0.20153301999999992,690,566,1413120,2494,0.0003,6890,-0.6355075499974191,0.235693359375,0.043100394,-0.062186237424612045,0.04640594689408317,0.08483749628067017,0.2,-0.041348997117893305
300.0,-0.06375990999999996,691,566,1415168,2497,0.0003,6900,-0.6402999358251691,0.253466796875,0.05610119,-0.0677795261144638,0.0443247253424488,0.07687550783157349,0.2,-0.04255251213035081
300.0,0.13478916999999999,692,567,1417216,2499,0.0003,6910,-0.6394290475174784,0.238232421875,0.044851355,-0.07653241604566574,0.022888717369642108,0.16724175214767456,0.2,-0.04189085287507623
300.0,0.15421125999999993,693,567,1419264,2501,0.0003,6920,-0.6187475970946252,0.230517578125,0.05687824,-0.04968622326850891,0.05518902377225458,0.17728370428085327,0.2,-0.039871525866328736
300.0,0.23404505,694,567,1421312,2503,0.0003,6930,-0.6284687804058194,0.231396484375,0.043088496,-0.03024204447865486,0.06910581776173785,0.025563538074493408,0.2,-0.042644036485580725
300.0,0.11631846999999995,695,568,1423360,2505,0.0003,6940,-0.6355620684102178,0.24326171875,0.053800415,-0.04824193939566612,0.03443374602356926,-0.04950118064880371,0.2,-0.04161774770182092
300.0,0.16481467000000002,696,568,1425408,2508,0.0003,6950,-0.6338425612077117,0.245947265625,0.052071273,-0.06850060820579529,0.02359261568635702,0.08689111471176147,0.2,-0.04410812774876831
300.0,0.16228818000000003,697,568,1427456,2510,0.0003,6960,-0.6501805081963539,0.242919921875,0.044355743,-0.06775935739278793,0.038761698349844664,0.08284270763397217,0.2,-0.043503074016189205
300.0,0.21665213000000003,698,569,1429504,2512,0.0003,6970,-0.6406040266156197,0.2443359375,0.04965689,-0.07810071110725403,0.038164737046463414,0.05537384748458862,0.2,-0.04012522229750175
300.0,0.36213115000000007,699,569,1431552,2514,0.0003,6980,-0.6087893643416464,0.2345703125,0.046005927,-0.03693622350692749,0.05364168481319211,0.012008905410766602,0.2,-0.03999474188603926
300.0,0.39086990000000005,700,569,1433600,2516,0.0003,6990,-0.6294434336945415,0.25234375,0.057403572,-0.054328903555870056,0.0478481829748489,-0.05472517013549805,0.2,-0.045273240630922376
300.0,0.49468259000000003,701,570,1435648,2518,0.0003,7000,-0.6313933805562556,0.2498046875,0.052523695,-0.04537253454327583,0.10488485005917028,0.09637951850891113,0.2,-0.04571175620076247
300.0,0.51127237,702,570,1437696,2520,0.0003,7010,-0.6333217104896903,0.242578125,0.045898847,-0.04800059646368027,0.031978607428027314,0.22224605083465576,0.2,-0.043395001310273074
300.0,0.6528740399999999,703,570,1439744,2523,0.0003,7020,-0.6335241722874343,0.24638671875,0.04929736,-0.027735315263271332,0.07568918780889362,0.18283259868621826,0.2,-0.04249155973666348
300.0,0.5664541000000001,704,570,1441792,2525,0.0003,7030,-0.6279821312054992,0.235888671875,0.04402432,-0.028677120804786682,0.06746380948461592,0.17164379358291626,0.2,-0.04027294732513838
300.0,0.6760381000000001,705,571,1443840,2528,0.0003,7040,-0.6357579419389368,0.240234375,0.052966394,-0.05879388004541397,0.02657699654228054,0.1457468867301941,0.2,-0.04186949480499606
300.0,0.4473046900000002,706,571,1445888,2530,0.0003,7050,-0.6529980729334056,0.24248046875,0.045526274,-0.03870951011776924,0.03616278811823577,0.40351027250289917,0.2,-0.044513017154531556
300.0,0.5190738300000001,707,571,1447936,2533,0.0003,7060,-0.6397737752646208,0.237158203125,0.049129184,-0.06651151925325394,0.04719646245939657,0.4372548460960388,0.2,-0.04248798477638047
300.0,0.5589844400000001,708,571,1449984,2535,0.0003,7070,-0.6230397267267108,0.2337890625,0.04972355,-0.06316405534744263,0.03239084457745776,0.5070492029190063,0.2,-0.04684448214829899
300.0,0.52233668,709,572,1452032,2537,0.0003,7080,-0.6411863069981336,0.244189453125,0.049311087,-0.05692645162343979,0.03122589716222137,0.5791362524032593,0.2,-0.04360759568226058
300.0,0.6699193699999999,710,572,1454080,2539,0.0003,7090,-0.6146739182062447,0.247607421875,0.04997909,-0.05353648215532303,0.04050060337758623,0.22821342945098877,0.2,-0.04192984465043992
300.0,0.5815898900000002,711,572,1456128,2541,0.0003,7100,-0.6208020494319498,0.232861328125,0.04588956,-0.06108059734106064,0.06676441311137751,0.05754894018173218,0.2,-0.041315791284432635
300.0,0.5827411300000002,712,573,1458176,2543,0.0003,7110,-0.6303957527503371,0.24326171875,0.04313981,-0.03698183596134186,0.0768608047743328,0.1833716630935669,0.2,-0.04097685736778658
300.0,0.37674827000000005,713,573,1460224,2546,0.0003,7120,-0.6647337764501572,0.2453125,0.046718344,-0.00600535050034523,0.10385324056260288,0.021223127841949463,0.2,-0.04097892924328335
300.0,0.35401003000000003,714,573,1462272,2548,0.0003,7130,-0.6481867687776685,0.2423828125,0.04860039,-0.06960843503475189,0.052548049308825284,0.0961310863494873,0.2,-0.041976796911330896
300.0,0.26050871999999997,715,574,1464320,2550,0.0003,7140,-0.6550849614664912,0.249267578125,0.04182467,-0.00664132833480835,0.19142693118192255,-0.005206704139709473,0.2,-0.042047209112206475
300.0,0.22229300999999996,716,574,1466368,2552,0.0003,7150,-0.6419752392917871,0.25908203125,0.05155585,-0.039528969675302505,0.03854699888033793,-0.23665916919708252,0.2,-0.047323876512382415
300.0,0.07133618999999998,717,574,1468416,2555,0.0003,7160,-0.6156307668425143,0.224853515625,0.048458636,-0.03360685333609581,0.03095019667525776,-0.09375572204589844,0.2,-0.04011347571795341
300.0,0.14907548000000004,718,574,1470464,2557,0.0003,7170,-0.626668019220233,0.239453125,0.044267774,-0.05476810038089752,0.03684351952979341,0.003289163112640381,0.2,-0.04064124381984584
300.0,0.24974153000000002,719,575,1472512,2559,0.0003,7180,-0.6199963230639696,0.225732421875,0.04481656,-0.05029341205954552,0.016005225056142082,0.09228157997131348,0.2,-0.0422573145275237
300.0,0.35326362999999994,720,575,1474560,2561,0.0003,7190,-0.6091610305942595,0.232568359375,0.04870062,-0.059090979397296906,0.0735782140516676,0.09383028745651245,0.2,-0.044377021558466366
300.0,0.54195529,721,575,1476608,2564,0.0003,7200,-0.6071024721488356,0.24716796875,0.05641663,-0.065810926258564,0.050754937477177006,-0.01772892475128174,0.2,-0.04423432773328386
300.0,0.40524557,722,576,1478656,2566,0.0003,7210,-0.6061920478008688,0.24296875,0.051604263,-0.05768515542149544,0.030734592804219574,0.1805640459060669,0.2,-0.04397523696825374
300.0,0.43094852000000006,723,576,1480704,2568,0.0003,7220,-0.6034725831821561,0.228857421875,0.048992492,-0.00508137047290802,0.08784633568720893,0.020146727561950684,0.2,-0.04122274796827696
300.0,0.4098430799999999,724,576,1482752,2570,0.0003,7230,-0.6043901044875384,0.22607421875,0.04108046,-0.02927509695291519,0.1284901212551631,0.05466693639755249,0.2,-0.0356234850914916
300.0,0.44811392,725,577,1484800,2572,0.0003,7240,-0.5999068439938128,0.24765625,0.059474695,-0.045072585344314575,0.04966070586815476,-0.1654270887374878,0.2,-0.044450755478465
300.0,0.3461568000000001,726,577,1486848,2575,0.0003,7250,-0.5744440224021673,0.23857421875,0.05878792,-0.02210569567978382,0.0642216086795088,0.059692561626434326,0.2,-0.03765499645087402
300.0,0.38936049999999994,727,577,1488896,2577,0.0003,7260,-0.6001287195831537,0.257373046875,0.059651934,-0.04370925948023796,0.05508288186974823,0.12002509832382202,0.2,-0.04135590953810606
300.0,0.39797202,728,577,1490944,2579,0.0003,7270,-0.5879035271704197,0.2349609375,0.053077348,-0.021480590105056763,0.10579722508555278,0.18737739324569702,0.2,-0.04130958851310425
300.0,0.5250330499999999,729,578,1492992,2581,0.0003,7280,-0.5950761891901493,0.238671875,0.045857914,-0.034295693039894104,0.06537020835094154,0.14413368701934814,0.2,-0.04270999467407819
300.0,0.35503765000000004,730,578,1495040,2584,0.0003,7290,-0.5970392681658268,0.249755859375,0.06435233,-0.023944862186908722,0.1300536937545985,0.07570719718933105,0.2,-0.04056200881896075
300.0,0.39229200999999997,731,578,1497088,2586,0.0003,7300,-0.6015585703775287,0.2517578125,0.06328998,-0.06231659650802612,0.06914490689523518,0.2290988564491272,0.2,-0.038764629088836954
300.0,0.42395785999999996,732,579,1499136,2588,0.0003,7310,-0.5980260158888996,0.23515625,0.045964222,-0.032855913043022156,0.06386275113327429,0.14039993286132812,0.2,-0.04164781923172996
300.0,0.47900534,733,566,1501184,2651,0.0003,7320,-0.5996014374308288,0.23125,0.054200336,-0.033296458423137665,0.041458563291234894,0.08588206768035889,0.2,-0.04102781164401677
300.0,0.3898133399999999,734,566,1503232,2654,0.0003,7330,-0.6176852282136679,0.2416015625,0.04390189,-0.05747101828455925,0.024058339590555988,0.2957340478897095,0.2,-0.04163825064606499
300.0,0.2731310599999999,735,566,1505280,2655,0.0003,7340,-0.6006821888498962,0.245263671875,0.050161067,-0.06581370532512665,0.0341001380875241,-0.07899010181427002,0.2,-0.04020059412578121
300.0,0.19403819,736,567,1507328,2658,0.0003,7350,-0.6255717806518077,0.24443359375,0.05047487,-0.05182831734418869,0.033788723946781826,0.20360499620437622,0.2,-0.04136761119152652
300.0,0.38416790000000006,737,567,1509376,2660,0.0003,7360,-0.616386957745999,0.243408203125,0.050576158,-0.042919497936964035,0.0612565619405359,0.15885311365127563,0.2,-0.042935692609171384
300.0,0.21310737999999993,738,567,1511424,2662,0.0003,7370,-0.605761530995369,0.231884765625,0.048542455,-0.031152214854955673,0.05615438117529266,-0.10035383701324463,0.2,-0.04123589940427337
300.0,0.11915423000000003,739,568,1513472,2664,0.0003,7380,-0.6173756456933915,0.23369140625,0.044906236,-0.032970551401376724,0.04909407669911161,0.14208126068115234,0.2,-0.046193596860393885
300.0,0.11405947999999999,740,568,1515520,2666,0.0003,7390,-0.6216783752664924,0.246142578125,0.056307174,-0.026597782969474792,0.07389864501310513,0.05731123685836792,0.2,-0.039090560568729414
300.0,-0.11884429,741,568,1517568,2668,0.0003,7400,-0.6417872393503785,0.240625,0.059164807,-0.036094989627599716,0.033469222908024676,0.13349342346191406,0.2,-0.043778437792207116
300.0,0.006398610000000078,742,568,1519616,2670,0.0003,7410,-0.5981931760907173,0.22392578125,0.045591608,-0.03619643300771713,0.04467082357150502,0.3765946626663208,0.2,-0.0418190347001655
300.0,-0.22113009999999997,743,569,1521664,2672,0.0003,7420,-0.616097662691027,0.2431640625,0.055660505,-0.04096250236034393,0.06550117915030569,0.32555341720581055,0.2,-0.042702186069800516
300.0,-0.027739599999999955,744,569,1523712,2675,0.0003,7430,-0.603910673595965,0.249365234375,0.053129118,-0.03939105197787285,0.024811793424305506,0.4414755702018738,0.2,-0.04225773919315543
300.0,-0.15878119,745,569,1525760,2677,0.0003,7440,-0.596545119676739,0.228564453125,0.045876756,-0.0671616941690445,0.055576920823659746,0.017778515815734863,0.2,-0.04328713814611547
300.0,-0.06686415000000004,746,570,1527808,2679,0.0003,7450,-0.604021480306983,0.25029296875,0.052845962,-0.06926845014095306,0.0188155771989841,-0.03686058521270752,0.2,-0.045860642474144696
300.0,-0.10715415999999997,747,570,1529856,2681,0.0003,7460,-0.5930864200927317,0.23447265625,0.05773957,-0.066761314868927,0.0347319096676074,0.13559502363204956,0.2,-0.042788044549524784
300.0,-0.030432489999999975,748,570,1531904,2683,0.0003,7470,-0.6023691844195127,0.22734375,0.045945495,-0.023905407637357712,0.08488584862789139,-0.08627307415008545,0.2,-0.04120746465632692
300.0,0.022999319999999993,749,571,1533952,2686,0.0003,7480,-0.5933617716655135,0.239404296875,0.05071769,-0.04219880327582359,0.04652321098838001,-0.32742583751678467,0.2,-0.041067628169548696
300.0,-0.22002588999999997,750,571,1536000,2688,0.0003,7490,-0.6203186195343733,0.244677734375,0.048991498,-0.02500421553850174,0.04827835290925577,0.010738670825958252,0.2,-0.039940440267673696
300.0,-0.04638840999999992,751,571,1538048,2690,0.0003,7500,-0.6044970086775721,0.22626953125,0.050473478,-0.07033899426460266,0.026574129273649306,-0.5131655931472778,0.2,-0.04151879329001531
300.0,-0.17845824999999998,752,572,1540096,2692,0.0003,7510,-0.642605790309608,0.2349609375,0.044967633,-0.052840765565633774,0.06538510238751769,-0.0943448543548584,0.2,-0.04311500655603595
300.0,-0.024850260000000058,753,572,1542144,2694,0.0003,7520,-0.6042489799670875,0.249462890625,0.05378645,-0.06713104248046875,0.05689735835767351,0.028465211391448975,0.2,-0.04353843483113451
300.0,-0.03780510999999997,754,572,1544192,2696,0.0003,7530,-0.6086445822380483,0.229833984375,0.049149662,-0.044234294444322586,0.04221657260786742,-0.15626537799835205,0.2,-0.039299189190205655
300.0,0.07470979000000004,755,572,1546240,2699,0.0003,7540,-0.6252201330848038,0.235986328125,0.05023419,-0.05607262998819351,0.016134480921027716,-0.15878534317016602,0.2,-0.03813010653248057
300.0,0.20244058000000004,756,573,1548288,2701,0.0003,7550,-0.6004334610886872,0.237255859375,0.050887298,-0.052859872579574585,0.0448534851311706,0.06876540184020996,0.2,-0.043963641225127505
300.0,0.3903767000000001,757,573,1550336,2703,0.0003,7560,-0.6110929206945002,0.253369140625,0.058059927,-0.05510561540722847,0.05056012945133261,0.04090893268585205,0.2,-0.046047230547992514
300.0,0.4690311199999999,758,573,1552384,2706,0.0003,7570,-0.6083525633439422,0.24091796875,0.053203546,-0.08425820618867874,0.016158385374001227,0.38297826051712036,0.2,-0.04136411785439122
300.0,0.38537167000000006,759,573,1554432,2708,0.0003,7580,-0.6036018980666995,0.241796875,0.054099157,-0.06840606033802032,0.022315154029638507,0.045004427433013916,0.2,-0.04026782398868818
300.0,0.36014454,760,574,1556480,2710,0.0003,7590,-0.5767543924041092,0.244677734375,0.062453773,-0.0561288446187973,0.04752629594295286,-0.14138710498809814,0.2,-0.0440098933147965
300.0,0.17156807000000007,761,574,1558528,2713,0.0003,7600,-0.6247319154441356,0.233447265625,0.04723208,-0.08659276366233826,0.027521967943175695,0.016034603118896484,0.2,-0.04019959248835221
300.0,0.27509966,762,574,1560576,2715,0.0003,7610,-0.6054987956769764,0.23056640625,0.051234618,-0.06978098303079605,0.03485400757053867,0.14906060695648193,0.2,-0.04195514703169465
300.0,0.05809341,763,575,1562624,2717,0.0003,7620,-0.6101474791765213,0.230078125,0.047490016,-0.032952819019556046,0.0528955505520571,-0.0548558235168457,0.2,-0.041476727955159734
300.0,0.15495884,764,575,1564672,2719,0.0003,7630,-0.6212111663073301,0.24169921875,0.053088702,-0.036479651927948,0.0475247562455479,-0.0878911018371582,0.2,-0.03930568606883753
300.0,0.22744764999999995,765,575,1566720,2721,0.0003,7640,-0.621286400128156,0.23310546875,0.050554223,-0.034714363515377045,0.03260092146520037,0.03417176008224487,0.2,-0.04180040897335857
300.0,0.2638972100000001,766,575,1568768,2723,0.0003,7650,-0.6156897790729999,0.244873046875,0.052090872,-0.04842650145292282,0.04890137484762817,0.06634408235549927,0.2,-0.04321861649514176
300.0,0.09754395000000005,767,576,1570816,2726,0.0003,7660,-0.6060047887265683,0.229248046875,0.049001258,-0.01353972777724266,0.08253928972408175,0.0350378155708313,0.2,-0.03915913618984632
300.0,0.058347029999999994,768,576,1572864,2728,0.0003,7670,-0.6064949405379594,0.225439453125,0.044309225,-0.035707227885723114,0.058353182347491386,0.2385919690132141,0.2,-0.041246576083358376
300.0,0.16216393,769,576,1574912,2732,0.0003,7680,-0.6303643798455596,0.2427734375,0.048591226,-0.03646400198340416,0.054752046591602266,-0.07661879062652588,0.2,-0.04416068100254052
300.0,0.09285104000000002,770,576,1576960,2735,0.0003,7690,-0.5972498858347535,0.251416015625,0.056368954,-0.01787172630429268,0.06024435584549792,0.10739338397979736,0.2,-0.037835605082364054
300.0,-0.0071382699999999735,771,576,1579008,2738,0.0003,7700,-0.6145586187019945,0.25439453125,0.057705022,-0.03127922862768173,0.0390823532739887,0.19253039360046387,0.2,-0.03844136817788239
300.0,-0.004643909999999949,772,576,1581056,2740,0.0003,7710,-0.6198648413643241,0.249169921875,0.053860165,-0.05027778446674347,0.07198625758755953,0.23340767621994019,0.2,-0.040583473988226614
300.0,0.14441190999999998,773,577,1583104,2742,0.0003,7720,-0.6246040309779346,0.23291015625,0.044614512,-0.06160975620150566,0.03588874957640655,-0.24784409999847412,0.2,-0.040688730451802255
300.0,0.16624174999999997,774,577,1585152,2745,0.0003,7730,-0.6007347014732659,0.25537109375,0.06303884,-0.024733267724514008,0.061600026208907366,0.14435845613479614,0.2,-0.041525072694639675
300.0,0.28031127000000006,775,577,1587200,2747,0.0003,7740,-0.6301854172721505,0.232763671875,0.04900155,-0.05496003106236458,0.04968244070769288,0.09587770700454712,0.2,-0.04138108107727021
300.0,0.54433982,776,577,1589248,2749,0.0003,7750,-0.5967472835443914,0.228271484375,0.051356517,-0.029701147228479385,0.05926149614388123,0.17002534866333008,0.2,-0.040378279887954706
300.0,0.51089825,777,578,1591296,2751,0.0003,7760,-0.6296948274597526,0.254541015625,0.04852608,-0.06824550032615662,0.027126025102916174,0.1824549436569214,0.2,-0.04397528425906785
300.0,0.5920178999999999,778,578,1593344,2753,0.0003,7770,-0.6120686581358313,0.24326171875,0.052789032,-0.04098331183195114,0.052961781638441605,0.32041406631469727,0.2,-0.043994704177021046
300.0,0.60040684,779,578,1595392,2756,0.0003,7780,-0.6221078777685761,0.2408203125,0.045652665,-0.03641124069690704,0.03597237165668048,0.36454105377197266,0.2,-0.03862850249861367
300.0,0.71514084,780,579,1597440,2758,0.0003,7790,-0.6100949391722679,0.236669921875,0.04924746,-0.040111035108566284,0.013775832220562733,0.5075224041938782,0.2,-0.03999750304210466
300.0,0.6881588300000001,781,579,1599488,2760,0.0003,7800,-0.6269552249461412,0.23310546875,0.044075936,-0.041144512593746185,0.017156429379247128,0.47059857845306396,0.2,-0.04153490943426732
300.0,0.6559594099999999,782,567,1601536,2824,0.0003,7810,-0.632254028506577,0.218798828125,0.04178201,-0.03255512937903404,0.08678414344321936,0.20267033576965332,0.2,-0.04033206893509487
300.0,0.6727321700000002,783,567,1603584,2826,0.0003,7820,-0.6071734570898115,0.221337890625,0.04690683,-0.028617296367883682,0.08843259802088141,0.27660226821899414,0.2,-0.038808917789719996
300.0,0.73203496,784,567,1605632,2829,0.0003,7830,-0.5978789030574262,0.24921875,0.05569327,-0.0628620907664299,0.02652432995673735,0.4375929832458496,0.2,-0.04530734335712623
300.0,0.8577290699999999,785,567,1607680,2831,0.0003,7840,-0.6165040493011474,0.252001953125,0.054821998,-0.04714864119887352,0.04187329811393283,0.3271631598472595,0.2,-0.04525774136709515
300.0,0.79467331,786,568,1609728,2833,0.0003,7850,-0.6493651827797293,0.226904296875,0.047233157,-0.03386672958731651,0.0558160716725979,0.27862268686294556,0.2,-0.04077725515526254
300.0,0.7506282,787,568,1611776,2835,0.0003,7860,-0.6486295338720083,0.240966796875,0.05027238,-0.06081931293010712,0.04960756377549842,0.3395373821258545,0.2,-0.044771006589871834
300.0,0.46314454999999993,788,568,1613824,2838,0.0003,7870,-0.6350572194904089,0.247802734375,0.04865456,-0.06755690276622772,0.0277060400636401,0.13727092742919922,0.2,-0.0428120864322409
300.0,0.34517937,789,568,1615872,2840,0.0003,7880,-0.6218352314084769,0.227783203125,0.043125406,-0.04597068578004837,0.06057398673146963,0.23852437734603882,0.2,-0.04225020459853113
300.0,0.3001869099999999,790,569,1617920,2842,0.0003,7890,-0.6275776682421565,0.230322265625,0.05014483,-0.03806102275848389,0.0848729039193131,0.09048318862915039,0.2,-0.04376770312373992
300.0,0.21092248999999996,791,569,1619968,2844,0.0003,7900,-0.6553190076723695,0.2552734375,0.050581366,-0.032341428101062775,0.08067051848629489,0.077911376953125,0.2,-0.04675927143834997
300.0,0.18899138999999998,792,569,1622016,2846,0.0003,7910,-0.6432977806776762,0.226953125,0.04831826,-0.07263994961977005,0.08252139909891412,-0.06968247890472412,0.2,-0.04025026049930602
300.0,0.24802235,793,570,1624064,2848,0.0003,7920,-0.6464816972613334,0.2423828125,0.046387345,-0.04816530644893646,0.04306391077698209,-0.09519124031066895,0.2,-0.045217755367048085
300.0,0.24767773999999995,794,570,1626112,2851,0.0003,7930,-0.6417196869850159,0.2392578125,0.046692558,-0.015762638300657272,0.07835741897579282,0.04605323076248169,0.2,-0.039615453087026256
300.0,0.1777313799999999,795,570,1628160,2853,0.0003,7940,-0.6374265259131789,0.249853515625,0.05887069,-0.04021643474698067,0.04098152465885505,0.030959606170654297,0.2,-0.043639099050778896
300.0,0.25368568999999996,796,570,1630208,2855,0.0003,7950,-0.6378862999379635,0.254931640625,0.051565453,-0.06635276228189468,0.01797786235692911,0.09263187646865845,0.2,-0.04608646877459251
300.0,0.33547169999999993,797,571,1632256,2858,0.0003,7960,-0.6215209575369954,0.23876953125,0.051394254,-0.051389310508966446,0.0689525864785537,0.02029663324356079,0.2,-0.04393716806953307
300.0,0.42952817000000004,798,571,1634304,2861,0.0003,7970,-0.6048398142680526,0.235400390625,0.04441961,-0.044907499104738235,0.07333390938001685,0.12795555591583252,0.2,-0.037442611379083245
300.0,0.5297581800000002,799,571,1636352,2865,0.0003,7980,-0.6065566193312406,0.24365234375,0.054335885,-0.06911803781986237,0.04122002035728656,0.16562414169311523,0.2,-0.042280276375822726
300.0,0.37642313,800,571,1638400,2867,0.0003,7990,-0.575647768098861,0.226513671875,0.04999354,-0.03607695549726486,0.058035807334817946,0.14672046899795532,0.2,-0.04207649958552793
300.0,0.30752059,801,571,1640448,2870,0.0003,8000,-0.5878819031640887,0.228662109375,0.048541676,-0.01722879894077778,0.08549217141699046,0.049094200134277344,0.2,-0.03933351536252303
300.0,0.21824301,802,571,1642496,2872,0.0003,8010,-0.6102207121439278,0.237939453125,0.05281882,-0.047436997294425964,0.028380886462400667,0.4870472550392151,0.2,-0.04414559381548315
300.0,0.21286289999999997,803,572,1644544,2874,0.0003,8020,-0.6199277346022427,0.251611328125,0.045739047,-0.05784020945429802,0.052790614287368955,0.4973125457763672,0.2,-0.044162301153119185
300.0,0.5241890300000001,804,572,1646592,2876,0.0003,8030,-0.6096302770078182,0.24931640625,0.057050742,-0.04637350142002106,0.0326105413318146,0.6467385292053223,0.2,-0.04432035657227971
300.0,0.47742061000000013,805,572,1648640,2879,0.0003,8040,-0.6050720286555589,0.2275390625,0.04851363,-0.04268715903162956,0.08130196649581194,0.245496928691864,0.2,-0.0407276633370202
300.0,0.3365029200000001,806,572,1650688,2881,0.0003,8050,-0.5910859577357769,0.22119140625,0.04370839,-0.053210947662591934,0.032057812332641336,0.3948131203651428,0.2,-0.04005857427691808
300.0,0.39656874000000003,807,573,1652736,2884,0.0003,8060,-0.5769508539699018,0.23017578125,0.05371982,-0.07090815156698227,0.02626658510998823,0.4174008369445801,0.2,-0.04219760958294501
300.0,0.24057403000000005,808,573,1654784,2886,0.0003,8070,-0.6192082775756717,0.232421875,0.04188355,-0.07423806935548782,0.02080177408643067,-0.012140750885009766,0.2,-0.04275631396740209
300.0,0.20237572999999998,809,573,1656832,2888,0.0003,8080,-0.6080413634888828,0.240087890625,0.053968497,-0.021556656807661057,0.05595912660937756,0.12478268146514893,0.2,-0.04156300971226301
300.0,0.20278227,810,573,1658880,2891,0.0003,8090,-0.6021890861913561,0.23681640625,0.048464213,-0.04318264126777649,0.06701206167927012,0.1357465386390686,0.2,-0.043029298505280165
300.0,0.10632705000000002,811,574,1660928,2893,0.0003,8100,-0.6109573141671717,0.242041015625,0.062088996,-0.048388052731752396,0.06114802418742329,0.02237260341644287,0.2,-0.04092479015234858
300.0,-0.050993070000000015,812,574,1662976,2895,0.0003,8110,-0.6208222245797514,0.238525390625,0.05213944,-0.04560986906290054,0.042686154728289696,0.04028451442718506,0.2,-0.042337386758299546
300.0,-0.19265967000000003,813,574,1665024,2897,0.0003,8120,-0.6008525230921805,0.23125,0.048700403,-0.061348266899585724,0.05137812581961043,0.04673832654953003,0.2,-0.04366926696966402
300.0,-0.33097747999999994,814,574,1667072,2899,0.0003,8130,-0.5929414616897702,0.241259765625,0.05154546,-0.06479749083518982,0.017161043389933184,0.16298902034759521,0.2,-0.04387389256735332
300.0,-0.20488721999999998,815,575,1669120,2901,0.0003,8140,-0.5741529325954616,0.2337890625,0.05102828,-0.06904365122318268,0.04190430461894721,0.17928755283355713,0.2,-0.04038251391903032
300.0,-0.20229707000000005,816,575,1671168,2904,0.0003,8150,-0.6288138136267662,0.24443359375,0.053442854,-0.04269286245107651,0.027986198620055802,0.13998717069625854,0.2,-0.04270533947856166
300.0,-0.31075011,817,575,1673216,2906,0.0003,8160,-0.6318836957216263,0.249853515625,0.051243946,-0.04837678745388985,0.030056958337081597,-0.09668052196502686,0.2,-0.045659753694781105
300.0,-0.28541855,818,575,1675264,2908,0.0003,8170,-0.5947247579693794,0.246044921875,0.05554624,-0.034679558128118515,0.053782618534751234,0.09672802686691284,0.2,-0.04239766934479121
300.0,-0.45643106999999994,819,576,1677312,2910,0.0003,8180,-0.6076572019606828,0.2255859375,0.05640202,-0.048490993678569794,0.04578554359613918,-0.06635034084320068,0.2,-0.04104864206747152
300.0,-0.57979583,820,576,1679360,2913,0.0003,8190,-0.6014662947505712,0.235595703125,0.043857545,-0.042546309530735016,0.0880937485373579,0.13526618480682373,0.2,-0.04024356200825423
300.0,-0.51223361,821,576,1681408,2915,0.0003,8200,-0.5907366870902478,0.252587890625,0.051538967,-0.05480043217539787,0.06863112327409908,0.04641067981719971,0.2,-0.046362386862165296
300.0,-0.5493458999999999,822,576,1683456,2918,0.0003,8210,-0.6029529405757785,0.239697265625,0.05148732,-0.03689662367105484,0.07052598738810048,0.20634835958480835,0.2,-0.043923391873249784
300.0,-0.53861647,823,577,1685504,2920,0.0003,8220,-0.6103108033537865,0.25888671875,0.051574387,-0.049585968255996704,0.04128797602606937,0.26591289043426514,0.2,-0.04477790727687534
300.0,-0.70548226,824,577,1687552,2922,0.0003,8230,-0.6020472405478359,0.23740234375,0.05400763,-0.047749295830726624,0.021574530127691106,0.4447348713874817,0.2,-0.04264360060478793
300.0,-0.6902928199999999,825,577,1689600,2927,0.0003,8240,-0.5940478500910104,0.2314453125,0.048883714,-0.06297653168439865,0.02212733078340534,0.2553994655609131,0.2,-0.042934624367626385
300.0,-0.6644769700000001,826,577,1691648,2929,0.0003,8250,-0.5930499306879937,0.23564453125,0.05311477,-0.07041281461715698,0.030485532293096185,0.403509259223938,0.2,-0.04275584658462321
300.0,-0.8948975999999998,827,577,1693696,2932,0.0003,8260,-0.5930161764845252,0.2427734375,0.061122604,-0.07107499241828918,0.02870737673365511,0.3651338219642639,0.2,-0.04362825501302723
300.0,-0.8925173699999999,828,577,1695744,2935,0.0003,8270,-0.6068109001033009,0.24599609375,0.056786463,-0.05192951112985611,0.04044141942868009,0.22413015365600586,0.2,-0.044278152784681876
300.0,-0.86758431,829,577,1697792,2939,0.0003,8280,-0.6009011596441269,0.2419921875,0.05454762,-0.0305374376475811,0.049067000654758886,0.4710831642150879,0.2,-0.04267329698195681
300.0,-0.7369928900000001,830,577,1699840,2941,0.0003,8290,-0.6174282547086477,0.2521484375,0.049058907,-0.0334552638232708,0.024615653930231927,0.6692870855331421,0.2,-0.042940641894529105
300.0,-0.6430802800000001,831,562,1701888,3023,0.0003,8300,-0.6019413214176893,0.2681640625,0.05666199,-0.056585490703582764,0.021548879833426328,0.6687105894088745,0.2,-0.04327338078001049
300.0,-0.6667192,832,563,1703936,3026,0.0003,8310,-0.6047677657566964,0.252685546875,0.05174113,-0.05003994703292847,0.06870297249988652,0.4657653570175171,0.2,-0.04111745929985773
300.0,-0.56022904,833,563,1705984,3028,0.0003,8320,-0.575989078823477,0.23486328125,0.05232594,-0.04487396776676178,0.03333698195056058,0.6970220804214478,0.2,-0.04373156855581328
300.0,-0.38454983000000004,834,563,1708032,3031,0.0003,8330,-0.5959363263100386,0.2560546875,0.065516226,-0.0469389334321022,0.04449395203846507,0.6468547582626343,0.2,-0.043633582591428424
300.0,-0.4551502500000001,835,563,1710080,3033,0.0003,8340,-0.565533606801182,0.22607421875,0.043550916,-0.07491132616996765,0.03962348480708897,0.7166823148727417,0.2,-0.04248429411672987
300.0,-0.4762982600000001,836,563,1712128,3036,0.0003,8350,-0.5973105821758509,0.2498046875,0.052208193,-0.037871103733778,0.029033961886307226,0.41753512620925903,0.2,-0.04573918329842854
300.0,-0.49258972000000006,837,564,1714176,3039,0.0003,8360,-0.6102040003053844,0.247900390625,0.046993718,-0.025427184998989105,0.10240730561781675,0.1569322943687439,0.2,-0.03638215976097854
300.0,-0.3223888900000001,838,564,1716224,3041,0.0003,8370,-0.5860181538388133,0.236572265625,0.059293233,-0.03074432723224163,0.03773068857262842,0.4567645192146301,0.2,-0.04116231719672214
300.0,-0.17933652000000003,839,564,1718272,3044,0.0003,8380,-0.5691964307799935,0.241748046875,0.058492705,-0.03361348807811737,0.06455281953094527,-0.02959299087524414,0.2,-0.04343970861809794
300.0,0.04869170000000001,840,564,1720320,3046,0.0003,8390,-0.5695024378597736,0.232275390625,0.05189573,-0.03833118826150894,0.04552244845544919,0.27796727418899536,0.2,-0.039108783114352265
300.0,0.1023766,841,564,1722368,3048,0.0003,8400,-0.5823179611936211,0.253564453125,0.065721475,-0.05941291153430939,0.05647280365228653,0.1840779185295105,0.2,-0.04504104452789761
300.0,0.24793356999999994,842,565,1724416,3050,0.0003,8410,-0.5744899622164666,0.231396484375,0.05390785,-0.029588112607598305,0.023207966328482144,0.38196325302124023,0.2,-0.04351434533018619
300.0,0.35792763999999994,843,565,1726464,3052,0.0003,8420,-0.6079320202581584,0.24794921875,0.047334146,-0.06445102393627167,0.02366706618340686,0.20822227001190186,0.2,-0.04404603973671328
300.0,0.44798115999999993,844,565,1728512,3055,0.0003,8430,-0.593651891220361,0.259375,0.06046422,-0.04259776696562767,0.027305396826704964,0.08411628007888794,0.2,-0.045886508267722094
300.0,0.31168086,845,565,1730560,3058,0.0003,8440,-0.5844568802043796,0.2466796875,0.057459906,-0.054171208292245865,0.0285897924535675,0.23408788442611694,0.2,-0.044716966836131175
300.0,0.14361639999999995,846,566,1732608,3060,0.0003,8450,-0.5790754053741693,0.238427734375,0.052430086,-0.07443557679653168,0.02847631611803081,0.28506094217300415,0.2,-0.045290177850984034
300.0,0.22789160000000014,847,566,1734656,3062,0.0003,8460,-0.5779058589600027,0.23720703125,0.055319235,-0.046976491808891296,0.10820892417104915,0.08283036947250366,0.2,-0.0455108183727134
300.0,0.2311667400000001,848,566,1736704,3064,0.0003,8470,-0.5688850934617221,0.246923828125,0.054090213,-0.018806245177984238,0.05395456148544327,0.19880616664886475,0.2,-0.042982310656225306
300.0,0.2989842500000001,849,566,1738752,3067,0.0003,8480,-0.5814303047955036,0.232275390625,0.05628405,-0.06974926590919495,0.04071297796908766,0.35341811180114746,0.2,-0.04185437450942118
300.0,0.12161979999999993,850,567,1740800,3069,0.0003,8490,-0.5708032847382128,0.22265625,0.04493352,-0.03960922360420227,0.051506738341413436,-0.06494402885437012,0.2,-0.0391835486254422
300.0,0.04706647999999998,851,567,1742848,3072,0.0003,8500,-0.5813239883631468,0.237890625,0.055321842,-0.05472583696246147,0.05518667305004783,0.19256407022476196,0.2,-0.0424365133367246
300.0,0.29671578,852,567,1744896,3074,0.0003,8510,-0.583327560313046,0.240380859375,0.050195746,-0.07651820033788681,0.04181444676360115,0.24996626377105713,0.2,-0.04192006633384153
300.0,0.37408855,853,567,1746944,3077,0.0003,8520,-0.5795070535503328,0.237353515625,0.056156255,-0.03562156856060028,0.06543138117995113,-0.027024149894714355,0.2,-0.044604803321999495
300.0,0.23417245,854,567,1748992,3082,0.0003,8530,-0.5764918713830411,0.242724609375,0.06058966,-0.08111439645290375,0.02597750186396297,-0.32588279247283936,0.2,-0.04554480417864397
300.0,0.07921497000000004,855,567,1751040,3085,0.0003,8540,-0.5749228646978736,0.260302734375,0.06085283,-0.04412921145558357,0.041916936892084776,-0.02182936668395996,0.2,-0.0446890714665642
300.0,-0.02147489000000002,856,567,1753088,3087,0.0003,8550,-0.5958690287545323,0.239599609375,0.057046782,-0.008630335330963135,0.08081178581342101,-0.1269378662109375,0.2,-0.03774503054737579
300.0,-0.12437931999999995,857,567,1755136,3090,0.0003,8560,-0.5773930940777063,0.229443359375,0.052149884,-0.04648812115192413,0.023216068767942487,-0.07611048221588135,0.2,-0.04002149044827093
300.0,-0.1534209400000001,858,568,1757184,3092,0.0003,8570,-0.5783313249237836,0.246240234375,0.06398838,-0.042723219841718674,0.063184816861758,-0.040174126625061035,0.2,-0.04190885685675312
300.0,-0.1504452500000001,859,568,1759232,3094,0.0003,8580,-0.5974087396636605,0.245361328125,0.059971787,-0.05353231355547905,0.04669949560193345,0.028356969356536865,0.2,-0.04442925950861536
300.0,-0.10027410000000005,860,568,1761280,3097,0.0003,8590,-0.5920539375394582,0.229931640625,0.048963226,-0.03905041515827179,0.07679545417195185,0.08738195896148682,0.2,-0.042296295761479995
300.0,-0.24221684999999987,861,568,1763328,3100,0.0003,8600,-0.5934232196770608,0.25078125,0.057893082,-0.04935740679502487,0.052970083092805,-0.2481982707977295,0.2,-0.042035416216822344
300.0,-0.29525117,862,569,1765376,3102,0.0003,8610,-0.6055263178423047,0.243310546875,0.06241869,-0.05499454587697983,0.02998916345241014,0.033787310123443604,0.2,-0.04379149903979851
300.0,-0.28721002,863,569,1767424,3105,0.0003,8620,-0.602408516407013,0.241796875,0.050832808,-0.03743324428796768,0.017352008400484918,0.1651170253753662,0.2,-0.04055618223501369
300.0,-0.33022145,864,569,1769472,3107,0.0003,8630,-0.6091817795298994,0.2462890625,0.050775673,-0.03507651388645172,0.028693676085094922,0.12677687406539917,0.2,-0.044780522360815665
300.0,-0.24234115000000006,865,569,1771520,3110,0.0003,8640,-0.5914000392891466,0.228955078125,0.046355985,-0.05254611372947693,0.03449920728453435,-0.12129807472229004,0.2,-0.03997009532467928
300.0,-0.19402848000000003,866,569,1773568,3112,0.0003,8650,-0.596966006886214,0.239306640625,0.044507354,-0.05290219932794571,0.03878215169534087,0.07208585739135742,0.2,-0.042421111660951284
300.0,-0.38633881999999997,867,569,1775616,3115,0.0003,8660,-0.611536944936961,0.239892578125,0.053097207,-0.05194658041000366,0.04420062724384479,0.1495017409324646,0.2,-0.04194421230640728
300.0,-0.3775695699999999,868,570,1777664,3117,0.0003,8670,-0.6121928460896016,0.25283203125,0.056903094,-0.0026550479233264923,0.07577540438505821,0.2827073931694031,0.2,-0.0423076266553835
300.0,-0.5610481700000001,869,570,1779712,3119,0.0003,8680,-0.6204924677498639,0.256982421875,0.06393719,-0.06757873296737671,0.028395978326443583,0.09141409397125244,0.2,-0.042117379259434526
300.0,-0.43494511,870,570,1781760,3122,0.0003,8690,-0.6029362000524998,0.226708984375,0.046976283,-0.04205486550927162,0.07915156718809158,0.15494197607040405,0.2,-0.03799313688359689
300.0,-0.42995855000000005,871,570,1783808,3124,0.0003,8700,-0.6228289070539177,0.259033203125,0.05951771,-0.0683179497718811,0.027233247269759887,0.23632365465164185,0.2,-0.04480361500172876
300.0,-0.293395,872,571,1785856,3127,0.0003,8710,-0.6256997544318438,0.23447265625,0.052644737,-0.06973286718130112,0.01992486794188153,-0.12542963027954102,0.2,-0.04249260312644765
300.0,-0.23235547000000004,873,571,1787904,3130,0.0003,8720,-0.5950167284347117,0.23564453125,0.06558083,-0.050515901297330856,0.05770839406177401,0.07557791471481323,0.2,-0.041513271688017994
300.0,-0.38385847000000006,874,571,1789952,3132,0.0003,8730,-0.5959617091342807,0.254833984375,0.059145875,-0.062480293214321136,0.043863862915895876,0.2993050813674927,0.2,-0.04451419525721576
300.0,-0.24775276000000004,875,571,1792000,3135,0.0003,8740,-0.5750921985134483,0.260546875,0.072227746,-0.04220818728208542,0.07955806764075532,0.11356246471405029,0.2,-0.04307296854385641
300.0,-0.24872260000000004,876,571,1794048,3138,0.0003,8750,-0.6131981619633734,0.25849609375,0.05533476,-0.03825009614229202,0.04835719009279273,0.21080279350280762,0.2,-0.04274878904398065
300.0,-0.24857030000000005,877,571,1796096,3140,0.0003,8760,-0.5782819643616677,0.240771484375,0.051685788,-0.057058922946453094,0.05900937605183572,-0.08973419666290283,0.2,-0.04358089510060381
300.0,-0.3757397700000001,878,572,1798144,3142,0.0003,8770,-0.5929816322401166,0.243994140625,0.047740396,-0.05031407251954079,0.04943714251276106,0.02520620822906494,0.2,-0.04323849612846971
300.0,-0.49740078000000004,879,560,1800192,3209,0.0003,8780,-0.6041134532541037,0.249169921875,0.0627323,-0.05881423503160477,0.04376789692905732,-0.14109456539154053,0.2,-0.04449069375405088
300.0,-0.41208765999999997,880,561,1802240,3211,0.0003,8790,-0.6011579446494579,0.244287109375,0.052235126,-0.05028197169303894,0.058566548622911795,-0.009835004806518555,0.2,-0.04402693473530235
300.0,-0.46128806000000006,881,561,1804288,3213,0.0003,8800,-0.6112843213602901,0.25,0.05745683,-0.04001573100686073,0.057110377831850204,0.012800455093383789,0.2,-0.042502633287222126
300.0,-0.48045446999999997,882,561,1806336,3217,0.0003,8810,-0.582708281930536,0.2349609375,0.049610645,-0.037924930453300476,0.07525580577785149,-0.03193557262420654,0.2,-0.044284426353988236
300.0,-0.4151505199999999,883,561,1808384,3220,0.0003,8820,-0.5615065997466445,0.244970703125,0.05906513,-0.05008828267455101,0.038418550498317924,0.003557443618774414,0.2,-0.04320916826254688
300.0,-0.37148348000000014,884,561,1810432,3222,0.0003,8830,-0.5938517303206027,0.251025390625,0.051438645,-0.05008528009057045,0.07355466185836121,0.18242418766021729,0.2,-0.04269223186420277
300.0,-0.17491983999999994,885,562,1812480,3224,0.0003,8840,-0.5928267464973033,0.245458984375,0.054680828,-0.036130256950855255,0.03313928618445061,0.1979442834854126,0.2,-0.04538899509934709
300.0,-0.22236750000000005,886,562,1814528,3227,0.0003,8850,-0.5793147825635969,0.24228515625,0.05644792,-0.05020583048462868,0.04172145261545666,0.31752079725265503,0.2,-0.04079045590478927
300.0,-0.1145103,887,562,1816576,3229,0.0003,8860,-0.5939703164622188,0.238134765625,0.0587491,-0.06447039544582367,0.06387774769682437,0.26362937688827515,0.2,-0.04528047594358213
300.0,-0.10405998999999998,888,562,1818624,3232,0.0003,8870,-0.5944498527795077,0.254833984375,0.055321172,-0.02733471617102623,0.05845473071676679,0.17995160818099976,0.2,-0.04429455811623484
300.0,-0.09607733000000002,889,562,1820672,3234,0.0003,8880,-0.556951106339693,0.22353515625,0.046509616,-0.021627264097332954,0.05299590012291446,0.20333611965179443,0.2,-0.040382439037784934
300.0,0.027347420000000025,890,563,1822720,3236,0.0003,8890,-0.6013703894801438,0.25166015625,0.062328167,-0.06404571235179901,0.023234520631376654,0.3817265033721924,0.2,-0.04578293000231497
300.0,0.21049883999999996,891,563,1824768,3239,0.0003,8900,-0.5888896860182286,0.237158203125,0.055379745,-0.04501011595129967,0.03977982704527676,0.2807948589324951,0.2,-0.04420315186434891
300.0,0.3733402599999999,892,563,1826816,3241,0.0003,8910,-0.5850422414951026,0.233642578125,0.050212722,-0.04801908880472183,0.06744044872466474,0.21788549423217773,0.2,-0.039423538564005864
300.0,0.450531,893,563,1828864,3243,0.0003,8920,-0.5620547757484019,0.247119140625,0.060846973,0.007036959752440453,0.043703655968420206,0.038188934326171875,0.2,-0.040236434443795585
300.0,0.54242143,894,563,1830912,3246,0.0003,8930,-0.5759483825415372,0.243701171875,0.060866177,-0.03935522958636284,0.046764699020422996,0.049870193004608154,0.2,-0.04047530831885524
300.0,0.5759296700000001,895,564,1832960,3248,0.0003,8940,-0.579133550170809,0.24755859375,0.05949236,-0.03977173939347267,0.05888317584176548,-0.05836367607116699,0.2,-0.0377345917513594
300.0,0.7429296699999999,896,564,1835008,3251,0.0003,8950,-0.572422256693244,0.23125,0.062464386,-0.047284193336963654,0.04135489800246432,0.03347504138946533,0.2,-0.0416160705673974
300.0,0.6690926999999999,897,564,1837056,3253,0.0003,8960,-0.5838973769918084,0.266455078125,0.075709656,-0.05529859662055969,0.04446109447744675,0.24617278575897217,0.2,-0.04206137677829247
300.0,0.63419799,898,564,1839104,3255,0.0003,8970,-0.5762306509539485,0.236181640625,0.060487755,-0.06748044490814209,0.024814438098110257,0.5123108625411987,0.2,-0.04158318554982543
300.0,0.7373001000000002,899,565,1841152,3258,0.0003,8980,-0.5617525855079293,0.23212890625,0.06326929,-0.04576095938682556,0.022357553683104926,0.5815660953521729,0.2,-0.04190998273261357
300.0,0.57324365,900,565,1843200,3261,0.0003,8990,-0.5741857758723199,0.22978515625,0.052518316,-0.05097847431898117,0.043262170476373284,0.175184965133667,0.2,-0.04033343539485941
300.0,0.6505129599999999,901,565,1845248,3265,0.0003,9000,-0.5877457913011312,0.25146484375,0.05645547,-0.05581801384687424,0.04028608774533495,0.16251009702682495,0.2,-0.04688672298216261
300.0,0.58016829,902,565,1847296,3267,0.0003,9010,-0.6041132367216051,0.241845703125,0.04444995,-0.05099083483219147,0.040037801262224094,0.08315998315811157,0.2,-0.043281064415350554
300.0,0.63623967,903,565,1849344,3270,0.0003,9020,-0.5800423950888216,0.241455078125,0.063425586,-0.05929113179445267,0.0398211345076561,0.05821031332015991,0.2,-0.045140130917570784
300.0,0.6446257,904,565,1851392,3272,0.0003,9030,-0.5904854892753064,0.24873046875,0.06928958,-0.05367549508810043,0.04171517171780579,0.21091043949127197,0.2,-0.043069898016983646
300.0,0.45090138,905,565,1853440,3275,0.0003,9040,-0.5965918687172234,0.239501953125,0.059102144,-0.016619469970464706,0.08122270266758277,0.05757170915603638,0.2,-0.040950998409243766
300.0,0.3978041000000001,906,566,1855488,3278,0.0003,9050,-0.5855159552767872,0.24443359375,0.053376764,-0.06361710280179977,0.04087752441992052,0.31272566318511963,0.2,-0.043933034531073646
300.0,0.31767583,907,566,1857536,3280,0.0003,9060,-0.599358510505408,0.2572265625,0.057522234,-0.03874224051833153,0.0474190105276648,0.16672533750534058,0.2,-0.048042983646155335
300.0,0.17341014,908,566,1859584,3282,0.0003,9070,-0.6296921132132411,0.243701171875,0.048769668,-0.035403210669755936,0.05614948093425483,0.39146482944488525,0.2,-0.043246510345488785
300.0,0.16952511,909,566,1861632,3285,0.0003,9080,-0.5874119842424989,0.244482421875,0.056523375,-0.049619194120168686,0.08532571190735325,0.4223470687866211,0.2,-0.04399017732357606
300.0,0.23321113999999996,910,566,1863680,3288,0.0003,9090,-0.5944621399976313,0.259814453125,0.068832815,-0.07986459881067276,0.02059733975038398,0.1371920108795166,0.2,-0.04660407041228609
300.0,0.30937442,911,566,1865728,3290,0.0003,9100,-0.5914666638709605,0.237841796875,0.05730705,-0.028260331600904465,0.07422547824680806,0.17394745349884033,0.2,-0.03976478737022262
300.0,0.3184890399999999,912,567,1867776,3293,0.0003,9110,-0.5913835557177662,0.2548828125,0.068647206,-0.05544525012373924,0.04095861248788424,-0.23397135734558105,0.2,-0.04296123604581226
300.0,0.19964465,913,567,1869824,3295,0.0003,9120,-0.6098428433761001,0.252783203125,0.053679995,-0.024097207933664322,0.0972227519727312,0.08796006441116333,0.2,-0.04378293487607152
300.0,0.12447517999999999,914,567,1871872,3297,0.0003,9130,-0.5950647899881005,0.239453125,0.0586498,-0.039332352578639984,0.03356298771686852,0.06604290008544922,0.2,-0.04124670882010832
300.0,0.11729384,915,567,1873920,3300,0.0003,9140,-0.6036721497774125,0.234521484375,0.053357318,-0.05666292458772659,0.02117402846633922,-0.039246320724487305,0.2,-0.04324660008132923
300.0,0.15076656000000002,916,568,1875968,3302,0.0003,9150,-0.6095581280998885,0.236474609375,0.05209824,-0.05164511129260063,0.04019715776084922,0.04312258958816528,0.2,-0.0415379272933933
300.0,0.06884528999999998,917,568,1878016,3305,0.0003,9160,-0.5944281352683902,0.24111328125,0.0565759,-0.037007950246334076,0.04559212154708803,-0.05993986129760742,0.2,-0.04355519954988267
300.0,0.14944009000000003,918,568,1880064,3307,0.0003,9170,-0.6002409676089883,0.253759765625,0.05264014,-0.04561439901590347,0.058637213270412755,0.13581424951553345,0.2,-0.042581592255737634
300.0,-0.09977521999999997,919,568,1882112,3309,0.0003,9180,-0.6054038845002652,0.241650390625,0.056137133,-0.0566251315176487,0.04366834411630407,-0.2503257989883423,0.2,-0.044838968553813176
300.0,-0.21560633000000004,920,568,1884160,3312,0.0003,9190,-0.6077992714941501,0.234033203125,0.053393587,-0.059057917445898056,0.057900055620120836,-0.025792360305786133,0.2,-0.03910027570964303
300.0,-0.05596288999999996,921,569,1886208,3314,0.0003,9200,-0.5815743330866099,0.22734375,0.05299233,-0.04786133021116257,0.031189158273627983,-0.1545776128768921,0.2,-0.04203175054572057
300.0,0.12550106,922,569,1888256,3317,0.0003,9210,-0.5830648926086723,0.236572265625,0.055677377,0.007440779358148575,0.09018483033869415,0.10308337211608887,0.2,-0.043297888804227115
300.0,0.16305020000000006,923,569,1890304,3319,0.0003,9220,-0.571430001128465,0.243115234375,0.061577663,-0.05859283357858658,0.07195866639958695,0.13309669494628906,0.2,-0.04132198149745818
300.0,0.2876959300000001,924,569,1892352,3321,0.0003,9230,-0.5661134285852313,0.227685546875,0.0513069,-0.05427708476781845,0.0537419956701342,0.0004010200500488281,0.2,-0.04159875835757702
300.0,0.012551439999999995,925,569,1894400,3323,0.0003,9240,-0.5584995175711811,0.24423828125,0.07173235,-0.044895537197589874,0.06419476065784693,0.23205780982971191,0.2,-0.04338834089576267
300.0,0.012159229999999957,926,570,1896448,3326,0.0003,9250,-0.581084119901061,0.239453125,0.05909893,-0.0571795329451561,0.023554549951222727,-0.07780516147613525,0.2,-0.04565402758744312
300.0,-0.014326739999999928,927,570,1898496,3329,0.0003,9260,-0.547149992827326,0.235546875,0.061280068,-0.061667751520872116,0.015079393138876185,0.06408911943435669,0.2,-0.043676258699269964
300.0,0.03283010000000003,928,559,1900544,3397,0.0003,9270,-0.5815029903315008,0.242138671875,0.054285623,-0.03368201106786728,0.0397072376741562,0.04433506727218628,0.2,-0.03916834873380139
300.0,0.13158662999999998,929,559,1902592,3400,0.0003,9280,-0.5768627199344337,0.231982421875,0.048786543,-0.06984667479991913,0.02683941335126292,0.15638720989227295,0.2,-0.03988154777471209
300.0,0.01977628000000007,930,559,1904640,3402,0.0003,9290,-0.6017776612192393,0.2572265625,0.059937276,-0.03313449025154114,0.0519862440880388,0.13649749755859375,0.2,-0.042075703691807576
300.0,0.05580288000000005,931,560,1906688,3404,0.0003,9300,-0.5861551440320909,0.255810546875,0.051302616,-0.039863891899585724,0.07511062282137573,0.04585331678390503,0.2,-0.0423927759838989
300.0,-0.1249858599999999,932,560,1908736,3406,0.0003,9310,-0.5978733303025365,0.240087890625,0.054729432,-0.06091878563165665,0.029063778661657123,0.09011012315750122,0.2,-0.04109012165863533
300.0,0.08588557,933,560,1910784,3409,0.0003,9320,-0.5844871876761317,0.24931640625,0.054464363,-0.049474406987428665,0.028787791676586495,0.14591175317764282,0.2,-0.04523884827940492
300.0,0.24550702999999996,934,560,1912832,3411,0.0003,9330,-0.5690346534363926,0.24384765625,0.056326494,-0.07281282544136047,0.031481189269106834,-0.14185833930969238,0.2,-0.04275322898174636
300.0,0.46262271,935,560,1914880,3413,0.0003,9340,-0.5923552318476141,0.22548828125,0.04657959,-0.06281889230012894,0.04309176245587878,0.0353202223777771,0.2,-0.0455569728568662
300.0,0.35426455000000007,936,561,1916928,3415,0.0003,9350,-0.5711400153115391,0.241357421875,0.053878836,-0.04843839257955551,0.03733647568151355,-0.13928139209747314,0.2,-0.043406471190974114
300.0,0.18452908999999995,937,561,1918976,3418,0.0003,9360,-0.588691040687263,0.241162109375,0.05888086,-0.061286360025405884,0.02384964936354663,-0.050383687019348145,0.2,-0.0448848374420777
300.0,0.10137760999999994,938,561,1921024,3420,0.0003,9370,-0.5593926181085408,0.23251953125,0.05962672,-0.04544638469815254,0.03997046747826971,0.08438092470169067,0.2,-0.044495938633917834
300.0,0.17100280999999998,939,561,1923072,3422,0.0003,9380,-0.5613134616985918,0.235546875,0.054569356,-0.049948278814554214,0.035605736210709435,0.10285687446594238,0.2,-0.04061361290223431
300.0,0.29131689,940,562,1925120,3425,0.0003,9390,-0.5657534267753362,0.242138671875,0.062503204,-0.057266056537628174,0.03307413515867665,-0.14233624935150146,0.2,-0.045213358284672725
300.0,0.2286784400000001,941,562,1927168,3427,0.0003,9400,-0.5699824405834079,0.23037109375,0.057131454,-0.03449641540646553,0.10884477539220824,-0.021494269371032715,0.2,-0.04305206687859027
300.0,0.1530350500000001,942,562,1929216,3430,0.0003,9410,-0.5654305865056812,0.236865234375,0.047602735,-0.06623109430074692,0.02464256309904158,0.024035334587097168,0.2,-0.04325464895810001
300.0,-0.08971420999999999,943,562,1931264,3432,0.0003,9420,-0.5634138953872025,0.229150390625,0.05777075,-0.07589134573936462,0.02478966670460068,0.13833820819854736,0.2,-0.042429643876675985
300.0,-0.21623114000000004,944,562,1933312,3434,0.0003,9430,-0.567316082585603,0.240869140625,0.053733543,-0.019666029140353203,0.038116685673594476,0.1370617151260376,0.2,-0.04204758557898458
300.0,-0.12740539000000006,945,563,1935360,3437,0.0003,9440,-0.5609298118390142,0.21416015625,0.04441526,-0.002179909497499466,0.07298656656057574,0.08220779895782471,0.2,-0.036996886800625364
300.0,0.060201560000000036,946,563,1937408,3439,0.0003,9450,-0.5622029766440392,0.237548828125,0.060675453,-0.03853486478328705,0.04480164264095947,0.0776321291923523,0.2,-0.04280999948387034
300.0,0.06722475000000001,947,563,1939456,3441,0.0003,9460,-0.5652383804321289,0.2486328125,0.06716271,-0.049435093998909,0.032299333892297,0.14145511388778687,0.2,-0.04310886942694196
300.0,-0.014163000000000045,948,563,1941504,3444,0.0003,9470,-0.5681689837016165,0.238916015625,0.05443901,-0.057123057544231415,0.05154129278380424,0.11831313371658325,0.2,-0.04396703799138777
300.0,-0.045219850000000006,949,563,1943552,3447,0.0003,9480,-0.549542719591409,0.24111328125,0.058019027,-0.03704811632633209,0.025793802118278107,0.17859232425689697,0.2,-0.0426349721616134
300.0,-0.09921979999999994,950,563,1945600,3450,0.0003,9490,-0.5519531788304448,0.241064453125,0.056677304,-0.058982133865356445,0.03275193297304213,0.2326287031173706,0.2,-0.04459304633783177
300.0,-0.11966178000000005,951,564,1947648,3453,0.0003,9500,-0.573446114640683,0.23974609375,0.056869663,-0.05353929102420807,0.033871762693161146,0.3687756657600403,0.2,-0.044197259508655405
300.0,-0.28840242,952,564,1949696,3456,0.0003,9510,-0.5532534351572395,0.238232421875,0.06678877,-0.056534938514232635,0.03213209335808642,0.164262592792511,0.2,-0.0435969252459472
300.0,-0.21975160999999993,953,564,1951744,3459,0.0003,9520,-0.5265528345480561,0.227880859375,0.05912827,-0.015655625611543655,0.07171504612779245,0.17877542972564697,0.2,-0.04079108648002148
300.0,-0.32099810000000006,954,564,1953792,3462,0.0003,9530,-0.5288466396741569,0.23564453125,0.055658188,-0.042127110064029694,0.04763462863629684,0.17000919580459595,0.2,-0.040133902552770453
300.0,-0.4447052500000001,955,564,1955840,3465,0.0003,9540,-0.5293799516744911,0.239990234375,0.061202355,-0.07544045895338058,0.01927782722923439,0.14476460218429565,0.2,-0.041464282578090206
300.0,-0.55028873,956,564,1957888,3467,0.0003,9550,-0.540010769572109,0.236279296875,0.06766607,-0.03356654942035675,0.06972144554601982,0.1338406801223755,0.2,-0.04263030037400313
300.0,-0.40705838000000005,957,564,1959936,3471,0.0003,9560,-0.5408871336840093,0.250439453125,0.06831095,-0.04317314922809601,0.06267200967413374,0.08797061443328857,0.2,-0.04594324726785999
300.0,-0.5291908,958,564,1961984,3473,0.0003,9570,-0.5209406044334173,0.228466796875,0.057718705,-0.03858907148241997,0.053030551032861695,0.39477306604385376,0.2,-0.03675590943021234
300.0,-0.55080553,959,564,1964032,3476,0.0003,9580,-0.5437468300573528,0.239013671875,0.053713396,-0.04651447385549545,0.06294295973493717,0.25801193714141846,0.2,-0.04516176896431716
300.0,-0.46368272000000005,960,565,1966080,3479,0.0003,9590,-0.5356277697719634,0.218212890625,0.05460822,-0.045363444834947586,0.059824696014402434,0.352325975894928,0.2,-0.03661302046966739
300.0,-0.5917435800000002,961,565,1968128,3481,0.0003,9600,-0.5504582450725138,0.233349609375,0.052580588,-0.05768197029829025,0.060304877418093386,0.40350139141082764,0.2,-0.044862114652642046
300.0,-0.81725818,962,565,1970176,3483,0.0003,9610,-0.5451224939897656,0.245458984375,0.064542286,-0.052316468209028244,0.026260797516442835,0.6647100448608398,0.2,-0.042862811250961384
300.0,-0.9645037999999999,963,565,1972224,3486,0.0003,9620,-0.5662557547912002,0.248828125,0.061518893,-0.0719277411699295,0.028771462815348058,0.6931682229042053,0.2,-0.0426520903740311
300.0,-1.1018424500000001,964,565,1974272,3489,0.0003,9630,-0.5283452768810093,0.228173828125,0.057004776,-0.05027901008725166,0.053517922601895404,0.5464063882827759,0.2,-0.04053704643156379
300.0,-0.7713189200000001,965,566,1976320,3491,0.0003,9640,-0.5272446536459029,0.246728515625,0.06601026,-0.07558073848485947,0.023538825748255478,0.7068394422531128,0.2,-0.04524703440256417
300.0,-0.78558044,966,566,1978368,3493,0.0003,9650,-0.528344311285764,0.261767578125,0.0720309,-0.049238890409469604,0.039987143559847026,0.6268662214279175,0.2,-0.042283447730733316
300.0,-0.8300592099999998,967,566,1980416,3496,0.0003,9660,-0.5306254460476338,0.2419921875,0.06645071,-0.0744980201125145,0.015252314652025234,0.6839921474456787,0.2,-0.042280825023772194
300.0,-0.7744893599999999,968,566,1982464,3498,0.0003,9670,-0.5400238763540983,0.231982421875,0.04939691,-0.046177271753549576,0.0323384808114497,0.5207870006561279,0.2,-0.03793029185326304
300.0,-0.56331635,969,566,1984512,3500,0.0003,9680,-0.5395549725741148,0.23984375,0.06364842,-0.06976887583732605,0.02889500905876048,0.598448634147644,0.2,-0.039874694994068705
300.0,-0.6851067700000002,970,567,1986560,3502,0.0003,9690,-0.5173209741711616,0.231640625,0.05969935,-0.02360062673687935,0.02871392357046716,0.5231853723526001,0.2,-0.041271457067341547
300.0,-0.46884118,971,567,1988608,3505,0.0003,9700,-0.5180017104372382,0.233984375,0.05912918,-0.028304751962423325,0.0879639831953682,0.19986557960510254,0.2,-0.03805620711063966
300.0,-0.5331594000000002,972,567,1990656,3507,0.0003,9710,-0.5177563012577593,0.241650390625,0.06078497,-0.03191821277141571,0.06902165587525814,0.43073785305023193,0.2,-0.04105210408160929
300.0,-0.34457523999999995,973,567,1992704,3510,0.0003,9720,-0.5249881019815803,0.236669921875,0.058963373,-0.00990857183933258,0.10408248979365453,0.2292078137397766,0.2,-0.04303094668721315
300.0,-0.2580592500000001,974,567,1994752,3512,0.0003,9730,-0.5138219369575381,0.2333984375,0.057453718,-0.044856760650873184,0.03666730516415555,0.08572298288345337,0.2,-0.03818940634955652
300.0,0.01832778999999994,975,568,1996800,3515,0.0003,9740,-0.5196309269405901,0.249658203125,0.06980631,-0.05216450244188309,0.026782032992923633,0.27488958835601807,0.2,-0.041901891797897405
300.0,-0.05175852999999996,976,568,1998848,3517,0.0003,9750,-0.5060684975236655,0.24775390625,0.06431895,-0.03728888928890228,0.07939942847006023,0.22736716270446777,0.2,-0.0415789112157654
300.0,0.2574581700000001,977,558,2000896,3580,0.0003,9760,-0.5053717203438282,0.22607421875,0.06745237,-0.05850616842508316,0.03553947203909047,0.2659066915512085,0.2,-0.039661206808523274
