rollout/ep_len_mean,time/fps,time/time_elapsed,time/total_timesteps,time/episodes,rollout/ep_rew_mean,rollout/exploration_rate,train/loss,train/learning_rate,train/n_updates
300.0,327,3,1200,4,-1.2192705,0.9977584905660376,,,
300.0,592,4,2400,8,0.2420197500000001,0.9955169811320755,,,
300.0,816,4,3600,12,0.91632325,0.9932754716981131,,,
300.0,995,4,4800,16,1.0005076249999998,0.9910339622641511,,,
300.0,1156,5,6000,20,0.8673799999999998,0.9887924528301887,,,
300.0,1297,5,7200,24,0.6383519583333334,0.9865509433962263,,,
300.0,1419,5,8400,28,0.6421809642857143,0.9843094339622642,,,
300.0,1514,6,9600,32,0.49488309374999995,0.9820679245283018,,,
300.0,1610,6,10800,36,0.4439133055555555,0.9798264150943398,,,
300.0,1696,7,12000,40,0.9283974749999999,0.9775849056603774,,,
300.0,1759,7,13200,44,0.9400544772727272,0.9753433962264149,,,
300.0,1827,7,14400,48,0.7273215208333333,0.9731018867924529,,,
300.0,1891,8,15600,52,0.7134082115384616,0.9708603773584905,,,
300.0,1947,8,16800,56,0.8561129107142857,0.9686188679245284,,,
300.0,1999,9,18000,60,0.9095781166666668,0.966377358490566,,,
300.0,2049,9,19200,64,0.901505171875,0.9641358490566035,,,
300.0,2097,9,20400,68,0.804054911764706,0.9618943396226416,,,
300.0,2141,10,21600,72,0.6709726111111111,0.9596528301886791,,,
300.0,2180,10,22800,76,0.5319486578947368,0.9574113207547171,,,
300.0,2217,10,24000,80,0.5085836625,0.9551698113207547,,,
300.0,2252,11,25200,84,0.49450797619047615,0.9529283018867927,,,
300.0,2284,11,26400,88,0.5281754545454546,0.9506867924528303,,,
300.0,2315,11,27600,92,0.6171489782608696,0.9484452830188678,,,
300.0,2341,12,28800,96,0.5067264270833334,0.9462037735849058,,,
300.0,2365,12,30000,100,0.45143059,0.9439622641509433,,,
300.0,2391,13,31200,104,0.48672009000000005,0.9417207547169814,,,
300.0,2416,13,32400,108,0.4248148300000002,0.9394792452830188,,,
300.0,2439,13,33600,112,0.4113208400000001,0.9372377358490565,,,
300.0,2462,14,34800,116,0.24783716000000008,0.9349962264150945,,,
300.0,2485,14,36000,120,0.23044240000000013,0.932754716981132,,,
300.0,2495,14,37200,124,0.27174486000000014,0.93051320754717,,,
300.0,2514,15,38400,128,0.32478929,0.9282716981132075,,,
300.0,2533,15,39600,132,0.31940238,0.9260301886792451,,,
300.0,2537,16,40800,136,0.42021336000000004,0.9237886792452831,0.010891644284129143,0.0001,7
300.0,2542,16,42000,140,0.24990567000000005,0.9215471698113207,0.010907674208283424,0.0001,19
300.0,2548,16,43200,144,0.24322614999999995,0.9193056603773587,0.008836107328534126,0.0001,31
300.0,2554,17,44400,148,0.45601665,0.9170641509433962,0.008295870386064053,0.0001,43
300.0,2550,17,45600,152,0.5352905800000001,0.9148226415094338,0.007786234375089407,0.0001,55
300.0,2551,18,46800,156,0.5210752700000001,0.9125811320754718,0.007177813909947872,0.0001,67
300.0,2557,18,48000,160,0.46653382,0.9103396226415094,0.006360772531479597,0.0001,79
300.0,2563,19,49200,164,0.46473903,0.9080981132075473,0.005849188659340143,0.0001,91
300.0,2571,19,50400,168,0.41153173000000004,0.9058566037735849,0.004687749780714512,0.0001,103
300.0,2579,20,51600,172,0.40164663000000006,0.9036150943396225,0.004300434608012438,0.0001,115
300.0,2585,20,52800,176,0.52280603,0.9013735849056604,0.0033154101110994816,0.0001,127
300.0,2592,20,54000,180,0.48556449999999995,0.899132075471698,0.0031848500948399305,0.0001,139
300.0,2595,21,55200,184,0.46194927000000013,0.896890566037736,0.0034709996543824673,0.0001,151
300.0,2601,21,56400,188,0.46363203999999997,0.8946490566037736,0.0031395461410284042,0.0001,163
300.0,2603,22,57600,192,0.34955336000000004,0.8924075471698112,0.002296308521181345,0.0001,175
300.0,2609,22,58800,196,0.41799918,0.8901660377358491,0.001563137280754745,0.0001,187
300.0,2612,22,60000,200,0.4255777000000001,0.8879245283018867,0.001494065159931779,0.0001,199
300.0,2618,23,61200,204,0.36235154,0.8856830188679247,0.0014426185516640544,0.0001,211
300.0,2622,23,62400,208,0.41018063999999993,0.8834415094339623,0.0011608985951170325,0.0001,223
300.0,2628,24,63600,212,0.32814004,0.8811999999999998,0.0011572518851608038,0.0001,235
300.0,2626,24,64800,216,0.4371960700000001,0.8789584905660378,0.001270510721951723,0.0001,247
300.0,2621,25,66000,220,0.45033985000000015,0.8767169811320754,0.0014358117477968335,0.0001,259
300.0,2625,25,67200,224,0.45993739000000006,0.8744754716981133,0.0017145033925771713,0.0001,271
300.0,2629,26,68400,228,0.3737652099999999,0.872233962264151,0.0018587582744657993,0.0001,283
300.0,2631,26,69600,232,0.3149691099999999,0.8699924528301889,0.0017416407354176044,0.0001,295
300.0,2635,26,70800,236,0.09965228999999998,0.8677509433962265,0.001938104396685958,0.0001,307
300.0,2634,27,72000,240,0.12363071999999997,0.865509433962264,0.0022447293158620596,0.0001,319
300.0,2637,27,73200,244,0.07851765,0.863267924528302,0.002067976864054799,0.0001,331
300.0,2639,28,74400,248,-0.01717544000000003,0.8610264150943396,0.00229034130461514,0.0001,343
300.0,2643,28,75600,252,-0.14172531000000005,0.8587849056603771,0.0023314873687922955,0.0001,355
300.0,2647,29,76800,256,-0.3590602,0.8565433962264152,0.00231699226424098,0.0001,367
300.0,2648,29,78000,260,-0.31967286,0.8543018867924528,0.002158325631171465,0.0001,379
300.0,2650,29,79200,264,-0.3040804100000001,0.8520603773584907,0.002591055817902088,0.0001,391
300.0,2654,30,80400,268,-0.11935760000000002,0.8498188679245282,0.0023972834460437298,0.0001,403
300.0,2657,30,81600,272,0.00731355999999999,0.8475773584905663,0.002737689297646284,0.0001,415
300.0,2660,31,82800,276,0.023541250000000017,0.8453358490566039,0.002803303301334381,0.0001,427
300.0,2661,31,84000,280,0.12618089999999998,0.8430943396226414,0.002629075665026903,0.0001,439
300.0,2664,31,85200,284,0.25287233,0.8408528301886794,0.002490137703716755,0.0001,451
300.0,2667,32,86400,288,0.19140764000000002,0.8386113207547169,0.003337717615067959,0.0001,463
300.0,2669,32,87600,292,0.18560125999999996,0.8363698113207549,0.002597392536699772,0.0001,475
300.0,2671,33,88800,296,0.07642330999999997,0.8341283018867924,0.003276949282735586,0.0001,487
300.0,2673,33,90000,300,0.06706336999999998,0.83188679245283,0.002798600122332573,0.0001,499
300.0,2675,34,91200,304,0.22493490000000002,0.8296452830188681,0.003503393614664674,0.0001,511
300.0,2677,34,92400,308,0.11471720999999999,0.8274037735849056,0.0035621682181954384,0.0001,523
300.0,2677,34,93600,312,0.09963655999999993,0.8251622641509436,0.0026381961070001125,0.0001,535
300.0,2679,35,94800,316,0.07851276999999993,0.8229207547169811,0.0029169421177357435,0.0001,547
300.0,2679,35,96000,320,0.20426778999999995,0.8206792452830187,0.0029146119486540556,0.0001,559
300.0,2678,36,97200,324,0.18454915999999996,0.8184377358490567,0.002508965553715825,0.0001,571
300.0,2680,36,98400,328,0.2008999,0.8161962264150943,0.004743338096886873,0.0001,583
300.0,2681,37,99600,332,0.31974284999999997,0.8139547169811323,0.00280317896977067,0.0001,595
300.0,1272,79,100800,336,0.47115324999999997,0.8117132075471698,0.002414516406133771,0.0001,607
300.0,1281,79,102000,340,0.37577305000000005,0.8094716981132074,0.0029118345119059086,0.0001,619
300.0,1289,80,103200,344,0.36058217000000004,0.8072301886792453,0.0035988320596516132,0.0001,631
300.0,1297,80,104400,348,0.23905937,0.804988679245283,0.0034884095657616854,0.0001,643
300.0,1305,80,105600,352,0.25448685,0.8027471698113209,0.003018504474312067,0.0001,655
300.0,1312,81,106800,356,0.3138380100000001,0.8005056603773585,0.0027162344194948673,0.0001,667
300.0,1320,81,108000,360,0.29949222000000003,0.7982641509433961,0.003157953266054392,0.0001,679
300.0,1328,82,109200,364,0.24085613999999997,0.796022641509434,0.002503595082089305,0.0001,691
300.0,1335,82,110400,368,0.09764525000000003,0.7937811320754716,0.0036072605289518833,0.0001,703
300.0,1342,83,111600,372,0.08479386000000007,0.7915396226415096,0.0023147540632635355,0.0001,715
300.0,1350,83,112800,376,0.014767350000000035,0.7892981132075472,0.0024927302729338408,0.0001,727
300.0,1357,83,114000,380,-0.15543616,0.7870566037735847,0.0022026882506906986,0.0001,739
300.0,1364,84,115200,384,-0.28086094,0.7848150943396227,0.0037716254591941833,0.0001,751
300.0,1371,84,116400,388,-0.29493173999999994,0.7825735849056603,0.0023497638758271933,0.0001,763
300.0,1378,85,117600,392,-0.40498493999999996,0.7803320754716982,0.003811965696513653,0.0001,775
300.0,1385,85,118800,396,-0.33393074,0.7780905660377359,0.0034906300716102123,0.0001,787
300.0,1391,86,120000,400,-0.27127999999999985,0.7758490566037735,0.0031997303012758493,0.0001,799
300.0,1398,86,121200,404,-0.4177024499999999,0.7736075471698114,0.002100021578371525,0.0001,811
300.0,1404,87,122400,408,-0.26948505999999994,0.7713660377358489,0.00282968464307487,0.0001,823
300.0,1411,87,123600,412,-0.25660115,0.7691245283018869,0.00299344165250659,0.0001,835
300.0,1417,88,124800,416,-0.28748385000000004,0.7668830188679245,0.0021647887770086527,0.0001,847
300.0,1423,88,126000,420,-0.42174223,0.7646415094339625,0.0037811393849551678,0.0001,859
300.0,1429,88,127200,424,-0.27417556000000004,0.7624000000000001,0.0017854457255452871,0.0001,871
300.0,1436,89,128400,428,-0.27593555000000003,0.7601584905660377,0.0030503550078719854,0.0001,883
300.0,1442,89,129600,432,-0.17836617999999993,0.7579169811320756,0.003195889526978135,0.0001,895
300.0,1449,90,130800,436,-0.2895269199999999,0.7556754716981131,0.0039980062283575535,0.0001,907
300.0,1454,90,132000,440,-0.16655302999999996,0.7534339622641508,0.0025795812252908945,0.0001,919
300.0,1461,91,133200,444,-0.14583095999999998,0.7511924528301888,0.0019780807197093964,0.0001,931
300.0,1467,91,134400,448,-0.023268180000000055,0.7489509433962263,0.0036848837044090033,0.0001,943
300.0,1473,92,135600,452,-0.012074600000000067,0.7467094339622642,0.0027144658379256725,0.0001,955
300.0,1479,92,136800,456,-0.022235310000000025,0.7444679245283019,0.0013750874204561114,0.0001,967
300.0,1484,92,138000,460,-0.057074710000000015,0.7422264150943398,0.002618446946144104,0.0001,979
300.0,1490,93,139200,464,-0.08607354999999994,0.7399849056603773,0.003950553014874458,0.0001,991
300.0,1496,93,140400,468,0.06498879000000002,0.7377433962264149,0.002694733440876007,0.0001,1003
300.0,1501,94,141600,472,0.08056452,0.735501886792453,0.0026085423305630684,0.0001,1015
300.0,1506,94,142800,476,0.12988114,0.7332603773584905,0.0028559952042996883,0.0001,1027
300.0,1511,95,144000,480,0.27180736,0.7310188679245284,0.002649919595569372,0.0001,1039
300.0,1517,95,145200,484,0.2921165699999999,0.7287773584905661,0.002800111658871174,0.0001,1051
300.0,1522,96,146400,488,0.19014327,0.7265358490566036,0.0025216692592948675,0.0001,1063
300.0,1527,96,147600,492,0.31922723999999997,0.7242943396226416,0.001998256193473935,0.0001,1075
300.0,1532,97,148800,496,0.42626597,0.7220528301886792,0.002662265207618475,0.0001,1087
300.0,1536,97,150000,500,0.37910533999999996,0.7198113207547172,0.0016587595455348492,0.0001,1099
300.0,1541,98,151200,504,0.50400088,0.7175698113207547,0.0030328540597110987,0.0001,1111
300.0,1546,98,152400,508,0.4102266600000001,0.7153283018867923,0.002411164343357086,0.0001,1123
300.0,1551,98,153600,512,0.45606265000000007,0.7130867924528304,0.0023978017270565033,0.0001,1135
300.0,1556,99,154800,516,0.61554274,0.7108452830188678,0.0028091769199818373,0.0001,1147
300.0,1561,99,156000,520,0.67977947,0.7086037735849058,0.0016719585983082652,0.0001,1159
300.0,1566,100,157200,524,0.42783094999999993,0.7063622641509434,0.0029630926437675953,0.0001,1171
300.0,1571,100,158400,528,0.4423579,0.704120754716981,0.0021268301643431187,0.0001,1183
300.0,1575,101,159600,532,0.36174172,0.7018792452830189,0.0033332009334117174,0.0001,1195
300.0,1580,101,160800,536,0.4717390900000001,0.6996377358490565,0.0029616595711559057,0.0001,1207
300.0,1583,102,162000,540,0.40731587,0.6973962264150946,0.0032840268686413765,0.0001,1219
300.0,1588,102,163200,544,0.3895078600000001,0.6951547169811321,0.00459377933293581,0.0001,1231
300.0,1593,103,164400,548,0.34613606,0.6929132075471697,0.0039530349895358086,0.0001,1243
300.0,1597,103,165600,552,0.32237851000000006,0.6906716981132076,0.0024724379181861877,0.0001,1255
300.0,1602,104,166800,556,0.3438261699999999,0.6884301886792452,0.0024412304628640413,0.0001,1267
300.0,1604,104,168000,560,0.4080319099999999,0.6861886792452832,0.00373695301823318,0.0001,1279
300.0,1608,105,169200,564,0.5345756100000001,0.6839471698113208,0.0022369311191141605,0.0001,1291
300.0,1612,105,170400,568,0.40274586000000007,0.6817056603773588,0.005466037429869175,0.0001,1303
300.0,1616,106,171600,572,0.41864623000000006,0.6794641509433963,0.0018562749028205872,0.0001,1315
300.0,1620,106,172800,576,0.43733581,0.6772226415094338,0.0012286559212952852,0.0001,1327
300.0,1623,107,174000,580,0.38935793999999985,0.6749811320754718,0.0018751852912828326,0.0001,1339
300.0,1627,107,175200,584,0.37123085999999994,0.6727396226415094,0.0026304752100259066,0.0001,1351
300.0,1629,108,176400,588,0.5123906600000001,0.6704981132075469,0.0018855330999940634,0.0001,1363
300.0,1632,108,177600,592,0.46047694,0.668256603773585,0.004363205749541521,0.0001,1375
300.0,1636,109,178800,596,0.44370150999999985,0.6660150943396226,0.003341129282489419,0.0001,1387
300.0,1640,109,180000,600,0.5402626599999999,0.6637735849056605,0.0017380679491907358,0.0001,1399
300.0,1644,110,181200,604,0.47008398999999995,0.661532075471698,0.0031992900185287,0.0001,1411
300.0,1648,110,182400,608,0.55692027,0.6592905660377361,0.004060612991452217,0.0001,1423
300.0,1651,111,183600,612,0.5900589100000001,0.6570490566037737,0.002646758919581771,0.0001,1435
300.0,1655,111,184800,616,0.4778611,0.6548075471698112,0.002214723266661167,0.0001,1447
300.0,1659,112,186000,620,0.34593976000000004,0.6525660377358492,0.0018971404060721397,0.0001,1459
300.0,1663,112,187200,624,0.48575345999999997,0.6503245283018868,0.004036090336740017,0.0001,1471
300.0,1665,113,188400,628,0.4101733399999999,0.6480830188679243,0.004557333420962095,0.0001,1483
300.0,1668,113,189600,632,0.40318734,0.6458415094339622,0.0027919397689402103,0.0001,1495
300.0,1672,114,190800,636,0.37233769999999994,0.6435999999999998,0.0020731822587549686,0.0001,1507
300.0,1676,114,192000,640,0.3331604999999999,0.6413584905660379,0.003449240932241082,0.0001,1519
300.0,1679,115,193200,644,0.41568135,0.6391169811320754,0.0032767311204224825,0.0001,1531
300.0,1683,115,194400,648,0.44806610999999996,0.6368754716981134,0.0016048079123720527,0.0001,1543
300.0,1686,115,195600,652,0.5721097299999998,0.634633962264151,0.001974026672542095,0.0001,1555
300.0,1689,116,196800,656,0.48579508999999993,0.6323924528301885,0.0026970768813043833,0.0001,1567
300.0,1693,116,198000,660,0.38538709000000004,0.6301509433962265,0.0013071434805169702,0.0001,1579
300.0,1696,117,199200,664,0.21885428999999998,0.6279094339622641,0.0019441640470176935,0.0001,1591
300.0,1257,159,200400,668,0.17630784999999993,0.6256679245283021,0.002535315928980708,0.0001,1603
300.0,1261,159,201600,672,0.10015561999999996,0.6234264150943396,0.003473748918622732,0.0001,1615
300.0,1265,160,202800,676,0.05167860999999992,0.6211849056603772,0.0028617214411497116,0.0001,1627
300.0,1268,160,204000,680,0.08926861999999991,0.6189433962264153,0.002957121469080448,0.0001,1639
300.0,1272,161,205200,684,0.08107871000000003,0.6167018867924527,0.002400965429842472,0.0001,1651
300.0,1275,161,206400,688,0.07281800000000002,0.6144603773584907,0.00383407948538661,0.0001,1663
300.0,1277,162,207600,692,0.05587842999999999,0.6122188679245283,0.002124535385519266,0.0001,1675
300.0,1281,162,208800,696,-0.02526341,0.6099773584905659,0.0026468681171536446,0.0001,1687
300.0,1285,163,210000,700,-0.10598831,0.6077358490566038,0.0022653345949947834,0.0001,1699
300.0,1288,163,211200,704,-0.08276699000000001,0.6054943396226414,0.0034409970976412296,0.0001,1711
300.0,1292,164,212400,708,-0.08081832,0.6032528301886795,0.0023723002523183823,0.0001,1723
300.0,1295,164,213600,712,-0.14089256,0.601011320754717,0.005003625527024269,0.0001,1735
300.0,1298,165,214800,716,-0.19941732,0.5987698113207549,0.005201396998018026,0.0001,1747
300.0,1302,165,216000,720,-0.04621476000000005,0.5965283018867925,0.002183702774345875,0.0001,1759
300.0,1305,166,217200,724,-0.15314767000000004,0.5942867924528301,0.004553797654807568,0.0001,1771
300.0,1308,166,218400,728,-0.08777751000000007,0.592045283018868,0.0010401365580037236,0.0001,1783
300.0,1312,167,219600,732,-0.17798765000000005,0.5898037735849057,0.005473214201629162,0.0001,1795
300.0,1314,167,220800,736,-0.15061145,0.5875622641509433,0.0034385723993182182,0.0001,1807
300.0,1317,168,222000,740,-0.12177689000000001,0.5853207547169812,0.002271599369123578,0.0001,1819
300.0,1320,169,223200,744,-0.20033775,0.5830792452830188,0.004513373598456383,0.0001,1831
300.0,1323,169,224400,748,-0.25533863,0.5808377358490567,0.0026302903424948454,0.0001,1843
300.0,1327,169,225600,752,-0.30222893999999995,0.5785962264150943,0.003733924124389887,0.0001,1855
300.0,1330,170,226800,756,-0.21351872999999993,0.5763547169811323,0.003971199505031109,0.0001,1867
300.0,1333,171,228000,760,-0.16428873999999996,0.5741132075471699,0.0023339500185102224,0.0001,1879
300.0,1336,171,229200,764,0.021613979999999953,0.5718716981132075,0.002630878472700715,0.0001,1891
300.0,1339,171,230400,768,0.04008075999999997,0.5696301886792454,0.004847225733101368,0.0001,1903
300.0,1343,172,231600,772,0.09280909,0.567388679245283,0.004202829208225012,0.0001,1915
300.0,1345,172,232800,776,0.061159849999999995,0.5651471698113206,0.001211373833939433,0.0001,1927
300.0,1348,173,234000,780,0.07761291000000005,0.5629056603773586,0.0036546271294355392,0.0001,1939
300.0,1352,173,235200,784,0.10801358000000003,0.5606641509433961,0.003901233896613121,0.0001,1951
300.0,1355,174,236400,788,0.14714034000000006,0.5584226415094341,0.0013526061084121466,0.0001,1963
300.0,1358,174,237600,792,0.06740827000000016,0.5561811320754717,0.004203643184155226,0.0001,1975
300.0,1361,175,238800,796,0.08957848000000013,0.5539396226415096,0.0029144478030502796,0.0001,1987
300.0,1364,175,240000,800,0.06388030000000015,0.5516981132075472,0.0032549595925956964,0.0001,1999
300.0,1367,176,241200,804,0.009181490000000115,0.5494566037735849,0.0016421967884525657,0.0001,2011
300.0,1369,176,242400,808,-0.13843028999999998,0.5472150943396228,0.003813924267888069,0.0001,2023
300.0,1372,177,243600,812,-0.10070106999999995,0.5449735849056603,0.0021588015370070934,0.0001,2035
300.0,1376,177,244800,816,0.01739409000000007,0.5427320754716983,0.0027919323183596134,0.0001,2047
300.0,1379,178,246000,820,-0.0015760299999999373,0.5404905660377359,0.0033159987069666386,0.0001,2059
300.0,1382,178,247200,824,0.07189117000000002,0.5382490566037734,0.0023094424977898598,0.0001,2071
300.0,1385,179,248400,828,-0.08794859999999999,0.5360075471698115,0.00622545974329114,0.0001,2083
300.0,1388,179,249600,832,-0.10564106999999995,0.5337660377358491,0.0032754915300756693,0.0001,2095
300.0,1391,180,250800,836,-0.12156979,0.531524528301887,0.0021737590432167053,0.0001,2107
300.0,1394,180,252000,840,-0.09704850000000001,0.5292830188679245,0.0019226328004151583,0.0001,2119
300.0,1396,181,253200,844,-0.10573318999999999,0.527041509433962,0.0024744756519794464,0.0001,2131
300.0,1399,181,254400,848,-0.12546174,0.5248000000000002,0.0018657846376299858,0.0001,2143
300.0,1402,182,255600,852,-0.20153818999999995,0.5225584905660376,0.00390787934884429,0.0001,2155
300.0,1405,182,256800,856,-0.2203517,0.5203169811320757,0.0015611158451065421,0.0001,2167
300.0,1408,183,258000,860,-0.19358541999999995,0.5180754716981133,0.00224340264685452,0.0001,2179
300.0,1411,183,259200,864,-0.28584432,0.5158339622641512,0.0029650761280208826,0.0001,2191
300.0,1413,184,260400,868,-0.28139738000000003,0.5135924528301887,0.003844341030344367,0.0001,2203
300.0,1416,184,261600,872,-0.27308415999999996,0.5113509433962263,0.002187858335673809,0.0001,2215
300.0,1418,185,262800,876,-0.29775447,0.5091094339622644,0.003439998021349311,0.0001,2227
300.0,1421,185,264000,880,-0.26269111999999994,0.5068679245283019,0.0027817070949822664,0.0001,2239
300.0,1424,186,265200,884,-0.26688016000000003,0.5046264150943394,0.002091849222779274,0.0001,2251
300.0,1426,186,266400,888,-0.19801307,0.5023849056603774,0.0028185248374938965,0.0001,2263
300.0,1429,187,267600,892,-0.06453516000000004,0.500143396226415,0.0026440047658979893,0.0001,2275
300.0,1431,187,268800,896,-0.04929857000000008,0.49790188679245306,0.0025355361867696047,0.0001,2287
300.0,1433,188,270000,900,-0.031042950000000083,0.49566037735849056,0.003000991651788354,0.0001,2299
300.0,1436,188,271200,904,0.032916730000000005,0.4934188679245285,0.00229852763004601,0.0001,2311
300.0,1438,189,272400,908,0.08995808000000005,0.4911773584905661,0.002250783843919635,0.0001,2323
300.0,1441,189,273600,912,-0.019110370000000085,0.4889358490566037,0.0013401461765170097,0.0001,2335
300.0,1443,190,274800,916,-0.024853720000000093,0.48669433962264175,0.0025267149321734905,0.0001,2347
300.0,1446,190,276000,920,-0.004269230000000026,0.48445283018867924,0.0010201820405200124,0.0001,2359
300.0,1448,191,277200,924,-0.12609930000000003,0.48221132075471673,0.0038973158225417137,0.0001,2371
300.0,1451,191,278400,928,0.03418858999999997,0.4799698113207548,0.0019116360927000642,0.0001,2383
300.0,1453,192,279600,932,0.12204167999999996,0.4777283018867924,0.003031959291547537,0.0001,2395
300.0,1456,192,280800,936,0.11572090999999997,0.4754867924528303,0.0015511835226789117,0.0001,2407
300.0,1458,193,282000,940,0.18616364999999999,0.4732452830188679,0.002109894761815667,0.0001,2419
300.0,1461,193,283200,944,0.2531507,0.47100377358490586,0.002755570225417614,0.0001,2431
300.0,1463,194,284400,948,0.24558680999999996,0.46876226415094346,0.001159887295216322,0.0001,2443
300.0,1465,194,285600,952,0.28332342,0.46652075471698107,0.0025922791101038456,0.0001,2455
300.0,1468,195,286800,956,0.4824983599999998,0.464279245283019,0.002796072978526354,0.0001,2467
300.0,1470,195,288000,960,0.3128277899999999,0.4620377358490566,0.002220961032435298,0.0001,2479
300.0,1472,196,289200,964,0.24177453999999993,0.4597962264150941,0.002529284218326211,0.0001,2491
300.0,1475,196,290400,968,0.30390626999999987,0.45755471698113215,0.0023764579091221094,0.0001,2503
300.0,1477,197,291600,972,0.1581050599999999,0.45531320754716975,0.0025751013308763504,0.0001,2515
300.0,1478,198,292800,976,0.14759454999999988,0.4530716981132077,0.003627064870670438,0.0001,2527
300.0,1480,198,294000,980,0.02280739999999997,0.4508301886792452,0.0025276271626353264,0.0001,2539
300.0,1482,199,295200,984,0.06851978999999997,0.44858867924528323,0.002121453173458576,0.0001,2551
300.0,1485,199,296400,988,-0.09454455000000003,0.44634716981132083,0.0020246063359081745,0.0001,2563
300.0,1487,200,297600,992,-0.02862782000000005,0.4441056603773583,0.004153106361627579,0.0001,2575
300.0,1489,200,298800,996,0.034356909999999984,0.44186415094339637,0.0035027978010475636,0.0001,2587
300.0,1227,244,300000,1000,-0.08944897999999996,0.43962264150943386,0.002214114647358656,0.0001,2599
300.0,1229,245,301200,1004,-0.11347526000000002,0.43738113207547147,0.002140601398423314,0.0001,2611
300.0,1231,245,302400,1008,-0.045530820000000014,0.4351396226415095,0.0038305106572806835,0.0001,2623
300.0,1233,246,303600,1012,-0.08987938999999995,0.43289811320754745,0.0018888411577790976,0.0001,2635
300.0,1235,246,304800,1016,-0.15943970999999996,0.43065660377358506,0.003410530276596546,0.0001,2647
300.0,1238,247,306000,1020,-0.1383458,0.42841509433962255,0.0030748986173421144,0.0001,2659
300.0,1240,247,307200,1024,-0.01131340999999999,0.4261735849056606,0.002883241744711995,0.0001,2671
300.0,1242,248,308400,1028,-0.0001908400000000121,0.4239320754716981,0.0032728195656090975,0.0001,2683
300.0,1244,248,309600,1032,0.022531739999999956,0.4216905660377357,0.0019745046738535166,0.0001,2695
300.0,1247,249,310800,1036,-0.12156088000000008,0.41944905660377363,0.002964944578707218,0.0001,2707
300.0,1249,249,312000,1040,-0.2151933700000001,0.41720754716981123,0.004033246543258429,0.0001,2719
300.0,1251,250,313200,1044,-0.18682482,0.4149660377358493,0.0011685267090797424,0.0001,2731
300.0,1253,250,314400,1048,-0.21627843,0.4127245283018868,0.0018613345455378294,0.0001,2743
300.0,1256,251,315600,1052,-0.16772446,0.4104830188679248,0.002918667858466506,0.0001,2755
300.0,1258,251,316800,1056,-0.24320809000000002,0.4082415094339623,0.0024566971696913242,0.0001,2767
300.0,1260,252,318000,1060,-0.17333562,0.4059999999999999,0.002238287590444088,0.0001,2779
300.0,1262,252,319200,1064,-0.16080772,0.40375849056603796,0.0018893757369369268,0.0001,2791
300.0,1265,253,320400,1068,-0.10352139999999999,0.40151698113207546,0.003223604755476117,0.0001,2803
300.0,1267,253,321600,1072,-0.12894391000000005,0.39927547169811306,0.0033684021327644587,0.0001,2815
300.0,1269,254,322800,1076,-0.08070973000000004,0.397033962264151,0.002518050605431199,0.0001,2827
300.0,1271,254,324000,1080,-0.07160649000000002,0.3947924528301886,0.004745032638311386,0.0001,2839
300.0,1273,255,325200,1084,-0.17210098,0.39255094339622654,0.0018916168482974172,0.0001,2851
300.0,1275,255,326400,1088,-0.06500946999999996,0.39030943396226414,0.0015537107829004526,0.0001,2863
300.0,1277,256,327600,1092,-0.12476186,0.3880679245283021,0.0018089170334860682,0.0001,2875
300.0,1279,256,328800,1096,-0.10293519,0.3858264150943397,0.003281068056821823,0.0001,2887
300.0,1282,257,330000,1100,0.07741788000000004,0.3835849056603773,0.0028761406429111958,0.0001,2899
300.0,1283,258,331200,1104,0.07991036000000001,0.3813433962264152,0.0024880124256014824,0.0001,2911
300.0,1285,258,332400,1108,-0.03581160999999998,0.3791018867924528,0.0009432939696125686,0.0001,2923
300.0,1287,259,333600,1112,0.07870247000000007,0.37686037735849043,0.001847116625867784,0.0001,2935
300.0,1289,259,334800,1116,0.06402555000000003,0.37461886792452836,0.0017065528081730008,0.0001,2947
300.0,1291,260,336000,1120,-0.04851297999999997,0.37237735849056597,0.0027569506783038378,0.0001,2959
300.0,1293,260,337200,1124,-0.15928702,0.3701358490566039,0.0017069362802430987,0.0001,2971
300.0,1295,261,338400,1128,-0.21588310000000008,0.3678943396226415,0.0022991993464529514,0.0001,2983
300.0,1297,261,339600,1132,-0.30096307000000005,0.36565283018867945,0.002185993129387498,0.0001,2995
300.0,1299,262,340800,1136,-0.15648113999999996,0.36341132075471705,0.0019076054450124502,0.0001,3007
300.0,1301,262,342000,1140,-0.22068912999999998,0.36116981132075454,0.0026150799822062254,0.0001,3019
300.0,1303,263,343200,1144,-0.2313477,0.3589283018867926,0.0021822447888553143,0.0001,3031
300.0,1305,263,344400,1148,-0.24766240000000003,0.3566867924528302,0.0019119135104119778,0.0001,3043
300.0,1307,264,345600,1152,-0.32619877,0.3544452830188677,0.0010831282706931233,0.0001,3055
300.0,1309,264,346800,1156,-0.31145156999999996,0.35220377358490573,0.0024885148741304874,0.0001,3067
300.0,1310,265,348000,1160,-0.3003856899999999,0.34996226415094367,0.0018868019105866551,0.0001,3079
300.0,1312,266,349200,1164,-0.22400805999999995,0.3477207547169813,0.0017383468803018332,0.0001,3091
300.0,1314,266,350400,1168,-0.32619955000000006,0.3454792452830189,0.002329783048480749,0.0001,3103
300.0,1316,267,351600,1172,-0.08952743000000005,0.3432377358490568,0.0022012873087078333,0.0001,3115
300.0,1318,267,352800,1176,-0.04675632000000004,0.3409962264150943,0.0017396151088178158,0.0001,3127
300.0,1320,268,354000,1180,-0.014060400000000053,0.3387547169811319,0.0017551748314872384,0.0001,3139
300.0,1322,268,355200,1184,0.15666485999999996,0.33651320754716996,0.001963393297046423,0.0001,3151
300.0,1324,269,356400,1188,0.09964732999999995,0.33427169811320756,0.0014872592873871326,0.0001,3163
300.0,1326,269,357600,1192,0.17747735999999997,0.3320301886792455,0.001298313494771719,0.0001,3175
300.0,1328,270,358800,1196,0.1150994,0.329788679245283,0.0015756557695567608,0.0001,3187
300.0,1329,270,360000,1200,0.05815370999999999,0.32754716981132104,0.002130792010575533,0.0001,3199
300.0,1331,271,361200,1204,0.11953677999999997,0.32530566037735864,0.0013743691379204392,0.0001,3211
300.0,1333,271,362400,1208,0.07630088999999998,0.32306415094339613,0.001105105271562934,0.0001,3223
300.0,1335,272,363600,1212,0.08644527999999996,0.3208226415094342,0.0008854789775796235,0.0001,3235
300.0,1337,272,364800,1216,0.05079851999999998,0.3185811320754717,0.0019046323141083121,0.0001,3247
300.0,1339,273,366000,1220,0.10865709999999996,0.3163396226415093,0.0018608758691698313,0.0001,3259
300.0,1341,273,367200,1224,0.27752455000000004,0.3140981132075473,0.0014132168143987656,0.0001,3271
300.0,1343,274,368400,1228,0.40599105,0.3118566037735848,0.0013530703727155924,0.0001,3283
300.0,1344,274,369600,1232,0.40704671,0.30961509433962275,0.0017344217048957944,0.0001,3295
300.0,1346,275,370800,1236,0.35798630000000004,0.30737358490566036,0.0009586902451701462,0.0001,3307
300.0,1348,275,372000,1240,0.32527779,0.3051320754716984,0.0010086309630423784,0.0001,3319
300.0,1350,276,373200,1244,0.21807976,0.302890566037736,0.001169746508821845,0.0001,3331
300.0,1351,276,374400,1248,0.41604068999999994,0.3006490566037735,0.0012281506787985563,0.0001,3343
300.0,1353,277,375600,1252,0.4557591300000001,0.29840754716981144,0.0010395020944997668,0.0001,3355
300.0,1354,278,376800,1256,0.3505880600000001,0.29616603773584904,0.0012020375579595566,0.0001,3367
300.0,1356,278,378000,1260,0.43499955999999995,0.29392452830188665,0.0014636314008384943,0.0001,3379
300.0,1358,279,379200,1264,0.3686798399999999,0.2916830188679246,0.0014080367982387543,0.0001,3391
300.0,1360,279,380400,1268,0.21461925000000004,0.2894415094339622,0.0009039847645908594,0.0001,3403
300.0,1361,280,381600,1272,0.10707734999999995,0.2872000000000001,0.0009387607569806278,0.0001,3415
300.0,1363,280,382800,1276,0.08508040999999998,0.2849584905660377,0.0009153897408396006,0.0001,3427
300.0,1365,281,384000,1280,0.17741992000000004,0.2827169811320758,0.0011009714799001813,0.0001,3439
300.0,1366,281,385200,1284,0.07997772999999996,0.28047547169811327,0.001459974329918623,0.0001,3451
300.0,1367,282,386400,1288,0.001679089999999892,0.27823396226415076,0.0011344163212925196,0.0001,3463
300.0,1369,283,387600,1292,-0.048782410000000095,0.2759924528301888,0.0010231772903352976,0.0001,3475
300.0,1371,283,388800,1296,-0.15147339000000007,0.2737509433962264,0.001617942936718464,0.0001,3487
300.0,1372,284,390000,1300,-0.18888474000000002,0.271509433962264,0.0010309664066880941,0.0001,3499
300.0,1374,284,391200,1304,-0.23327145999999999,0.26926792452830195,0.001068063429556787,0.0001,3511
300.0,1375,285,392400,1308,-0.15611755000000008,0.26702641509433944,0.0010048426920548081,0.0001,3523
300.0,1377,285,393600,1312,-0.27454013000000005,0.2647849056603775,0.0007118516368791461,0.0001,3535
300.0,1378,286,394800,1316,-0.15743457000000013,0.2625433962264151,0.0010008676908910275,0.0001,3547
300.0,1380,286,396000,1320,-0.02525888000000016,0.26030188679245303,0.0010943764355033636,0.0001,3559
300.0,1381,287,397200,1324,-0.07874953000000012,0.25806037735849063,0.0012425848981365561,0.0001,3571
300.0,1382,288,398400,1328,-0.2659831400000001,0.2558188679245281,0.0011009605368599296,0.0001,3583
300.0,1383,288,399600,1332,-0.32609581000000004,0.2535773584905662,0.0008700643666088581,0.0001,3595
300.0,1205,332,400800,1336,-0.3085959800000001,0.2513358490566038,0.0009353004861623049,0.0001,3607
300.0,1207,333,402000,1340,-0.24994709999999998,0.24909433962264138,0.0009269441943615675,0.0001,3619
300.0,1208,333,403200,1344,-0.15854342999999993,0.2468528301886792,0.0008295304141938686,0.0001,3631
300.0,1210,334,404400,1348,-0.34551060000000006,0.24461132075471725,0.0010731611400842667,0.0001,3643
300.0,1212,334,405600,1352,-0.2689014800000001,0.24236981132075486,0.0007235822849906981,0.0001,3655
300.0,1213,335,406800,1356,-0.28498565,0.24012830188679246,0.0009176505263894796,0.0001,3667
300.0,1215,335,408000,1360,-0.35327122999999994,0.2378867924528304,0.001101960544474423,0.0001,3679
300.0,1216,336,409200,1364,-0.35423665,0.2356452830188679,0.000978657160885632,0.0001,3691
300.0,1218,336,410400,1368,-0.22268105000000005,0.2334037735849055,0.0013457366731017828,0.0001,3703
300.0,1219,337,411600,1372,-0.3153480500000001,0.23116226415094354,0.000902027590200305,0.0001,3715
300.0,1221,338,412800,1376,-0.35054144,0.22892075471698115,0.0008688239031471312,0.0001,3727
300.0,1222,338,414000,1380,-0.49705239000000007,0.22667924528301897,0.0012619061162695289,0.0001,3739
300.0,1224,339,415200,1384,-0.5680480400000001,0.22443773584905657,0.001012424472719431,0.0001,3751
300.0,1225,339,416400,1388,-0.4565359800000001,0.22219622641509462,0.0008040565880946815,0.0001,3763
300.0,1227,340,417600,1392,-0.43630215000000006,0.21995471698113223,0.0008731802809052169,0.0001,3775
300.0,1229,340,418800,1396,-0.3302588500000001,0.21771320754716983,0.0009513692348264158,0.0001,3787
300.0,1230,341,420000,1400,-0.28353249999999997,0.21547169811320765,0.0010121327359229326,0.0001,3799
300.0,1232,341,421200,1404,-0.3522494400000001,0.21323018867924526,0.0008970526978373528,0.0001,3811
300.0,1233,342,422400,1408,-0.34778178,0.21098867924528286,0.0009587774984538555,0.0001,3823
300.0,1234,343,423600,1412,-0.18112476,0.2087471698113209,0.0008395534241572022,0.0001,3835
300.0,1236,343,424800,1416,-0.31112094,0.2065056603773585,0.0009681349620223045,0.0001,3847
300.0,1237,344,426000,1420,-0.38029266,0.20426415094339634,0.0008119941921904683,0.0001,3859
300.0,1239,344,427200,1424,-0.39115526999999983,0.20202264150943394,0.0007572034373879433,0.0001,3871
300.0,1240,345,428400,1428,-0.22799033999999996,0.199781132075472,0.0011167520424351096,0.0001,3883
300.0,1242,345,429600,1432,-0.20906379,0.1975396226415096,0.0006891515804454684,0.0001,3895
300.0,1243,346,430800,1436,-0.19790768000000006,0.19529811320754709,0.0007448227843269706,0.0001,3907
300.0,1245,346,432000,1440,-0.18821011000000007,0.19305660377358502,0.0007913099834695458,0.0001,3919
300.0,1246,347,433200,1444,-0.10312168999999996,0.19081509433962263,0.0008208091603592038,0.0001,3931
300.0,1246,348,434400,1448,-0.1417990199999999,0.18857358490566023,0.0009600882767699659,0.0001,3943
300.0,1248,349,435600,1452,-0.2525245999999999,0.18633207547169828,0.0009192883735522628,0.0001,3955
300.0,1249,349,436800,1456,-0.16628108999999994,0.18409056603773566,0.001016628579236567,0.0001,3967
300.0,1250,350,438000,1460,-0.17293287000000007,0.1818490566037737,0.0007445795345120132,0.0001,3979
300.0,1252,350,439200,1464,-0.06366226000000007,0.1796075471698113,0.0006186041864566505,0.0001,3991
300.0,1253,351,440400,1468,-0.037251800000000106,0.17736603773584936,0.0008997562108561397,0.0001,4003
300.0,1255,351,441600,1472,-0.01296558000000005,0.17512452830188696,0.0009371743071824312,0.0001,4015
300.0,1256,352,442800,1476,-0.02813689000000002,0.17288301886792434,0.0008749476401135325,0.0001,4027
300.0,1257,352,444000,1480,-0.06327177000000003,0.1706415094339624,0.001116243191063404,0.0001,4039
300.0,1259,353,445200,1484,0.035147230000000015,0.1684,0.0007605514256283641,0.0001,4051
300.0,1260,354,446400,1488,-0.09804091999999995,0.1661584905660376,0.000763993535656482,0.0001,4063
300.0,1262,354,447600,1492,-0.14383402,0.16391698113207553,0.0006823324365541339,0.0001,4075
300.0,1263,355,448800,1496,-0.07429242,0.16167547169811347,0.0007266509346663952,0.0001,4087
300.0,1264,355,450000,1500,-0.05630698000000004,0.15943396226415107,0.0008500120602548122,0.0001,4099
300.0,1265,356,451200,1504,-0.11665130000000007,0.15719245283018868,0.0006761331460438669,0.0001,4111
300.0,1267,356,452400,1508,-0.054528590000000064,0.15495094339622673,0.0007658852264285088,0.0001,4123
300.0,1268,357,453600,1512,-0.19859838000000005,0.1527094339622641,0.000796405365690589,0.0001,4135
300.0,1270,358,454800,1516,-0.1323997899999999,0.1504679245283017,0.0006926609203219414,0.0001,4147
300.0,1271,358,456000,1520,-0.3174065999999999,0.14822641509433976,0.0007523848325945437,0.0001,4159
300.0,1272,359,457200,1524,-0.31010276,0.14598490566037736,0.0007165950955823064,0.0001,4171
300.0,1273,359,458400,1528,-0.2644270099999999,0.1437433962264153,0.0007208279566839337,0.0001,4183
300.0,1275,360,459600,1532,-0.24152772999999997,0.1415018867924528,0.000732909538783133,0.0001,4195
300.0,1276,360,460800,1536,-0.23274461999999996,0.13926037735849084,0.0010607363656163216,0.0001,4207
300.0,1278,361,462000,1540,-0.34738958,0.13701886792452844,0.0006609633564949036,0.0001,4219
300.0,1279,362,463200,1544,-0.54038351,0.13477735849056605,0.0007410517428070307,0.0001,4231
300.0,1280,362,464400,1548,-0.35659728,0.13253584905660387,0.0008548051700927317,0.0001,4243
300.0,1282,363,465600,1552,-0.30914299999999995,0.13029433962264148,0.000742641743272543,0.0001,4255
300.0,1283,363,466800,1556,-0.3273637399999999,0.12805283018867908,0.000953790033236146,0.0001,4267
300.0,1284,364,468000,1560,-0.41927731,0.12581132075471713,0.0010699308477342129,0.0001,4279
300.0,1286,364,469200,1564,-0.5406523199999999,0.12356981132075473,0.0006789759499952197,0.0001,4291
300.0,1287,365,470400,1568,-0.5312966499999998,0.12132830188679256,0.0009232271695509553,0.0001,4303
300.0,1288,365,471600,1572,-0.6173896499999999,0.11908679245283016,0.0005246433429419994,0.0001,4315
300.0,1290,366,472800,1576,-0.6598654500000001,0.1168452830188682,0.0008077597594819963,0.0001,4327
300.0,1291,367,474000,1580,-0.52722664,0.11460377358490581,0.0008743461221456528,0.0001,4339
300.0,1292,367,475200,1584,-0.6281741199999998,0.1123622641509433,0.0007983006071299314,0.0001,4351
300.0,1293,368,476400,1588,-0.5709602299999998,0.11012075471698124,0.0008281078771688044,0.0001,4363
300.0,1294,368,477600,1592,-0.6668808800000001,0.10787924528301884,0.0006711856694892049,0.0001,4375
300.0,1295,369,478800,1596,-0.8528727899999998,0.10563773584905645,0.0006426666514016688,0.0001,4387
300.0,1297,370,480000,1600,-0.79665687,0.1033962264150945,0.0008428978617303073,0.0001,4399
300.0,1298,370,481200,1604,-0.8162786999999999,0.10115471698113199,0.0007392130792140961,0.0001,4411
300.0,1299,371,482400,1608,-0.9296930299999999,0.09891320754716992,0.0008586830226704478,0.0001,4423
300.0,1301,371,483600,1612,-0.79294089,0.09667169811320753,0.0007843115599825978,0.0001,4435
300.0,1302,372,484800,1616,-0.71987482,0.09443018867924557,0.0009787327144294977,0.0001,4447
300.0,1303,372,486000,1620,-0.6074403500000001,0.09218867924528318,0.0007258224068209529,0.0001,4459
300.0,1305,373,487200,1624,-0.6083745899999999,0.08994716981132067,0.0007220571278594434,0.0001,4471
300.0,1306,373,488400,1628,-0.7885961,0.08770566037735861,0.0009308101143687963,0.0001,4483
300.0,1307,374,489600,1632,-0.7179127100000001,0.08546415094339621,0.0008510902407579124,0.0001,4495
300.0,1308,375,490800,1636,-0.7291363900000001,0.08322264150943381,0.0006216879119165242,0.0001,4507
300.0,1310,375,492000,1640,-0.43594911000000003,0.08098113207547175,0.0008951310883276165,0.0001,4519
300.0,1311,376,493200,1644,-0.37390205000000004,0.07873962264150935,0.0009518897859379649,0.0001,4531
300.0,1312,376,494400,1648,-0.47924565,0.07649811320754729,0.0006964866770431399,0.0001,4543
300.0,1313,377,495600,1652,-0.5604939999999999,0.0742566037735849,0.0006386428140103817,0.0001,4555
300.0,1314,377,496800,1656,-0.5480955799999999,0.07201509433962294,0.0008012765320017934,0.0001,4567
300.0,1315,378,498000,1660,-0.4231572,0.06977358490566044,0.0006672416348010302,0.0001,4579
300.0,1316,379,499200,1664,-0.37904208999999994,0.06753207547169804,0.0007291657384485006,0.0001,4591
300.0,1180,423,500400,1668,-0.30428632,0.06529056603773598,0.0007042211946099997,0.0001,4603
300.0,1181,424,501600,1672,-0.14930104,0.06304905660377358,0.0007524528773501515,0.0001,4615
300.0,1182,425,502800,1676,-0.07051655999999994,0.06080754716981118,0.0009148740791715682,0.0001,4627
300.0,1184,425,504000,1680,-0.28519911,0.05856603773584912,0.0007770860684104264,0.0001,4639
300.0,1185,426,505200,1684,-0.20040504000000003,0.05632452830188717,0.0008202441968023777,0.0001,4651
300.0,1186,426,506400,1688,-0.055309680000000035,0.05408301886792455,0.000847158080432564,0.0001,4663
300.0,1187,427,507600,1692,-0.044749130000000095,0.05184150943396215,0.0006966394721530378,0.0001,4675
300.0,1188,428,508800,1696,0.06367800999999998,0.0496000000000002,0.0004912015865556896,0.0001,4687
300.0,1189,428,510000,1700,0.023838320000000045,0.0473584905660378,0.000648406392429024,0.0001,4699
300.0,1190,429,511200,1704,0.03283560999999999,0.045116981132075296,0.0006279639201238751,0.0001,4711
300.0,1192,429,512400,1708,0.19143775,0.04287547169811334,0.0010343751637265086,0.0001,4723
300.0,1193,430,513600,1712,0.19780488999999998,0.04063396226415139,0.0006587908137589693,0.0001,4735
300.0,1194,430,514800,1716,0.18315657999999999,0.03839245283018855,0.0007602575933560729,0.0001,4747
300.0,1195,431,516000,1720,0.09399116999999997,0.03615094339622649,0.0007846801308915019,0.0001,4759
300.0,1196,432,517200,1724,0.19613878999999998,0.03390943396226431,0.0006649766582995653,0.0001,4771
300.0,1198,432,518400,1728,0.4316908699999999,0.031667924528301916,0.0007044292287901044,0.0001,4783
300.0,1199,433,519600,1732,0.50085185,0.02942641509433952,0.0006613422883674502,0.0001,4795
300.0,1200,433,520800,1736,0.50018984,0.027184905660377567,0.0008396927150897682,0.0001,4807
300.0,1201,434,522000,1740,0.2180852,0.02494339622641506,0.0007276223041117191,0.0001,4819
300.0,1202,434,523200,1744,0.25566029,0.022701886792452663,0.0006176554597914219,0.0001,4831
300.0,1203,435,524400,1748,0.30274548,0.02046037735849071,0.0008233946282416582,0.0001,4843
300.0,1204,436,525600,1752,0.3425336900000001,0.01821886792452876,0.0007854897994548082,0.0001,4855
300.0,1205,437,526800,1756,0.25810915,0.01597735849056592,0.0006849264027550817,0.0001,4867
300.0,1206,437,528000,1760,0.21355947000000003,0.013735849056603633,0.000753853702917695,0.0001,4879
300.0,1206,438,529200,1764,0.16215952,0.01149433962264168,0.0008055148646235466,0.0001,4891
300.0,1207,439,530400,1768,-0.0432616,0.01,0.0006858932320028543,0.0001,4903
300.0,1209,439,531600,1772,0.08453236999999998,0.01,0.0008231558604165912,0.0001,4915
300.0,1210,440,532800,1776,0.02957694999999997,0.01,0.0007095657056197524,0.0001,4927
300.0,1211,440,534000,1780,0.1964960799999999,0.01,0.0006779705872759223,0.0001,4939
300.0,1212,441,535200,1784,0.1359198899999999,0.01,0.0007990028243511915,0.0001,4951
300.0,1213,441,536400,1788,-0.0625165100000001,0.01,0.0008003882830962539,0.0001,4963
300.0,1214,442,537600,1792,-0.03301649000000011,0.01,0.000878199702128768,0.0001,4975
300.0,1215,443,538800,1796,-0.04223687999999999,0.01,0.0007115576881915331,0.0001,4987
300.0,1216,443,540000,1800,-0.010501539999999955,0.01,0.0006586308008991182,0.0001,4999
300.0,1217,444,541200,1804,0.04425561000000003,0.01,0.0015032801311463118,0.0001,5011
300.0,1218,444,542400,1808,-0.06552978,0.01,0.0008107541361823678,0.0001,5023
300.0,1219,445,543600,1812,-0.12567714,0.01,0.0012612915597856045,0.0001,5035
300.0,1221,446,544800,1816,-0.12055528000000003,0.01,0.0008620375883765519,0.0001,5047
300.0,1222,446,546000,1820,-0.018231490000000006,0.01,0.0006460752920247614,0.0001,5059
300.0,1223,447,547200,1824,-0.22736424,0.01,0.0008330647833645344,0.0001,5071
300.0,1224,447,548400,1828,-0.47795228,0.01,0.0006801346316933632,0.0001,5083
300.0,1225,448,549600,1832,-0.61072508,0.01,0.0008117961697280407,0.0001,5095
300.0,1226,449,550800,1836,-0.6457365199999999,0.01,0.0007709891651757061,0.0001,5107
300.0,1227,449,552000,1840,-0.41450361999999996,0.01,0.0007059514755383134,0.0001,5119
300.0,1228,450,553200,1844,-0.5781161400000001,0.01,0.0005411521997302771,0.0001,5131
300.0,1230,450,554400,1848,-0.56450327,0.01,0.0007033082074485719,0.0001,5143
300.0,1231,451,555600,1852,-0.6130143699999999,0.01,0.0005617357674054801,0.0001,5155
300.0,1232,451,556800,1856,-0.57079136,0.01,0.0007136698113754392,0.0001,5167
300.0,1233,452,558000,1860,-0.4617741400000001,0.01,0.0009007328189909458,0.0001,5179
300.0,1234,453,559200,1864,-0.33066397999999997,0.01,0.0007973052561283112,0.0001,5191
300.0,1235,453,560400,1868,-0.21390090000000003,0.01,0.0005774741293862462,0.0001,5203
300.0,1236,454,561600,1872,-0.43194116000000016,0.01,0.0005869396845810115,0.0001,5215
300.0,1237,454,562800,1876,-0.20743287000000013,0.01,0.0006165229715406895,0.0001,5227
300.0,1238,455,564000,1880,-0.08036809000000009,0.01,0.0005871620960533619,0.0001,5239
300.0,1239,455,565200,1884,-0.01801522000000005,0.01,0.0005945174489170313,0.0001,5251
300.0,1240,456,566400,1888,0.031513079999999964,0.01,0.0010707111796364188,0.0001,5263
300.0,1241,457,567600,1892,-0.049542580000000024,0.01,0.0005790811264887452,0.0001,5275
300.0,1241,458,568800,1896,-0.08352212000000007,0.01,0.0006323538837023079,0.0001,5287
300.0,1242,458,570000,1900,-0.13784682000000012,0.01,0.0006727906875312328,0.0001,5299
300.0,1243,459,571200,1904,-0.07124750000000009,0.01,0.0005907351151108742,0.0001,5311
300.0,1244,459,572400,1908,-0.1365049800000001,0.01,0.0010372739052399993,0.0001,5323
300.0,1245,460,573600,1912,-0.14812695000000006,0.01,0.0007647425518371165,0.0001,5335
300.0,1246,461,574800,1916,-0.27620419000000007,0.01,0.0009201086359098554,0.0001,5347
300.0,1247,461,576000,1920,-0.26024351,0.01,0.000656438700389117,0.0001,5359
300.0,1248,462,577200,1924,-0.22306937000000004,0.01,0.0007159150554798543,0.0001,5371
300.0,1249,463,578400,1928,-0.18143227999999997,0.01,0.0007365416968241334,0.0001,5383
300.0,1250,463,579600,1932,-0.06731347999999994,0.01,0.0007016515010036528,0.0001,5395
300.0,1251,464,580800,1936,-0.03214337999999995,0.01,0.0006545899086631835,0.0001,5407
300.0,1252,464,582000,1940,-0.20488627999999998,0.01,0.0006089715752750635,0.0001,5419
300.0,1253,465,583200,1944,-0.18489113,0.01,0.0005632317042909563,0.0001,5431
300.0,1254,465,584400,1948,-0.10419081000000002,0.01,0.0006178682669997215,0.0001,5443
300.0,1255,466,585600,1952,-0.10130239000000005,0.01,0.0007610292523168027,0.0001,5455
300.0,1256,467,586800,1956,-0.07447176000000004,0.01,0.0005655921995639801,0.0001,5467
300.0,1256,467,588000,1960,-0.07864564000000002,0.01,0.0006367178866639733,0.0001,5479
300.0,1257,468,589200,1964,-0.26055567999999996,0.01,0.0005825307453051209,0.0001,5491
300.0,1258,469,590400,1968,-0.29435286999999993,0.01,0.0007260197307914495,0.0001,5503
300.0,1259,469,591600,1972,-0.2222353,0.01,0.000605286390054971,0.0001,5515
300.0,1260,470,592800,1976,-0.39088913,0.01,0.0005701681948266923,0.0001,5527
300.0,1261,471,594000,1980,-0.5529447099999999,0.01,0.0006144664948806167,0.0001,5539
300.0,1261,471,595200,1984,-0.55406694,0.01,0.000444866600446403,0.0001,5551
300.0,1262,472,596400,1988,-0.4313380900000001,0.01,0.0006400954443961382,0.0001,5563
300.0,1263,472,597600,1992,-0.31174485,0.01,0.0006908065406605601,0.0001,5575
300.0,1264,473,598800,1996,-0.26672508,0.01,0.0005056377849541605,0.0001,5587
300.0,1156,518,600000,2000,-0.29755803000000003,0.01,0.0006474972469732165,0.0001,5599
300.0,1157,519,601200,2004,-0.24323202,0.01,0.000592830590903759,0.0001,5611
300.0,1158,519,602400,2008,-0.18861368000000003,0.01,0.0007038151379674673,0.0001,5623
300.0,1159,520,603600,2012,-0.17199098999999993,0.01,0.0006770732579752803,0.0001,5635
300.0,1160,520,604800,2016,-0.032778409999999994,0.01,0.0006846835603937507,0.0001,5647
300.0,1161,521,606000,2020,-0.09833805000000001,0.01,0.0006825545569881797,0.0001,5659
300.0,1162,522,607200,2024,0.003851599999999973,0.01,0.0006176279275678098,0.0001,5671
300.0,1163,523,608400,2028,0.036775339999999976,0.01,0.0007996500935405493,0.0001,5683
300.0,1163,523,609600,2032,-0.17590653000000003,0.01,0.0007976606721058488,0.0001,5695
300.0,1164,524,610800,2036,-0.11817284000000006,0.01,0.000829041819088161,0.0001,5707
300.0,1165,524,612000,2040,-0.14889322,0.01,0.0007516319747082889,0.0001,5719
300.0,1166,525,613200,2044,-0.15822744,0.01,0.0005258386954665184,0.0001,5731
300.0,1167,526,614400,2048,-0.3743770799999999,0.01,0.0009335882496088743,0.0001,5743
300.0,1168,526,615600,2052,-0.3513035199999999,0.01,0.0008091296767815948,0.0001,5755
300.0,1169,527,616800,2056,-0.22430712999999997,0.01,0.0007782653556205332,0.0001,5767
300.0,1170,528,618000,2060,-0.15521193999999996,0.01,0.0004977674689143896,0.0001,5779
300.0,1170,528,619200,2064,-0.03489597000000006,0.01,0.0005830200389027596,0.0001,5791
300.0,1171,529,620400,2068,-0.008158090000000055,0.01,0.0007792295655235648,0.0001,5803
300.0,1172,530,621600,2072,-0.06059726000000005,0.01,0.0006156893214210868,0.0001,5815
300.0,1173,530,622800,2076,-0.14406543000000005,0.01,0.0007358130533248186,0.0001,5827
300.0,1174,531,624000,2080,0.07672254000000005,0.01,0.0005303084617480636,0.0001,5839
300.0,1175,531,625200,2084,0.07779560000000009,0.01,0.0007157293730415404,0.0001,5851
300.0,1176,532,626400,2088,0.049577820000000064,0.01,0.0006920999148860574,0.0001,5863
300.0,1177,533,627600,2092,0.17285436999999998,0.01,0.0005942604038864374,0.0001,5875
300.0,1178,533,628800,2096,0.17697164999999992,0.01,0.0005427268915809691,0.0001,5887
300.0,1179,534,630000,2100,0.42395419999999995,0.01,0.0007053464069031179,0.0001,5899
300.0,1180,534,631200,2104,0.39811849999999993,0.01,0.0005962019204162061,0.0001,5911
300.0,1181,535,632400,2108,0.4398687499999999,0.01,0.0006218031048774719,0.0001,5923
300.0,1181,536,633600,2112,0.4324999799999999,0.01,0.0006211786530911922,0.0001,5935
300.0,1182,536,634800,2116,0.42220493999999986,0.01,0.0007312576053664088,0.0001,5947
300.0,1183,537,636000,2120,0.41587698,0.01,0.0005680497852154076,0.0001,5959
300.0,1184,537,637200,2124,0.22967655999999997,0.01,0.0007147001451812685,0.0001,5971
300.0,1185,538,638400,2128,0.22785202000000004,0.01,0.0006323904963210225,0.0001,5983
300.0,1186,538,639600,2132,0.2739247800000001,0.01,0.0006948274676688015,0.0001,5995
300.0,1187,539,640800,2136,0.21844139000000007,0.01,0.0005958671099506319,0.0001,6007
300.0,1188,540,642000,2140,0.19452621999999997,0.01,0.0005280247423797846,0.0001,6019
300.0,1189,540,643200,2144,0.3316472399999999,0.01,0.0005925479927100241,0.0001,6031
300.0,1190,541,644400,2148,0.4644626000000001,0.01,0.0006038846331648529,0.0001,6043
300.0,1191,541,645600,2152,0.5418136900000001,0.01,0.0006337246159091592,0.0001,6055
300.0,1192,542,646800,2156,0.46790515,0.01,0.0006587480311281979,0.0001,6067
300.0,1193,543,648000,2160,0.22700579,0.01,0.0007513052551075816,0.0001,6079
300.0,1194,543,649200,2164,0.04648406999999996,0.01,0.0007383135380223393,0.0001,6091
300.0,1195,544,650400,2168,0.062011660000000045,0.01,0.0007441751658916473,0.0001,6103
300.0,1196,544,651600,2172,0.18193627000000004,0.01,0.0006745720747858286,0.0001,6115
300.0,1197,545,652800,2176,0.24081274,0.01,0.0007550001610070467,0.0001,6127
300.0,1197,545,654000,2180,0.07665777000000004,0.01,0.0008891811594367027,0.0001,6139
300.0,1198,546,655200,2184,0.03225089,0.01,0.0006129664252512157,0.0001,6151
300.0,1199,547,656400,2188,-0.13914634000000003,0.01,0.0006937079015187919,0.0001,6163
300.0,1200,547,657600,2192,-0.45431902999999996,0.01,0.0009284448460675776,0.0001,6175
300.0,1200,548,658800,2196,-0.4363180199999999,0.01,0.0007504519307985902,0.0001,6187
300.0,1201,549,660000,2200,-0.64450469,0.01,0.0005707759410142899,0.0001,6199
300.0,1202,549,661200,2204,-0.6847241900000002,0.01,0.0005898021045140922,0.0001,6211
300.0,1203,550,662400,2208,-0.7008956999999999,0.01,0.0008828869904391468,0.0001,6223
300.0,1204,550,663600,2212,-0.7688776199999998,0.01,0.000602102663833648,0.0001,6235
300.0,1205,551,664800,2216,-0.86457892,0.01,0.0007549966685473919,0.0001,6247
300.0,1206,552,666000,2220,-0.8147336100000001,0.01,0.0006622388027608395,0.0001,6259
300.0,1207,552,667200,2224,-0.6557362299999998,0.01,0.0007309764041565359,0.0001,6271
300.0,1208,553,668400,2228,-0.6565816199999999,0.01,0.0006784303695894778,0.0001,6283
300.0,1209,553,669600,2232,-0.55466551,0.01,0.0008224229677580297,0.0001,6295
300.0,1209,554,670800,2236,-0.5894060999999999,0.01,0.0007073110900819302,0.0001,6307
300.0,1210,554,672000,2240,-0.51069193,0.01,0.0006360089755617082,0.0001,6319
300.0,1211,555,673200,2244,-0.45175528,0.01,0.0006679849466308951,0.0001,6331
300.0,1212,556,674400,2248,-0.4718499300000001,0.01,0.0012663834495469928,0.0001,6343
300.0,1213,556,675600,2252,-0.5845038400000001,0.01,0.0007325573242269456,0.0001,6355
300.0,1214,557,676800,2256,-0.5524494999999999,0.01,0.0005444556009024382,0.0001,6367
300.0,1214,558,678000,2260,-0.5310462699999998,0.01,0.0006753983325324953,0.0001,6379
300.0,1214,559,679200,2264,-0.3370888899999999,0.01,0.0006713622715324163,0.0001,6391
300.0,1215,559,680400,2268,-0.39938492,0.01,0.0006056202109903097,0.0001,6403
300.0,1216,560,681600,2272,-0.42067001999999987,0.01,0.0007055859314277768,0.0001,6415
300.0,1217,560,682800,2276,-0.41097154999999985,0.01,0.00045977727859281003,0.0001,6427
300.0,1218,561,684000,2280,-0.46268321999999995,0.01,0.0006062299944460392,0.0001,6439
300.0,1219,561,685200,2284,-0.46662242,0.01,0.0008013157639652491,0.0001,6451
300.0,1220,562,686400,2288,-0.37650374,0.01,0.0008530060295015574,0.0001,6463
300.0,1220,563,687600,2292,-0.20876035,0.01,0.0008915182552300394,0.0001,6475
300.0,1221,563,688800,2296,-0.16593919000000004,0.01,0.0006071750540286303,0.0001,6487
300.0,1222,564,690000,2300,-0.09100728999999994,0.01,0.0007430388941429555,0.0001,6499
300.0,1223,565,691200,2304,-0.10907961999999995,0.01,0.0006604678346775472,0.0001,6511
300.0,1224,565,692400,2308,-0.16173110000000004,0.01,0.0007071600412018597,0.0001,6523
300.0,1224,566,693600,2312,-0.09817924000000006,0.01,0.0006492488319054246,0.0001,6535
300.0,1225,566,694800,2316,-0.05582731000000005,0.01,0.000673552043735981,0.0001,6547
300.0,1226,567,696000,2320,-0.16134588,0.01,0.0005238071316853166,0.0001,6559
300.0,1227,568,697200,2324,-0.19776443999999999,0.01,0.0006638035411015153,0.0001,6571
300.0,1228,568,698400,2328,-0.07804887999999999,0.01,0.0005615768604911864,0.0001,6583
300.0,1229,569,699600,2332,-0.06268027000000007,0.01,0.0010942226508632302,0.0001,6595
300.0,1137,616,700800,2336,-0.08114603000000004,0.01,0.0007083615055307746,0.0001,6607
300.0,1138,616,702000,2340,-0.022401319999999895,0.01,0.0007272256189025939,0.0001,6619
300.0,1139,617,703200,2344,-0.0753741299999999,0.01,0.0006255068583413959,0.0001,6631
300.0,1139,617,704400,2348,-0.12022998999999997,0.01,0.0006533956038765609,0.0001,6643
300.0,1140,618,705600,2352,-0.04548564999999999,0.01,0.0005199093138799071,0.0001,6655
300.0,1141,619,706800,2356,-0.13088026,0.01,0.0007481193752028048,0.0001,6667
300.0,1142,619,708000,2360,0.02875260999999999,0.01,0.000595378689467907,0.0001,6679
300.0,1142,620,709200,2364,0.016895460000000036,0.01,0.0005465752328746021,0.0001,6691
300.0,1143,621,710400,2368,0.07318238000000003,0.01,0.0006925366469658911,0.0001,6703
300.0,1144,621,711600,2372,0.08942923999999994,0.01,0.0006642095977440476,0.0001,6715
300.0,1145,622,712800,2376,0.22379620999999988,0.01,0.0009279530495405197,0.0001,6727
300.0,1146,622,714000,2380,0.20146963999999998,0.01,0.0005710463738068938,0.0001,6739
300.0,1147,623,715200,2384,0.25782448999999996,0.01,0.0006272497703321278,0.0001,6751
300.0,1147,624,716400,2388,0.29912366999999995,0.01,0.0012892005033791065,0.0001,6763
300.0,1148,624,717600,2392,0.29754236000000006,0.01,0.0006612134166061878,0.0001,6775
300.0,1149,625,718800,2396,0.20451822000000003,0.01,0.0008233836269937456,0.0001,6787
300.0,1150,625,720000,2400,0.02511012,0.01,0.0005974609521217644,0.0001,6799
300.0,1151,626,721200,2404,0.12888414,0.01,0.0005634981789626181,0.0001,6811
300.0,1151,627,722400,2408,0.27760959999999996,0.01,0.0005501573323272169,0.0001,6823
300.0,1152,627,723600,2412,0.27826639,0.01,0.001134432153776288,0.0001,6835
300.0,1153,628,724800,2416,0.33193257000000004,0.01,0.0006629911949858069,0.0001,6847
300.0,1154,628,726000,2420,0.3617328400000001,0.01,0.0005695534637197852,0.0001,6859
300.0,1155,629,727200,2424,0.3723534600000001,0.01,0.0004785404889844358,0.0001,6871
300.0,1156,630,728400,2428,0.34363897,0.01,0.0008107554167509079,0.0001,6883
300.0,1156,630,729600,2432,0.2951500199999999,0.01,0.0005518975085578859,0.0001,6895
300.0,1157,631,730800,2436,0.35253403,0.01,0.0005946826422587037,0.0001,6907
300.0,1158,631,732000,2440,0.35118087,0.01,0.0008129987400025129,0.0001,6919
300.0,1159,632,733200,2444,0.3689678499999999,0.01,0.0004935686010867357,0.0001,6931
300.0,1160,633,734400,2448,0.4997851599999999,0.01,0.0007847347878850996,0.0001,6943
300.0,1160,633,735600,2452,0.50934862,0.01,0.0007273480296134949,0.0001,6955
300.0,1161,634,736800,2456,0.52705045,0.01,0.0007609257008880377,0.0001,6967
300.0,1162,634,738000,2460,0.39627356999999996,0.01,0.0007045619422569871,0.0001,6979
300.0,1163,635,739200,2464,0.36788568,0.01,0.0012590328697115183,0.0001,6991
300.0,1164,636,740400,2468,0.3601490999999999,0.01,0.000738967617508024,0.0001,7003
300.0,1164,636,741600,2472,0.36132163000000006,0.01,0.0006410232745110989,0.0001,7015
300.0,1165,637,742800,2476,0.24823834000000009,0.01,0.0006019166903570294,0.0001,7027
300.0,1166,637,744000,2480,0.23349835000000002,0.01,0.0005821174127049744,0.0001,7039
300.0,1166,638,745200,2484,0.29150629,0.01,0.0006691378075629473,0.0001,7051
300.0,1167,639,746400,2488,0.3083867899999999,0.01,0.0006347428425215185,0.0001,7063
300.0,1168,639,747600,2492,0.27888251999999997,0.01,0.0007596458308398724,0.0001,7075
300.0,1169,640,748800,2496,0.24310999999999997,0.01,0.0009558984311297536,0.0001,7087
300.0,1170,640,750000,2500,0.26668385999999994,0.01,0.0006885243346914649,0.0001,7099
300.0,1170,641,751200,2504,0.19044610999999997,0.01,0.0005775500903837383,0.0001,7111
300.0,1171,642,752400,2508,0.07977497000000006,0.01,0.0006006562616676092,0.0001,7123
300.0,1171,643,753600,2512,0.03717441000000006,0.01,0.0005515481461770833,0.0001,7135
300.0,1172,643,754800,2516,-0.10467417,0.01,0.0007356387795880437,0.0001,7147
300.0,1173,644,756000,2520,-0.031764539999999994,0.01,0.0008898130618035793,0.0001,7159
300.0,1174,644,757200,2524,0.06425405000000008,0.01,0.0005883186822757125,0.0001,7171
300.0,1174,645,758400,2528,-0.03792361999999991,0.01,0.000537883723154664,0.0001,7183
300.0,1175,646,759600,2532,-0.001277049999999942,0.01,0.0005345850368030369,0.0001,7195
300.0,1176,646,760800,2536,-0.009630499999999941,0.01,0.000698635121807456,0.0001,7207
300.0,1177,647,762000,2540,-0.013635169999999973,0.01,0.0006102075567469001,0.0001,7219
300.0,1177,648,763200,2544,-0.05568565999999999,0.01,0.0005630003870464861,0.0001,7231
300.0,1177,648,764400,2548,-0.17941930999999994,0.01,0.0007106133853085339,0.0001,7243
300.0,1178,649,765600,2552,-0.1995701799999999,0.01,0.0006115169380791485,0.0001,7255
300.0,1179,650,766800,2556,-0.23882591,0.01,0.0007150202291086316,0.0001,7267
300.0,1180,650,768000,2560,-0.1530114499999999,0.01,0.0006346023874357343,0.0001,7279
300.0,1181,651,769200,2564,-0.15118322999999995,0.01,0.0008161712321452796,0.0001,7291
300.0,1181,651,770400,2568,-0.25457462999999997,0.01,0.00047573662595823407,0.0001,7303
300.0,1182,652,771600,2572,-0.3324019999999999,0.01,0.0005999582353979349,0.0001,7315
300.0,1183,653,772800,2576,-0.3889258099999999,0.01,0.0006310275057330728,0.0001,7327
300.0,1183,653,774000,2580,-0.28525313999999996,0.01,0.000664693710859865,0.0001,7339
300.0,1184,654,775200,2584,-0.4676148999999999,0.01,0.0006171844433993101,0.0001,7351
300.0,1185,654,776400,2588,-0.5488818699999999,0.01,0.0006569327088072896,0.0001,7363
300.0,1186,655,777600,2592,-0.39995543999999994,0.01,0.0007100504590198398,0.0001,7375
300.0,1186,656,778800,2596,-0.3036407499999999,0.01,0.0005207795184105635,0.0001,7387
300.0,1187,656,780000,2600,-0.16076429999999997,0.01,0.0005525938468053937,0.0001,7399
300.0,1188,657,781200,2604,-0.08690417000000003,0.01,0.0010953426826745272,0.0001,7411
300.0,1188,658,782400,2608,-0.10775562999999998,0.01,0.0008574629900977015,0.0001,7423
300.0,1189,658,783600,2612,-0.0032048499999999523,0.01,0.0004799604066647589,0.0001,7435
300.0,1190,659,784800,2616,0.05593530000000008,0.01,0.000604230968747288,0.0001,7447
300.0,1191,659,786000,2620,-0.06210903999999994,0.01,0.0008387421257793903,0.0001,7459
300.0,1192,660,787200,2624,-0.13797953999999993,0.01,0.0007345117628574371,0.0001,7471
300.0,1192,660,788400,2628,-0.07539563999999999,0.01,0.0007382183102890849,0.0001,7483
300.0,1193,661,789600,2632,-0.09109127999999997,0.01,0.0007309643551707268,0.0001,7495
300.0,1194,662,790800,2636,-0.10642958000000002,0.01,0.0009630127460695803,0.0001,7507
300.0,1195,662,792000,2640,-0.05532278000000007,0.01,0.0007223482825793326,0.0001,7519
300.0,1195,663,793200,2644,-0.0026091699999999385,0.01,0.0006007427582517266,0.0001,7531
300.0,1196,663,794400,2648,0.04145855000000008,0.01,0.000696127419359982,0.0001,7543
300.0,1197,664,795600,2652,0.05075024000000003,0.01,0.0005279689794406295,0.0001,7555
300.0,1197,665,796800,2656,0.1341714300000001,0.01,0.0005874574999324977,0.0001,7567
300.0,1198,665,798000,2660,0.056295880000000034,0.01,0.0005284104263409972,0.0001,7579
300.0,1199,666,799200,2664,-0.09467090000000004,0.01,0.0006482928874902427,0.0001,7591
300.0,1122,713,800400,2668,0.009035799999999953,0.01,0.0006151146371848881,0.0001,7603
300.0,1122,713,801600,2672,0.04153373999999996,0.01,0.000803007569629699,0.0001,7615
300.0,1123,714,802800,2676,0.12511682,0.01,0.0006349686882458627,0.0001,7627
300.0,1124,715,804000,2680,0.18393104999999998,0.01,0.0007229711045511067,0.0001,7639
300.0,1125,715,805200,2684,0.30882611,0.01,0.0009182122303172946,0.0001,7651
300.0,1125,716,806400,2688,0.4179534,0.01,0.0005954435910098255,0.0001,7663
300.0,1126,716,807600,2692,0.37278683,0.01,0.0006022379966452718,0.0001,7675
300.0,1127,717,808800,2696,0.4062590100000001,0.01,0.0005756905302405357,0.0001,7687
300.0,1127,718,810000,2700,0.32574090000000006,0.01,0.00048544726450927556,0.0001,7699
300.0,1128,718,811200,2704,0.20416683000000002,0.01,0.0006095815915614367,0.0001,7711
300.0,1129,719,812400,2708,0.09099643000000002,0.01,0.000566209782846272,0.0001,7723
300.0,1130,719,813600,2712,-0.015731619999999974,0.01,0.0008071114425547421,0.0001,7735
300.0,1130,720,814800,2716,0.04330418000000006,0.01,0.0005734196747653186,0.0001,7747
300.0,1131,721,816000,2720,0.030086020000000026,0.01,0.0005063560092821717,0.0001,7759
300.0,1132,721,817200,2724,-0.020449310000000036,0.01,0.0006760448450222611,0.0001,7771
300.0,1133,722,818400,2728,-0.07960172000000006,0.01,0.0007505138637498021,0.0001,7783
300.0,1133,722,819600,2732,0.02384529999999996,0.01,0.0005400361260399222,0.0001,7795
300.0,1134,723,820800,2736,0.06994518000000002,0.01,0.0007005599327385426,0.0001,7807
300.0,1134,724,822000,2740,-0.07210222999999993,0.01,0.000862874265294522,0.0001,7819
300.0,1135,724,823200,2744,-0.06798848999999997,0.01,0.0006335756625048816,0.0001,7831
300.0,1136,725,824400,2748,-0.12736431999999998,0.01,0.0006473005632869899,0.0001,7843
300.0,1137,726,825600,2752,-0.06125151000000004,0.01,0.0006643523229286075,0.0001,7855
300.0,1137,726,826800,2756,-0.21410242000000002,0.01,0.0005964586744084954,0.0001,7867
300.0,1138,727,828000,2760,-0.24696000999999995,0.01,0.0005637836875393987,0.0001,7879
300.0,1138,728,829200,2764,0.012425250000000004,0.01,0.0007060329662635922,0.0001,7891
300.0,1139,728,830400,2768,0.06846750000000011,0.01,0.0006787303136661649,0.0001,7903
300.0,1140,729,831600,2772,0.016974920000000067,0.01,0.0008912546327337623,0.0001,7915
300.0,1140,730,832800,2776,0.09357924999999995,0.01,0.0006241925293579698,0.0001,7927
300.0,1141,730,834000,2780,0.013756719999999998,0.01,0.0006566272932104766,0.0001,7939
300.0,1142,731,835200,2784,-0.021809629999999972,0.01,0.0006744892452843487,0.0001,7951
300.0,1142,731,836400,2788,-0.12016911999999996,0.01,0.0004978043143637478,0.0001,7963
300.0,1143,732,837600,2792,-0.19996355999999998,0.01,0.0006097642472013831,0.0001,7975
300.0,1144,733,838800,2796,-0.15450239000000004,0.01,0.0008225100464187562,0.0001,7987
300.0,1145,733,840000,2800,-0.13461424,0.01,0.0006396082462742925,0.0001,7999
300.0,1145,734,841200,2804,-0.14054973,0.01,0.0007266114116646349,0.0001,8011
300.0,1146,734,842400,2808,-0.00500517999999996,0.01,0.0005869598244316876,0.0001,8023
300.0,1146,735,843600,2812,0.19139654,0.01,0.00044260494178161025,0.0001,8035
300.0,1147,736,844800,2816,0.21884345999999993,0.01,0.000885816989466548,0.0001,8047
300.0,1148,736,846000,2820,0.34560202999999995,0.01,0.0007244183216243982,0.0001,8059
300.0,1149,737,847200,2824,0.32670005,0.01,0.0008528936305083334,0.0001,8071
300.0,1149,737,848400,2828,0.37038593999999997,0.01,0.0007067525293678045,0.0001,8083
300.0,1149,738,849600,2832,0.23985465,0.01,0.0005773367010988295,0.0001,8095
300.0,1150,739,850800,2836,0.16811175000000006,0.01,0.0007597946678288281,0.0001,8107
300.0,1150,740,852000,2840,0.2804224900000001,0.01,0.0006328866584226489,0.0001,8119
300.0,1151,740,853200,2844,0.1495852200000001,0.01,0.0007579735247418284,0.0001,8131
300.0,1152,741,854400,2848,0.23484146,0.01,0.000605257460847497,0.0001,8143
300.0,1153,742,855600,2852,0.11941849999999993,0.01,0.0006455961847677827,0.0001,8155
300.0,1153,742,856800,2856,0.26612029,0.01,0.0006374571821652353,0.0001,8167
300.0,1154,743,858000,2860,0.3156966599999999,0.01,0.0006169787375256419,0.0001,8179
300.0,1154,743,859200,2864,0.22579072000000003,0.01,0.0005592175875790417,0.0001,8191
300.0,1155,744,860400,2868,0.21943428,0.01,0.0006430130451917648,0.0001,8203
300.0,1156,745,861600,2872,0.20211454,0.01,0.0005819970392622054,0.0001,8215
300.0,1156,745,862800,2876,0.16087316999999998,0.01,0.0007497245678678155,0.0001,8227
300.0,1157,746,864000,2880,0.15734071,0.01,0.000531831756234169,0.0001,8239
300.0,1158,747,865200,2884,0.27106450000000004,0.01,0.0006044207839295268,0.0001,8251
300.0,1158,747,866400,2888,0.32886579,0.01,0.0006740914541296661,0.0001,8263
300.0,1159,748,867600,2892,0.3335985600000001,0.01,0.0005286331870593131,0.0001,8275
300.0,1160,748,868800,2896,0.22250066999999998,0.01,0.0006274327752180398,0.0001,8287
300.0,1160,749,870000,2900,0.13355885999999995,0.01,0.000606118468567729,0.0001,8299
300.0,1161,750,871200,2904,0.20651432000000003,0.01,0.0006726236315444112,0.0001,8311
300.0,1162,750,872400,2908,0.17187685000000003,0.01,0.0008371147559955716,0.0001,8323
300.0,1162,751,873600,2912,-0.04186922000000001,0.01,0.0006541124312207103,0.0001,8335
300.0,1163,751,874800,2916,-0.005819739999999945,0.01,0.0006873690290376544,0.0001,8347
300.0,1164,752,876000,2920,-0.2093118099999999,0.01,0.0006219217320904136,0.0001,8359
300.0,1164,753,877200,2924,-0.06295379999999995,0.01,0.0007708795601502061,0.0001,8371
300.0,1165,753,878400,2928,-0.15399532999999999,0.01,0.00047861644998192787,0.0001,8383
300.0,1166,754,879600,2932,-0.12179131,0.01,0.0007340009324252605,0.0001,8395
300.0,1166,754,880800,2936,-0.04943252999999994,0.01,0.0006906846538186073,0.0001,8407
300.0,1167,755,882000,2940,-0.13734553,0.01,0.0007413494167849422,0.0001,8419
300.0,1167,756,883200,2944,-0.12930581999999996,0.01,0.0007965678232721984,0.0001,8431
300.0,1168,756,884400,2948,-0.28323607999999995,0.01,0.0006344567518681288,0.0001,8443
300.0,1169,757,885600,2952,-0.25817731,0.01,0.0007020370685495436,0.0001,8455
300.0,1169,758,886800,2956,-0.3520544499999999,0.01,0.000458285678178072,0.0001,8467
300.0,1170,758,888000,2960,-0.2933722099999999,0.01,0.000600511790253222,0.0001,8479
300.0,1170,759,889200,2964,-0.40111315999999997,0.01,0.000719720555935055,0.0001,8491
300.0,1171,760,890400,2968,-0.41964438000000004,0.01,0.0006697723874822259,0.0001,8503
300.0,1171,760,891600,2972,-0.43064894,0.01,0.0005793834570795298,0.0001,8515
300.0,1172,761,892800,2976,-0.5390096999999999,0.01,0.0005985837196931243,0.0001,8527
300.0,1173,761,894000,2980,-0.56845835,0.01,0.0007456571329385042,0.0001,8539
300.0,1173,762,895200,2984,-0.6612844499999998,0.01,0.00045204555499367416,0.0001,8551
300.0,1174,763,896400,2988,-0.6910112900000001,0.01,0.0005383751122280955,0.0001,8563
300.0,1174,763,897600,2992,-0.59888933,0.01,0.0005991198704577982,0.0001,8575
300.0,1175,764,898800,2996,-0.6859088100000001,0.01,0.0005129255005158484,0.0001,8587
300.0,1108,811,900000,3000,-0.6262193100000001,0.01,0.0005831130547448993,0.0001,8599
300.0,1109,812,901200,3004,-0.52962804,0.01,0.000665253319311887,0.0001,8611
300.0,1109,813,902400,3008,-0.5088214199999999,0.01,0.000505590345710516,0.0001,8623
300.0,1110,813,903600,3012,-0.42690286999999993,0.01,0.0005964157171547413,0.0001,8635
300.0,1111,814,904800,3016,-0.45836351999999997,0.01,0.0006206292891874909,0.0001,8647
300.0,1111,814,906000,3020,-0.26524723,0.01,0.0004911706782877445,0.0001,8659
300.0,1112,815,907200,3024,-0.4051984099999999,0.01,0.0007835006108507514,0.0001,8671
300.0,1112,816,908400,3028,-0.29170808,0.01,0.0006134286522865295,0.0001,8683
300.0,1113,816,909600,3032,-0.19435445999999998,0.01,0.0008027099538594484,0.0001,8695
300.0,1114,817,910800,3036,-0.14121894000000002,0.01,0.0007945766556076705,0.0001,8707
300.0,1114,818,912000,3040,-0.14518268999999998,0.01,0.0005627777427434921,0.0001,8719
300.0,1115,818,913200,3044,-0.16029481,0.01,0.0007776710554026067,0.0001,8731
300.0,1115,819,914400,3048,-0.04638900000000005,0.01,0.001289987936615944,0.0001,8743
300.0,1116,820,915600,3052,0.04636467999999997,0.01,0.0005152716767042875,0.0001,8755
300.0,1117,820,916800,3056,0.06271868999999997,0.01,0.001230978174135089,0.0001,8767
300.0,1117,821,918000,3060,0.024276590000000008,0.01,0.0005737112951464951,0.0001,8779
300.0,1118,821,919200,3064,0.03591484000000006,0.01,0.0005648122169077396,0.0001,8791
300.0,1118,822,920400,3068,-0.014148929999999959,0.01,0.0005221403553150594,0.0001,8803
300.0,1119,823,921600,3072,0.07882508000000002,0.01,0.0005104427691549063,0.0001,8815
300.0,1119,824,922800,3076,0.05759996000000001,0.01,0.0005851406021974981,0.0001,8827
300.0,1120,824,924000,3080,-0.07872424999999997,0.01,0.00071046402445063,0.0001,8839
300.0,1120,825,925200,3084,0.03992153999999998,0.01,0.0008585250470787287,0.0001,8851
300.0,1121,826,926400,3088,0.06414910000000001,0.01,0.0007228169124573469,0.0001,8863
300.0,1121,826,927600,3092,-0.09776026000000002,0.01,0.0006091615068726242,0.0001,8875
300.0,1121,827,928800,3096,-0.012117890000000022,0.01,0.0007186656584963202,0.0001,8887
300.0,1122,828,930000,3100,-0.04459694999999996,0.01,0.0005740100750699639,0.0001,8899
300.0,1122,829,931200,3104,-0.23856017000000002,0.01,0.0007474026642739773,0.0001,8911
300.0,1123,830,932400,3108,-0.14823185000000008,0.01,0.0006809309124946594,0.0001,8923
300.0,1123,830,933600,3112,-0.1547513600000001,0.01,0.0006076838471926749,0.0001,8935
300.0,1124,831,934800,3116,-0.18892327000000012,0.01,0.0006850827485322952,0.0001,8947
300.0,1125,831,936000,3120,-0.24677660000000007,0.01,0.0006525872740894556,0.0001,8959
300.0,1125,832,937200,3124,-0.12474996000000005,0.01,0.000541828980203718,0.0001,8971
300.0,1126,833,938400,3128,-0.19197897000000005,0.01,0.0006508419173769653,0.0001,8983
300.0,1126,834,939600,3132,-0.3717590800000001,0.01,0.0008290010737255216,0.0001,8995
300.0,1127,834,940800,3136,-0.5802236900000001,0.01,0.00048346485709771514,0.0001,9007
300.0,1127,835,942000,3140,-0.6517498,0.01,0.0005434959311969578,0.0001,9019
300.0,1128,835,943200,3144,-0.61278877,0.01,0.0006345176952891052,0.0001,9031
300.0,1128,836,944400,3148,-0.52242136,0.01,0.0005684977513737977,0.0001,9043
300.0,1129,837,945600,3152,-0.7221163800000001,0.01,0.0006557375891134143,0.0001,9055
300.0,1130,837,946800,3156,-0.7891298300000001,0.01,0.0007864134386181831,0.0001,9067
300.0,1130,838,948000,3160,-0.7230865700000001,0.01,0.0005663002957589924,0.0001,9079
300.0,1131,839,949200,3164,-0.5823632900000001,0.01,0.0005206125788390636,0.0001,9091
300.0,1131,839,950400,3168,-0.52800827,0.01,0.0006350715411826968,0.0001,9103
300.0,1132,840,951600,3172,-0.49656656999999993,0.01,0.00044894940219819546,0.0001,9115
300.0,1132,840,952800,3176,-0.5431750399999999,0.01,0.0005909421015530825,0.0001,9127
300.0,1133,841,954000,3180,-0.43099959,0.01,0.0007496373145841062,0.0001,9139
300.0,1134,842,955200,3184,-0.55762689,0.01,0.0006867597112432122,0.0001,9151
300.0,1134,842,956400,3188,-0.53463365,0.01,0.0007578607182949781,0.0001,9163
300.0,1135,843,957600,3192,-0.49994485999999994,0.01,0.0006011740770190954,0.0001,9175
300.0,1135,844,958800,3196,-0.5616719699999999,0.01,0.0005483909626491368,0.0001,9187
300.0,1136,844,960000,3200,-0.39206491,0.01,0.0006406864849850535,0.0001,9199
300.0,1137,845,961200,3204,-0.31322948000000006,0.01,0.000533236307092011,0.0001,9211
300.0,1137,845,962400,3208,-0.38263498000000007,0.01,0.000632207200396806,0.0001,9223
300.0,1138,846,963600,3212,-0.34089882000000005,0.01,0.00088354607578367,0.0001,9235
300.0,1138,847,964800,3216,-0.4491709099999999,0.01,0.0006109223468229175,0.0001,9247
300.0,1138,848,966000,3220,-0.32284936999999997,0.01,0.0006396289682015777,0.0001,9259
300.0,1139,848,967200,3224,-0.38483471999999996,0.01,0.0007035501766949892,0.0001,9271
300.0,1139,849,968400,3228,-0.3937415999999999,0.01,0.0006013558595441282,0.0001,9283
300.0,1140,850,969600,3232,-0.36654318999999985,0.01,0.0005241722683422267,0.0001,9295
300.0,1140,850,970800,3236,-0.22895855999999995,0.01,0.0006822973373346031,0.0001,9307
300.0,1141,851,972000,3240,-0.19470321999999998,0.01,0.0007110463338904083,0.0001,9319
300.0,1141,852,973200,3244,-0.02768639000000011,0.01,0.0004941681982018054,0.0001,9331
300.0,1142,852,974400,3248,-0.07160774000000013,0.01,0.0005377950728870928,0.0001,9343
300.0,1143,853,975600,3252,-0.0002470100000000608,0.01,0.0006245987024158239,0.0001,9355
300.0,1143,854,976800,3256,0.16140771999999995,0.01,0.0005743983783759177,0.0001,9367
300.0,1144,854,978000,3260,0.15723899999999996,0.01,0.0005387372220866382,0.0001,9379
300.0,1144,855,979200,3264,0.12523002999999996,0.01,0.0006770977634005249,0.0001,9391
300.0,1144,856,980400,3268,0.1206254399999999,0.01,0.0005364444805309176,0.0001,9403
300.0,1145,857,981600,3272,0.03245253999999997,0.01,0.0029366426169872284,0.0001,9415
300.0,1145,857,982800,3276,0.17544693000000003,0.01,0.00047459325287491083,0.0001,9427
300.0,1146,858,984000,3280,0.15204668000000005,0.01,0.00036546101910062134,0.0001,9439
300.0,1146,859,985200,3284,0.06124546000000003,0.01,0.000595984747633338,0.0001,9451
300.0,1147,859,986400,3288,0.06670590000000003,0.01,0.0005790104623883963,0.0001,9463
300.0,1147,860,987600,3292,0.16086793000000008,0.01,0.000739950395654887,0.0001,9475
300.0,1148,861,988800,3296,0.2054187700000001,0.01,0.0005451308097690344,0.0001,9487
300.0,1148,861,990000,3300,0.03848875000000011,0.01,0.0005870914901606739,0.0001,9499
300.0,1149,862,991200,3304,0.027442060000000074,0.01,0.0007438678294420242,0.0001,9511
300.0,1149,863,992400,3308,0.16849238000000002,0.01,0.0005883547710254788,0.0001,9523
300.0,1150,863,993600,3312,0.08273834000000005,0.01,0.0005297801690176129,0.0001,9535
300.0,1150,864,994800,3316,0.1184270000000001,0.01,0.0005795173929072917,0.0001,9547
300.0,1151,865,996000,3320,0.07837610000000002,0.01,0.0007436259184032679,0.0001,9559
300.0,1151,865,997200,3324,0.10301484999999999,0.01,0.0007093357271514833,0.0001,9571
300.0,1152,866,998400,3328,-0.06282079999999998,0.01,0.0006564145442098379,0.0001,9583
300.0,1152,867,999600,3332,-0.07158151999999998,0.01,0.0005802041850984097,0.0001,9595
300.0,1093,915,1000800,3336,-0.04749345999999998,0.01,0.0007396169821731746,0.0001,9607
300.0,1093,915,1002000,3340,0.041251970000000006,0.01,0.0007597932126373053,0.0001,9619
300.0,1094,916,1003200,3344,-0.02205803999999998,0.01,0.0005208025686442852,0.0001,9631
300.0,1094,917,1004400,3348,-0.14447122,0.01,0.000656868563964963,0.0001,9643
300.0,1095,918,1005600,3352,-0.12348662999999999,0.01,0.0007882034406065941,0.0001,9655
300.0,1095,919,1006800,3356,-0.08425439000000003,0.01,0.0007745709735900164,0.0001,9667
300.0,1095,919,1008000,3360,-0.09830364999999999,0.01,0.0007563509279862046,0.0001,9679
300.0,1096,920,1009200,3364,-0.02389486999999997,0.01,0.0005182810127735138,0.0001,9691
300.0,1097,920,1010400,3368,-0.012905529999999917,0.01,0.0005163710447959602,0.0001,9703
300.0,1097,921,1011600,3372,0.13237429000000006,0.01,0.0007485393434762955,0.0001,9715
300.0,1098,922,1012800,3376,0.26240456,0.01,0.0006573258433490992,0.0001,9727
300.0,1098,923,1014000,3380,0.31364133000000005,0.01,0.0008357686456292868,0.0001,9739
300.0,1098,923,1015200,3384,0.45967456999999995,0.01,0.0007711095968261361,0.0001,9751
300.0,1099,924,1016400,3388,0.37936195999999994,0.01,0.0006492350366897881,0.0001,9763
300.0,1099,925,1017600,3392,0.41155553999999994,0.01,0.0010388321243226528,0.0001,9775
300.0,1100,925,1018800,3396,0.3372010699999998,0.01,0.0007113347528502345,0.0001,9787
300.0,1100,926,1020000,3400,0.36256240999999995,0.01,0.0006161225028336048,0.0001,9799
300.0,1101,927,1021200,3404,0.36313529,0.01,0.000675446935929358,0.0001,9811
300.0,1101,928,1022400,3408,0.16378763000000002,0.01,0.0006153887370601296,0.0001,9823
300.0,1102,928,1023600,3412,0.21480596999999998,0.01,0.0005261399201117456,0.0001,9835
300.0,1102,929,1024800,3416,0.23999570000000003,0.01,0.0005662959301844239,0.0001,9847
300.0,1103,930,1026000,3420,0.10542542000000003,0.01,0.000539357541128993,0.0001,9859
300.0,1103,930,1027200,3424,0.013290330000000034,0.01,0.000674018228892237,0.0001,9871
300.0,1104,931,1028400,3428,0.22171301000000004,0.01,0.0006046589114703238,0.0001,9883
300.0,1104,931,1029600,3432,0.30448247000000006,0.01,0.0005676812143065035,0.0001,9895
300.0,1105,932,1030800,3436,0.40277194,0.01,0.0007320004515349865,0.0001,9907
300.0,1105,933,1032000,3440,0.40544303,0.01,0.0008100267732515931,0.0001,9919
300.0,1106,933,1033200,3444,0.39741944,0.01,0.000618696678429842,0.0001,9931
300.0,1107,934,1034400,3448,0.39896220000000004,0.01,0.0006777889793738723,0.0001,9943
300.0,1107,934,1035600,3452,0.4840205499999999,0.01,0.0007260390557348728,0.0001,9955
300.0,1108,935,1036800,3456,0.44670709,0.01,0.0006407889304682612,0.0001,9967
300.0,1108,936,1038000,3460,0.4876524499999999,0.01,0.0005429931334219873,0.0001,9979
300.0,1109,936,1039200,3464,0.4441335899999999,0.01,0.0006009009084664285,0.0001,9991
300.0,1109,937,1040400,3468,0.37146066999999994,0.01,0.0007234432268887758,0.0001,10003
300.0,1110,938,1041600,3472,0.17808689,0.01,0.000588206690736115,0.0001,10015
300.0,1110,939,1042800,3476,0.053693349999999994,0.01,0.0005974057130515575,0.0001,10027
300.0,1110,939,1044000,3480,0.11830014999999997,0.01,0.0004924122476950288,0.0001,10039
300.0,1111,940,1045200,3484,-0.020487940000000034,0.01,0.0006723068654537201,0.0001,10051
300.0,1112,940,1046400,3488,0.04593985000000002,0.01,0.0006765109719708562,0.0001,10063
300.0,1112,941,1047600,3492,-0.01043971999999996,0.01,0.0005850632442161441,0.0001,10075
300.0,1113,942,1048800,3496,0.08820827000000002,0.01,0.0007715652463957667,0.0001,10087
300.0,1113,942,1050000,3500,0.10169134999999996,0.01,0.0007058363407850266,0.0001,10099
300.0,1113,943,1051200,3504,0.02381926999999993,0.01,0.0005981918657198548,0.0001,10111
300.0,1114,944,1052400,3508,-0.055050540000000085,0.01,0.000577869126573205,0.0001,10123
300.0,1115,944,1053600,3512,0.04469805000000001,0.01,0.0005634367698803544,0.0001,10135
300.0,1115,945,1054800,3516,0.12123381000000003,0.01,0.0005769003764726222,0.0001,10147
300.0,1116,946,1056000,3520,0.1033849099999999,0.01,0.000641188002191484,0.0001,10159
300.0,1116,946,1057200,3524,0.37165466999999985,0.01,0.0006445099133998156,0.0001,10171
300.0,1116,947,1058400,3528,0.3153508699999999,0.01,0.0005084143485873938,0.0001,10183
300.0,1117,948,1059600,3532,0.2800166699999999,0.01,0.0006637911428697407,0.0001,10195
300.0,1117,949,1060800,3536,0.24430582999999997,0.01,0.000618412159383297,0.0001,10207
300.0,1117,950,1062000,3540,0.12316778000000003,0.01,0.0006338536622934043,0.0001,10219
300.0,1118,950,1063200,3544,0.14818819999999996,0.01,0.0007955366163514555,0.0001,10231
300.0,1118,951,1064400,3548,0.24849163999999996,0.01,0.0006925662746652961,0.0001,10243
300.0,1119,951,1065600,3552,0.17003532999999998,0.01,0.0006364313303492963,0.0001,10255
300.0,1119,952,1066800,3556,0.12759405999999995,0.01,0.0004822250921279192,0.0001,10267
300.0,1120,953,1068000,3560,0.12319559,0.01,0.0006351782940328121,0.0001,10279
300.0,1120,953,1069200,3564,0.025551679999999983,0.01,0.000678366981446743,0.0001,10291
300.0,1121,954,1070400,3568,0.06789043999999994,0.01,0.0006381637649610639,0.0001,10303
300.0,1121,955,1071600,3572,0.13618813999999996,0.01,0.0007507538539357483,0.0001,10315
300.0,1122,955,1072800,3576,0.15472692,0.01,0.0007934035966172814,0.0001,10327
300.0,1122,956,1074000,3580,0.04669401000000002,0.01,0.0006266019772738218,0.0001,10339
300.0,1123,957,1075200,3584,0.09028702000000005,0.01,0.0005731121636927128,0.0001,10351
300.0,1123,957,1076400,3588,0.06921473000000004,0.01,0.0007190500618889928,0.0001,10363
300.0,1124,958,1077600,3592,0.05825668000000009,0.01,0.0006334175122901797,0.0001,10375
300.0,1124,959,1078800,3596,-0.09702904999999987,0.01,0.0006873877719044685,0.0001,10387
300.0,1125,959,1080000,3600,0.04075014000000008,0.01,0.00047117663780227304,0.0001,10399
300.0,1125,960,1081200,3604,0.1741794000000001,0.01,0.0004981034435331821,0.0001,10411
300.0,1126,961,1082400,3608,0.27246197,0.01,0.0011666167993098497,0.0001,10423
300.0,1126,961,1083600,3612,0.13301898999999995,0.01,0.0007406135555356741,0.0001,10435
300.0,1127,962,1084800,3616,0.10745647999999994,0.01,0.0005350749706849456,0.0001,10447
300.0,1127,962,1086000,3620,0.20506349000000004,0.01,0.0006476416019722819,0.0001,10459
300.0,1128,963,1087200,3624,0.03529143000000004,0.01,0.0007074811728671193,0.0001,10471
300.0,1128,964,1088400,3628,0.020714219999999974,0.01,0.0006526827928610146,0.0001,10483
300.0,1129,964,1089600,3632,0.09621147999999997,0.01,0.0007575942436233163,0.0001,10495
300.0,1129,965,1090800,3636,0.015201470000000104,0.01,0.0005921298870816827,0.0001,10507
300.0,1130,966,1092000,3640,0.18473428000000006,0.01,0.0007036703173071146,0.0001,10519
300.0,1130,966,1093200,3644,0.12001604000000002,0.01,0.0006806228193454444,0.0001,10531
300.0,1131,967,1094400,3648,0.017608039999999953,0.01,0.0005614944966509938,0.0001,10543
300.0,1131,968,1095600,3652,0.15566916999999994,0.01,0.0009277099161408842,0.0001,10555
300.0,1131,968,1096800,3656,0.09427958000000004,0.01,0.0006246570846997201,0.0001,10567
300.0,1132,969,1098000,3660,0.01898915,0.01,0.00045026937732473016,0.0001,10579
300.0,1132,970,1099200,3664,0.11891322999999994,0.01,0.0007121562375687063,0.0001,10591
300.0,1079,1019,1100400,3668,0.07100065999999995,0.01,0.0006518848240375519,0.0001,10603
300.0,1080,1019,1101600,3672,0.06731403999999994,0.01,0.0007604887941852212,0.0001,10615
300.0,1080,1020,1102800,3676,-0.10347107000000005,0.01,0.0005441654357127845,0.0001,10627
300.0,1081,1021,1104000,3680,-0.05315387000000005,0.01,0.0009698827052488923,0.0001,10639
300.0,1081,1021,1105200,3684,0.14605275999999992,0.01,0.0005663326010107994,0.0001,10651
300.0,1082,1022,1106400,3688,0.21162645000000002,0.01,0.0006250855512917042,0.0001,10663
300.0,1082,1022,1107600,3692,0.24618862,0.01,0.0008580278372392058,0.0001,10675
300.0,1083,1023,1108800,3696,0.3960169899999999,0.01,0.0007883249199949205,0.0001,10687
300.0,1083,1024,1110000,3700,0.24110838999999998,0.01,0.0013835986610502005,0.0001,10699
300.0,1084,1024,1111200,3704,0.16621295000000003,0.01,0.0005560608697123826,0.0001,10711
300.0,1084,1025,1112400,3708,0.2253755299999999,0.01,0.0006642478983849287,0.0001,10723
300.0,1085,1026,1113600,3712,0.26438808999999996,0.01,0.0005536504904739559,0.0001,10735
300.0,1085,1026,1114800,3716,0.22953311999999998,0.01,0.0006688046269118786,0.0001,10747
300.0,1086,1027,1116000,3720,0.18185697000000003,0.01,0.0005358816124498844,0.0001,10759
300.0,1086,1028,1117200,3724,0.07929880000000009,0.01,0.0006122930208221078,0.0001,10771
300.0,1086,1029,1118400,3728,0.1199952900000001,0.01,0.0008417393546551466,0.0001,10783
300.0,1087,1029,1119600,3732,0.20371472000000004,0.01,0.0008277734159491956,0.0001,10795
300.0,1087,1030,1120800,3736,0.1823012600000001,0.01,0.0005524943699128926,0.0001,10807
300.0,1088,1030,1122000,3740,0.13691102000000005,0.01,0.0007120832451619208,0.0001,10819
300.0,1088,1031,1123200,3744,0.12139557000000002,0.01,0.0006679644575342536,0.0001,10831
300.0,1089,1032,1124400,3748,0.16685849,0.01,0.0008097780519165099,0.0001,10843
300.0,1089,1033,1125600,3752,0.012311630000000004,0.01,0.0006115554715506732,0.0001,10855
300.0,1089,1033,1126800,3756,0.06226241999999996,0.01,0.0005267487140372396,0.0001,10867
300.0,1090,1034,1128000,3760,0.17404429999999999,0.01,0.0007997975335456431,0.0001,10879
300.0,1090,1035,1129200,3764,0.12909284999999993,0.01,0.0007230847841128707,0.0001,10891
300.0,1091,1035,1130400,3768,0.3513703899999999,0.01,0.0007849719258956611,0.0001,10903
300.0,1091,1036,1131600,3772,0.33303770000000005,0.01,0.0005935640074312687,0.0001,10915
300.0,1091,1037,1132800,3776,0.49263646,0.01,0.0008021506946533918,0.0001,10927
300.0,1092,1038,1134000,3780,0.41757872000000007,0.01,0.0005611256347037852,0.0001,10939
300.0,1092,1039,1135200,3784,0.19999263,0.01,0.0005011281464248896,0.0001,10951
300.0,1092,1039,1136400,3788,0.07003508999999998,0.01,0.0005117978435009718,0.0001,10963
300.0,1093,1040,1137600,3792,0.10514921,0.01,0.0007537759374827147,0.0001,10975
300.0,1093,1041,1138800,3796,0.08963087,0.01,0.0005464497371576726,0.0001,10987
300.0,1094,1041,1140000,3800,0.16135983000000004,0.01,0.0006311628967523575,0.0001,10999
300.0,1094,1042,1141200,3804,0.14213285000000003,0.01,0.000830294331535697,0.0001,11011
300.0,1095,1043,1142400,3808,0.22173707999999998,0.01,0.0011179376160725951,0.0001,11023
300.0,1095,1043,1143600,3812,0.19279170999999998,0.01,0.0007981365779414773,0.0001,11035
300.0,1096,1044,1144800,3816,0.15807036,0.01,0.0008866347488947213,0.0001,11047
300.0,1096,1045,1146000,3820,0.20346922999999995,0.01,0.0004813084378838539,0.0001,11059
300.0,1097,1045,1147200,3824,0.23122095999999992,0.01,0.00048396835336461663,0.0001,11071
300.0,1097,1046,1148400,3828,0.22551439999999992,0.01,0.0007909000851213932,0.0001,11083
300.0,1097,1047,1149600,3832,0.044875569999999844,0.01,0.0005466807633638382,0.0001,11095
300.0,1098,1047,1150800,3836,-0.054199370000000115,0.01,0.0007276240503415465,0.0001,11107
300.0,1098,1048,1152000,3840,-0.12678937000000007,0.01,0.0014405669644474983,0.0001,11119
300.0,1099,1049,1153200,3844,-0.11352830000000004,0.01,0.0006639087805524468,0.0001,11131
300.0,1099,1049,1154400,3848,-0.10531946000000005,0.01,0.0005042777047492564,0.0001,11143
300.0,1100,1050,1155600,3852,-0.018974820000000024,0.01,0.0006285697454586625,0.0001,11155
300.0,1100,1051,1156800,3856,-0.031699990000000004,0.01,0.0006128386594355106,0.0001,11167
300.0,1101,1051,1158000,3860,-0.12002301000000003,0.01,0.0006398832192644477,0.0001,11179
300.0,1101,1052,1159200,3864,-0.12902848000000003,0.01,0.0009553058771416545,0.0001,11191
300.0,1102,1052,1160400,3868,-0.29748475999999996,0.01,0.0005841889651492238,0.0001,11203
300.0,1102,1053,1161600,3872,-0.34052096,0.01,0.0006766126025468111,0.0001,11215
300.0,1102,1054,1162800,3876,-0.38254943999999996,0.01,0.00047939730575308204,0.0001,11227
300.0,1103,1054,1164000,3880,-0.21346511000000004,0.01,0.00075064244447276,0.0001,11239
300.0,1103,1055,1165200,3884,-0.26088198000000007,0.01,0.0006605301750823855,0.0001,11251
300.0,1104,1056,1166400,3888,-0.24376009000000004,0.01,0.0006023122696205974,0.0001,11263
300.0,1104,1056,1167600,3892,-0.34409860000000003,0.01,0.0004792377003468573,0.0001,11275
300.0,1104,1057,1168800,3896,-0.25427358000000005,0.01,0.0005502701969817281,0.0001,11287
300.0,1105,1058,1170000,3900,-0.29696179999999994,0.01,0.0005697718588635325,0.0001,11299
300.0,1105,1059,1171200,3904,-0.22451194000000002,0.01,0.0007155677303671837,0.0001,11311
300.0,1106,1059,1172400,3908,-0.45388131000000004,0.01,0.0006384041626006365,0.0001,11323
300.0,1106,1060,1173600,3912,-0.49895888,0.01,0.0006398688419722021,0.0001,11335
300.0,1107,1061,1174800,3916,-0.44028653000000006,0.01,0.00048317527398467064,0.0001,11347
300.0,1107,1061,1176000,3920,-0.20469452999999993,0.01,0.0006604170193895698,0.0001,11359
300.0,1107,1062,1177200,3924,-0.16973343999999993,0.01,0.0012901744339615107,0.0001,11371
300.0,1108,1063,1178400,3928,-0.1435598199999999,0.01,0.0005932622589170933,0.0001,11383
300.0,1108,1063,1179600,3932,-0.12784019999999985,0.01,0.0005438993684947491,0.0001,11395
300.0,1109,1064,1180800,3936,-0.056865689999999906,0.01,0.0007182135595940053,0.0001,11407
300.0,1109,1065,1182000,3940,-0.05172147999999994,0.01,0.0006870084907859564,0.0001,11419
300.0,1110,1065,1183200,3944,-0.22802289999999995,0.01,0.0005177387502044439,0.0001,11431
300.0,1110,1066,1184400,3948,-0.27294483999999997,0.01,0.0008927182643674314,0.0001,11443
300.0,1110,1067,1185600,3952,-0.28885790999999994,0.01,0.0006058156723156571,0.0001,11455
300.0,1111,1068,1186800,3956,-0.19512738999999996,0.01,0.0006916665588505566,0.0001,11467
300.0,1111,1068,1188000,3960,-0.36317671000000007,0.01,0.0008094365475699306,0.0001,11479
300.0,1111,1069,1189200,3964,-0.40797962000000004,0.01,0.0005513803334906697,0.0001,11491
300.0,1112,1070,1190400,3968,-0.39652661,0.01,0.0005931994528509676,0.0001,11503
300.0,1112,1070,1191600,3972,-0.31309275,0.01,0.00046995218144729733,0.0001,11515
300.0,1113,1071,1192800,3976,-0.41579763999999997,0.01,0.000858824874740094,0.0001,11527
300.0,1113,1072,1194000,3980,-0.5335212899999999,0.01,0.0006290193414315581,0.0001,11539
300.0,1113,1072,1195200,3984,-0.40806950000000003,0.01,0.0007116892957128584,0.0001,11551
300.0,1114,1073,1196400,3988,-0.39482966999999997,0.01,0.0005547730252146721,0.0001,11563
300.0,1114,1074,1197600,3992,-0.4283090300000001,0.01,0.0012873513624072075,0.0001,11575
300.0,1115,1074,1198800,3996,-0.51667926,0.01,0.0007726039038971066,0.0001,11587
300.0,1066,1124,1200000,4000,-0.5459781500000002,0.01,0.0004308154166210443,0.0001,11599
300.0,1067,1125,1201200,4004,-0.66424615,0.01,0.0005024416605010629,0.0001,11611
300.0,1067,1126,1202400,4008,-0.52056198,0.01,0.0007323938189074397,0.0001,11623
300.0,1068,1126,1203600,4012,-0.59727271,0.01,0.0005885320715606213,0.0001,11635
300.0,1068,1127,1204800,4016,-0.6126212400000002,0.01,0.0007568845758214593,0.0001,11647
300.0,1068,1128,1206000,4020,-0.85968181,0.01,0.0007763238972984254,0.0001,11659
300.0,1069,1129,1207200,4024,-0.8752843300000002,0.01,0.0010499964701011777,0.0001,11671
300.0,1069,1129,1208400,4028,-0.8951452499999999,0.01,0.0005798859056085348,0.0001,11683
300.0,1069,1130,1209600,4032,-0.83359949,0.01,0.0007079389179125428,0.0001,11695
300.0,1070,1131,1210800,4036,-0.9769474800000001,0.01,0.0006242879899218678,0.0001,11707
300.0,1070,1132,1212000,4040,-0.8374995300000001,0.01,0.0006362597923725843,0.0001,11719
300.0,1070,1133,1213200,4044,-0.6841937499999999,0.01,0.0005429525626823306,0.0001,11731
300.0,1070,1133,1214400,4048,-0.7055922200000001,0.01,0.0006357706151902676,0.0001,11743
300.0,1071,1134,1215600,4052,-0.6776766199999998,0.01,0.0006269038422033191,0.0001,11755
300.0,1071,1135,1216800,4056,-0.8002925799999998,0.01,0.0005147477495484054,0.0001,11767
300.0,1072,1135,1218000,4060,-0.68679226,0.01,0.0006781829870305955,0.0001,11779
300.0,1072,1136,1219200,4064,-0.5123286,0.01,0.0006228035199455917,0.0001,11791
300.0,1073,1137,1220400,4068,-0.5106316300000001,0.01,0.0005703211645595729,0.0001,11803
300.0,1073,1138,1221600,4072,-0.5862814399999999,0.01,0.0008588944911025465,0.0001,11815
300.0,1073,1138,1222800,4076,-0.61220695,0.01,0.0005853302427567542,0.0001,11827
300.0,1074,1139,1224000,4080,-0.68352721,0.01,0.0007381043978966773,0.0001,11839
300.0,1074,1140,1225200,4084,-0.69009484,0.01,0.0005643251352012157,0.0001,11851
300.0,1075,1140,1226400,4088,-0.6601142900000002,0.01,0.0006057696882635355,0.0001,11863
300.0,1075,1141,1227600,4092,-0.6019955200000001,0.01,0.0005796329933218658,0.0001,11875
300.0,1076,1141,1228800,4096,-0.50229128,0.01,0.0006330012693069875,0.0001,11887
300.0,1076,1142,1230000,4100,-0.52175883,0.01,0.0005767712718807161,0.0001,11899
300.0,1076,1143,1231200,4104,-0.35586587999999997,0.01,0.0006327030132524669,0.0001,11911
300.0,1077,1143,1232400,4108,-0.39137013,0.01,0.0007497327169403434,0.0001,11923
300.0,1077,1144,1233600,4112,-0.26486677000000003,0.01,0.0007046468090265989,0.0001,11935
300.0,1078,1145,1234800,4116,-0.22410131999999996,0.01,0.0008321291534230113,0.0001,11947
300.0,1078,1145,1236000,4120,-0.4200304099999999,0.01,0.0004843691422138363,0.0001,11959
300.0,1079,1146,1237200,4124,-0.38959294,0.01,0.000690232147462666,0.0001,11971
300.0,1079,1147,1238400,4128,-0.37597145000000004,0.01,0.0006346997106447816,0.0001,11983
300.0,1079,1147,1239600,4132,-0.5027082,0.01,0.0006152717396616936,0.0001,11995
300.0,1080,1148,1240800,4136,-0.27951612000000003,0.01,0.00045025357394479215,0.0001,12007
300.0,1080,1149,1242000,4140,-0.3615899000000001,0.01,0.0005287564708851278,0.0001,12019
300.0,1080,1150,1243200,4144,-0.45136355999999994,0.01,0.0007305381586775184,0.0001,12031
300.0,1081,1150,1244400,4148,-0.32729682,0.01,0.0004666633321903646,0.0001,12043
300.0,1081,1151,1245600,4152,-0.3614325899999999,0.01,0.0005466043949127197,0.0001,12055
300.0,1082,1152,1246800,4156,-0.3633792399999999,0.01,0.000566275673918426,0.0001,12067
300.0,1082,1152,1248000,4160,-0.22756015999999987,0.01,0.0007086967816576362,0.0001,12079
300.0,1082,1153,1249200,4164,-0.3245972199999999,0.01,0.0006145634688436985,0.0001,12091
300.0,1083,1154,1250400,4168,-0.35774246999999987,0.01,0.0005509808543138206,0.0001,12103
300.0,1083,1154,1251600,4172,-0.31677616,0.01,0.0005402396782301366,0.0001,12115
300.0,1084,1155,1252800,4176,-0.15496648999999998,0.01,0.0005577100673690438,0.0001,12127
300.0,1084,1156,1254000,4180,0.0030410500000000386,0.01,0.0007845459622330964,0.0001,12139
300.0,1085,1156,1255200,4184,-0.08333568999999995,0.01,0.0009548899251967669,0.0001,12151
300.0,1085,1157,1256400,4188,-0.05884583999999995,0.01,0.0007454166188836098,0.0001,12163
300.0,1085,1158,1257600,4192,-0.15982039,0.01,0.0004982229438610375,0.0001,12175
300.0,1085,1159,1258800,4196,-0.46902785999999996,0.01,0.0006247313576750457,0.0001,12187
300.0,1086,1159,1260000,4200,-0.47652015000000003,0.01,0.0007226814050227404,0.0001,12199
300.0,1086,1160,1261200,4204,-0.50483604,0.01,0.0006457504932768643,0.0001,12211
300.0,1087,1161,1262400,4208,-0.5662639500000001,0.01,0.0008152143564075232,0.0001,12223
300.0,1087,1161,1263600,4212,-0.6472643699999999,0.01,0.0007159247761592269,0.0001,12235
300.0,1088,1162,1264800,4216,-0.7608923999999999,0.01,0.0006031181546859443,0.0001,12247
300.0,1088,1163,1266000,4220,-0.5685322500000001,0.01,0.0005602658493444324,0.0001,12259
300.0,1088,1163,1267200,4224,-0.5834089399999999,0.01,0.0008898845408111811,0.0001,12271
300.0,1089,1164,1268400,4228,-0.61173819,0.01,0.000842523411847651,0.0001,12283
300.0,1089,1165,1269600,4232,-0.3782556900000001,0.01,0.0005375325563363731,0.0001,12295
300.0,1089,1165,1270800,4236,-0.43007416000000015,0.01,0.000591593561694026,0.0001,12307
300.0,1090,1166,1272000,4240,-0.4376994800000001,0.01,0.0007210298208519816,0.0001,12319
300.0,1090,1167,1273200,4244,-0.46733791000000013,0.01,0.0006750060711055994,0.0001,12331
300.0,1091,1168,1274400,4248,-0.5749328400000002,0.01,0.0007938987109810114,0.0001,12343
300.0,1091,1168,1275600,4252,-0.6069613200000002,0.01,0.0006094620330259204,0.0001,12355
300.0,1091,1169,1276800,4256,-0.5849493600000001,0.01,0.0005901108961552382,0.0001,12367
300.0,1092,1170,1278000,4260,-0.6541383700000002,0.01,0.0007088088896125555,0.0001,12379
300.0,1092,1170,1279200,4264,-0.6004536500000001,0.01,0.000600223895162344,0.0001,12391
300.0,1093,1171,1280400,4268,-0.49112494000000007,0.01,0.0007564786355942488,0.0001,12403
300.0,1093,1171,1281600,4272,-0.42614001,0.01,0.0006470986409112811,0.0001,12415
300.0,1094,1172,1282800,4276,-0.47631195000000004,0.01,0.0007086996338330209,0.0001,12427
300.0,1094,1173,1284000,4280,-0.3562857300000001,0.01,0.000668908644001931,0.0001,12439
300.0,1094,1173,1285200,4284,-0.26591644000000003,0.01,0.0005782294319942594,0.0001,12451
300.0,1095,1174,1286400,4288,-0.43132240000000005,0.01,0.0005941228591836989,0.0001,12463
300.0,1095,1175,1287600,4292,-0.36344903,0.01,0.000602513668127358,0.0001,12475
300.0,1096,1175,1288800,4296,-0.16871564999999997,0.01,0.0007345994235947728,0.0001,12487
300.0,1096,1176,1290000,4300,-0.17640930000000005,0.01,0.0005341750220395625,0.0001,12499
300.0,1096,1177,1291200,4304,-0.14943006999999997,0.01,0.0006283732363954186,0.0001,12511
300.0,1097,1178,1292400,4308,-0.07220953999999992,0.01,0.0008322765352204442,0.0001,12523
300.0,1097,1178,1293600,4312,0.08249809000000012,0.01,0.00066852051531896,0.0001,12535
300.0,1097,1179,1294800,4316,0.16209044000000003,0.01,0.0006933829863555729,0.0001,12547
300.0,1098,1180,1296000,4320,0.16400866999999997,0.01,0.0025824736803770065,0.0001,12559
300.0,1098,1180,1297200,4324,0.13585665000000005,0.01,0.000827196694444865,0.0001,12571
300.0,1098,1181,1298400,4328,0.25885179,0.01,0.000849912641569972,0.0001,12583
300.0,1099,1182,1299600,4332,0.06395897000000007,0.01,0.0005591316148638725,0.0001,12595
300.0,1055,1232,1300800,4336,0.10970395000000004,0.01,0.0007799420272931457,0.0001,12607
300.0,1056,1232,1302000,4340,0.14121135999999995,0.01,0.00045468873577192426,0.0001,12619
300.0,1056,1233,1303200,4344,0.4159197299999999,0.01,0.0004873812722507864,0.0001,12631
300.0,1057,1233,1304400,4348,0.33671660000000003,0.01,0.0006978985038585961,0.0001,12643
300.0,1057,1234,1305600,4352,0.36030966000000014,0.01,0.0006167725077830255,0.0001,12655
300.0,1058,1235,1306800,4356,0.15980859000000003,0.01,0.0009249912109225988,0.0001,12667
300.0,1058,1235,1308000,4360,0.13866033000000003,0.01,0.0005607674247585237,0.0001,12679
300.0,1058,1236,1309200,4364,0.010431429999999985,0.01,0.0005668196827173233,0.0001,12691
300.0,1059,1237,1310400,4368,0.011978649999999993,0.01,0.00047599809477105737,0.0001,12703
300.0,1059,1238,1311600,4372,-0.06889346999999994,0.01,0.000920853519346565,0.0001,12715
300.0,1059,1238,1312800,4376,-0.06588684999999994,0.01,0.0009612570866011083,0.0001,12727
300.0,1060,1239,1314000,4380,-0.33409077000000004,0.01,0.00068920903140679,0.0001,12739
300.0,1060,1240,1315200,4384,-0.24491349000000015,0.01,0.0007970997830852866,0.0001,12751
300.0,1060,1240,1316400,4388,-0.02173741,0.01,0.0007061146898195148,0.0001,12763
300.0,1061,1241,1317600,4392,0.060159310000000035,0.01,0.000864131492562592,0.0001,12775
300.0,1061,1242,1318800,4396,-0.0017044299999998947,0.01,0.0004714230017270893,0.0001,12787
300.0,1061,1242,1320000,4400,-0.04610346999999987,0.01,0.000867231166921556,0.0001,12799
300.0,1062,1243,1321200,4404,-0.13706157999999985,0.01,0.00103366794064641,0.0001,12811
300.0,1062,1244,1322400,4408,-0.26395911999999994,0.01,0.0005662672920152545,0.0001,12823
300.0,1063,1244,1323600,4412,-0.25200309000000004,0.01,0.0005584354512393475,0.0001,12835
300.0,1063,1245,1324800,4416,-0.28751521000000013,0.01,0.0007317428826354444,0.0001,12847
300.0,1063,1246,1326000,4420,-0.18914221000000006,0.01,0.0005092956125736237,0.0001,12859
300.0,1064,1247,1327200,4424,-0.14749998000000009,0.01,0.0006893912795931101,0.0001,12871
300.0,1064,1248,1328400,4428,-0.2548549500000001,0.01,0.0006258860230445862,0.0001,12883
300.0,1064,1249,1329600,4432,-0.22736992999999994,0.01,0.0006317966035567224,0.0001,12895
300.0,1064,1249,1330800,4436,-0.27729558000000004,0.01,0.0008577885455451906,0.0001,12907
300.0,1065,1250,1332000,4440,-0.25070511,0.01,0.0006134433788247406,0.0001,12919
300.0,1065,1251,1333200,4444,-0.38796966,0.01,0.0008028303273022175,0.0001,12931
300.0,1065,1251,1334400,4448,-0.2129902,0.01,0.0004876493476331234,0.0001,12943
300.0,1066,1252,1335600,4452,-0.22378091,0.01,0.0007112449966371059,0.0001,12955
300.0,1066,1253,1336800,4456,0.01484835000000004,0.01,0.0007855732692405581,0.0001,12967
300.0,1066,1254,1338000,4460,-0.022291669999999934,0.01,0.0005018613301217556,0.0001,12979
300.0,1067,1254,1339200,4464,-0.07628990000000002,0.01,0.0004562643589451909,0.0001,12991
300.0,1067,1255,1340400,4468,0.033088899999999984,0.01,0.0008772817091085017,0.0001,13003
300.0,1067,1256,1341600,4472,0.05746696,0.01,0.0007759762811474502,0.0001,13015
300.0,1068,1257,1342800,4476,0.12495428999999997,0.01,0.0006885287002660334,0.0001,13027
300.0,1068,1257,1344000,4480,0.26189375000000004,0.01,0.0005683013587258756,0.0001,13039
300.0,1069,1258,1345200,4484,0.09352829000000003,0.01,0.0014109975891187787,0.0001,13051
300.0,1069,1259,1346400,4488,0.0595308,0.01,0.0007381924078799784,0.0001,13063
300.0,1069,1259,1347600,4492,0.09058413000000005,0.01,0.00047502462984994054,0.0001,13075
300.0,1070,1260,1348800,4496,0.05437989000000001,0.01,0.000837701081763953,0.0001,13087
300.0,1070,1260,1350000,4500,0.010537859999999961,0.01,0.0007450053235515952,0.0001,13099
300.0,1070,1261,1351200,4504,-0.029356569999999957,0.01,0.0006665956461802125,0.0001,13111
300.0,1071,1262,1352400,4508,0.1454885,0.01,0.0005844633560627699,0.0001,13123
300.0,1071,1263,1353600,4512,0.029173009999999947,0.01,0.0004710376961156726,0.0001,13135
300.0,1072,1263,1354800,4516,0.019377069999999986,0.01,0.0008218032889999449,0.0001,13147
300.0,1072,1264,1356000,4520,-0.06335633000000004,0.01,0.0006545379292219877,0.0001,13159
300.0,1072,1264,1357200,4524,-0.13013397000000007,0.01,0.0007758251740597188,0.0001,13171
300.0,1073,1265,1358400,4528,-0.053145170000000054,0.01,0.0009879982098937035,0.0001,13183
300.0,1073,1266,1359600,4532,-0.0025685700000000187,0.01,0.0004884549998678267,0.0001,13195
300.0,1073,1267,1360800,4536,0.14498703,0.01,0.0005315833259373903,0.0001,13207
300.0,1074,1267,1362000,4540,0.14403445,0.01,0.0004772770334966481,0.0001,13219
300.0,1074,1268,1363200,4544,0.21983945000000002,0.01,0.0006392669165506959,0.0001,13231
300.0,1074,1269,1364400,4548,0.20678554,0.01,0.0007425977382808924,0.0001,13243
300.0,1075,1269,1365600,4552,0.2873796699999999,0.01,0.0008344855159521103,0.0001,13255
300.0,1075,1270,1366800,4556,0.32232386999999996,0.01,0.0007928306586109102,0.0001,13267
300.0,1076,1271,1368000,4560,0.3966303,0.01,0.0006644605891779065,0.0001,13279
300.0,1076,1271,1369200,4564,0.49635862000000003,0.01,0.0006571448175236583,0.0001,13291
300.0,1076,1272,1370400,4568,0.2117713299999999,0.01,0.0006429831846617162,0.0001,13303
300.0,1077,1273,1371600,4572,0.23370755,0.01,0.0007796887075528502,0.0001,13315
300.0,1077,1273,1372800,4576,0.15232308000000003,0.01,0.0007229000329971313,0.0001,13327
300.0,1078,1274,1374000,4580,0.14120132000000005,0.01,0.0005780693609267473,0.0001,13339
300.0,1078,1275,1375200,4584,0.21177343000000007,0.01,0.0008723058854229748,0.0001,13351
300.0,1078,1275,1376400,4588,0.03606947000000007,0.01,0.0008032962214201689,0.0001,13363
300.0,1079,1276,1377600,4592,-0.07970406999999999,0.01,0.0006848599296063185,0.0001,13375
300.0,1079,1277,1378800,4596,-0.029964409999999962,0.01,0.0006549638346768916,0.0001,13387
300.0,1079,1278,1380000,4600,0.26354081000000007,0.01,0.0007895120070315897,0.0001,13399
300.0,1079,1278,1381200,4604,0.20287861000000007,0.01,0.0009586766245774925,0.0001,13411
300.0,1080,1279,1382400,4608,0.13555287000000005,0.01,0.0006229890859685838,0.0001,13423
300.0,1080,1280,1383600,4612,0.17383548,0.01,0.0010584397241473198,0.0001,13435
300.0,1081,1280,1384800,4616,0.26050127999999995,0.01,0.0005528031033463776,0.0001,13447
300.0,1081,1281,1386000,4620,0.18338177000000003,0.01,0.000709887535776943,0.0001,13459
300.0,1081,1282,1387200,4624,0.2400457399999999,0.01,0.0009866916807368398,0.0001,13471
300.0,1082,1282,1388400,4628,0.08311827999999996,0.01,0.0005919351242482662,0.0001,13483
300.0,1082,1283,1389600,4632,-0.07881478999999998,0.01,0.0009268166031688452,0.0001,13495
300.0,1082,1284,1390800,4636,-0.2549681999999999,0.01,0.0006628885166719556,0.0001,13507
300.0,1083,1284,1392000,4640,-0.25366333999999996,0.01,0.0007282642181962729,0.0001,13519
300.0,1083,1285,1393200,4644,-0.20630334,0.01,0.0007761649903841317,0.0001,13531
300.0,1084,1286,1394400,4648,-0.09709470000000006,0.01,0.0006052238750271499,0.0001,13543
300.0,1084,1286,1395600,4652,-0.23307712000000003,0.01,0.0004948615678586066,0.0001,13555
300.0,1084,1287,1396800,4656,-0.30774596000000004,0.01,0.0005446047289296985,0.0001,13567
300.0,1085,1288,1398000,4660,-0.22081062000000004,0.01,0.000738226342946291,0.0001,13579
300.0,1085,1289,1399200,4664,-0.23548637999999997,0.01,0.0006504077464342117,0.0001,13591
300.0,1044,1340,1400400,4668,-0.09945970999999998,0.01,0.0007541996310465038,0.0001,13603
300.0,1045,1340,1401600,4672,-0.13048309,0.01,0.0010886620730161667,0.0001,13615
300.0,1045,1341,1402800,4676,-0.008015569999999918,0.01,0.0008742385543882847,0.0001,13627
300.0,1046,1342,1404000,4680,-0.12057466999999995,0.01,0.0005227295332588255,0.0001,13639
300.0,1046,1342,1405200,4684,-0.27102265999999997,0.01,0.0005893766065128148,0.0001,13651
300.0,1046,1343,1406400,4688,-0.25904631,0.01,0.0006733648478984833,0.0001,13663
300.0,1047,1344,1407600,4692,-0.25841337,0.01,0.0005706408992409706,0.0001,13675
300.0,1047,1345,1408800,4696,-0.25665671999999995,0.01,0.0009318905649706721,0.0001,13687
300.0,1047,1345,1410000,4700,-0.40911232999999997,0.01,0.000787261757068336,0.0001,13699
300.0,1047,1346,1411200,4704,-0.21931119,0.01,0.0009549414971843362,0.0001,13711
300.0,1048,1347,1412400,4708,-0.11219479,0.01,0.0006637993501499295,0.0001,13723
300.0,1048,1348,1413600,4712,-0.09587948000000003,0.01,0.0008539026021026075,0.0001,13735
300.0,1048,1348,1414800,4716,-0.11028592000000007,0.01,0.0006103410851210356,0.0001,13747
300.0,1049,1349,1416000,4720,-0.00743929000000004,0.01,0.0006706016138195992,0.0001,13759
300.0,1049,1350,1417200,4724,0.0043860599999999824,0.01,0.0008609031210653484,0.0001,13771
300.0,1049,1350,1418400,4728,0.02877333999999992,0.01,0.0006299671367742121,0.0001,13783
300.0,1050,1351,1419600,4732,0.25431613999999997,0.01,0.000639698700979352,0.0001,13795
300.0,1050,1352,1420800,4736,0.23263972,0.01,0.0006417813710868359,0.0001,13807
300.0,1051,1352,1422000,4740,0.26041022999999996,0.01,0.0018681708024814725,0.0001,13819
300.0,1051,1353,1423200,4744,0.14010099999999995,0.01,0.0007336726412177086,0.0001,13831
300.0,1051,1354,1424400,4748,0.2218732599999999,0.01,0.0008802937809377909,0.0001,13843
300.0,1052,1354,1425600,4752,0.21144242999999996,0.01,0.0007078395574353635,0.0001,13855
300.0,1052,1355,1426800,4756,0.21013253999999995,0.01,0.0005375410546548665,0.0001,13867
300.0,1052,1356,1428000,4760,0.04623685999999994,0.01,0.0005459037492983043,0.0001,13879
300.0,1053,1356,1429200,4764,0.1165242,0.01,0.000720531155820936,0.0001,13891
300.0,1053,1357,1430400,4768,-0.06021309999999991,0.01,0.0006330786854960024,0.0001,13903
300.0,1053,1358,1431600,4772,-0.10925821999999999,0.01,0.0007289006025530398,0.0001,13915
300.0,1054,1359,1432800,4776,-0.13965280000000002,0.01,0.0006685858825221658,0.0001,13927
300.0,1054,1359,1434000,4780,-0.12039800000000005,0.01,0.0009339119424112141,0.0001,13939
300.0,1054,1360,1435200,4784,0.11304723999999994,0.01,0.0008013551123440266,0.0001,13951
300.0,1055,1361,1436400,4788,0.17038653999999986,0.01,0.0008111680508591235,0.0001,13963
300.0,1055,1361,1437600,4792,0.2923288999999999,0.01,0.0008805796969681978,0.0001,13975
300.0,1055,1362,1438800,4796,0.29412051999999994,0.01,0.000551047851331532,0.0001,13987
300.0,1056,1363,1440000,4800,0.22289894000000005,0.01,0.0008825225522741675,0.0001,13999
300.0,1056,1364,1441200,4804,0.16411904999999996,0.01,0.000565954833291471,0.0001,14011
300.0,1056,1364,1442400,4808,0.11069620000000001,0.01,0.0010400009341537952,0.0001,14023
300.0,1057,1365,1443600,4812,0.03900908000000003,0.01,0.0007002063794061542,0.0001,14035
300.0,1057,1366,1444800,4816,0.12948863000000002,0.01,0.0008540083072148263,0.0001,14047
300.0,1057,1366,1446000,4820,0.17233588000000005,0.01,0.0007173664052970707,0.0001,14059
300.0,1058,1367,1447200,4824,0.1346422500000001,0.01,0.0008504719589836895,0.0001,14071
300.0,1058,1368,1448400,4828,0.13330902000000008,0.01,0.0006735651404596865,0.0001,14083
300.0,1058,1369,1449600,4832,0.17790395999999994,0.01,0.0011332558933645487,0.0001,14095
300.0,1058,1370,1450800,4836,0.2862384899999999,0.01,0.0006397734396159649,0.0001,14107
300.0,1059,1370,1452000,4840,0.08668193,0.01,0.0006149328546598554,0.0001,14119
300.0,1059,1371,1453200,4844,0.03342943000000005,0.01,0.0016114985337480903,0.0001,14131
300.0,1059,1372,1454400,4848,-0.43973575999999986,0.01,0.0010534595930948853,0.0001,14143
300.0,1060,1372,1455600,4852,-0.20983302,0.01,0.0009424315067008138,0.0001,14155
300.0,1060,1373,1456800,4856,-0.11163700999999988,0.01,0.000779052497819066,0.0001,14167
300.0,1060,1374,1458000,4860,-0.1357489799999999,0.01,0.0007098690257407725,0.0001,14179
300.0,1061,1375,1459200,4864,-0.1497634299999999,0.01,0.0010401939507573843,0.0001,14191
300.0,1061,1375,1460400,4868,0.1361923800000002,0.01,0.00042713742004707456,0.0001,14203
300.0,1061,1376,1461600,4872,0.2998704200000001,0.01,0.0005150806973688304,0.0001,14215
300.0,1062,1377,1462800,4876,0.31875876999999997,0.01,0.0007499535568058491,0.0001,14227
300.0,1062,1377,1464000,4880,0.42860123999999994,0.01,0.001092909136787057,0.0001,14239
300.0,1062,1378,1465200,4884,0.25986214999999996,0.01,0.0010648155584931374,0.0001,14251
300.0,1063,1379,1466400,4888,0.31984582000000006,0.01,0.0007594218477606773,0.0001,14263
300.0,1063,1380,1467600,4892,0.19070563,0.01,0.0005581625155173242,0.0001,14275
300.0,1063,1380,1468800,4896,0.21266779000000002,0.01,0.0007802300387993455,0.0001,14287
300.0,1064,1381,1470000,4900,0.28700212,0.01,0.0014079093234613538,0.0001,14299
300.0,1064,1382,1471200,4904,0.29828168,0.01,0.00060967484023422,0.0001,14311
300.0,1064,1382,1472400,4908,0.16120730999999996,0.01,0.0006047520437277853,0.0001,14323
300.0,1065,1383,1473600,4912,0.2729532799999999,0.01,0.0008261394104920328,0.0001,14335
300.0,1065,1383,1474800,4916,0.18982235999999997,0.01,0.0008449711604043841,0.0001,14347
300.0,1065,1384,1476000,4920,0.27317965999999994,0.01,0.0009755709324963391,0.0001,14359
300.0,1066,1385,1477200,4924,0.26922789999999996,0.01,0.0009117907611653209,0.0001,14371
300.0,1066,1386,1478400,4928,0.16675194,0.01,0.0009814903605729342,0.0001,14383
300.0,1066,1386,1479600,4932,0.04478679999999996,0.01,0.0007108240388333797,0.0001,14395
300.0,1067,1387,1480800,4936,-0.008656300000000007,0.01,0.0008717658929526806,0.0001,14407
300.0,1067,1388,1482000,4940,0.05527192000000002,0.01,0.0004536144551821053,0.0001,14419
300.0,1067,1389,1483200,4944,0.12019053000000002,0.01,0.000632080715149641,0.0001,14431
300.0,1067,1389,1484400,4948,0.3417384099999999,0.01,0.0007477686740458012,0.0001,14443
300.0,1068,1390,1485600,4952,0.03927477999999991,0.01,0.0005068708560429513,0.0001,14455
300.0,1068,1391,1486800,4956,-0.18425012000000002,0.01,0.0007387078949250281,0.0001,14467
300.0,1068,1392,1488000,4960,-0.12710586,0.01,0.0006315665086731315,0.0001,14479
300.0,1069,1392,1489200,4964,-0.34114428,0.01,0.0009680662769824266,0.0001,14491
300.0,1069,1393,1490400,4968,-0.44265319,0.01,0.0010184363927692175,0.0001,14503
300.0,1069,1394,1491600,4972,-0.5986278800000001,0.01,0.0005814378382638097,0.0001,14515
300.0,1070,1394,1492800,4976,-0.7005874200000002,0.01,0.0006400956772267818,0.0001,14527
300.0,1070,1395,1494000,4980,-0.8140594900000002,0.01,0.0007200132240541279,0.0001,14539
300.0,1070,1396,1495200,4984,-0.7718717100000001,0.01,0.0005603298777714372,0.0001,14551
300.0,1071,1396,1496400,4988,-0.7706313000000001,0.01,0.0013181923422962427,0.0001,14563
300.0,1071,1397,1497600,4992,-0.71965467,0.01,0.0007529836730100214,0.0001,14575
300.0,1071,1398,1498800,4996,-0.5763958000000001,0.01,0.0007061222568154335,0.0001,14587
300.0,1034,1450,1500000,5000,-0.6636413200000001,0.01,0.0006168061518110335,0.0001,14599
300.0,1034,1451,1501200,5004,-0.56363336,0.01,0.0006858865381218493,0.0001,14611
300.0,1034,1451,1502400,5008,-0.5847982999999999,0.01,0.0008944090222939849,0.0001,14623
300.0,1035,1452,1503600,5012,-0.6631916800000001,0.01,0.0006295031635090709,0.0001,14635
300.0,1035,1453,1504800,5016,-0.6679704899999999,0.01,0.0005825071129947901,0.0001,14647
300.0,1035,1453,1506000,5020,-0.8586213999999999,0.01,0.0005909779574722052,0.0001,14659
300.0,1036,1454,1507200,5024,-0.7679794999999998,0.01,0.0008799779461696744,0.0001,14671
300.0,1036,1455,1508400,5028,-0.58417091,0.01,0.0008415348129346967,0.0001,14683
300.0,1036,1455,1509600,5032,-0.6405017000000001,0.01,0.0018515102565288544,0.0001,14695
300.0,1037,1456,1510800,5036,-0.6617686399999999,0.01,0.0015903509920462966,0.0001,14707
300.0,1037,1457,1512000,5040,-0.55589846,0.01,0.0005427534342743456,0.0001,14719
300.0,1037,1457,1513200,5044,-0.5718497999999999,0.01,0.003024627920240164,0.0001,14731
300.0,1038,1458,1514400,5048,-0.57114449,0.01,0.0008523729629814625,0.0001,14743
300.0,1038,1459,1515600,5052,-0.38009747000000005,0.01,0.0006355803925544024,0.0001,14755
300.0,1038,1460,1516800,5056,-0.29609940000000007,0.01,0.0006689191795885563,0.0001,14767
300.0,1038,1461,1518000,5060,-0.2804495300000001,0.01,0.0012240582145750523,0.0001,14779
300.0,1039,1461,1519200,5064,-0.18699621000000008,0.01,0.00047229265328496695,0.0001,14791
300.0,1039,1462,1520400,5068,-0.22704247000000002,0.01,0.0006289599696174264,0.0001,14803
300.0,1039,1463,1521600,5072,-0.11301996000000006,0.01,0.0014720081817358732,0.0001,14815
300.0,1040,1463,1522800,5076,-0.13988830000000005,0.01,0.0008267918601632118,0.0001,14827
300.0,1040,1464,1524000,5080,-0.10344350000000006,0.01,0.0008058733073994517,0.0001,14839
300.0,1040,1465,1525200,5084,0.00879673999999997,0.01,0.0006494735134765506,0.0001,14851
300.0,1041,1465,1526400,5088,-0.06906091000000003,0.01,0.0007658706745132804,0.0001,14863
300.0,1041,1466,1527600,5092,-0.032809070000000065,0.01,0.001087287673726678,0.0001,14875
300.0,1041,1467,1528800,5096,-0.22004216000000007,0.01,0.000714890833478421,0.0001,14887
300.0,1042,1468,1530000,5100,-0.17403843,0.01,0.0005798395723104477,0.0001,14899
300.0,1042,1468,1531200,5104,-0.31646218000000004,0.01,0.0008235782152041793,0.0001,14911
300.0,1042,1469,1532400,5108,-0.12246343000000007,0.01,0.0005062973941676319,0.0001,14923
300.0,1042,1470,1533600,5112,-0.2552421300000001,0.01,0.0006113314302638173,0.0001,14935
300.0,1043,1471,1534800,5116,-0.44361942000000015,0.01,0.0006323555717244744,0.0001,14947
300.0,1043,1471,1536000,5120,-0.43709005000000006,0.01,0.0006740507669746876,0.0001,14959
300.0,1043,1472,1537200,5124,-0.5176257500000001,0.01,0.000660716206766665,0.0001,14971
300.0,1044,1473,1538400,5128,-0.47175777000000013,0.01,0.0006347934249788523,0.0001,14983
300.0,1044,1473,1539600,5132,-0.4957361300000001,0.01,0.0006201768410392106,0.0001,14995
300.0,1045,1474,1540800,5136,-0.31173968,0.01,0.0006213346496224403,0.0001,15007
300.0,1045,1475,1542000,5140,-0.32504525,0.01,0.0005467299488373101,0.0001,15019
300.0,1045,1475,1543200,5144,-0.2565755400000001,0.01,0.0010047436226159334,0.0001,15031
300.0,1045,1476,1544400,5148,-0.14710936000000005,0.01,0.0006480171578004956,0.0001,15043
300.0,1046,1477,1545600,5152,-0.16864304999999993,0.01,0.000558219850063324,0.0001,15055
300.0,1046,1478,1546800,5156,-0.20408319,0.01,0.0007897730683907866,0.0001,15067
300.0,1046,1479,1548000,5160,-0.22340032999999998,0.01,0.001970167737454176,0.0001,15079
300.0,1046,1479,1549200,5164,-0.16153351999999996,0.01,0.000698581337928772,0.0001,15091
300.0,1047,1480,1550400,5168,-0.2643326499999999,0.01,0.0010679883416742086,0.0001,15103
300.0,1047,1481,1551600,5172,-0.23601092999999998,0.01,0.001134019810706377,0.0001,15115
300.0,1047,1482,1552800,5176,-0.15849862,0.01,0.00047347330837510526,0.0001,15127
300.0,1047,1482,1554000,5180,-0.15461473999999994,0.01,0.0010729448404163122,0.0001,15139
300.0,1048,1483,1555200,5184,-0.29034057999999996,0.01,0.0009672397864051163,0.0001,15151
300.0,1048,1484,1556400,5188,-0.3209801699999999,0.01,0.0007567323627881706,0.0001,15163
300.0,1048,1484,1557600,5192,-0.3452583199999998,0.01,0.0006232152227312326,0.0001,15175
300.0,1049,1485,1558800,5196,-0.37405590999999994,0.01,0.0008135235984809697,0.0001,15187
300.0,1049,1486,1560000,5200,-0.37939465,0.01,0.0006054205587133765,0.0001,15199
300.0,1049,1487,1561200,5204,-0.35705897999999997,0.01,0.0013258670223876834,0.0001,15211
300.0,1049,1488,1562400,5208,-0.4877051399999999,0.01,0.0005266481311991811,0.0001,15223
300.0,1050,1489,1563600,5212,-0.2771686200000001,0.01,0.0010263812728226185,0.0001,15235
300.0,1050,1489,1564800,5216,0.003860520000000001,0.01,0.0009041521698236465,0.0001,15247
300.0,1050,1490,1566000,5220,-0.01136834999999997,0.01,0.0006734431954100728,0.0001,15259
300.0,1050,1491,1567200,5224,0.04622687000000005,0.01,0.0008513892535120249,0.0001,15271
300.0,1051,1492,1568400,5228,-0.016060890000000015,0.01,0.0005395343177951872,0.0001,15283
300.0,1051,1493,1569600,5232,0.05982851999999997,0.01,0.0005396814085543156,0.0001,15295
300.0,1051,1493,1570800,5236,0.04797434000000002,0.01,0.0007024839287623763,0.0001,15307
300.0,1051,1494,1572000,5240,0.11927456000000002,0.01,0.000519054476171732,0.0001,15319
300.0,1052,1495,1573200,5244,-0.020315489999999974,0.01,0.0006058185826987028,0.0001,15331
300.0,1052,1495,1574400,5248,-0.11559255999999994,0.01,0.0007741914596408606,0.0001,15343
300.0,1052,1496,1575600,5252,-0.14689239999999995,0.01,0.0007392974221147597,0.0001,15355
300.0,1052,1497,1576800,5256,-0.09275375999999998,0.01,0.0006045914487913251,0.0001,15367
300.0,1053,1498,1578000,5260,-0.11799410999999996,0.01,0.0005426120478659868,0.0001,15379
300.0,1053,1498,1579200,5264,-0.13119306999999994,0.01,0.0007073119631968439,0.0001,15391
300.0,1053,1499,1580400,5268,-0.02471456999999997,0.01,0.0008347154944203794,0.0001,15403
300.0,1054,1500,1581600,5272,-0.17772893000000006,0.01,0.0005783149972558022,0.0001,15415
300.0,1054,1500,1582800,5276,-0.32017741,0.01,0.0008292080019600689,0.0001,15427
300.0,1054,1501,1584000,5280,-0.1922867399999999,0.01,0.0006635444588027894,0.0001,15439
300.0,1055,1502,1585200,5284,-0.10922282999999994,0.01,0.0005248417728580534,0.0001,15451
300.0,1055,1502,1586400,5288,0.14743098000000007,0.01,0.0007415447616949677,0.0001,15463
300.0,1055,1503,1587600,5292,0.11766753000000005,0.01,0.0008576845866627991,0.0001,15475
300.0,1056,1504,1588800,5296,0.38264323000000006,0.01,0.0010354048572480679,0.0001,15487
300.0,1056,1504,1590000,5300,0.3568630300000001,0.01,0.0011837533675134182,0.0001,15499
300.0,1056,1505,1591200,5304,0.32815309,0.01,0.0006318088853731751,0.0001,15511
300.0,1057,1506,1592400,5308,0.49721950000000015,0.01,0.00087995536159724,0.0001,15523
300.0,1057,1507,1593600,5312,0.3914371600000001,0.01,0.0012296198401600122,0.0001,15535
300.0,1057,1507,1594800,5316,0.30271251000000005,0.01,0.0007254760712385178,0.0001,15547
300.0,1057,1508,1596000,5320,0.44258777000000005,0.01,0.0009336133953183889,0.0001,15559
300.0,1058,1509,1597200,5324,0.44466300999999997,0.01,0.0007849059766158462,0.0001,15571
300.0,1058,1510,1598400,5328,0.5140073900000001,0.01,0.0005307650426402688,0.0001,15583
300.0,1058,1510,1599600,5332,0.5842800100000001,0.01,0.0008220605086535215,0.0001,15595
300.0,1023,1563,1600800,5336,0.45616718,0.01,0.00047317863209173083,0.0001,15607
300.0,1024,1564,1602000,5340,0.4417160499999999,0.01,0.0007552088936790824,0.0001,15619
300.0,1024,1564,1603200,5344,0.5578515800000001,0.01,0.0006954201962798834,0.0001,15631
300.0,1024,1565,1604400,5348,0.7027814499999999,0.01,0.0011526794405654073,0.0001,15643
300.0,1025,1566,1605600,5352,0.66777828,0.01,0.0014885712880641222,0.0001,15655
300.0,1025,1566,1606800,5356,0.64816623,0.01,0.0005548757617361844,0.0001,15667
300.0,1025,1567,1608000,5360,0.6171225599999999,0.01,0.0006519542075693607,0.0001,15679
300.0,1026,1568,1609200,5364,0.6355638899999998,0.01,0.0004337241407483816,0.0001,15691
300.0,1026,1569,1610400,5368,0.64769104,0.01,0.0007341187447309494,0.0001,15703
300.0,1026,1569,1611600,5372,0.51947875,0.01,0.0007931202999316156,0.0001,15715
300.0,1026,1570,1612800,5376,0.6308101799999999,0.01,0.0007379704620689154,0.0001,15727
300.0,1027,1571,1614000,5380,0.52883258,0.01,0.0008717156015336514,0.0001,15739
300.0,1027,1572,1615200,5384,0.42658379,0.01,0.0007671326166018844,0.0001,15751
300.0,1027,1572,1616400,5388,0.35597522,0.01,0.0007615771028213203,0.0001,15763
300.0,1028,1573,1617600,5392,0.41323942,0.01,0.0006852574879303575,0.0001,15775
300.0,1028,1574,1618800,5396,0.33752818999999995,0.01,0.0006478276336565614,0.0001,15787
300.0,1028,1574,1620000,5400,0.34240153999999995,0.01,0.0010636061197146773,0.0001,15799
300.0,1028,1575,1621200,5404,0.24326305,0.01,0.0016697507817298174,0.0001,15811
300.0,1029,1576,1622400,5408,0.03597458999999996,0.01,0.0007220677798613906,0.0001,15823
300.0,1029,1577,1623600,5412,0.11872365999999998,0.01,0.0016128462739288807,0.0001,15835
300.0,1029,1577,1624800,5416,-0.049171790000000055,0.01,0.0005477666272781789,0.0001,15847
300.0,1029,1578,1626000,5420,-0.19514964000000007,0.01,0.0008360248757526278,0.0001,15859
300.0,1030,1579,1627200,5424,-0.26738537,0.01,0.0005926563171669841,0.0001,15871
300.0,1030,1580,1628400,5428,-0.36684285000000005,0.01,0.0007170469616539776,0.0001,15883
300.0,1030,1580,1629600,5432,-0.3385518300000001,0.01,0.0009711451129987836,0.0001,15895
300.0,1031,1581,1630800,5436,-0.38138000000000005,0.01,0.0009592693531885743,0.0001,15907
300.0,1031,1582,1632000,5440,-0.43828331,0.01,0.0005992207443341613,0.0001,15919
300.0,1031,1583,1633200,5444,-0.4215997899999999,0.01,0.0006337389932014048,0.0001,15931
300.0,1031,1584,1634400,5448,-0.53992399,0.01,0.0010422193445265293,0.0001,15943
300.0,1032,1584,1635600,5452,-0.40878950000000003,0.01,0.0007552462629973888,0.0001,15955
300.0,1032,1585,1636800,5456,-0.43489754,0.01,0.0009315328788943589,0.0001,15967
300.0,1032,1586,1638000,5460,-0.22179087,0.01,0.0016017565503716469,0.0001,15979
300.0,1032,1586,1639200,5464,-0.29053784999999993,0.01,0.0008212706306949258,0.0001,15991
300.0,1033,1587,1640400,5468,-0.3862207499999999,0.01,0.000795349944382906,0.0001,16003
300.0,1033,1588,1641600,5472,-0.1880149999999999,0.01,0.0005391327431425452,0.0001,16015
300.0,1033,1589,1642800,5476,-0.2500580599999999,0.01,0.0005680499016307294,0.0001,16027
300.0,1034,1589,1644000,5480,-0.17966736999999994,0.01,0.0006412327638827264,0.0001,16039
300.0,1034,1590,1645200,5484,-0.008807530000000043,0.01,0.0004629400500562042,0.0001,16051
300.0,1034,1591,1646400,5488,-0.09385822999999999,0.01,0.0007958570495247841,0.0001,16063
300.0,1034,1591,1647600,5492,-0.12368306000000004,0.01,0.001138495048508048,0.0001,16075
300.0,1035,1592,1648800,5496,-0.19523841000000006,0.01,0.0005673107225447893,0.0001,16087
300.0,1035,1593,1650000,5500,-0.17749521999999993,0.01,0.0006081716273911297,0.0001,16099
300.0,1035,1593,1651200,5504,0.027197120000000043,0.01,0.0012993213022127748,0.0001,16111
300.0,1036,1594,1652400,5508,0.11519785999999996,0.01,0.0005871052271686494,0.0001,16123
300.0,1036,1595,1653600,5512,0.18881864,0.01,0.0007597010699100792,0.0001,16135
300.0,1036,1596,1654800,5516,0.22977869000000006,0.01,0.0005111608188599348,0.0001,16147
300.0,1036,1596,1656000,5520,0.2462736200000001,0.01,0.0006736812647432089,0.0001,16159
300.0,1037,1597,1657200,5524,0.30489933,0.01,0.002230297774076462,0.0001,16171
300.0,1037,1598,1658400,5528,0.39687875000000006,0.01,0.0005543867009691894,0.0001,16183
300.0,1037,1599,1659600,5532,0.17565137000000008,0.01,0.0007727501797489822,0.0001,16195
300.0,1037,1600,1660800,5536,0.19080974000000006,0.01,0.0008025500574149191,0.0001,16207
300.0,1038,1601,1662000,5540,0.12889321000000004,0.01,0.0004781371681019664,0.0001,16219
300.0,1038,1601,1663200,5544,-0.00033951999999999317,0.01,0.0010548873106017709,0.0001,16231
300.0,1038,1602,1664400,5548,0.07480909000000001,0.01,0.0014312753919512033,0.0001,16243
300.0,1038,1603,1665600,5552,0.023100619999999957,0.01,0.0006711623282171786,0.0001,16255
300.0,1038,1604,1666800,5556,-0.02333023999999999,0.01,0.0006945105851627886,0.0001,16267
300.0,1039,1605,1668000,5560,-0.1570785,0.01,0.0008199627045542002,0.0001,16279
300.0,1039,1605,1669200,5564,0.020750159999999972,0.01,0.0006151188863441348,0.0001,16291
300.0,1039,1606,1670400,5568,0.061815129999999996,0.01,0.0009750677272677422,0.0001,16303
300.0,1039,1607,1671600,5572,0.06339184999999997,0.01,0.0008156699477694929,0.0001,16315
300.0,1040,1608,1672800,5576,0.1233293199999999,0.01,0.0007496039615944028,0.0001,16327
300.0,1040,1609,1674000,5580,-0.025098440000000055,0.01,0.0008273224229924381,0.0001,16339
300.0,1040,1610,1675200,5584,-0.12837498999999997,0.01,0.0005840653320774436,0.0001,16351
300.0,1040,1610,1676400,5588,-0.18976147999999998,0.01,0.0007336554117500782,0.0001,16363
300.0,1041,1611,1677600,5592,-0.18305194000000002,0.01,0.0007113633910194039,0.0001,16375
300.0,1041,1612,1678800,5596,-0.1685974,0.01,0.0009822642896324396,0.0001,16387
300.0,1041,1613,1680000,5600,-0.10848677000000005,0.01,0.0006857436383143067,0.0001,16399
300.0,1041,1613,1681200,5604,-0.07711123000000004,0.01,0.0005417848587967455,0.0001,16411
300.0,1042,1614,1682400,5608,-0.12026176999999999,0.01,0.0007683953735977411,0.0001,16423
300.0,1042,1615,1683600,5612,-0.16191129,0.01,0.0005464606219902635,0.0001,16435
300.0,1042,1615,1684800,5616,-0.03946509000000001,0.01,0.0019148718565702438,0.0001,16447
300.0,1043,1616,1686000,5620,-0.08326690999999997,0.01,0.0009130766848102212,0.0001,16459
300.0,1043,1617,1687200,5624,-0.06446049999999998,0.01,0.000770535902120173,0.0001,16471
300.0,1043,1617,1688400,5628,-0.16848248,0.01,0.000713445944711566,0.0001,16483
300.0,1043,1618,1689600,5632,0.04413542999999998,0.01,0.0007380496244877577,0.0001,16495
300.0,1044,1619,1690800,5636,0.021231789999999955,0.01,0.0004219639813527465,0.0001,16507
300.0,1044,1619,1692000,5640,0.08987226,0.01,0.0006789535982534289,0.0001,16519
300.0,1044,1620,1693200,5644,0.006102119999999997,0.01,0.0016817623982205987,0.0001,16531
300.0,1045,1621,1694400,5648,-0.20929308,0.01,0.0008979417034424841,0.0001,16543
300.0,1045,1621,1695600,5652,-0.26354812000000005,0.01,0.0013366228668019176,0.0001,16555
300.0,1045,1622,1696800,5656,-0.2577170300000001,0.01,0.0005814051837660372,0.0001,16567
300.0,1045,1623,1698000,5660,-0.17826154000000005,0.01,0.0006549773970618844,0.0001,16579
300.0,1046,1623,1699200,5664,-0.4196362100000001,0.01,0.0006175559828989208,0.0001,16591
300.0,1013,1678,1700400,5668,-0.27703836,0.01,0.0006135361036285758,0.0001,16603
300.0,1013,1678,1701600,5672,-0.4519713600000001,0.01,0.0005699206958524883,0.0001,16615
300.0,1013,1679,1702800,5676,-0.42844469999999996,0.01,0.0006449378561228514,0.0001,16627
300.0,1014,1680,1704000,5680,-0.3693050499999999,0.01,0.0005389241850934923,0.0001,16639
300.0,1014,1681,1705200,5684,-0.42620371999999995,0.01,0.00047042701044119895,0.0001,16651
300.0,1014,1681,1706400,5688,-0.53877684,0.01,0.000758303445763886,0.0001,16663
300.0,1014,1682,1707600,5692,-0.41382530999999995,0.01,0.0006479823496192694,0.0001,16675
300.0,1015,1683,1708800,5696,-0.5082413099999998,0.01,0.0008138197590596974,0.0001,16687
300.0,1015,1683,1710000,5700,-0.4864335799999999,0.01,0.0008835620246827602,0.0001,16699
300.0,1015,1684,1711200,5704,-0.6987858199999998,0.01,0.0005632350221276283,0.0001,16711
300.0,1016,1685,1712400,5708,-0.61255529,0.01,0.002028521616011858,0.0001,16723
300.0,1016,1685,1713600,5712,-0.6867902299999998,0.01,0.0005933663924224675,0.0001,16735
300.0,1016,1686,1714800,5716,-0.72537047,0.01,0.0005491455085575581,0.0001,16747
300.0,1017,1687,1716000,5720,-0.6700978099999998,0.01,0.0043497406877577305,0.0001,16759
300.0,1017,1688,1717200,5724,-0.73366848,0.01,0.001682237139903009,0.0001,16771
300.0,1017,1688,1718400,5728,-0.5811405199999999,0.01,0.0017353426665067673,0.0001,16783
300.0,1017,1689,1719600,5732,-0.76119293,0.01,0.000582293956540525,0.0001,16795
300.0,1018,1690,1720800,5736,-0.6988611899999999,0.01,0.0006531656254082918,0.0001,16807
300.0,1018,1691,1722000,5740,-0.7950761100000001,0.01,0.0007676428067497909,0.0001,16819
300.0,1018,1691,1723200,5744,-0.559814,0.01,0.0008130279602482915,0.0001,16831
300.0,1018,1692,1724400,5748,-0.49762515999999996,0.01,0.0008849813602864742,0.0001,16843
300.0,1019,1693,1725600,5752,-0.31586762,0.01,0.000623274827376008,0.0001,16855
300.0,1019,1693,1726800,5756,-0.13702120999999998,0.01,0.0014597338158637285,0.0001,16867
300.0,1019,1694,1728000,5760,-0.32432106,0.01,0.003065068507567048,0.0001,16879
300.0,1020,1695,1729200,5764,-0.27060647999999987,0.01,0.0007168526062741876,0.0001,16891
300.0,1020,1695,1730400,5768,-0.2682501899999999,0.01,0.002097667194902897,0.0001,16903
300.0,1020,1696,1731600,5772,-0.033405739999999975,0.01,0.0006016683764755726,0.0001,16915
300.0,1021,1697,1732800,5776,-0.03440806000000003,0.01,0.001034542452543974,0.0001,16927
300.0,1021,1697,1734000,5780,0.03580568999999993,0.01,0.0007528531714342535,0.0001,16939
300.0,1021,1698,1735200,5784,0.11459634999999993,0.01,0.0011288800742477179,0.0001,16951
300.0,1021,1699,1736400,5788,0.17360225000000007,0.01,0.0006979625904932618,0.0001,16963
300.0,1021,1700,1737600,5792,-0.08929133999999993,0.01,0.0005416361964307725,0.0001,16975
300.0,1022,1700,1738800,5796,0.03806637999999999,0.01,0.0005428901640698314,0.0001,16987
300.0,1022,1701,1740000,5800,-0.12305914999999996,0.01,0.0005522033898159862,0.0001,16999
300.0,1022,1702,1741200,5804,0.016294180000000005,0.01,0.0006910287775099277,0.0001,17011
300.0,1022,1703,1742400,5808,-0.06300319999999998,0.01,0.0005487558082677424,0.0001,17023
300.0,1023,1704,1743600,5812,-0.10529513000000001,0.01,0.0007149960147216916,0.0001,17035
300.0,1023,1704,1744800,5816,-0.22259369000000004,0.01,0.0007088479469530284,0.0001,17047
300.0,1023,1705,1746000,5820,-0.26196835000000007,0.01,0.0007075808243826032,0.0001,17059
300.0,1024,1706,1747200,5824,-0.24566995,0.01,0.0010687611065804958,0.0001,17071
300.0,1024,1706,1748400,5828,-0.30247154,0.01,0.0014096280792728066,0.0001,17083
300.0,1024,1707,1749600,5832,-0.25533259,0.01,0.00046386299072764814,0.0001,17095
300.0,1024,1708,1750800,5836,-0.29456822000000005,0.01,0.000996083952486515,0.0001,17107
300.0,1025,1709,1752000,5840,-0.12649293000000003,0.01,0.0016435310244560242,0.0001,17119
300.0,1025,1709,1753200,5844,-0.19796598999999998,0.01,0.0009878665441647172,0.0001,17131
300.0,1025,1710,1754400,5848,-0.10215346999999998,0.01,0.0007452182471752167,0.0001,17143
300.0,1026,1711,1755600,5852,-0.27399631,0.01,0.001299445517361164,0.0001,17155
300.0,1026,1711,1756800,5856,-0.33060565,0.01,0.0019775854889303446,0.0001,17167
300.0,1026,1712,1758000,5860,-0.36793355,0.01,0.0005943914875388145,0.0001,17179
300.0,1026,1713,1759200,5864,-0.25978623,0.01,0.0005225528730079532,0.0001,17191
300.0,1027,1713,1760400,5868,-0.44050788999999996,0.01,0.0007221128907985985,0.0001,17203
300.0,1027,1714,1761600,5872,-0.41985066,0.01,0.0005276694428175688,0.0001,17215
300.0,1027,1715,1762800,5876,-0.63725448,0.01,0.0005807381239719689,0.0001,17227
300.0,1027,1715,1764000,5880,-0.77584724,0.01,0.0032004162203520536,0.0001,17239
300.0,1028,1716,1765200,5884,-0.6813776799999998,0.01,0.0006614987505599856,0.0001,17251
300.0,1028,1717,1766400,5888,-0.6690384699999999,0.01,0.0006614501471631229,0.0001,17263
300.0,1028,1718,1767600,5892,-0.41726901000000005,0.01,0.000787033059168607,0.0001,17275
300.0,1028,1719,1768800,5896,-0.49952060000000004,0.01,0.0016844368074089289,0.0001,17287
300.0,1029,1719,1770000,5900,-0.4120062799999999,0.01,0.001604418270289898,0.0001,17299
300.0,1029,1720,1771200,5904,-0.58561521,0.01,0.0007731211371719837,0.0001,17311
300.0,1029,1721,1772400,5908,-0.6122485100000001,0.01,0.000978308729827404,0.0001,17323
300.0,1029,1722,1773600,5912,-0.5643370999999999,0.01,0.0012136258883401752,0.0001,17335
300.0,1029,1723,1774800,5916,-0.5966115099999999,0.01,0.001208474044688046,0.0001,17347
300.0,1030,1724,1776000,5920,-0.61319907,0.01,0.0007249703048728406,0.0001,17359
300.0,1030,1724,1777200,5924,-0.61289141,0.01,0.0008708084933459759,0.0001,17371
300.0,1030,1725,1778400,5928,-0.53284541,0.01,0.0008590574725531042,0.0001,17383
300.0,1030,1726,1779600,5932,-0.57218594,0.01,0.0005202256143093109,0.0001,17395
300.0,1030,1727,1780800,5936,-0.6283867399999999,0.01,0.0007172345067374408,0.0001,17407
300.0,1031,1728,1782000,5940,-0.8385572499999999,0.01,0.0005184485926292837,0.0001,17419
300.0,1031,1729,1783200,5944,-0.9278997599999996,0.01,0.0009670056169852614,0.0001,17431
300.0,1031,1730,1784400,5948,-0.9948879199999999,0.01,0.00066162901930511,0.0001,17443
300.0,1031,1730,1785600,5952,-1.02811845,0.01,0.0012222116347402334,0.0001,17455
300.0,1031,1731,1786800,5956,-0.9569259699999999,0.01,0.0006303289555944502,0.0001,17467
300.0,1032,1732,1788000,5960,-0.8808553999999998,0.01,0.0009668850107118487,0.0001,17479
300.0,1032,1733,1789200,5964,-0.8302482000000001,0.01,0.000923347775824368,0.0001,17491
300.0,1032,1734,1790400,5968,-0.95068987,0.01,0.0008311757119372487,0.0001,17503
300.0,1032,1734,1791600,5972,-1.0253191400000001,0.01,0.0007337067509070039,0.0001,17515
300.0,1033,1735,1792800,5976,-0.6637768300000001,0.01,0.0005174237885512412,0.0001,17527
300.0,1033,1736,1794000,5980,-0.56364569,0.01,0.003072186838835478,0.0001,17539
300.0,1033,1736,1795200,5984,-0.8023572299999999,0.01,0.0009194408776238561,0.0001,17551
300.0,1033,1737,1796400,5988,-0.84205855,0.01,0.0008878044318407774,0.0001,17563
300.0,1033,1738,1797600,5992,-0.91109677,0.01,0.0008712772978469729,0.0001,17575
300.0,1034,1739,1798800,5996,-0.92570495,0.01,0.0010110170114785433,0.0001,17587
300.0,1003,1792,1800000,6000,-0.9308403399999999,0.01,0.0005522801075130701,0.0001,17599
300.0,1004,1793,1801200,6004,-0.9029459900000001,0.01,0.0010166531428694725,0.0001,17611
300.0,1004,1794,1802400,6008,-0.79155547,0.01,0.001012051710858941,0.0001,17623
300.0,1004,1794,1803600,6012,-0.88004925,0.01,0.0007045340025797486,0.0001,17635
300.0,1005,1795,1804800,6016,-0.7321849,0.01,0.000616936304140836,0.0001,17647
300.0,1005,1796,1806000,6020,-0.6970195199999999,0.01,0.0006138036260381341,0.0001,17659
300.0,1005,1796,1807200,6024,-0.7534002700000002,0.01,0.0007183259585872293,0.0001,17671
300.0,1005,1797,1808400,6028,-1.01183631,0.01,0.0012482660822570324,0.0001,17683
300.0,1006,1798,1809600,6032,-0.8957303099999998,0.01,0.000603614782448858,0.0001,17695
300.0,1006,1799,1810800,6036,-0.8369591700000001,0.01,0.0025114095769822598,0.0001,17707
300.0,1006,1799,1812000,6040,-0.84955791,0.01,0.0006827012985013425,0.0001,17719
300.0,1006,1800,1813200,6044,-0.83231218,0.01,0.0008928428287617862,0.0001,17731
300.0,1007,1801,1814400,6048,-0.9592735600000001,0.01,0.00042221933836117387,0.0001,17743
300.0,1007,1802,1815600,6052,-0.7941715899999999,0.01,0.001155071659013629,0.0001,17755
300.0,1007,1802,1816800,6056,-1.00204567,0.01,0.0008435319177806377,0.0001,17767
300.0,1008,1803,1818000,6060,-1.0648905599999998,0.01,0.0005918496754020452,0.0001,17779
300.0,1008,1804,1819200,6064,-1.18557735,0.01,0.0008925437578000128,0.0001,17791
300.0,1008,1804,1820400,6068,-0.9793646300000002,0.01,0.0007354331901296973,0.0001,17803
300.0,1008,1805,1821600,6072,-1.04931136,0.01,0.0012371537741273642,0.0001,17815
300.0,1009,1806,1822800,6076,-1.2615139100000001,0.01,0.0008718211320228875,0.0001,17827
300.0,1009,1807,1824000,6080,-1.1866752,0.01,0.0005800621584057808,0.0001,17839
300.0,1009,1807,1825200,6084,-1.2384196299999999,0.01,0.0016727291513234377,0.0001,17851
300.0,1009,1808,1826400,6088,-1.14025021,0.01,0.0007099407957866788,0.0001,17863
300.0,1009,1809,1827600,6092,-1.20723052,0.01,0.0006570405093953013,0.0001,17875
300.0,1010,1810,1828800,6096,-1.11277047,0.01,0.0010567446006461978,0.0001,17887
300.0,1010,1811,1830000,6100,-0.9960834900000001,0.01,0.0008897564257495105,0.0001,17899
300.0,1010,1811,1831200,6104,-0.9690887499999999,0.01,0.0010231141932308674,0.0001,17911
300.0,1010,1812,1832400,6108,-0.9798327299999999,0.01,0.0006704268744215369,0.0001,17923
300.0,1011,1813,1833600,6112,-0.9113587800000001,0.01,0.0005825264961458743,0.0001,17935
300.0,1011,1813,1834800,6116,-0.98433666,0.01,0.0005059512332081795,0.0001,17947
300.0,1011,1814,1836000,6120,-0.9013875900000001,0.01,0.0007288790075108409,0.0001,17959
300.0,1012,1815,1837200,6124,-0.85278804,0.01,0.0034648447763174772,0.0001,17971
300.0,1012,1816,1838400,6128,-0.7485595699999997,0.01,0.0008488731691613793,0.0001,17983
300.0,1012,1816,1839600,6132,-0.8559104599999999,0.01,0.0011612988309934735,0.0001,17995
300.0,1012,1817,1840800,6136,-0.9179426700000001,0.01,0.0018901645671576262,0.0001,18007
300.0,1012,1818,1842000,6140,-0.7907465600000001,0.01,0.0006152700516395271,0.0001,18019
300.0,1013,1819,1843200,6144,-0.7030592399999999,0.01,0.0006253051105886698,0.0001,18031
300.0,1013,1820,1844400,6148,-0.5271362200000002,0.01,0.000706840364728123,0.0001,18043
300.0,1013,1820,1845600,6152,-0.75550383,0.01,0.003982837311923504,0.0001,18055
300.0,1013,1821,1846800,6156,-0.7694373999999999,0.01,0.0006056389538571239,0.0001,18067
300.0,1014,1822,1848000,6160,-0.67338728,0.01,0.0009866030886769295,0.0001,18079
300.0,1014,1823,1849200,6164,-0.72074888,0.01,0.0005578308482654393,0.0001,18091
300.0,1014,1823,1850400,6168,-0.8668801199999997,0.01,0.0012962877517566085,0.0001,18103
300.0,1014,1824,1851600,6172,-0.8155973299999999,0.01,0.0008486980805173516,0.0001,18115
300.0,1015,1825,1852800,6176,-0.95488385,0.01,0.0012971000978723168,0.0001,18127
300.0,1015,1826,1854000,6180,-1.01591787,0.01,0.0013109627179801464,0.0001,18139
300.0,1015,1826,1855200,6184,-0.7786150800000001,0.01,0.0008279721951112151,0.0001,18151
300.0,1015,1827,1856400,6188,-0.76889578,0.01,0.0021270804572850466,0.0001,18163
300.0,1016,1828,1857600,6192,-0.8293997699999999,0.01,0.0006375511293299496,0.0001,18175
300.0,1016,1828,1858800,6196,-0.7525639,0.01,0.0006773864151909947,0.0001,18187
300.0,1016,1829,1860000,6200,-0.8144735100000001,0.01,0.001534928334876895,0.0001,18199
300.0,1016,1830,1861200,6204,-0.6934471600000002,0.01,0.0008865423733368516,0.0001,18211
300.0,1017,1831,1862400,6208,-0.6533287799999999,0.01,0.0005940324626863003,0.0001,18223
300.0,1017,1831,1863600,6212,-0.69926671,0.01,0.0007489502313546836,0.0001,18235
300.0,1017,1832,1864800,6216,-0.61814977,0.01,0.0007101793307811022,0.0001,18247
300.0,1017,1833,1866000,6220,-0.7825455800000001,0.01,0.0010164312552660704,0.0001,18259
300.0,1018,1834,1867200,6224,-0.69158995,0.01,0.0010970791336148977,0.0001,18271
300.0,1018,1834,1868400,6228,-0.63530358,0.01,0.0011075191432610154,0.0001,18283
300.0,1018,1835,1869600,6232,-0.5803933700000001,0.01,0.0007852234411984682,0.0001,18295
300.0,1018,1836,1870800,6236,-0.6530777200000002,0.01,0.0006882102461531758,0.0001,18307
300.0,1019,1836,1872000,6240,-0.6199417300000002,0.01,0.0008789983112365007,0.0001,18319
300.0,1019,1837,1873200,6244,-0.61285605,0.01,0.0004875773738604039,0.0001,18331
300.0,1019,1838,1874400,6248,-0.5480765300000001,0.01,0.0006967937224544585,0.0001,18343
300.0,1019,1839,1875600,6252,-0.5516328100000001,0.01,0.0009617199539206922,0.0001,18355
300.0,1020,1839,1876800,6256,-0.44086079999999994,0.01,0.0007500658975914121,0.0001,18367
300.0,1020,1840,1878000,6260,-0.43782363999999985,0.01,0.000714404508471489,0.0001,18379
300.0,1020,1841,1879200,6264,-0.26236298999999996,0.01,0.0007571227615699172,0.0001,18391
300.0,1020,1842,1880400,6268,-0.28210520999999994,0.01,0.0006089493399485946,0.0001,18403
300.0,1020,1842,1881600,6272,-0.21367509999999995,0.01,0.004703476559370756,0.0001,18415
300.0,1021,1843,1882800,6276,-0.03092213999999985,0.01,0.0021231179125607014,0.0001,18427
300.0,1021,1844,1884000,6280,-0.03572529999999987,0.01,0.0008112909854389727,0.0001,18439
300.0,1021,1845,1885200,6284,-0.16679570999999996,0.01,0.0009560101316310465,0.0001,18451
300.0,1022,1845,1886400,6288,-0.16427073999999986,0.01,0.0005366746918298304,0.0001,18463
300.0,1022,1846,1887600,6292,-0.09027707999999984,0.01,0.0009692709427326918,0.0001,18475
300.0,1022,1847,1888800,6296,-0.23891070999999983,0.01,0.002052108757197857,0.0001,18487
300.0,1022,1848,1890000,6300,-0.2043737699999998,0.01,0.0011768944095820189,0.0001,18499
300.0,1022,1849,1891200,6304,-0.28283519999999984,0.01,0.0007697470718994737,0.0001,18511
300.0,1022,1850,1892400,6308,-0.32349497,0.01,0.0005382479284889996,0.0001,18523
300.0,1023,1850,1893600,6312,-0.3108761200000001,0.01,0.0005930910119786859,0.0001,18535
300.0,1023,1851,1894800,6316,-0.3073002700000001,0.01,0.0007269035559147596,0.0001,18547
300.0,1023,1852,1896000,6320,-0.19090966999999992,0.01,0.0029049012809991837,0.0001,18559
300.0,1023,1853,1897200,6324,-0.42388325000000004,0.01,0.0005734767182730138,0.0001,18571
300.0,1023,1853,1898400,6328,-0.52818655,0.01,0.000606126559432596,0.0001,18583
300.0,1024,1854,1899600,6332,-0.5290546,0.01,0.0006269874284043908,0.0001,18595
300.0,995,1910,1900800,6336,-0.5227891600000001,0.01,0.0005721039487980306,0.0001,18607
300.0,995,1911,1902000,6340,-0.6062100300000001,0.01,0.0011010796297341585,0.0001,18619
300.0,995,1911,1903200,6344,-0.5172400899999999,0.01,0.0013525895774364471,0.0001,18631
300.0,995,1912,1904400,6348,-0.5874536100000001,0.01,0.0015864763408899307,0.0001,18643
300.0,996,1912,1905600,6352,-0.5118662,0.01,0.0004153117770329118,0.0001,18655
300.0,996,1913,1906800,6356,-0.49216199000000005,0.01,0.0007295977557078004,0.0001,18667
300.0,996,1914,1908000,6360,-0.3957304900000002,0.01,0.0006716432981193066,0.0001,18679
300.0,996,1915,1909200,6364,-0.51846042,0.01,0.0035545083228498697,0.0001,18691
300.0,997,1915,1910400,6368,-0.39014480000000007,0.01,0.0007048844126984477,0.0001,18703
300.0,997,1916,1911600,6372,-0.43572806,0.01,0.0008632578537799418,0.0001,18715
300.0,997,1917,1912800,6376,-0.43280559,0.01,0.0007763244211673737,0.0001,18727
300.0,997,1917,1914000,6380,-0.4213589499999999,0.01,0.0007132612518034875,0.0001,18739
300.0,998,1918,1915200,6384,-0.33750893,0.01,0.003988567739725113,0.0001,18751
300.0,998,1919,1916400,6388,-0.37119963000000006,0.01,0.0008153259987011552,0.0001,18763
300.0,998,1919,1917600,6392,-0.2773737599999999,0.01,0.0018986455397680402,0.0001,18775
300.0,999,1920,1918800,6396,-0.27700156,0.01,0.003957922104746103,0.0001,18787
300.0,999,1921,1920000,6400,-0.3459327499999999,0.01,0.0011108865728601813,0.0001,18799
300.0,999,1921,1921200,6404,-0.43963899000000006,0.01,0.002076219767332077,0.0001,18811
300.0,999,1922,1922400,6408,-0.46186223000000015,0.01,0.00048739503836259246,0.0001,18823
300.0,1000,1923,1923600,6412,-0.4147081800000001,0.01,0.0007984384428709745,0.0001,18835
300.0,1000,1924,1924800,6416,-0.4538650499999999,0.01,0.0013301746221259236,0.0001,18847
300.0,1000,1924,1926000,6420,-0.42036036999999987,0.01,0.0014642173191532493,0.0001,18859
300.0,1000,1925,1927200,6424,-0.2883942699999999,0.01,0.0006927112117409706,0.0001,18871
300.0,1001,1926,1928400,6428,-0.2564898199999999,0.01,0.0007729640929028392,0.0001,18883
300.0,1001,1926,1929600,6432,-0.21580305999999996,0.01,0.000558404135517776,0.0001,18895
300.0,1001,1927,1930800,6436,-0.029250980000000017,0.01,0.000661162193864584,0.0001,18907
300.0,1001,1928,1932000,6440,0.20754322000000003,0.01,0.0013045164523646235,0.0001,18919
300.0,1001,1929,1933200,6444,0.07407318000000006,0.01,0.0005563877639360726,0.0001,18931
300.0,1002,1930,1934400,6448,0.12397963000000002,0.01,0.0014969573821872473,0.0001,18943
300.0,1002,1930,1935600,6452,0.04859334000000001,0.01,0.0005016537616029382,0.0001,18955
300.0,1002,1931,1936800,6456,0.044663310000000005,0.01,0.0007930524297989905,0.0001,18967
300.0,1002,1932,1938000,6460,-0.022443459999999957,0.01,0.0005978200933896005,0.0001,18979
300.0,1003,1933,1939200,6464,0.15256182000000001,0.01,0.0007749375072307885,0.0001,18991
300.0,1003,1933,1940400,6468,0.20272212999999994,0.01,0.0010814471170306206,0.0001,19003
300.0,1003,1934,1941600,6472,0.16473609000000003,0.01,0.0007997940410859883,0.0001,19015
300.0,1003,1935,1942800,6476,0.17801761000000002,0.01,0.00042809869046323,0.0001,19027
300.0,1004,1935,1944000,6480,0.16690462999999997,0.01,0.0007604288402944803,0.0001,19039
300.0,1004,1936,1945200,6484,-0.008791989999999875,0.01,0.0008790550054982305,0.0001,19051
300.0,1004,1937,1946400,6488,0.19230428000000008,0.01,0.0005638081929646432,0.0001,19063
300.0,1004,1938,1947600,6492,0.18810360999999998,0.01,0.002890724688768387,0.0001,19075
300.0,1004,1939,1948800,6496,0.30767674,0.01,0.004165971651673317,0.0001,19087
300.0,1005,1940,1950000,6500,0.24207569000000004,0.01,0.0009147872915491462,0.0001,19099
300.0,1005,1940,1951200,6504,0.38119082,0.01,0.000735280744265765,0.0001,19111
300.0,1005,1941,1952400,6508,0.38102217999999993,0.01,0.0007938511553220451,0.0001,19123
300.0,1005,1942,1953600,6512,0.38889104999999996,0.01,0.0006255344487726688,0.0001,19135
300.0,1006,1942,1954800,6516,0.38191440000000015,0.01,0.0007242204737849534,0.0001,19147
300.0,1006,1943,1956000,6520,0.48490329000000015,0.01,0.0005103747243992984,0.0001,19159
300.0,1006,1944,1957200,6524,0.5837447600000001,0.01,0.0007047380786389112,0.0001,19171
300.0,1006,1945,1958400,6528,0.6031242900000001,0.01,0.0006383568397723138,0.0001,19183
300.0,1007,1945,1959600,6532,0.7491408300000001,0.01,0.0010655492078512907,0.0001,19195
300.0,1007,1946,1960800,6536,0.7915458500000001,0.01,0.0007673249347135425,0.0001,19207
300.0,1007,1947,1962000,6540,0.6069762599999999,0.01,0.0017789583653211594,0.0001,19219
300.0,1007,1948,1963200,6544,0.7324867999999999,0.01,0.0008406954584643245,0.0001,19231
300.0,1008,1948,1964400,6548,0.6819120099999999,0.01,0.001057608867995441,0.0001,19243
300.0,1008,1949,1965600,6552,0.7571647499999998,0.01,0.0020447231363505125,0.0001,19255
300.0,1008,1950,1966800,6556,0.6943480399999999,0.01,0.0016958604101091623,0.0001,19267
300.0,1008,1950,1968000,6560,0.49607295,0.01,0.0011275552678853273,0.0001,19279
300.0,1009,1951,1969200,6564,0.37171144,0.01,0.0011502314591780305,0.0001,19291
300.0,1009,1952,1970400,6568,0.37648001999999997,0.01,0.0013324416941031814,0.0001,19303
300.0,1009,1952,1971600,6572,0.40147424,0.01,0.000766279234085232,0.0001,19315
300.0,1009,1953,1972800,6576,0.40905131000000006,0.01,0.001232813112437725,0.0001,19327
300.0,1010,1954,1974000,6580,0.31219534000000004,0.01,0.0009517738944850862,0.0001,19339
300.0,1010,1954,1975200,6584,0.35667255999999997,0.01,0.0015906337648630142,0.0001,19351
300.0,1010,1955,1976400,6588,0.26785781,0.01,0.0006003055605106056,0.0001,19363
300.0,1010,1956,1977600,6592,0.27485038,0.01,0.003236452117562294,0.0001,19375
300.0,1011,1957,1978800,6596,0.20999500999999998,0.01,0.0009357637027278543,0.0001,19387
300.0,1011,1958,1980000,6600,0.2894076,0.01,0.0007045494858175516,0.0001,19399
300.0,1011,1958,1981200,6604,0.29000678,0.01,0.0031511615961790085,0.0001,19411
300.0,1011,1959,1982400,6608,0.4132048099999999,0.01,0.0031836340203881264,0.0001,19423
300.0,1011,1960,1983600,6612,0.41860465999999996,0.01,0.0008685054490342736,0.0001,19435
300.0,1012,1960,1984800,6616,0.5887551900000001,0.01,0.0026981651317328215,0.0001,19447
300.0,1012,1961,1986000,6620,0.32254113000000006,0.01,0.0007570714806206524,0.0001,19459
300.0,1012,1962,1987200,6624,0.1795664500000001,0.01,0.0005121433059684932,0.0001,19471
300.0,1012,1963,1988400,6628,0.22079258000000013,0.01,0.0006117774173617363,0.0001,19483
300.0,1013,1963,1989600,6632,-0.02489547999999999,0.01,0.0010783830657601357,0.0001,19495
300.0,1013,1964,1990800,6636,0.06063008000000002,0.01,0.0015334534691646695,0.0001,19507
300.0,1013,1965,1992000,6640,0.20042730000000003,0.01,0.0008786541875451803,0.0001,19519
300.0,1013,1966,1993200,6644,0.16009964000000004,0.01,0.004439635202288628,0.0001,19531
300.0,1013,1966,1994400,6648,0.18061207000000004,0.01,0.000755423738155514,0.0001,19543
300.0,1013,1968,1995600,6652,0.26913599,0.01,0.0013961250660941005,0.0001,19555
300.0,1014,1968,1996800,6656,0.44008435000000007,0.01,0.0008549404446966946,0.0001,19567
300.0,1014,1970,1998000,6660,0.5918752199999999,0.01,0.0022426859941333532,0.0001,19579
300.0,1014,1970,1999200,6664,0.5208851400000001,0.01,0.0019319552229717374,0.0001,19591
