time/total_timesteps,time/fps,time/time_elapsed,time/iterations,rollout/ep_len_mean,rollout/ep_rew_mean,train/clip_range,train/policy_gradient_loss,train/clip_fraction,train/loss,train/value_loss,train/approx_kl,train/learning_rate,train/explained_variance,train/n_updates,train/entropy_loss
2048,452,4,1,300.0,-7.217304333333334,,,,,,,,,,
4096,608,6,2,300.0,-3.2989962307692307,0.2,-0.010895368114870508,0.069091796875,0.19645076990127563,0.6128391783684493,0.009311174,0.0003,-0.6365606784820557,10,-1.9386831685900687
6144,711,8,3,300.0,-1.33850275,0.2,-0.017536745021061506,0.085595703125,0.12868216633796692,0.4188876408152282,0.008207602,0.0003,-0.06947684288024902,20,-1.9262499529868364
8192,773,10,4,300.0,-0.08645625925925915,0.2,-0.017732162316679023,0.066357421875,0.47282081842422485,0.8874215262942016,0.009326676,0.0003,0.06553637981414795,30,-1.9129010073840618
10240,818,12,5,300.0,-0.24873997058823522,0.2,-0.018703702474886084,0.08115234375,0.2007105052471161,0.44685995699837805,0.009981151,0.0003,0.1281750202178955,40,-1.8901980809867382
12288,854,14,6,300.0,0.0809115750000002,0.2,-0.02052936739200959,0.06630859375,0.05896909534931183,0.24620740809477865,0.008213859,0.0003,0.2561383843421936,50,-1.8795063279569149
14336,871,16,7,300.0,0.35677670212765966,0.2,-0.01984062808624003,0.06826171875,0.0699719786643982,0.3118944375310093,0.0077684135,0.0003,0.353945791721344,60,-1.876409562304616
16384,876,18,8,300.0,0.9891398518518518,0.2,-0.021754195808898657,0.086669921875,0.03407271206378937,0.2322176119312644,0.008688597,0.0003,0.5131490230560303,70,-1.869449496269226
18432,886,20,9,300.0,1.3656387540983608,0.2,-0.02032446195662487,0.07236328125,0.13616368174552917,0.32473731101490555,0.0075440677,0.0003,0.4991847276687622,80,-1.8512307289987802
20480,897,22,10,300.0,0.6705468088235295,0.2,-0.022120494683622382,0.0650390625,0.1406410187482834,0.4234247665852308,0.0076380074,0.0003,0.4273878335952759,90,-1.8436648555099964
22528,909,24,11,300.0,0.7294335333333334,0.2,-0.026088779319252353,0.111767578125,-0.01345410943031311,0.12094940412789583,0.0114344675,0.0003,-0.06548511981964111,100,-1.8461705040186644
24576,914,26,12,300.0,0.8390545432098766,0.2,-0.02237021542096045,0.07841796875,0.21865907311439514,0.5540838886983692,0.009198565,0.0003,0.09108191728591919,110,-1.8359907981008292
26624,923,28,13,300.0,0.8087677840909091,0.2,-0.024641991377575324,0.110107421875,0.20839889347553253,0.5229817621409893,0.010387492,0.0003,0.08764052391052246,120,-1.821759944409132
28672,919,31,14,300.0,0.7897851789473685,0.2,-0.028256209968822076,0.112109375,0.2220558524131775,0.6721239419654012,0.010914428,0.0003,-0.041819095611572266,130,-1.7826508428901433
30720,927,33,15,300.0,1.5169961600000001,0.2,-0.02474231377564138,0.1080078125,0.04870815575122833,0.2668409745208919,0.009409745,0.0003,0.0017519593238830566,140,-1.7672636672854423
32768,934,35,16,300.0,1.54652053,0.2,-0.027787763591913973,0.1173828125,0.06243802234530449,0.22140737040899694,0.010462113,0.0003,0.1412104368209839,150,-1.7402400121092796
34816,936,37,17,300.0,1.15297618,0.2,-0.02744374594767578,0.100341796875,0.10299329459667206,0.36424861368723216,0.01113024,0.0003,0.02740997076034546,160,-1.7303578417748213
36864,943,39,18,300.0,1.1877114,0.2,-0.029486957886547316,0.11552734375,0.0893462747335434,0.2658771256450564,0.012643325,0.0003,0.07586276531219482,170,-1.7208405058830976
38912,948,41,19,300.0,1.2303001399999998,0.2,-0.02907941755693173,0.109765625,0.06301920115947723,0.26674647713080046,0.011182286,0.0003,0.1461823582649231,180,-1.6930900692939759
40960,952,42,20,300.0,1.3853813599999998,0.2,-0.033799249064759354,0.149267578125,0.10955552756786346,0.31528959712013604,0.014199882,0.0003,0.18619966506958008,190,-1.6785087291151286
43008,956,44,21,300.0,1.4325801899999997,0.2,-0.027857087017036975,0.133544921875,0.07967302948236465,0.26181739661842585,0.012255516,0.0003,0.042321860790252686,200,-1.6730912659317254
45056,956,47,22,300.0,1.3805901300000005,0.2,-0.02860169388441136,0.12216796875,-0.0162922665476799,0.09836724784690887,0.011371867,0.0003,0.3440077304840088,210,-1.6445493765175343
47104,958,49,23,300.0,1.43110907,0.2,-0.030217907148471567,0.140478515625,0.1473565697669983,0.4165632963180542,0.012394555,0.0003,0.2123119831085205,220,-1.6408660955727101
49152,963,51,24,300.0,1.3727263200000002,0.2,-0.03099312120175455,0.1533203125,-0.005046878010034561,0.13709224071353673,0.013815597,0.0003,0.4484078884124756,230,-1.6094725891947745
51200,966,52,25,300.0,1.7412858799999997,0.2,-0.030058617261238395,0.136474609375,0.11251650005578995,0.40167888449504974,0.011339532,0.0003,0.3397672772407532,240,-1.5993997663259507
53248,968,55,26,300.0,1.28738193,0.2,-0.03008855886000674,0.132568359375,0.02838258445262909,0.17990704311523587,0.0135715045,0.0003,0.48251157999038696,250,-1.5907725874334573
55296,968,57,27,300.0,0.77141373,0.2,-0.03085425977478735,0.149462890625,0.10607357323169708,0.3118924962822348,0.012828486,0.0003,0.433631956577301,260,-1.6001672744750977
57344,968,59,28,300.0,1.0720547,0.2,-0.031978564633755015,0.13310546875,0.024702943861484528,0.2580733653623611,0.013703287,0.0003,0.5265659093856812,270,-1.5806970790028572
59392,971,61,29,300.0,0.9873837100000001,0.2,-0.029217567450541538,0.130908203125,0.1995151787996292,0.5224753974936902,0.01278495,0.0003,0.26118242740631104,280,-1.5696819879114627
61440,973,63,30,300.0,0.4611341299999999,0.2,-0.03171935883292463,0.136474609375,0.05832574516534805,0.21149692106992007,0.01406867,0.0003,0.44829195737838745,290,-1.571671649068594
63488,976,65,31,300.0,0.7658263699999999,0.2,-0.03138465807132888,0.14541015625,0.10588458925485611,0.47352756569162013,0.013066976,0.0003,0.28526318073272705,300,-1.5600938964635134
65536,976,67,32,300.0,1.10511495,0.2,-0.03143867521139328,0.1265625,0.06240874528884888,0.3247921613510698,0.012009988,0.0003,0.29948747158050537,310,-1.5601548664271832
67584,978,69,33,300.0,0.7313896800000002,0.2,-0.03666805945395026,0.15224609375,0.004616871476173401,0.13834647650364787,0.014451181,0.0003,0.4027503728866577,320,-1.560088749974966
69632,980,71,34,300.0,0.8075907800000001,0.2,-0.03462915956624783,0.18154296875,-0.02081974968314171,0.062068799417465924,0.01591535,0.0003,0.48811471462249756,330,-1.5289566539227963
71680,983,72,35,300.0,0.6063064800000003,0.2,-0.03431087142962497,0.15673828125,0.045758843421936035,0.2893465419765562,0.014004524,0.0003,0.27303528785705566,340,-1.5362393498420714
73728,985,74,36,300.0,0.8725947299999999,0.2,-0.0353777176263975,0.157080078125,0.09529822319746017,0.3270816275849938,0.014153425,0.0003,0.07484114170074463,350,-1.5202284894883633
75776,986,76,37,300.0,0.34781794999999993,0.2,-0.03468551984115038,0.145556640625,-0.013233497738838196,0.14844518583267927,0.013519042,0.0003,0.018421828746795654,360,-1.5365935515612363
77824,986,78,38,300.0,-0.16957463999999992,0.2,-0.03207952320517506,0.1462890625,0.4269212484359741,0.8683343019336462,0.0141802505,0.0003,0.0503423810005188,370,-1.5000362131744622
79872,987,80,39,300.0,0.10978080999999985,0.2,-0.035124545864528046,0.171630859375,0.06312756985425949,0.2583391522988677,0.014707645,0.0003,0.05232691764831543,380,-1.5033879719674588
81920,988,82,40,300.0,0.27971094,0.2,-0.03370879532594699,0.167626953125,0.03820326179265976,0.2844289381057024,0.016754914,0.0003,-0.022450804710388184,390,-1.4709840793162585
83968,989,84,41,300.0,0.5870361399999999,0.2,-0.03296756145718973,0.14921875,0.1980924904346466,0.5312088759616017,0.013272043,0.0003,-0.002252936363220215,400,-1.4375497244298459
86016,988,87,42,300.0,0.85101844,0.2,-0.034339378915319685,0.162451171875,0.05968373268842697,0.2915448904503137,0.014824204,0.0003,-0.03726089000701904,410,-1.438987297192216
88064,989,89,43,300.0,1.0946936299999999,0.2,-0.0363819536374649,0.160546875,0.05014199763536453,0.2325401769950986,0.014660781,0.0003,-0.029604554176330566,420,-1.4075225681066512
90112,987,91,44,300.0,1.41352971,0.2,-0.038161160051822664,0.163623046875,-0.019979305565357208,0.1527965028071776,0.016428154,0.0003,-0.0695340633392334,430,-1.4166158623993397
92160,988,93,45,300.0,1.1787336299999998,0.2,-0.03356410675478401,0.163671875,0.18596452474594116,0.5317945486865938,0.014340172,0.0003,0.08846008777618408,440,-1.4239398073405027
94208,990,95,46,300.0,1.4213415,0.2,-0.03435426316718804,0.171337890625,0.17978772521018982,0.4179583968129009,0.016146094,0.0003,0.060906410217285156,450,-1.421089643612504
96256,991,97,47,300.0,1.76525703,0.2,-0.03748115625639912,0.1806640625,0.05691897124052048,0.3062641670927405,0.015840761,0.0003,0.16943585872650146,460,-1.4494541339576243
98304,992,99,48,300.0,2.2564685700000005,0.2,-0.033934818783018274,0.171875,0.05768817290663719,0.5342835073359311,0.01493087,0.0003,0.12971389293670654,470,-1.431617621332407
100352,643,155,49,300.0,2.1209731800000005,0.2,-0.03906444066378754,0.188427734375,0.011738687753677368,0.16609176809433848,0.017189894,0.0003,0.4581698179244995,480,-1.424729585647583
102400,648,157,50,300.0,1.8147801099999998,0.2,-0.037168042798293756,0.179345703125,0.01880628615617752,0.25210806834511457,0.015885595,0.0003,0.3825637698173523,490,-1.411201572418213
104448,652,159,51,300.0,1.4083754399999997,0.2,-0.03600677328795428,0.1560546875,-0.006386816501617432,0.15908416104502976,0.015414895,0.0003,0.6567786931991577,500,-1.4119712222367524
106496,656,162,52,300.0,1.69136275,0.2,-0.03997115515376208,0.161279296875,0.08436015993356705,0.2877815485466272,0.016160866,0.0003,0.6396315097808838,510,-1.4276611156761647
108544,660,164,53,300.0,1.91543802,0.2,-0.03886638681869954,0.1771484375,0.10036749392747879,0.3678844739217311,0.01587747,0.0003,0.5375682711601257,520,-1.4482340328395367
110592,664,166,54,300.0,1.37854947,0.2,-0.04002728561899858,0.1671875,0.060101449489593506,0.26246538613922893,0.016093805,0.0003,0.4470159411430359,530,-1.4389257699251174
112640,668,168,55,300.0,1.00624612,0.2,-0.037577215539931784,0.186328125,0.0076747313141822815,0.1763756416272372,0.017060066,0.0003,0.5456639528274536,540,-1.4276631623506546
114688,670,170,56,300.0,0.84288081,0.2,-0.03333720830560196,0.16396484375,0.20957288146018982,0.441411214787513,0.014104638,0.0003,0.46025317907333374,550,-1.412232056632638
116736,674,173,57,300.0,0.2341504300000002,0.2,-0.03639883397263475,0.161669921875,0.05977160111069679,0.28468059189617634,0.014561704,0.0003,0.31954503059387207,560,-1.401861283928156
118784,679,174,58,300.0,-0.1289578199999998,0.2,-0.035031477173470195,0.16953125,0.03372751921415329,0.2675694320816547,0.016763441,0.0003,0.5151921510696411,570,-1.4145576011389493
120832,682,177,59,300.0,-0.6445310999999999,0.2,-0.03838918263209053,0.16201171875,0.003540627658367157,0.158671263884753,0.016207535,0.0003,0.47517693042755127,580,-1.387819266319275
122880,685,179,60,300.0,-0.7396327500000001,0.2,-0.03820244027010631,0.187060546875,0.1155318170785904,0.4334712719544768,0.018032458,0.0003,0.07770007848739624,590,-1.3696098625659943
124928,688,181,61,300.0,-0.9238904600000001,0.2,-0.034850217003258875,0.1599609375,0.31806331872940063,0.9548473224043846,0.015408839,0.0003,0.05098170042037964,600,-1.37962381914258
126976,692,183,62,300.0,-1.36552024,0.2,-0.038146679662168025,0.17255859375,0.02116379141807556,0.16197606683708726,0.015309651,0.0003,0.18551397323608398,610,-1.3559325840324163
129024,696,185,63,300.0,-1.5286132700000004,0.2,-0.040072169262566605,0.20224609375,5.6624412536621094e-05,0.15693787059281022,0.020580802,0.0003,0.5061642527580261,620,-1.3406273994594813
131072,699,187,64,300.0,-1.5960864300000006,0.2,-0.03436000968140433,0.16328125,0.03679022938013077,0.30896514779888096,0.015534049,0.0003,0.35853368043899536,630,-1.3332222957164048
133120,702,189,65,300.0,-1.2227108299999998,0.2,-0.04114894403028302,0.184912109375,0.06766699254512787,0.28741618897765875,0.01816272,0.0003,0.33424943685531616,640,-1.3568546440452338
135168,706,191,66,300.0,-1.61205118,0.2,-0.03787519188481383,0.177978515625,0.1731872856616974,0.49554776712320747,0.01668701,0.0003,0.24066293239593506,650,-1.341301628947258
137216,709,193,67,300.0,-1.79008206,0.2,-0.034965554284281095,0.1701171875,0.13396278023719788,0.5134726262651383,0.016045094,0.0003,0.14286774396896362,660,-1.338336208462715
139264,712,195,68,300.0,-1.9298057500000005,0.2,-0.03608164990437217,0.166064453125,0.1919064074754715,0.5326039700768888,0.016641684,0.0003,0.2011725902557373,670,-1.3282172854989767
141312,715,197,69,300.0,-1.2398275100000005,0.2,-0.03699584297428373,0.177294921875,0.02400048077106476,0.21742929050233215,0.019147575,0.0003,-0.06586837768554688,680,-1.3217338614165783
143360,718,199,70,300.0,-0.8210750100000002,0.2,-0.03736089541052934,0.189208984375,0.11121431738138199,0.3179428813047707,0.01828548,0.0003,0.16943693161010742,690,-1.2958893559873104
145408,721,201,71,300.0,-0.6650666800000004,0.2,-0.03915510531805921,0.1962890625,0.17398858070373535,0.3898197055328637,0.018322742,0.0003,0.002652585506439209,700,-1.271618977934122
147456,724,203,72,300.0,-0.7154570500000004,0.2,-0.037362373198266144,0.1748046875,0.09762899577617645,0.402526840288192,0.018399838,0.0003,0.09477496147155762,710,-1.2557776436209678
149504,727,205,73,300.0,-0.5227212599999999,0.2,-0.036644343793159354,0.19296875,0.12739253044128418,0.48546525770798327,0.019138321,0.0003,0.0025787949562072754,720,-1.262423113361001
151552,730,207,74,300.0,-0.466193,0.2,-0.03975991677143611,0.19375,0.2899559736251831,0.6277118353173137,0.019757321,0.0003,0.044631242752075195,730,-1.2611447300761938
153600,732,209,75,300.0,-0.31832413000000004,0.2,-0.039216508992831224,0.201025390625,0.16750425100326538,0.38147035096772014,0.01756692,0.0003,0.0600317120552063,740,-1.2340929470956326
155648,734,211,76,300.0,-0.38614777000000006,0.2,-0.03867121860384941,0.1775390625,0.09204404056072235,0.39786975900642574,0.018144134,0.0003,-0.03453528881072998,750,-1.2340088684111834
157696,737,213,77,300.0,-0.48479337999999983,0.2,-0.033832944824825975,0.180126953125,0.11221883445978165,0.37141139814630153,0.018071316,0.0003,-0.007476329803466797,760,-1.217813577875495
159744,739,215,78,300.0,-0.22987060000000006,0.2,-0.03986066019278951,0.179638671875,0.10495191067457199,0.3760451091453433,0.017577056,0.0003,-0.06084930896759033,770,-1.2365152779966593
161792,742,218,79,300.0,-0.24317548000000017,0.2,-0.03380279823322781,0.1814453125,0.013544172048568726,0.16948588569648565,0.018303718,0.0003,0.17700403928756714,780,-1.2201936770230533
163840,744,220,80,300.0,-0.26896249000000017,0.2,-0.03911506201256998,0.184912109375,0.024400442838668823,0.17015306488610804,0.01931772,0.0003,0.34487462043762207,790,-1.1990362707525493
165888,747,221,81,300.0,-0.12434268999999996,0.2,-0.039985975268064064,0.193115234375,0.1619449257850647,0.38983152485452593,0.020423628,0.0003,0.19781231880187988,800,-1.175016364082694
167936,750,223,82,300.0,0.38656083000000024,0.2,-0.038325627840822565,0.1970703125,0.14021506905555725,0.5507611757144332,0.020441227,0.0003,-0.023403286933898926,810,-1.1460371322929859
169984,752,225,83,300.0,0.19041024000000004,0.2,-0.03722811251936946,0.19853515625,0.0944536104798317,0.31789030246436595,0.022198956,0.0003,0.02216428518295288,820,-1.1478366572409868
172032,754,227,84,300.0,-0.3898938299999999,0.2,-0.03717271429777611,0.191796875,0.05567491799592972,0.19864580968860537,0.01975658,0.0003,0.27618634700775146,830,-1.1391953248530626
174080,756,230,85,300.0,-0.003512689999999914,0.2,-0.035454072486027145,0.181103515625,0.2572651505470276,0.6531051064841449,0.018194463,0.0003,0.07021021842956543,840,-1.1104261176660657
176128,758,232,86,300.0,0.03715818999999998,0.2,-0.03429884509096155,0.160791015625,0.28691405057907104,0.7106412270106375,0.016537458,0.0003,0.018174707889556885,850,-1.1182573972269894
178176,759,234,87,300.0,0.3002608799999999,0.2,-0.033915953570976855,0.167822265625,0.04681001976132393,0.30195611098315567,0.017552815,0.0003,-0.10902822017669678,860,-1.124363898858428
180224,761,236,88,300.0,0.3383556599999998,0.2,-0.04098898626398295,0.20634765625,0.06624870002269745,0.2536566467955709,0.022599177,0.0003,-0.09428882598876953,870,-1.115674614161253
182272,762,239,89,300.0,0.5776190599999999,0.2,-0.03784130577405449,0.19912109375,0.12609949707984924,0.3851248265709728,0.020292448,0.0003,0.054883360862731934,880,-1.1022215915843845
184320,763,241,90,300.0,0.7388490299999997,0.2,-0.0367556722892914,0.186474609375,0.06298209726810455,0.25822627954185007,0.020787671,0.0003,-0.06958520412445068,890,-1.1135485865175725
186368,765,243,91,300.0,1.2280230199999997,0.2,-0.03607969686272554,0.189111328125,-0.012483298778533936,0.13855315688997508,0.018914063,0.0003,-0.2538943290710449,900,-1.1010838635265827
188416,767,245,92,300.0,0.7422324100000001,0.2,-0.03531200765864924,0.192724609375,0.11927562952041626,0.49354615500196813,0.020857032,0.0003,0.05752158164978027,910,-1.0836054507642985
190464,769,247,93,300.0,0.5345619499999998,0.2,-0.035948908819409556,0.168603515625,0.22424457967281342,0.6031747088767588,0.01839031,0.0003,0.03164416551589966,920,-1.08837885633111
192512,771,249,94,300.0,0.007785360000000097,0.2,-0.038259274064330384,0.1861328125,0.18686015903949738,0.48505390211939814,0.020977702,0.0003,0.04248696565628052,930,-1.0985939113423229
194560,773,251,95,300.0,0.4848263700000001,0.2,-0.03696176781086251,0.17705078125,0.15372422337532043,0.4066679120995104,0.020740323,0.0003,0.11881762742996216,940,-1.0746951084583998
196608,775,253,96,300.0,0.30012492000000024,0.2,-0.038702983412076716,0.196630859375,0.14537413418293,0.5292290936689824,0.021057472,0.0003,0.049903929233551025,950,-1.0997821245342494
198656,777,255,97,300.0,-0.31498068,0.2,-0.04263291570532601,0.207666015625,0.04024650901556015,0.266789904050529,0.023481704,0.0003,-0.033298611640930176,960,-1.092275793850422
200704,638,314,98,300.0,-0.5708082200000001,0.2,-0.03647445701935794,0.1833984375,0.16710558533668518,0.49664124846458435,0.01944502,0.0003,0.17581921815872192,970,-1.0768828062340616
202752,641,316,99,300.0,-0.79823848,0.2,-0.039004280770313926,0.17900390625,0.15662124752998352,0.5975049794651568,0.019815736,0.0003,0.2037506103515625,980,-1.1047910245135426
204800,643,318,100,300.0,-0.72437676,0.2,-0.03936891488265246,0.20380859375,0.03303137421607971,0.30878991675563155,0.02233841,0.0003,0.29080235958099365,990,-1.0620040023699402
206848,645,320,101,300.0,-0.7857885899999999,0.2,-0.03842188557173358,0.202685546875,0.09640689194202423,0.3266253379639238,0.021742491,0.0003,0.19329190254211426,1000,-1.058225065842271
208896,648,322,102,300.0,-0.33920799999999995,0.2,-0.03809992249589413,0.184228515625,0.2804691791534424,0.53811199888587,0.02023377,0.0003,0.18471789360046387,1010,-1.0682599328458309
210944,650,324,103,300.0,-0.11730726000000007,0.2,-0.037946787268447225,0.20673828125,0.07062196731567383,0.3130246255546808,0.021527164,0.0003,0.3082376718521118,1020,-1.0635986413806677
212992,652,326,104,300.0,0.06139077999999998,0.2,-0.03365565750864334,0.18935546875,0.06267966330051422,0.2529880854766816,0.019891359,0.0003,0.5577807426452637,1030,-1.0410372581332923
215040,655,328,105,300.0,-0.3384599400000002,0.2,-0.037297931165085174,0.18271484375,0.2516225576400757,0.5777706223540008,0.02157207,0.0003,0.3948328495025635,1040,-1.0333423953503371
217088,657,330,106,300.0,-0.33786376999999995,0.2,-0.0377874952449929,0.189208984375,0.10837426781654358,0.5174334875773638,0.019895425,0.0003,0.190015971660614,1050,-1.0054456293582916
219136,659,332,107,300.0,0.26462920000000006,0.2,-0.03633391681942157,0.17392578125,0.12128525972366333,0.355346343992278,0.01902042,0.0003,0.323930561542511,1060,-0.9893536334857345
221184,661,334,108,300.0,-0.18576842,0.2,-0.04108614740543999,0.19677734375,-0.0011684969067573547,0.22798839355818928,0.024379376,0.0003,0.25139981508255005,1070,-0.9831586193293333
223232,663,336,109,300.0,-0.16291405999999994,0.2,-0.03775969852868002,0.1736328125,0.26739275455474854,0.621473269816488,0.020735528,0.0003,-0.048624634742736816,1080,-0.9804978128522635
225280,665,338,110,300.0,-0.1503025599999999,0.2,-0.03573594816843979,0.179736328125,0.26237839460372925,0.6272486691363156,0.019384516,0.0003,0.10079455375671387,1090,-0.968598747998476
227328,667,340,111,300.0,0.023916700000000138,0.2,-0.03490434954001102,0.175146484375,0.19730478525161743,0.5692976005375385,0.018890733,0.0003,0.14215487241744995,1100,-0.97222407348454
229376,669,342,112,300.0,0.6910949099999998,0.2,-0.038579003524500874,0.196630859375,0.040359243750572205,0.19318543828558177,0.021427732,0.0003,0.3514000177383423,1110,-0.9842732792720199
231424,671,344,113,300.0,0.8713484300000002,0.2,-0.040944540093187244,0.1923828125,0.1795196831226349,0.5915583807975053,0.020293294,0.0003,0.24118894338607788,1120,-0.9779963986948133
233472,673,346,114,300.0,0.82663803,0.2,-0.04104683362820651,0.22685546875,-0.016202952712774277,0.1434585444862023,0.024469145,0.0003,0.4634819030761719,1130,-0.9819544710218906
235520,675,348,115,300.0,0.87491085,0.2,-0.039756962354294954,0.207470703125,0.2596254050731659,0.6308016216382384,0.02345649,0.0003,0.09826582670211792,1140,-0.9856934830546379
237568,677,350,116,300.0,0.87630981,0.2,-0.03941645450104261,0.209619140625,0.24927639961242676,0.5814774214290083,0.023226444,0.0003,-0.03304886817932129,1150,-0.981344729103148
239616,679,352,117,300.0,0.4209896599999999,0.2,-0.03600200925138779,0.194287109375,0.09251995384693146,0.39748841989785433,0.022702787,0.0003,-0.12091124057769775,1160,-0.9709563292562962
241664,681,354,118,300.0,0.23036166000000002,0.2,-0.03989703448896762,0.22099609375,-0.0071327462792396545,0.20169456403236835,0.024558228,0.0003,-0.09018027782440186,1170,-0.9593575336039066
243712,683,356,119,300.0,0.22787906999999985,0.2,-0.039548363085486926,0.193798828125,0.140363410115242,0.43913930081762376,0.022998523,0.0003,0.041513264179229736,1180,-0.9410254070535302
245760,685,358,120,300.0,-0.05513237000000011,0.2,-0.03977518147730734,0.201220703125,0.06636647880077362,0.34356014407239854,0.022540368,0.0003,0.0340648889541626,1190,-0.9314754035323858
247808,686,360,121,300.0,-0.62095826,0.2,-0.03973497468541609,0.209619140625,0.0882200375199318,0.4062809939030558,0.027759526,0.0003,0.08981627225875854,1200,-0.9638581680133939
249856,689,362,122,300.0,-0.79661977,0.2,-0.03866630600241479,0.2033203125,0.07091231644153595,0.35230916626751424,0.024133608,0.0003,-0.04310619831085205,1210,-0.9274581866338849
251904,690,364,123,300.0,-0.10280573999999981,0.2,-0.03845851075311657,0.20771484375,0.04410270228981972,0.2616838999092579,0.02423698,0.0003,-0.020992040634155273,1220,-0.9341188861057163
253952,692,366,124,300.0,0.07025181999999996,0.2,-0.0362426181207411,0.19892578125,0.12452563643455505,0.3770863956771791,0.024274549,0.0003,0.006180882453918457,1230,-0.9276340160518884
256000,693,368,125,300.0,-0.12212963000000011,0.2,-0.03892075353069231,0.202587890625,0.02233852446079254,0.2625373556744307,0.0252442,0.0003,-0.07746851444244385,1240,-0.9238002866506576
258048,695,370,126,300.0,0.25701974000000005,0.2,-0.03974970804702025,0.192529296875,0.23300118744373322,0.6881995504721999,0.022038309,0.0003,-0.019195079803466797,1250,-0.9287246467545629
260096,697,372,127,300.0,0.33406694000000003,0.2,-0.04261701197829097,0.20322265625,0.05062297731637955,0.31990939350798725,0.022849344,0.0003,-0.030634641647338867,1260,-0.9352731958031655
262144,699,374,128,300.0,0.1576484599999999,0.2,-0.038097208180988676,0.228125,0.08449018001556396,0.3577592375688255,0.024477066,0.0003,-0.11467432975769043,1270,-0.9666221283376217
264192,701,376,129,300.0,-0.4165695599999999,0.2,-0.041083708670339544,0.212939453125,0.03183535486459732,0.2402512553613633,0.024269955,0.0003,0.010086655616760254,1280,-0.9670341415330768
266240,702,378,130,300.0,-0.35664565,0.2,-0.03489931429357966,0.195947265625,0.4971410930156708,0.9107038255780935,0.020169262,0.0003,-0.020687103271484375,1290,-0.9853712536394597
268288,704,380,131,300.0,-0.18922223,0.2,-0.04021648741036188,0.2052734375,0.0594780370593071,0.2184343809261918,0.026203344,0.0003,0.07231611013412476,1300,-0.9794694436714053
270336,706,382,132,300.0,0.14303139999999995,0.2,-0.03937276796204969,0.205517578125,-0.044232554733753204,0.11320692094741389,0.023643505,0.0003,-0.07889628410339355,1310,-0.9766157411038876
272384,707,384,133,300.0,-0.04678501999999998,0.2,-0.037505761088686994,0.188427734375,0.07321324944496155,0.3027900546323508,0.021186275,0.0003,-0.04435372352600098,1320,-0.9772790282964706
274432,709,386,134,300.0,-0.2897658900000001,0.2,-0.036250533565180376,0.209326171875,0.08694903552532196,0.3344444166868925,0.022228803,0.0003,-0.026792168617248535,1330,-0.9902680682018399
276480,710,389,135,300.0,-0.0983322900000001,0.2,-0.033458780648652466,0.18681640625,0.11509711295366287,0.3653238800354302,0.020358793,0.0003,0.01496124267578125,1340,-0.9581813795492053
278528,708,392,136,300.0,0.31032863000000005,0.2,-0.03838358474022243,0.198681640625,0.07167326658964157,0.2709385703317821,0.024180813,0.0003,0.07923781871795654,1350,-0.9405497433617711
280576,709,395,137,300.0,0.4365572499999999,0.2,-0.0375052819668781,0.205322265625,0.05572720617055893,0.24102910622023047,0.024806878,0.0003,-0.06226038932800293,1360,-0.9474746266379952
282624,709,398,138,300.0,0.7937831599999998,0.2,-0.03951812170853373,0.19921875,0.26568499207496643,0.6007834985852242,0.02003425,0.0003,0.04923737049102783,1370,-0.9712342133745551
284672,710,400,139,300.0,0.46984359,0.2,-0.04269344663480297,0.233056640625,0.22348788380622864,0.5614692744798958,0.026292112,0.0003,0.03912264108657837,1380,-0.9600038228556513
286720,711,402,140,300.0,0.21833917,0.2,-0.040132604580139744,0.20830078125,0.1366962045431137,0.43881262284703554,0.024638262,0.0003,0.1339036226272583,1390,-0.9468031376600266
288768,712,405,141,300.0,0.16624318999999993,0.2,-0.03742098516377155,0.20302734375,0.12719476222991943,0.3698293384630233,0.021921113,0.0003,0.3061619997024536,1400,-0.9428014617413283
290816,713,407,142,300.0,0.5999990599999998,0.2,-0.03528877824282972,0.17568359375,0.3679976463317871,0.6709261688403785,0.020394359,0.0003,0.1439724564552307,1410,-0.9246454441919922
292864,714,410,143,300.0,0.6349255300000002,0.2,-0.03876215659838635,0.207470703125,0.12102223932743073,0.3658671359531581,0.022401059,0.0003,0.15748381614685059,1420,-0.9319993905723095
294912,715,412,144,300.0,0.5353794800000001,0.2,-0.03763818080769852,0.203515625,0.06877175718545914,0.21161017338745297,0.026196802,0.0003,-0.25846993923187256,1430,-0.9182710142806172
296960,716,414,145,300.0,0.5199084500000002,0.2,-0.040248980151955036,0.203759765625,0.24874921143054962,0.7546001551672816,0.024577532,0.0003,0.05923730134963989,1440,-0.9282878618687391
299008,717,416,146,300.0,0.29034562,0.2,-0.04002999746298883,0.208984375,0.020517289638519287,0.1611309570958838,0.026754433,0.0003,-0.029895782470703125,1450,-0.9198277372866869
301056,627,480,147,300.0,-0.37714911999999984,0.2,-0.03661609511764254,0.211962890625,0.18057775497436523,0.3791131510399282,0.024130685,0.0003,0.06492704153060913,1460,-0.9130343448370695
303104,627,482,148,300.0,-0.19823288999999986,0.2,-0.03596323372039478,0.20791015625,0.27005210518836975,0.6240592188201844,0.023065481,0.0003,-0.005561232566833496,1470,-0.921528585255146
305152,628,485,149,300.0,-0.4701550599999997,0.2,-0.042383371273172085,0.214111328125,-0.020772017538547516,0.1319105159956962,0.02483924,0.0003,0.03244537115097046,1480,-0.9261338148266077
307200,630,487,150,300.0,-0.8024916999999996,0.2,-0.038204919910640456,0.19619140625,0.056000471115112305,0.27480757967568936,0.021984514,0.0003,0.12515944242477417,1490,-0.9184972835704684
309248,631,489,151,300.0,-0.5298886599999999,0.2,-0.03918571738176979,0.193701171875,0.027380384504795074,0.20692925313487648,0.023846569,0.0003,0.18539917469024658,1500,-0.9343101536855102
311296,633,491,152,300.0,-0.57334396,0.2,-0.04300318286404945,0.217529296875,0.006780609488487244,0.16338965089526028,0.02580062,0.0003,0.10135412216186523,1510,-0.9516222294420004
313344,634,493,153,300.0,-0.99563957,0.2,-0.03956674926448613,0.201708984375,0.09154517948627472,0.29551229304634036,0.022052558,0.0003,0.1459912657737732,1520,-0.9319747248664498
315392,635,495,154,300.0,-0.87107826,0.2,-0.040366611148783704,0.2080078125,0.15972590446472168,0.4737377993296832,0.022757672,0.0003,0.12573611736297607,1530,-0.9365841137245298
317440,637,498,155,300.0,-0.9317157800000001,0.2,-0.04061378969345242,0.203173828125,0.0508280023932457,0.21256657063495368,0.025395948,0.0003,0.2603034973144531,1540,-0.9404040472581983
319488,638,500,156,300.0,-0.9284275399999997,0.2,-0.0377375381096499,0.197705078125,0.1681271195411682,0.43552604587748645,0.023279324,0.0003,0.16871821880340576,1550,-0.9192743415012956
321536,639,502,157,300.0,-1.1040053699999997,0.2,-0.040070271270815284,0.218017578125,0.2778257727622986,0.6303653281182051,0.022373762,0.0003,0.054259657859802246,1560,-0.9510949913412332
323584,640,504,158,300.0,-0.7550409699999997,0.2,-0.03861748898780206,0.20068359375,0.07084907591342926,0.3273248352110386,0.023352388,0.0003,0.06786727905273438,1570,-0.9549602910876274
325632,641,507,159,300.0,-0.8970822999999999,0.2,-0.036929036275250834,0.206884765625,0.05158640444278717,0.16359377701301128,0.025226662,0.0003,0.007903039455413818,1580,-0.9193246254697442
327680,643,509,160,300.0,-0.62352074,0.2,-0.039514369529206304,0.192431640625,0.17201447486877441,0.616139327455312,0.023941182,0.0003,0.11044085025787354,1590,-0.9158404260873795
329728,643,512,161,300.0,-0.45970802000000005,0.2,-0.03886466221883893,0.202490234375,0.027206987142562866,0.2843952975701541,0.022157596,0.0003,0.2171396017074585,1600,-0.9101807601749897
331776,645,514,162,300.0,0.04236903999999999,0.2,-0.04134120336966589,0.21982421875,0.06220436096191406,0.312828346574679,0.02486251,0.0003,0.14038687944412231,1610,-0.9180510155856609
333824,646,516,163,300.0,0.04353304000000019,0.2,-0.04044905319460668,0.225048828125,0.050557173788547516,0.3441625143866986,0.027653757,0.0003,0.14103519916534424,1620,-0.9318406417965889
335872,648,518,164,300.0,0.25118585000000004,0.2,-0.042468070265022105,0.227880859375,-0.005519360303878784,0.14927450562827288,0.02748508,0.0003,0.3383248448371887,1630,-0.9355249471962452
337920,649,520,165,300.0,0.52847229,0.2,-0.037781780387740584,0.19423828125,0.1449616551399231,0.4247060996014625,0.023610905,0.0003,0.02529466152191162,1640,-0.9586170392110944
339968,650,522,166,300.0,0.08636248000000002,0.2,-0.03820399944088422,0.192431640625,0.10623231530189514,0.3816339835524559,0.023603722,0.0003,0.004954099655151367,1650,-0.9693998752161861
342016,652,524,167,300.0,-0.4118668099999999,0.2,-0.041164815361844374,0.209228515625,0.09724711626768112,0.3285680966451764,0.023416549,0.0003,-0.04497992992401123,1660,-0.9653697542846202
344064,653,526,168,300.0,-0.025613229999999917,0.2,-0.04071960349974688,0.22177734375,0.11729826778173447,0.32385048661381005,0.026573464,0.0003,-0.11135399341583252,1670,-0.964402687549591
346112,655,528,169,300.0,0.22178516000000012,0.2,-0.03804862555116415,0.200830078125,0.18235929310321808,0.6398910513147712,0.022556935,0.0003,-0.10362386703491211,1680,-0.9498586947098374
348160,656,530,170,300.0,-0.09500571999999981,0.2,-0.04054705695307348,0.210888671875,0.09639659523963928,0.315785173792392,0.02204135,0.0003,-0.020124197006225586,1690,-0.9602903388440609
350208,657,532,171,300.0,-0.29342263,0.2,-0.04433064329205081,0.224853515625,0.15745878219604492,0.4124599516391754,0.026208661,0.0003,-0.013234853744506836,1700,-0.9465363763272763
352256,658,535,172,300.0,0.2629211200000001,0.2,-0.04043240674363915,0.22509765625,0.05747455358505249,0.2283441097009927,0.025775667,0.0003,-0.026398658752441406,1710,-0.9365338426083326
354304,659,537,173,300.0,-0.017824299999999887,0.2,-0.039423284953227264,0.201416015625,0.11279453337192535,0.4899449674412608,0.02277174,0.0003,-0.13730168342590332,1720,-0.929488081112504
356352,660,539,174,300.0,0.40538613000000007,0.2,-0.04140819049644051,0.216357421875,-0.021594669669866562,0.1487471515778452,0.025913196,0.0003,0.01880967617034912,1730,-0.9565805016085506
358400,661,541,175,300.0,0.8685664700000001,0.2,-0.03972843713854672,0.197412109375,0.11183643341064453,0.3188157049473375,0.025374237,0.0003,-0.0026830434799194336,1740,-0.946123749949038
360448,662,544,176,300.0,0.55102338,0.2,-0.0366305559000466,0.184033203125,0.0627758577466011,0.2677031879080459,0.02476171,0.0003,0.195631742477417,1750,-0.9724926142022013
362496,663,546,177,300.0,0.5329045700000001,0.2,-0.03911293930723332,0.2146484375,-0.009317561984062195,0.22792926914989947,0.02717653,0.0003,0.2093513011932373,1760,-0.9708346972241998
364544,664,548,178,300.0,0.44241834,0.2,-0.04139024111209437,0.198681640625,0.22127225995063782,0.7330252678133548,0.022415072,0.0003,0.15217405557632446,1770,-0.9861683050170541
366592,665,550,179,300.0,0.11925501000000004,0.2,-0.03807145621685777,0.196826171875,0.07593709975481033,0.3241055539809167,0.023162456,0.0003,0.29891204833984375,1780,-0.9635377421975135
368640,666,553,180,300.0,0.8509399700000002,0.2,-0.039190155676624275,0.212841796875,0.09394288063049316,0.3695443255826831,0.027170807,0.0003,0.23671197891235352,1790,-0.9655522421002388
370688,667,555,181,300.0,1.3557962300000002,0.2,-0.04162121038534679,0.213427734375,0.021009013056755066,0.2005586472339928,0.026501864,0.0003,-0.3519235849380493,1800,-0.9483244081959128
372736,668,557,182,300.0,1.09055709,0.2,-0.04139693256875034,0.224658203125,0.02593211829662323,0.18785479550715536,0.028343922,0.0003,-0.004848122596740723,1810,-0.951928205601871
374784,669,559,183,300.0,1.4366007000000003,0.2,-0.040607330400962385,0.217919921875,0.050327129662036896,0.2940319092478603,0.026300773,0.0003,0.15523475408554077,1820,-0.9347011044621467
376832,670,561,184,300.0,1.7321286899999995,0.2,-0.04032418279675767,0.201953125,0.08169734477996826,0.351023503113538,0.023338892,0.0003,0.01661527156829834,1830,-0.9279901830479502
378880,672,563,185,300.0,2.0714676499999998,0.2,-0.038900037528946996,0.195263671875,0.06467907875776291,0.2625041088555008,0.023643639,0.0003,0.1563858985900879,1840,-0.9354310315102339
380928,673,565,186,300.0,1.8130233599999999,0.2,-0.03775430173263885,0.197412109375,0.01366560161113739,0.2791459254454821,0.022483135,0.0003,0.0020728111267089844,1850,-0.9324150882661343
382976,674,568,187,300.0,1.2347847100000002,0.2,-0.03954189316427801,0.23173828125,0.10947808623313904,0.46903059249743817,0.02556458,0.0003,0.12565112113952637,1860,-0.9354047190397978
385024,675,570,188,300.0,1.55009012,0.2,-0.03947423480276484,0.203466796875,0.09472717344760895,0.4041812266688794,0.025439613,0.0003,0.12705957889556885,1870,-0.939290527999401
387072,675,572,189,300.0,1.13745229,0.2,-0.03668370765808504,0.189404296875,0.21232272684574127,0.6523130683228373,0.022311764,0.0003,0.11922943592071533,1880,-0.9332151157781482
389120,677,574,190,300.0,0.57474834,0.2,-0.037348701122391505,0.20771484375,0.0035308226943016052,0.2615352540742606,0.026406914,0.0003,0.24226218461990356,1890,-0.9428874818608165
391168,678,576,191,300.0,0.58807198,0.2,-0.03549641368736047,0.18388671875,0.3045165538787842,0.7079765238799155,0.024135567,0.0003,0.13210666179656982,1900,-0.9385483663529157
393216,678,579,192,300.0,0.3071674700000001,0.2,-0.03797349087544717,0.208447265625,0.08509285748004913,0.33434522021561863,0.02466472,0.0003,0.4157957434654236,1910,-0.9382868291810155
395264,679,581,193,300.0,0.7105102400000001,0.2,-0.040355252826702784,0.21513671875,0.01233113557100296,0.15914636962115764,0.025463462,0.0003,0.4149525761604309,1920,-0.9408109759911895
397312,681,583,194,300.0,1.0538626299999998,0.2,-0.040233105297375005,0.215673828125,0.2923240661621094,0.611560704279691,0.02421489,0.0003,0.016323745250701904,1930,-0.9256587421521545
399360,682,585,195,300.0,0.6845974499999998,0.2,-0.03886537422076799,0.214794921875,0.07632604241371155,0.3095180974341929,0.02777539,0.0003,-0.21773827075958252,1940,-0.9267745831981301
401408,619,648,196,300.0,0.6425779400000002,0.2,-0.03641063958639279,0.2005859375,0.054384179413318634,0.3312764588277787,0.026298808,0.0003,0.09621530771255493,1950,-0.922670517116785
403456,620,650,197,300.0,0.8189842100000003,0.2,-0.035801231976074634,0.20673828125,0.11871682852506638,0.4420831288211048,0.023894614,0.0003,0.1796177625656128,1960,-0.9452259233221412
405504,621,652,198,300.0,0.8328055100000001,0.2,-0.03961279159702826,0.208447265625,0.02740561217069626,0.2735217817127705,0.027070798,0.0003,0.07074278593063354,1970,-0.913111636787653
407552,622,654,199,300.0,0.31334160000000016,0.2,-0.04125486720004119,0.205126953125,0.05256974697113037,0.3293635992333293,0.026993051,0.0003,0.21401870250701904,1980,-0.9058325152844191
409600,623,656,200,300.0,-0.03048819999999979,0.2,-0.040470157137315256,0.207666015625,0.2205600142478943,0.5542948512360454,0.026508193,0.0003,0.19056642055511475,1990,-0.8902313278988003
411648,624,659,201,300.0,-0.0027516599999998803,0.2,-0.03830072043929249,0.211181640625,0.15407302975654602,0.45140564180910586,0.027769618,0.0003,0.1648462414741516,2000,-0.8758046757429838
413696,625,661,202,300.0,0.2440862800000002,0.2,-0.037419242836767806,0.201806640625,0.2810780704021454,0.5142116616480052,0.026859486,0.0003,0.2570083737373352,2010,-0.859024360589683
415744,626,663,203,300.0,0.56943497,0.2,-0.03911602096632123,0.211767578125,0.041780367493629456,0.20217349047306926,0.025807574,0.0003,0.20845025777816772,2020,-0.862173043936491
417792,627,665,204,300.0,0.83200434,0.2,-0.03646617279737256,0.189208984375,0.43707531690597534,1.0852595405653118,0.02474256,0.0003,0.05082148313522339,2030,-0.8853063065558672
419840,628,667,205,300.0,0.8426496599999997,0.2,-0.03851621618960053,0.22392578125,0.012356221675872803,0.19534155861474573,0.028332304,0.0003,0.08313679695129395,2040,-0.8835831275209785
421888,629,669,206,300.0,0.9234927299999999,0.2,-0.038942115343525076,0.21943359375,0.06617940962314606,0.248212873400189,0.027510302,0.0003,0.00824815034866333,2050,-0.9105488415807486
423936,630,672,207,300.0,1.4283062899999999,0.2,-0.03826199908507988,0.210986328125,0.2161673605442047,0.4793376193381846,0.02410111,0.0003,0.035010576248168945,2060,-0.9295183567330241
425984,631,674,208,300.0,0.71147294,0.2,-0.039877179168979635,0.20234375,0.1371789276599884,0.3987300399690866,0.021462522,0.0003,0.040315210819244385,2070,-0.9329817373305559
428032,633,676,209,300.0,0.47625937999999995,0.2,-0.03855122727691196,0.20908203125,0.003848820924758911,0.3046018891967833,0.022389766,0.0003,-0.05599093437194824,2080,-0.9249295791611075
430080,633,678,210,300.0,0.8422217400000003,0.2,-0.03961965016205795,0.218603515625,0.11258415877819061,0.4422298479359597,0.028547795,0.0003,0.03249460458755493,2090,-0.9012606173753739
432128,634,680,211,300.0,0.8618672800000001,0.2,-0.03986838627315592,0.233154296875,0.07951066642999649,0.3394365151878446,0.030718334,0.0003,0.3449311852455139,2100,-0.905255233682692
434176,635,683,212,300.0,0.7116922699999999,0.2,-0.03661440834694076,0.19580078125,0.3453056812286377,0.8341317813843488,0.02264041,0.0003,0.05611217021942139,2110,-0.8860316339880228
436224,636,685,213,300.0,0.5568865699999999,0.2,-0.041306357976282015,0.2134765625,0.10763006657361984,0.3272618961054832,0.029000321,0.0003,0.32856321334838867,2120,-0.8900598781183362
438272,637,687,214,300.0,0.9154398899999998,0.2,-0.040551574998244175,0.221728515625,0.08854833245277405,0.32750017163343725,0.027996441,0.0003,0.24837064743041992,2130,-0.9005161635577679
440320,637,690,215,300.0,0.6929249100000002,0.2,-0.04289735199563438,0.23935546875,0.14057475328445435,0.5017753216437996,0.02875406,0.0003,0.12916713953018188,2140,-0.8991887724027038
442368,638,692,216,300.0,0.6046843700000001,0.2,-0.041720805788645524,0.21669921875,0.019466154277324677,0.18760651836637407,0.029131223,0.0003,0.46251946687698364,2150,-0.8941306428983807
444416,639,694,217,300.0,0.38878655000000006,0.2,-0.041504953466937874,0.232958984375,0.12246273458003998,0.4855303411372006,0.030796789,0.0003,0.2405935525894165,2160,-0.8671827176585793
446464,639,697,218,300.0,-0.06610271,0.2,-0.03923730462556705,0.223291015625,0.059984125196933746,0.2987854748032987,0.02761611,0.0003,0.1173369288444519,2170,-0.8630601163953543
448512,640,699,219,300.0,0.12293495000000007,0.2,-0.04094741546141449,0.22685546875,0.09672152996063232,0.38030883613973854,0.028163157,0.0003,0.03709679841995239,2180,-0.8611007645726204
450560,641,702,220,300.0,0.14941152000000016,0.2,-0.0377278298168676,0.2123046875,0.10445110499858856,0.43706454411149026,0.028165556,0.0003,0.07113009691238403,2190,-0.8179546535015106
452608,642,704,221,300.0,-0.06572003999999997,0.2,-0.03928880366729572,0.21982421875,0.047009583562612534,0.19805900848004968,0.027985428,0.0003,0.1250438690185547,2200,-0.8371656086295843
454656,643,706,222,300.0,0.35099934000000005,0.2,-0.038702874814043754,0.22470703125,0.06969675421714783,0.22627879774663598,0.029417215,0.0003,0.2722911238670349,2210,-0.8214906284585595
456704,643,710,223,300.0,-0.08843028999999998,0.2,-0.04057893062417861,0.2185546875,0.05796990543603897,0.2549071229994297,0.028735138,0.0003,0.398611843585968,2220,-0.8302719723433256
458752,643,713,224,300.0,0.2944208400000002,0.2,-0.04127847348281648,0.219140625,0.043956007808446884,0.20670101149007677,0.031277604,0.0003,0.4628773331642151,2230,-0.84658069498837
460800,644,715,225,300.0,-0.02254514999999998,0.2,-0.039715490202070214,0.2171875,0.1489696502685547,0.5071108193136752,0.029871864,0.0003,0.21860504150390625,2240,-0.8197197603061795
462848,645,717,226,300.0,-0.41767321,0.2,-0.03982346802949906,0.230810546875,0.08726108074188232,0.28942190259695055,0.030310389,0.0003,0.16644126176834106,2250,-0.8297225633636117
464896,645,720,227,300.0,0.07061402999999983,0.2,-0.042303210275713356,0.231298828125,0.06128237396478653,0.2902852386236191,0.034271885,0.0003,0.14350062608718872,2260,-0.8041571732610464
466944,646,722,228,300.0,-0.5450003200000001,0.2,-0.03241033901867922,0.214990234375,0.12034666538238525,0.4431068959645927,0.028790183,0.0003,0.11646395921707153,2270,-0.8095671232789755
468992,647,724,229,300.0,-0.65540233,0.2,-0.0391656608087942,0.225146484375,0.0669502541422844,0.29717026068829,0.02952946,0.0003,0.017607033252716064,2280,-0.7974844433367252
471040,647,726,230,300.0,-0.33285680000000006,0.2,-0.038746611314127224,0.211279296875,0.3326389491558075,0.7262876514345408,0.030908788,0.0003,-0.0900799036026001,2290,-0.7957165235653519
473088,648,729,231,300.0,-0.48650976999999995,0.2,-0.03966570280317683,0.238037109375,0.02692277729511261,0.24081566147506236,0.03217818,0.0003,0.012590646743774414,2300,-0.8038661271333695
475136,649,731,232,300.0,-0.7203809999999998,0.2,-0.040834076672035736,0.247900390625,0.048908352851867676,0.20659317260142415,0.037093803,0.0003,0.12766015529632568,2310,-0.8007428456097841
477184,650,733,233,300.0,-0.8952305399999999,0.2,-0.04224299934576266,0.22373046875,-0.0356203094124794,0.15279279546812177,0.036895,0.0003,0.16332703828811646,2320,-0.8021868351846934
479232,650,736,234,300.0,-0.9222589899999999,0.2,-0.040618717449251565,0.22255859375,0.08885227888822556,0.2821229685097933,0.03199043,0.0003,0.13053417205810547,2330,-0.8130017390474678
481280,651,739,235,300.0,-1.3633049599999998,0.2,-0.04055248788790777,0.225341796875,0.0012918934226036072,0.17867836384102703,0.031570718,0.0003,0.2518518567085266,2340,-0.8058693934231996
483328,651,742,236,300.0,-1.43093607,0.2,-0.037009574807598256,0.212890625,0.10816340148448944,0.578402563277632,0.028121492,0.0003,-0.031726717948913574,2350,-0.790642605163157
485376,651,744,237,300.0,-1.18184289,0.2,-0.040281520811549856,0.22607421875,0.05622527003288269,0.33178867953829466,0.02755239,0.0003,0.15595769882202148,2360,-0.8011793242767453
487424,652,746,238,300.0,-1.21916977,0.2,-0.0397726384078851,0.212890625,0.19822154939174652,0.47758238613605497,0.029073646,0.0003,0.15537899732589722,2370,-0.7838465441018343
489472,653,749,239,300.0,-1.7071905300000003,0.2,-0.04079249860078562,0.2189453125,0.1670120358467102,0.5290417393669486,0.02892819,0.0003,0.3448461890220642,2380,-0.8057340774685144
491520,653,752,240,300.0,-1.8522763599999996,0.2,-0.040722111825016324,0.221728515625,0.15368470549583435,0.4333364548627287,0.03203978,0.0003,0.3193182349205017,2390,-0.8004956223070622
493568,654,754,241,300.0,-1.7718156800000004,0.2,-0.03908278656599577,0.234423828125,0.0030878782272338867,0.12953421974088997,0.034222677,0.0003,0.30135148763656616,2400,-0.7870026413351298
495616,654,757,242,300.0,-1.5441354500000002,0.2,-0.04569635199441109,0.241162109375,-0.02456032857298851,0.1545452214544639,0.03525816,0.0003,0.4624047875404358,2410,-0.8216630076989532
497664,654,760,243,300.0,-1.1103285,0.2,-0.04038709044107236,0.219921875,0.2795010805130005,0.5060176594182849,0.027788356,0.0003,0.17863482236862183,2420,-0.7844680931419135
499712,654,763,244,300.0,-0.4407249,0.2,-0.04089574431127403,0.213037109375,0.12801280617713928,0.4982666648924351,0.027640183,0.0003,0.1823543906211853,2430,-0.7977478940039873
501760,601,833,245,300.0,-0.4598723100000002,0.2,-0.040101981422048995,0.22587890625,0.059278324246406555,0.29124677712097763,0.027832463,0.0003,0.14113330841064453,2440,-0.8091178562492132
503808,602,835,246,300.0,-0.45113154999999977,0.2,-0.03684211143408902,0.232763671875,0.1805220991373062,0.46130937421694396,0.032805085,0.0003,0.10222369432449341,2450,-0.7879071500152349
505856,603,838,247,300.0,-0.54874394,0.2,-0.03808469549694564,0.217333984375,0.009140193462371826,0.1754013531608507,0.028247833,0.0003,-0.19206106662750244,2460,-0.7827676998451352
507904,604,840,248,300.0,-0.25778838000000004,0.2,-0.04117255698656663,0.21708984375,0.21602490544319153,0.4730859810486436,0.03245625,0.0003,-0.021602630615234375,2470,-0.7976044511422515
509952,604,843,249,300.0,0.005455559999999427,0.2,-0.03932597518287366,0.21796875,-0.0065453872084617615,0.1380557574564591,0.027602658,0.0003,-0.11796975135803223,2480,-0.8153122225776315
512000,605,845,250,300.0,0.27778047999999983,0.2,-0.037824034623918125,0.207421875,0.1099143922328949,0.3988964914344251,0.028161786,0.0003,0.03855818510055542,2490,-0.7691960439085961
514048,606,847,251,300.0,0.23969538999999998,0.2,-0.037764163074461975,0.219970703125,0.1966918557882309,0.45065430090762676,0.031569116,0.0003,-0.0017434358596801758,2500,-0.7810164626687766
516096,607,850,252,300.0,0.20532567999999998,0.2,-0.0337065243977122,0.211181640625,0.042626313865184784,0.2720598827116191,0.027857564,0.0003,0.1285719871520996,2510,-0.7633527709171176
518144,607,852,253,300.0,0.9386447199999999,0.2,-0.03864359548897482,0.22314453125,0.14698541164398193,0.4485623709391803,0.03345846,0.0003,0.020945250988006592,2520,-0.7925746846944094
520192,607,855,254,300.0,1.0771410199999998,0.2,-0.040890810493147,0.212158203125,0.4179563522338867,0.8385284909047186,0.031157365,0.0003,0.09202027320861816,2530,-0.7907748591154814
522240,607,859,255,300.0,0.9716739699999999,0.2,-0.041464563756017016,0.20751953125,0.07707083225250244,0.30267994781024754,0.031203473,0.0003,0.16447752714157104,2540,-0.7658461779356003
524288,608,861,256,300.0,1.06113519,0.2,-0.04010599817847833,0.23017578125,0.18649180233478546,0.4797773973084986,0.031564206,0.0003,0.20533204078674316,2550,-0.7900738013908267
526336,609,864,257,300.0,0.8319805900000001,0.2,-0.04120045129893697,0.234765625,0.07127336412668228,0.25461382758803663,0.033860464,0.0003,0.37236231565475464,2560,-0.7637518553063274
528384,609,866,258,300.0,0.8514299399999998,0.2,-0.03702589828462806,0.23359375,-0.038949139416217804,0.09536165704485029,0.034983687,0.0003,0.6171510219573975,2570,-0.76746874935925
530432,610,869,259,300.0,0.6802794999999997,0.2,-0.036588690703501923,0.203369140625,0.006724245846271515,0.131851998064667,0.032059383,0.0003,0.33654969930648804,2580,-0.7430876372382045
532480,610,872,260,300.0,0.54350898,0.2,-0.038365910563152285,0.215966796875,0.08579469472169876,0.41956813889555633,0.027891055,0.0003,0.3051519989967346,2590,-0.7566999038681388
534528,611,874,261,300.0,0.8657247799999997,0.2,-0.039680242878966966,0.193408203125,0.23634734749794006,0.6484875353984535,0.023940042,0.0003,0.18136703968048096,2600,-0.7760206647217274
536576,612,876,262,300.0,0.9497051800000001,0.2,-0.039070234597602393,0.20009765625,0.0203670933842659,0.26326315803453326,0.025882363,0.0003,0.10277271270751953,2610,-0.7714218828827143
538624,612,879,263,300.0,0.2582563600000002,0.2,-0.03728627891978249,0.205029296875,0.2579941749572754,0.6315677697770298,0.027350023,0.0003,0.176241934299469,2620,-0.7961659038439393
540672,613,881,264,300.0,0.08625183999999987,0.2,-0.035469558482873254,0.201123046875,0.16343623399734497,0.33910780916921796,0.027229914,0.0003,0.21206796169281006,2630,-0.7709256881847978
542720,613,883,265,300.0,-0.5944192399999999,0.2,-0.038169936274061914,0.216259765625,0.007081422954797745,0.21709767926950008,0.032918155,0.0003,0.35774683952331543,2640,-0.7692818298935891
544768,614,885,266,300.0,-0.8910382000000001,0.2,-0.03778624555270653,0.21220703125,0.0485101044178009,0.3195495324674994,0.028821466,0.0003,0.3971219062805176,2650,-0.8123252861201763
546816,615,888,267,300.0,-1.27047673,0.2,-0.04027308755321428,0.2083984375,0.19898034632205963,0.6586268557235598,0.030025452,0.0003,0.3250490427017212,2660,-0.767271513491869
548864,616,890,268,300.0,-1.8612834399999998,0.2,-0.03963966018927749,0.215673828125,0.08078470826148987,0.21229464816860855,0.032693792,0.0003,0.42888981103897095,2670,-0.8106464812532067
550912,616,893,269,300.0,-1.9409225399999996,0.2,-0.042769323129323314,0.22490234375,-0.025585807859897614,0.13826786833815277,0.03310974,0.0003,0.5671027302742004,2680,-0.8024899076670409
552960,617,895,270,300.0,-1.7263626399999996,0.2,-0.03670163927890826,0.197998046875,0.1862832009792328,0.5597809234634041,0.025981672,0.0003,0.26464587450027466,2690,-0.797098477371037
555008,618,897,271,300.0,-1.71971246,0.2,-0.039738204758032226,0.22626953125,-0.01851297914981842,0.15435519677121193,0.032124527,0.0003,0.5567648410797119,2700,-0.7759076148271561
557056,619,899,272,300.0,-1.5181759899999998,0.2,-0.038756130657566244,0.200390625,0.19465534389019012,0.5141247103456408,0.025635798,0.0003,0.2895824909210205,2710,-0.7972723837941885
559104,619,901,273,300.0,-1.86304806,0.2,-0.04159728227823507,0.212548828125,0.09476950764656067,0.4379572036676109,0.03162948,0.0003,0.4100266695022583,2720,-0.7922863001003861
561152,620,904,274,300.0,-1.4084335,0.2,-0.0409894457901828,0.20654296875,0.1838279664516449,0.5056985393166542,0.028262826,0.0003,0.41947537660598755,2730,-0.7961998678743839
563200,621,906,275,300.0,-1.18258462,0.2,-0.03890258580504451,0.22265625,0.41224241256713867,0.6157299709971994,0.026495181,0.0003,0.4646185636520386,2740,-0.7943785734474659
565248,622,908,276,300.0,-1.17598176,0.2,-0.0408975434693275,0.214111328125,0.12820811569690704,0.41742311329580845,0.030756041,0.0003,0.5390440225601196,2750,-0.7973056361079216
567296,622,910,277,300.0,-1.3349166000000003,0.2,-0.03790155067981686,0.2345703125,0.11120837926864624,0.2866624886635691,0.03288044,0.0003,0.6938726305961609,2760,-0.813538003526628
569344,623,913,278,300.0,-1.18829811,0.2,-0.04172327389533166,0.2248046875,0.29659003019332886,0.7416897139512002,0.033028662,0.0003,0.46205174922943115,2770,-0.7835983088240027
571392,623,915,279,300.0,-1.0527189,0.2,-0.044362179847666994,0.235986328125,0.09307636320590973,0.3904024523217231,0.03246962,0.0003,0.32263195514678955,2780,-0.7915509298443795
573440,624,918,280,300.0,-0.8466347400000004,0.2,-0.042069992724282204,0.225048828125,0.06538035720586777,0.4458923501893878,0.029149918,0.0003,0.23670905828475952,2790,-0.8039263563230634
575488,624,921,281,300.0,-0.88803312,0.2,-0.03613569300068775,0.209326171875,0.28020498156547546,0.751111319847405,0.030603962,0.0003,0.08279991149902344,2800,-0.7623611483722925
577536,625,923,282,300.0,-0.6351879699999998,0.2,-0.03943519760214258,0.225634765625,0.10524502396583557,0.41633804654702544,0.028681178,0.0003,0.05828028917312622,2810,-0.7739000050351024
579584,626,925,283,300.0,-0.18881828999999967,0.2,-0.04058575148519594,0.22578125,0.013677865266799927,0.3039088242687285,0.036216542,0.0003,-0.038636207580566406,2820,-0.7773026080802083
581632,626,927,284,300.0,-0.3680150199999997,0.2,-0.03620150374918012,0.213623046875,0.12102706730365753,0.40235217004083096,0.029967297,0.0003,0.13937044143676758,2830,-0.7868131091818213
583680,627,929,285,300.0,0.06292063000000031,0.2,-0.04423890883044805,0.2294921875,0.08000800758600235,0.262099681282416,0.030624654,0.0003,0.10898619890213013,2840,-0.7864972665905953
585728,628,932,286,300.0,-0.048463909999999694,0.2,-0.039260962413391096,0.2125,0.07757465541362762,0.27941630822606384,0.027498571,0.0003,0.12867170572280884,2850,-0.7793874962255358
587776,628,934,287,300.0,-0.30314372999999983,0.2,-0.038085563664208164,0.217578125,0.143171489238739,0.45365894343703983,0.02974003,0.0003,0.2700210213661194,2860,-0.8038780642673373
589824,629,936,288,300.0,-0.4920849299999999,0.2,-0.03816418478672858,0.22431640625,0.12016770243644714,0.3462595399469137,0.032387253,0.0003,0.1575973629951477,2870,-0.7899996660649776
591872,630,938,289,300.0,0.00031679000000003123,0.2,-0.04071427653543651,0.224365234375,0.21441322565078735,0.6998321454972029,0.02980567,0.0003,-0.04385936260223389,2880,-0.8149067563936114
593920,631,941,290,300.0,-0.7681141699999999,0.2,-0.04487994337832788,0.223828125,0.0969359427690506,0.2869827171321958,0.034132604,0.0003,0.19252675771713257,2890,-0.7644995039328932
595968,631,943,291,300.0,-0.7075038599999999,0.2,-0.04034765302785672,0.215625,0.021487265825271606,0.17487978055141867,0.0319102,0.0003,0.30759626626968384,2900,-0.787566060014069
598016,632,945,292,300.0,-0.5482217599999999,0.2,-0.04321554831694811,0.240087890625,0.008257567882537842,0.1697193389525637,0.03435803,0.0003,0.40639418363571167,2910,-0.7871339367702603
600064,589,1017,293,300.0,-0.33069419000000005,0.2,-0.04146341574960388,0.220751953125,0.06091725826263428,0.3428828995209187,0.032581978,0.0003,0.07205784320831299,2920,-0.7781305143609643
602112,590,1019,294,300.0,0.17234532000000002,0.2,-0.04161817909043748,0.22109375,-0.004724085330963135,0.11563330565113575,0.03775801,0.0003,0.20368069410324097,2930,-0.7603865368291736
604160,591,1021,295,300.0,0.3050429199999999,0.2,-0.03787498827296076,0.2107421875,-0.002162367105484009,0.19878307711333038,0.0305315,0.0003,0.09487181901931763,2940,-0.7847496643662453
606208,592,1023,296,300.0,0.38077175999999996,0.2,-0.04108435726375319,0.223583984375,0.0720156654715538,0.3130701882764697,0.029482588,0.0003,0.06684678792953491,2950,-0.7834020277485252
608256,592,1025,297,300.0,0.15243425000000005,0.2,-0.03909578082966618,0.221728515625,0.1728992462158203,0.5773610007017851,0.030182265,0.0003,-0.06497251987457275,2960,-0.772458947636187
610304,593,1028,298,300.0,0.52264837,0.2,-0.03614207193313632,0.197900390625,0.22492536902427673,0.446088172448799,0.028793843,0.0003,-0.13901424407958984,2970,-0.7997812420129776
612352,594,1030,299,300.0,0.24412258000000006,0.2,-0.0409613064432051,0.21025390625,-0.040006063878536224,0.1114254709566012,0.035304867,0.0003,-0.0644913911819458,2980,-0.7792452663183213
614400,594,1032,300,300.0,-0.11559698000000022,0.2,-0.03806262778089149,0.22001953125,-0.03459245339035988,0.06143928195815533,0.030726073,0.0003,0.15640902519226074,2990,-0.7882707793265581
616448,595,1035,301,300.0,-0.1283564300000001,0.2,-0.04396851269120816,0.23408203125,0.013294868171215057,0.18965947215911,0.03421638,0.0003,0.13399046659469604,3000,-0.7913732877001166
618496,595,1037,302,300.0,0.6309107299999999,0.2,-0.042640939686680215,0.22890625,0.09007527679204941,0.3370845468714833,0.03137457,0.0003,-0.01858222484588623,3010,-0.8019970651715994
620544,596,1039,303,300.0,0.32975403,0.2,-0.042089055164251474,0.218115234375,0.05539855360984802,0.27441772329621017,0.03056309,0.0003,0.09205013513565063,3020,-0.7939284840598703
622592,597,1042,304,300.0,0.1310950599999999,0.2,-0.040947514650179075,0.209326171875,0.3311072587966919,0.7984698414802551,0.029058553,0.0003,0.05155724287033081,3030,-0.795578595250845
624640,597,1044,305,300.0,0.5523762299999998,0.2,-0.03943445074837655,0.200341796875,0.09157075732946396,0.3753265390172601,0.028726596,0.0003,-0.02589285373687744,3040,-0.7962519057095051
626688,598,1046,306,300.0,0.7492871899999999,0.2,-0.0404901553702075,0.22978515625,0.10364045202732086,0.2974743911530823,0.038383044,0.0003,0.11016780138015747,3050,-0.7778545696288347
628736,599,1049,307,300.0,0.5932541000000001,0.2,-0.044359654566505924,0.22802734375,0.10134782642126083,0.26863353424705566,0.037106395,0.0003,0.20345985889434814,3060,-0.7854198077693582
630784,599,1051,308,300.0,0.59551832,0.2,-0.040988692292012276,0.226806640625,0.13125097751617432,0.36855504624545576,0.032840606,0.0003,0.2532200813293457,3070,-0.8051027750596405
632832,600,1054,309,300.0,0.5527698299999997,0.2,-0.03758514975197613,0.1986328125,0.028750978410243988,0.2938366409391165,0.028255802,0.0003,0.21080029010772705,3080,-0.7761827792972327
634880,601,1056,310,300.0,0.49615837999999984,0.2,-0.04087578722683247,0.22880859375,0.08579635620117188,0.2488394783809781,0.029960629,0.0003,0.2058488130569458,3090,-0.7568868594244123
636928,601,1058,311,300.0,1.0018299099999999,0.2,-0.03958121544274036,0.215234375,0.10574179887771606,0.42778795678168535,0.02723872,0.0003,0.2332434058189392,3100,-0.7880961207672954
638976,602,1060,312,300.0,0.48072396000000006,0.2,-0.04388960686628707,0.229541015625,0.02746576815843582,0.2052864594385028,0.033704955,0.0003,0.4746100902557373,3110,-0.7799469385296106
641024,603,1062,313,300.0,0.38246620000000014,0.2,-0.04236792319570668,0.238330078125,-0.005604758858680725,0.19284056380856782,0.03919231,0.0003,0.6136677265167236,3120,-0.7723050817847252
643072,603,1064,314,300.0,0.29672387000000017,0.2,-0.039858322303916796,0.222509765625,0.0697425901889801,0.41275864937342704,0.031740535,0.0003,0.481566846370697,3130,-0.7705699484795332
645120,604,1067,315,300.0,0.53060338,0.2,-0.04214592069620267,0.21865234375,0.08862397819757462,0.27546552778221667,0.03486946,0.0003,0.5858808755874634,3140,-0.7600029820576311
647168,604,1069,316,300.0,0.3690567799999998,0.2,-0.04165895482583437,0.225,0.11740683019161224,0.3557859039865434,0.033500805,0.0003,0.4951290488243103,3150,-0.7669759405776858
649216,604,1073,317,300.0,-0.59031925,0.2,-0.03756359977123793,0.208056640625,0.2608031630516052,0.5259135633241385,0.032132354,0.0003,0.30396783351898193,3160,-0.7783564975485205
651264,605,1075,318,300.0,-0.34587950000000023,0.2,-0.04021217385015916,0.209912109375,0.30455282330513,0.7445415053516626,0.031066772,0.0003,0.3014853596687317,3170,-0.8059794628992677
653312,605,1079,319,300.0,-0.3295520300000001,0.2,-0.04073823405778967,0.228515625,0.12170188874006271,0.48360179644078016,0.034712307,0.0003,0.08227258920669556,3180,-0.7844975586980582
655360,605,1082,320,300.0,-0.67275959,0.2,-0.043721108758472835,0.212841796875,0.02366930991411209,0.2528433358762413,0.030588767,0.0003,0.10257977247238159,3190,-0.7839478183537721
657408,606,1084,321,300.0,-0.9708276400000001,0.2,-0.043314193590777,0.2291015625,-0.026100631803274155,0.1525386097608134,0.03231053,0.0003,0.21007472276687622,3200,-0.7751033177599311
659456,606,1086,322,300.0,-1.2492671700000002,0.2,-0.04191836473764852,0.211474609375,0.06917036324739456,0.36557570383884014,0.031247951,0.0003,0.196685791015625,3210,-0.769506067223847
661504,606,1089,323,300.0,-1.2845399600000003,0.2,-0.04477740999718662,0.235546875,0.06313934922218323,0.26200994132086636,0.034086972,0.0003,0.1727367639541626,3220,-0.7822348363697529
663552,607,1092,324,300.0,-1.0827670299999999,0.2,-0.041083499509841206,0.21064453125,0.005678966641426086,0.17435402376577258,0.034603804,0.0003,0.40680211782455444,3230,-0.7635597998276353
665600,608,1094,325,300.0,-1.57933271,0.2,-0.04605736058729235,0.225,0.06098265200853348,0.3234637331683189,0.035669614,0.0003,0.3940475583076477,3240,-0.7671449717134238
667648,608,1096,326,300.0,-1.4240560499999995,0.2,-0.04281751294329297,0.21943359375,0.32005637884140015,0.9408996062353253,0.032084897,0.0003,-0.033458709716796875,3250,-0.774426961503923
669696,609,1099,327,300.0,-1.07686598,0.2,-0.0378795960044954,0.221484375,0.19520673155784607,0.7012954268604517,0.032020435,0.0003,0.1500236988067627,3260,-0.775359152443707
671744,609,1101,328,300.0,-1.0437379699999998,0.2,-0.042824139329604806,0.23193359375,-0.04983116686344147,0.09404456572374328,0.038423873,0.0003,0.5070024728775024,3270,-0.7675139334052801
673792,610,1104,329,300.0,-1.12555138,0.2,-0.03604588946327567,0.21982421875,0.13102945685386658,0.33182975759264083,0.029485757,0.0003,0.28177410364151,3280,-0.7950525417923927
675840,610,1106,330,300.0,-0.9793460999999999,0.2,-0.044458806567126884,0.21630859375,0.0939888283610344,0.3765156840439886,0.029862288,0.0003,0.38199299573898315,3290,-0.8017272565513849
677888,611,1108,331,300.0,-0.7286325100000002,0.2,-0.04255308526189765,0.22646484375,0.17148363590240479,0.4679042796604335,0.03481503,0.0003,0.4211268424987793,3300,-0.7779944697394967
679936,611,1111,332,300.0,-0.030130809999999925,0.2,-0.04341746566642542,0.225732421875,0.1449180245399475,0.44944411842152476,0.035009906,0.0003,0.25773167610168457,3310,-0.7928662821650505
681984,612,1113,333,300.0,-0.0214665199999999,0.2,-0.04369591524009593,0.230908203125,0.10668020695447922,0.32360246013849975,0.03398087,0.0003,0.5412259101867676,3320,-0.7997792918235064
684032,613,1115,334,300.0,0.1382940499999998,0.2,-0.04182143116195221,0.24150390625,0.045411840081214905,0.16341992006637157,0.031848505,0.0003,0.25911015272140503,3330,-0.7775647178292274
686080,613,1118,335,300.0,-0.21450760000000013,0.2,-0.04367714680411154,0.22099609375,-0.033769652247428894,0.1504038873827085,0.036233872,0.0003,0.013075113296508789,3340,-0.7996451064944268
688128,614,1120,336,300.0,0.00848611,0.2,-0.04276769364078063,0.22158203125,0.23397330939769745,0.8851622342132032,0.030622505,0.0003,0.13713210821151733,3350,-0.792869003303349
690176,614,1122,337,300.0,-0.08439173999999991,0.2,-0.04105144834029488,0.220654296875,0.23381143808364868,0.6423287937417627,0.029431002,0.0003,0.16285288333892822,3360,-0.8010097654536367
692224,615,1124,338,300.0,-0.2559081099999999,0.2,-0.04289026822225424,0.216943359375,0.1756598949432373,0.541902413405478,0.032140367,0.0003,0.2590188980102539,3370,-0.7828328112140298
694272,616,1127,339,300.0,0.29115789999999997,0.2,-0.04304311282758135,0.235107421875,0.03025668114423752,0.2694722897838801,0.031496093,0.0003,0.38991135358810425,3380,-0.7893450926989317
696320,616,1129,340,300.0,0.09975378000000003,0.2,-0.043123718426795674,0.221337890625,0.040902942419052124,0.3753275834489614,0.03069662,0.0003,0.16132628917694092,3390,-0.8127693101763726
698368,616,1132,341,300.0,0.2224348999999999,0.2,-0.04428828587697353,0.2359375,0.013795226812362671,0.21534497113898396,0.03603494,0.0003,-0.03945887088775635,3400,-0.8070628184825182
700416,585,1195,342,300.0,0.18581240999999993,0.2,-0.0425430274248356,0.220947265625,0.0333806648850441,0.24389555430971085,0.030927349,0.0003,-0.1013336181640625,3410,-0.8228032873943448
702464,586,1197,343,300.0,0.23610030999999992,0.2,-0.03993801519245608,0.223193359375,0.13729920983314514,0.3683445864589885,0.031999398,0.0003,0.1560778021812439,3420,-0.8000224381685257
704512,586,1200,344,300.0,0.31384229999999996,0.2,-0.04303616943361703,0.2373046875,-0.024447090923786163,0.14249969844240695,0.034254547,0.0003,0.16557300090789795,3430,-0.803996074013412
706560,587,1202,345,300.0,0.5569426799999999,0.2,-0.04408236597955693,0.22626953125,0.12293118983507156,0.3320415729191154,0.031835243,0.0003,0.17413270473480225,3440,-0.8135357659310103
708608,587,1205,346,300.0,0.56200092,0.2,-0.041254128074797336,0.233447265625,0.030286818742752075,0.27624674658291043,0.033874616,0.0003,0.2557308077812195,3450,-0.7964266331866383
710656,588,1207,347,300.0,0.35616470999999983,0.2,-0.04040746843093075,0.207470703125,0.32923030853271484,0.9339898945763707,0.02802937,0.0003,0.11422491073608398,3460,-0.7959206607192755
712704,588,1210,348,300.0,0.85703782,0.2,-0.04127710381289944,0.2337890625,0.046858713030815125,0.19577423422597348,0.034883987,0.0003,0.2165399193763733,3470,-0.7936348050832749
714752,589,1212,349,300.0,1.19299291,0.2,-0.04118175008916296,0.19755859375,0.2123987376689911,0.6294679014012218,0.026178496,0.0003,0.31337183713912964,3480,-0.781385132856667
716800,590,1214,350,300.0,1.2923093500000002,0.2,-0.04795065450889524,0.248291015625,0.09220925718545914,0.3873209708370268,0.038552605,0.0003,0.3246007561683655,3490,-0.8069658130407333
718848,590,1217,351,300.0,1.6644542999999998,0.2,-0.04396873770456296,0.230859375,0.12302523851394653,0.5419573457911611,0.032156862,0.0003,0.26884233951568604,3500,-0.7984317220747471
720896,590,1219,352,300.0,1.3415834800000002,0.2,-0.043574580832500945,0.24453125,0.02574136108160019,0.3241778509225696,0.03581709,0.0003,0.464934766292572,3510,-0.7896806959062814
722944,591,1222,353,300.0,1.6118826199999998,0.2,-0.04530586206819862,0.23603515625,0.12414120882749557,0.38683771835640074,0.036123104,0.0003,0.5985975861549377,3520,-0.7839835036545992
724992,591,1224,354,300.0,1.4301944700000002,0.2,-0.040110671313595955,0.235791015625,0.09462720155715942,0.364065904263407,0.035186667,0.0003,0.49132853746414185,3530,-0.7872591776773333
727040,592,1227,355,300.0,1.6192424900000004,0.2,-0.039299271232448516,0.22646484375,0.12458613514900208,0.5859922458417713,0.03254324,0.0003,0.3739240765571594,3540,-0.7673586750403046
729088,592,1229,356,300.0,1.75334417,0.2,-0.03900653781602159,0.223876953125,0.5039864182472229,0.9625785684213042,0.033264764,0.0003,0.2967168688774109,3550,-0.7724723197519779
731136,593,1232,357,300.0,1.3421834399999997,0.2,-0.04441608085471671,0.2505859375,0.04223322868347168,0.28733826060779394,0.03565608,0.0003,0.23895996809005737,3560,-0.7792873468250037
733184,594,1234,358,300.0,1.32259308,0.2,-0.038507014123024416,0.21396484375,0.18894708156585693,0.5655098473653197,0.029197425,0.0003,0.19010847806930542,3570,-0.7597637729719281
735232,594,1236,359,300.0,1.59529745,0.2,-0.043726246841833925,0.232080078125,0.031718652695417404,0.2128621689742431,0.03371624,0.0003,0.1915258765220642,3580,-0.7835375092923641
737280,595,1238,360,300.0,0.3526823199999999,0.2,-0.045414594997419046,0.235888671875,0.06589267402887344,0.42994378693401814,0.034483183,0.0003,-0.02181065082550049,3590,-0.7639522952958941
739328,595,1240,361,300.0,-0.13700846000000005,0.2,-0.04353493264061399,0.244287109375,0.12041790783405304,0.41098257978446784,0.040004715,0.0003,-0.11045622825622559,3600,-0.7686948366463184
741376,596,1243,362,300.0,-0.16546741,0.2,-0.04387129459064454,0.214697265625,0.2757965326309204,0.5956282251514494,0.029378805,0.0003,0.08710336685180664,3610,-0.7651603793725371
743424,596,1245,363,300.0,-0.11246427000000025,0.2,-0.04176042310646153,0.243212890625,0.13833612203598022,0.515818717610091,0.039457884,0.0003,-0.07092785835266113,3620,-0.7894327910616994
745472,597,1248,364,300.0,-0.2723656800000002,0.2,-0.04287462499050889,0.247900390625,-0.0014358684420585632,0.15973737565800547,0.03196469,0.0003,-0.18224239349365234,3630,-0.7800410540774465
747520,597,1250,365,300.0,0.2656832899999999,0.2,-0.04134999961825088,0.20537109375,0.09685222804546356,0.45805866341106594,0.027594991,0.0003,-0.012477517127990723,3640,-0.7784652978181839
749568,598,1252,366,300.0,0.5159073300000001,0.2,-0.04301447620673571,0.2287109375,0.1029844805598259,0.31354377013631163,0.037026983,0.0003,-0.0074846744537353516,3650,-0.783012087084353
751616,598,1255,367,300.0,0.33374217999999994,0.2,-0.04334939086111263,0.233056640625,0.09231971204280853,0.46058896332979204,0.04077127,0.0003,0.18667680025100708,3660,-0.7720344811677933
753664,599,1257,368,300.0,0.20592355999999995,0.2,-0.04254074972413946,0.218115234375,0.05999547988176346,0.462287687510252,0.03550903,0.0003,-0.36952412128448486,3670,-0.7635874260216952
755712,599,1259,369,300.0,0.89854784,0.2,-0.04375171483552549,0.2279296875,0.02891761064529419,0.22038847198709846,0.03529305,0.0003,0.28616636991500854,3680,-0.7536540757864714
757760,600,1262,370,300.0,0.60993727,0.2,-0.0466003581736004,0.230126953125,0.3032383322715759,0.6440579567104578,0.031784005,0.0003,0.10612350702285767,3690,-0.7669668640941382
759808,600,1264,371,300.0,0.9288348500000001,0.2,-0.03707606873795157,0.238330078125,0.010136671364307404,0.31741305915638807,0.0347997,0.0003,0.17589396238327026,3700,-0.7699010169133544
761856,601,1266,372,300.0,1.0973324500000001,0.2,-0.03632680450973567,0.23310546875,0.0736735463142395,0.429404914798215,0.031955853,0.0003,0.27248185873031616,3710,-0.7687226254492998
763904,602,1268,373,300.0,0.6468939600000003,0.2,-0.04320798075350467,0.234423828125,0.018435806035995483,0.21429689177311956,0.03616837,0.0003,0.36181318759918213,3720,-0.7725768556818366
765952,602,1271,374,300.0,0.34340848000000024,0.2,-0.0437695447151782,0.234765625,0.05638860911130905,0.19401120631955565,0.03964618,0.0003,0.5404156446456909,3730,-0.7587808107957243
768000,602,1275,375,300.0,0.4806447300000001,0.2,-0.03783084250462707,0.214453125,0.45899930596351624,0.9971558292396366,0.029941887,0.0003,0.24919646978378296,3740,-0.7565606644377112
770048,602,1277,376,300.0,0.89762445,0.2,-0.04344864628801588,0.231396484375,0.33267074823379517,0.6358565573580564,0.032616273,0.0003,0.2640589475631714,3750,-0.7764863152056932
772096,603,1280,377,300.0,0.9768639099999998,0.2,-0.03897156174643897,0.2310546875,0.19095905125141144,0.4880024789832532,0.031004282,0.0003,0.29156041145324707,3760,-0.7749278645962476
774144,603,1282,378,300.0,0.8484847500000001,0.2,-0.040315367991570386,0.224365234375,0.18184000253677368,0.5928136613219976,0.03140603,0.0003,0.07787853479385376,3770,-0.7579657910391688
776192,604,1284,379,300.0,0.2524379500000002,0.2,-0.043885978443722704,0.236376953125,0.13004560768604279,0.5932001231238246,0.034912467,0.0003,0.1251612901687622,3780,-0.7518948981538415
778240,604,1286,380,300.0,-0.036768979999999944,0.2,-0.04151706066331826,0.21513671875,0.04344656690955162,0.2644643728621304,0.029576164,0.0003,0.4724946618080139,3790,-0.7581782259047032
780288,605,1289,381,300.0,0.08435116999999971,0.2,-0.04261090504005551,0.22802734375,0.16642996668815613,0.47670275904238224,0.031196095,0.0003,0.27073705196380615,3800,-0.7630218511447311
782336,605,1291,382,300.0,0.7141499299999999,0.2,-0.040461754566058515,0.210009765625,0.12283331900835037,0.42273583088535815,0.030604048,0.0003,0.018873155117034912,3810,-0.752805769070983
784384,606,1293,383,300.0,0.49595556,0.2,-0.044198944853269494,0.232177734375,0.31878259778022766,0.6578746025450528,0.033323955,0.0003,-0.06483471393585205,3820,-0.7722976908087731
786432,606,1296,384,300.0,0.47744194,0.2,-0.03861042732314672,0.238330078125,0.16923443973064423,0.5873725888319313,0.039693538,0.0003,0.004014134407043457,3830,-0.7580434272065759
788480,607,1298,385,300.0,0.6682351400000001,0.2,-0.045571990698226726,0.2369140625,0.05249737203121185,0.21879391064867376,0.038286116,0.0003,0.04870730638504028,3840,-0.7641278272494674
790528,608,1300,386,300.0,0.23805923999999987,0.2,-0.04367971629835665,0.239208984375,0.4936521053314209,1.0340750709176063,0.03300408,0.0003,-0.02369391918182373,3850,-0.7638599367812275
792576,608,1302,387,300.0,0.14764285999999996,0.2,-0.04689754839200759,0.233984375,0.16103699803352356,0.5042765066958964,0.035165984,0.0003,-0.025062918663024902,3860,-0.7519940106198192
794624,609,1304,388,300.0,0.47382549999999996,0.2,-0.04415854445542209,0.2263671875,0.0305766761302948,0.26460411078296603,0.036467858,0.0003,-0.007449626922607422,3870,-0.7580134276300668
796672,609,1306,389,300.0,0.7599765399999998,0.2,-0.04110102906706743,0.219677734375,0.026347599923610687,0.22985036212485283,0.03311231,0.0003,-0.05251312255859375,3880,-0.7651548154652119
798720,610,1308,390,300.0,0.10991899999999985,0.2,-0.047274068239494225,0.233447265625,0.15162892639636993,0.4798095767386258,0.041789986,0.0003,0.043131470680236816,3890,-0.732845626398921
800768,583,1373,391,300.0,0.27409098000000026,0.2,-0.039688168009161015,0.213525390625,0.14295709133148193,0.4969466275535524,0.0336266,0.0003,0.07430732250213623,3900,-0.7468324897810816
802816,583,1375,392,300.0,0.04284462000000018,0.2,-0.04711267993261572,0.23935546875,0.07642704248428345,0.4209948180243373,0.033305533,0.0003,0.04586184024810791,3910,-0.7323250595480204
804864,584,1377,393,300.0,0.13478270000000037,0.2,-0.042027976209647024,0.2193359375,0.05953077971935272,0.41278191888704896,0.03444233,0.0003,-0.03776085376739502,3920,-0.7329019602388144
806912,584,1380,394,300.0,0.9132400700000004,0.2,-0.042074920787126754,0.2400390625,0.08115927875041962,0.30975919105112554,0.040111534,0.0003,0.007103919982910156,3930,-0.7224375952035189
808960,585,1382,395,300.0,0.7949021000000001,0.2,-0.044490502803819255,0.25556640625,0.0029369667172431946,0.16429514528717845,0.044374242,0.0003,-0.02356421947479248,3940,-0.725958801805973
811008,585,1384,396,300.0,0.7734956799999999,0.2,-0.043762723260442726,0.23408203125,0.0513542965054512,0.2537232820643112,0.033528604,0.0003,0.15901124477386475,3950,-0.7262137070298195
813056,586,1386,397,300.0,0.19271737999999985,0.2,-0.04035774743388174,0.221875,0.11380087584257126,0.4205296814907342,0.03436768,0.0003,0.14635199308395386,3960,-0.7040098967030645
815104,587,1388,398,300.0,0.09970293999999999,0.2,-0.044887533792643805,0.240625,0.07834550738334656,0.22993505524937063,0.043173008,0.0003,0.08202153444290161,3970,-0.7095962185412645
817152,587,1390,399,300.0,-0.16483505999999998,0.2,-0.044098867152933964,0.23017578125,0.05328705906867981,0.231802165415138,0.034343712,0.0003,0.2892877459526062,3980,-0.7037706900388002
819200,588,1392,400,300.0,-0.21364844000000008,0.2,-0.045834196262876506,0.2455078125,0.2375243455171585,0.5368951783515513,0.04065893,0.0003,0.22362172603607178,3990,-0.7227990165352821
821248,588,1394,401,300.0,-0.7683839700000001,0.2,-0.04032887674693484,0.206298828125,0.2914869785308838,0.7561719892546535,0.036528543,0.0003,0.12809395790100098,4000,-0.7254518495872617
823296,589,1397,402,300.0,-0.86463017,0.2,-0.0459742891631322,0.23232421875,-0.005816616117954254,0.16880394187755882,0.041077405,0.0003,0.3502355217933655,4010,-0.7244003269821405
825344,589,1399,403,300.0,-0.6136521399999999,0.2,-0.04371138284477638,0.22919921875,0.2622038722038269,0.6010835066437721,0.038516626,0.0003,0.17637383937835693,4020,-0.7206808047369122
827392,590,1402,404,300.0,-0.7653432399999999,0.2,-0.043985310944844966,0.235888671875,0.09768912941217422,0.4154897845815867,0.037077792,0.0003,0.07750391960144043,4030,-0.7239829292520881
829440,590,1404,405,300.0,-0.6186072300000001,0.2,-0.041533185099251566,0.217724609375,0.20999285578727722,0.5704819633625448,0.037921723,0.0003,0.15483516454696655,4040,-0.6976376194506884
831488,591,1406,406,300.0,-0.8392279899999999,0.2,-0.044355120914406146,0.222412109375,0.12080644816160202,0.4088366664480418,0.039398685,0.0003,0.1078951358795166,4050,-0.6920837718993426
833536,591,1408,407,300.0,-0.7298372199999998,0.2,-0.041588177272933534,0.234375,0.11250157654285431,0.28128497432917354,0.038583346,0.0003,0.192529559135437,4060,-0.6871590679511428
835584,592,1410,408,300.0,-1.0324995000000003,0.2,-0.04064184539602138,0.234521484375,0.05501217022538185,0.266801805049181,0.041987047,0.0003,0.10679435729980469,4070,-0.6735596220940352
837632,592,1413,409,300.0,-1.45357279,0.2,-0.04541253931820392,0.240380859375,0.19221481680870056,0.5000609637238085,0.03567305,0.0003,0.17154192924499512,4080,-0.6992486868053674
839680,593,1415,410,300.0,-1.7111339200000004,0.2,-0.039923641274799596,0.223583984375,0.2013695240020752,0.7371836255304516,0.030223036,0.0003,-0.01600813865661621,4090,-0.695087386481464
841728,593,1417,411,300.0,-1.8559924800000003,0.2,-0.041941471779136916,0.240283203125,-0.03380176052451134,0.11874324752716348,0.03711336,0.0003,-0.056452155113220215,4100,-0.7101213796064257
843776,594,1419,412,300.0,-1.3646518,0.2,-0.037041960466012824,0.226025390625,0.09203983843326569,0.46314604273065924,0.03270848,0.0003,0.0616796612739563,4110,-0.7213133826851845
845824,594,1421,413,300.0,-0.8460858899999999,0.2,-0.04485169312101789,0.215087890625,0.17769530415534973,0.434782116021961,0.033288367,0.0003,0.09849387407302856,4120,-0.6943681171163917
847872,595,1423,414,300.0,-0.71326291,0.2,-0.043749839047086424,0.222119140625,0.06830514222383499,0.3308318869676441,0.035183974,0.0003,0.12474256753921509,4130,-0.6915586007758975
849920,596,1426,415,300.0,-0.9524324999999999,0.2,-0.04693849757895805,0.246630859375,0.0021849647164344788,0.17701701004989445,0.04530739,0.0003,0.032994210720062256,4140,-0.6985988518223166
851968,596,1428,416,300.0,-0.15370528,0.2,-0.043827585209510286,0.213037109375,0.2511363923549652,0.503913014382124,0.03568783,0.0003,0.08262366056442261,4150,-0.696063081920147
854016,596,1430,417,300.0,-0.4411203099999998,0.2,-0.04439572477422189,0.2333984375,0.020012453198432922,0.24744985564611852,0.045065526,0.0003,-0.03864645957946777,4160,-0.6946352869272232
856064,597,1432,418,300.0,-0.42635589,0.2,-0.043063600081950426,0.224609375,0.12189541757106781,0.34084918913431467,0.03615082,0.0003,0.00501328706741333,4170,-0.7056161753833294
858112,597,1434,419,300.0,0.2627513200000001,0.2,-0.04126608908700291,0.219384765625,0.17315036058425903,0.5710349270142615,0.03560262,0.0003,0.05237078666687012,4180,-0.6730751125141978
860160,598,1437,420,300.0,0.4164999000000001,0.2,-0.04283258580544498,0.225537109375,0.10680411756038666,0.42980192983523013,0.04020012,0.0003,-0.006678938865661621,4190,-0.6924302993342281
862208,598,1439,421,300.0,0.40009097000000005,0.2,-0.04204492964781821,0.23037109375,0.10765966773033142,0.3629775545094162,0.039219424,0.0003,0.0395503044128418,4200,-0.7077848073095083
864256,599,1441,422,300.0,0.29953434,0.2,-0.04204462358320597,0.218408203125,0.15460526943206787,0.43924227859824894,0.035256475,0.0003,0.013611316680908203,4210,-0.6852871887385845
866304,599,1444,423,300.0,0.40532267000000005,0.2,-0.04292001774592791,0.240478515625,0.12507951259613037,0.3676546737551689,0.03776461,0.0003,0.0832744836807251,4220,-0.7054249424487352
868352,600,1446,424,300.0,0.62025309,0.2,-0.044616176158888264,0.23583984375,0.029480453580617905,0.18170071027707307,0.04420305,0.0003,-0.06410789489746094,4230,-0.6757769134826959
870400,600,1448,425,300.0,0.3931106700000001,0.2,-0.0447685694496613,0.24736328125,0.1027609184384346,0.40372096723876894,0.04430455,0.0003,-0.00831758975982666,4240,-0.6800504475831985
872448,601,1451,426,300.0,0.5142805,0.2,-0.04301688852283405,0.229931640625,0.08926759660243988,0.3777540391776711,0.037194718,0.0003,0.10041236877441406,4250,-0.6635343446396291
874496,601,1453,427,300.0,-0.16881694999999997,0.2,-0.040335748558572956,0.222900390625,0.04412347078323364,0.2258408605121076,0.04100064,0.0003,0.216905415058136,4260,-0.6766419447958469
876544,602,1455,428,300.0,-0.37197181,0.2,-0.04601678517938126,0.24873046875,0.025591272860765457,0.15693678050301968,0.043028817,0.0003,0.4957157373428345,4270,-0.683522835932672
878592,602,1457,429,300.0,-0.23673017000000002,0.2,-0.04461130055860849,0.21923828125,0.1816551238298416,0.5667208811268211,0.04171647,0.0003,0.12167251110076904,4280,-0.6674834163859487
880640,603,1459,430,300.0,0.21350772999999992,0.2,-0.037747598998248574,0.22236328125,0.12889741361141205,0.2958616214105859,0.041851606,0.0003,0.1461021900177002,4290,-0.6598140427842736
882688,603,1461,431,300.0,0.13133907999999994,0.2,-0.04143524563696701,0.236572265625,0.05158793926239014,0.16507021284196527,0.045771483,0.0003,0.2227964997291565,4300,-0.6674922915175557
884736,603,1466,432,300.0,0.5721077600000001,0.2,-0.04307919987768401,0.235107421875,0.1579858660697937,0.3781889410223812,0.04254383,0.0003,0.17305219173431396,4310,-0.6563430296257138
886784,603,1470,433,300.0,0.5424780099999998,0.2,-0.04117300200159661,0.21162109375,0.16796915233135223,0.465183937177062,0.037609965,0.0003,0.04060840606689453,4320,-0.6434867916628718
888832,602,1474,434,300.0,0.5266368800000001,0.2,-0.04297671425156295,0.2421875,0.16900372505187988,0.41346202404238286,0.041391212,0.0003,0.04029291868209839,4330,-0.6349727245047688
890880,603,1477,435,300.0,-0.08905703,0.2,-0.04193340694473591,0.237060546875,0.1397571861743927,0.4257119592744857,0.045513097,0.0003,0.1513892412185669,4340,-0.6602841129526495
892928,603,1479,436,300.0,-0.41337396000000015,0.2,-0.04148300008673687,0.2255859375,0.06101960688829422,0.24658791050314904,0.038969703,0.0003,-0.3532719612121582,4350,-0.6433192802593112
894976,603,1481,437,300.0,-0.39395979000000003,0.2,-0.039402241169591436,0.218994140625,0.023075267672538757,0.244365492509678,0.042788513,0.0003,-0.004410505294799805,4360,-0.6460154893808067
897024,604,1484,438,300.0,-0.6564950199999999,0.2,-0.040695012372452766,0.223974609375,0.12009857594966888,0.3224641633220017,0.042431504,0.0003,-0.08700907230377197,4370,-0.6460442712530494
899072,604,1486,439,300.0,-0.7753089799999999,0.2,-0.0425723370644846,0.2220703125,0.2310011386871338,0.6623768901452423,0.0363281,0.0003,-0.020145654678344727,4380,-0.6546936079859733
901120,575,1564,440,300.0,-0.10851693999999996,0.2,-0.0426970139858895,0.232666015625,0.0374954491853714,0.22146303546614945,0.043184098,0.0003,0.04346722364425659,4390,-0.6664223033003509
903168,576,1566,441,300.0,-0.013407120000000168,0.2,-0.03987375109863933,0.22578125,0.08738064765930176,0.28395441072061656,0.037623987,0.0003,-0.08836221694946289,4400,-0.6600516068749129
905216,577,1568,442,300.0,-0.06649405000000005,0.2,-0.04201971843722276,0.2296875,0.16267356276512146,0.37414373974315823,0.03534082,0.0003,0.13067644834518433,4410,-0.6752249158918857
907264,577,1570,443,300.0,-0.39840717,0.2,-0.040152823235257526,0.22802734375,0.204713374376297,0.4192353581078351,0.038993523,0.0003,0.040091633796691895,4420,-0.6781049648299813
909312,578,1572,444,300.0,0.12697513000000002,0.2,-0.0392859917570604,0.2404296875,0.005578592419624329,0.1854435377754271,0.040580638,0.0003,0.016401231288909912,4430,-0.6889024522155524
911360,578,1574,445,300.0,-0.10512342999999985,0.2,-0.04295043449674267,0.240966796875,0.05093887448310852,0.19992768266238273,0.04034847,0.0003,0.05172920227050781,4440,-0.7022263376042247
913408,579,1576,446,300.0,0.03511958999999991,0.2,-0.04469486178131774,0.22900390625,0.012038536369800568,0.25498185721226035,0.03605354,0.0003,0.09196776151657104,4450,-0.6799348563887179
915456,579,1578,447,300.0,-0.1889799700000002,0.2,-0.0407336399613996,0.21318359375,0.006603963673114777,0.22177088614553214,0.035394438,0.0003,0.46113264560699463,4460,-0.6709661491215229
917504,580,1580,448,300.0,0.01745325000000009,0.2,-0.0459481284749927,0.23603515625,0.08054704964160919,0.2976931996177882,0.03977281,0.0003,0.16368043422698975,4470,-0.7014960112050176
919552,580,1583,449,300.0,0.4500183199999999,0.2,-0.042731056004413404,0.206005859375,0.22764381766319275,0.7510791758075357,0.032035805,0.0003,0.24146974086761475,4480,-0.685267548263073
921600,581,1585,450,300.0,0.7339911099999997,0.2,-0.04278325736377155,0.221630859375,0.09524671733379364,0.35534089170396327,0.03422486,0.0003,0.3773649334907532,4490,-0.6837747354060412
923648,581,1587,451,300.0,0.44278791999999983,0.2,-0.048506100071244874,0.255859375,0.02266625314950943,0.2718044365290552,0.046551906,0.0003,0.353715717792511,4500,-0.6971050815656781
925696,582,1589,452,300.0,1.16984701,0.2,-0.043747807745239696,0.234033203125,0.09456001967191696,0.29261870132759216,0.044935077,0.0003,0.3167799115180969,4510,-0.6951547514647245
927744,582,1592,453,300.0,1.1326412399999999,0.2,-0.0425526144754258,0.2146484375,0.027213267982006073,0.32988858832977713,0.03449144,0.0003,0.4716711640357971,4520,-0.682523525506258
929792,583,1594,454,300.0,1.28531814,0.2,-0.04304678417393006,0.21611328125,0.2909933626651764,0.8726858906447887,0.03414387,0.0003,0.18168866634368896,4530,-0.7023240905255079
931840,583,1596,455,300.0,1.1336045,0.2,-0.04305259923567064,0.24462890625,0.0763472318649292,0.2236263622296974,0.044154324,0.0003,0.2796134948730469,4540,-0.6896691903471946
933888,584,1598,456,300.0,1.4046546300000002,0.2,-0.04345159553340636,0.215478515625,0.0943327322602272,0.4069092568941414,0.03782346,0.0003,0.29811668395996094,4550,-0.6688229769468308
935936,584,1600,457,300.0,1.4313028100000003,0.2,-0.04692034797917586,0.2326171875,0.14893445372581482,0.39554761261679233,0.042452805,0.0003,0.38332903385162354,4560,-0.6841471161693334
937984,585,1602,458,300.0,1.3090969800000003,0.2,-0.0465766293782508,0.242041015625,0.056180499494075775,0.26064830129034816,0.0422332,0.0003,0.5375987887382507,4570,-0.6869486711919308
940032,585,1604,459,300.0,0.9599433,0.2,-0.04517846112430561,0.25751953125,-0.010332301259040833,0.09569599940441549,0.048403,0.0003,0.7687968015670776,4580,-0.6792107168585062
942080,586,1606,460,300.0,0.13375382000000025,0.2,-0.03811460868018912,0.215380859375,0.17147603631019592,0.40565360747277734,0.03288476,0.0003,0.4908522367477417,4590,-0.6679448245093227
944128,586,1608,461,300.0,0.16898596000000038,0.2,-0.04585307195375208,0.2482421875,-0.03223801404237747,0.2945191519334912,0.047676295,0.0003,0.6208011507987976,4600,-0.6844801880419255
946176,587,1611,462,300.0,-0.18839461999999998,0.2,-0.04606103927071672,0.25087890625,-0.01030140370130539,0.11784288622438907,0.043997765,0.0003,0.6234407424926758,4610,-0.680113491974771
948224,587,1613,463,300.0,-0.1652162299999999,0.2,-0.045592636885703544,0.2333984375,0.06041807681322098,0.3242493170779198,0.040289957,0.0003,0.38902443647384644,4620,-0.6821183511987329
950272,588,1615,464,300.0,-0.6520585699999999,0.2,-0.04219633356842678,0.22626953125,0.06535221636295319,0.2823059647344053,0.03149038,0.0003,0.06172215938568115,4630,-0.6902549508959055
952320,588,1617,465,300.0,-1.07101773,0.2,-0.0432768145823502,0.245166015625,0.014822781085968018,0.14236261007608847,0.04586514,0.0003,0.3227156400680542,4640,-0.6855509910732508
954368,589,1619,466,300.0,-1.2259019,0.2,-0.0462184948817594,0.248486328125,-0.020892992615699768,0.14625441196840255,0.040719233,0.0003,0.4938325881958008,4650,-0.6864625656977296
956416,589,1622,467,300.0,-1.60912771,0.2,-0.03873041046899743,0.207861328125,0.15420901775360107,0.5726355210877955,0.029284313,0.0003,0.227178692817688,4660,-0.6975821735337376
958464,590,1624,468,300.0,-1.6757745499999999,0.2,-0.04268175022443756,0.229150390625,-0.010843582451343536,0.1526446995907463,0.042772844,0.0003,0.5499779582023621,4670,-0.67754024900496
960512,590,1626,469,300.0,-2.2858485,0.2,-0.039893090369878335,0.23193359375,0.040653519332408905,0.22324071498587728,0.03991484,0.0003,0.6060981750488281,4680,-0.6992569759488105
962560,591,1628,470,300.0,-2.57520221,0.2,-0.046105202767648734,0.228955078125,0.037860408425331116,0.3335296537261456,0.041460432,0.0003,0.48517870903015137,4690,-0.6943908100947738
964608,591,1630,471,300.0,-2.59535598,0.2,-0.04470465931226499,0.2408203125,0.041871123015880585,0.17743305361364037,0.047165785,0.0003,0.6572845578193665,4700,-0.6970274852588773
966656,592,1632,472,300.0,-2.32200624,0.2,-0.04349872068851255,0.229296875,0.01448395848274231,0.21867277764249593,0.037288062,0.0003,0.6971514225006104,4710,-0.7085208153352142
968704,592,1634,473,300.0,-2.32049676,0.2,-0.04504841183952522,0.23330078125,0.08767029643058777,0.37695492929778995,0.04450524,0.0003,0.6123120784759521,4720,-0.7038951497524977
970752,592,1637,474,300.0,-2.32443266,0.2,-0.04183587138250004,0.221923828125,0.33517616987228394,0.7064183491282165,0.040725574,0.0003,0.4329754710197449,4730,-0.6757082985714078
972800,593,1639,475,300.0,-1.7096052300000002,0.2,-0.0468981118989177,0.2458984375,0.14566971361637115,0.4424064628779888,0.04190617,0.0003,0.5229427814483643,4740,-0.691978058218956
974848,593,1641,476,300.0,-1.38126678,0.2,-0.03847400604718132,0.237109375,0.2433849275112152,0.5982602554373443,0.03603778,0.0003,0.48044711351394653,4750,-0.6685584126040339
976896,594,1643,477,300.0,-1.2751877600000001,0.2,-0.04481990616914118,0.239111328125,0.16010800004005432,0.521430381666869,0.04114035,0.0003,0.5459505319595337,4760,-0.6681905740872025
978944,594,1645,478,300.0,-1.1536322300000001,0.2,-0.046026678348425776,0.23349609375,0.06722865253686905,0.36851844005286694,0.04278007,0.0003,0.6404019594192505,4770,-0.6640410428866744
980992,595,1647,479,300.0,-0.53046587,0.2,-0.04624516190669965,0.242431640625,-0.003765098750591278,0.13660037571098654,0.041686844,0.0003,0.8285681009292603,4780,-0.6708657283335924
983040,595,1650,480,300.0,-0.6720365600000001,0.2,-0.04260369836119935,0.235888671875,0.10757805407047272,0.42009936715476215,0.04188113,0.0003,0.6441932916641235,4790,-0.6600924820639194
985088,595,1652,481,300.0,-0.88818664,0.2,-0.042867413321800996,0.232861328125,0.11897934228181839,0.5526805939618498,0.03755873,0.0003,0.0765640139579773,4800,-0.6834050888195634
987136,596,1655,482,300.0,-0.8821478800000002,0.2,-0.042282837672973986,0.219384765625,0.23161590099334717,0.7293903895653784,0.035890874,0.0003,0.033003389835357666,4810,-0.6832272313535214
989184,596,1657,483,300.0,-0.90955005,0.2,-0.04607852580666076,0.244091796875,-0.02213694155216217,0.16925932788290082,0.04408668,0.0003,0.08258801698684692,4820,-0.6644721653312444
991232,597,1660,484,300.0,-0.8003803299999999,0.2,-0.04744462093221955,0.23974609375,0.05596520006656647,0.23963504629209637,0.03758378,0.0003,0.013824701309204102,4830,-0.6811841212213039
993280,597,1662,485,300.0,-0.54005989,0.2,-0.04151545835193247,0.2326171875,0.2649680972099304,0.5897165752947331,0.03477264,0.0003,0.12800496816635132,4840,-0.69280508402735
995328,597,1665,486,300.0,-0.5877652999999999,0.2,-0.037791488494258375,0.21953125,0.14891991019248962,0.6601131721399724,0.03878638,0.0003,-0.15251779556274414,4850,-0.6740243840962649
997376,598,1667,487,300.0,-0.9617801599999999,0.2,-0.04529393053671811,0.23525390625,0.09450749307870865,0.3616919016931206,0.039835397,0.0003,0.03532928228378296,4860,-0.6783925756812096
999424,598,1669,488,300.0,-0.73630868,0.2,-0.04184811844606884,0.228857421875,-0.008298218250274658,0.21332729780115187,0.035641856,0.0003,0.12924247980117798,4870,-0.6811093758791685
1001472,575,1740,489,300.0,-0.71902444,0.2,-0.0425234889582498,0.228369140625,0.13772860169410706,0.39087723125703633,0.034837924,0.0003,0.025870442390441895,4880,-0.672822130098939
1003520,575,1742,490,300.0,-1.2448799,0.2,-0.04990842214901932,0.249267578125,0.07580959796905518,0.39561400143429637,0.0434246,0.0003,0.2093399167060852,4890,-0.6782489486038685
1005568,576,1745,491,300.0,-1.3058809699999998,0.2,-0.04484130050695967,0.23251953125,0.17098918557167053,0.524047018866986,0.044649236,0.0003,0.23751455545425415,4900,-0.6538088472560049
1007616,576,1747,492,300.0,-1.23705001,0.2,-0.04400750558415893,0.214208984375,0.19213366508483887,0.5773238112218678,0.0351599,0.0003,0.2387039065361023,4910,-0.6727658281102776
1009664,577,1749,493,300.0,-1.7289599500000004,0.2,-0.04168814384320285,0.215673828125,0.20486244559288025,0.653276870585978,0.03402906,0.0003,0.2137378454208374,4920,-0.663555215485394
1011712,577,1752,494,300.0,-1.6522309800000001,0.2,-0.04438858882931527,0.23935546875,0.14245973527431488,0.4399892651475966,0.040382445,0.0003,0.31212425231933594,4930,-0.6674952406436205
1013760,577,1754,495,300.0,-1.49834324,0.2,-0.0405448869249085,0.21884765625,0.1985214352607727,0.5254773132503032,0.041437753,0.0003,0.3438277244567871,4940,-0.6491812992841005
1015808,578,1756,496,300.0,-0.3955207600000001,0.2,-0.04159554557700176,0.24765625,0.01857876032590866,0.30995778189972045,0.0454003,0.0003,0.5896026492118835,4950,-0.6521549155935645
1017856,578,1758,497,300.0,-0.39233425000000005,0.2,-0.043008642620407045,0.221484375,0.2565940320491791,0.7427683860063553,0.037797444,0.0003,0.26592153310775757,4960,-0.639514290727675
1019904,579,1761,498,300.0,-0.3900426699999999,0.2,-0.045710364644764925,0.25302734375,-0.028163626790046692,0.12791946288198233,0.05184459,0.0003,0.4374971389770508,4970,-0.63552903868258
1021952,579,1763,499,300.0,-0.8648379399999999,0.2,-0.04351724100415595,0.252294921875,0.05636245012283325,0.3308146341703832,0.042514097,0.0003,0.15784579515457153,4980,-0.6514781410805881
1024000,579,1765,500,300.0,-0.86039264,0.2,-0.04557669742498547,0.244775390625,0.02908504754304886,0.31488665053620934,0.03654267,0.0003,0.12445473670959473,4990,-0.6474057896062732
1026048,580,1768,501,300.0,-0.75488309,0.2,-0.040844366970122795,0.209326171875,0.12353236228227615,0.447941769938916,0.038529675,0.0003,0.08019596338272095,5000,-0.6112829497084021
1028096,580,1771,502,300.0,-0.7660980400000001,0.2,-0.044601271362626,0.225048828125,0.0444256067276001,0.3634571765549481,0.038122438,0.0003,0.27631545066833496,5010,-0.6241554152220488
1030144,580,1774,503,300.0,-0.6498815000000002,0.2,-0.041607661468151494,0.2453125,0.13054370880126953,0.43210509498603644,0.046277024,0.0003,0.05420035123825073,5020,-0.6397994240745902
1032192,581,1776,504,300.0,-0.66550156,0.2,-0.04466836118081119,0.237451171875,0.040036819875240326,0.23991825794801117,0.041780215,0.0003,0.36724287271499634,5030,-0.6445530232042074
1034240,581,1778,505,300.0,-0.72199474,0.2,-0.045560444038710554,0.24169921875,0.09001698344945908,0.3383340697735548,0.04342193,0.0003,0.14449787139892578,5040,-0.6673645185306668
1036288,581,1781,506,300.0,-0.84633188,0.2,-0.04444910853053443,0.25185546875,0.00928431749343872,0.14039368492085486,0.047338065,0.0003,0.25775593519210815,5050,-0.6367242282256484
1038336,582,1783,507,300.0,-0.8933675600000001,0.2,-0.04375167387916008,0.2431640625,0.07085895538330078,0.3066730021499097,0.04134866,0.0003,0.16719061136245728,5060,-0.650906115397811
1040384,582,1785,508,300.0,-0.5505668800000002,0.2,-0.044996455986984076,0.24296875,-0.006998613476753235,0.1542827579425648,0.042340383,0.0003,0.15502440929412842,5070,-0.6417179377749562
1042432,582,1788,509,300.0,-0.8798172500000001,0.2,-0.04549057822441682,0.240087890625,-0.0028366893529891968,0.15591409935150297,0.04279247,0.0003,0.4700816869735718,5080,-0.6668875208124518
1044480,583,1790,510,300.0,-1.16412953,0.2,-0.04036124166741502,0.20849609375,0.05826759338378906,0.3544279960449785,0.033159368,0.0003,0.32831960916519165,5090,-0.6823710586875678
1046528,583,1792,511,300.0,-1.1683976100000002,0.2,-0.04464220788795501,0.225732421875,0.0929165780544281,0.44154678797349334,0.037187103,0.0003,0.23546487092971802,5100,-0.6679084837436676
1048576,583,1795,512,300.0,-0.8609689800000002,0.2,-0.04551863711385522,0.231787109375,-0.011096037924289703,0.15555104322265834,0.0462557,0.0003,0.32547080516815186,5110,-0.6644417209550738
1050624,584,1797,513,300.0,-0.7528467700000001,0.2,-0.04235779332811944,0.237255859375,0.031149938702583313,0.1777646278264001,0.038417056,0.0003,0.37403565645217896,5120,-0.6534463098272681
1052672,584,1800,514,300.0,-0.6577097700000002,0.2,-0.04525942676409613,0.23486328125,-0.018441956490278244,0.1314988096244633,0.037630454,0.0003,0.32291460037231445,5130,-0.6750499134883284
1054720,585,1802,515,300.0,-0.4736035200000004,0.2,-0.043501305973040874,0.232421875,0.03630430996417999,0.24619043562561274,0.042954274,0.0003,0.1616581678390503,5140,-0.6706632690504193
1056768,585,1804,516,300.0,-0.17920317000000022,0.2,-0.04809793186141178,0.246240234375,0.011360395699739456,0.1749237964162603,0.050408155,0.0003,0.42345577478408813,5150,-0.6469422271475196
1058816,586,1806,517,300.0,-0.17993342,0.2,-0.04273607614159118,0.230078125,0.00398477166891098,0.25218214611522854,0.038065,0.0003,0.4304876923561096,5160,-0.6712557636201382
1060864,586,1809,518,300.0,-0.2086953600000001,0.2,-0.04417615756974556,0.228857421875,0.12307686358690262,0.46452403464354575,0.039624676,0.0003,0.3635336756706238,5170,-0.6736009757965803
1062912,586,1811,519,300.0,0.12391725000000006,0.2,-0.042982018130715005,0.2302734375,0.06585732102394104,0.3404483640100807,0.037947405,0.0003,0.5228190422058105,5180,-0.6778382858261466
1064960,587,1813,520,300.0,0.2724353,0.2,-0.045962263585533944,0.240625,0.02604394406080246,0.19265728052705527,0.04187569,0.0003,0.48725301027297974,5190,-0.6839262487366795
1067008,587,1815,521,300.0,0.11685797000000003,0.2,-0.04615812874399126,0.229833984375,0.029343068599700928,0.1896980044664815,0.03750732,0.0003,0.5783634781837463,5200,-0.6882367372512818
1069056,588,1817,522,300.0,0.3317225199999999,0.2,-0.046795317088253796,0.25498046875,0.05074930936098099,0.1929519236087799,0.03952361,0.0003,0.5587912201881409,5210,-0.7119519738480449
1071104,588,1819,523,300.0,0.8442458099999999,0.2,-0.04317692301119678,0.225927734375,0.05659177154302597,0.3457325028721243,0.034430742,0.0003,0.4318609833717346,5220,-0.7125328697264195
1073152,588,1822,524,300.0,0.72128207,0.2,-0.047484904929297043,0.22060546875,0.1870945692062378,0.6604391049593688,0.032866668,0.0003,0.15788912773132324,5230,-0.6994438316673041
1075200,589,1824,525,300.0,0.5649343899999998,0.2,-0.04382171274774009,0.216796875,0.2538972496986389,0.6751415769569575,0.038699802,0.0003,0.15476834774017334,5240,-0.6858626533299684
1077248,589,1826,526,300.0,0.6217776899999997,0.2,-0.0495950325159356,0.24873046875,0.24206869304180145,0.5167714386247099,0.045928486,0.0003,-0.08794283866882324,5250,-0.6943427393212914
1079296,590,1829,527,300.0,0.5163235099999998,0.2,-0.04723343708901666,0.25595703125,0.07293122261762619,0.31056543667800723,0.044257354,0.0003,-0.021587252616882324,5260,-0.7046002591028809
1081344,590,1832,528,300.0,0.25469908999999985,0.2,-0.04489134578034282,0.242431640625,-0.009225055575370789,0.159686042717658,0.044322517,0.0003,0.10050445795059204,5270,-0.700577205978334
1083392,590,1834,529,300.0,0.8409276999999998,0.2,-0.045505150340613906,0.23330078125,0.023754023015499115,0.21899978877045215,0.042598195,0.0003,0.10454702377319336,5280,-0.6811621220782399
1085440,590,1836,530,300.0,0.6969186099999999,0.2,-0.04407766181102488,0.24599609375,0.008442804217338562,0.17004002381581812,0.048576847,0.0003,0.06549417972564697,5290,-0.6831620056182146
1087488,591,1839,531,300.0,0.76307299,0.2,-0.04547901463811286,0.23125,0.1139579713344574,0.3795635332353413,0.044495326,0.0003,0.047168850898742676,5300,-0.6962289387360215
1089536,591,1841,532,300.0,1.01390839,0.2,-0.0462873312557349,0.24326171875,0.09004630148410797,0.3088895703665912,0.039313197,0.0003,-0.18814527988433838,5310,-0.6878086257725954
1091584,592,1843,533,300.0,0.6689205600000001,0.2,-0.04255396483349614,0.208349609375,0.2846202254295349,0.599627204425633,0.03460465,0.0003,-0.0014100074768066406,5320,-0.6921373207122088
1093632,592,1845,534,300.0,0.5535006299999999,0.2,-0.0448109433913487,0.22998046875,0.046064138412475586,0.2176195853855461,0.039056484,0.0003,0.041461169719696045,5330,-0.6945805246010422
1095680,592,1847,535,300.0,0.9747872200000002,0.2,-0.0465891225321684,0.251708984375,0.008177481591701508,0.19963468955829738,0.050343502,0.0003,0.09341931343078613,5340,-0.686385809071362
1097728,593,1850,536,300.0,0.7876122999999998,0.2,-0.04487596512190066,0.240087890625,0.06331784278154373,0.25021972581744195,0.041698318,0.0003,0.072532057762146,5350,-0.7046711361035705
1099776,593,1852,537,300.0,0.6041039599999999,0.2,-0.04601950480428059,0.2330078125,0.04342753440141678,0.24174040891230106,0.038490664,0.0003,0.22830915451049805,5360,-0.6987787876278162
1101824,573,1920,538,300.0,0.2997950700000001,0.2,-0.045197824272327124,0.22568359375,0.18100789189338684,0.42513606902211903,0.03716234,0.0003,0.2912195920944214,5370,-0.7028681948781014
1103872,574,1922,539,300.0,0.4063495799999998,0.2,-0.04550830021325965,0.23828125,0.14577379822731018,0.5022196548990905,0.03736787,0.0003,0.2998424172401428,5380,-0.6887672508135438
1105920,574,1924,540,300.0,0.14147985000000005,0.2,-0.04318404797813855,0.237841796875,-0.01684432476758957,0.09605156019097194,0.040100742,0.0003,0.7110372185707092,5390,-0.6723197773098946
1107968,574,1926,541,300.0,-0.16763859999999994,0.2,-0.04302357269625645,0.2208984375,0.1338154375553131,0.4893341104499996,0.031271502,0.0003,0.26568126678466797,5400,-0.6835175035521388
1110016,575,1929,542,300.0,-0.2213257199999999,0.2,-0.043566235463367776,0.223974609375,0.2055647075176239,0.49670021450147034,0.03625957,0.0003,0.3551768660545349,5410,-0.6909523075446486
1112064,575,1931,543,300.0,0.20381463000000039,0.2,-0.04664173053461127,0.22294921875,0.26172560453414917,0.8699824435636401,0.03759065,0.0003,0.25535500049591064,5420,-0.6858399359509348
1114112,576,1933,544,300.0,0.23852681000000014,0.2,-0.04233638354780851,0.22724609375,0.029952459037303925,0.3852715856861323,0.038773093,0.0003,0.14353197813034058,5430,-0.6639184942469001
1116160,576,1935,545,300.0,0.28002724,0.2,-0.04528991487750318,0.2283203125,0.005556188523769379,0.19455060616601258,0.04555268,0.0003,-0.007270693778991699,5440,-0.6665879501029849
1118208,577,1937,546,300.0,-0.08788123999999989,0.2,-0.043840232599177395,0.21787109375,0.21403717994689941,0.5176469807047397,0.037023608,0.0003,-0.014774084091186523,5450,-0.6529233599081635
1120256,577,1939,547,300.0,-0.6085253099999999,0.2,-0.04413018664927222,0.247119140625,-0.007486060261726379,0.20287877065129578,0.046605512,0.0003,0.2195662260055542,5460,-0.642660235054791
1122304,577,1942,548,300.0,-0.78845878,0.2,-0.043345901256543584,0.230517578125,0.09156179428100586,0.5198459373787045,0.0418124,0.0003,0.042666852474212646,5470,-0.6629861874505878
1124352,578,1944,549,300.0,-0.5462564999999999,0.2,-0.0417090960938367,0.225048828125,0.19772988557815552,0.6470795582979918,0.03411392,0.0003,-0.028210163116455078,5480,-0.6518916768953205
1126400,578,1946,550,300.0,-0.9904264500000002,0.2,-0.04061851118458435,0.21552734375,0.09204395860433578,0.37283063093200325,0.035260417,0.0003,-0.07298839092254639,5490,-0.6494744077324868
1128448,578,1949,551,300.0,-0.80892098,0.2,-0.04446106112736743,0.24296875,0.004785299301147461,0.19299222303088753,0.04755523,0.0003,0.04915648698806763,5500,-0.6676705993711949
1130496,579,1952,552,300.0,-0.4492317800000001,0.2,-0.04026893822010606,0.244873046875,0.13838158547878265,0.37515575052239003,0.043939974,0.0003,0.08715438842773438,5510,-0.684284033253789
1132544,579,1954,553,300.0,-0.3094877499999999,0.2,-0.04319796235649846,0.242578125,0.1499178111553192,0.5582896122708917,0.039199486,0.0003,0.0875210165977478,5520,-0.6789975451305509
1134592,579,1956,554,300.0,-0.2615037799999998,0.2,-0.04422585041611456,0.239306640625,0.11554846167564392,0.4919613296166062,0.035592884,0.0003,0.0600009560585022,5530,-0.6709124078974128
1136640,580,1959,555,300.0,0.07622319999999996,0.2,-0.04366821420553606,0.24765625,0.037072837352752686,0.25793745163828136,0.043523416,0.0003,0.002284407615661621,5540,-0.6888070959597826
1138688,580,1961,556,300.0,0.2796259200000001,0.2,-0.04496386285463814,0.240771484375,0.12337163090705872,0.5160672762431204,0.037517697,0.0003,0.019913136959075928,5550,-0.6770314984023571
1140736,581,1963,557,300.0,0.6207045699999999,0.2,-0.04290411650727037,0.242724609375,0.059158213436603546,0.2610608860850334,0.04217786,0.0003,-0.13049352169036865,5560,-0.6756832610815764
1142784,581,1965,558,300.0,0.4540370700000001,0.2,-0.0456345578742912,0.24287109375,0.0561513751745224,0.26410446036607027,0.044555962,0.0003,0.008572816848754883,5570,-0.6750236308202148
1144832,581,1967,559,300.0,0.29241301999999997,0.2,-0.04322306870017201,0.234130859375,0.12503230571746826,0.35657019848003985,0.035735723,0.0003,0.07470464706420898,5580,-0.6702344314195215
1146880,582,1969,560,300.0,0.5595441199999999,0.2,-0.0452962023060536,0.244091796875,0.15649013221263885,0.6288113581947983,0.038967047,0.0003,0.01618516445159912,5590,-0.6863203682005405
1148928,582,1972,561,300.0,0.9378626299999999,0.2,-0.045435835048556326,0.24443359375,0.12250039726495743,0.42281031724996865,0.0438487,0.0003,-0.006869316101074219,5600,-0.6984038777649403
1150976,582,1975,562,300.0,1.2802983100000005,0.2,-0.04333113414468244,0.27041015625,-0.0024742186069488525,0.29040449918247757,0.05023011,0.0003,0.09931117296218872,5610,-0.7144491795450449
1153024,583,1977,563,300.0,1.04435109,0.2,-0.049862289291922934,0.257421875,0.08974066376686096,0.3539002529345453,0.04655715,0.0003,0.293856143951416,5620,-0.6935212913900614
1155072,583,1979,564,300.0,1.3652340699999999,0.2,-0.0445822436013259,0.254833984375,0.032485999166965485,0.3059359137900174,0.044158846,0.0003,0.08524340391159058,5630,-0.6903832772746682
1157120,583,1982,565,300.0,1.11532866,0.2,-0.04358677873315173,0.239453125,0.12170931696891785,0.4313284965232015,0.040906064,0.0003,0.11989414691925049,5640,-0.6962013855576515
1159168,584,1984,566,300.0,0.78833552,0.2,-0.044680440392403396,0.21982421875,0.4344676733016968,1.1420934689231217,0.03605183,0.0003,-0.012375354766845703,5650,-0.6991627030074596
1161216,584,1986,567,300.0,0.6027372100000001,0.2,-0.04707865607051644,0.242333984375,0.15377473831176758,0.4182719327509403,0.04327062,0.0003,-0.0028221607208251953,5660,-0.695129850693047
1163264,584,1988,568,300.0,0.8196426900000003,0.2,-0.04706712398183299,0.265283203125,0.01308249682188034,0.14009117840323598,0.04913969,0.0003,0.606528639793396,5670,-0.7026891507208347
1165312,585,1991,569,300.0,1.06609552,0.2,-0.04503578788426239,0.2302734375,0.008910700678825378,0.2856184446718544,0.039156683,0.0003,0.16689777374267578,5680,-0.6847966676577926
1167360,585,1993,570,300.0,0.25898085000000015,0.2,-0.04117505472968332,0.2318359375,0.14934207499027252,0.5398005112074316,0.04016491,0.0003,0.022582650184631348,5690,-0.6941139745526016
1169408,586,1995,571,300.0,-0.16751615999999994,0.2,-0.04366683262778679,0.25595703125,-0.020009055733680725,0.15844718252774329,0.047421463,0.0003,0.31338590383529663,5700,-0.6861392358317971
1171456,586,1998,572,300.0,-0.4084506899999999,0.2,-0.044233698511379774,0.231201171875,0.09537431597709656,0.28779592383652924,0.038695093,0.0003,0.0007309913635253906,5710,-0.6716542817652226
1173504,586,2000,573,300.0,-0.38386902000000006,0.2,-0.04377444130368531,0.23193359375,0.19160345196723938,0.6568066194653511,0.039465576,0.0003,0.010539650917053223,5720,-0.6881021864712238
1175552,586,2002,574,300.0,-0.41259614999999994,0.2,-0.044220538172521626,0.24541015625,0.021572265774011612,0.1482303774682805,0.048775442,0.0003,-0.06865537166595459,5730,-0.6716256275773048
1177600,587,2005,575,300.0,0.07158620999999987,0.2,-0.04817151361494325,0.252783203125,0.09872686117887497,0.3415562334470451,0.04114902,0.0003,-0.013930320739746094,5740,-0.6741134213283658
1179648,587,2007,576,300.0,-0.10151651000000009,0.2,-0.04408400679240003,0.221435546875,0.1387673318386078,0.5000046195928007,0.03722271,0.0003,-0.022454380989074707,5750,-0.6864370174705983
1181696,588,2009,577,300.0,-0.24824981000000013,0.2,-0.05008622465247754,0.24755859375,0.16549533605575562,0.4857143827714026,0.03911546,0.0003,0.06264287233352661,5760,-0.6850327648222446
1183744,588,2012,578,300.0,0.009144980000000054,0.2,-0.04195201847760473,0.232080078125,0.12184445559978485,0.4525317075662315,0.041278984,0.0003,0.06440341472625732,5770,-0.6588050056248903
1185792,588,2014,579,300.0,0.013919240000000076,0.2,-0.04484791667637182,0.230517578125,0.19514518976211548,0.8288709954358637,0.04103529,0.0003,0.1637839674949646,5780,-0.6783160012215376
1187840,588,2017,580,300.0,0.21494478999999994,0.2,-0.04501303487049881,0.2302734375,0.10745492577552795,0.45474874014034866,0.04385938,0.0003,0.2412426471710205,5790,-0.6772760469466448
1189888,589,2020,581,300.0,0.39090192,0.2,-0.04727665754617192,0.25869140625,-0.03650373965501785,0.17496576390694826,0.052557897,0.0003,0.2427259087562561,5800,-0.682644781563431
1191936,589,2022,582,300.0,0.2981543500000001,0.2,-0.04383777686889516,0.23759765625,0.11311861127614975,0.4940322546288371,0.046289377,0.0003,0.16362416744232178,5810,-0.6635916452854872
1193984,589,2024,583,300.0,-0.58049689,0.2,-0.04275771606771741,0.235498046875,0.02030298113822937,0.3454138831235468,0.04180243,0.0003,0.2799280285835266,5820,-0.6812481554225087
1196032,590,2026,584,300.0,0.22525206000000003,0.2,-0.04614056546779466,0.228271484375,0.4763036370277405,0.8071866055950523,0.03914193,0.0003,0.04686164855957031,5830,-0.6861505245789885
1198080,590,2028,585,300.0,0.56179164,0.2,-0.04625805231044069,0.25703125,-0.010629147291183472,0.1661236686864868,0.049333964,0.0003,0.35928696393966675,5840,-0.6913873869925737
1200128,571,2099,586,300.0,0.3989171299999999,0.2,-0.0424660462726024,0.227490234375,0.2344328761100769,0.566798482928425,0.04035107,0.0003,0.2616198658943176,5850,-0.6800345569849015
1202176,572,2101,587,300.0,0.4358642799999999,0.2,-0.043480745787383056,0.244189453125,0.3343198299407959,0.534571063797921,0.040362835,0.0003,0.2275315523147583,5860,-0.7043342120945454
1204224,572,2103,588,300.0,0.4665293799999998,0.2,-0.041972753786831164,0.234521484375,0.21726176142692566,0.6184019152075052,0.03842815,0.0003,0.2188515067100525,5870,-0.7037384254857898
1206272,572,2106,589,300.0,0.33813005999999973,0.2,-0.04587191703030839,0.241748046875,0.17199623584747314,0.4058353742584586,0.044647947,0.0003,-0.006860852241516113,5880,-0.6961031846702099
1208320,572,2109,590,300.0,0.34206095000000003,0.2,-0.04632079237780999,0.240283203125,0.11244012415409088,0.460477837594226,0.040255696,0.0003,0.060640692710876465,5890,-0.7029409997165204
1210368,573,2111,591,300.0,0.5331719199999999,0.2,-0.049881878643645905,0.2638671875,-0.017523378133773804,0.15208742634858935,0.047651686,0.0003,-0.5014432668685913,5900,-0.6996520388871431
1212416,573,2113,592,300.0,0.6070270199999999,0.2,-0.04915430618566461,0.257861328125,0.04697485268115997,0.3106154591310769,0.045146577,0.0003,0.08672767877578735,5910,-0.694962410070002
1214464,573,2116,593,300.0,0.55089048,0.2,-0.04443231975892559,0.24169921875,0.11588151007890701,0.33433426669798794,0.04561494,0.0003,0.0720415711402893,5920,-0.6880390260368585
1216512,574,2118,594,300.0,-0.24741272999999983,0.2,-0.04680118445539847,0.25078125,0.04058518260717392,0.2846607018262148,0.044683397,0.0003,-0.015046954154968262,5930,-0.7146426264196635
1218560,574,2120,595,300.0,0.2688107800000001,0.2,-0.051499264471931386,0.26923828125,-0.0009889528155326843,0.19025873970240353,0.04621707,0.0003,-0.03476738929748535,5940,-0.7033440452069044
1220608,574,2123,596,300.0,0.30774513999999986,0.2,-0.04446456294972449,0.23447265625,0.13575983047485352,0.46913062781095505,0.040534317,0.0003,0.1396382451057434,5950,-0.6683816455304623
1222656,575,2125,597,300.0,0.004403550000000065,0.2,-0.047346463083522396,0.23701171875,0.20135825872421265,0.6373719165101648,0.042707812,0.0003,0.020634829998016357,5960,-0.690748798660934
1224704,575,2127,598,300.0,0.09514679999999999,0.2,-0.04703615744947456,0.240087890625,-0.006517589092254639,0.1286311039701104,0.045871336,0.0003,0.19627857208251953,5970,-0.7059760577976704
1226752,575,2129,599,300.0,0.055281680000000034,0.2,-0.044931779766920955,0.2591796875,0.05431871861219406,0.18367540908511729,0.047116216,0.0003,0.060773491859436035,5980,-0.6782644126564265
1228800,576,2133,600,300.0,0.1459584900000002,0.2,-0.04005739525600802,0.227294921875,0.2188958078622818,0.6475207466632128,0.0397664,0.0003,-0.0032486915588378906,5990,-0.6711700202897191
1230848,576,2135,601,300.0,0.25658346000000004,0.2,-0.04724606865784153,0.2416015625,0.050709329545497894,0.2518002613913268,0.049747817,0.0003,-0.2362288236618042,6000,-0.6825242165476084
1232896,576,2137,602,300.0,0.70428001,0.2,-0.046145586366765204,0.2482421875,0.0608382448554039,0.2931142371147871,0.044064373,0.0003,-0.007123351097106934,6010,-0.716438902541995
1234944,576,2140,603,300.0,0.8736481700000002,0.2,-0.04895379030203913,0.23037109375,0.24798154830932617,0.667838847823441,0.041218348,0.0003,-0.006276369094848633,6020,-0.696949127316475
1236992,577,2142,604,300.0,0.4565901500000004,0.2,-0.046489830760401675,0.257177734375,0.033069610595703125,0.21759217069484293,0.047624383,0.0003,0.1698439121246338,6030,-0.7052196763455868
1239040,577,2145,605,300.0,0.31126581000000003,0.2,-0.048561715317191556,0.23642578125,0.16130201518535614,0.562572723813355,0.04420926,0.0003,0.05330920219421387,6040,-0.7006045114248991
1241088,577,2147,606,300.0,0.2902528399999999,0.2,-0.04169482286961283,0.2251953125,0.1802314817905426,0.5568197986576706,0.03818813,0.0003,0.014032483100891113,6050,-0.6807150775566697
1243136,578,2149,607,300.0,0.15153257000000012,0.2,-0.0471442632493563,0.252197265625,0.01681329309940338,0.2559714871225879,0.045849092,0.0003,0.32901692390441895,6060,-0.6807920033112168
1245184,578,2151,608,300.0,0.3237017300000001,0.2,-0.0447699260810623,0.244091796875,0.21022620797157288,0.5032841646112501,0.04020568,0.0003,0.14634966850280762,6070,-0.69840071760118
1247232,579,2154,609,300.0,0.24458822000000016,0.2,-0.04568184447562089,0.247412109375,0.10849909484386444,0.4287765652872622,0.043840975,0.0003,0.041972219944000244,6080,-0.6897391833364963
1249280,579,2156,610,300.0,-0.09212295000000001,0.2,-0.04645160858053714,0.261181640625,0.050828784704208374,0.26393107674084604,0.049800288,0.0003,-0.05873310565948486,6090,-0.7162564389407635
1251328,579,2158,611,300.0,0.1329181900000003,0.2,-0.04936914052814245,0.25849609375,0.1829088181257248,0.6204220710322261,0.04461121,0.0003,-0.05811965465545654,6100,-0.7190717356279492
1253376,580,2160,612,300.0,0.4032033200000001,0.2,-0.04190330027777236,0.240234375,0.13235384225845337,0.4183727246709168,0.04184532,0.0003,-0.11621510982513428,6110,-0.7000684956088662
1255424,580,2163,613,300.0,0.7160530800000001,0.2,-0.04378806162276305,0.247607421875,0.027886822819709778,0.26000343323685227,0.040744565,0.0003,0.046822965145111084,6120,-0.6819454519078135
1257472,580,2165,614,300.0,0.8084517400000002,0.2,-0.049453273220569825,0.257861328125,0.06986652314662933,0.36375649957917633,0.046167757,0.0003,0.09856677055358887,6130,-0.6977072780951857
1259520,581,2167,615,300.0,0.4798169300000004,0.2,-0.045653639017837123,0.24580078125,0.13119356334209442,0.25249334059190004,0.0440458,0.0003,0.1771906018257141,6140,-0.6988886527717113
1261568,581,2169,616,300.0,0.009316010000000033,0.2,-0.046814302365237384,0.237890625,0.23110449314117432,0.624303522799164,0.043998003,0.0003,0.17528194189071655,6150,-0.7002573687583208
1263616,581,2172,617,300.0,0.13883902999999992,0.2,-0.046513502470043024,0.250048828125,-0.018968697637319565,0.112241174839437,0.05051759,0.0003,0.5455926656723022,6160,-0.6740717034786939
1265664,582,2174,618,300.0,-0.16853204999999968,0.2,-0.04460646989464294,0.242236328125,0.11490395665168762,0.4047325863037258,0.048430815,0.0003,0.07778745889663696,6170,-0.6747018955647945
1267712,582,2176,619,300.0,-0.07907688999999996,0.2,-0.045924597897101196,0.243896484375,0.06812205910682678,0.3035269057843834,0.042555064,0.0003,0.24136221408843994,6180,-0.680919386446476
1269760,582,2178,620,300.0,0.3031280999999999,0.2,-0.04630875269358512,0.248681640625,0.07619382441043854,0.36588966283015906,0.04802159,0.0003,0.06313377618789673,6190,-0.6758875086903572
1271808,583,2180,621,300.0,0.16942674999999993,0.2,-0.04397137711785035,0.233935546875,0.22985169291496277,0.7209988452494145,0.044734333,0.0003,-0.05740916728973389,6200,-0.6769062004983425
1273856,583,2182,622,300.0,-0.05326852000000006,0.2,-0.047948860039468855,0.25478515625,0.1696852743625641,0.5244057812727988,0.04704604,0.0003,-0.1570347547531128,6210,-0.6618529729545116
1275904,583,2185,623,300.0,0.14740690999999995,0.2,-0.0458485782990465,0.24970703125,0.06798963248729706,0.2780139375012368,0.045547754,0.0003,-0.029473423957824707,6220,-0.6549224844202399
1277952,584,2187,624,300.0,0.24548659999999994,0.2,-0.04531200682686176,0.237744140625,0.12270857393741608,0.47609486281871793,0.049787715,0.0003,-0.0196683406829834,6230,-0.6466059310361743
1280000,584,2189,625,300.0,0.47521076999999984,0.2,-0.04718633678712649,0.243896484375,0.11138556897640228,0.4593965967185795,0.045391988,0.0003,0.09236222505569458,6240,-0.673044976964593
1282048,584,2192,626,300.0,0.9719867,0.2,-0.04457620432949625,0.2361328125,0.14722637832164764,0.34942323467694225,0.045575544,0.0003,0.21238374710083008,6250,-0.6739558805711567
1284096,585,2194,627,300.0,0.6672221400000001,0.2,-0.04903528217546409,0.244677734375,0.041559815406799316,0.27713631708174946,0.044422314,0.0003,-0.05111074447631836,6260,-0.6808969212695957
1286144,585,2196,628,300.0,0.5760041799999999,0.2,-0.045172462219488806,0.22958984375,0.018826425075531006,0.15166569731663912,0.03991681,0.0003,0.11288344860076904,6270,-0.6504658760502935
1288192,586,2198,629,300.0,0.4532366099999997,0.2,-0.04711142549640499,0.246142578125,0.013310834765434265,0.18373274570330977,0.04547343,0.0003,0.22239607572555542,6280,-0.6616733755916357
1290240,586,2200,630,300.0,0.70877287,0.2,-0.04485523829498561,0.242138671875,0.13682225346565247,0.5225827028043568,0.04478641,0.0003,0.23986327648162842,6290,-0.6538946829736233
1292288,586,2202,631,300.0,0.56370186,0.2,-0.04484941833652556,0.232861328125,0.13121289014816284,0.2637395435012877,0.042620152,0.0003,0.12374281883239746,6300,-0.6691146112978459
1294336,587,2204,632,300.0,0.8430776599999998,0.2,-0.0407108782150317,0.220947265625,0.13994017243385315,0.42789899292401967,0.039967857,0.0003,0.24354147911071777,6310,-0.6594471191987396
1296384,587,2206,633,300.0,1.28475624,0.2,-0.045681653794599694,0.23779296875,0.029609329998493195,0.31467056651599706,0.044336073,0.0003,0.3274548053741455,6320,-0.6260633804835379
1298432,587,2208,634,300.0,1.84048083,0.2,-0.04303756691806484,0.24052734375,0.10703984647989273,0.4523383376188576,0.039589554,0.0003,0.27698272466659546,6330,-0.6462052400223911
1300480,572,2273,635,300.0,1.7028408099999999,0.2,-0.047359752334887165,0.229296875,0.0799209475517273,0.27006458174437287,0.04314366,0.0003,0.3157537579536438,6340,-0.651965893432498
1302528,572,2275,636,300.0,1.54091666,0.2,-0.04619227456860244,0.23310546875,0.019032619893550873,0.24353113253600894,0.049109355,0.0003,0.08789962530136108,6350,-0.6587937841191888
1304576,572,2277,637,300.0,1.58782318,0.2,-0.052795514100580476,0.277978515625,-0.032020777463912964,0.08557673571631312,0.072518304,0.0003,0.4325449466705322,6360,-0.6471942473202944
1306624,573,2280,638,300.0,1.47924131,0.2,-0.04704355341236806,0.237158203125,0.045741938054561615,0.21592251700349152,0.047587395,0.0003,0.3709481358528137,6370,-0.6540275128558278
1308672,573,2282,639,300.0,1.05352486,0.2,-0.04110452186432667,0.247412109375,0.11099197715520859,0.32155632791109384,0.045688037,0.0003,0.12249034643173218,6380,-0.6328937954269349
1310720,573,2284,640,300.0,0.8614290499999998,0.2,-0.04931466826528776,0.248876953125,0.13273948431015015,0.4377848074771464,0.048993357,0.0003,0.2052900195121765,6390,-0.6545280462130905
1312768,574,2286,641,300.0,1.1365292299999998,0.2,-0.04826490371488035,0.2494140625,-0.051820673048496246,0.1289791365386918,0.052322492,0.0003,0.2717588543891907,6400,-0.6384728396311402
1314816,574,2288,642,300.0,0.7785749599999999,0.2,-0.04697388691129163,0.24267578125,0.1846919059753418,0.5406002942472696,0.04180208,0.0003,0.12102401256561279,6410,-0.6309013423509896
1316864,574,2290,643,300.0,1.0548854300000001,0.2,-0.0482248163461918,0.249267578125,0.09642152488231659,0.32350010313093663,0.042590797,0.0003,0.05835038423538208,6420,-0.6458130123093724
1318912,575,2292,644,300.0,0.94597944,0.2,-0.0463999543862883,0.232421875,0.1565864384174347,0.4131990697234869,0.043562874,0.0003,0.19063282012939453,6430,-0.6463697095401585
1320960,575,2295,645,300.0,0.5699915400000001,0.2,-0.046065784845268354,0.247607421875,0.1673964560031891,0.471301328856498,0.0441032,0.0003,-0.011316418647766113,6440,-0.6432151898741723
1323008,575,2297,646,300.0,0.5911277699999999,0.2,-0.04414868041058071,0.22744140625,0.26474642753601074,0.6072365226224065,0.04059446,0.0003,-0.08160626888275146,6450,-0.6373143620789051
1325056,576,2299,647,300.0,0.9727851000000001,0.2,-0.04701384335930925,0.246337890625,0.0531654879450798,0.2807509741280228,0.045385025,0.0003,0.01042187213897705,6460,-0.6415947051718831
1327104,576,2301,648,300.0,0.39127179000000006,0.2,-0.04538434501882875,0.256103515625,0.037774138152599335,0.1999929707031697,0.051416654,0.0003,-0.3327711820602417,6470,-0.6302590373903513
1329152,576,2303,649,300.0,0.2700586400000001,0.2,-0.04619909982429817,0.231396484375,0.1007094457745552,0.39031804711557927,0.044972528,0.0003,0.06662839651107788,6480,-0.6300892150960863
1331200,577,2305,650,300.0,0.10959624000000005,0.2,-0.04435883637925144,0.24033203125,0.15266984701156616,0.5001503174193204,0.043369483,0.0003,-0.014598727226257324,6490,-0.6311805974692106
1333248,577,2308,651,300.0,0.31495853999999995,0.2,-0.04371226077346364,0.2564453125,0.05391495302319527,0.21731248344294726,0.04442273,0.0003,-0.012322664260864258,6500,-0.6368877083994449
1335296,578,2310,652,300.0,0.5407317199999999,0.2,-0.045495834841858596,0.2474609375,0.1339271366596222,0.33758572856895624,0.045232583,0.0003,-0.07323312759399414,6510,-0.6299587331712246
1337344,578,2312,653,300.0,0.70564031,0.2,-0.04551186698663514,0.248779296875,0.13175927102565765,0.263511127140373,0.05029117,0.0003,0.024603724479675293,6520,-0.6229692599736154
1339392,578,2314,654,300.0,0.26694189000000007,0.2,-0.04871268364659045,0.24794921875,-0.0020582303404808044,0.19063930129632353,0.0498202,0.0003,0.008600592613220215,6530,-0.617807904817164
1341440,579,2316,655,300.0,0.5741782499999999,0.2,-0.04162321957774111,0.23046875,0.07252513617277145,0.3814683091361076,0.043238238,0.0003,-0.04344141483306885,6540,-0.6216093603521585
1343488,579,2319,656,300.0,0.2380412300000002,0.2,-0.04592724089161493,0.249169921875,0.004634477198123932,0.17855550977401435,0.05124063,0.0003,-0.010586977005004883,6550,-0.6011037105694413
1345536,579,2321,657,300.0,0.8011671699999998,0.2,-0.04412389833596535,0.241943359375,0.103013776242733,0.3950493632350117,0.05225128,0.0003,0.08697140216827393,6560,-0.5885638643056155
1347584,580,2323,658,300.0,0.9492830099999998,0.2,-0.044716546857671347,0.23525390625,0.15160499513149261,0.41919660530984404,0.04242259,0.0003,0.17403769493103027,6570,-0.5998963939025999
1349632,580,2325,659,300.0,0.6240230899999998,0.2,-0.03803525549301412,0.232861328125,0.12223679572343826,0.4299134914763272,0.050933644,0.0003,0.051127731800079346,6580,-0.5920483514666557
1351680,580,2327,660,300.0,0.8318836600000001,0.2,-0.047186278099252375,0.2373046875,0.1677708923816681,0.5665039629675448,0.041693054,0.0003,0.127701997756958,6590,-0.5904072360135615
1353728,581,2329,661,300.0,0.8978242799999998,0.2,-0.04400182282843161,0.240869140625,0.12110283970832825,0.3775355758611113,0.051242642,0.0003,0.26959478855133057,6600,-0.5998649151064456
1355776,581,2332,662,300.0,1.0080589500000001,0.2,-0.037916518546990116,0.22373046875,0.28592240810394287,0.5153530525509268,0.04209549,0.0003,-0.08824753761291504,6610,-0.6074923849664629
1357824,581,2334,663,300.0,0.9865834800000001,0.2,-0.041756499235634695,0.231201171875,0.07188084721565247,0.3514677713159472,0.045987036,0.0003,0.18407386541366577,6620,-0.6015471489168703
1359872,582,2336,664,300.0,0.76776005,0.2,-0.04471363745396957,0.2591796875,0.04336809366941452,0.2407696394249797,0.052247666,0.0003,0.20368283987045288,6630,-0.6134452460333705
1361920,582,2338,665,300.0,0.88166853,0.2,-0.044760475744260474,0.2615234375,0.08399725705385208,0.41193453897722065,0.04731498,0.0003,0.10962563753128052,6640,-0.6191219246014953
1363968,582,2340,666,300.0,0.7221578199999997,0.2,-0.04517241898574866,0.23212890625,0.07851549237966537,0.41483879419974984,0.05150482,0.0003,0.12825077772140503,6650,-0.5953301336616278
1366016,583,2342,667,300.0,0.8844997400000001,0.2,-0.042966120530036275,0.245849609375,0.054668840020895004,0.27748079379089174,0.05615802,0.0003,0.10911440849304199,6660,-0.6056213587522506
1368064,583,2345,668,300.0,1.1855459300000002,0.2,-0.045608690872904846,0.239990234375,0.08517026901245117,0.4553680716082454,0.048106477,0.0003,0.17318177223205566,6670,-0.6090549482032657
1370112,583,2347,669,300.0,1.3448836000000002,0.2,-0.045085715429740957,0.229736328125,0.12546861171722412,0.37250363756902516,0.048523225,0.0003,0.22106695175170898,6680,-0.5992355910129845
1372160,584,2349,670,300.0,0.8753982600000002,0.2,-0.04695620833517751,0.2224609375,0.28268057107925415,0.649436182435602,0.03799115,0.0003,0.22163838148117065,6690,-0.5997788907028735
1374208,584,2351,671,300.0,0.7057970800000001,0.2,-0.042374923251918516,0.217431640625,0.056104209274053574,0.23928181333467363,0.04362358,0.0003,0.43283611536026,6700,-0.5894261269830168
1376256,584,2353,672,300.0,-0.08551479000000003,0.2,-0.04093270241864957,0.237744140625,0.15744918584823608,0.462717793835327,0.049834516,0.0003,0.17008477449417114,6710,-0.5933188088238239
1378304,585,2355,673,300.0,0.042408469999999934,0.2,-0.038357056936365555,0.223486328125,0.09685558080673218,0.3928017306141555,0.04106248,0.0003,0.3605322241783142,6720,-0.5788597378879785
1380352,585,2358,674,300.0,0.5047045000000001,0.2,-0.04476786159793846,0.251220703125,-0.015949469059705734,0.12813589244615287,0.055094592,0.0003,0.3307725787162781,6730,-0.5726147743873298
1382400,585,2360,675,300.0,0.12553459000000036,0.2,-0.040304537853808144,0.2259765625,0.07662108540534973,0.48684772406704724,0.04516237,0.0003,0.16754436492919922,6740,-0.5879943111911416
1384448,586,2362,676,300.0,0.43392721000000006,0.2,-0.04773325977585045,0.25029296875,0.05394020676612854,0.31283835088834167,0.049640615,0.0003,0.016184449195861816,6750,-0.5788048451766372
1386496,586,2364,677,300.0,0.4969237099999998,0.2,-0.04359475525416201,0.2359375,-0.027709193527698517,0.18847372953314334,0.058154404,0.0003,-0.03909647464752197,6760,-0.5753883371129632
1388544,586,2366,678,300.0,0.7312141299999999,0.2,-0.043123413203284146,0.237646484375,0.007119849324226379,0.1682212594198063,0.055134416,0.0003,0.006592512130737305,6770,-0.5667999845929443
1390592,586,2369,679,300.0,0.8259469399999999,0.2,-0.045568246953189374,0.238671875,0.01837518811225891,0.22718765437602997,0.052498277,0.0003,0.09740537405014038,6780,-0.5840534624643624
1392640,587,2371,680,300.0,0.92183519,0.2,-0.04442583901109174,0.22451171875,0.14626652002334595,0.4405914622358978,0.0384748,0.0003,0.0197221040725708,6790,-0.5813054313883186
1394688,587,2373,681,300.0,1.12629345,0.2,-0.04559538918256294,0.241162109375,0.044230565428733826,0.19221892370842397,0.049243476,0.0003,0.21052390336990356,6800,-0.5859910353086889
1396736,587,2375,682,300.0,0.5020256,0.2,-0.04801899725862313,0.256298828125,0.07877492904663086,0.28986578588373957,0.0519272,0.0003,0.2342016100883484,6810,-0.5911018069833517
1398784,588,2377,683,300.0,0.38015597,0.2,-0.04494582059560344,0.24208984375,0.16518878936767578,0.5297479609027504,0.04271681,0.0003,0.07557284832000732,6820,-0.5886072987690568
1400832,573,2442,684,300.0,0.2944968200000001,0.2,-0.04636654711794108,0.235107421875,0.023004703223705292,0.17311340174637735,0.04338325,0.0003,0.05000913143157959,6830,-0.5754174559377134
1402880,573,2444,685,300.0,0.14784687999999999,0.2,-0.0444297931942856,0.236474609375,-0.026850122958421707,0.12823671053629368,0.048370607,0.0003,0.3679584860801697,6840,-0.5628011458553374
1404928,574,2446,686,300.0,0.4152154400000001,0.2,-0.04360624166583875,0.240478515625,0.007038861513137817,0.18180926314089446,0.044965595,0.0003,0.32375967502593994,6850,-0.5971627264283598
1406976,574,2449,687,300.0,0.73046659,0.2,-0.0425280983094126,0.225048828125,0.15957419574260712,0.5456857735291123,0.043146178,0.0003,0.12601935863494873,6860,-0.5656649303622544
1409024,574,2451,688,300.0,0.6058684799999999,0.2,-0.04233881869877223,0.244091796875,0.004284042865037918,0.13141109915450216,0.05310046,0.0003,-0.018806099891662598,6870,-0.5918489642441273
1411072,575,2453,689,300.0,0.41229586000000007,0.2,-0.044697860244195906,0.2404296875,0.09123300015926361,0.372865064907819,0.04287769,0.0003,0.011770427227020264,6880,-0.5853638070635497
1413120,575,2455,690,300.0,0.81397198,0.2,-0.04598341807432007,0.225830078125,0.07185348868370056,0.5269557056948543,0.045127634,0.0003,-0.03907120227813721,6890,-0.5809759974479676
1415168,575,2457,691,300.0,0.05332774000000015,0.2,-0.0425287100719288,0.216796875,0.12024824321269989,0.4727533496916294,0.042120345,0.0003,-0.13022196292877197,6900,-0.5758251558057964
1417216,576,2460,692,300.0,-0.20603940999999992,0.2,-0.043383271478523965,0.232666015625,0.13484086096286774,0.39530411730520426,0.047718577,0.0003,-0.08295238018035889,6910,-0.5685081221163273
1419264,576,2462,693,300.0,0.19526827000000008,0.2,-0.04413641030550934,0.236279296875,0.17462760210037231,0.48024524403735996,0.047608495,0.0003,0.006981611251831055,6920,-0.582251095212996
1421312,576,2464,694,300.0,0.12208160999999995,0.2,-0.04489753965463024,0.246923828125,0.04917467385530472,0.2775796927046031,0.0475073,0.0003,0.136175274848938,6930,-0.590128974802792
1423360,577,2466,695,300.0,-0.17460292000000016,0.2,-0.04337138950359076,0.2419921875,0.028433263301849365,0.19261709530837834,0.05424896,0.0003,0.2657315731048584,6940,-0.5821735564619303
1425408,577,2468,696,300.0,-0.0868993,0.2,-0.04381458770367317,0.222265625,0.006666615605354309,0.17162042413838208,0.039039616,0.0003,0.281236469745636,6950,-0.591660145111382
1427456,577,2470,697,300.0,-0.18043976,0.2,-0.04113833812007215,0.22548828125,0.21679332852363586,0.6150936939753592,0.038621694,0.0003,0.1701224446296692,6960,-0.6021878113038838
1429504,577,2473,698,300.0,0.09836966999999992,0.2,-0.04619219763262663,0.251611328125,0.00456634908914566,0.22361723503563552,0.05023031,0.0003,0.3851693868637085,6970,-0.5960941984318197
1431552,578,2475,699,300.0,-0.16650980000000007,0.2,-0.04464677243377082,0.230908203125,0.018132291734218597,0.2038189890794456,0.049682945,0.0003,0.3503952622413635,6980,-0.5755307279527188
1433600,578,2477,700,300.0,-0.19590690000000013,0.2,-0.0480296967929462,0.240673828125,0.008676402270793915,0.18002739660441874,0.050016288,0.0003,0.4753047227859497,6990,-0.5986983162350953
1435648,578,2479,701,300.0,0.10481445000000011,0.2,-0.04547032164700795,0.23974609375,0.21767930686473846,0.4737559492234141,0.04883086,0.0003,0.19681894779205322,7000,-0.5795486781746149
1437696,579,2481,702,300.0,-0.2173762400000001,0.2,-0.04271125359227881,0.23134765625,0.1097947210073471,0.49433745443820953,0.04192691,0.0003,0.059111952781677246,7010,-0.5799640915356576
1439744,579,2483,703,300.0,-0.2641759699999999,0.2,-0.039768666235613634,0.214453125,0.3574613034725189,0.5356748048216105,0.04092253,0.0003,0.01600170135498047,7020,-0.5953516205772758
1441792,579,2485,704,300.0,-0.8527633000000001,0.2,-0.04363983479852322,0.229443359375,0.19916461408138275,0.5487436805851758,0.04592502,0.0003,0.057160258293151855,7030,-0.5871507634408772
1443840,580,2488,705,300.0,-1.26453477,0.2,-0.043808481120504436,0.24912109375,0.046762581914663315,0.3399742630310357,0.051042616,0.0003,0.15960907936096191,7040,-0.5871714293025434
1445888,580,2490,706,300.0,-0.6283341599999998,0.2,-0.04322921792627312,0.2427734375,0.04401305317878723,0.23213830173481256,0.049153127,0.0003,0.1639224886894226,7050,-0.5812799892388284
1447936,580,2493,707,300.0,-0.9735369,0.2,-0.041465107791009356,0.23369140625,0.12372009456157684,0.464673247653991,0.0453296,0.0003,0.04913443326950073,7060,-0.5705103062093257
1449984,581,2495,708,300.0,-0.9909322300000002,0.2,-0.04357628314755857,0.23251953125,0.035045377910137177,0.28452345440164206,0.05149603,0.0003,0.050402164459228516,7070,-0.5663991832174361
1452032,581,2497,709,300.0,-0.86266805,0.2,-0.03926316106662853,0.21181640625,0.10029826313257217,0.34084137142635884,0.041539796,0.0003,0.21711212396621704,7080,-0.5558597971685231
1454080,581,2500,710,300.0,-1.2206937299999998,0.2,-0.04441993088839809,0.23642578125,0.06426233053207397,0.24078754389192908,0.0503399,0.0003,0.3632219433784485,7090,-0.5805975152179599
1456128,581,2502,711,300.0,-1.2822140599999998,0.2,-0.04469813906034688,0.24326171875,0.02604719251394272,0.2002643047599122,0.05402693,0.0003,0.45297396183013916,7100,-0.5883090790361166
1458176,582,2504,712,300.0,-0.9785879100000001,0.2,-0.040599186965846454,0.21279296875,0.3752514123916626,0.7912796336226166,0.03866664,0.0003,0.24075520038604736,7110,-0.6006997812539339
1460224,582,2506,713,300.0,-0.6398614200000003,0.2,-0.04353926189651247,0.235009765625,0.028111770749092102,0.20363161857239903,0.05130841,0.0003,0.25011998414993286,7120,-0.5798068979755044
1462272,582,2508,714,300.0,-0.5188882400000002,0.2,-0.04517195547232404,0.24560546875,0.09159258008003235,0.30956054679118095,0.049929164,0.0003,0.28874671459198,7130,-0.6002575115300715
1464320,583,2510,715,300.0,-0.6041128299999999,0.2,-0.045951803597563415,0.25634765625,-0.034281499683856964,0.10280932962195947,0.059587408,0.0003,0.5837525725364685,7140,-0.597769039683044
1466368,583,2512,716,300.0,-0.5520024099999998,0.2,-0.03988684026699048,0.234326171875,0.1420632004737854,0.3319092828780413,0.04858204,0.0003,0.16220790147781372,7150,-0.5812004703097046
1468416,583,2514,717,300.0,-0.39336041999999977,0.2,-0.04406719243270345,0.24912109375,0.040946148335933685,0.3787851527798921,0.043864522,0.0003,0.03283286094665527,7160,-0.5987451768480241
1470464,584,2517,718,300.0,0.0385466600000002,0.2,-0.04915413950220682,0.255517578125,-0.016301192343235016,0.1490327086765319,0.053036507,0.0003,-0.0333636999130249,7170,-0.5992217417806387
1472512,584,2519,719,300.0,-0.13135880999999994,0.2,-0.044604248367249966,0.230712890625,0.05266128480434418,0.26106822811998426,0.050711088,0.0003,-0.029280781745910645,7180,-0.5712092280387878
1474560,584,2521,720,300.0,0.13172888,0.2,-0.044921077828621495,0.24306640625,0.21215635538101196,0.38015903593041,0.048481893,0.0003,-0.05600428581237793,7190,-0.5705761478282512
1476608,585,2523,721,300.0,-0.046898059999999867,0.2,-0.04618919429194648,0.251708984375,-0.00307517871260643,0.19805766646750272,0.050831556,0.0003,-0.07887327671051025,7200,-0.5800659127533436
1478656,585,2525,722,300.0,0.3070556400000001,0.2,-0.0433135089057032,0.252294921875,0.07088631391525269,0.30269830115139484,0.049850225,0.0003,0.07111907005310059,7210,-0.5772382532246411
1480704,585,2528,723,300.0,0.0781175000000001,0.2,-0.04603496892959811,0.253369140625,0.009441405534744263,0.16372188753448427,0.06264296,0.0003,-0.15572893619537354,7220,-0.5945139557123185
1482752,585,2530,724,300.0,-0.07301025999999997,0.2,-0.04517947667336557,0.2427734375,-0.008473493158817291,0.17176036802120506,0.04634309,0.0003,0.0006091594696044922,7230,-0.6089668466709555
1484800,586,2532,725,300.0,0.25442971999999997,0.2,-0.04441639188444242,0.228662109375,0.17363649606704712,0.5344843083061278,0.044210076,0.0003,-0.01643502712249756,7240,-0.5906401317566633
1486848,586,2535,726,300.0,-0.04403570000000003,0.2,-0.0456980342278257,0.244091796875,0.05109979957342148,0.2717303644865751,0.048394047,0.0003,0.033881306648254395,7250,-0.616448119841516
1488896,586,2537,727,300.0,0.054999679999999954,0.2,-0.043928981671342626,0.2380859375,0.0264117494225502,0.20478957872837783,0.045069665,0.0003,0.15028256177902222,7260,-0.5971271907910705
1490944,586,2540,728,300.0,-0.04469371000000002,0.2,-0.03856542901921785,0.227734375,0.12832096219062805,0.41561752851121125,0.04160232,0.0003,0.03529250621795654,7270,-0.6030377121642232
1492992,587,2542,729,300.0,0.16134432,0.2,-0.0449705409060698,0.23974609375,0.04743924364447594,0.2147819837089628,0.046020616,0.0003,0.06100398302078247,7280,-0.6032189375720918
1495040,587,2544,730,300.0,-0.15852527999999994,0.2,-0.043473769541014916,0.250390625,0.0702345073223114,0.37001086990348997,0.053761385,0.0003,-0.07133650779724121,7290,-0.620334885455668
1497088,587,2547,731,300.0,-0.15956348000000006,0.2,-0.04488260821672156,0.23408203125,0.015827521681785583,0.23965429277159273,0.051417414,0.0003,-0.012558698654174805,7300,-0.5820042829029262
1499136,587,2549,732,300.0,-0.041763619999999994,0.2,-0.04129475474765058,0.232666015625,0.22026212513446808,0.6645205278880895,0.04512345,0.0003,0.01801323890686035,7310,-0.5975940303876996
1501184,571,2627,733,300.0,0.15502863000000006,0.2,-0.04390301477687899,0.235595703125,0.0016766339540481567,0.15492763998918235,0.052827276,0.0003,0.3033251166343689,7320,-0.5905355064198374
1503232,571,2629,734,300.0,-0.007272290000000053,0.2,-0.04514213053917047,0.236962890625,0.07038334757089615,0.29757338729687033,0.049833342,0.0003,0.1000942587852478,7330,-0.5813827038742602
1505280,571,2631,735,300.0,0.026693860000000017,0.2,-0.04486469975090586,0.241064453125,0.04156699776649475,0.3569405218120664,0.058301233,0.0003,-0.1426783800125122,7340,-0.5932229205034674
1507328,572,2633,736,300.0,0.30359832999999997,0.2,-0.03982006375445053,0.21689453125,0.20456597208976746,0.6534249127842486,0.043027584,0.0003,0.015814900398254395,7350,-0.5834080308675766
1509376,572,2636,737,300.0,-0.18353588999999995,0.2,-0.04320927777444013,0.228515625,0.13641850650310516,0.3659256384242326,0.058977243,0.0003,-0.18420588970184326,7360,-0.5939496232196688
1511424,572,2638,738,300.0,0.024069769999999834,0.2,-0.04668346907710656,0.243896484375,0.06496018916368484,0.47763079293072225,0.050958302,0.0003,-0.008676528930664062,7370,-0.6160859846509993
1513472,573,2640,739,300.0,-0.7971467399999999,0.2,-0.0404667043563677,0.249951171875,0.08767838776111603,0.40049581611528995,0.046164602,0.0003,0.05032724142074585,7380,-0.600354524422437
1515520,573,2642,740,300.0,-0.62251208,0.2,-0.04464510357938707,0.2294921875,0.0788022130727768,0.4769784128293395,0.047026284,0.0003,-0.03747856616973877,7390,-0.5778250273317098
1517568,573,2645,741,300.0,-0.6300291199999999,0.2,-0.04467994155274937,0.239990234375,0.08147428184747696,0.2611855737864971,0.050143056,0.0003,-0.06089067459106445,7400,-0.5881188330240548
1519616,574,2647,742,300.0,-0.48389808999999984,0.2,-0.047203289350727574,0.249755859375,0.08452978730201721,0.2778678231406957,0.048997574,0.0003,0.08711332082748413,7410,-0.5932803094387055
1521664,574,2649,743,300.0,-0.1856905699999999,0.2,-0.04685460791806691,0.244287109375,0.17753846943378448,0.44727143375203016,0.051512104,0.0003,-0.04996633529663086,7420,-0.5916023858822882
1523712,574,2651,744,300.0,-0.52564893,0.2,-0.04415966804081108,0.232763671875,0.01853921264410019,0.19422121306415646,0.05107204,0.0003,0.02450770139694214,7430,-0.5679318938404322
1525760,574,2653,745,300.0,-0.36037696999999996,0.2,-0.043355341597634836,0.234814453125,0.13104203343391418,0.5979730748571456,0.051181335,0.0003,0.08606064319610596,7440,-0.5847834286279976
1527808,575,2655,746,300.0,-0.21187716,0.2,-0.04416586052393541,0.23720703125,-0.011475056409835815,0.19791012601926922,0.046421625,0.0003,0.1549326777458191,7450,-0.5901919192634523
1529856,575,2658,747,300.0,-0.5432724500000002,0.2,-0.04182467607752187,0.22421875,0.22899752855300903,0.5391707831062377,0.044646535,0.0003,0.06456232070922852,7460,-0.5910963157191873
1531904,575,2660,748,300.0,-0.44513536000000015,0.2,-0.04513095190632157,0.243017578125,0.12305915355682373,0.3249692977871746,0.057583768,0.0003,0.015524744987487793,7470,-0.5843463975004852
1533952,576,2662,749,300.0,-0.6602474100000003,0.2,-0.04778985897573875,0.26484375,0.03294140100479126,0.20053621355909854,0.058682747,0.0003,0.09200721979141235,7480,-0.5925412885844707
1536000,576,2664,750,300.0,-1.4143107200000002,0.2,-0.043813845800468695,0.249755859375,0.030591115355491638,0.2375070616370067,0.05437488,0.0003,-0.015285134315490723,7490,-0.5768789847381413
1538048,576,2666,751,300.0,-1.6357116900000002,0.2,-0.04232086798583623,0.221142578125,0.07522675395011902,0.4461889976169914,0.04396461,0.0003,-0.0033576488494873047,7500,-0.5483998879790306
1540096,577,2669,752,300.0,-0.8160310900000002,0.2,-0.04604971268272493,0.247802734375,0.012119702994823456,0.24434784622862935,0.05170163,0.0003,0.2081783413887024,7510,-0.5807129240594804
1542144,577,2671,753,300.0,-0.47742664999999995,0.2,-0.04472202700853813,0.2412109375,0.024055972695350647,0.24157615168951452,0.057865173,0.0003,0.347121000289917,7520,-0.5744087877683342
1544192,577,2673,754,300.0,-0.016805920000000148,0.2,-0.04317766210006084,0.242236328125,0.010943427681922913,0.27844657520763577,0.045548838,0.0003,0.3785562515258789,7530,-0.5831953052431345
1546240,577,2675,755,300.0,-0.4397640400000002,0.2,-0.04309026798000559,0.24921875,0.007161073386669159,0.1993499036645517,0.05747894,0.0003,0.3845254182815552,7540,-0.5739545855671168
1548288,578,2677,756,300.0,-0.6762359600000001,0.2,-0.0428378972777864,0.2310546875,0.0959518775343895,0.4016174085903913,0.043840326,0.0003,0.23659443855285645,7550,-0.601898636110127
1550336,578,2680,757,300.0,-1.2956704199999998,0.2,-0.04496758113091346,0.2427734375,-0.004600927233695984,0.19492270601913333,0.0504406,0.0003,0.1036604642868042,7560,-0.5969835218042135
1552384,578,2682,758,300.0,-1.2400052899999998,0.2,-0.04038954927236773,0.216259765625,0.10750629007816315,0.41496531274169685,0.042329848,0.0003,-0.036728501319885254,7570,-0.5920902010984719
1554432,579,2684,759,300.0,-1.34889033,0.2,-0.04491408357571345,0.23271484375,0.18863725662231445,0.49708315152674915,0.054938324,0.0003,0.0820583701133728,7580,-0.5796232960186899
1556480,579,2686,760,300.0,-1.2375584899999996,0.2,-0.04482720813684864,0.24091796875,0.04824022203683853,0.32097654878161846,0.051671937,0.0003,0.18178337812423706,7590,-0.5769498307257891
1558528,579,2689,761,300.0,-1.63625847,0.2,-0.04333334597758949,0.2478515625,0.0658825933933258,0.25464379955083133,0.05674319,0.0003,0.36090540885925293,7600,-0.5995327541604638
1560576,579,2691,762,300.0,-1.4433434499999995,0.2,-0.04288108154578367,0.229248046875,0.1314714103937149,0.5762939467094839,0.04508961,0.0003,0.23257774114608765,7610,-0.5698635236360132
1562624,580,2693,763,300.0,-1.49350142,0.2,-0.04319780887162779,0.24091796875,0.07449224591255188,0.31640786840580404,0.053362694,0.0003,0.168240487575531,7620,-0.5874591585248709
1564672,580,2695,764,300.0,-1.1121324299999995,0.2,-0.04460866901499685,0.23076171875,0.13188563287258148,0.46921137198805807,0.052918628,0.0003,0.19379806518554688,7630,-0.5728214314207435
1566720,580,2697,765,300.0,-0.2960222700000001,0.2,-0.04687123100593453,0.239453125,0.11234236508607864,0.38630467508919536,0.053930975,0.0003,0.2439124584197998,7640,-0.5800667565315962
1568768,580,2700,766,300.0,0.010887910000000058,0.2,-0.04550425940542482,0.25546875,-0.021820422261953354,0.14876590529456735,0.050783128,0.0003,0.3961032032966614,7650,-0.5799146961420775
1570816,581,2702,767,300.0,-0.26003222999999986,0.2,-0.04982023484772071,0.256494140625,-0.02082984894514084,0.15690304313320666,0.060533386,0.0003,0.5936545133590698,7660,-0.5940219614654779
1572864,581,2704,768,300.0,-0.4088233599999998,0.2,-0.044504118102486244,0.2328125,0.11470402777194977,0.3181886519305408,0.04554968,0.0003,0.3865097761154175,7670,-0.5695906198583544
1574912,581,2706,769,300.0,-0.48461413999999975,0.2,-0.04572693768714089,0.24755859375,0.06573690474033356,0.2788048721384257,0.055833034,0.0003,0.037485480308532715,7680,-0.5789321715012192
1576960,582,2709,770,300.0,-0.08298701999999988,0.2,-0.0464550079224864,0.2494140625,0.0232606902718544,0.2794085429981351,0.05392541,0.0003,0.08113241195678711,7690,-0.5854953531175852
1579008,582,2711,771,300.0,0.43427722999999996,0.2,-0.04218477045360487,0.223583984375,0.04839106649160385,0.46512153586372734,0.04905553,0.0003,0.17294353246688843,7700,-0.5683021448552609
1581056,582,2713,772,300.0,0.3019231499999999,0.2,-0.043810148889315316,0.231689453125,0.23220419883728027,0.6484128951095045,0.046785768,0.0003,0.2095574140548706,7710,-0.5580308618023991
1583104,583,2715,773,300.0,0.1519980400000001,0.2,-0.0455878460110398,0.239990234375,0.04127195477485657,0.26692333091050385,0.05376511,0.0003,0.019942402839660645,7720,-0.5721677081659436
1585152,583,2717,774,300.0,0.17918816999999998,0.2,-0.04509386712743435,0.23193359375,0.17496855556964874,0.4989848168566823,0.046572573,0.0003,0.20463556051254272,7730,-0.5824145802296699
1587200,583,2719,775,300.0,0.5369189400000001,0.2,-0.04375182827352546,0.2478515625,-0.004395633935928345,0.16390784487593918,0.053204764,0.0003,0.2238079309463501,7740,-0.5866284067742527
1589248,583,2721,776,300.0,0.9071774100000001,0.2,-0.04393755694036372,0.247998046875,0.10818523168563843,0.3722340936772525,0.049681842,0.0003,0.12934809923171997,7750,-0.5847738496959209
1591296,584,2724,777,300.0,0.8247994200000001,0.2,-0.04772180705331266,0.244189453125,0.10919351130723953,0.5016283143311739,0.044426292,0.0003,0.040012478828430176,7760,-0.5756520578637719
1593344,584,2726,778,300.0,1.2077469799999998,0.2,-0.04492506693350151,0.241015625,0.22364285588264465,0.5919856417924165,0.04921265,0.0003,0.020333170890808105,7770,-0.5760216089896858
1595392,584,2728,779,300.0,1.2298024799999998,0.2,-0.04274737698142417,0.23837890625,-0.016778454184532166,0.16186863353941588,0.04916215,0.0003,-0.10481727123260498,7780,-0.5684848674573004
1597440,584,2731,780,300.0,0.9945899100000001,0.2,-0.04114024224691093,0.234814453125,0.27839767932891846,0.6785478180274367,0.04750154,0.0003,0.02467179298400879,7790,-0.5826496034860611
1599488,585,2733,781,300.0,0.7024744899999998,0.2,-0.044836711924290285,0.26015625,-0.03273893892765045,0.11289716631872579,0.065733135,0.0003,0.16146254539489746,7800,-0.5803072297945618
1601536,571,2801,782,300.0,0.8380072300000001,0.2,-0.04391900761111174,0.2451171875,-0.0042616501450538635,0.18624342640396208,0.054139256,0.0003,0.23535507917404175,7810,-0.5832917020656169
1603584,572,2803,783,300.0,1.01972989,0.2,-0.04563960395171307,0.248876953125,0.0060510337352752686,0.24934252437669785,0.058956593,0.0003,0.3710152506828308,7820,-0.5822226056829095
1605632,572,2805,784,300.0,0.9555058000000001,0.2,-0.044723775956663304,0.234326171875,-0.0021816715598106384,0.16410669467877598,0.050587967,0.0003,0.6006056070327759,7830,-0.5624925607815385
1607680,572,2807,785,300.0,0.7031411200000001,0.2,-0.04632678276393563,0.246337890625,0.01427159458398819,0.1620190695859492,0.054276064,0.0003,0.6869263648986816,7840,-0.588035143725574
1609728,572,2809,786,300.0,0.72196675,0.2,-0.040853703203902116,0.214208984375,0.07918038964271545,0.3465828216634691,0.041298352,0.0003,0.53153395652771,7850,-0.5573407678864897
1611776,573,2812,787,300.0,0.3028820899999999,0.2,-0.04398539313988294,0.2203125,0.09529747068881989,0.3947782265022397,0.041678786,0.0003,0.5787577629089355,7860,-0.5742028135806322
1613824,573,2814,788,300.0,0.1165646499999998,0.2,-0.04007025279861409,0.214208984375,0.038182973861694336,0.3288560296874493,0.04453831,0.0003,0.699678897857666,7870,-0.5677201659418643
1615872,573,2816,789,300.0,0.09617901999999987,0.2,-0.0436932244891068,0.23095703125,0.03591416776180267,0.2962733552325517,0.055283844,0.0003,0.7100196480751038,7880,-0.5523152766749263
1617920,573,2819,790,300.0,0.01148469000000011,0.2,-0.046669491229113194,0.248828125,0.052506767213344574,0.2611058103386313,0.054532073,0.0003,0.6530979871749878,7890,-0.5711638681590557
1619968,574,2821,791,300.0,-0.20601002,0.2,-0.04440488916297909,0.230712890625,0.10887107253074646,0.3054249698296189,0.0519019,0.0003,0.24796319007873535,7900,-0.5678991885855794
1622016,574,2823,792,300.0,0.17734501000000003,0.2,-0.04564386880665552,0.234130859375,0.08668985962867737,0.3471589186694473,0.062057313,0.0003,0.30546486377716064,7910,-0.5379614464007318
1624064,574,2826,793,300.0,-0.27359540999999993,0.2,-0.04138102960278047,0.238330078125,0.04822688549757004,0.26702012252062557,0.053455725,0.0003,0.41923028230667114,7920,-0.5675169461406767
1626112,574,2828,794,300.0,-0.04366717999999998,0.2,-0.043783954039099626,0.225244140625,0.09904124587774277,0.5483390395063907,0.047032163,0.0003,-0.12156486511230469,7930,-0.5599261536262929
1628160,575,2830,795,300.0,-0.28849975999999994,0.2,-0.04698000677744858,0.255126953125,0.039415743201971054,0.2069644855801016,0.057718843,0.0003,0.09658622741699219,7940,-0.5532957530580461
1630208,575,2832,796,300.0,-0.4847110199999999,0.2,-0.04143280262942426,0.224658203125,0.17648544907569885,0.5287569652311503,0.04448859,0.0003,-0.02941417694091797,7950,-0.5567524355836213
1632256,575,2834,797,300.0,-0.8042481499999999,0.2,-0.04763655553397257,0.240771484375,0.2168336808681488,0.5510519535280765,0.048458133,0.0003,0.1061239242553711,7960,-0.5838769422844052
1634304,576,2837,798,300.0,-0.9311573900000002,0.2,-0.04790235337568447,0.246044921875,-0.0114779993891716,0.17158530310261993,0.05711373,0.0003,-0.059754014015197754,7970,-0.5873429938219488
1636352,576,2839,799,300.0,-0.7578424600000001,0.2,-0.045802065567113456,0.251708984375,0.03906358778476715,0.25386467739008367,0.057396017,0.0003,0.21556490659713745,7980,-0.5638193825259805
1638400,576,2841,800,300.0,-0.6731981899999998,0.2,-0.03949022281376528,0.2490234375,0.12602564692497253,0.3204357491107658,0.049143344,0.0003,0.2605849504470825,7990,-0.5812140023335814
1640448,576,2843,801,300.0,-0.4324937699999999,0.2,-0.0465068941237405,0.257568359375,0.15965205430984497,0.3746725222095847,0.05307658,0.0003,0.23405033349990845,8000,-0.5987839639186859
1642496,577,2846,802,300.0,0.03499897000000027,0.2,-0.04656773635360878,0.241162109375,-0.0016562193632125854,0.21516468059271573,0.05322114,0.0003,0.2891578674316406,8010,-0.5927737622521818
1644544,577,2848,803,300.0,0.22736912000000012,0.2,-0.04762496401526732,0.249169921875,0.09934987872838974,0.31970024430193006,0.049696855,0.0003,0.29300153255462646,8020,-0.5944569448940455
1646592,577,2851,804,300.0,0.36888372999999997,0.2,-0.04891063901886809,0.2546875,0.02455861121416092,0.21238192624878138,0.060507942,0.0003,0.10991621017456055,8030,-0.594705861993134
1648640,577,2853,805,300.0,0.04258954999999998,0.2,-0.04507757089741062,0.238427734375,0.00029962509870529175,0.2504213797627017,0.051610246,0.0003,-0.07272851467132568,8040,-0.58803187077865
1650688,577,2855,806,300.0,-0.2673619599999999,0.2,-0.04550031855178531,0.222705078125,0.09274335205554962,0.3245403231587261,0.044514496,0.0003,0.08429169654846191,8050,-0.594254860561341
1652736,578,2858,807,300.0,-0.33313444,0.2,-0.04472846142743947,0.247412109375,-0.0019256733357906342,0.11638494299259036,0.051295236,0.0003,0.06603562831878662,8060,-0.5860814627259969
1654784,578,2860,808,300.0,-0.45119222999999997,0.2,-0.04630725037714001,0.237451171875,0.11289623379707336,0.3371361273340881,0.046107523,0.0003,-0.052164673805236816,8070,-0.5873184901662171
1656832,578,2862,809,300.0,-0.8623204700000002,0.2,-0.043880829428962896,0.23125,0.014311499893665314,0.24054568065330387,0.04996052,0.0003,-0.12509703636169434,8080,-0.6108093924820424
1658880,579,2864,810,300.0,-0.25739739000000006,0.2,-0.045032101897231766,0.2228515625,0.09066418558359146,0.3846042677760124,0.04101624,0.0003,0.02525705099105835,8090,-0.5956757156178355
1660928,579,2866,811,300.0,-0.43324935000000026,0.2,-0.04478021487302612,0.234375,0.08408638834953308,0.49969280972145497,0.047678493,0.0003,0.05239367485046387,8100,-0.6014115981757641
1662976,579,2869,812,300.0,-0.17478932,0.2,-0.045428579664439896,0.224267578125,0.22505971789360046,0.5118818915449083,0.039715067,0.0003,0.0811663269996643,8110,-0.6105417351238429
1665024,579,2871,813,300.0,-0.16019186000000002,0.2,-0.045741047796036584,0.259228515625,0.0023613981902599335,0.13388570391107352,0.056761246,0.0003,-0.0031239986419677734,8120,-0.6023976467549801
1667072,579,2874,814,300.0,-0.2595901700000001,0.2,-0.047945369593799116,0.260009765625,0.02820904552936554,0.22892370556946845,0.061117563,0.0003,0.047410786151885986,8130,-0.597166977636516
1669120,580,2877,815,300.0,-0.37969242000000025,0.2,-0.04584974137833342,0.2658203125,0.01874791830778122,0.2562928927596658,0.05797176,0.0003,0.07584095001220703,8140,-0.6048730912618339
1671168,580,2880,816,300.0,0.014148189999999951,0.2,-0.05075296097493265,0.2568359375,0.04378470778465271,0.23178563355468212,0.05507107,0.0003,-0.1869661808013916,8150,-0.6033608974888921
1673216,580,2882,817,300.0,-0.2409481499999999,0.2,-0.0467250227520708,0.247509765625,0.014608152210712433,0.19089709715917708,0.055517755,0.0003,0.0611574649810791,8160,-0.579536472260952
1675264,580,2885,818,300.0,-0.060429610000000175,0.2,-0.043529910038341765,0.2328125,0.10633928328752518,0.44421133580617606,0.05053168,0.0003,0.1763102412223816,8170,-0.5743779147043824
1677312,580,2887,819,300.0,-0.25377260000000007,0.2,-0.04513173036684748,0.24658203125,0.060910239815711975,0.23585252587217836,0.055961266,0.0003,0.10558211803436279,8180,-0.5864354520104825
1679360,581,2890,820,300.0,0.025699079999999964,0.2,-0.04381619232881349,0.22685546875,0.04448234289884567,0.2775429468601942,0.04661908,0.0003,0.024675428867340088,8190,-0.5923309252597392
1681408,581,2893,821,300.0,0.5007288299999999,0.2,-0.04291006195999216,0.25234375,0.03318755328655243,0.21438329296652228,0.055193447,0.0003,0.041308581829071045,8200,-0.5848225117661059
1683456,581,2895,822,300.0,0.4806013299999999,0.2,-0.04449248258606531,0.226123046875,0.12187792360782623,0.604811339173466,0.046064187,0.0003,0.021204888820648193,8210,-0.5700339897535741
1685504,581,2897,823,300.0,0.9200656599999998,0.2,-0.04677549170446582,0.24541015625,0.03196851164102554,0.28327119536697865,0.050491937,0.0003,-0.058582186698913574,8220,-0.5855055791325867
1687552,581,2900,824,300.0,1.3201494100000002,0.2,-0.04460319677600637,0.243359375,0.05581510812044144,0.21873237746767699,0.046568282,0.0003,0.21026146411895752,8230,-0.5976607237011194
1689600,582,2903,825,300.0,1.5575811700000002,0.2,-0.04523739068827126,0.2376953125,0.0003631711006164551,0.21877297228202225,0.049839295,0.0003,0.31707876920700073,8240,-0.5664821876212954
1691648,582,2905,826,300.0,1.6120992900000002,0.2,-0.0471163571550278,0.218408203125,0.43524977564811707,1.0525344217196106,0.03973241,0.0003,0.20080459117889404,8250,-0.5991227172315121
1693696,582,2907,827,300.0,1.11412282,0.2,-0.04345689447654877,0.2427734375,-0.00526764988899231,0.17904010300990195,0.05298172,0.0003,0.4927823543548584,8260,-0.5729781099595129
1695744,582,2910,828,300.0,0.9720717899999995,0.2,-0.041681448739836924,0.21669921875,0.4045698642730713,0.7686113117262721,0.046248563,0.0003,0.2362961769104004,8270,-0.5817629349417984
1697792,582,2913,829,300.0,1.16772919,0.2,-0.04656435414799489,0.25625,0.035926416516304016,0.24104370495770128,0.052852184,0.0003,0.4564388394355774,8280,-0.5843462110497057
1699840,583,2915,830,300.0,1.3099495300000001,0.2,-0.042963844319456254,0.246240234375,0.013300247490406036,0.2327840690035373,0.056193247,0.0003,0.5326429009437561,8290,-0.5905133074149489
1701888,568,2991,831,300.0,1.1402576899999999,0.2,-0.04461582786607323,0.24873046875,0.05769886076450348,0.2590600935276598,0.054851785,0.0003,0.5156559944152832,8300,-0.576365761552006
1703936,569,2994,832,300.0,1.0387937500000006,0.2,-0.0466181336378213,0.255615234375,0.0037992335855960846,0.18791113456245512,0.052454993,0.0003,0.6086196303367615,8310,-0.5551319845952094
1705984,569,2996,833,300.0,0.9451625300000001,0.2,-0.042473999652429484,0.242041015625,0.1272023767232895,0.4100072610192001,0.04793097,0.0003,0.468578577041626,8320,-0.5891745306551457
1708032,569,2999,834,300.0,1.2456680600000003,0.2,-0.046624846689519474,0.261572265625,0.01916877180337906,0.17943203693721443,0.057917666,0.0003,0.5352810621261597,8330,-0.5753695641644299
1710080,569,3002,835,300.0,1.0575669400000003,0.2,-0.04254640437138733,0.2177734375,0.1794998049736023,0.47206223467364905,0.04058644,0.0003,0.2616903781890869,8340,-0.5901138454675674
1712128,569,3004,836,300.0,0.6187286900000002,0.2,-0.042738585974439046,0.2369140625,0.10870766639709473,0.42614297387190164,0.04419252,0.0003,0.29560011625289917,8350,-0.5780660776421428
1714176,570,3006,837,300.0,0.24944409000000026,0.2,-0.0455263395953807,0.2578125,-0.020690053701400757,0.18279937028419227,0.049505245,0.0003,0.32223743200302124,8360,-0.6133799939416349
1716224,570,3009,838,300.0,-0.14320416999999994,0.2,-0.043118511929060334,0.211474609375,0.2659885883331299,0.6058408255688846,0.04334178,0.0003,0.054331183433532715,8370,-0.5795427974313497
1718272,570,3011,839,300.0,0.3008626799999998,0.2,-0.04473210180003662,0.24140625,0.02447567880153656,0.2574941055849195,0.045893274,0.0003,-0.411956787109375,8380,-0.5996090010739863
1720320,570,3013,840,300.0,0.09728580999999988,0.2,-0.04686158673139289,0.24912109375,-0.05304073542356491,0.1615063777891919,0.062278483,0.0003,0.03896206617355347,8390,-0.5834500542841852
1722368,571,3016,841,300.0,-0.27195885,0.2,-0.04992132527113426,0.263427734375,-0.023714616894721985,0.15482215106021613,0.0575223,0.0003,0.2806861996650696,8400,-0.6126271951943636
1724416,571,3018,842,300.0,0.19684712999999998,0.2,-0.04657177594635868,0.255712890625,-0.03512423112988472,0.1053657534532249,0.061119113,0.0003,0.35817909240722656,8410,-0.5924222079105675
1726464,571,3021,843,300.0,0.41513855000000005,0.2,-0.04395856038754573,0.237646484375,0.10553820431232452,0.38368304427713157,0.047007337,0.0003,0.09031295776367188,8420,-0.5888606416992843
1728512,571,3023,844,300.0,0.48214363000000005,0.2,-0.04361182264983654,0.24140625,0.024202004075050354,0.30099816829897463,0.05001574,0.0003,0.12219691276550293,8430,-0.587437748722732
1730560,571,3025,845,300.0,0.4583628099999999,0.2,-0.04603743138140999,0.247900390625,0.005148924887180328,0.14010463294107467,0.054095395,0.0003,0.07230401039123535,8440,-0.5959089989773929
1732608,572,3028,846,300.0,0.8005483300000001,0.2,-0.045322977162140884,0.248193359375,0.06059755012392998,0.3721092014107853,0.050632942,0.0003,-0.007379651069641113,8450,-0.6039742004126311
1734656,572,3030,847,300.0,1.2966821300000004,0.2,-0.04362357309873914,0.231787109375,-0.013705126941204071,0.15398890853393823,0.050977163,0.0003,0.08916962146759033,8460,-0.5826119545847177
1736704,572,3033,848,300.0,1.1486195799999999,0.2,-0.045422015283838844,0.2341796875,0.036435358226299286,0.2442895004991442,0.046334676,0.0003,0.1920374631881714,8470,-0.5863229751586914
1738752,572,3036,849,300.0,0.64402491,0.2,-0.045718840140034446,0.25107421875,-0.04076104238629341,0.11577086865436285,0.05135506,0.0003,0.4947184920310974,8480,-0.5815280754119158
1740800,572,3039,850,300.0,0.77651612,0.2,-0.04617534349381458,0.2380859375,0.06904225051403046,0.28758318396285176,0.052035794,0.0003,0.36050546169281006,8490,-0.5642871988937259
1742848,573,3041,851,300.0,1.0742319599999999,0.2,-0.0425080783694284,0.218408203125,0.07358012348413467,0.3951520770788193,0.041861385,0.0003,0.37723350524902344,8500,-0.5683219001628459
1744896,573,3044,852,300.0,0.8763911800000002,0.2,-0.04363082525087521,0.231298828125,0.06844033300876617,0.42649446087889376,0.045885496,0.0003,0.25448864698410034,8510,-0.5793428742326796
1746944,573,3046,853,300.0,0.8308743199999999,0.2,-0.04644939442514442,0.243798828125,0.03417810797691345,0.323165750131011,0.051453933,0.0003,0.37978750467300415,8520,-0.5802749228663743
1748992,573,3049,854,300.0,0.55216546,0.2,-0.046892076259246095,0.252197265625,0.08998869359493256,0.3441019474994391,0.051418837,0.0003,0.4249200224876404,8530,-0.592714200168848
1751040,573,3052,855,300.0,0.68583932,0.2,-0.0469586879335111,0.249853515625,0.06926926225423813,0.2978737683501095,0.05684381,0.0003,0.23321819305419922,8540,-0.6016460767947137
1753088,573,3055,856,300.0,1.42972667,0.2,-0.0508522882941179,0.26123046875,0.014800913631916046,0.20641692753415555,0.055458874,0.0003,0.06206655502319336,8550,-0.5961474291980267
1755136,573,3058,857,300.0,1.33363877,0.2,-0.04621959623764269,0.2349609375,0.10514408349990845,0.44816207652911544,0.04849641,0.0003,0.05047619342803955,8560,-0.6058180558495223
1757184,573,3061,858,300.0,1.12804502,0.2,-0.04697368862689473,0.250537109375,0.09668593853712082,0.33489560885354874,0.05884841,0.0003,-0.14436554908752441,8570,-0.6015599750913679
1759232,574,3063,859,300.0,0.81077325,0.2,-0.048027096164878456,0.24521484375,0.22898368537425995,0.5317031705752016,0.05657625,0.0003,0.10614371299743652,8580,-0.5878288678824901
1761280,574,3066,860,300.0,0.53578846,0.2,-0.04674032130569685,0.24765625,-0.04801918938755989,0.15182951006572692,0.06105243,0.0003,-0.9010435342788696,8590,-0.5806828865781426
1763328,574,3068,861,300.0,-0.056300549999999935,0.2,-0.04219029647356365,0.23232421875,0.02863258868455887,0.25622983251232656,0.051177464,0.0003,0.10217511653900146,8600,-0.5800971274264157
1765376,574,3071,862,300.0,-0.07777835999999991,0.2,-0.043161266282550056,0.222216796875,0.10656346380710602,0.49297416806221006,0.040727362,0.0003,0.08097976446151733,8610,-0.5928973516449332
1767424,574,3074,863,300.0,-0.017891519999999984,0.2,-0.04695254916441627,0.262158203125,0.06079971045255661,0.2801812002900988,0.05346898,0.0003,-0.07041823863983154,8620,-0.5952272467315197
1769472,574,3079,864,300.0,-0.12039422000000005,0.2,-0.043573814266710545,0.237255859375,0.024079546332359314,0.19468125749845058,0.052005857,0.0003,-0.04309892654418945,8630,-0.5663613920100034
1771520,574,3081,865,300.0,-0.22888623999999996,0.2,-0.046289785281987864,0.246142578125,0.06950205564498901,0.316222880827263,0.04899472,0.0003,0.04073542356491089,8640,-0.5908358495682478
1773568,575,3084,866,300.0,0.1261983000000001,0.2,-0.04121141853684094,0.227490234375,0.0520438514649868,0.18183181292843073,0.047989875,0.0003,-0.0076760053634643555,8650,-0.5805834164842963
1775616,575,3086,867,300.0,0.42419412000000006,0.2,-0.04504914283170365,0.241748046875,0.04723535478115082,0.30253650415688754,0.05212475,0.0003,-0.04717671871185303,8660,-0.5724235319532454
1777664,575,3089,868,300.0,0.7324277800000002,0.2,-0.042732440306281205,0.21396484375,0.13060325384140015,0.5894177758134902,0.047117278,0.0003,-0.03803420066833496,8670,-0.5663180192932487
1779712,575,3092,869,300.0,0.5675312100000001,0.2,-0.043184056546306235,0.233447265625,0.036902427673339844,0.2796570943668485,0.04451964,0.0003,-0.10909271240234375,8680,-0.5815020764246583
1781760,575,3094,870,300.0,0.025770530000000083,0.2,-0.047338472213596106,0.25556640625,0.025063857436180115,0.24304126435890794,0.06002211,0.0003,-0.036551594734191895,8690,-0.5716229777783155
1783808,575,3097,871,300.0,-0.3143299199999998,0.2,-0.045289527598652055,0.234228515625,0.10332115739583969,0.4989600392058492,0.052049935,0.0003,0.008041024208068848,8700,-0.5929606910794973
1785856,576,3100,872,300.0,-0.29904588000000004,0.2,-0.044908328096789775,0.240673828125,0.10656175762414932,0.3542274184525013,0.047498845,0.0003,0.13884598016738892,8710,-0.5833815309219063
1787904,576,3103,873,300.0,0.37029961999999983,0.2,-0.043328436423325914,0.23525390625,0.07455001771450043,0.34551900131627916,0.056060933,0.0003,0.23763757944107056,8720,-0.5806714996695519
1789952,576,3105,874,300.0,0.5165695300000002,0.2,-0.043740876603987996,0.226708984375,0.09555135667324066,0.36326585998758676,0.051488932,0.0003,0.07473230361938477,8730,-0.6010241680778563
1792000,576,3110,875,300.0,0.3219000799999999,0.2,-0.04247892684070394,0.219921875,0.14173558354377747,0.5448986443690955,0.040370256,0.0003,0.08587628602981567,8740,-0.5970894295722247
1794048,576,3113,876,300.0,0.81780125,0.2,-0.03942821697855834,0.22734375,0.21228739619255066,0.6229970753192902,0.04369653,0.0003,0.16250044107437134,8750,-0.5906125989742577
1796096,576,3115,877,300.0,0.3301688200000001,0.2,-0.04160622982308269,0.23857421875,0.20720751583576202,0.4630153075791895,0.051734895,0.0003,0.35292232036590576,8760,-0.5742950644344091
1798144,576,3118,878,300.0,0.674996,0.2,-0.043184551104786806,0.24326171875,0.08113968372344971,0.308679754473269,0.06422225,0.0003,0.23145699501037598,8770,-0.5658523237332702
1800192,564,3191,879,300.0,0.21822767000000007,0.2,-0.04439418021793244,0.2474609375,2.9966235160827637e-05,0.2957254249602556,0.049100496,0.0003,0.36114436388015747,8780,-0.5856275285594166
1802240,564,3193,880,300.0,0.15160509000000005,0.2,-0.04226247397018597,0.22939453125,-0.003222346305847168,0.2995821968652308,0.04962271,0.0003,0.3644638657569885,8790,-0.5702759536914528
1804288,564,3196,881,300.0,-0.18946669999999993,0.2,-0.045831961833755486,0.24150390625,0.14522510766983032,0.5857332243584097,0.055813633,0.0003,0.04443168640136719,8800,-0.5673486168496311
1806336,564,3198,882,300.0,-0.33501962999999974,0.2,-0.04153423385869246,0.198876953125,0.2820664048194885,0.8323465186171234,0.035149693,0.0003,0.1877841353416443,8810,-0.5535703371278942
1808384,564,3200,883,300.0,-0.42086653000000007,0.2,-0.0454013691705768,0.246337890625,0.20178808271884918,0.5386409045197069,0.05365593,0.0003,-0.27031779289245605,8820,-0.5650128531269729
1810432,565,3203,884,300.0,-0.26517872999999986,0.2,-0.044629370898474005,0.258154296875,0.08259910345077515,0.4207589521538466,0.064594954,0.0003,-0.05592966079711914,8830,-0.5523354582488537
1812480,565,3205,885,300.0,-0.3723114399999999,0.2,-0.04718550039397087,0.2611328125,0.09236665070056915,0.4210256561636925,0.05658719,0.0003,0.16125911474227905,8840,-0.5679194882512093
1814528,565,3207,886,300.0,-0.57923866,0.2,-0.04294523339485749,0.26640625,0.045603424310684204,0.2415125825908035,0.06551449,0.0003,0.4358785152435303,8850,-0.5563055412843824
1816576,565,3210,887,300.0,-0.9712512799999999,0.2,-0.04294072765333112,0.241796875,0.0653754323720932,0.3253692557569593,0.06006795,0.0003,0.20751893520355225,8860,-0.5388650738634169
1818624,566,3212,888,300.0,-1.22703836,0.2,-0.0432148416119162,0.24833984375,0.07341796159744263,0.25414748811163007,0.05982392,0.0003,0.22498679161071777,8870,-0.556428887322545
1820672,566,3214,889,300.0,-0.8387079299999999,0.2,-0.04180067890556529,0.2119140625,0.05374526232481003,0.30994767337106166,0.04181873,0.0003,0.23478108644485474,8880,-0.5458457851782441
1822720,566,3217,890,300.0,-0.9648891199999997,0.2,-0.04409198067733087,0.235400390625,0.10336127877235413,0.3857978408690542,0.0531096,0.0003,0.23042887449264526,8890,-0.5481725337915122
1824768,566,3219,891,300.0,-1.34176996,0.2,-0.04677313849097118,0.25673828125,0.014618545770645142,0.19863617019727825,0.06710878,0.0003,0.15249615907669067,8900,-0.5513433030806482
1826816,567,3221,892,300.0,-1.1152065799999997,0.2,-0.044309160535340196,0.24775390625,0.011692125350236893,0.17553578806109726,0.063993104,0.0003,-0.09078717231750488,8910,-0.5464673764072359
1828864,567,3223,893,300.0,-0.7497557199999997,0.2,-0.04567260069597978,0.2345703125,0.058875396847724915,0.35391152729280295,0.049979072,0.0003,0.05051910877227783,8920,-0.562821322772652
1830912,567,3226,894,300.0,-0.44354525999999994,0.2,-0.04186476093018428,0.23466796875,0.08283517509698868,0.4621930214110762,0.049549345,0.0003,-0.17738854885101318,8930,-0.548316537681967
1832960,567,3228,895,300.0,-0.65889848,0.2,-0.04392021686944645,0.2453125,0.10021671652793884,0.2522683751769364,0.059856288,0.0003,-0.07684504985809326,8940,-0.5364327171817422
1835008,568,3230,896,300.0,-0.76130255,0.2,-0.04596084817894734,0.247216796875,-0.003572806715965271,0.20688185768667608,0.06725727,0.0003,0.2469698190689087,8950,-0.5347585439682007
1837056,568,3232,897,300.0,-0.72758395,0.2,-0.04478455109638162,0.2396484375,0.03172698989510536,0.28111647800542416,0.05888944,0.0003,0.38489818572998047,8960,-0.543468085769564
1839104,568,3234,898,300.0,-0.32425543999999995,0.2,-0.046752521509188225,0.256640625,0.03582277521491051,0.15070908833295107,0.06518919,0.0003,0.30127209424972534,8970,-0.5590246807783842
1841152,568,3237,899,300.0,-0.12105653999999998,0.2,-0.04182540445763152,0.237060546875,0.024761945009231567,0.20032394828740507,0.0559718,0.0003,0.21000051498413086,8980,-0.5353475105017423
1843200,568,3239,900,300.0,-0.17238791000000017,0.2,-0.04168947743310127,0.24365234375,0.10878714919090271,0.28058543242514133,0.050879836,0.0003,-0.10431385040283203,8990,-0.5524836198426784
1845248,569,3241,901,300.0,-0.16895792999999995,0.2,-0.04387480816803872,0.2337890625,0.10813474655151367,0.42986414656043054,0.050048623,0.0003,-0.011088132858276367,9000,-0.5562713967636228
1847296,569,3243,902,300.0,-0.52773241,0.2,-0.0463334548228886,0.25205078125,0.01814209669828415,0.23261849663686007,0.064400196,0.0003,0.02427387237548828,9010,-0.5715545498766005
1849344,569,3246,903,300.0,-0.5692781800000002,0.2,-0.04357146662077867,0.264306640625,-0.017565317451953888,0.14748238486936316,0.058697853,0.0003,0.24156588315963745,9020,-0.5570190288126469
1851392,569,3248,904,300.0,-1.08458165,0.2,-0.041204149991972375,0.22861328125,0.10501492768526077,0.32437829449772837,0.058024406,0.0003,0.08080184459686279,9030,-0.5378843828104436
1853440,570,3250,905,300.0,-1.1216188500000004,0.2,-0.047729689814150336,0.239306640625,0.1504683494567871,0.45229404186829925,0.052253336,0.0003,0.12113535404205322,9040,-0.5397501142695547
1855488,570,3252,906,300.0,-0.74261402,0.2,-0.04812108987825923,0.25107421875,0.017935052514076233,0.23099573100917042,0.06382236,0.0003,0.3200402855873108,9050,-0.5529672894626856
1857536,570,3254,907,300.0,-0.7952936300000002,0.2,-0.04542659212602303,0.251220703125,0.05537474900484085,0.32197114583104847,0.060855266,0.0003,0.24401229619979858,9060,-0.572400192823261
1859584,570,3256,908,300.0,-1.33497025,0.2,-0.043870494034490545,0.253271484375,0.008886244148015976,0.15799206842202693,0.05899673,0.0003,0.4010814428329468,9070,-0.5744665304198862
1861632,571,3259,909,300.0,-1.34421871,0.2,-0.043744879457517524,0.21904296875,0.15049058198928833,0.5636831956915558,0.045038935,0.0003,0.4093782305717468,9080,-0.5621391358785331
1863680,571,3261,910,300.0,-0.90256499,0.2,-0.04438643700850662,0.231591796875,0.0777454748749733,0.3800157981924713,0.045616344,0.0003,0.5978305339813232,9090,-0.5524829377420246
1865728,571,3264,911,300.0,-1.2166041,0.2,-0.04286248584103305,0.225634765625,0.23078392446041107,0.6928666063584388,0.048224926,0.0003,0.456470251083374,9100,-0.5470244459807873
1867776,571,3266,912,300.0,-1.2087763,0.2,-0.044828651607531356,0.24423828125,0.137842059135437,0.4144665725529194,0.052835576,0.0003,0.12988096475601196,9110,-0.5656354991719127
1869824,572,3268,913,300.0,-1.5021275699999999,0.2,-0.04356499832938425,0.23623046875,0.09291495382785797,0.405575232533738,0.05900237,0.0003,0.227611243724823,9120,-0.554287125915289
1871872,572,3271,914,300.0,-1.68916496,0.2,-0.04577360501425574,0.256640625,-0.00698605552315712,0.182741107721813,0.07164705,0.0003,0.4013972282409668,9130,-0.5363533275201917
1873920,572,3273,915,300.0,-1.05441303,0.2,-0.045490428965422325,0.2400390625,0.013093344867229462,0.24991520387120544,0.061910845,0.0003,0.39413881301879883,9140,-0.5522174689918756
1875968,572,3275,916,300.0,-0.5766221699999998,0.2,-0.04667186042206595,0.258251953125,-0.01959133893251419,0.19476614920422436,0.061196137,0.0003,0.3592911958694458,9150,-0.5590751929208636
1878016,573,3277,917,300.0,-0.7194967099999999,0.2,-0.04626348514284473,0.251171875,0.08338210731744766,0.33043484571389853,0.06278193,0.0003,0.3113749027252197,9160,-0.5461425973102451
1880064,573,3279,918,300.0,-0.7807712600000001,0.2,-0.04564836154750083,0.24365234375,0.2108701467514038,0.6655767519026995,0.051604237,0.0003,-0.08443641662597656,9170,-0.5717305017635226
1882112,573,3282,919,300.0,-0.90476979,0.2,-0.046158863964956255,0.248095703125,0.03131207078695297,0.24458906629588456,0.053454235,0.0003,-0.03773856163024902,9180,-0.5652431845664978
1884160,573,3284,920,300.0,-0.53835622,0.2,-0.04215533196402248,0.208349609375,0.2462386190891266,0.7077870760113001,0.04112741,0.0003,0.054071009159088135,9190,-0.5604215916246176
1886208,573,3287,921,300.0,-0.81570061,0.2,-0.04354254411591683,0.248095703125,0.06300898641347885,0.3875513106584549,0.05359806,0.0003,-0.0007549524307250977,9200,-0.564732002839446
1888256,574,3289,922,300.0,-0.49064779999999997,0.2,-0.04444798627810087,0.240283203125,0.06590276956558228,0.41524229212664066,0.051615704,0.0003,-0.14663326740264893,9210,-0.5538428524509073
1890304,574,3292,923,300.0,-0.81696853,0.2,-0.03986329363251571,0.23203125,0.12849220633506775,0.36724322601221504,0.051730737,0.0003,-0.021373987197875977,9220,-0.5323727870360017
1892352,574,3294,924,300.0,-0.8470324200000001,0.2,-0.04302297440590337,0.25166015625,0.06547220796346664,0.3055363058112562,0.057353213,0.0003,0.23484915494918823,9230,-0.5567585445009172
1894400,574,3296,925,300.0,-1.2699814900000002,0.2,-0.04623345204454381,0.27509765625,-0.03469187766313553,0.1603692851262167,0.07813844,0.0003,0.16608577966690063,9240,-0.5549180337227881
1896448,574,3298,926,300.0,-0.7870158,0.2,-0.042983109276974574,0.236767578125,0.06670818477869034,0.31944519728422166,0.05211173,0.0003,0.2765253782272339,9250,-0.5578289777971804
1898496,575,3300,927,300.0,-1.0194736500000001,0.2,-0.04465237661934225,0.25771484375,0.055029429495334625,0.2041897535091266,0.05937483,0.0003,0.32456058263778687,9260,-0.556160811521113
1900544,562,3377,928,300.0,-0.9981489600000001,0.2,-0.044687656406313184,0.245263671875,0.14339430630207062,0.3654243797529489,0.058382392,0.0003,0.18369239568710327,9270,-0.5507549898698926
1902592,562,3379,929,300.0,-1.4179155799999998,0.2,-0.04501666251453571,0.2291015625,0.08765408396720886,0.3217944922856987,0.049273774,0.0003,-0.051527976989746094,9280,-0.5491955412551761
1904640,563,3382,930,300.0,-1.4489901600000001,0.2,-0.046855886347475464,0.258447265625,-0.013527236878871918,0.1739188250154257,0.06056107,0.0003,0.24364203214645386,9290,-0.5568633587099612
1906688,563,3385,931,300.0,-1.53823933,0.2,-0.0415986475039972,0.2380859375,-0.029007021337747574,0.17175049223005773,0.05571422,0.0003,0.1466372013092041,9300,-0.5596392774954438
1908736,563,3387,932,300.0,-0.6673243799999998,0.2,-0.046045573204173705,0.255908203125,-0.012681536376476288,0.1486480216961354,0.06396635,0.0003,0.47666364908218384,9310,-0.5734360095113515
1910784,563,3390,933,300.0,-0.27747403,0.2,-0.04184899873507675,0.231640625,0.031084656715393066,0.2162508549634367,0.047567938,0.0003,0.5585160255432129,9320,-0.5390703455545008
1912832,563,3392,934,300.0,-0.4785003,0.2,-0.046269062426290475,0.24912109375,0.04979177564382553,0.18458553380332887,0.055169206,0.0003,0.4658820629119873,9330,-0.5620480921119452
1914880,564,3395,935,300.0,-0.28235758,0.2,-0.04358474182081409,0.23271484375,0.06834926456212997,0.3327455094549805,0.04466382,0.0003,0.09088337421417236,9340,-0.548889584839344
1916928,564,3397,936,300.0,0.1682153800000002,0.2,-0.04031520706048468,0.21279296875,0.26444417238235474,0.580793043319136,0.044807583,0.0003,0.09659212827682495,9350,-0.5446628596633672
1918976,564,3399,937,300.0,0.5884412100000003,0.2,-0.04137345703493338,0.2107421875,0.3123628497123718,0.8147161283530295,0.04394477,0.0003,0.1594948172569275,9360,-0.54268763307482
1921024,564,3401,938,300.0,0.7568818900000001,0.2,-0.03862140142009594,0.23173828125,0.09788575768470764,0.30196870635263623,0.052713044,0.0003,0.17336386442184448,9370,-0.5683658015914261
1923072,564,3404,939,300.0,1.06855344,0.2,-0.043740037243696864,0.25126953125,0.002370581030845642,0.19279276644811033,0.0627002,0.0003,0.2528514862060547,9380,-0.5475125415250659
1925120,564,3408,940,300.0,1.01786342,0.2,-0.04570866821741219,0.24873046875,0.0008907616138458252,0.24885226283222436,0.063598685,0.0003,0.18568658828735352,9390,-0.5547722863964737
1927168,564,3411,941,300.0,0.6709716200000001,0.2,-0.046708113097702154,0.266552734375,-0.042041532695293427,0.12113041742704808,0.060721874,0.0003,0.3650844097137451,9400,-0.5551905965432524
1929216,564,3414,942,300.0,0.62820539,0.2,-0.045694286167417886,0.242578125,0.054957371205091476,0.24841180741786956,0.050434887,0.0003,0.2233075499534607,9410,-0.5627451153472066
1931264,565,3417,943,300.0,0.7176018500000003,0.2,-0.04612042996450327,0.25859375,0.03274287283420563,0.26731084026396273,0.05929842,0.0003,0.41664546728134155,9420,-0.5615958710201084
1933312,565,3421,944,300.0,0.83490397,0.2,-0.04627860333566787,0.238720703125,0.10690160095691681,0.37624326362274585,0.048459567,0.0003,0.3349362015724182,9430,-0.5609915935434401
1935360,565,3424,945,300.0,0.6729960299999999,0.2,-0.04648679977399297,0.246484375,0.06833571195602417,0.27881046258844433,0.058790527,0.0003,0.4356405735015869,9440,-0.5520397623069584
1937408,565,3427,946,300.0,0.63811365,0.2,-0.04553755458910018,0.244140625,0.08559060841798782,0.3757775087840855,0.061575916,0.0003,0.22556591033935547,9450,-0.5465169109404087
1939456,565,3430,947,300.0,0.3062451399999999,0.2,-0.045312237463076596,0.242041015625,0.04164184629917145,0.27470958228223025,0.05620084,0.0003,0.04739111661911011,9460,-0.551220859400928
1941504,565,3433,948,300.0,0.31474985000000005,0.2,-0.047790463468118105,0.250390625,0.07866737246513367,0.3522742529865354,0.054120786,0.0003,0.166040301322937,9470,-0.5595006293617188
1943552,565,3437,949,300.0,-0.15273584999999984,0.2,-0.04606661912403069,0.256396484375,0.05637475848197937,0.2857510212343186,0.05707894,0.0003,0.17287659645080566,9480,-0.5522753328084946
1945600,565,3440,950,300.0,-0.9564423999999998,0.2,-0.04111059824062977,0.21494140625,0.4096320569515228,1.0569265235215426,0.03876221,0.0003,0.056684017181396484,9490,-0.5490850523114205
1947648,565,3443,951,300.0,-0.5247362399999997,0.2,-0.04534819732652977,0.258251953125,0.05981457233428955,0.2957085257396102,0.05537592,0.0003,-0.0005395412445068359,9500,-0.5537459893152118
1949696,565,3445,952,300.0,-0.2747026200000002,0.2,-0.04779188516549766,0.275244140625,-0.02316775918006897,0.1319790603360161,0.067135416,0.0003,0.4661617875099182,9510,-0.5565034947358072
1951744,565,3448,953,300.0,-0.7136431900000002,0.2,-0.04407669601496309,0.239111328125,0.05335305631160736,0.3801795120816678,0.052074924,0.0003,0.31570494174957275,9520,-0.5700901097618043
1953792,566,3451,954,300.0,-0.83389894,0.2,-0.04148204390949104,0.21796875,0.07695161551237106,0.40300771412439645,0.04270512,0.0003,0.3805140256881714,9530,-0.5530612927861511
1955840,566,3454,955,300.0,-0.68683819,0.2,-0.04387046628689859,0.238623046875,0.01466415822505951,0.19225051931571216,0.05907901,0.0003,0.5168513059616089,9540,-0.5620620952919125
1957888,566,3457,956,300.0,-0.6856246200000002,0.2,-0.047827835829230024,0.23974609375,0.10031283646821976,0.3237918453291059,0.048723646,0.0003,0.3347247838973999,9550,-0.5591009055264294
1959936,566,3459,957,300.0,-0.1725408399999999,0.2,-0.04404520145035349,0.240869140625,0.09813594818115234,0.3650883852038532,0.04995239,0.0003,0.4364476203918457,9560,-0.5621414489112795
1961984,566,3462,958,300.0,-0.020458050000000182,0.2,-0.0411433347791899,0.241748046875,-0.015894386917352676,0.1773285819683224,0.052356914,0.0003,0.5229138135910034,9570,-0.5568928510881961
1964032,566,3464,959,300.0,-0.05969863000000007,0.2,-0.0482694472593721,0.255224609375,-0.013375066220760345,0.18371566750574858,0.06502951,0.0003,0.25482887029647827,9580,-0.5629368694499135
1966080,567,3467,960,300.0,-0.40244491000000027,0.2,-0.044684149679960684,0.22919921875,0.24857097864151,0.6213933903723955,0.046859622,0.0003,0.10617983341217041,9590,-0.5622269538231194
1968128,567,3469,961,300.0,-0.66687753,0.2,-0.04564182618050836,0.26171875,0.013380542397499084,0.2668855934869498,0.05790195,0.0003,-0.16013109683990479,9600,-0.5838679534383118
1970176,567,3472,962,300.0,-0.23598414999999995,0.2,-0.04654046600917354,0.246826171875,-0.027897924184799194,0.15933670289814472,0.06180928,0.0003,0.26483243703842163,9610,-0.5555121429264546
1972224,567,3474,963,300.0,-0.28616650000000005,0.2,-0.0475996873297845,0.25400390625,0.04664066433906555,0.23788901222869754,0.059425116,0.0003,0.38702672719955444,9620,-0.5608898632228374
1974272,567,3477,964,300.0,0.007560559999999894,0.2,-0.050446051656035704,0.252392578125,-0.004904173314571381,0.1583745948970318,0.06376712,0.0003,0.5769977569580078,9630,-0.5338529996573925
1976320,567,3479,965,300.0,0.16103110999999984,0.2,-0.04542058285442181,0.24677734375,0.00638936460018158,0.15332498925272375,0.06696366,0.0003,0.5516104102134705,9640,-0.5371556811966002
1978368,568,3482,966,300.0,-0.0738543,0.2,-0.04700253702176269,0.2390625,0.08532270789146423,0.30995941571891306,0.047938004,0.0003,0.3623502850532532,9650,-0.570183454733342
1980416,568,3484,967,300.0,0.1275649399999999,0.2,-0.04744160233822185,0.24599609375,0.18481990694999695,0.5621203233487904,0.051914904,0.0003,0.027237117290496826,9660,-0.5569725419394672
1982464,568,3487,968,300.0,0.6375407699999999,0.2,-0.03978911724407226,0.24208984375,0.10565850883722305,0.31989567102864386,0.058492973,0.0003,-0.21011197566986084,9670,-0.5444889381527901
1984512,568,3489,969,300.0,0.9353357300000004,0.2,-0.04568760198017117,0.23984375,0.15156878530979156,0.5038474942557514,0.05623912,0.0003,0.04738062620162964,9680,-0.5344048476777971
1986560,568,3492,970,300.0,0.61169116,0.2,-0.042487731348956004,0.243994140625,0.32597482204437256,0.7850392691791057,0.049793698,0.0003,0.0349695086479187,9690,-0.5386308877728879
1988608,569,3494,971,300.0,0.29538195999999967,0.2,-0.04526245127781294,0.252587890625,0.013347305357456207,0.24404453756287695,0.058318667,0.0003,0.1287793517112732,9700,-0.5454232526011765
1990656,569,3497,972,300.0,0.028691300000000045,0.2,-0.04396157488226891,0.2505859375,-0.00032660365104675293,0.18979238437023013,0.054714393,0.0003,0.1289547085762024,9710,-0.5575991315767169
1992704,569,3500,973,300.0,-0.20840515000000026,0.2,-0.04650377362559084,0.25234375,0.02792932093143463,0.2785745087545365,0.058959458,0.0003,0.21598613262176514,9720,-0.5496539483778179
1994752,569,3502,974,300.0,0.1286273099999999,0.2,-0.04401170809287578,0.256689453125,0.05908435583114624,0.21416057024616747,0.06565012,0.0003,-0.25284314155578613,9730,-0.5356754780746996
1996800,569,3505,975,300.0,0.1454554799999998,0.2,-0.0435141570342239,0.26455078125,0.0011234953999519348,0.11611406485317274,0.07056123,0.0003,0.040955305099487305,9740,-0.5370827170088888
1998848,569,3507,976,300.0,0.4397071700000001,0.2,-0.041346476807666475,0.224951171875,-0.008069120347499847,0.18033253639005126,0.05155991,0.0003,0.18321985006332397,9750,-0.5308002359233797
2000896,557,3590,977,300.0,0.73962783,0.2,-0.045805942214792596,0.234716796875,0.05711930990219116,0.22925365795381367,0.053064927,0.0003,0.0872461199760437,9760,-0.5359972923994064
