time/time_elapsed,time/fps,rollout/exploration_rate,time/episodes,time/total_timesteps,rollout/ep_rew_mean,rollout/ep_len_mean,train/n_updates,train/learning_rate,train/loss
3,345,0.9977584905660376,4,1200,-6.74962925,300.0,,,
3,613,0.9955169811320755,8,2400,-5.000801,300.0,,,
4,825,0.9932754716981131,12,3600,-2.0931094999999997,300.0,,,
4,1000,0.9910339622641511,16,4800,-0.8358396250000003,300.0,,,
5,1146,0.9887924528301887,20,6000,-0.9372041000000003,300.0,,,
5,1270,0.9865509433962263,24,7200,0.12716824999999984,300.0,,,
6,1376,0.9843094339622642,28,8400,-1.061585392857143,300.0,,,
6,1464,0.9820679245283018,32,9600,-1.3302447812500002,300.0,,,
6,1544,0.9798264150943398,36,10800,-0.5235764444444446,300.0,,,
7,1614,0.9775849056603774,40,12000,-0.351049925,300.0,,,
7,1678,0.9753433962264149,44,13200,-0.6126704545454544,300.0,,,
8,1736,0.9731018867924529,48,14400,-0.4587460208333332,300.0,,,
8,1784,0.9708603773584905,52,15600,-0.5862295769230769,300.0,,,
9,1826,0.9686188679245284,56,16800,-0.08385442857142841,300.0,,,
9,1868,0.966377358490566,60,18000,-0.03410488333333319,300.0,,,
10,1908,0.9641358490566035,64,19200,-0.23824323437499995,300.0,,,
10,1942,0.9618943396226416,68,20400,-0.5645939558823528,300.0,,,
11,1960,0.9596528301886791,72,21600,-0.3570626944444444,300.0,,,
11,1990,0.9574113207547171,76,22800,0.25859844736842114,300.0,,,
11,2018,0.9551698113207547,80,24000,0.12023596250000006,300.0,,,
12,2043,0.9529283018867927,84,25200,0.2833630595238096,300.0,,,
12,2065,0.9506867924528303,88,26400,0.41024967045454547,300.0,,,
13,2088,0.9484452830188678,92,27600,0.4564869891304348,300.0,,,
13,2109,0.9462037735849058,96,28800,0.5288033854166666,300.0,,,
14,2129,0.9439622641509433,100,30000,0.23905467000000002,300.0,,,
14,2149,0.9417207547169814,104,31200,0.1891635699999998,300.0,,,
14,2166,0.9394792452830188,108,32400,0.2774118799999999,300.0,,,
15,2181,0.9372377358490565,112,33600,0.10515455999999994,300.0,,,
15,2196,0.9349962264150945,116,34800,-0.3076521300000001,300.0,,,
16,2211,0.932754716981132,120,36000,-0.6848532500000001,300.0,,,
16,2224,0.93051320754717,124,37200,-0.6782130500000001,300.0,,,
17,2236,0.9282716981132075,128,38400,-0.28230557000000017,300.0,,,
17,2250,0.9260301886792451,132,39600,-0.39692065,300.0,,,
18,2254,0.9237886792452831,136,40800,-0.78188213,300.0,7,0.0001,0.021895170211791992
18,2262,0.9215471698113207,140,42000,-0.5326916999999998,300.0,19,0.0001,0.020238149911165237
19,2266,0.9193056603773587,144,43200,-0.43973468,300.0,31,0.0001,0.017509154975414276
19,2269,0.9170641509433962,148,44400,-0.34580533999999985,300.0,43,0.0001,0.01724828965961933
20,2273,0.9148226415094338,152,45600,-0.06907844999999993,300.0,55,0.0001,0.0161814633756876
20,2277,0.9125811320754718,156,46800,-0.7157702199999999,300.0,67,0.0001,0.015549122355878353
21,2260,0.9103396226415094,160,48000,-0.7924892499999998,300.0,79,0.0001,0.014200203120708466
21,2265,0.9080981132075473,164,49200,-0.7522566999999999,300.0,91,0.0001,0.014712469652295113
22,2270,0.9058566037735849,168,50400,-0.5629277300000001,300.0,103,0.0001,0.013131845742464066
22,2273,0.9036150943396225,172,51600,-0.52124692,300.0,115,0.0001,0.010762298479676247
23,2278,0.9013735849056604,176,52800,-1.1338162399999998,300.0,127,0.0001,0.010277834720909595
23,2281,0.899132075471698,180,54000,-0.80416233,300.0,139,0.0001,0.009506238624453545
24,2285,0.896890566037736,184,55200,-0.9244457099999996,300.0,151,0.0001,0.007903194054961205
24,2289,0.8946490566037736,188,56400,-0.8772052199999999,300.0,163,0.0001,0.006764933466911316
25,2292,0.8924075471698112,192,57600,-0.77631577,300.0,175,0.0001,0.006254828069359064
25,2284,0.8901660377358491,196,58800,-0.6493161199999997,300.0,187,0.0001,0.006208269391208887
26,2288,0.8879245283018867,200,60000,-0.2890633199999997,300.0,199,0.0001,0.006156630348414183
26,2292,0.8856830188679247,204,61200,-0.019928329999999727,300.0,211,0.0001,0.007198267616331577
27,2295,0.8834415094339623,208,62400,-0.060917589999999786,300.0,223,0.0001,0.0063303327187895775
27,2296,0.8811999999999998,212,63600,-0.3851286899999996,300.0,235,0.0001,0.005471454001963139
28,2299,0.8789584905660378,216,64800,-0.29858239999999986,300.0,247,0.0001,0.00640115374699235
28,2302,0.8767169811320754,220,66000,0.27039213999999995,300.0,259,0.0001,0.005396218039095402
29,2302,0.8744754716981133,224,67200,0.1685417899999999,300.0,271,0.0001,0.005934359505772591
29,2303,0.872233962264151,228,68400,-0.15133591000000013,300.0,283,0.0001,0.004802756942808628
30,2305,0.8699924528301889,232,69600,0.04252862999999978,300.0,295,0.0001,0.003723314730450511
30,2306,0.8677509433962265,236,70800,0.10952865999999997,300.0,307,0.0001,0.006706757005304098
31,2308,0.865509433962264,240,72000,-0.022098679999999832,300.0,319,0.0001,0.0038870004937052727
31,2311,0.863267924528302,244,73200,0.04224497000000023,300.0,331,0.0001,0.005654556676745415
32,2312,0.8610264150943396,248,74400,0.020328639999999894,300.0,343,0.0001,0.007224672473967075
32,2314,0.8587849056603771,252,75600,-0.6754760900000002,300.0,355,0.0001,0.0056792739778757095
33,2316,0.8565433962264152,256,76800,-0.18621089,300.0,367,0.0001,0.006921702530235052
33,2318,0.8543018867924528,260,78000,-0.2398735599999999,300.0,379,0.0001,0.005948726553469896
34,2319,0.8520603773584907,264,79200,0.1098938400000003,300.0,391,0.0001,0.006981482729315758
34,2321,0.8498188679245282,268,80400,0.2317869800000001,300.0,403,0.0001,0.004926993511617184
35,2323,0.8475773584905663,272,81600,-0.0599575800000001,300.0,415,0.0001,0.00656276848167181
35,2325,0.8453358490566039,276,82800,0.2509392999999999,300.0,427,0.0001,0.007228494621813297
36,2326,0.8430943396226414,280,84000,-0.0265981699999999,300.0,439,0.0001,0.00821154285222292
36,2328,0.8408528301886794,284,85200,-0.0048297499999998385,300.0,451,0.0001,0.006882249843329191
37,2329,0.8386113207547169,288,86400,-0.66379113,300.0,463,0.0001,0.007949905470013618
37,2330,0.8363698113207549,292,87600,-1.06848784,300.0,475,0.0001,0.006150554865598679
38,2330,0.8341283018867924,296,88800,-1.37085657,300.0,487,0.0001,0.006359234917908907
38,2331,0.83188679245283,300,90000,-1.5236313200000005,300.0,499,0.0001,0.006219987291842699
39,2328,0.8296452830188681,304,91200,-1.5696005300000002,300.0,511,0.0001,0.006187641527503729
39,2321,0.8274037735849056,308,92400,-1.5323484299999999,300.0,523,0.0001,0.007418706081807613
40,2321,0.8251622641509436,312,93600,-1.0882565,300.0,535,0.0001,0.006643412634730339
40,2317,0.8229207547169811,316,94800,-0.93268497,300.0,547,0.0001,0.007400729693472385
41,2316,0.8206792452830187,320,96000,-1.0937777400000002,300.0,559,0.0001,0.007011178880929947
41,2316,0.8184377358490567,324,97200,-1.3512929,300.0,571,0.0001,0.0059357876889407635
42,2316,0.8161962264150943,328,98400,-1.27624743,300.0,583,0.0001,0.005148978438228369
42,2317,0.8139547169811323,332,99600,-0.8836216499999999,300.0,595,0.0001,0.005507306195795536
92,1091,0.8117132075471698,336,100800,-0.9018374200000001,300.0,607,0.0001,0.006268697325140238
92,1098,0.8094716981132074,340,102000,-1.02641944,300.0,619,0.0001,0.00621541915461421
93,1105,0.8072301886792453,344,103200,-1.0035405899999998,300.0,631,0.0001,0.00554203987121582
93,1111,0.804988679245283,348,104400,-1.0846343299999999,300.0,643,0.0001,0.006049763411283493
94,1118,0.8027471698113209,352,105600,-0.30456703000000007,300.0,655,0.0001,0.007627406623214483
94,1125,0.8005056603773585,356,106800,-0.23170847000000008,300.0,667,0.0001,0.005860750563442707
95,1131,0.7982641509433961,360,108000,-0.10945347999999999,300.0,679,0.0001,0.005929731763899326
95,1137,0.796022641509434,364,109200,-0.5328666299999998,300.0,691,0.0001,0.005361730232834816
96,1144,0.7937811320754716,368,110400,-0.80266362,300.0,703,0.0001,0.007340324576944113
97,1150,0.7915396226415096,372,111600,-0.93943278,300.0,715,0.0001,0.0069174207746982574
97,1156,0.7892981132075472,376,112800,-0.9287038699999998,300.0,727,0.0001,0.0059289406053721905
98,1162,0.7870566037735847,380,114000,-0.97382032,300.0,739,0.0001,0.005255788564682007
98,1168,0.7848150943396227,384,115200,-1.15413905,300.0,751,0.0001,0.007669980637729168
99,1174,0.7825735849056603,388,116400,-0.41485231000000006,300.0,763,0.0001,0.006228653714060783
99,1180,0.7803320754716982,392,117600,-0.20224678000000004,300.0,775,0.0001,0.0043638646602630615
100,1185,0.7780905660377359,396,118800,-0.1463260500000001,300.0,787,0.0001,0.005953669548034668
100,1190,0.7758490566037735,400,120000,-0.23119413000000003,300.0,799,0.0001,0.004896729253232479
101,1195,0.7736075471698114,404,121200,-0.40167352000000006,300.0,811,0.0001,0.00802290067076683
101,1200,0.7713660377358489,408,122400,-0.3792226,300.0,823,0.0001,0.0058415960520505905
102,1206,0.7691245283018869,412,123600,-0.52990481,300.0,835,0.0001,0.0047713033854961395
102,1211,0.7668830188679245,416,124800,-0.8675400000000001,300.0,847,0.0001,0.006738866679370403
103,1216,0.7646415094339625,420,126000,-0.9709789799999998,300.0,859,0.0001,0.00678333779796958
104,1222,0.7624000000000001,424,127200,-0.6145312199999999,300.0,871,0.0001,0.004810504615306854
104,1227,0.7601584905660377,428,128400,-0.4653699399999999,300.0,883,0.0001,0.007673149928450584
105,1231,0.7579169811320756,432,129600,-0.8300451699999999,300.0,895,0.0001,0.005173690151423216
105,1236,0.7556754716981131,436,130800,-0.6606185500000004,300.0,907,0.0001,0.006695638410747051
106,1241,0.7534339622641508,440,132000,-0.7924024200000003,300.0,919,0.0001,0.005125935655087233
106,1246,0.7511924528301888,444,133200,-0.7095112000000001,300.0,931,0.0001,0.006283439230173826
107,1251,0.7489509433962263,448,134400,-0.6056841700000001,300.0,943,0.0001,0.006472122855484486
107,1256,0.7467094339622642,452,135600,-0.8902843600000001,300.0,955,0.0001,0.006713875103741884
108,1261,0.7444679245283019,456,136800,-0.8750724900000002,300.0,967,0.0001,0.007989795878529549
108,1266,0.7422264150943398,460,138000,-1.03124536,300.0,979,0.0001,0.006591742858290672
109,1270,0.7399849056603773,464,139200,-0.73789201,300.0,991,0.0001,0.007588747888803482
110,1274,0.7377433962264149,468,140400,-0.47685550000000004,300.0,1003,0.0001,0.0055922092869877815
110,1277,0.735501886792453,472,141600,0.01294033999999983,300.0,1015,0.0001,0.005832763388752937
111,1282,0.7332603773584905,476,142800,-0.2793811800000002,300.0,1027,0.0001,0.004581133835017681
111,1286,0.7310188679245284,480,144000,-0.34256053000000025,300.0,1039,0.0001,0.005475911777466536
112,1289,0.7287773584905661,484,145200,-0.44593543000000024,300.0,1051,0.0001,0.0065870643593370914
113,1294,0.7265358490566036,488,146400,-0.84665984,300.0,1063,0.0001,0.005861281882971525
113,1298,0.7242943396226416,492,147600,-0.7081002100000003,300.0,1075,0.0001,0.005854450631886721
114,1303,0.7220528301886792,496,148800,-0.4560979600000001,300.0,1087,0.0001,0.005184534937143326
114,1307,0.7198113207547172,500,150000,-0.5288955899999997,300.0,1099,0.0001,0.0066741835325956345
115,1311,0.7175698113207547,504,151200,-0.19834435999999975,300.0,1111,0.0001,0.006200016476213932
115,1314,0.7153283018867923,508,152400,-0.38279100000000005,300.0,1123,0.0001,0.006513899192214012
116,1318,0.7130867924528304,512,153600,-0.33851384,300.0,1135,0.0001,0.0066389404237270355
117,1322,0.7108452830188678,516,154800,0.13162671999999995,300.0,1147,0.0001,0.007241486106067896
117,1327,0.7086037735849058,520,156000,0.011969359999999974,300.0,1159,0.0001,0.005781717598438263
118,1331,0.7063622641509434,524,157200,-0.17626021000000003,300.0,1171,0.0001,0.004950449801981449
118,1335,0.704120754716981,528,158400,-0.3413473299999999,300.0,1183,0.0001,0.00892226118594408
119,1338,0.7018792452830189,532,159600,-0.2962284299999998,300.0,1195,0.0001,0.004080494865775108
119,1342,0.6996377358490565,536,160800,-0.31785955,300.0,1207,0.0001,0.0057617900893092155
120,1344,0.6973962264150946,540,162000,-0.4169180400000001,300.0,1219,0.0001,0.006187949329614639
121,1348,0.6951547169811321,544,163200,-0.7434720500000002,300.0,1231,0.0001,0.006692599970847368
121,1352,0.6929132075471697,548,164400,-1.26505002,300.0,1243,0.0001,0.004852390848100185
122,1356,0.6906716981132076,552,165600,-1.09896089,300.0,1255,0.0001,0.006702186539769173
122,1360,0.6884301886792452,556,166800,-1.3206789999999997,300.0,1267,0.0001,0.0063172439113259315
123,1363,0.6861886792452832,560,168000,-1.3402752599999999,300.0,1279,0.0001,0.005695718806236982
123,1367,0.6839471698113208,564,169200,-1.1782623200000002,300.0,1291,0.0001,0.004733860958367586
124,1371,0.6817056603773588,568,170400,-1.5348411800000006,300.0,1303,0.0001,0.005262341815978289
124,1375,0.6794641509433963,572,171600,-1.7536162000000002,300.0,1315,0.0001,0.005562089383602142
125,1378,0.6772226415094338,576,172800,-1.7488446500000001,300.0,1327,0.0001,0.007751894649118185
125,1381,0.6749811320754718,580,174000,-1.5156771400000002,300.0,1339,0.0001,0.005435563158243895
126,1385,0.6727396226415094,584,175200,-1.34984754,300.0,1351,0.0001,0.005476503632962704
126,1389,0.6704981132075469,588,176400,-1.27280063,300.0,1363,0.0001,0.004493193235248327
127,1392,0.668256603773585,592,177600,-1.5411593,300.0,1375,0.0001,0.006814203225076199
128,1396,0.6660150943396226,596,178800,-1.7619437499999997,300.0,1387,0.0001,0.007844601757824421
128,1400,0.6637735849056605,600,180000,-1.4614725399999997,300.0,1399,0.0001,0.005552982911467552
129,1402,0.661532075471698,604,181200,-1.5359634899999997,300.0,1411,0.0001,0.007983475923538208
129,1406,0.6592905660377361,608,182400,-1.2695402599999999,300.0,1423,0.0001,0.005882618948817253
130,1409,0.6570490566037737,612,183600,-1.1427355200000002,300.0,1435,0.0001,0.005941613111644983
130,1411,0.6548075471698112,616,184800,-1.43811312,300.0,1447,0.0001,0.01049037929624319
131,1413,0.6525660377358492,620,186000,-0.9110003999999999,300.0,1459,0.0001,0.006028725765645504
132,1416,0.6503245283018868,624,187200,-1.0619697900000002,300.0,1471,0.0001,0.007586502470076084
132,1419,0.6480830188679243,628,188400,-0.8003561300000003,300.0,1483,0.0001,0.00841829739511013
133,1422,0.6458415094339622,632,189600,-0.9095332700000001,300.0,1495,0.0001,0.006385755725204945
133,1426,0.6435999999999998,636,190800,-0.8839047199999998,300.0,1507,0.0001,0.005698852241039276
134,1429,0.6413584905660379,640,192000,-0.6279971399999998,300.0,1519,0.0001,0.006118969991803169
134,1432,0.6391169811320754,644,193200,-0.5239485699999998,300.0,1531,0.0001,0.005157034378498793
135,1435,0.6368754716981134,648,194400,0.28105115999999997,300.0,1543,0.0001,0.00835227407515049
136,1437,0.634633962264151,652,195600,0.43280335999999986,300.0,1555,0.0001,0.006086486391723156
136,1441,0.6323924528301885,656,196800,0.7741161999999998,300.0,1567,0.0001,0.004974204581230879
137,1444,0.6301509433962265,660,198000,0.87480776,300.0,1579,0.0001,0.006830214057117701
137,1446,0.6279094339622641,664,199200,0.6607384399999998,300.0,1591,0.0001,0.0044341012835502625
188,1064,0.6256679245283021,668,200400,0.6309434999999999,300.0,1603,0.0001,0.0069487690925598145
188,1067,0.6234264150943396,672,201600,0.78931002,300.0,1615,0.0001,0.006955430842936039
189,1070,0.6211849056603772,676,202800,1.1995932900000001,300.0,1627,0.0001,0.007932177744805813
189,1074,0.6189433962264153,680,204000,1.03180841,300.0,1639,0.0001,0.006504713091999292
190,1077,0.6167018867924527,684,205200,0.9252708,300.0,1651,0.0001,0.010548129677772522
191,1079,0.6144603773584907,688,206400,1.1115651300000002,300.0,1663,0.0001,0.011955312453210354
191,1082,0.6122188679245283,692,207600,1.33779634,300.0,1675,0.0001,0.005227079149335623
192,1085,0.6099773584905659,696,208800,1.2504936599999998,300.0,1687,0.0001,0.005961569957435131
192,1088,0.6077358490566038,700,210000,1.3111040899999997,300.0,1699,0.0001,0.008280469104647636
193,1091,0.6054943396226414,704,211200,1.49241204,300.0,1711,0.0001,0.007403291761875153
194,1094,0.6032528301886795,708,212400,1.5680964600000002,300.0,1723,0.0001,0.005516313947737217
194,1097,0.601011320754717,712,213600,1.3226581500000005,300.0,1735,0.0001,0.009013410657644272
195,1100,0.5987698113207549,716,214800,1.73103049,300.0,1747,0.0001,0.012424834072589874
195,1103,0.5965283018867925,720,216000,1.6794044799999996,300.0,1759,0.0001,0.01072272565215826
196,1106,0.5942867924528301,724,217200,2.2278514800000004,300.0,1771,0.0001,0.00550871342420578
196,1108,0.592045283018868,728,218400,2.33529887,300.0,1783,0.0001,0.00854998454451561
197,1111,0.5898037735849057,732,219600,2.40763266,300.0,1795,0.0001,0.004114260897040367
198,1113,0.5875622641509433,736,220800,2.29594011,300.0,1807,0.0001,0.009222052060067654
198,1116,0.5853207547169812,740,222000,2.21050251,300.0,1819,0.0001,0.0056465077213943005
199,1118,0.5830792452830188,744,223200,2.3718454500000004,300.0,1831,0.0001,0.010445475578308105
200,1120,0.5808377358490567,748,224400,1.95021171,300.0,1843,0.0001,0.009229039773344994
200,1122,0.5785962264150943,752,225600,1.2074805,300.0,1855,0.0001,0.006331614684313536
201,1123,0.5763547169811323,756,226800,0.8969703000000002,300.0,1867,0.0001,0.008677000179886818
202,1126,0.5741132075471699,760,228000,1.07016152,300.0,1879,0.0001,0.008021615445613861
203,1128,0.5718716981132075,764,229200,0.8916664299999998,300.0,1891,0.0001,0.008057132363319397
203,1130,0.5696301886792454,768,230400,1.3042423499999996,300.0,1903,0.0001,0.006785165518522263
204,1133,0.567388679245283,772,231600,1.25946823,300.0,1915,0.0001,0.008448448963463306
204,1135,0.5651471698113206,776,232800,0.9678377899999999,300.0,1927,0.0001,0.010581381618976593
205,1138,0.5629056603773586,780,234000,1.1988106699999996,300.0,1939,0.0001,0.010280278511345387
206,1140,0.5606641509433961,784,235200,1.5109299499999997,300.0,1951,0.0001,0.0043832408264279366
206,1143,0.5584226415094341,788,236400,1.7558296999999998,300.0,1963,0.0001,0.005559343378990889
207,1146,0.5561811320754717,792,237600,1.6443566500000002,300.0,1975,0.0001,0.010582775808870792
207,1148,0.5539396226415096,796,238800,1.3001335800000005,300.0,1987,0.0001,0.004080262500792742
208,1151,0.5516981132075472,800,240000,1.28743032,300.0,1999,0.0001,0.005108071491122246
209,1153,0.5494566037735849,804,241200,1.4767981500000005,300.0,2011,0.0001,0.006632328033447266
209,1156,0.5472150943396228,808,242400,1.3247161299999999,300.0,2023,0.0001,0.006658613681793213
210,1158,0.5449735849056603,812,243600,1.4393660499999998,300.0,2035,0.0001,0.008285382762551308
210,1161,0.5427320754716983,816,244800,1.0924993000000003,300.0,2047,0.0001,0.005179206840693951
211,1163,0.5404905660377359,820,246000,0.4811533400000002,300.0,2059,0.0001,0.011258332058787346
212,1165,0.5382490566037734,824,247200,-0.005030269999999839,300.0,2071,0.0001,0.007956914603710175
212,1168,0.5360075471698115,828,248400,-0.47686831999999996,300.0,2083,0.0001,0.0058488063514232635
213,1170,0.5337660377358491,832,249600,-0.34616915,300.0,2095,0.0001,0.005657217465341091
213,1173,0.531524528301887,836,250800,-0.5763510200000002,300.0,2107,0.0001,0.004738654009997845
214,1176,0.5292830188679245,840,252000,-0.5243575199999999,300.0,2119,0.0001,0.006767858751118183
214,1178,0.527041509433962,844,253200,-0.4796881700000001,300.0,2131,0.0001,0.010796693153679371
215,1180,0.5248000000000002,848,254400,-0.4750393400000001,300.0,2143,0.0001,0.006686687469482422
215,1183,0.5225584905660376,852,255600,0.03718929999999973,300.0,2155,0.0001,0.006069960538297892
216,1185,0.5203169811320757,856,256800,-0.2112615700000003,300.0,2167,0.0001,0.006245622877031565
217,1188,0.5180754716981133,860,258000,-0.2553458600000001,300.0,2179,0.0001,0.0065976707264781
217,1190,0.5158339622641512,864,259200,-0.40585837999999996,300.0,2191,0.0001,0.00662048626691103
218,1193,0.5135924528301887,868,260400,-0.63152668,300.0,2203,0.0001,0.00919948611408472
218,1195,0.5113509433962263,872,261600,-0.24187363000000006,300.0,2215,0.0001,0.007756497710943222
219,1197,0.5091094339622644,876,262800,0.0052987700000001504,300.0,2227,0.0001,0.007811905816197395
220,1199,0.5068679245283019,880,264000,0.020518010000000097,300.0,2239,0.0001,0.0068671852350234985
220,1202,0.5046264150943394,884,265200,-0.21242442000000009,300.0,2251,0.0001,0.011882812716066837
221,1203,0.5023849056603774,888,266400,-0.49711805000000003,300.0,2263,0.0001,0.005693020764738321
221,1205,0.500143396226415,892,267600,-0.49627946999999994,300.0,2275,0.0001,0.00785679928958416
222,1208,0.49790188679245306,896,268800,0.034137060000000295,300.0,2287,0.0001,0.006736077833920717
223,1210,0.49566037735849056,900,270000,0.09879408000000002,300.0,2299,0.0001,0.007710016332566738
223,1212,0.4934188679245285,904,271200,0.06673071999999988,300.0,2311,0.0001,0.007210683077573776
224,1214,0.4911773584905661,908,272400,0.09624330999999992,300.0,2323,0.0001,0.007094931788742542
224,1216,0.4889358490566037,912,273600,-0.05994343000000004,300.0,2335,0.0001,0.010956000536680222
225,1218,0.48669433962264175,916,274800,0.3582412999999999,300.0,2347,0.0001,0.005364253185689449
226,1220,0.48445283018867924,920,276000,0.84131655,300.0,2359,0.0001,0.0076920767314732075
226,1222,0.48221132075471673,924,277200,0.8956661300000001,300.0,2371,0.0001,0.006917250342667103
227,1224,0.4799698113207548,928,278400,1.19827526,300.0,2383,0.0001,0.009483153000473976
227,1226,0.4777283018867924,932,279600,1.2730305199999998,300.0,2395,0.0001,0.005789410322904587
228,1228,0.4754867924528303,936,280800,1.51721123,300.0,2407,0.0001,0.007209658622741699
229,1230,0.4732452830188679,940,282000,1.3804854299999993,300.0,2419,0.0001,0.00632298830896616
229,1232,0.47100377358490586,944,283200,1.1790142499999998,300.0,2431,0.0001,0.011165163479745388
230,1234,0.46876226415094346,948,284400,1.09438606,300.0,2443,0.0001,0.01311315968632698
231,1235,0.46652075471698107,952,285600,1.20689931,300.0,2455,0.0001,0.012199746444821358
231,1237,0.464279245283019,956,286800,1.3452730700000004,300.0,2467,0.0001,0.009294365532696247
232,1238,0.4620377358490566,960,288000,1.2064134700000002,300.0,2479,0.0001,0.010733044706285
233,1240,0.4597962264150941,964,289200,1.3871304800000004,300.0,2491,0.0001,0.01506897434592247
233,1242,0.45755471698113215,968,290400,1.3441585500000002,300.0,2503,0.0001,0.0059059178456664085
234,1244,0.45531320754716975,972,291600,0.82715295,300.0,2515,0.0001,0.009190783835947514
234,1246,0.4530716981132077,976,292800,0.71906457,300.0,2527,0.0001,0.008176707662642002
235,1248,0.4508301886792452,980,294000,0.31762247999999993,300.0,2539,0.0001,0.006419088691473007
236,1250,0.44858867924528323,984,295200,0.26483962,300.0,2551,0.0001,0.006943653337657452
236,1252,0.44634716981132083,988,296400,0.25166996,300.0,2563,0.0001,0.00776815926656127
237,1254,0.4441056603773583,992,297600,0.49390668000000004,300.0,2575,0.0001,0.007995706051588058
237,1256,0.44186415094339637,996,298800,0.8644340000000001,300.0,2587,0.0001,0.014014744199812412
288,1039,0.43962264150943386,1000,300000,0.60437342,300.0,2599,0.0001,0.004870198667049408
289,1041,0.43738113207547147,1004,301200,0.25116233,300.0,2611,0.0001,0.012861525639891624
289,1043,0.4351396226415095,1008,302400,0.15966347999999989,300.0,2623,0.0001,0.007082364987581968
290,1045,0.43289811320754745,1012,303600,0.19764295999999992,300.0,2635,0.0001,0.007217223756015301
291,1046,0.43065660377358506,1016,304800,0.062232579999999996,300.0,2647,0.0001,0.005593531299382448
291,1048,0.42841509433962255,1020,306000,-0.12626645999999997,300.0,2659,0.0001,0.00640893867239356
292,1050,0.4261735849056606,1024,307200,-0.3441514399999999,300.0,2671,0.0001,0.0068565476685762405
293,1052,0.4239320754716981,1028,308400,-0.43239666999999976,300.0,2683,0.0001,0.007980259135365486
293,1054,0.4216905660377357,1032,309600,-0.49210547,300.0,2695,0.0001,0.008456455543637276
294,1056,0.41944905660377363,1036,310800,-0.18327194000000005,300.0,2707,0.0001,0.00776300486177206
294,1058,0.41720754716981123,1040,312000,-0.13647559999999986,300.0,2719,0.0001,0.011037508025765419
295,1059,0.4149660377358493,1044,313200,0.04718429000000017,300.0,2731,0.0001,0.0067629520781338215
296,1061,0.4127245283018868,1048,314400,0.36534565000000013,300.0,2743,0.0001,0.007852185517549515
296,1063,0.4104830188679248,1052,315600,0.19725199,300.0,2755,0.0001,0.006342245731502771
297,1065,0.4082415094339623,1056,316800,0.00977768999999995,300.0,2767,0.0001,0.005461913533508778
297,1067,0.4059999999999999,1060,318000,0.11700349999999993,300.0,2779,0.0001,0.008410998620092869
298,1069,0.40375849056603796,1064,319200,0.09908685999999997,300.0,2791,0.0001,0.009447203949093819
299,1071,0.40151698113207546,1068,320400,0.08801331000000001,300.0,2803,0.0001,0.00985354371368885
299,1073,0.39927547169811306,1072,321600,-0.048908910000000014,300.0,2815,0.0001,0.006211444735527039
300,1074,0.397033962264151,1076,322800,-0.20120742000000008,300.0,2827,0.0001,0.006716520991176367
300,1076,0.3947924528301886,1080,324000,0.17201736999999986,300.0,2839,0.0001,0.009133294224739075
301,1078,0.39255094339622654,1084,325200,0.18359366000000002,300.0,2851,0.0001,0.011499259620904922
302,1080,0.39030943396226414,1088,326400,-0.20921514999999982,300.0,2863,0.0001,0.005302941892296076
302,1082,0.3880679245283021,1092,327600,-0.2983419499999999,300.0,2875,0.0001,0.011808947660028934
303,1084,0.3858264150943397,1096,328800,-0.63408146,300.0,2887,0.0001,0.0063283443450927734
303,1085,0.3835849056603773,1100,330000,-0.35324683000000007,300.0,2899,0.0001,0.005843889433890581
304,1087,0.3813433962264152,1104,331200,-0.4059227800000001,300.0,2911,0.0001,0.004895961843430996
305,1089,0.3791018867924528,1108,332400,-0.59872051,300.0,2923,0.0001,0.0057656290009617805
305,1091,0.37686037735849043,1112,333600,-0.6409846499999999,300.0,2935,0.0001,0.00526425801217556
306,1093,0.37461886792452836,1116,334800,-0.8657208099999998,300.0,2947,0.0001,0.005864393897354603
306,1095,0.37237735849056597,1120,336000,-1.00827505,300.0,2959,0.0001,0.005702131427824497
307,1096,0.3701358490566039,1124,337200,-0.8408212399999998,300.0,2971,0.0001,0.007938935421407223
307,1098,0.3678943396226415,1128,338400,-0.9610438499999999,300.0,2983,0.0001,0.007760701701045036
308,1100,0.36565283018867945,1132,339600,-1.009405,300.0,2995,0.0001,0.006424777675420046
309,1102,0.36341132075471705,1136,340800,-1.27117839,300.0,3007,0.0001,0.008024701848626137
309,1103,0.36116981132075454,1140,342000,-1.19343742,300.0,3019,0.0001,0.010441837832331657
310,1105,0.3589283018867926,1144,343200,-1.2116141699999998,300.0,3031,0.0001,0.004232743754982948
311,1107,0.3566867924528302,1148,344400,-1.2552370999999996,300.0,3043,0.0001,0.011530010029673576
311,1108,0.3544452830188677,1152,345600,-1.0266625399999998,300.0,3055,0.0001,0.007859818637371063
312,1110,0.35220377358490573,1156,346800,-0.4617219500000001,300.0,3067,0.0001,0.006424527615308762
313,1111,0.34996226415094367,1160,348000,-0.4979012700000001,300.0,3079,0.0001,0.00794573500752449
313,1113,0.3477207547169813,1164,349200,-0.32450547,300.0,3091,0.0001,0.006140920799225569
314,1115,0.3454792452830189,1168,350400,-0.1426216200000002,300.0,3103,0.0001,0.008547559380531311
314,1116,0.3432377358490568,1172,351600,0.027890769999999777,300.0,3115,0.0001,0.005660904571413994
315,1118,0.3409962264150943,1176,352800,0.2262261799999999,300.0,3127,0.0001,0.008143615908920765
316,1120,0.3387547169811319,1180,354000,0.0512238799999999,300.0,3139,0.0001,0.011521624401211739
316,1121,0.33651320754716996,1184,355200,0.02546488999999999,300.0,3151,0.0001,0.004297940991818905
317,1123,0.33427169811320756,1188,356400,0.48128546000000005,300.0,3163,0.0001,0.005826625972986221
317,1125,0.3320301886792455,1192,357600,0.32891407999999983,300.0,3175,0.0001,0.006913403980433941
318,1126,0.329788679245283,1196,358800,0.2715065999999999,300.0,3187,0.0001,0.005986192729324102
319,1128,0.32754716981132104,1200,360000,0.09245060999999988,300.0,3199,0.0001,0.007648898754268885
319,1129,0.32530566037735864,1204,361200,0.1075857099999998,300.0,3211,0.0001,0.004460942931473255
320,1131,0.32306415094339613,1208,362400,0.2551220099999999,300.0,3223,0.0001,0.009187022224068642
320,1132,0.3208226415094342,1212,363600,0.36270920000000006,300.0,3235,0.0001,0.00810705404728651
321,1133,0.3185811320754717,1216,364800,0.47544870000000006,300.0,3247,0.0001,0.009120999835431576
322,1135,0.3163396226415093,1220,366000,0.8790837300000001,300.0,3259,0.0001,0.008091399446129799
322,1136,0.3140981132075473,1224,367200,0.8524113700000002,300.0,3271,0.0001,0.008151684887707233
323,1138,0.3118566037735848,1228,368400,0.8235121199999997,300.0,3283,0.0001,0.007032446097582579
324,1139,0.30961509433962275,1232,369600,0.8081338800000002,300.0,3295,0.0001,0.007183858193457127
324,1141,0.30737358490566036,1236,370800,0.9094540099999999,300.0,3307,0.0001,0.007406798657029867
325,1143,0.3051320754716984,1240,372000,1.22796091,300.0,3319,0.0001,0.005672800820320845
326,1144,0.302890566037736,1244,373200,0.7762412899999999,300.0,3331,0.0001,0.006516112945973873
326,1146,0.3006490566037735,1248,374400,0.8515264499999999,300.0,3343,0.0001,0.00555423041805625
327,1147,0.29840754716981144,1252,375600,1.03253519,300.0,3355,0.0001,0.008220634423196316
328,1148,0.29616603773584904,1256,376800,1.0665654699999998,300.0,3367,0.0001,0.0064680748619139194
328,1150,0.29392452830188665,1260,378000,0.83671504,300.0,3379,0.0001,0.006602314300835133
329,1151,0.2916830188679246,1264,379200,0.8790331699999997,300.0,3391,0.0001,0.005270848050713539
329,1153,0.2894415094339622,1268,380400,0.8468948799999998,300.0,3403,0.0001,0.006234554573893547
330,1154,0.2872000000000001,1272,381600,0.8876733299999999,300.0,3415,0.0001,0.0049220602959394455
331,1156,0.2849584905660377,1276,382800,0.8196485399999999,300.0,3427,0.0001,0.005610183347016573
331,1157,0.2827169811320758,1280,384000,0.7754064899999996,300.0,3439,0.0001,0.004862068220973015
332,1159,0.28047547169811327,1284,385200,1.16600025,300.0,3451,0.0001,0.0027187697123736143
332,1160,0.27823396226415076,1288,386400,1.25011009,300.0,3463,0.0001,0.007492058910429478
333,1162,0.2759924528301888,1292,387600,1.3990202900000002,300.0,3475,0.0001,0.007681878283619881
334,1163,0.2737509433962264,1296,388800,1.3350620400000002,300.0,3487,0.0001,0.006212287582457066
334,1165,0.271509433962264,1300,390000,1.3896725600000002,300.0,3499,0.0001,0.01019277609884739
335,1166,0.26926792452830195,1304,391200,1.1637849200000003,300.0,3511,0.0001,0.008886690251529217
335,1168,0.26702641509433944,1308,392400,1.1781973300000004,300.0,3523,0.0001,0.007258316036313772
336,1169,0.2647849056603775,1312,393600,1.0213504900000003,300.0,3535,0.0001,0.005912197288125753
337,1171,0.2625433962264151,1316,394800,0.7637233400000001,300.0,3547,0.0001,0.007556773256510496
337,1172,0.26030188679245303,1320,396000,0.2467217199999999,300.0,3559,0.0001,0.006794271059334278
338,1174,0.25806037735849063,1324,397200,0.40476541999999993,300.0,3571,0.0001,0.005642459727823734
338,1175,0.2558188679245281,1328,398400,0.72027515,300.0,3583,0.0001,0.007738797925412655
339,1176,0.2535773584905662,1332,399600,0.5294987900000001,300.0,3595,0.0001,0.005358408205211163
391,1024,0.2513358490566038,1336,400800,0.29391314000000024,300.0,3607,0.0001,0.008521257899701595
391,1025,0.24909433962264138,1340,402000,-0.07216337000000003,300.0,3619,0.0001,0.006782956887036562
392,1027,0.2468528301886792,1344,403200,0.18093831999999987,300.0,3631,0.0001,0.005452572833746672
393,1028,0.24461132075471725,1348,404400,-0.2484257899999999,300.0,3643,0.0001,0.006816091947257519
393,1029,0.24236981132075486,1352,405600,-0.9746860999999999,300.0,3655,0.0001,0.005687257274985313
394,1031,0.24012830188679246,1356,406800,-1.48318443,300.0,3667,0.0001,0.007258981931954622
395,1032,0.2378867924528304,1360,408000,-0.7646461999999997,300.0,3679,0.0001,0.008188661187887192
395,1034,0.2356452830188679,1364,409200,-0.7286660699999998,300.0,3691,0.0001,0.006143498700112104
396,1035,0.2334037735849055,1368,410400,-0.8550570299999998,300.0,3703,0.0001,0.004973298404365778
396,1037,0.23116226415094354,1372,411600,-0.6983265200000001,300.0,3715,0.0001,0.006155168171972036
397,1038,0.22892075471698115,1376,412800,-0.6767891,300.0,3727,0.0001,0.007603545673191547
398,1039,0.22667924528301897,1380,414000,-0.7909945199999998,300.0,3739,0.0001,0.0051991138607263565
398,1041,0.22443773584905657,1384,415200,-1.0450847999999997,300.0,3751,0.0001,0.006188712082803249
399,1042,0.22219622641509462,1388,416400,-1.20070319,300.0,3763,0.0001,0.006507465615868568
400,1043,0.21995471698113223,1392,417600,-1.3569753799999997,300.0,3775,0.0001,0.007638154551386833
400,1044,0.21771320754716983,1396,418800,-1.26710297,300.0,3787,0.0001,0.006680785678327084
401,1046,0.21547169811320765,1400,420000,-1.44359948,300.0,3799,0.0001,0.007202521897852421
402,1047,0.21323018867924526,1404,421200,-1.35624213,300.0,3811,0.0001,0.006976600736379623
402,1048,0.21098867924528286,1408,422400,-1.6640571099999997,300.0,3823,0.0001,0.0064505175687372684
403,1050,0.2087471698113209,1412,423600,-1.3496161,300.0,3835,0.0001,0.0055235205218195915
403,1051,0.2065056603773585,1416,424800,-0.8253004300000002,300.0,3847,0.0001,0.005093425512313843
404,1052,0.20426415094339634,1420,426000,-0.5428988800000002,300.0,3859,0.0001,0.0057327523827552795
405,1053,0.20202264150943394,1424,427200,-0.7412709800000001,300.0,3871,0.0001,0.005117940716445446
406,1055,0.199781132075472,1428,428400,-0.7178615700000003,300.0,3883,0.0001,0.0069437515921890736
406,1056,0.1975396226415096,1432,429600,-0.53937012,300.0,3895,0.0001,0.007444290444254875
407,1057,0.19529811320754709,1436,430800,-0.3098576799999999,300.0,3907,0.0001,0.006685572676360607
407,1059,0.19305660377358502,1440,432000,-0.3210437199999999,300.0,3919,0.0001,0.006140975747257471
408,1060,0.19081509433962263,1444,433200,-0.3036249099999999,300.0,3931,0.0001,0.0072372835129499435
409,1061,0.18857358490566023,1448,434400,-0.08598729000000006,300.0,3943,0.0001,0.008864341303706169
409,1063,0.18633207547169828,1452,435600,0.3902791,300.0,3955,0.0001,0.004055856727063656
410,1064,0.18409056603773566,1456,436800,0.42678110999999985,300.0,3967,0.0001,0.005900020711123943
411,1064,0.1818490566037737,1460,438000,-0.16069877000000005,300.0,3979,0.0001,0.006292189471423626
411,1066,0.1796075471698113,1464,439200,-0.53677324,300.0,3991,0.0001,0.007804619148373604
412,1067,0.17736603773584936,1468,440400,-0.047140130000000086,300.0,4003,0.0001,0.00551465293392539
413,1068,0.17512452830188696,1472,441600,-0.44492584,300.0,4015,0.0001,0.005916266702115536
414,1069,0.17288301886792434,1476,442800,-0.6584658499999999,300.0,4027,0.0001,0.0050680385902523994
414,1070,0.1706415094339624,1480,444000,-0.7090984099999997,300.0,4039,0.0001,0.005987885408103466
415,1071,0.1684,1484,445200,-0.9376654099999999,300.0,4051,0.0001,0.00543336383998394
415,1073,0.1661584905660376,1488,446400,-1.2991066,300.0,4063,0.0001,0.00613859947770834
416,1074,0.16391698113207553,1492,447600,-1.40306647,300.0,4075,0.0001,0.00480357650667429
417,1075,0.16167547169811347,1496,448800,-1.4808901100000003,300.0,4087,0.0001,0.005561734549701214
417,1076,0.15943396226415107,1500,450000,-1.60046908,300.0,4099,0.0001,0.008082658983767033
418,1078,0.15719245283018868,1504,451200,-1.6135900499999998,300.0,4111,0.0001,0.008976098150014877
419,1079,0.15495094339622673,1508,452400,-1.2658170799999997,300.0,4123,0.0001,0.005769426468759775
419,1080,0.1527094339622641,1512,453600,-1.35308451,300.0,4135,0.0001,0.005445624236017466
420,1081,0.1504679245283017,1516,454800,-1.2618314999999996,300.0,4147,0.0001,0.006041001994162798
421,1082,0.14822641509433976,1520,456000,-1.1874478499999996,300.0,4159,0.0001,0.004398202523589134
421,1083,0.14598490566037736,1524,457200,-0.8657761299999999,300.0,4171,0.0001,0.00713622011244297
422,1084,0.1437433962264153,1528,458400,-1.15796484,300.0,4183,0.0001,0.0046069868840277195
423,1086,0.1415018867924528,1532,459600,-1.1979395500000003,300.0,4195,0.0001,0.005673905368894339
423,1087,0.13926037735849084,1536,460800,-1.2624856299999998,300.0,4207,0.0001,0.005314514972269535
424,1088,0.13701886792452844,1540,462000,-1.40777801,300.0,4219,0.0001,0.005964592564851046
425,1089,0.13477735849056605,1544,463200,-1.5756378199999999,300.0,4231,0.0001,0.006129461340606213
425,1090,0.13253584905660387,1548,464400,-1.6745264400000002,300.0,4243,0.0001,0.004478471353650093
426,1092,0.13029433962264148,1552,465600,-1.76200963,300.0,4255,0.0001,0.0039788647554814816
427,1093,0.12805283018867908,1556,466800,-1.4085950999999997,300.0,4267,0.0001,0.00410486850887537
427,1094,0.12581132075471713,1560,468000,-1.0908372,300.0,4279,0.0001,0.006630890071392059
428,1095,0.12356981132075473,1564,469200,-0.7987554000000001,300.0,4291,0.0001,0.005174717865884304
428,1096,0.12132830188679256,1568,470400,-1.2896555699999999,300.0,4303,0.0001,0.005179721862077713
429,1097,0.11908679245283016,1572,471600,-1.1060358099999998,300.0,4315,0.0001,0.006260526366531849
430,1098,0.1168452830188682,1576,472800,-1.06176192,300.0,4327,0.0001,0.005367599427700043
431,1099,0.11460377358490581,1580,474000,-0.4269592299999995,300.0,4339,0.0001,0.006287101190537214
431,1100,0.1123622641509433,1584,475200,0.08748460000000038,300.0,4351,0.0001,0.005576946772634983
432,1101,0.11012075471698124,1588,476400,0.5878892400000002,300.0,4363,0.0001,0.005364428274333477
433,1102,0.10787924528301884,1592,477600,1.04375478,300.0,4375,0.0001,0.005441456101834774
433,1103,0.10563773584905645,1596,478800,0.7893706200000001,300.0,4387,0.0001,0.0054033780470490456
434,1105,0.1033962264150945,1600,480000,1.0386377799999997,300.0,4399,0.0001,0.005563708953559399
434,1106,0.10115471698113199,1604,481200,1.2046410999999997,300.0,4411,0.0001,0.010109125636518002
435,1107,0.09891320754716992,1608,482400,1.4830367299999998,300.0,4423,0.0001,0.003818776924163103
436,1108,0.09667169811320753,1612,483600,1.5803945399999997,300.0,4435,0.0001,0.004423092119395733
436,1109,0.09443018867924557,1616,484800,1.3733688899999998,300.0,4447,0.0001,0.005590023007243872
437,1110,0.09218867924528318,1620,486000,1.1029993500000002,300.0,4459,0.0001,0.006500066723674536
438,1111,0.08994716981132067,1624,487200,0.5732653600000002,300.0,4471,0.0001,0.0046305181458592415
438,1113,0.08770566037735861,1628,488400,0.97808555,300.0,4483,0.0001,0.006519549060612917
439,1114,0.08546415094339621,1632,489600,1.05532302,300.0,4495,0.0001,0.0066610765643417835
440,1115,0.08322264150943381,1636,490800,0.9379758799999998,300.0,4507,0.0001,0.005717099644243717
440,1116,0.08098113207547175,1640,492000,0.8912428999999997,300.0,4519,0.0001,0.0075585925951600075
441,1116,0.07873962264150935,1644,493200,0.9797685999999998,300.0,4531,0.0001,0.004062664229422808
442,1117,0.07649811320754729,1648,494400,1.1836731100000002,300.0,4543,0.0001,0.00817958265542984
442,1118,0.0742566037735849,1652,495600,0.7504215,300.0,4555,0.0001,0.0057839322835206985
443,1119,0.07201509433962294,1656,496800,0.8143833099999995,300.0,4567,0.0001,0.006080001592636108
444,1120,0.06977358490566044,1660,498000,0.5912762199999997,300.0,4579,0.0001,0.00458951760083437
444,1122,0.06753207547169804,1664,499200,0.67208393,300.0,4591,0.0001,0.004802999552339315
497,1006,0.06529056603773598,1668,500400,0.8521185399999999,300.0,4603,0.0001,0.005454204045236111
497,1007,0.06304905660377358,1672,501600,0.9773871900000001,300.0,4615,0.0001,0.0051924921572208405
498,1008,0.06080754716981118,1676,502800,1.24440242,300.0,4627,0.0001,0.006670054048299789
498,1010,0.05856603773584912,1680,504000,1.15274601,300.0,4639,0.0001,0.005961263552308083
499,1011,0.05632452830188717,1684,505200,1.17917737,300.0,4651,0.0001,0.004726291634142399
500,1012,0.05408301886792455,1688,506400,1.0672007799999998,300.0,4663,0.0001,0.00508676515892148
500,1013,0.05184150943396215,1692,507600,0.7414499300000001,300.0,4675,0.0001,0.004761523567140102
501,1014,0.0496000000000002,1696,508800,0.8495280200000004,300.0,4687,0.0001,0.006535672582685947
502,1015,0.0473584905660378,1700,510000,0.7604818200000003,300.0,4699,0.0001,0.004837448243051767
503,1016,0.045116981132075296,1704,511200,0.9551727700000001,300.0,4711,0.0001,0.004453673027455807
503,1017,0.04287547169811334,1708,512400,0.4845767999999998,300.0,4723,0.0001,0.0054608178324997425
504,1018,0.04063396226415139,1712,513600,0.14287015999999997,300.0,4735,0.0001,0.004125148057937622
505,1019,0.03839245283018855,1716,514800,0.031795229999999994,300.0,4747,0.0001,0.006959335878491402
505,1020,0.03615094339622649,1720,516000,0.72952473,300.0,4759,0.0001,0.00472818361595273
506,1021,0.03390943396226431,1724,517200,0.81958111,300.0,4771,0.0001,0.0039636678993701935
507,1022,0.031667924528301916,1728,518400,0.45141520000000007,300.0,4783,0.0001,0.004187661223113537
507,1023,0.02942641509433952,1732,519600,0.13719490999999998,300.0,4795,0.0001,0.006014412734657526
508,1024,0.027184905660377567,1736,520800,0.17004582000000001,300.0,4807,0.0001,0.0064706746488809586
509,1025,0.02494339622641506,1740,522000,0.43308048000000005,300.0,4819,0.0001,0.005827826447784901
509,1026,0.022701886792452663,1744,523200,0.4037259199999999,300.0,4831,0.0001,0.0053970543667674065
510,1027,0.02046037735849071,1748,524400,0.41453377000000025,300.0,4843,0.0001,0.005640729796141386
511,1028,0.01821886792452876,1752,525600,0.7047084900000002,300.0,4855,0.0001,0.004392912145704031
511,1029,0.01597735849056592,1756,526800,0.11185769000000009,300.0,4867,0.0001,0.009109045378863811
512,1029,0.013735849056603633,1760,528000,0.20863171999999996,300.0,4879,0.0001,0.005147136282175779
513,1030,0.01149433962264168,1764,529200,-0.20611973000000014,300.0,4891,0.0001,0.005141945090144873
513,1031,0.01,1768,530400,-0.5461340300000002,300.0,4903,0.0001,0.005575205665081739
514,1032,0.01,1772,531600,-0.8397878800000004,300.0,4915,0.0001,0.004768475890159607
515,1033,0.01,1776,532800,-1.0635555400000003,300.0,4927,0.0001,0.00496323499828577
515,1034,0.01,1780,534000,-1.81291518,300.0,4939,0.0001,0.0048844413831830025
516,1036,0.01,1784,535200,-2.10050261,300.0,4951,0.0001,0.004724904429167509
517,1037,0.01,1788,536400,-2.23669421,300.0,4963,0.0001,0.011737778782844543
517,1038,0.01,1792,537600,-2.2467640900000005,300.0,4975,0.0001,0.005082231480628252
518,1039,0.01,1796,538800,-1.7588743500000004,300.0,4987,0.0001,0.004716816823929548
519,1040,0.01,1800,540000,-1.6052807100000002,300.0,4999,0.0001,0.004863774869590998
519,1041,0.01,1804,541200,-1.80997973,300.0,5011,0.0001,0.00519206328317523
520,1041,0.01,1808,542400,-1.60188017,300.0,5023,0.0001,0.005826369859278202
521,1042,0.01,1812,543600,-1.34697079,300.0,5035,0.0001,0.006837876513600349
522,1043,0.01,1816,544800,-1.5642207000000001,300.0,5047,0.0001,0.009702527895569801
522,1044,0.01,1820,546000,-2.2420767500000003,300.0,5059,0.0001,0.009509894996881485
523,1045,0.01,1824,547200,-2.1187792400000003,300.0,5071,0.0001,0.005008915439248085
524,1046,0.01,1828,548400,-2.40899193,300.0,5083,0.0001,0.005237898323684931
524,1047,0.01,1832,549600,-2.6631014900000003,300.0,5095,0.0001,0.0076691824942827225
525,1048,0.01,1836,550800,-2.7186776100000003,300.0,5107,0.0001,0.01161564514040947
526,1048,0.01,1840,552000,-2.79832107,300.0,5119,0.0001,0.006043212953954935
526,1049,0.01,1844,553200,-2.65926858,300.0,5131,0.0001,0.004658244550228119
527,1050,0.01,1848,554400,-2.87632169,300.0,5143,0.0001,0.004413895308971405
528,1051,0.01,1852,555600,-2.5166228900000003,300.0,5155,0.0001,0.0042701587080955505
528,1052,0.01,1856,556800,-2.16667736,300.0,5167,0.0001,0.00484127551317215
529,1053,0.01,1860,558000,-2.5642403400000005,300.0,5179,0.0001,0.00345454178750515
530,1054,0.01,1864,559200,-2.7365844900000003,300.0,5191,0.0001,0.005070529878139496
531,1055,0.01,1868,560400,-2.28944707,300.0,5203,0.0001,0.00567871518433094
531,1055,0.01,1872,561600,-2.08853246,300.0,5215,0.0001,0.007153264246881008
532,1056,0.01,1876,562800,-2.2487917900000003,300.0,5227,0.0001,0.0077292886562645435
533,1057,0.01,1880,564000,-1.949238,300.0,5239,0.0001,0.006995166651904583
534,1058,0.01,1884,565200,-1.91755852,300.0,5251,0.0001,0.009800193831324577
534,1059,0.01,1888,566400,-2.04882477,300.0,5263,0.0001,0.0066425614058971405
535,1059,0.01,1892,567600,-1.4995918999999998,300.0,5275,0.0001,0.009365278296172619
536,1060,0.01,1896,568800,-1.95928564,300.0,5287,0.0001,0.0074936505407094955
536,1061,0.01,1900,570000,-2.03237723,300.0,5299,0.0001,0.005121237598359585
537,1062,0.01,1904,571200,-2.23675723,300.0,5311,0.0001,0.004236291162669659
538,1063,0.01,1908,572400,-1.8951338900000005,300.0,5323,0.0001,0.006414660252630711
538,1064,0.01,1912,573600,-2.075896480000001,300.0,5335,0.0001,0.004887568298727274
539,1065,0.01,1916,574800,-1.6304015399999998,300.0,5347,0.0001,0.005777197889983654
540,1066,0.01,1920,576000,-1.24528599,300.0,5359,0.0001,0.004844630137085915
540,1067,0.01,1924,577200,-1.21524061,300.0,5371,0.0001,0.005151995923370123
541,1068,0.01,1928,578400,-0.6961107300000002,300.0,5383,0.0001,0.0050322143360972404
542,1069,0.01,1932,579600,0.11767935999999973,300.0,5395,0.0001,0.00526016391813755
542,1070,0.01,1936,580800,0.14670658999999972,300.0,5407,0.0001,0.009898906573653221
543,1070,0.01,1940,582000,0.4833013799999998,300.0,5419,0.0001,0.005855041556060314
544,1071,0.01,1944,583200,0.4203889599999998,300.0,5431,0.0001,0.0041119870729744434
544,1072,0.01,1948,584400,0.4972142199999998,300.0,5443,0.0001,0.004513691645115614
545,1073,0.01,1952,585600,0.5010661699999999,300.0,5455,0.0001,0.01076425053179264
546,1074,0.01,1956,586800,0.16339222999999983,300.0,5467,0.0001,0.0050535500049591064
546,1075,0.01,1960,588000,0.2851194899999999,300.0,5479,0.0001,0.005376639775931835
547,1076,0.01,1964,589200,0.65634363,300.0,5491,0.0001,0.007384455297142267
548,1077,0.01,1968,590400,0.44005666999999965,300.0,5503,0.0001,0.012706556357443333
548,1078,0.01,1972,591600,0.21545147999999967,300.0,5515,0.0001,0.004433557391166687
549,1078,0.01,1976,592800,0.28954106999999984,300.0,5527,0.0001,0.003257588716223836
550,1079,0.01,1980,594000,0.53718845,300.0,5539,0.0001,0.007065795361995697
550,1080,0.01,1984,595200,0.37067277000000004,300.0,5551,0.0001,0.007558506913483143
551,1080,0.01,1988,596400,0.5277684599999999,300.0,5563,0.0001,0.0036128596402704716
552,1081,0.01,1992,597600,0.04740579999999987,300.0,5575,0.0001,0.005097544752061367
553,1082,0.01,1996,598800,0.19127488999999984,300.0,5587,0.0001,0.004593211226165295
606,989,0.01,2000,600000,0.40813629999999984,300.0,5599,0.0001,0.004597939550876617
607,990,0.01,2004,601200,0.5179519699999998,300.0,5611,0.0001,0.007616933435201645
607,991,0.01,2008,602400,0.6379955999999999,300.0,5623,0.0001,0.004778815899044275
608,992,0.01,2012,603600,1.0132622,300.0,5635,0.0001,0.004977494012564421
609,993,0.01,2016,604800,0.6891422399999998,300.0,5647,0.0001,0.006994904950261116
609,993,0.01,2020,606000,0.49015664000000014,300.0,5659,0.0001,0.009026771411299706
610,994,0.01,2024,607200,0.6621543599999999,300.0,5671,0.0001,0.0037300505209714174
611,995,0.01,2028,608400,0.25532568000000005,300.0,5683,0.0001,0.007502737455070019
611,996,0.01,2032,609600,-0.20095765999999998,300.0,5695,0.0001,0.0043980637565255165
612,997,0.01,2036,610800,-0.20335425000000001,300.0,5707,0.0001,0.007405463606119156
613,997,0.01,2040,612000,-0.5503163499999997,300.0,5719,0.0001,0.009964076802134514
613,998,0.01,2044,613200,-0.5377897799999997,300.0,5731,0.0001,0.0033725304529070854
614,999,0.01,2048,614400,-0.49876602999999975,300.0,5743,0.0001,0.007330160588026047
615,1000,0.01,2052,615600,-0.5810115499999997,300.0,5755,0.0001,0.00842756126075983
615,1001,0.01,2056,616800,-0.2840272299999998,300.0,5767,0.0001,0.007037123665213585
616,1002,0.01,2060,618000,-0.4799864399999997,300.0,5779,0.0001,0.005379263777285814
617,1003,0.01,2064,619200,-0.5531534099999998,300.0,5791,0.0001,0.0056502255611121655
617,1004,0.01,2068,620400,-0.6998683000000001,300.0,5803,0.0001,0.003745085559785366
618,1004,0.01,2072,621600,-0.3711586900000002,300.0,5815,0.0001,0.003431555815041065
619,1005,0.01,2076,622800,-0.33813693000000017,300.0,5827,0.0001,0.00781327299773693
619,1006,0.01,2080,624000,-0.3534455400000001,300.0,5839,0.0001,0.0062052346765995026
620,1007,0.01,2084,625200,-0.07627463999999996,300.0,5851,0.0001,0.004485415760427713
621,1007,0.01,2088,626400,-0.3103914099999999,300.0,5863,0.0001,0.007030764129012823
622,1008,0.01,2092,627600,-0.17665709999999998,300.0,5875,0.0001,0.004441427998244762
622,1009,0.01,2096,628800,-0.36819704999999986,300.0,5887,0.0001,0.004628178663551807
623,1010,0.01,2100,630000,-0.9769041599999997,300.0,5899,0.0001,0.006370978895574808
624,1011,0.01,2104,631200,-1.0071202399999997,300.0,5911,0.0001,0.005859327502548695
624,1011,0.01,2108,632400,-1.6855998799999998,300.0,5923,0.0001,0.007696638815104961
625,1012,0.01,2112,633600,-1.8482916300000003,300.0,5935,0.0001,0.0053209359757602215
626,1013,0.01,2116,634800,-1.7344330499999998,300.0,5947,0.0001,0.005897896829992533
627,1014,0.01,2120,636000,-1.89346238,300.0,5959,0.0001,0.006797894835472107
627,1015,0.01,2124,637200,-1.9590087500000002,300.0,5971,0.0001,0.006558176130056381
628,1015,0.01,2128,638400,-1.84263201,300.0,5983,0.0001,0.004405824467539787
629,1016,0.01,2132,639600,-1.8426532599999998,300.0,5995,0.0001,0.004833818878978491
629,1017,0.01,2136,640800,-1.64040523,300.0,6007,0.0001,0.0030981642194092274
630,1018,0.01,2140,642000,-1.49926581,300.0,6019,0.0001,0.003760987427085638
631,1019,0.01,2144,643200,-1.45999906,300.0,6031,0.0001,0.004091544542461634
631,1019,0.01,2148,644400,-1.7342467,300.0,6043,0.0001,0.008726081810891628
632,1020,0.01,2152,645600,-1.85129797,300.0,6055,0.0001,0.004499469883739948
633,1021,0.01,2156,646800,-1.8677426100000003,300.0,6067,0.0001,0.005963177420198917
633,1022,0.01,2160,648000,-1.5777398600000003,300.0,6079,0.0001,0.007951364852488041
634,1023,0.01,2164,649200,-1.3463705700000004,300.0,6091,0.0001,0.011753052473068237
635,1024,0.01,2168,650400,-1.0395250700000003,300.0,6103,0.0001,0.004454930312931538
635,1024,0.01,2172,651600,-1.01529168,300.0,6115,0.0001,0.004603183828294277
636,1025,0.01,2176,652800,-1.0121240400000002,300.0,6127,0.0001,0.005815334618091583
637,1026,0.01,2180,654000,-1.02245619,300.0,6139,0.0001,0.0075291115790605545
637,1027,0.01,2184,655200,-1.01335517,300.0,6151,0.0001,0.007579588331282139
638,1028,0.01,2188,656400,-0.6768277800000003,300.0,6163,0.0001,0.0052513983100652695
639,1029,0.01,2192,657600,-0.9580786699999999,300.0,6175,0.0001,0.0033990265801548958
639,1029,0.01,2196,658800,-0.8817148600000003,300.0,6187,0.0001,0.007074624765664339
640,1030,0.01,2200,660000,-0.7256430200000001,300.0,6199,0.0001,0.004325161688029766
641,1030,0.01,2204,661200,-0.6504477300000003,300.0,6211,0.0001,0.004308729898184538
642,1031,0.01,2208,662400,-0.4048823900000002,300.0,6223,0.0001,0.005647016689181328
642,1032,0.01,2212,663600,-0.63750715,300.0,6235,0.0001,0.004384275525808334
643,1033,0.01,2216,664800,-0.6640244299999999,300.0,6247,0.0001,0.007678399793803692
644,1034,0.01,2220,666000,-0.36107185999999986,300.0,6259,0.0001,0.008646344766020775
644,1034,0.01,2224,667200,-0.38080498999999984,300.0,6271,0.0001,0.007581660524010658
645,1035,0.01,2228,668400,-0.37798704999999977,300.0,6283,0.0001,0.004488459322601557
646,1035,0.01,2232,669600,-0.5189202599999999,300.0,6295,0.0001,0.00479513593018055
647,1036,0.01,2236,670800,-0.5593564400000001,300.0,6307,0.0001,0.005345149897038937
647,1037,0.01,2240,672000,-0.34470916,300.0,6319,0.0001,0.005742814391851425
648,1038,0.01,2244,673200,0.05750977999999996,300.0,6331,0.0001,0.004173344001173973
649,1038,0.01,2248,674400,0.31103046,300.0,6343,0.0001,0.005870310589671135
649,1039,0.01,2252,675600,0.05446555000000006,300.0,6355,0.0001,0.003370213322341442
650,1040,0.01,2256,676800,0.23169243999999992,300.0,6367,0.0001,0.007260981947183609
651,1040,0.01,2260,678000,0.33763604999999974,300.0,6379,0.0001,0.012996194884181023
652,1040,0.01,2264,679200,0.13812507999999976,300.0,6391,0.0001,0.004702420439571142
653,1041,0.01,2268,680400,-0.13708151000000018,300.0,6403,0.0001,0.00587290758267045
654,1041,0.01,2272,681600,-0.3340493100000002,300.0,6415,0.0001,0.004261428955942392
654,1042,0.01,2276,682800,-0.5479862200000001,300.0,6427,0.0001,0.00915039423853159
655,1043,0.01,2280,684000,-0.52673999,300.0,6439,0.0001,0.00366012891754508
656,1044,0.01,2284,685200,-0.4557278100000001,300.0,6451,0.0001,0.0054018073715269566
656,1044,0.01,2288,686400,-0.7253346400000001,300.0,6463,0.0001,0.005777326412498951
657,1045,0.01,2292,687600,-0.5045736700000002,300.0,6475,0.0001,0.008404619991779327
658,1046,0.01,2296,688800,-0.21464439000000016,300.0,6487,0.0001,0.0037552625872194767
658,1047,0.01,2300,690000,-0.015871210000000042,300.0,6499,0.0001,0.008964253589510918
659,1048,0.01,2304,691200,0.2010263499999999,300.0,6511,0.0001,0.005566832609474659
660,1048,0.01,2308,692400,0.17474608,300.0,6523,0.0001,0.004779648967087269
660,1049,0.01,2312,693600,0.4961838800000001,300.0,6535,0.0001,0.011456661857664585
661,1050,0.01,2316,694800,0.34189707999999996,300.0,6547,0.0001,0.010288343764841557
662,1050,0.01,2320,696000,0.11264327999999983,300.0,6559,0.0001,0.008442523889243603
663,1051,0.01,2324,697200,0.20322391999999986,300.0,6571,0.0001,0.006047485861927271
663,1052,0.01,2328,698400,0.24649554,300.0,6583,0.0001,0.00479645561426878
664,1053,0.01,2332,699600,0.47954256,300.0,6595,0.0001,0.007593768648803234
719,973,0.01,2336,700800,-0.03273768999999996,300.0,6607,0.0001,0.006550288759171963
720,974,0.01,2340,702000,-0.3876646800000001,300.0,6619,0.0001,0.005512552335858345
721,975,0.01,2344,703200,-0.5585532499999999,300.0,6631,0.0001,0.0044080340303480625
721,975,0.01,2348,704400,-0.7468123199999998,300.0,6643,0.0001,0.004972882103174925
722,976,0.01,2352,705600,-0.5561790199999999,300.0,6655,0.0001,0.0042899358086287975
723,977,0.01,2356,706800,-0.69003774,300.0,6667,0.0001,0.006229954306036234
723,978,0.01,2360,708000,-0.6148975900000001,300.0,6679,0.0001,0.003698766930028796
724,978,0.01,2364,709200,-0.6405453200000002,300.0,6691,0.0001,0.00626901350915432
725,979,0.01,2368,710400,-0.15002245000000014,300.0,6703,0.0001,0.003921373747289181
725,980,0.01,2372,711600,-0.11012434,300.0,6715,0.0001,0.004534573294222355
726,981,0.01,2376,712800,0.14070494000000008,300.0,6727,0.0001,0.004226966295391321
727,982,0.01,2380,714000,0.056319400000000075,300.0,6739,0.0001,0.00469309464097023
727,982,0.01,2384,715200,-0.15200170000000002,300.0,6751,0.0001,0.0038602862041443586
728,983,0.01,2388,716400,0.20174015,300.0,6763,0.0001,0.005734234116971493
728,984,0.01,2392,717600,-0.022305840000000066,300.0,6775,0.0001,0.011420121416449547
729,985,0.01,2396,718800,-0.12462827999999984,300.0,6787,0.0001,0.008367771282792091
730,985,0.01,2400,720000,-0.3202187599999998,300.0,6799,0.0001,0.00429697846993804
731,986,0.01,2404,721200,-0.32345170999999984,300.0,6811,0.0001,0.004609667230397463
732,986,0.01,2408,722400,-0.08809445999999985,300.0,6823,0.0001,0.006054127123206854
732,987,0.01,2412,723600,-0.30325363000000005,300.0,6835,0.0001,0.006338217295706272
733,988,0.01,2416,724800,-0.17323626000000003,300.0,6847,0.0001,0.005870673805475235
734,989,0.01,2420,726000,0.09137049999999985,300.0,6859,0.0001,0.013521174900233746
734,989,0.01,2424,727200,-0.2770618,300.0,6871,0.0001,0.004378112498670816
735,990,0.01,2428,728400,-0.10517694999999992,300.0,6883,0.0001,0.017334746196866035
736,991,0.01,2432,729600,-0.10590665000000005,300.0,6895,0.0001,0.00465591624379158
736,991,0.01,2436,730800,0.3502136299999999,300.0,6907,0.0001,0.006026433315128088
737,992,0.01,2440,732000,0.41532538999999985,300.0,6919,0.0001,0.0061758337542414665
738,993,0.01,2444,733200,0.2487499699999999,300.0,6931,0.0001,0.008824414573609829
738,994,0.01,2448,734400,0.019139589999999967,300.0,6943,0.0001,0.0034818456042557955
739,994,0.01,2452,735600,-0.3221825699999999,300.0,6955,0.0001,0.005823468789458275
740,995,0.01,2456,736800,-0.5512962299999999,300.0,6967,0.0001,0.004652980715036392
741,995,0.01,2460,738000,-0.5095546000000001,300.0,6979,0.0001,0.005325970705598593
741,996,0.01,2464,739200,-0.36128651000000006,300.0,6991,0.0001,0.00342981843277812
742,996,0.01,2468,740400,-0.57003741,300.0,7003,0.0001,0.0036830808967351913
743,997,0.01,2472,741600,-0.3891834899999999,300.0,7015,0.0001,0.008961915038526058
744,998,0.01,2476,742800,0.31129262000000013,300.0,7027,0.0001,0.004743988625705242
744,999,0.01,2480,744000,0.02926668000000009,300.0,7039,0.0001,0.006700023077428341
745,999,0.01,2484,745200,-0.3110409199999999,300.0,7051,0.0001,0.004267788026481867
746,1000,0.01,2488,746400,-0.3913695899999999,300.0,7063,0.0001,0.005696742329746485
746,1001,0.01,2492,747600,-0.20717622999999996,300.0,7075,0.0001,0.008277620188891888
747,1001,0.01,2496,748800,-0.34520137000000006,300.0,7087,0.0001,0.006344388239085674
748,1002,0.01,2500,750000,-0.4267828699999998,300.0,7099,0.0001,0.00949657429009676
748,1003,0.01,2504,751200,-0.43098751999999974,300.0,7111,0.0001,0.004898369312286377
749,1003,0.01,2508,752400,-1.0167424299999999,300.0,7123,0.0001,0.010250426828861237
750,1004,0.01,2512,753600,-1.15404931,300.0,7135,0.0001,0.004732481203973293
750,1005,0.01,2516,754800,-1.48860619,300.0,7147,0.0001,0.00568862771615386
751,1005,0.01,2520,756000,-1.6239632400000001,300.0,7159,0.0001,0.009398487396538258
752,1006,0.01,2524,757200,-1.5057216299999998,300.0,7171,0.0001,0.004401261452585459
753,1007,0.01,2528,758400,-1.6128474200000005,300.0,7183,0.0001,0.004493068903684616
753,1007,0.01,2532,759600,-1.71680411,300.0,7195,0.0001,0.005955911707133055
754,1008,0.01,2536,760800,-1.8159803000000003,300.0,7207,0.0001,0.004236550536006689
755,1009,0.01,2540,762000,-1.8785177699999998,300.0,7219,0.0001,0.005948514677584171
755,1009,0.01,2544,763200,-1.86789766,300.0,7231,0.0001,0.011644593439996243
756,1010,0.01,2548,764400,-1.6077007199999997,300.0,7243,0.0001,0.00433258805423975
757,1011,0.01,2552,765600,-1.4634871200000004,300.0,7255,0.0001,0.006364514119923115
757,1011,0.01,2556,766800,-1.2485351599999999,300.0,7267,0.0001,0.005443141795694828
758,1012,0.01,2560,768000,-1.5052438999999997,300.0,7279,0.0001,0.008751118555665016
759,1013,0.01,2564,769200,-1.6922069399999997,300.0,7291,0.0001,0.0034960629418492317
759,1013,0.01,2568,770400,-1.8974208800000003,300.0,7303,0.0001,0.005079621449112892
760,1014,0.01,2572,771600,-2.1100527099999997,300.0,7315,0.0001,0.006853598169982433
761,1014,0.01,2576,772800,-2.8852842499999998,300.0,7327,0.0001,0.003439469961449504
762,1015,0.01,2580,774000,-2.29288282,300.0,7339,0.0001,0.009033859707415104
762,1016,0.01,2584,775200,-1.7634369499999998,300.0,7351,0.0001,0.005624083802103996
763,1016,0.01,2588,776400,-2.1762506200000002,300.0,7363,0.0001,0.004512657877057791
764,1017,0.01,2592,777600,-1.8707086099999994,300.0,7375,0.0001,0.009899030439555645
764,1018,0.01,2596,778800,-2.09252189,300.0,7387,0.0001,0.00832598190754652
765,1018,0.01,2600,780000,-1.8949725099999997,300.0,7399,0.0001,0.005690636113286018
766,1019,0.01,2604,781200,-1.7046945299999996,300.0,7411,0.0001,0.0038871830329298973
766,1020,0.01,2608,782400,-1.5643288000000002,300.0,7423,0.0001,0.007612459361553192
767,1020,0.01,2612,783600,-1.6153132099999998,300.0,7435,0.0001,0.005399196408689022
768,1021,0.01,2616,784800,-1.34222559,300.0,7447,0.0001,0.005988005083054304
768,1022,0.01,2620,786000,-0.81620087,300.0,7459,0.0001,0.005189286079257727
769,1022,0.01,2624,787200,-0.3210907399999999,300.0,7471,0.0001,0.006115419790148735
770,1023,0.01,2628,788400,-0.17123009999999986,300.0,7483,0.0001,0.005823408253490925
771,1023,0.01,2632,789600,-0.32866505,300.0,7495,0.0001,0.0068296222016215324
772,1024,0.01,2636,790800,-0.15430277000000006,300.0,7507,0.0001,0.005433923564851284
772,1024,0.01,2640,792000,-0.2413519300000001,300.0,7519,0.0001,0.00441763736307621
773,1025,0.01,2644,793200,-0.09917386000000014,300.0,7531,0.0001,0.011094316840171814
774,1025,0.01,2648,794400,-0.11654736000000009,300.0,7543,0.0001,0.004827491473406553
775,1026,0.01,2652,795600,0.08613640000000004,300.0,7555,0.0001,0.007930447347462177
775,1027,0.01,2656,796800,-0.20599186999999997,300.0,7567,0.0001,0.005979004316031933
776,1027,0.01,2660,798000,0.25926456999999997,300.0,7579,0.0001,0.004706086125224829
777,1028,0.01,2664,799200,0.4260148400000001,300.0,7591,0.0001,0.0062504480592906475
831,963,0.01,2668,800400,0.5141558700000003,300.0,7603,0.0001,0.0082732904702425
831,963,0.01,2672,801600,0.38137561000000003,300.0,7615,0.0001,0.004890996962785721
832,964,0.01,2676,802800,0.8078219499999999,300.0,7627,0.0001,0.007340179290622473
833,964,0.01,2680,804000,0.15718585999999993,300.0,7639,0.0001,0.006174142472445965
833,965,0.01,2684,805200,-0.23255548000000004,300.0,7651,0.0001,0.006147479172796011
834,966,0.01,2688,806400,-0.2009447699999999,300.0,7663,0.0001,0.007425263989716768
835,966,0.01,2692,807600,-0.6162098799999999,300.0,7675,0.0001,0.010396224446594715
836,967,0.01,2696,808800,-0.32623851000000026,300.0,7687,0.0001,0.012780711986124516
836,968,0.01,2700,810000,-0.17212426000000028,300.0,7699,0.0001,0.0035827867686748505
837,968,0.01,2704,811200,-0.24499291999999973,300.0,7711,0.0001,0.005591690074652433
837,969,0.01,2708,812400,0.26745763000000045,300.0,7723,0.0001,0.008306808769702911
838,970,0.01,2712,813600,0.5122820000000003,300.0,7735,0.0001,0.005334803834557533
839,970,0.01,2716,814800,0.25369832000000003,300.0,7747,0.0001,0.010711428709328175
840,971,0.01,2720,816000,-0.4136322999999999,300.0,7759,0.0001,0.004830981604754925
840,971,0.01,2724,817200,-0.27776993000000016,300.0,7771,0.0001,0.004480299539864063
841,972,0.01,2728,818400,-0.4015832299999999,300.0,7783,0.0001,0.005791816860437393
842,973,0.01,2732,819600,-0.3310906,300.0,7795,0.0001,0.010631026700139046
842,973,0.01,2736,820800,-0.5413982500000002,300.0,7807,0.0001,0.003385094227269292
843,974,0.01,2740,822000,-0.5283945099999999,300.0,7819,0.0001,0.006522539537400007
844,974,0.01,2744,823200,-0.9026315500000003,300.0,7831,0.0001,0.005725570488721132
845,975,0.01,2748,824400,-0.7971861500000001,300.0,7843,0.0001,0.016434479504823685
845,976,0.01,2752,825600,-0.9962740999999999,300.0,7855,0.0001,0.004263585899025202
846,976,0.01,2756,826800,-0.3698356499999997,300.0,7867,0.0001,0.0077878981828689575
847,977,0.01,2760,828000,-0.6952406199999999,300.0,7879,0.0001,0.004759572446346283
847,978,0.01,2764,829200,-0.6875597600000001,300.0,7891,0.0001,0.004666952881962061
848,978,0.01,2768,830400,-0.74315052,300.0,7903,0.0001,0.004619321785867214
849,979,0.01,2772,831600,-0.51378687,300.0,7915,0.0001,0.0043295808136463165
849,980,0.01,2776,832800,-0.6446047200000001,300.0,7927,0.0001,0.0084004495292902
850,980,0.01,2780,834000,-0.37808648999999994,300.0,7939,0.0001,0.00500747375190258
851,980,0.01,2784,835200,0.10024374000000007,300.0,7951,0.0001,0.0041486481204628944
852,981,0.01,2788,836400,0.44182314999999994,300.0,7963,0.0001,0.007668124511837959
852,982,0.01,2792,837600,0.3751538799999999,300.0,7975,0.0001,0.005734206642955542
853,982,0.01,2796,838800,0.08300849999999983,300.0,7987,0.0001,0.006527563091367483
854,983,0.01,2800,840000,-0.4191344,300.0,7999,0.0001,0.004873769823461771
854,983,0.01,2804,841200,-0.5637650799999999,300.0,8011,0.0001,0.013235322199761868
855,984,0.01,2808,842400,-0.9015683200000001,300.0,8023,0.0001,0.006204166449606419
856,985,0.01,2812,843600,-1.00954753,300.0,8035,0.0001,0.0046934569254517555
856,985,0.01,2816,844800,-0.4813663099999998,300.0,8047,0.0001,0.0051525793969631195
857,986,0.01,2820,846000,-0.3253917800000001,300.0,8059,0.0001,0.003969723358750343
858,987,0.01,2824,847200,-0.7724989700000002,300.0,8071,0.0001,0.004881374072283506
858,987,0.01,2828,848400,-0.8822247400000001,300.0,8083,0.0001,0.00409703329205513
859,988,0.01,2832,849600,-0.7588943600000002,300.0,8095,0.0001,0.012131033465266228
860,988,0.01,2836,850800,-0.4883540000000001,300.0,8107,0.0001,0.005173489451408386
861,989,0.01,2840,852000,-0.5062996500000003,300.0,8119,0.0001,0.0037306901067495346
862,989,0.01,2844,853200,-0.16112752000000025,300.0,8131,0.0001,0.006909986492246389
862,990,0.01,2848,854400,0.0441528199999998,300.0,8143,0.0001,0.004072222393006086
863,990,0.01,2852,855600,0.2262805999999998,300.0,8155,0.0001,0.009028550237417221
864,991,0.01,2856,856800,-0.1249900200000004,300.0,8167,0.0001,0.01031518168747425
864,992,0.01,2860,858000,-0.06851554000000024,300.0,8179,0.0001,0.0035974071361124516
865,992,0.01,2864,859200,-0.08578197999999998,300.0,8191,0.0001,0.004600613843649626
866,992,0.01,2868,860400,0.5730365699999997,300.0,8203,0.0001,0.006244743708521128
867,993,0.01,2872,861600,0.5792251799999999,300.0,8215,0.0001,0.0035141268745064735
867,994,0.01,2876,862800,0.6228435400000001,300.0,8227,0.0001,0.00532760564237833
868,994,0.01,2880,864000,0.5601174099999998,300.0,8239,0.0001,0.008715348318219185
869,995,0.01,2884,865200,0.17428510999999994,300.0,8251,0.0001,0.006451377645134926
869,995,0.01,2888,866400,0.26884609999999987,300.0,8263,0.0001,0.006982600316405296
870,996,0.01,2892,867600,0.3769582399999997,300.0,8275,0.0001,0.007165281567722559
871,997,0.01,2896,868800,0.15674659999999974,300.0,8287,0.0001,0.004155744798481464
871,997,0.01,2900,870000,0.3642731699999998,300.0,8299,0.0001,0.005545908119529486
872,998,0.01,2904,871200,0.0034448999999999686,300.0,8311,0.0001,0.003311981912702322
873,998,0.01,2908,872400,-0.10499582000000003,300.0,8323,0.0001,0.009341912344098091
874,999,0.01,2912,873600,-0.005260150000000134,300.0,8335,0.0001,0.005365380086004734
874,1000,0.01,2916,874800,-0.3428376500000001,300.0,8347,0.0001,0.004499351605772972
875,1000,0.01,2920,876000,-0.4625316400000002,300.0,8359,0.0001,0.005046095233410597
876,1001,0.01,2924,877200,-0.5147546900000001,300.0,8371,0.0001,0.004689361900091171
876,1001,0.01,2928,878400,-0.3313033200000002,300.0,8383,0.0001,0.007242078892886639
877,1002,0.01,2932,879600,-0.18574070000000018,300.0,8395,0.0001,0.005730553530156612
878,1003,0.01,2936,880800,-0.5153971500000002,300.0,8407,0.0001,0.005206972360610962
878,1003,0.01,2940,882000,-0.3972193700000001,300.0,8419,0.0001,0.00463408837094903
879,1004,0.01,2944,883200,-0.4019929600000002,300.0,8431,0.0001,0.007784695830196142
880,1004,0.01,2948,884400,-0.40459657,300.0,8443,0.0001,0.006337927188724279
881,1004,0.01,2952,885600,-0.17930260999999986,300.0,8455,0.0001,0.003886485006660223
882,1005,0.01,2956,886800,0.3625211200000001,300.0,8467,0.0001,0.009221047163009644
882,1005,0.01,2960,888000,0.4440389899999998,300.0,8479,0.0001,0.003684842959046364
883,1006,0.01,2964,889200,0.69438964,300.0,8491,0.0001,0.004305761307477951
884,1007,0.01,2968,890400,0.12081131000000003,300.0,8503,0.0001,0.006965553387999535
884,1007,0.01,2972,891600,0.20814612999999993,300.0,8515,0.0001,0.009658141061663628
885,1008,0.01,2976,892800,-0.28398405000000004,300.0,8527,0.0001,0.005095004104077816
886,1008,0.01,2980,894000,0.027806790000000046,300.0,8539,0.0001,0.005758007988333702
887,1008,0.01,2984,895200,-0.002590400000000024,300.0,8551,0.0001,0.005191152449697256
888,1009,0.01,2988,896400,-0.3993561900000001,300.0,8563,0.0001,0.004670889116823673
888,1009,0.01,2992,897600,-0.33113660999999994,300.0,8575,0.0001,0.009354840964078903
889,1010,0.01,2996,898800,0.30782428,300.0,8587,0.0001,0.0047375513240695
944,952,0.01,3000,900000,0.3040385000000001,300.0,8599,0.0001,0.004001049790531397
945,953,0.01,3004,901200,0.4551726000000001,300.0,8611,0.0001,0.00642546359449625
946,953,0.01,3008,902400,1.0192467200000002,300.0,8623,0.0001,0.00460896035656333
946,954,0.01,3012,903600,1.27549024,300.0,8635,0.0001,0.006485672667622566
947,955,0.01,3016,904800,1.3133719300000002,300.0,8647,0.0001,0.006757580209523439
948,955,0.01,3020,906000,1.4369240200000004,300.0,8659,0.0001,0.00558394193649292
948,956,0.01,3024,907200,1.06060783,300.0,8671,0.0001,0.004603147506713867
949,956,0.01,3028,908400,0.9211883600000002,300.0,8683,0.0001,0.0041531771421432495
950,957,0.01,3032,909600,0.6291011200000002,300.0,8695,0.0001,0.0084806177765131
951,957,0.01,3036,910800,0.6873997700000003,300.0,8707,0.0001,0.005940085276961327
952,957,0.01,3040,912000,0.7556733700000002,300.0,8719,0.0001,0.004723425954580307
952,958,0.01,3044,913200,0.5952915800000002,300.0,8731,0.0001,0.004517808556556702
953,958,0.01,3048,914400,0.1363015400000001,300.0,8743,0.0001,0.0045905448496341705
954,959,0.01,3052,915600,-0.21649086999999997,300.0,8755,0.0001,0.006849738769233227
955,959,0.01,3056,916800,-0.88947418,300.0,8767,0.0001,0.004025376867502928
955,960,0.01,3060,918000,-1.21400627,300.0,8779,0.0001,0.009091273881494999
956,960,0.01,3064,919200,-1.6614407300000003,300.0,8791,0.0001,0.005377681460231543
957,961,0.01,3068,920400,-1.96531443,300.0,8803,0.0001,0.005375059787184
958,961,0.01,3072,921600,-1.98913439,300.0,8815,0.0001,0.00538362842053175
958,962,0.01,3076,922800,-2.13488424,300.0,8827,0.0001,0.0058489032089710236
959,962,0.01,3080,924000,-1.91450377,300.0,8839,0.0001,0.00525815412402153
960,963,0.01,3084,925200,-1.93402309,300.0,8851,0.0001,0.003449999028816819
961,963,0.01,3088,926400,-1.4451197900000003,300.0,8863,0.0001,0.006243787705898285
961,964,0.01,3092,927600,-1.55142517,300.0,8875,0.0001,0.006222190801054239
962,965,0.01,3096,928800,-1.7454192899999996,300.0,8887,0.0001,0.005436878651380539
963,965,0.01,3100,930000,-1.3870263799999998,300.0,8899,0.0001,0.00803542509675026
963,966,0.01,3104,931200,-1.6281852100000007,300.0,8911,0.0001,0.00408722972497344
964,966,0.01,3108,932400,-2.3197769,300.0,8923,0.0001,0.004563439171761274
965,967,0.01,3112,933600,-2.70842488,300.0,8935,0.0001,0.004679008387029171
965,967,0.01,3116,934800,-2.52702033,300.0,8947,0.0001,0.0060900007374584675
966,968,0.01,3120,936000,-2.6199874999999997,300.0,8959,0.0001,0.0046884142793715
967,968,0.01,3124,937200,-2.2481505000000004,300.0,8971,0.0001,0.006494320463389158
967,969,0.01,3128,938400,-1.7383758300000003,300.0,8983,0.0001,0.005057509057223797
968,970,0.01,3132,939600,-1.5045400500000006,300.0,8995,0.0001,0.005061544477939606
969,970,0.01,3136,940800,-1.39586249,300.0,9007,0.0001,0.00699885468930006
970,970,0.01,3140,942000,-1.7469110200000002,300.0,9019,0.0001,0.004578053951263428
970,971,0.01,3144,943200,-1.7085456700000003,300.0,9031,0.0001,0.00345869199372828
971,971,0.01,3148,944400,-1.3955241700000005,300.0,9043,0.0001,0.004256665240973234
972,972,0.01,3152,945600,-1.39440808,300.0,9055,0.0001,0.004530913662165403
973,972,0.01,3156,946800,-0.8966324400000003,300.0,9067,0.0001,0.007350471802055836
974,973,0.01,3160,948000,-0.7537515400000001,300.0,9079,0.0001,0.0041728997603058815
974,973,0.01,3164,949200,-0.2410006700000002,300.0,9091,0.0001,0.00759934214875102
975,974,0.01,3168,950400,-0.023487090000000155,300.0,9103,0.0001,0.009586414322257042
976,974,0.01,3172,951600,-0.08054204999999999,300.0,9115,0.0001,0.015238536521792412
976,975,0.01,3176,952800,0.14466445,300.0,9127,0.0001,0.005040212068706751
977,975,0.01,3180,954000,-0.20942623999999999,300.0,9139,0.0001,0.005095713771879673
978,976,0.01,3184,955200,-0.40274880999999985,300.0,9151,0.0001,0.0034838831052184105
978,976,0.01,3188,956400,-0.29988386999999994,300.0,9163,0.0001,0.0058108605444431305
979,977,0.01,3192,957600,-0.2180713200000001,300.0,9175,0.0001,0.004218092188239098
980,977,0.01,3196,958800,-0.17600152000000008,300.0,9187,0.0001,0.0068632010370492935
981,978,0.01,3200,960000,-0.7031342899999999,300.0,9199,0.0001,0.005700201727449894
982,978,0.01,3204,961200,0.07702262999999981,300.0,9211,0.0001,0.00788093265146017
983,979,0.01,3208,962400,0.3393814699999998,300.0,9223,0.0001,0.006722405552864075
983,979,0.01,3212,963600,0.4585688000000001,300.0,9235,0.0001,0.005211939569562674
984,980,0.01,3216,964800,0.08301289000000017,300.0,9247,0.0001,0.0043733688071370125
985,980,0.01,3220,966000,0.17564183000000025,300.0,9259,0.0001,0.006479039788246155
985,981,0.01,3224,967200,0.34869839000000025,300.0,9271,0.0001,0.004964383784681559
986,981,0.01,3228,968400,-0.02744514000000021,300.0,9283,0.0001,0.0044229039922356606
987,981,0.01,3232,969600,-0.38311513000000036,300.0,9295,0.0001,0.005078066140413284
988,982,0.01,3236,970800,-0.26294503000000036,300.0,9307,0.0001,0.006580570247024298
988,983,0.01,3240,972000,0.08283638999999994,300.0,9319,0.0001,0.00391292292624712
989,983,0.01,3244,973200,-0.13201940999999973,300.0,9331,0.0001,0.009313338436186314
990,984,0.01,3248,974400,-0.030021579999999853,300.0,9343,0.0001,0.003408836666494608
990,984,0.01,3252,975600,0.26403622000000015,300.0,9355,0.0001,0.00739259785041213
991,984,0.01,3256,976800,-0.21269618999999984,300.0,9367,0.0001,0.0038943171966820955
992,985,0.01,3260,978000,-0.05191702999999987,300.0,9379,0.0001,0.00545143149793148
993,985,0.01,3264,979200,-0.30538542,300.0,9391,0.0001,0.0071986522525548935
993,986,0.01,3268,980400,-0.21633955000000007,300.0,9403,0.0001,0.0041008624248206615
994,986,0.01,3272,981600,-0.049610709999999954,300.0,9415,0.0001,0.0046870713122189045
995,987,0.01,3276,982800,0.12656433000000022,300.0,9427,0.0001,0.004376870580017567
995,987,0.01,3280,984000,0.10959436000000011,300.0,9439,0.0001,0.0033638551831245422
996,988,0.01,3284,985200,0.6176462100000001,300.0,9451,0.0001,0.005667491815984249
997,988,0.01,3288,986400,0.17993725000000013,300.0,9463,0.0001,0.004877468105405569
998,989,0.01,3292,987600,-0.21460394999999985,300.0,9475,0.0001,0.003461472922936082
998,989,0.01,3296,988800,-0.03015680999999989,300.0,9487,0.0001,0.009981286711990833
999,990,0.01,3300,990000,0.3963644299999999,300.0,9499,0.0001,0.004994852002710104
1000,990,0.01,3304,991200,-0.15749524000000018,300.0,9511,0.0001,0.005967901088297367
1001,991,0.01,3308,992400,0.05795230999999986,300.0,9523,0.0001,0.005487747024744749
1002,991,0.01,3312,993600,-0.07423586000000021,300.0,9535,0.0001,0.00810832716524601
1002,991,0.01,3316,994800,-0.1288842000000002,300.0,9547,0.0001,0.004662354476749897
1003,992,0.01,3320,996000,-0.4850787400000002,300.0,9559,0.0001,0.006864788476377726
1004,992,0.01,3324,997200,-0.63776884,300.0,9571,0.0001,0.008552908897399902
1005,993,0.01,3328,998400,-0.5525615299999999,300.0,9583,0.0001,0.0037563506048172712
1005,993,0.01,3332,999600,-0.16146256999999978,300.0,9595,0.0001,0.006817004643380642
1061,943,0.01,3336,1000800,-0.30866835999999975,300.0,9607,0.0001,0.003921463154256344
1062,943,0.01,3340,1002000,-0.41804405999999994,300.0,9619,0.0001,0.005363639909774065
1062,944,0.01,3344,1003200,-0.37871156000000006,300.0,9631,0.0001,0.008487964048981667
1063,944,0.01,3348,1004400,-0.47772755000000017,300.0,9643,0.0001,0.010828736238181591
1064,945,0.01,3352,1005600,-0.6707024500000002,300.0,9655,0.0001,0.006835902575403452
1064,945,0.01,3356,1006800,-0.5006753000000002,300.0,9667,0.0001,0.007584406062960625
1065,945,0.01,3360,1008000,-0.5424131700000001,300.0,9679,0.0001,0.004701988771557808
1066,946,0.01,3364,1009200,-0.3874297599999999,300.0,9691,0.0001,0.006859798915684223
1066,946,0.01,3368,1010400,0.37836135,300.0,9703,0.0001,0.007425902411341667
1067,947,0.01,3372,1011600,0.12603955000000003,300.0,9715,0.0001,0.0053013889119029045
1068,947,0.01,3376,1012800,0.2969380400000001,300.0,9727,0.0001,0.006328954827040434
1069,948,0.01,3380,1014000,0.6416083299999998,300.0,9739,0.0001,0.007189155090600252
1069,948,0.01,3384,1015200,0.7535869900000001,300.0,9751,0.0001,0.004953369498252869
1070,949,0.01,3388,1016400,1.0230905900000002,300.0,9763,0.0001,0.0036480152048170567
1071,949,0.01,3392,1017600,1.2378496600000002,300.0,9775,0.0001,0.007736405357718468
1072,949,0.01,3396,1018800,1.27952463,300.0,9787,0.0001,0.005437147803604603
1073,950,0.01,3400,1020000,1.25783604,300.0,9799,0.0001,0.007730710320174694
1074,950,0.01,3404,1021200,1.21452157,300.0,9811,0.0001,0.004282692447304726
1074,951,0.01,3408,1022400,0.7385209400000002,300.0,9823,0.0001,0.006840365007519722
1075,951,0.01,3412,1023600,0.9065555400000003,300.0,9835,0.0001,0.00491000059992075
1076,952,0.01,3416,1024800,1.41370199,300.0,9847,0.0001,0.025738269090652466
1077,952,0.01,3420,1026000,1.9275916000000002,300.0,9859,0.0001,0.010226989164948463
1077,953,0.01,3424,1027200,1.85178923,300.0,9871,0.0001,0.007493424694985151
1078,953,0.01,3428,1028400,1.5105367499999998,300.0,9883,0.0001,0.008471865206956863
1079,954,0.01,3432,1029600,1.5725562599999998,300.0,9895,0.0001,0.004184105433523655
1079,954,0.01,3436,1030800,1.07478187,300.0,9907,0.0001,0.004434469621628523
1080,954,0.01,3440,1032000,1.49912002,300.0,9919,0.0001,0.005183723755180836
1081,955,0.01,3444,1033200,1.6514955099999997,300.0,9931,0.0001,0.00853065587580204
1082,955,0.01,3448,1034400,1.8841161800000001,300.0,9943,0.0001,0.006649982649832964
1082,956,0.01,3452,1035600,1.9357058699999998,300.0,9955,0.0001,0.008311607874929905
1083,956,0.01,3456,1036800,2.32082757,300.0,9967,0.0001,0.005485911853611469
1084,957,0.01,3460,1038000,2.1465814799999996,300.0,9979,0.0001,0.008373536169528961
1085,957,0.01,3464,1039200,1.7849763099999998,300.0,9991,0.0001,0.004534093663096428
1085,958,0.01,3468,1040400,1.1136627499999998,300.0,10003,0.0001,0.0033195470459759235
1086,958,0.01,3472,1041600,1.2424758099999997,300.0,10015,0.0001,0.005416089203208685
1087,959,0.01,3476,1042800,1.39560697,300.0,10027,0.0001,0.005359151400625706
1088,959,0.01,3480,1044000,0.8906354800000001,300.0,10039,0.0001,0.0062672728672623634
1088,960,0.01,3484,1045200,0.4967710500000002,300.0,10051,0.0001,0.005435338709503412
1089,960,0.01,3488,1046400,0.049183640000000056,300.0,10063,0.0001,0.003484433749690652
1090,960,0.01,3492,1047600,0.16737507000000007,300.0,10075,0.0001,0.006396668963134289
1091,961,0.01,3496,1048800,0.20713170000000006,300.0,10087,0.0001,0.012434584088623524
1091,961,0.01,3500,1050000,-0.06407735999999993,300.0,10099,0.0001,0.003794593270868063
1092,961,0.01,3504,1051200,0.28317723,300.0,10111,0.0001,0.006569493096321821
1093,962,0.01,3508,1052400,0.7669419599999998,300.0,10123,0.0001,0.004116942640393972
1094,962,0.01,3512,1053600,0.8189658299999998,300.0,10135,0.0001,0.006428282242268324
1094,963,0.01,3516,1054800,0.7808721400000002,300.0,10147,0.0001,0.0036955317482352257
1095,963,0.01,3520,1056000,0.46816436000000033,300.0,10159,0.0001,0.008780228905379772
1096,964,0.01,3524,1057200,0.5287706100000001,300.0,10171,0.0001,0.004759986884891987
1097,964,0.01,3528,1058400,0.8132730099999997,300.0,10183,0.0001,0.0065464964136481285
1097,965,0.01,3532,1059600,0.6815074499999997,300.0,10195,0.0001,0.009028647094964981
1098,965,0.01,3536,1060800,0.8714567599999999,300.0,10207,0.0001,0.003448755480349064
1099,966,0.01,3540,1062000,0.15447888,300.0,10219,0.0001,0.006510910578072071
1099,966,0.01,3544,1063200,0.2699047799999999,300.0,10231,0.0001,0.010816358961164951
1100,967,0.01,3548,1064400,0.25919528999999975,300.0,10243,0.0001,0.006823628209531307
1101,967,0.01,3552,1065600,0.5228508299999999,300.0,10255,0.0001,0.011429639533162117
1102,967,0.01,3556,1066800,0.043174939999999856,300.0,10267,0.0001,0.01869860664010048
1103,967,0.01,3560,1068000,-0.9228669300000001,300.0,10279,0.0001,0.01222328282892704
1104,968,0.01,3564,1069200,-0.83378137,300.0,10291,0.0001,0.004469600040465593
1104,968,0.01,3568,1070400,-0.9934584600000003,300.0,10303,0.0001,0.007199173327535391
1105,969,0.01,3572,1071600,-1.42588206,300.0,10315,0.0001,0.005524115636944771
1106,969,0.01,3576,1072800,-1.26665081,300.0,10327,0.0001,0.007395913824439049
1107,969,0.01,3580,1074000,-0.9249031000000002,300.0,10339,0.0001,0.0064657703042030334
1107,970,0.01,3584,1075200,-1.0483878500000001,300.0,10351,0.0001,0.008943339809775352
1108,970,0.01,3588,1076400,-1.19460703,300.0,10363,0.0001,0.005810098256915808
1109,971,0.01,3592,1077600,-1.29139054,300.0,10375,0.0001,0.007208473980426788
1110,971,0.01,3596,1078800,-1.4410303800000002,300.0,10387,0.0001,0.04868665710091591
1110,972,0.01,3600,1080000,-1.0419620200000002,300.0,10399,0.0001,0.0041846176609396935
1111,972,0.01,3604,1081200,-1.03147562,300.0,10411,0.0001,0.007190762087702751
1112,973,0.01,3608,1082400,-1.0452693199999998,300.0,10423,0.0001,0.008701696991920471
1113,973,0.01,3612,1083600,-0.9084379500000002,300.0,10435,0.0001,0.005948524922132492
1113,973,0.01,3616,1084800,-0.72488697,300.0,10447,0.0001,0.003861675737425685
1114,974,0.01,3620,1086000,-0.9508420399999999,300.0,10459,0.0001,0.00569734163582325
1115,974,0.01,3624,1087200,-1.20095927,300.0,10471,0.0001,0.008722291328012943
1115,975,0.01,3628,1088400,-1.2477700700000003,300.0,10483,0.0001,0.005575091578066349
1116,975,0.01,3632,1089600,-1.2880863500000004,300.0,10495,0.0001,0.008349026553332806
1117,976,0.01,3636,1090800,-0.9850037700000002,300.0,10507,0.0001,0.014121835120022297
1118,976,0.01,3640,1092000,-0.5983822899999997,300.0,10519,0.0001,0.008158495649695396
1118,977,0.01,3644,1093200,-0.3962948499999996,300.0,10531,0.0001,0.004678287543356419
1119,977,0.01,3648,1094400,-0.7615465699999996,300.0,10543,0.0001,0.004321161657571793
1120,977,0.01,3652,1095600,-1.2323530199999997,300.0,10555,0.0001,0.006726675201207399
1121,978,0.01,3656,1096800,-1.12184673,300.0,10567,0.0001,0.006791902706027031
1122,978,0.01,3660,1098000,-0.08743863999999991,300.0,10579,0.0001,0.003178268438205123
1122,978,0.01,3664,1099200,0.13666722000000012,300.0,10591,0.0001,0.003788379719480872
1178,933,0.01,3668,1100400,0.2255605900000001,300.0,10603,0.0001,0.010795420967042446
1179,934,0.01,3672,1101600,0.5683544200000001,300.0,10615,0.0001,0.010354169644415379
1180,934,0.01,3676,1102800,0.13702650000000005,300.0,10627,0.0001,0.008032196201384068
1180,934,0.01,3680,1104000,0.02781916000000014,300.0,10639,0.0001,0.0038210474886000156
1181,935,0.01,3684,1105200,-0.22408717999999986,300.0,10651,0.0001,0.00921094510704279
1182,935,0.01,3688,1106400,0.3754428000000001,300.0,10663,0.0001,0.010465782135725021
1183,936,0.01,3692,1107600,0.5577586800000001,300.0,10675,0.0001,0.0033897357061505318
1183,936,0.01,3696,1108800,0.32950286,300.0,10687,0.0001,0.010820898227393627
1184,937,0.01,3700,1110000,0.3007962899999999,300.0,10699,0.0001,0.013012989424169064
1185,937,0.01,3704,1111200,-0.3286790700000001,300.0,10711,0.0001,0.00517706573009491
1186,937,0.01,3708,1112400,-0.47434208999999994,300.0,10723,0.0001,0.005287296138703823
1187,938,0.01,3712,1113600,-0.46244705999999985,300.0,10735,0.0001,0.006940063554793596
1187,938,0.01,3716,1114800,-0.43486942,300.0,10747,0.0001,0.005110080353915691
1188,938,0.01,3720,1116000,0.028842919999999914,300.0,10759,0.0001,0.0063578225672245026
1189,939,0.01,3724,1117200,0.03511836999999996,300.0,10771,0.0001,0.005709960125386715
1190,939,0.01,3728,1118400,-0.16818831999999978,300.0,10783,0.0001,0.004161829128861427
1191,939,0.01,3732,1119600,-0.1658616499999998,300.0,10795,0.0001,0.0033422671258449554
1192,939,0.01,3736,1120800,0.022349370000000084,300.0,10807,0.0001,0.008650025352835655
1193,939,0.01,3740,1122000,-0.13672971999999994,300.0,10819,0.0001,0.005193785764276981
1194,939,0.01,3744,1123200,0.07103015000000017,300.0,10831,0.0001,0.006011422257870436
1195,940,0.01,3748,1124400,0.3301482600000001,300.0,10843,0.0001,0.008545028045773506
1196,940,0.01,3752,1125600,0.29347488,300.0,10855,0.0001,0.009972129948437214
1197,940,0.01,3756,1126800,-0.3735734500000001,300.0,10867,0.0001,0.008681152015924454
1198,941,0.01,3760,1128000,-0.029473809999999965,300.0,10879,0.0001,0.00505316536873579
1198,941,0.01,3764,1129200,-0.35578351999999974,300.0,10891,0.0001,0.010189086198806763
1199,942,0.01,3768,1130400,-0.3055616200000002,300.0,10903,0.0001,0.005664586089551449
1200,942,0.01,3772,1131600,-0.3628839800000003,300.0,10915,0.0001,0.006726241670548916
1201,943,0.01,3776,1132800,-0.3740216399999998,300.0,10927,0.0001,0.014365559443831444
1202,943,0.01,3780,1134000,-0.5859346799999997,300.0,10939,0.0001,0.004784868098795414
1202,943,0.01,3784,1135200,-0.38841435999999974,300.0,10951,0.0001,0.005101208575069904
1203,944,0.01,3788,1136400,-0.4342688499999997,300.0,10963,0.0001,0.007622080855071545
1204,944,0.01,3792,1137600,-0.5961126699999997,300.0,10975,0.0001,0.005916680674999952
1204,945,0.01,3796,1138800,-0.6759493699999998,300.0,10987,0.0001,0.0073308683931827545
1205,945,0.01,3800,1140000,-0.2820790499999996,300.0,10999,0.0001,0.003703407011926174
1206,945,0.01,3804,1141200,0.45144345000000025,300.0,11011,0.0001,0.012289516627788544
1207,946,0.01,3808,1142400,0.4334007600000003,300.0,11023,0.0001,0.006863629445433617
1207,946,0.01,3812,1143600,0.5200107100000002,300.0,11035,0.0001,0.00443850876763463
1208,947,0.01,3816,1144800,0.10033604000000017,300.0,11047,0.0001,0.003434550017118454
1209,947,0.01,3820,1146000,0.24670900000000032,300.0,11059,0.0001,0.005678260233253241
1210,948,0.01,3824,1147200,0.28715885000000013,300.0,11071,0.0001,0.007847491651773453
1210,948,0.01,3828,1148400,0.8566491799999997,300.0,11083,0.0001,0.005879643373191357
1211,948,0.01,3832,1149600,1.0698773499999998,300.0,11095,0.0001,0.00433648144826293
1212,949,0.01,3836,1150800,1.10621712,300.0,11107,0.0001,0.005679938942193985
1213,949,0.01,3840,1152000,0.7931629800000001,300.0,11119,0.0001,0.003796848002821207
1213,949,0.01,3844,1153200,0.24795283000000004,300.0,11131,0.0001,0.008436846546828747
1214,950,0.01,3848,1154400,0.27101876,300.0,11143,0.0001,0.006453932262957096
1215,950,0.01,3852,1155600,0.4788157600000001,300.0,11155,0.0001,0.008571533486247063
1216,951,0.01,3856,1156800,1.36984572,300.0,11167,0.0001,0.005546228028833866
1217,951,0.01,3860,1158000,0.9996549199999998,300.0,11179,0.0001,0.012418757192790508
1217,951,0.01,3864,1159200,0.9970937700000002,300.0,11191,0.0001,0.01602335274219513
1218,952,0.01,3868,1160400,0.9658119900000002,300.0,11203,0.0001,0.01427313033491373
1219,952,0.01,3872,1161600,1.0288483700000002,300.0,11215,0.0001,0.0072746421210467815
1219,953,0.01,3876,1162800,0.8984264400000002,300.0,11227,0.0001,0.006137481424957514
1220,953,0.01,3880,1164000,1.11479496,300.0,11239,0.0001,0.011455187574028969
1221,953,0.01,3884,1165200,1.3883338299999999,300.0,11251,0.0001,0.011201751418411732
1222,954,0.01,3888,1166400,1.1912386,300.0,11263,0.0001,0.005698535591363907
1223,954,0.01,3892,1167600,0.9859240799999999,300.0,11275,0.0001,0.015484614297747612
1223,954,0.01,3896,1168800,1.2927197099999999,300.0,11287,0.0001,0.009959819726645947
1224,955,0.01,3900,1170000,0.9844384499999996,300.0,11299,0.0001,0.006478113122284412
1225,955,0.01,3904,1171200,0.8025806299999999,300.0,11311,0.0001,0.01105642318725586
1226,956,0.01,3908,1172400,0.7399705799999999,300.0,11323,0.0001,0.006067665293812752
1227,956,0.01,3912,1173600,0.41925121999999965,300.0,11335,0.0001,0.005927725229412317
1227,956,0.01,3916,1174800,0.70996231,300.0,11347,0.0001,0.007193433586508036
1228,957,0.01,3920,1176000,-0.19966204999999987,300.0,11359,0.0001,0.007106086239218712
1229,957,0.01,3924,1177200,0.1813742700000001,300.0,11371,0.0001,0.006728442385792732
1229,958,0.01,3928,1178400,-0.32249619999999984,300.0,11383,0.0001,0.007907548919320107
1230,958,0.01,3932,1179600,-0.6916497699999999,300.0,11395,0.0001,0.010815510526299477
1231,958,0.01,3936,1180800,-1.03007484,300.0,11407,0.0001,0.0053674932569265366
1232,959,0.01,3940,1182000,-0.50846927,300.0,11419,0.0001,0.00649675726890564
1232,959,0.01,3944,1183200,-0.78303125,300.0,11431,0.0001,0.007534985896199942
1233,960,0.01,3948,1184400,-1.00587756,300.0,11443,0.0001,0.0052113779820501804
1234,960,0.01,3952,1185600,-0.8491154700000001,300.0,11455,0.0001,0.00605336669832468
1235,960,0.01,3956,1186800,-0.7239865000000002,300.0,11467,0.0001,0.01661408133804798
1235,961,0.01,3960,1188000,-0.6266272900000002,300.0,11479,0.0001,0.011845181696116924
1236,961,0.01,3964,1189200,0.09130744999999987,300.0,11491,0.0001,0.005600254982709885
1237,962,0.01,3968,1190400,-0.24600132000000025,300.0,11503,0.0001,0.007249091286212206
1237,962,0.01,3972,1191600,-0.15085303000000003,300.0,11515,0.0001,0.004927513189613819
1238,963,0.01,3976,1192800,0.03638155000000002,300.0,11527,0.0001,0.005393813829869032
1239,963,0.01,3980,1194000,0.055183049999999845,300.0,11539,0.0001,0.007021629251539707
1240,963,0.01,3984,1195200,-0.12426227000000026,300.0,11551,0.0001,0.003947973717004061
1240,964,0.01,3988,1196400,0.02217212999999978,300.0,11563,0.0001,0.0040375469252467155
1241,964,0.01,3992,1197600,0.05154481999999991,300.0,11575,0.0001,0.008546114899218082
1242,964,0.01,3996,1198800,-0.026990650000000165,300.0,11587,0.0001,0.008278675377368927
1299,923,0.01,4000,1200000,-0.15434172000000024,300.0,11599,0.0001,0.0044659157283604145
1299,924,0.01,4004,1201200,-0.01101032000000051,300.0,11611,0.0001,0.0041105542331933975
1300,924,0.01,4008,1202400,0.14991408999999942,300.0,11623,0.0001,0.007874000817537308
1301,924,0.01,4012,1203600,0.16411967999999955,300.0,11635,0.0001,0.003973843529820442
1301,925,0.01,4016,1204800,-0.018354960000000257,300.0,11647,0.0001,0.008642615750432014
1302,925,0.01,4020,1206000,0.7848681199999998,300.0,11659,0.0001,0.005977657623589039
1303,926,0.01,4024,1207200,0.4421883099999998,300.0,11671,0.0001,0.007699185982346535
1304,926,0.01,4028,1208400,0.6531165499999999,300.0,11683,0.0001,0.008183633908629417
1304,926,0.01,4032,1209600,0.7886285699999998,300.0,11695,0.0001,0.009197418577969074
1305,927,0.01,4036,1210800,0.8240295499999999,300.0,11707,0.0001,0.007084031589329243
1306,927,0.01,4040,1212000,0.34511331999999995,300.0,11719,0.0001,0.006159819662570953
1307,928,0.01,4044,1213200,0.6930202899999999,300.0,11731,0.0001,0.003983481787145138
1307,928,0.01,4048,1214400,0.7518314000000004,300.0,11743,0.0001,0.007429221644997597
1308,928,0.01,4052,1215600,0.5316277000000001,300.0,11755,0.0001,0.010557178407907486
1309,929,0.01,4056,1216800,-0.18432693999999997,300.0,11767,0.0001,0.007237205281853676
1310,929,0.01,4060,1218000,-0.22386894000000002,300.0,11779,0.0001,0.023283930495381355
1311,929,0.01,4064,1219200,-0.5859936900000002,300.0,11791,0.0001,0.007765652611851692
1312,930,0.01,4068,1220400,-0.40993669,300.0,11803,0.0001,0.005115496460348368
1312,930,0.01,4072,1221600,-1.2941965199999999,300.0,11815,0.0001,0.010551654733717442
1313,930,0.01,4076,1222800,-1.4031098400000002,300.0,11827,0.0001,0.006055894773453474
1314,931,0.01,4080,1224000,-1.3421259700000001,300.0,11839,0.0001,0.0075357938185334206
1315,931,0.01,4084,1225200,-0.9858454599999998,300.0,11851,0.0001,0.004667178262025118
1316,931,0.01,4088,1226400,-1.20871491,300.0,11863,0.0001,0.005711681675165892
1316,932,0.01,4092,1227600,-0.6857023,300.0,11875,0.0001,0.02244432643055916
1317,932,0.01,4096,1228800,-0.55618995,300.0,11887,0.0001,0.028051577508449554
1318,933,0.01,4100,1230000,-0.7919910700000001,300.0,11899,0.0001,0.006914726458489895
1318,933,0.01,4104,1231200,-1.19465444,300.0,11911,0.0001,0.010680903680622578
1319,933,0.01,4108,1232400,-1.2517223000000002,300.0,11923,0.0001,0.005826553329825401
1320,934,0.01,4112,1233600,-1.1330533500000002,300.0,11935,0.0001,0.008006725460290909
1321,934,0.01,4116,1234800,-1.8593907100000002,300.0,11947,0.0001,0.012692351825535297
1321,935,0.01,4120,1236000,-2.1199217800000003,300.0,11959,0.0001,0.008842801675200462
1322,935,0.01,4124,1237200,-1.8625282500000002,300.0,11971,0.0001,0.008417453616857529
1323,935,0.01,4128,1238400,-1.9665363900000004,300.0,11983,0.0001,0.0036887747701257467
1324,936,0.01,4132,1239600,-1.81121443,300.0,11995,0.0001,0.0051658665761351585
1324,936,0.01,4136,1240800,-1.79484156,300.0,12007,0.0001,0.007315083872526884
1325,936,0.01,4140,1242000,-1.17091901,300.0,12019,0.0001,0.004142045043408871
1326,937,0.01,4144,1243200,-1.3853273099999999,300.0,12031,0.0001,0.0037262311670929193
1326,937,0.01,4148,1244400,-1.5422171199999997,300.0,12043,0.0001,0.009453825652599335
1327,938,0.01,4152,1245600,-1.4876492000000001,300.0,12055,0.0001,0.007678128778934479
1328,938,0.01,4156,1246800,-1.2755899899999998,300.0,12067,0.0001,0.019731391221284866
1329,938,0.01,4160,1248000,-1.1652214399999996,300.0,12079,0.0001,0.003981763031333685
1329,939,0.01,4164,1249200,-1.26162487,300.0,12091,0.0001,0.0069786058738827705
1330,939,0.01,4168,1250400,-1.5783328799999998,300.0,12103,0.0001,0.009803041815757751
1331,939,0.01,4172,1251600,-0.7581622,300.0,12115,0.0001,0.0058027901686728
1332,940,0.01,4176,1252800,-0.7871476800000002,300.0,12127,0.0001,0.011345526203513145
1333,940,0.01,4180,1254000,-0.7011918000000001,300.0,12139,0.0001,0.011482834815979004
1334,940,0.01,4184,1255200,-1.0400030200000001,300.0,12151,0.0001,0.008769845589995384
1334,941,0.01,4188,1256400,-1.1757441499999999,300.0,12163,0.0001,0.005418647546321154
1335,941,0.01,4192,1257600,-1.83767597,300.0,12175,0.0001,0.00926729291677475
1336,941,0.01,4196,1258800,-2.06105748,300.0,12187,0.0001,0.006435021758079529
1337,942,0.01,4200,1260000,-1.7603411199999994,300.0,12199,0.0001,0.006737879943102598
1337,942,0.01,4204,1261200,-1.8805583499999998,300.0,12211,0.0001,0.00511211808770895
1338,943,0.01,4208,1262400,-1.97178334,300.0,12223,0.0001,0.0053648147732019424
1339,943,0.01,4212,1263600,-1.97763327,300.0,12235,0.0001,0.0149088054895401
1339,943,0.01,4216,1264800,-1.2862432899999994,300.0,12247,0.0001,0.006718507036566734
1340,944,0.01,4220,1266000,-1.4593342199999995,300.0,12259,0.0001,0.004595908336341381
1341,944,0.01,4224,1267200,-1.1773461900000002,300.0,12271,0.0001,0.008818545378744602
1342,944,0.01,4228,1268400,-1.18345901,300.0,12283,0.0001,0.004937369376420975
1343,945,0.01,4232,1269600,-1.17838919,300.0,12295,0.0001,0.00810926966369152
1343,945,0.01,4236,1270800,-1.09704399,300.0,12307,0.0001,0.00504698371514678
1344,945,0.01,4240,1272000,-1.120963,300.0,12319,0.0001,0.005900067277252674
1345,946,0.01,4244,1273200,-0.7628125700000001,300.0,12331,0.0001,0.005386427044868469
1346,946,0.01,4248,1274400,-0.36080223000000033,300.0,12343,0.0001,0.007315566763281822
1347,946,0.01,4252,1275600,-0.5481188700000003,300.0,12355,0.0001,0.02698647417128086
1347,947,0.01,4256,1276800,-0.9867700300000002,300.0,12367,0.0001,0.006918152794241905
1348,947,0.01,4260,1278000,-1.18905584,300.0,12379,0.0001,0.011016761884093285
1349,948,0.01,4264,1279200,-0.9513264800000001,300.0,12391,0.0001,0.007218219805508852
1349,948,0.01,4268,1280400,-0.98857931,300.0,12403,0.0001,0.003881225362420082
1350,948,0.01,4272,1281600,-0.91590609,300.0,12415,0.0001,0.009150817058980465
1351,949,0.01,4276,1282800,-0.9220514900000001,300.0,12427,0.0001,0.00659054983407259
1352,949,0.01,4280,1284000,-1.40094729,300.0,12439,0.0001,0.009210197255015373
1352,949,0.01,4284,1285200,-0.9422960500000002,300.0,12451,0.0001,0.007042000535875559
1353,950,0.01,4288,1286400,-0.7121714600000001,300.0,12463,0.0001,0.019221598282456398
1354,950,0.01,4292,1287600,-0.17556174000000013,300.0,12475,0.0001,0.013731755316257477
1355,951,0.01,4296,1288800,-0.4611284800000003,300.0,12487,0.0001,0.005115910433232784
1355,951,0.01,4300,1290000,-0.6226001700000003,300.0,12499,0.0001,0.0045607006177306175
1356,951,0.01,4304,1291200,-0.25408326000000026,300.0,12511,0.0001,0.014512415044009686
1357,952,0.01,4308,1292400,-0.19602837000000028,300.0,12523,0.0001,0.007737735752016306
1357,952,0.01,4312,1293600,-0.5628675500000002,300.0,12535,0.0001,0.0038562628906220198
1358,953,0.01,4316,1294800,-0.9861257300000004,300.0,12547,0.0001,0.023559823632240295
1359,953,0.01,4320,1296000,-0.4603364200000004,300.0,12559,0.0001,0.016515478491783142
1359,953,0.01,4324,1297200,-1.0383176,300.0,12571,0.0001,0.019206993281841278
1360,954,0.01,4328,1298400,-0.7616211500000003,300.0,12583,0.0001,0.004954228643327951
1361,954,0.01,4332,1299600,-0.61609126,300.0,12595,0.0001,0.022572293877601624
1418,917,0.01,4336,1300800,-0.49535998000000014,300.0,12607,0.0001,0.005706101190298796
1419,917,0.01,4340,1302000,-0.6466415100000004,300.0,12619,0.0001,0.006691651418805122
1419,917,0.01,4344,1303200,-0.7083225799999999,300.0,12631,0.0001,0.010069340467453003
1420,918,0.01,4348,1304400,-1.26267047,300.0,12643,0.0001,0.03101121261715889
1421,918,0.01,4352,1305600,-1.1526729,300.0,12655,0.0001,0.004763264674693346
1422,918,0.01,4356,1306800,-0.6080311300000001,300.0,12667,0.0001,0.008348898962140083
1423,919,0.01,4360,1308000,-0.5474779,300.0,12679,0.0001,0.006829058285802603
1423,919,0.01,4364,1309200,-0.82604935,300.0,12691,0.0001,0.01149600651115179
1424,919,0.01,4368,1310400,-0.33184129,300.0,12703,0.0001,0.0035675980616360903
1425,920,0.01,4372,1311600,-0.26893454,300.0,12715,0.0001,0.007685353048145771
1426,920,0.01,4376,1312800,-0.4305552899999999,300.0,12727,0.0001,0.007215666119009256
1427,920,0.01,4380,1314000,-0.4350046599999999,300.0,12739,0.0001,0.005385254509747028
1427,921,0.01,4384,1315200,-0.50883933,300.0,12751,0.0001,0.004566958174109459
1428,921,0.01,4388,1316400,-0.9207897800000001,300.0,12763,0.0001,0.01193056907504797
1429,921,0.01,4392,1317600,-0.8289621000000003,300.0,12775,0.0001,0.00475266994908452
1429,922,0.01,4396,1318800,-0.5679223200000001,300.0,12787,0.0001,0.008179678581655025
1430,922,0.01,4400,1320000,-0.3585975099999999,300.0,12799,0.0001,0.00880160741508007
1431,922,0.01,4404,1321200,-0.56007248,300.0,12811,0.0001,0.008688202127814293
1432,923,0.01,4408,1322400,-0.73907989,300.0,12823,0.0001,0.004746992141008377
1433,923,0.01,4412,1323600,-0.3865146299999999,300.0,12835,0.0001,0.010351352393627167
1434,923,0.01,4416,1324800,-0.0877424599999999,300.0,12847,0.0001,0.011196501553058624
1434,924,0.01,4420,1326000,-0.4675523599999996,300.0,12859,0.0001,0.005973874591290951
1435,924,0.01,4424,1327200,-0.40347163999999963,300.0,12871,0.0001,0.006011363584548235
1436,924,0.01,4428,1328400,-0.6410889699999999,300.0,12883,0.0001,0.01654701866209507
1437,925,0.01,4432,1329600,-0.9415818099999999,300.0,12895,0.0001,0.00902150385081768
1437,925,0.01,4436,1330800,-1.2392022599999999,300.0,12907,0.0001,0.006618175655603409
1438,925,0.01,4440,1332000,-1.1745041800000002,300.0,12919,0.0001,0.008521614596247673
1439,926,0.01,4444,1333200,-1.08904103,300.0,12931,0.0001,0.010402575135231018
1440,926,0.01,4448,1334400,-0.6869921600000001,300.0,12943,0.0001,0.010606183670461178
1441,926,0.01,4452,1335600,-0.7490094100000002,300.0,12955,0.0001,0.007044967729598284
1441,927,0.01,4456,1336800,-0.78952963,300.0,12967,0.0001,0.008137773722410202
1442,927,0.01,4460,1338000,-0.6258708299999999,300.0,12979,0.0001,0.011688319966197014
1443,927,0.01,4464,1339200,-0.32399355999999996,300.0,12991,0.0001,0.01155413594096899
1444,928,0.01,4468,1340400,0.06319780000000018,300.0,13003,0.0001,0.011653373017907143
1444,928,0.01,4472,1341600,-0.03263749999999988,300.0,13015,0.0001,0.007234238088130951
1445,928,0.01,4476,1342800,0.31934903999999986,300.0,13027,0.0001,0.005562947131693363
1446,929,0.01,4480,1344000,0.4464034499999997,300.0,13039,0.0001,0.006784055847674608
1447,929,0.01,4484,1345200,0.26691920999999974,300.0,13051,0.0001,0.009872781112790108
1447,930,0.01,4488,1346400,0.31619825,300.0,13063,0.0001,0.00707782618701458
1448,930,0.01,4492,1347600,0.09788863999999986,300.0,13075,0.0001,0.009215104393661022
1449,930,0.01,4496,1348800,0.09159335999999987,300.0,13087,0.0001,0.004600225016474724
1449,931,0.01,4500,1350000,-0.07986383999999998,300.0,13099,0.0001,0.0058419546112418175
1450,931,0.01,4504,1351200,-0.08358876999999999,300.0,13111,0.0001,0.004961350001394749
1451,931,0.01,4508,1352400,0.18427501,300.0,13123,0.0001,0.006799792405217886
1452,931,0.01,4512,1353600,-0.20129007000000002,300.0,13135,0.0001,0.02427075430750847
1453,932,0.01,4516,1354800,-0.3182985600000002,300.0,13147,0.0001,0.003808831563219428
1453,932,0.01,4520,1356000,-0.6253909300000002,300.0,13159,0.0001,0.01896047778427601
1454,932,0.01,4524,1357200,-0.3332849,300.0,13171,0.0001,0.007249421905726194
1455,933,0.01,4528,1358400,-0.053637750000000144,300.0,13183,0.0001,0.011400564573705196
1456,933,0.01,4532,1359600,0.2804003099999998,300.0,13195,0.0001,0.009210148826241493
1456,933,0.01,4536,1360800,0.80215861,300.0,13207,0.0001,0.015762019902467728
1457,934,0.01,4540,1362000,0.5773264900000001,300.0,13219,0.0001,0.0056676617823541164
1458,934,0.01,4544,1363200,0.20992693999999973,300.0,13231,0.0001,0.006781315430998802
1459,935,0.01,4548,1364400,-0.18899937000000042,300.0,13243,0.0001,0.005651847925037146
1459,935,0.01,4552,1365600,-0.23396268000000023,300.0,13255,0.0001,0.006609458010643721
1460,935,0.01,4556,1366800,-0.4992486300000001,300.0,13267,0.0001,0.005382121540606022
1461,935,0.01,4560,1368000,-0.7140835099999999,300.0,13279,0.0001,0.011105645447969437
1462,936,0.01,4564,1369200,-1.02133458,300.0,13291,0.0001,0.008519744500517845
1463,936,0.01,4568,1370400,-1.31949972,300.0,13303,0.0001,0.006310783326625824
1464,936,0.01,4572,1371600,-1.0449151,300.0,13315,0.0001,0.005802536383271217
1465,936,0.01,4576,1372800,-0.8661887099999999,300.0,13327,0.0001,0.013919188641011715
1465,937,0.01,4580,1374000,-0.9168342200000003,300.0,13339,0.0001,0.013440052978694439
1466,937,0.01,4584,1375200,-0.8726603300000002,300.0,13351,0.0001,0.005504000000655651
1467,937,0.01,4588,1376400,-0.3936511100000001,300.0,13363,0.0001,0.003707121592015028
1468,938,0.01,4592,1377600,-0.5828399400000002,300.0,13375,0.0001,0.0045519303530454636
1468,938,0.01,4596,1378800,-0.7451058400000002,300.0,13387,0.0001,0.005675108637660742
1469,939,0.01,4600,1380000,-0.6633479800000004,300.0,13399,0.0001,0.01316850259900093
1470,939,0.01,4604,1381200,-0.44249409000000023,300.0,13411,0.0001,0.009416270069777966
1471,939,0.01,4608,1382400,-0.29755778000000005,300.0,13423,0.0001,0.004619002807885408
1471,940,0.01,4612,1383600,-0.13426446000000009,300.0,13435,0.0001,0.00583226652815938
1472,940,0.01,4616,1384800,0.04741054999999996,300.0,13447,0.0001,0.005749078001827002
1473,940,0.01,4620,1386000,0.4841977500000003,300.0,13459,0.0001,0.005986388772726059
1474,940,0.01,4624,1387200,0.7028680600000001,300.0,13471,0.0001,0.007100156508386135
1474,941,0.01,4628,1388400,0.8211008599999999,300.0,13483,0.0001,0.005752000026404858
1475,941,0.01,4632,1389600,0.07054115000000002,300.0,13495,0.0001,0.004787597805261612
1476,941,0.01,4636,1390800,0.21501979,300.0,13507,0.0001,0.016584577038884163
1477,942,0.01,4640,1392000,0.6163672099999999,300.0,13519,0.0001,0.007391691207885742
1477,942,0.01,4644,1393200,0.55736232,300.0,13531,0.0001,0.010089678689837456
1478,943,0.01,4648,1394400,0.8498414499999999,300.0,13543,0.0001,0.010559378191828728
1479,943,0.01,4652,1395600,0.7607155199999996,300.0,13555,0.0001,0.0075064292177557945
1480,943,0.01,4656,1396800,1.1670376999999998,300.0,13567,0.0001,0.004639074672013521
1480,943,0.01,4660,1398000,1.15743486,300.0,13579,0.0001,0.006402538623660803
1481,944,0.01,4664,1399200,1.4095612799999995,300.0,13591,0.0001,0.014152660965919495
1539,909,0.01,4668,1400400,1.1231382499999996,300.0,13603,0.0001,0.009647190570831299
1540,909,0.01,4672,1401600,0.4951190099999998,300.0,13615,0.0001,0.006635710131376982
1541,910,0.01,4676,1402800,-0.03544219000000011,300.0,13627,0.0001,0.008996302261948586
1541,910,0.01,4680,1404000,0.19065302999999986,300.0,13639,0.0001,0.012321481481194496
1542,910,0.01,4684,1405200,0.22905985000000004,300.0,13651,0.0001,0.012631211429834366
1543,911,0.01,4688,1406400,0.24525655000000005,300.0,13663,0.0001,0.019314344972372055
1544,911,0.01,4692,1407600,0.32402225999999984,300.0,13675,0.0001,0.0054657431319355965
1544,911,0.01,4696,1408800,0.7973320299999997,300.0,13687,0.0001,0.005072327330708504
1545,912,0.01,4700,1410000,0.5790736499999999,300.0,13699,0.0001,0.008025432005524635
1546,912,0.01,4704,1411200,0.5789249899999999,300.0,13711,0.0001,0.005970903672277927
1547,912,0.01,4708,1412400,0.6614886,300.0,13723,0.0001,0.004816592670977116
1548,913,0.01,4712,1413600,0.9496586600000002,300.0,13735,0.0001,0.028023064136505127
1549,913,0.01,4716,1414800,1.21269066,300.0,13747,0.0001,0.04074438661336899
1549,913,0.01,4720,1416000,1.01920442,300.0,13759,0.0001,0.0043327356688678265
1550,913,0.01,4724,1417200,0.7674707799999999,300.0,13771,0.0001,0.0130438432097435
1551,914,0.01,4728,1418400,0.5455318600000001,300.0,13783,0.0001,0.005801488645374775
1552,914,0.01,4732,1419600,1.50513909,300.0,13795,0.0001,0.00939374603331089
1553,914,0.01,4736,1420800,1.2074800999999993,300.0,13807,0.0001,0.0070093958638608456
1554,915,0.01,4740,1422000,1.1510723199999995,300.0,13819,0.0001,0.00920277088880539
1554,915,0.01,4744,1423200,1.4864382599999997,300.0,13831,0.0001,0.013334355317056179
1555,915,0.01,4748,1424400,0.9443971099999997,300.0,13843,0.0001,0.0072016166523098946
1556,916,0.01,4752,1425600,1.5430319399999999,300.0,13855,0.0001,0.00979732908308506
1556,916,0.01,4756,1426800,1.7119512600000002,300.0,13867,0.0001,0.02261212468147278
1557,916,0.01,4760,1428000,1.3317027299999995,300.0,13879,0.0001,0.007416477892547846
1558,917,0.01,4764,1429200,1.3194368799999996,300.0,13891,0.0001,0.01192224957048893
1559,917,0.01,4768,1430400,1.6429588399999995,300.0,13903,0.0001,0.010760175064206123
1559,917,0.01,4772,1431600,1.8721703099999996,300.0,13915,0.0001,0.006666933186352253
1560,918,0.01,4776,1432800,1.5855470299999999,300.0,13927,0.0001,0.011271956376731396
1561,918,0.01,4780,1434000,1.3597504200000006,300.0,13939,0.0001,0.008414791896939278
1562,918,0.01,4784,1435200,1.1411516599999998,300.0,13951,0.0001,0.007192603778094053
1562,919,0.01,4788,1436400,1.2558489499999999,300.0,13963,0.0001,0.0061777266673743725
1563,919,0.01,4792,1437600,1.3570465099999998,300.0,13975,0.0001,0.02098843827843666
1564,919,0.01,4796,1438800,0.9055502099999999,300.0,13987,0.0001,0.010530946776270866
1565,920,0.01,4800,1440000,1.1638959200000003,300.0,13999,0.0001,0.008405119180679321
1565,920,0.01,4804,1441200,1.1545414700000003,300.0,14011,0.0001,0.010467542335391045
1566,920,0.01,4808,1442400,0.5569891400000001,300.0,14023,0.0001,0.007690916769206524
1567,920,0.01,4812,1443600,0.0639423500000001,300.0,14035,0.0001,0.007089751772582531
1568,921,0.01,4816,1444800,-0.43155638,300.0,14047,0.0001,0.004073341842740774
1568,921,0.01,4820,1446000,-0.13518094999999988,300.0,14059,0.0001,0.004554953891783953
1569,921,0.01,4824,1447200,0.12842601000000006,300.0,14071,0.0001,0.011342337355017662
1570,922,0.01,4828,1448400,-0.5598795599999997,300.0,14083,0.0001,0.014464112929999828
1571,922,0.01,4832,1449600,-0.6222303199999996,300.0,14095,0.0001,0.007281686179339886
1572,922,0.01,4836,1450800,-0.51786644,300.0,14107,0.0001,0.007039257790893316
1573,923,0.01,4840,1452000,-0.5212758799999999,300.0,14119,0.0001,0.012637165375053883
1573,923,0.01,4844,1453200,-0.6311367400000001,300.0,14131,0.0001,0.019403444603085518
1574,923,0.01,4848,1454400,-0.11364666000000014,300.0,14143,0.0001,0.013606896623969078
1575,923,0.01,4852,1455600,-0.48328975000000013,300.0,14155,0.0001,0.007223617285490036
1576,924,0.01,4856,1456800,-0.65546937,300.0,14167,0.0001,0.004932125099003315
1577,924,0.01,4860,1458000,-0.22213640000000004,300.0,14179,0.0001,0.0044323476031422615
1577,924,0.01,4864,1459200,-0.6643850600000002,300.0,14191,0.0001,0.016136912629008293
1578,925,0.01,4868,1460400,-0.8360863800000005,300.0,14203,0.0001,0.01710987649857998
1579,925,0.01,4872,1461600,-0.9288388100000003,300.0,14215,0.0001,0.00833847839385271
1580,925,0.01,4876,1462800,-0.21061162000000025,300.0,14227,0.0001,0.012488732114434242
1580,926,0.01,4880,1464000,-0.3664252600000002,300.0,14239,0.0001,0.004860477056354284
1582,926,0.01,4884,1465200,-0.7643810100000001,300.0,14251,0.0001,0.009088488295674324
1582,926,0.01,4888,1466400,-1.00846458,300.0,14263,0.0001,0.009895317256450653
1583,926,0.01,4892,1467600,-1.1252472100000002,300.0,14275,0.0001,0.009351984597742558
1584,927,0.01,4896,1468800,-0.9285133100000003,300.0,14287,0.0001,0.00635693222284317
1585,927,0.01,4900,1470000,-1.2429381600000005,300.0,14299,0.0001,0.014913462102413177
1586,927,0.01,4904,1471200,-1.4147931899999997,300.0,14311,0.0001,0.008186531253159046
1586,927,0.01,4908,1472400,-1.30634925,300.0,14323,0.0001,0.008815772831439972
1587,928,0.01,4912,1473600,-1.2176166199999998,300.0,14335,0.0001,0.006435850635170937
1588,928,0.01,4916,1474800,-0.6068999699999997,300.0,14347,0.0001,0.006133564282208681
1589,928,0.01,4920,1476000,-0.70300913,300.0,14359,0.0001,0.011533684097230434
1590,928,0.01,4924,1477200,-0.9767991100000001,300.0,14371,0.0001,0.0055773137137293816
1590,929,0.01,4928,1478400,-0.6754918500000001,300.0,14383,0.0001,0.009123693220317364
1591,929,0.01,4932,1479600,-1.0484787700000002,300.0,14395,0.0001,0.011560709215700626
1592,929,0.01,4936,1480800,-1.4163097900000003,300.0,14407,0.0001,0.014599982649087906
1593,930,0.01,4940,1482000,-1.35864428,300.0,14419,0.0001,0.014916226267814636
1594,930,0.01,4944,1483200,-1.16343344,300.0,14431,0.0001,0.008330491371452808
1594,930,0.01,4948,1484400,-1.0992419800000002,300.0,14443,0.0001,0.008996850810945034
1595,931,0.01,4952,1485600,-1.1035353500000002,300.0,14455,0.0001,0.006042432971298695
1596,931,0.01,4956,1486800,-1.2163593700000002,300.0,14467,0.0001,0.004517901688814163
1597,931,0.01,4960,1488000,-1.0593326800000002,300.0,14479,0.0001,0.010988027788698673
1597,931,0.01,4964,1489200,-1.03464764,300.0,14491,0.0001,0.006407806649804115
1598,932,0.01,4968,1490400,-0.7267940900000002,300.0,14503,0.0001,0.0034705065190792084
1599,932,0.01,4972,1491600,-0.6232330100000002,300.0,14515,0.0001,0.015246561728417873
1600,932,0.01,4976,1492800,-0.7603059400000004,300.0,14527,0.0001,0.009738096967339516
1600,933,0.01,4980,1494000,-0.18216399000000014,300.0,14539,0.0001,0.01887214556336403
1602,933,0.01,4984,1495200,0.38917743000000016,300.0,14551,0.0001,0.00737647945061326
1602,933,0.01,4988,1496400,0.02758596000000029,300.0,14563,0.0001,0.009872300550341606
1603,933,0.01,4992,1497600,0.4285758000000003,300.0,14575,0.0001,0.008574110455811024
1604,934,0.01,4996,1498800,0.34484052000000026,300.0,14587,0.0001,0.003465251764282584
1662,902,0.01,5000,1500000,1.0668323100000001,300.0,14599,0.0001,0.0041993106715381145
1663,902,0.01,5004,1501200,0.7431567000000001,300.0,14611,0.0001,0.003986672032624483
1664,902,0.01,5008,1502400,0.9709783100000002,300.0,14623,0.0001,0.007946535013616085
1664,903,0.01,5012,1503600,1.1774205100000001,300.0,14635,0.0001,0.003775201737880707
1665,903,0.01,5016,1504800,0.7028275,300.0,14647,0.0001,0.007809491828083992
1666,903,0.01,5020,1506000,0.8917627600000002,300.0,14659,0.0001,0.014204912818968296
1667,904,0.01,5024,1507200,0.7841679399999998,300.0,14671,0.0001,0.0037899611052125692
1667,904,0.01,5028,1508400,1.18265307,300.0,14683,0.0001,0.006172497291117907
1668,904,0.01,5032,1509600,0.91566358,300.0,14695,0.0001,0.016483593732118607
1669,905,0.01,5036,1510800,0.83792,300.0,14707,0.0001,0.012330017052590847
1670,905,0.01,5040,1512000,0.6082207399999999,300.0,14719,0.0001,0.008115231059491634
1671,905,0.01,5044,1513200,0.8078484699999998,300.0,14731,0.0001,0.006953642703592777
1672,905,0.01,5048,1514400,0.9912347600000001,300.0,14743,0.0001,0.007756304927170277
1672,905,0.01,5052,1515600,1.09738657,300.0,14755,0.0001,0.005953043699264526
1673,906,0.01,5056,1516800,0.9037878999999998,300.0,14767,0.0001,0.0034554856829345226
1674,906,0.01,5060,1518000,0.99043349,300.0,14779,0.0001,0.0049259234219789505
1675,906,0.01,5064,1519200,0.8671725799999999,300.0,14791,0.0001,0.008137584663927555
1676,906,0.01,5068,1520400,0.7378884300000002,300.0,14803,0.0001,0.007286646403372288
1677,907,0.01,5072,1521600,0.7684343300000002,300.0,14815,0.0001,0.011250920593738556
1677,907,0.01,5076,1522800,0.7171607800000003,300.0,14827,0.0001,0.02337845042347908
1678,907,0.01,5080,1524000,0.49343434999999986,300.0,14839,0.0001,0.014503060840070248
1679,908,0.01,5084,1525200,-0.01716170000000023,300.0,14851,0.0001,0.005496534984558821
1680,908,0.01,5088,1526400,0.5318531099999997,300.0,14863,0.0001,0.007515669800341129
1680,908,0.01,5092,1527600,0.12083085999999973,300.0,14875,0.0001,0.007195916026830673
1681,909,0.01,5096,1528800,-0.11070198000000014,300.0,14887,0.0001,0.006492730230093002
1682,909,0.01,5100,1530000,-0.3868501999999999,300.0,14899,0.0001,0.00885424017906189
1683,909,0.01,5104,1531200,0.06954547999999995,300.0,14911,0.0001,0.012776462361216545
1683,910,0.01,5108,1532400,-0.14422172000000014,300.0,14923,0.0001,0.0049327402375638485
1684,910,0.01,5112,1533600,-0.40959707,300.0,14935,0.0001,0.005807145964354277
1685,910,0.01,5116,1534800,-0.46378726000000015,300.0,14947,0.0001,0.007207254879176617
1686,910,0.01,5120,1536000,-0.7507359199999999,300.0,14959,0.0001,0.023868802934885025
1686,911,0.01,5124,1537200,-0.9060427599999998,300.0,14971,0.0001,0.006620470434427261
1687,911,0.01,5128,1538400,-0.80919375,300.0,14983,0.0001,0.006350758485496044
1688,911,0.01,5132,1539600,-0.39334743999999994,300.0,14995,0.0001,0.00564752658829093
1688,912,0.01,5136,1540800,-0.11132051999999991,300.0,15007,0.0001,0.00641885120421648
1689,912,0.01,5140,1542000,0.05040883000000003,300.0,15019,0.0001,0.008790042251348495
1690,912,0.01,5144,1543200,0.0799965799999998,300.0,15031,0.0001,0.011217405088245869
1691,912,0.01,5148,1544400,0.13153559,300.0,15043,0.0001,0.01635238341987133
1692,913,0.01,5152,1545600,-0.22408180999999971,300.0,15055,0.0001,0.02185703255236149
1693,913,0.01,5156,1546800,-0.20050760999999995,300.0,15067,0.0001,0.009315483272075653
1694,913,0.01,5160,1548000,-0.2548551,300.0,15079,0.0001,0.02455836534500122
1694,914,0.01,5164,1549200,0.10245262000000026,300.0,15091,0.0001,0.006858560256659985
1695,914,0.01,5168,1550400,-0.4780056599999998,300.0,15103,0.0001,0.012789511121809483
1696,914,0.01,5172,1551600,-0.64669798,300.0,15115,0.0001,0.010650982148945332
1697,914,0.01,5176,1552800,-0.5936926899999999,300.0,15127,0.0001,0.0042327032424509525
1697,915,0.01,5180,1554000,-0.8867607099999999,300.0,15139,0.0001,0.012994120828807354
1698,915,0.01,5184,1555200,-0.8205323199999998,300.0,15151,0.0001,0.006426664534956217
1699,915,0.01,5188,1556400,-0.82169818,300.0,15163,0.0001,0.00963884498924017
1700,916,0.01,5192,1557600,-0.9270361399999999,300.0,15175,0.0001,0.00826304778456688
1700,916,0.01,5196,1558800,-0.8485996599999998,300.0,15187,0.0001,0.01718885451555252
1702,916,0.01,5200,1560000,-1.2715440599999999,300.0,15199,0.0001,0.00853748433291912
1702,916,0.01,5204,1561200,-1.40849355,300.0,15211,0.0001,0.02129005640745163
1703,917,0.01,5208,1562400,-1.3588888700000001,300.0,15223,0.0001,0.0058017331175506115
1704,917,0.01,5212,1563600,-1.3632745799999997,300.0,15235,0.0001,0.009970011189579964
1705,917,0.01,5216,1564800,-1.41847038,300.0,15247,0.0001,0.018298868089914322
1706,917,0.01,5220,1566000,-1.1153133100000003,300.0,15259,0.0001,0.005792797543108463
1707,918,0.01,5224,1567200,-0.9305267899999999,300.0,15271,0.0001,0.013578890822827816
1707,918,0.01,5228,1568400,-1.2164867399999997,300.0,15283,0.0001,0.0037772890646010637
1708,918,0.01,5232,1569600,-1.64296665,300.0,15295,0.0001,0.013990985229611397
1709,919,0.01,5236,1570800,-1.59305024,300.0,15307,0.0001,0.00663270428776741
1709,919,0.01,5240,1572000,-1.49313616,300.0,15319,0.0001,0.0073323436081409454
1710,919,0.01,5244,1573200,-2.4229006299999996,300.0,15331,0.0001,0.011105579324066639
1711,919,0.01,5248,1574400,-2.6503492500000005,300.0,15343,0.0001,0.021590495482087135
1712,920,0.01,5252,1575600,-1.8710436900000003,300.0,15355,0.0001,0.009342169389128685
1713,920,0.01,5256,1576800,-1.8312060799999998,300.0,15367,0.0001,0.005552932620048523
1713,920,0.01,5260,1578000,-1.8909959099999998,300.0,15379,0.0001,0.016890697181224823
1714,920,0.01,5264,1579200,-1.53821686,300.0,15391,0.0001,0.016972821205854416
1715,921,0.01,5268,1580400,-0.87879686,300.0,15403,0.0001,0.029192646965384483
1716,921,0.01,5272,1581600,-0.4673705699999999,300.0,15415,0.0001,0.004759087227284908
1716,921,0.01,5276,1582800,-0.6408903599999999,300.0,15427,0.0001,0.0072618937119841576
1717,922,0.01,5280,1584000,-0.74246596,300.0,15439,0.0001,0.009503110311925411
1718,922,0.01,5284,1585200,-0.3603994000000001,300.0,15451,0.0001,0.004526206292212009
1719,922,0.01,5288,1586400,-0.6876996200000002,300.0,15463,0.0001,0.017633071169257164
1719,923,0.01,5292,1587600,-0.2052306699999998,300.0,15475,0.0001,0.012296779081225395
1720,923,0.01,5296,1588800,0.013848240000000053,300.0,15487,0.0001,0.006210058927536011
1721,923,0.01,5300,1590000,-0.026589809999999776,300.0,15499,0.0001,0.013945823535323143
1722,923,0.01,5304,1591200,-0.13846083999999986,300.0,15511,0.0001,0.011919427663087845
1723,924,0.01,5308,1592400,-0.008746899999999988,300.0,15523,0.0001,0.006948424503207207
1723,924,0.01,5312,1593600,0.43566009000000006,300.0,15535,0.0001,0.01535315066576004
1724,924,0.01,5316,1594800,0.1912983600000001,300.0,15547,0.0001,0.01006481796503067
1725,924,0.01,5320,1596000,0.0835926300000002,300.0,15559,0.0001,0.010755976662039757
1726,925,0.01,5324,1597200,-0.29738686000000003,300.0,15571,0.0001,0.007315849885344505
1727,925,0.01,5328,1598400,-0.42836233,300.0,15583,0.0001,0.0056336624547839165
1728,925,0.01,5332,1599600,-0.05589289999999984,300.0,15595,0.0001,0.0091656893491745
1787,895,0.01,5336,1600800,-0.27941508999999987,300.0,15607,0.0001,0.014446966350078583
1788,895,0.01,5340,1602000,-0.8460501899999998,300.0,15619,0.0001,0.007389978971332312
1789,895,0.01,5344,1603200,-0.25599195999999985,300.0,15631,0.0001,0.012689216062426567
1790,896,0.01,5348,1604400,-0.07685649999999987,300.0,15643,0.0001,0.013823598623275757
1791,896,0.01,5352,1605600,-0.6258436799999999,300.0,15655,0.0001,0.007951948791742325
1791,896,0.01,5356,1606800,-0.37689016,300.0,15667,0.0001,0.008465834893286228
1792,896,0.01,5360,1608000,-0.12193604999999995,300.0,15679,0.0001,0.004355441778898239
1793,897,0.01,5364,1609200,-0.29011881,300.0,15691,0.0001,0.015629960224032402
1794,897,0.01,5368,1610400,-0.14091347000000012,300.0,15703,0.0001,0.01890612207353115
1795,897,0.01,5372,1611600,-0.4758350500000001,300.0,15715,0.0001,0.015138013288378716
1795,898,0.01,5376,1612800,-0.43413899000000006,300.0,15727,0.0001,0.0069533586502075195
1796,898,0.01,5380,1614000,-0.4469360700000001,300.0,15739,0.0001,0.008247035555541515
1797,898,0.01,5384,1615200,-0.45072853000000007,300.0,15751,0.0001,0.009712317027151585
1797,899,0.01,5388,1616400,-0.13312423000000012,300.0,15763,0.0001,0.007245883345603943
1798,899,0.01,5392,1617600,-0.5800527799999999,300.0,15775,0.0001,0.009358017705380917
1799,899,0.01,5396,1618800,-0.72172821,300.0,15787,0.0001,0.015773190185427666
1800,899,0.01,5400,1620000,-0.60467034,300.0,15799,0.0001,0.006776483729481697
1801,900,0.01,5404,1621200,-0.47869322999999997,300.0,15811,0.0001,0.008826598525047302
1802,900,0.01,5408,1622400,-0.32183829999999986,300.0,15823,0.0001,0.016848301514983177
1802,900,0.01,5412,1623600,-0.7688205699999999,300.0,15835,0.0001,0.012432870455086231
1803,900,0.01,5416,1624800,-0.6183329099999998,300.0,15847,0.0001,0.017483334988355637
1804,901,0.01,5420,1626000,-0.9601994299999999,300.0,15859,0.0001,0.013497321866452694
1805,901,0.01,5424,1627200,-0.4175128199999999,300.0,15871,0.0001,0.009408904239535332
1806,901,0.01,5428,1628400,-0.3946517999999999,300.0,15883,0.0001,0.03230324760079384
1806,901,0.01,5432,1629600,-0.23219920000000002,300.0,15895,0.0001,0.018233096227049828
1807,902,0.01,5436,1630800,0.13786176,300.0,15907,0.0001,0.014540428295731544
1808,902,0.01,5440,1632000,0.38077562000000015,300.0,15919,0.0001,0.014573043212294579
1808,902,0.01,5444,1633200,0.13170601000000018,300.0,15931,0.0001,0.020297672599554062
1809,903,0.01,5448,1634400,0.0033599500000000317,300.0,15943,0.0001,0.023874500766396523
1810,903,0.01,5452,1635600,-0.3221319500000001,300.0,15955,0.0001,0.007851911708712578
1811,903,0.01,5456,1636800,-0.23524674000000018,300.0,15967,0.0001,0.0040354132652282715
1812,903,0.01,5460,1638000,-0.9471856000000003,300.0,15979,0.0001,0.008223393931984901
1813,903,0.01,5464,1639200,-1.0186688200000003,300.0,15991,0.0001,0.007660965900868177
1814,904,0.01,5468,1640400,-1.14735053,300.0,16003,0.0001,0.006817083805799484
1814,904,0.01,5472,1641600,-0.9037842800000001,300.0,16015,0.0001,0.02051663026213646
1815,904,0.01,5476,1642800,-0.8438094500000003,300.0,16027,0.0001,0.009448759257793427
1816,905,0.01,5480,1644000,-0.7447700400000001,300.0,16039,0.0001,0.01471208781003952
1817,905,0.01,5484,1645200,-0.40197606999999985,300.0,16051,0.0001,0.00751783512532711
1818,905,0.01,5488,1646400,-0.5095359500000003,300.0,16063,0.0001,0.004322506487369537
1818,905,0.01,5492,1647600,-0.2006443600000001,300.0,16075,0.0001,0.00424575712531805
1819,906,0.01,5496,1648800,0.058332569999999924,300.0,16087,0.0001,0.01562996208667755
1820,906,0.01,5500,1650000,-0.0005526000000002718,300.0,16099,0.0001,0.007320734206587076
1821,906,0.01,5504,1651200,-0.003374800000000313,300.0,16111,0.0001,0.011990333907306194
1822,906,0.01,5508,1652400,-0.20313730000000013,300.0,16123,0.0001,0.006644647568464279
1823,906,0.01,5512,1653600,0.6455583000000001,300.0,16135,0.0001,0.00804287102073431
1824,907,0.01,5516,1654800,0.7585392999999998,300.0,16147,0.0001,0.013571454212069511
1824,907,0.01,5520,1656000,1.1790875699999996,300.0,16159,0.0001,0.005629716906696558
1825,907,0.01,5524,1657200,0.9271688799999999,300.0,16171,0.0001,0.005339965224266052
1826,908,0.01,5528,1658400,0.73335078,300.0,16183,0.0001,0.011228770948946476
1827,908,0.01,5532,1659600,0.49568650000000003,300.0,16195,0.0001,0.006778300274163485
1827,908,0.01,5536,1660800,0.3389276400000001,300.0,16207,0.0001,0.007507937029004097
1828,908,0.01,5540,1662000,0.1503393100000001,300.0,16219,0.0001,0.010677017271518707
1829,909,0.01,5544,1663200,0.09665943000000009,300.0,16231,0.0001,0.008281529881060123
1830,909,0.01,5548,1664400,0.13789975000000007,300.0,16243,0.0001,0.014201542362570763
1831,909,0.01,5552,1665600,0.40689644,300.0,16255,0.0001,0.008387462235987186
1831,909,0.01,5556,1666800,0.08699885000000013,300.0,16267,0.0001,0.015548111870884895
1832,910,0.01,5560,1668000,0.7641710700000002,300.0,16279,0.0001,0.019386323168873787
1833,910,0.01,5564,1669200,0.45448251,300.0,16291,0.0001,0.010439321398735046
1834,910,0.01,5568,1670400,0.3226554000000001,300.0,16303,0.0001,0.011855730786919594
1834,910,0.01,5572,1671600,0.37091417000000004,300.0,16315,0.0001,0.011295732110738754
1835,911,0.01,5576,1672800,0.44426343,300.0,16327,0.0001,0.006308814510703087
1836,911,0.01,5580,1674000,0.76406656,300.0,16339,0.0001,0.005645307712256908
1837,911,0.01,5584,1675200,0.53652361,300.0,16351,0.0001,0.004625310655683279
1838,912,0.01,5588,1676400,0.42286294000000013,300.0,16363,0.0001,0.0065612755715847015
1838,912,0.01,5592,1677600,0.22280430000000012,300.0,16375,0.0001,0.005140380933880806
1839,912,0.01,5596,1678800,-0.10145837999999988,300.0,16387,0.0001,0.026305193081498146
1840,912,0.01,5600,1680000,-0.40023596999999994,300.0,16399,0.0001,0.014660590328276157
1841,912,0.01,5604,1681200,-0.2852820199999999,300.0,16411,0.0001,0.011991707608103752
1842,913,0.01,5608,1682400,-0.5044885499999998,300.0,16423,0.0001,0.006912268698215485
1843,913,0.01,5612,1683600,-0.93176953,300.0,16435,0.0001,0.026445621624588966
1844,913,0.01,5616,1684800,-0.7151087700000001,300.0,16447,0.0001,0.007245576940476894
1845,913,0.01,5620,1686000,-1.3083921900000002,300.0,16459,0.0001,0.009502994827926159
1846,913,0.01,5624,1687200,-1.17861633,300.0,16471,0.0001,0.007151651196181774
1846,914,0.01,5628,1688400,-0.8574243500000002,300.0,16483,0.0001,0.012294186279177666
1847,914,0.01,5632,1689600,-1.30394499,300.0,16495,0.0001,0.005439147353172302
1848,914,0.01,5636,1690800,-1.2467039299999998,300.0,16507,0.0001,0.007209806703031063
1849,914,0.01,5640,1692000,-0.6289254400000002,300.0,16519,0.0001,0.009845727123320103
1850,914,0.01,5644,1693200,-0.6842595900000003,300.0,16531,0.0001,0.007710910402238369
1851,915,0.01,5648,1694400,-0.6517076300000002,300.0,16543,0.0001,0.0444643497467041
1852,915,0.01,5652,1695600,-0.5136541300000003,300.0,16555,0.0001,0.008386516943573952
1853,915,0.01,5656,1696800,-0.14470159000000027,300.0,16567,0.0001,0.007158661261200905
1854,915,0.01,5660,1698000,-1.0458126,300.0,16579,0.0001,0.005351678468286991
1855,915,0.01,5664,1699200,-1.19689771,300.0,16591,0.0001,0.014009559527039528
1915,887,0.01,5668,1700400,-1.3525676000000002,300.0,16603,0.0001,0.01114534679800272
1915,888,0.01,5672,1701600,-1.1812710300000002,300.0,16615,0.0001,0.01791873574256897
1916,888,0.01,5676,1702800,-1.3128307700000001,300.0,16627,0.0001,0.012883945368230343
1917,888,0.01,5680,1704000,-1.5498576800000001,300.0,16639,0.0001,0.011067215353250504
1918,889,0.01,5684,1705200,-1.6175112100000004,300.0,16651,0.0001,0.005128800868988037
1918,889,0.01,5688,1706400,-1.5016174900000003,300.0,16663,0.0001,0.005690803285688162
1919,889,0.01,5692,1707600,-1.0166382900000002,300.0,16675,0.0001,0.011217087507247925
1920,889,0.01,5696,1708800,-0.5675661000000001,300.0,16687,0.0001,0.0072159902192652225
1921,890,0.01,5700,1710000,-0.44256089999999987,300.0,16699,0.0001,0.007218843325972557
1921,890,0.01,5704,1711200,0.02881178999999996,300.0,16711,0.0001,0.0039356779307127
1922,890,0.01,5708,1712400,0.3240374499999997,300.0,16723,0.0001,0.006214677821844816
1923,890,0.01,5712,1713600,0.19072222999999958,300.0,16735,0.0001,0.014466598629951477
1924,891,0.01,5716,1714800,0.3743373099999996,300.0,16747,0.0001,0.008004840463399887
1925,891,0.01,5720,1716000,0.8918569699999997,300.0,16759,0.0001,0.017501868307590485
1925,891,0.01,5724,1717200,0.3129184599999999,300.0,16771,0.0001,0.009242286905646324
1926,891,0.01,5728,1718400,0.17853345000000004,300.0,16783,0.0001,0.02214299514889717
1927,892,0.01,5732,1719600,0.5217869,300.0,16795,0.0001,0.006602216977626085
1928,892,0.01,5736,1720800,0.3684566999999999,300.0,16807,0.0001,0.009409191086888313
1928,892,0.01,5740,1722000,0.04616769999999978,300.0,16819,0.0001,0.0114890206605196
1929,893,0.01,5744,1723200,-0.06071570000000012,300.0,16831,0.0001,0.02084391936659813
1930,893,0.01,5748,1724400,-0.30935341000000016,300.0,16843,0.0001,0.006643030326813459
1931,893,0.01,5752,1725600,-0.4265425700000003,300.0,16855,0.0001,0.006361459381878376
1932,893,0.01,5756,1726800,-1.0478724700000002,300.0,16867,0.0001,0.024150993674993515
1933,893,0.01,5760,1728000,-0.6319473900000001,300.0,16879,0.0001,0.006194352637976408
1934,894,0.01,5764,1729200,-0.4772958800000001,300.0,16891,0.0001,0.0123450867831707
1934,894,0.01,5768,1730400,-0.4930957000000001,300.0,16903,0.0001,0.008717586286365986
1935,894,0.01,5772,1731600,-0.9417074399999998,300.0,16915,0.0001,0.011916741728782654
1936,894,0.01,5776,1732800,-0.37193489,300.0,16927,0.0001,0.009649761021137238
1937,895,0.01,5780,1734000,-0.57871987,300.0,16939,0.0001,0.01221670676022768
1938,895,0.01,5784,1735200,-0.026172739999999913,300.0,16951,0.0001,0.01637651026248932
1938,895,0.01,5788,1736400,0.0992392800000001,300.0,16963,0.0001,0.016038157045841217
1939,895,0.01,5792,1737600,-0.68051993,300.0,16975,0.0001,0.00626349076628685
1940,896,0.01,5796,1738800,-1.28458763,300.0,16987,0.0001,0.007553679868578911
1941,896,0.01,5800,1740000,-0.73594299,300.0,16999,0.0001,0.007202396169304848
1942,896,0.01,5804,1741200,-1.12623835,300.0,17011,0.0001,0.011081242002546787
1943,896,0.01,5808,1742400,-1.72092807,300.0,17023,0.0001,0.009662584401667118
1944,896,0.01,5812,1743600,-1.6218938599999995,300.0,17035,0.0001,0.008336029946804047
1944,897,0.01,5816,1744800,-1.90489282,300.0,17047,0.0001,0.022968532517552376
1945,897,0.01,5820,1746000,-2.1619701800000004,300.0,17059,0.0001,0.03216060996055603
1946,897,0.01,5824,1747200,-1.46063568,300.0,17071,0.0001,0.013090334832668304
1947,897,0.01,5828,1748400,-1.75343308,300.0,17083,0.0001,0.00393718434497714
1948,897,0.01,5832,1749600,-1.6722234000000002,300.0,17095,0.0001,0.03369826078414917
1949,898,0.01,5836,1750800,-2.770409280000001,300.0,17107,0.0001,0.005654853768646717
1950,898,0.01,5840,1752000,-3.0988281799999995,300.0,17119,0.0001,0.030224421992897987
1951,898,0.01,5844,1753200,-2.9882623,300.0,17131,0.0001,0.005605193320661783
1952,898,0.01,5848,1754400,-3.2207388599999995,300.0,17143,0.0001,0.01153592113405466
1953,898,0.01,5852,1755600,-3.21698293,300.0,17155,0.0001,0.025250479578971863
1954,898,0.01,5856,1756800,-2.5994194500000005,300.0,17167,0.0001,0.009474593214690685
1954,899,0.01,5860,1758000,-2.3909446600000006,300.0,17179,0.0001,0.008980980142951012
1955,899,0.01,5864,1759200,-2.3074811799999995,300.0,17191,0.0001,0.024015352129936218
1956,899,0.01,5868,1760400,-2.3021303,300.0,17203,0.0001,0.04447343200445175
1957,899,0.01,5872,1761600,-2.4632096699999995,300.0,17215,0.0001,0.015349829569458961
1958,900,0.01,5876,1762800,-2.9874529899999986,300.0,17227,0.0001,0.007367388810962439
1958,900,0.01,5880,1764000,-2.65303729,300.0,17239,0.0001,0.00502647552639246
1959,900,0.01,5884,1765200,-2.852354739999999,300.0,17251,0.0001,0.014360735192894936
1960,900,0.01,5888,1766400,-2.8307518299999996,300.0,17263,0.0001,0.009351670742034912
1961,901,0.01,5892,1767600,-2.41539285,300.0,17275,0.0001,0.006352490745484829
1963,901,0.01,5896,1768800,-2.06030627,300.0,17287,0.0001,0.010487590916454792
1963,901,0.01,5900,1770000,-2.8070241199999995,300.0,17299,0.0001,0.02719821222126484
1964,901,0.01,5904,1771200,-3.082811309999999,300.0,17311,0.0001,0.004269642289727926
1965,901,0.01,5908,1772400,-2.3844249299999998,300.0,17323,0.0001,0.008444860577583313
1966,901,0.01,5912,1773600,-2.1476184399999996,300.0,17335,0.0001,0.023355700075626373
1967,902,0.01,5916,1774800,-1.8688696299999998,300.0,17347,0.0001,0.007468875497579575
1968,902,0.01,5920,1776000,-1.6249273899999996,300.0,17359,0.0001,0.006587025709450245
1969,902,0.01,5924,1777200,-2.06044538,300.0,17371,0.0001,0.009623599238693714
1969,902,0.01,5928,1778400,-1.75602878,300.0,17383,0.0001,0.03743710741400719
1970,902,0.01,5932,1779600,-1.9178867899999998,300.0,17395,0.0001,0.0070794750936329365
1972,902,0.01,5936,1780800,-0.8309237999999998,300.0,17407,0.0001,0.018737200647592545
1973,903,0.01,5940,1782000,-0.7159758099999999,300.0,17419,0.0001,0.009547846391797066
1974,903,0.01,5944,1783200,-0.3921821099999998,300.0,17431,0.0001,0.00692320242524147
1974,903,0.01,5948,1784400,0.1911501900000001,300.0,17443,0.0001,0.007539554964751005
1975,903,0.01,5952,1785600,0.5517790000000001,300.0,17455,0.0001,0.008411743678152561
1976,904,0.01,5956,1786800,0.55778255,300.0,17467,0.0001,0.009322719648480415
1977,904,0.01,5960,1788000,0.6912379800000003,300.0,17479,0.0001,0.009947847574949265
1978,904,0.01,5964,1789200,0.6836556300000004,300.0,17491,0.0001,0.012787398882210255
1978,904,0.01,5968,1790400,0.9319388800000001,300.0,17503,0.0001,0.005509545095264912
1979,904,0.01,5972,1791600,1.12771507,300.0,17515,0.0001,0.00852715689688921
1980,905,0.01,5976,1792800,1.0162033099999999,300.0,17527,0.0001,0.03480704128742218
1981,905,0.01,5980,1794000,1.48362291,300.0,17539,0.0001,0.0064078159630298615
1982,905,0.01,5984,1795200,1.18461398,300.0,17551,0.0001,0.02570752613246441
1982,905,0.01,5988,1796400,0.6694054400000001,300.0,17563,0.0001,0.007056825328618288
1983,906,0.01,5992,1797600,0.5772740100000001,300.0,17575,0.0001,0.005738547071814537
1984,906,0.01,5996,1798800,0.9023659699999999,300.0,17587,0.0001,0.02116057090461254
2047,878,0.01,6000,1800000,1.8955311200000005,300.0,17599,0.0001,0.02157869003713131
2049,878,0.01,6004,1801200,2.0682688600000003,300.0,17611,0.0001,0.01096104085445404
2049,879,0.01,6008,1802400,1.6921090000000003,300.0,17623,0.0001,0.034390274435281754
2050,879,0.01,6012,1803600,1.56093626,300.0,17635,0.0001,0.020540164783596992
2051,879,0.01,6016,1804800,1.4620476500000004,300.0,17647,0.0001,0.008955772034823895
2052,879,0.01,6020,1806000,1.4264169100000001,300.0,17659,0.0001,0.011335429735481739
2053,880,0.01,6024,1807200,1.8273738800000001,300.0,17671,0.0001,0.008213370107114315
2054,880,0.01,6028,1808400,2.046752020000001,300.0,17683,0.0001,0.004511247854679823
2054,880,0.01,6032,1809600,1.92765986,300.0,17695,0.0001,0.005713257472962141
2055,880,0.01,6036,1810800,1.90164823,300.0,17707,0.0001,0.008187774568796158
2056,881,0.01,6040,1812000,2.08443307,300.0,17719,0.0001,0.005852140951901674
2057,881,0.01,6044,1813200,2.0317961199999997,300.0,17731,0.0001,0.010107001289725304
2058,881,0.01,6048,1814400,1.6300455500000002,300.0,17743,0.0001,0.0078076934441924095
2058,881,0.01,6052,1815600,1.3851398799999999,300.0,17755,0.0001,0.007391104009002447
2059,882,0.01,6056,1816800,0.9186133399999998,300.0,17767,0.0001,0.021580800414085388
2060,882,0.01,6060,1818000,0.6313047900000001,300.0,17779,0.0001,0.010400991886854172
2061,882,0.01,6064,1819200,0.7474601600000002,300.0,17791,0.0001,0.00464557483792305
2062,882,0.01,6068,1820400,0.4889757300000001,300.0,17803,0.0001,0.007809112314134836
2063,882,0.01,6072,1821600,0.4193083299999998,300.0,17815,0.0001,0.02102486789226532
2064,882,0.01,6076,1822800,0.2520578999999998,300.0,17827,0.0001,0.014720439910888672
2065,883,0.01,6080,1824000,-0.5554195500000002,300.0,17839,0.0001,0.007564714178442955
2066,883,0.01,6084,1825200,-0.9888611500000001,300.0,17851,0.0001,0.006821166258305311
2066,883,0.01,6088,1826400,-0.39374187,300.0,17863,0.0001,0.004360058810561895
2067,883,0.01,6092,1827600,-0.5046014400000001,300.0,17875,0.0001,0.020153656601905823
2068,884,0.01,6096,1828800,-0.8731242699999997,300.0,17887,0.0001,0.0174789410084486
2069,884,0.01,6100,1830000,-1.6158507999999998,300.0,17899,0.0001,0.003972695674747229
2070,884,0.01,6104,1831200,-1.9288337700000002,300.0,17911,0.0001,0.005543753504753113
2070,884,0.01,6108,1832400,-1.7357603000000004,300.0,17923,0.0001,0.008363325148820877
2071,885,0.01,6112,1833600,-2.04474918,300.0,17935,0.0001,0.007594918832182884
2072,885,0.01,6116,1834800,-2.5183472100000004,300.0,17947,0.0001,0.010102317668497562
2073,885,0.01,6120,1836000,-3.0340692300000005,300.0,17959,0.0001,0.00762811116874218
2074,885,0.01,6124,1837200,-3.1710231400000004,300.0,17971,0.0001,0.005572331603616476
2074,886,0.01,6128,1838400,-3.1203752500000004,300.0,17983,0.0001,0.0068314350210130215
2075,886,0.01,6132,1839600,-2.48334155,300.0,17995,0.0001,0.016207776963710785
2076,886,0.01,6136,1840800,-2.4825190199999994,300.0,18007,0.0001,0.02492518536746502
2076,886,0.01,6140,1842000,-1.9580743700000003,300.0,18019,0.0001,0.008482631295919418
2077,887,0.01,6144,1843200,-1.7322963200000001,300.0,18031,0.0001,0.007340649142861366
2078,887,0.01,6148,1844400,-1.44675255,300.0,18043,0.0001,0.010149609297513962
2079,887,0.01,6152,1845600,-1.56371754,300.0,18055,0.0001,0.008103685453534126
2080,887,0.01,6156,1846800,-1.43154883,300.0,18067,0.0001,0.010868671350181103
2081,887,0.01,6160,1848000,-1.06947242,300.0,18079,0.0001,0.0038034236058592796
2082,888,0.01,6164,1849200,-0.7841935299999997,300.0,18091,0.0001,0.017689740285277367
2082,888,0.01,6168,1850400,-0.57775431,300.0,18103,0.0001,0.005607808940112591
2083,888,0.01,6172,1851600,-0.2400744799999999,300.0,18115,0.0001,0.01037316583096981
2084,888,0.01,6176,1852800,-0.15325332000000008,300.0,18127,0.0001,0.013042939826846123
2085,888,0.01,6180,1854000,0.36079925,300.0,18139,0.0001,0.009358313865959644
2086,889,0.01,6184,1855200,0.73250022,300.0,18151,0.0001,0.003912054467946291
2087,889,0.01,6188,1856400,0.41453117000000006,300.0,18163,0.0001,0.005334610119462013
2088,889,0.01,6192,1857600,0.65892616,300.0,18175,0.0001,0.0045723263174295425
2089,889,0.01,6196,1858800,0.88483572,300.0,18187,0.0001,0.006249208934605122
2089,889,0.01,6200,1860000,1.2803752099999999,300.0,18199,0.0001,0.014273707754909992
2091,890,0.01,6204,1861200,1.6876293300000003,300.0,18211,0.0001,0.005340883042663336
2091,890,0.01,6208,1862400,2.3653402700000004,300.0,18223,0.0001,0.008597269654273987
2092,890,0.01,6212,1863600,2.7300793500000005,300.0,18235,0.0001,0.0182400643825531
2093,890,0.01,6216,1864800,3.48635818,300.0,18247,0.0001,0.008550461381673813
2094,890,0.01,6220,1866000,4.41800781,300.0,18259,0.0001,0.015089625492691994
2095,891,0.01,6224,1867200,4.18703749,300.0,18271,0.0001,0.010836089961230755
2096,891,0.01,6228,1868400,4.171605120000001,300.0,18283,0.0001,0.007560218684375286
2097,891,0.01,6232,1869600,3.7480715699999996,300.0,18295,0.0001,0.00615632114931941
2097,891,0.01,6236,1870800,3.8098712299999993,300.0,18307,0.0001,0.004309265874326229
2098,892,0.01,6240,1872000,3.4799175200000003,300.0,18319,0.0001,0.005489102564752102
2099,892,0.01,6244,1873200,3.3142607199999996,300.0,18331,0.0001,0.006289898417890072
2100,892,0.01,6248,1874400,3.2259227599999996,300.0,18343,0.0001,0.01079501025378704
2101,892,0.01,6252,1875600,3.59232212,300.0,18355,0.0001,0.010355006903409958
2102,892,0.01,6256,1876800,3.37373728,300.0,18367,0.0001,0.017466474324464798
2102,893,0.01,6260,1878000,3.00622446,300.0,18379,0.0001,0.008853930979967117
2103,893,0.01,6264,1879200,2.79659256,300.0,18391,0.0001,0.01187773048877716
2104,893,0.01,6268,1880400,2.4060094899999993,300.0,18403,0.0001,0.006160286255180836
2105,893,0.01,6272,1881600,2.27457539,300.0,18415,0.0001,0.014200624078512192
2106,893,0.01,6276,1882800,2.6713766199999993,300.0,18427,0.0001,0.013837521895766258
2107,894,0.01,6280,1884000,2.47654512,300.0,18439,0.0001,0.004443091340363026
2107,894,0.01,6284,1885200,2.39884638,300.0,18451,0.0001,0.009885387495160103
2108,894,0.01,6288,1886400,2.2790332899999997,300.0,18463,0.0001,0.03749239817261696
2109,894,0.01,6292,1887600,2.07860035,300.0,18475,0.0001,0.005659888498485088
2110,895,0.01,6296,1888800,2.1577056100000003,300.0,18487,0.0001,0.020579855889081955
2110,895,0.01,6300,1890000,1.9420201,300.0,18499,0.0001,0.01032019779086113
2111,895,0.01,6304,1891200,1.9703197000000001,300.0,18511,0.0001,0.006785556208342314
2112,895,0.01,6308,1892400,1.2270590799999999,300.0,18523,0.0001,0.014034976251423359
2113,895,0.01,6312,1893600,1.1284250299999998,300.0,18535,0.0001,0.00805782899260521
2114,896,0.01,6316,1894800,0.5607086599999997,300.0,18547,0.0001,0.011042339727282524
2115,896,0.01,6320,1896000,-0.12503862000000013,300.0,18559,0.0001,0.007598362863063812
2116,896,0.01,6324,1897200,0.3027078199999999,300.0,18571,0.0001,0.008523027412593365
2116,896,0.01,6328,1898400,-0.07288436999999996,300.0,18583,0.0001,0.008314045146107674
2117,896,0.01,6332,1899600,-0.24879734999999992,300.0,18595,0.0001,0.01616770401597023
2179,871,0.01,6336,1900800,-0.06611616000000009,300.0,18607,0.0001,0.007727890275418758
2180,872,0.01,6340,1902000,-0.23277112000000005,300.0,18619,0.0001,0.008477868512272835
2181,872,0.01,6344,1903200,-0.32320043000000015,300.0,18631,0.0001,0.009838957339525223
2182,872,0.01,6348,1904400,-0.47239193000000024,300.0,18643,0.0001,0.016548778861761093
2183,872,0.01,6352,1905600,-0.8415688700000002,300.0,18655,0.0001,0.006545776501297951
2183,873,0.01,6356,1906800,-0.3702250600000002,300.0,18667,0.0001,0.019671037793159485
2184,873,0.01,6360,1908000,-0.23397836000000005,300.0,18679,0.0001,0.0170894805341959
2185,873,0.01,6364,1909200,-0.6315717000000001,300.0,18691,0.0001,0.019126862287521362
2186,873,0.01,6368,1910400,-0.34869454000000005,300.0,18703,0.0001,0.008597598411142826
2186,874,0.01,6372,1911600,-0.5084257900000001,300.0,18715,0.0001,0.01288379356265068
2187,874,0.01,6376,1912800,-0.8695695200000002,300.0,18727,0.0001,0.00807165913283825
2188,874,0.01,6380,1914000,-1.00720421,300.0,18739,0.0001,0.012273453176021576
2189,874,0.01,6384,1915200,-1.20255384,300.0,18751,0.0001,0.02706192433834076
2190,875,0.01,6388,1916400,-0.8619372300000001,300.0,18763,0.0001,0.019026068970561028
2190,875,0.01,6392,1917600,-1.1499024100000002,300.0,18775,0.0001,0.010544913820922375
2191,875,0.01,6396,1918800,-1.3706437899999997,300.0,18787,0.0001,0.0178501196205616
2192,875,0.01,6400,1920000,-1.2343883100000006,300.0,18799,0.0001,0.00792787130922079
2193,875,0.01,6404,1921200,-1.22084239,300.0,18811,0.0001,0.008111512288451195
2194,876,0.01,6408,1922400,-1.1281585399999998,300.0,18823,0.0001,0.008006682619452477
2195,876,0.01,6412,1923600,-1.2454172300000002,300.0,18835,0.0001,0.030510127544403076
2196,876,0.01,6416,1924800,-1.2517617900000002,300.0,18847,0.0001,0.008196534588932991
2196,876,0.01,6420,1926000,-1.2120598300000003,300.0,18859,0.0001,0.014125490561127663
2197,876,0.01,6424,1927200,-1.7263710700000001,300.0,18871,0.0001,0.00615621916949749
2198,877,0.01,6428,1928400,-1.5092049200000002,300.0,18883,0.0001,0.005729704163968563
2199,877,0.01,6432,1929600,-0.8552751600000001,300.0,18895,0.0001,0.011698652990162373
2200,877,0.01,6436,1930800,-1.1665317000000004,300.0,18907,0.0001,0.009051254950463772
2201,877,0.01,6440,1932000,-1.0795987800000004,300.0,18919,0.0001,0.026840273290872574
2202,877,0.01,6444,1933200,-1.25173481,300.0,18931,0.0001,0.008543416857719421
2203,878,0.01,6448,1934400,-1.15718208,300.0,18943,0.0001,0.0071336934342980385
2203,878,0.01,6452,1935600,-1.2667640600000003,300.0,18955,0.0001,0.008647735230624676
2204,878,0.01,6456,1936800,-1.2369516,300.0,18967,0.0001,0.013266077265143394
2205,878,0.01,6460,1938000,-1.3409126099999997,300.0,18979,0.0001,0.007714897859841585
2206,878,0.01,6464,1939200,-0.9492254299999999,300.0,18991,0.0001,0.010982140898704529
2207,879,0.01,6468,1940400,-0.46797909000000004,300.0,19003,0.0001,0.015195073559880257
2208,879,0.01,6472,1941600,-0.2673927400000002,300.0,19015,0.0001,0.009969673119485378
2208,879,0.01,6476,1942800,-0.4564836600000001,300.0,19027,0.0001,0.004643484018743038
2209,879,0.01,6480,1944000,-0.3269378300000001,300.0,19039,0.0001,0.009154001250863075
2210,880,0.01,6484,1945200,-0.1298080700000001,300.0,19051,0.0001,0.0178146380931139
2211,880,0.01,6488,1946400,-0.16961486000000003,300.0,19063,0.0001,0.011220011860132217
2212,880,0.01,6492,1947600,0.23435687999999988,300.0,19075,0.0001,0.021625131368637085
2213,880,0.01,6496,1948800,0.5701862999999999,300.0,19087,0.0001,0.03014299087226391
2214,880,0.01,6500,1950000,0.4622841099999999,300.0,19099,0.0001,0.009439030662178993
2214,880,0.01,6504,1951200,0.27424337000000004,300.0,19111,0.0001,0.006162048317492008
2215,881,0.01,6508,1952400,0.2121455699999999,300.0,19123,0.0001,0.010097885504364967
2216,881,0.01,6512,1953600,0.24178068999999983,300.0,19135,0.0001,0.007655031979084015
2217,881,0.01,6516,1954800,0.3205112599999999,300.0,19147,0.0001,0.0036403504200279713
2218,881,0.01,6520,1956000,0.32590217999999993,300.0,19159,0.0001,0.0103219635784626
2218,882,0.01,6524,1957200,0.8742919699999995,300.0,19171,0.0001,0.005582006648182869
2219,882,0.01,6528,1958400,0.7293677899999996,300.0,19183,0.0001,0.013080883771181107
2220,882,0.01,6532,1959600,0.25533664999999983,300.0,19195,0.0001,0.010245054960250854
2221,882,0.01,6536,1960800,0.11362213999999991,300.0,19207,0.0001,0.024141311645507812
2222,882,0.01,6540,1962000,0.12919641000000004,300.0,19219,0.0001,0.005559885874390602
2223,883,0.01,6544,1963200,0.5664361200000001,300.0,19231,0.0001,0.013112684711813927
2223,883,0.01,6548,1964400,0.5442609399999999,300.0,19243,0.0001,0.01248788833618164
2224,883,0.01,6552,1965600,0.6014082999999998,300.0,19255,0.0001,0.017257101833820343
2225,883,0.01,6556,1966800,0.60644223,300.0,19267,0.0001,0.011937561444938183
2226,884,0.01,6560,1968000,0.86593704,300.0,19279,0.0001,0.0068795643746852875
2226,884,0.01,6564,1969200,0.6117780099999999,300.0,19291,0.0001,0.03503730893135071
2227,884,0.01,6568,1970400,-0.13030522000000005,300.0,19303,0.0001,0.017251765355467796
2228,884,0.01,6572,1971600,-0.5924284,300.0,19315,0.0001,0.010353479534387589
2228,885,0.01,6576,1972800,-0.21075347000000005,300.0,19327,0.0001,0.012450670823454857
2229,885,0.01,6580,1974000,0.11790899000000003,300.0,19339,0.0001,0.006855600513517857
2230,885,0.01,6584,1975200,0.19333831000000015,300.0,19351,0.0001,0.015299057587981224
2231,885,0.01,6588,1976400,0.2929064500000002,300.0,19363,0.0001,0.005483680870383978
2232,885,0.01,6592,1977600,-0.05814508999999987,300.0,19375,0.0001,0.010245496407151222
2233,886,0.01,6596,1978800,-0.40057170000000014,300.0,19387,0.0001,0.030790850520133972
2233,886,0.01,6600,1980000,-0.5357592600000001,300.0,19399,0.0001,0.00799837987869978
2234,886,0.01,6604,1981200,-0.55222513,300.0,19411,0.0001,0.009999132715165615
2235,886,0.01,6608,1982400,-0.4125917399999997,300.0,19423,0.0001,0.0065736062824726105
2236,887,0.01,6612,1983600,-0.42607798999999974,300.0,19435,0.0001,0.007576115429401398
2237,887,0.01,6616,1984800,-0.12175055999999991,300.0,19447,0.0001,0.008037224411964417
2238,887,0.01,6620,1986000,-0.05539966,300.0,19459,0.0001,0.029199782758951187
2238,887,0.01,6624,1987200,-0.29321544,300.0,19471,0.0001,0.008382155559957027
2239,887,0.01,6628,1988400,-0.1754256399999999,300.0,19483,0.0001,0.008446845225989819
2240,888,0.01,6632,1989600,-0.3146066399999998,300.0,19495,0.0001,0.009003194980323315
2241,888,0.01,6636,1990800,-0.26877166999999985,300.0,19507,0.0001,0.016714416444301605
2242,888,0.01,6640,1992000,-0.4230256899999999,300.0,19519,0.0001,0.009273948147892952
2243,888,0.01,6644,1993200,-0.5982770000000004,300.0,19531,0.0001,0.012873322702944279
2244,888,0.01,6648,1994400,-0.7803278500000002,300.0,19543,0.0001,0.00772286020219326
2244,888,0.01,6652,1995600,-0.6063247599999998,300.0,19555,0.0001,0.02325846254825592
2245,889,0.01,6656,1996800,-0.8364418600000002,300.0,19567,0.0001,0.012474841438233852
2246,889,0.01,6660,1998000,-1.3066355499999998,300.0,19579,0.0001,0.00748335849493742
2247,889,0.01,6664,1999200,-1.4431165399999997,300.0,19591,0.0001,0.003871819470077753
