rollout/exploration_rate,time/total_timesteps,rollout/ep_rew_mean,time/time_elapsed,rollout/ep_len_mean,time/episodes,time/fps,train/n_updates,train/learning_rate,train/loss
0.9977584905660376,1200,-1.1196637500000002,3,300.0,4,324,,,
0.9955169811320755,2400,-1.9253369999999999,4,300.0,8,588,,,
0.9932754716981131,3600,-1.3314754166666665,4,300.0,12,809,,,
0.9910339622641511,4800,-1.2170123125,4,300.0,16,989,,,
0.9887924528301887,6000,-0.9173802999999999,5,300.0,20,1150,,,
0.9865509433962263,7200,-0.4104809583333333,5,300.0,24,1290,,,
0.9843094339622642,8400,0.31065692857142857,5,300.0,28,1412,,,
0.9820679245283018,9600,0.23561262500000005,6,300.0,32,1510,,,
0.9798264150943398,10800,0.3697340277777778,6,300.0,36,1606,,,
0.9775849056603774,12000,0.6375516750000001,7,300.0,40,1690,,,
0.9753433962264149,13200,0.39664715909090914,7,300.0,44,1754,,,
0.9731018867924529,14400,0.3394628958333334,7,300.0,48,1821,,,
0.9708603773584905,15600,0.07966509615384619,8,300.0,52,1884,,,
0.9686188679245284,16800,0.05757817857142859,8,300.0,56,1942,,,
0.966377358490566,18000,0.10878788333333335,9,300.0,60,1995,,,
0.9641358490566035,19200,0.19456521875000005,9,300.0,64,2046,,,
0.9618943396226416,20400,0.20821894117647066,9,300.0,68,2095,,,
0.9596528301886791,21600,0.17119756944444445,10,300.0,72,2138,,,
0.9574113207547171,22800,0.10948575000000002,10,300.0,76,2175,,,
0.9551698113207547,24000,0.08209446250000005,10,300.0,80,2213,,,
0.9529283018867927,25200,0.1257986428571429,11,300.0,84,2248,,,
0.9506867924528303,26400,0.019435329545454582,11,300.0,88,2280,,,
0.9484452830188678,27600,-0.028776847826086926,11,300.0,92,2312,,,
0.9462037735849058,28800,-0.10057659374999994,12,300.0,96,2339,,,
0.9439622641509433,30000,-0.12200183999999997,12,300.0,100,2363,,,
0.9417207547169814,31200,-0.04945671999999997,13,300.0,104,2389,,,
0.9394792452830188,32400,0.05695824999999997,13,300.0,108,2414,,,
0.9372377358490565,33600,0.09382714999999997,13,300.0,112,2439,,,
0.9349962264150945,34800,0.21844306999999993,14,300.0,116,2462,,,
0.932754716981132,36000,0.2538587799999999,14,300.0,120,2484,,,
0.93051320754717,37200,0.15836774999999995,14,300.0,124,2497,,,
0.9282716981132075,38400,-0.010986710000000009,15,300.0,128,2515,,,
0.9260301886792451,39600,0.08482397999999997,15,300.0,132,2534,,,
0.9237886792452831,40800,0.012699709999999911,16,300.0,136,2536,7,0.0001,0.03448612242937088
0.9215471698113207,42000,-0.14050945000000006,16,300.0,140,2540,19,0.0001,0.03163393586874008
0.9193056603773587,43200,0.04090262000000001,16,300.0,144,2546,31,0.0001,0.03048110194504261
0.9170641509433962,44400,0.09602048,17,300.0,148,2553,43,0.0001,0.026343151926994324
0.9148226415094338,45600,0.27735642000000005,17,300.0,152,2545,55,0.0001,0.02486151084303856
0.9125811320754718,46800,0.27702567000000006,18,300.0,156,2551,67,0.0001,0.022438064217567444
0.9103396226415094,48000,0.2702172,18,300.0,160,2556,79,0.0001,0.02177942916750908
0.9080981132075473,49200,0.18789312999999996,19,300.0,164,2564,91,0.0001,0.019999533891677856
0.9058566037735849,50400,0.09083664000000007,19,300.0,168,2571,103,0.0001,0.018368840217590332
0.9036150943396225,51600,0.13379868000000006,20,300.0,172,2578,115,0.0001,0.01631726697087288
0.9013735849056604,52800,0.09373979,20,300.0,176,2585,127,0.0001,0.014156416058540344
0.899132075471698,54000,0.10336713999999997,20,300.0,180,2592,139,0.0001,0.012483887374401093
0.896890566037736,55200,0.02473781000000004,21,300.0,184,2595,151,0.0001,0.011491047218441963
0.8946490566037736,56400,0.01743991000000003,21,300.0,188,2602,163,0.0001,0.009332899004220963
0.8924075471698112,57600,-0.023634629999999948,22,300.0,192,2605,175,0.0001,0.006523221731185913
0.8901660377358491,58800,-0.004441189999999946,22,300.0,196,2611,187,0.0001,0.004395395517349243
0.8879245283018867,60000,0.052976360000000014,22,300.0,200,2615,199,0.0001,0.003073108848184347
0.8856830188679247,61200,0.09545451000000003,23,300.0,204,2619,211,0.0001,0.0025916839949786663
0.8834415094339623,62400,0.07349423000000009,23,300.0,208,2623,223,0.0001,0.0020158004481345415
0.8811999999999998,63600,0.026995650000000055,24,300.0,212,2629,235,0.0001,0.00209617568179965
0.8789584905660378,64800,-0.025366779999999985,24,300.0,216,2630,247,0.0001,0.0021822198759764433
0.8767169811320754,66000,0.01863348000000003,25,300.0,220,2632,259,0.0001,0.0021507409401237965
0.8744754716981133,67200,-0.06973238999999998,25,300.0,224,2634,271,0.0001,0.0025383864995092154
0.872233962264151,68400,-0.08284022000000002,25,300.0,228,2637,283,0.0001,0.002573152771219611
0.8699924528301889,69600,-0.058922539999999995,26,300.0,232,2638,295,0.0001,0.0030541373416781425
0.8677509433962265,70800,-0.03324623999999996,26,300.0,236,2642,307,0.0001,0.003008452244102955
0.865509433962264,72000,-0.049119579999999975,27,300.0,240,2645,319,0.0001,0.0036302730441093445
0.863267924528302,73200,-0.28461152999999995,27,300.0,244,2646,331,0.0001,0.004394068382680416
0.8610264150943396,74400,-0.3007969,28,300.0,248,2648,343,0.0001,0.0038688918575644493
0.8587849056603771,75600,-0.32084976,28,300.0,252,2651,355,0.0001,0.0038168311584740877
0.8565433962264152,76800,-0.29370810999999997,28,300.0,256,2654,367,0.0001,0.004230314865708351
0.8543018867924528,78000,-0.3293637199999999,29,300.0,260,2657,379,0.0001,0.0047678458504378796
0.8520603773584907,79200,-0.26815207999999996,29,300.0,264,2660,391,0.0001,0.0050602019764482975
0.8498188679245282,80400,-0.14613490999999995,30,300.0,268,2663,403,0.0001,0.004605073016136885
0.8475773584905663,81600,-0.09511934999999994,30,300.0,272,2666,415,0.0001,0.004808368626981974
0.8453358490566039,82800,-0.15704599,31,300.0,276,2669,427,0.0001,0.004925491288304329
0.8430943396226414,84000,-0.13365185999999996,31,300.0,280,2671,439,0.0001,0.0050560785457491875
0.8408528301886794,85200,-0.08255618999999995,31,300.0,284,2673,451,0.0001,0.006685186643153429
0.8386113207547169,86400,-0.035490770000000026,32,300.0,288,2675,463,0.0001,0.0061650448478758335
0.8363698113207549,87600,0.03291217999999997,32,300.0,292,2677,475,0.0001,0.005779047030955553
0.8341283018867924,88800,0.02300662999999998,33,300.0,296,2679,487,0.0001,0.005785786081105471
0.83188679245283,90000,-0.004342720000000018,33,300.0,300,2682,499,0.0001,0.008211163803935051
0.8296452830188681,91200,-0.033408510000000016,33,300.0,304,2683,511,0.0001,0.006519441492855549
0.8274037735849056,92400,0.010806539999999974,34,300.0,308,2685,523,0.0001,0.006841583643108606
0.8251622641509436,93600,0.10709917999999995,34,300.0,312,2684,535,0.0001,0.007272288668900728
0.8229207547169811,94800,0.04233463999999997,35,300.0,316,2686,547,0.0001,0.006921524181962013
0.8206792452830187,96000,-0.03173360999999999,35,300.0,320,2686,559,0.0001,0.006762833334505558
0.8184377358490567,97200,0.12539868999999998,36,300.0,324,2687,571,0.0001,0.006881369277834892
0.8161962264150943,98400,0.07510872999999993,36,300.0,328,2688,583,0.0001,0.008126641623675823
0.8139547169811323,99600,-0.012199140000000053,37,300.0,332,2690,595,0.0001,0.007264947053045034
0.8117132075471698,100800,0.010478459999999981,79,300.0,336,1272,607,0.0001,0.0074736932292580605
0.8094716981132074,102000,0.06923933000000002,79,300.0,340,1280,619,0.0001,0.010106749832630157
0.8072301886792453,103200,0.2143017099999999,80,300.0,344,1288,631,0.0001,0.008616218343377113
0.804988679245283,104400,0.15795263999999992,80,300.0,348,1296,643,0.0001,0.009510788135230541
0.8027471698113209,105600,0.14322935999999994,80,300.0,352,1304,655,0.0001,0.007952090352773666
0.8005056603773585,106800,0.01577806999999993,81,300.0,356,1312,667,0.0001,0.007068097125738859
0.7982641509433961,108000,-0.02955717000000008,81,300.0,360,1319,679,0.0001,0.007070479914546013
0.796022641509434,109200,-0.12315150000000007,82,300.0,364,1327,691,0.0001,0.010592995211482048
0.7937811320754716,110400,-0.07451997000000009,82,300.0,368,1334,703,0.0001,0.008297937922179699
0.7915396226415096,111600,-0.054067680000000104,83,300.0,372,1342,715,0.0001,0.008764700964093208
0.7892981132075472,112800,0.14697552999999994,83,300.0,376,1349,727,0.0001,0.008431711234152317
0.7870566037735847,114000,0.08297185999999993,84,300.0,380,1356,739,0.0001,0.006598488427698612
0.7848150943396227,115200,0.03824057999999989,84,300.0,384,1363,751,0.0001,0.009209895506501198
0.7825735849056603,116400,0.04878851999999988,84,300.0,388,1370,763,0.0001,0.005526731256395578
0.7803320754716982,117600,-0.01733114000000005,85,300.0,392,1377,775,0.0001,0.008018028922379017
0.7780905660377359,118800,-0.051855860000000004,85,300.0,396,1384,787,0.0001,0.005181050859391689
0.7758490566037735,120000,-0.04041071999999998,86,300.0,400,1390,799,0.0001,0.006086974870413542
0.7736075471698114,121200,-0.15246607000000004,86,300.0,404,1397,811,0.0001,0.008370828814804554
0.7713660377358489,122400,-0.12046085000000001,87,300.0,408,1404,823,0.0001,0.006352653726935387
0.7691245283018869,123600,-0.10053939999999999,87,300.0,412,1410,835,0.0001,0.006605166010558605
0.7668830188679245,124800,-0.07924641000000002,88,300.0,416,1416,847,0.0001,0.007227405905723572
0.7646415094339625,126000,-0.12800067999999995,88,300.0,420,1422,859,0.0001,0.007777320686727762
0.7624000000000001,127200,-0.12079736999999997,88,300.0,424,1429,871,0.0001,0.006650089286267757
0.7601584905660377,128400,-0.028739230000000032,89,300.0,428,1435,883,0.0001,0.008576072752475739
0.7579169811320756,129600,-0.07373354000000006,89,300.0,432,1442,895,0.0001,0.007506520953029394
0.7556754716981131,130800,-0.06420825000000008,90,300.0,436,1448,907,0.0001,0.007510767318308353
0.7534339622641508,132000,-0.005136530000000013,90,300.0,440,1454,919,0.0001,0.00525022204965353
0.7511924528301888,133200,0.012287339999999954,91,300.0,444,1460,931,0.0001,0.00644310750067234
0.7489509433962263,134400,0.009555599999999912,91,300.0,448,1466,943,0.0001,0.007125652860850096
0.7467094339622642,135600,-0.050998820000000035,92,300.0,452,1472,955,0.0001,0.010192517191171646
0.7444679245283019,136800,0.040876889999999985,92,300.0,456,1478,967,0.0001,0.00873647816479206
0.7422264150943398,138000,0.03927874,92,300.0,460,1484,979,0.0001,0.003866232931613922
0.7399849056603773,139200,0.016769759999999995,93,300.0,464,1490,991,0.0001,0.004383426625281572
0.7377433962264149,140400,-0.11210290000000005,93,300.0,468,1496,1003,0.0001,0.004702182020992041
0.735501886792453,141600,-0.15965809,94,300.0,472,1501,1015,0.0001,0.003990359138697386
0.7332603773584905,142800,-0.23586147000000002,94,300.0,476,1506,1027,0.0001,0.0052703432738780975
0.7310188679245284,144000,-0.1427171400000001,95,300.0,480,1512,1039,0.0001,0.008184870705008507
0.7287773584905661,145200,-0.09263359000000002,95,300.0,484,1517,1051,0.0001,0.008779148571193218
0.7265358490566036,146400,-0.17159462,96,300.0,488,1523,1063,0.0001,0.006332329474389553
0.7242943396226416,147600,-0.06168427000000002,96,300.0,492,1528,1075,0.0001,0.005887557752430439
0.7220528301886792,148800,-0.03439302000000002,97,300.0,496,1533,1087,0.0001,0.003716584760695696
0.7198113207547172,150000,-0.06588544999999998,97,300.0,500,1537,1099,0.0001,0.006529165897518396
0.7175698113207547,151200,-0.01774658999999998,98,300.0,504,1542,1111,0.0001,0.010537451133131981
0.7153283018867923,152400,0.0056019000000000155,98,300.0,508,1547,1123,0.0001,0.0036675671581178904
0.7130867924528304,153600,-0.17301994999999998,98,300.0,512,1552,1135,0.0001,0.008560437709093094
0.7108452830188678,154800,-0.17974054999999992,99,300.0,516,1557,1147,0.0001,0.006216811016201973
0.7086037735849058,156000,-0.16630018000000002,99,300.0,520,1562,1159,0.0001,0.007206630893051624
0.7063622641509434,157200,-0.13729661999999998,100,300.0,524,1567,1171,0.0001,0.005748418625444174
0.704120754716981,158400,-0.12303058000000004,100,300.0,528,1572,1183,0.0001,0.007459466345608234
0.7018792452830189,159600,-0.058169040000000054,101,300.0,532,1577,1195,0.0001,0.005928860977292061
0.6996377358490565,160800,-0.18741889999999994,101,300.0,536,1582,1207,0.0001,0.005892343819141388
0.6973962264150946,162000,-0.31660703,102,300.0,540,1585,1219,0.0001,0.004770854488015175
0.6951547169811321,163200,-0.28264669000000003,102,300.0,544,1590,1231,0.0001,0.004177570343017578
0.6929132075471697,164400,-0.23763429000000005,103,300.0,548,1594,1243,0.0001,0.007732735015451908
0.6906716981132076,165600,-0.16750282000000005,103,300.0,552,1599,1255,0.0001,0.004483851604163647
0.6884301886792452,166800,-0.21778948,103,300.0,556,1604,1267,0.0001,0.00450531579554081
0.6861886792452832,168000,-0.08367663999999991,104,300.0,560,1606,1279,0.0001,0.0034304975997656584
0.6839471698113208,169200,-0.03145992999999992,105,300.0,564,1610,1291,0.0001,0.006186643149703741
0.6817056603773588,170400,0.009582440000000043,105,300.0,568,1614,1303,0.0001,0.006903128232806921
0.6794641509433963,171600,-0.18105832,105,300.0,572,1618,1315,0.0001,0.0022076331079006195
0.6772226415094338,172800,-0.14606910999999995,106,300.0,576,1622,1327,0.0001,0.008381303399801254
0.6749811320754718,174000,-0.2111657499999999,106,300.0,580,1626,1339,0.0001,0.007467271294444799
0.6727396226415094,175200,-0.28703588,107,300.0,584,1629,1351,0.0001,0.006493675988167524
0.6704981132075469,176400,-0.07687261999999995,108,300.0,588,1631,1363,0.0001,0.004176623187959194
0.668256603773585,177600,-0.02604245999999983,108,300.0,592,1635,1375,0.0001,0.003505212487652898
0.6660150943396226,178800,0.11969894000000013,109,300.0,596,1638,1387,0.0001,0.0035731284879148006
0.6637735849056605,180000,0.12463467000000002,109,300.0,600,1642,1399,0.0001,0.008516978472471237
0.661532075471698,181200,0.22454463,110,300.0,604,1646,1411,0.0001,0.006973587442189455
0.6592905660377361,182400,0.11713622000000003,110,300.0,608,1650,1423,0.0001,0.005926534999161959
0.6570490566037737,183600,0.18011835,111,300.0,612,1653,1435,0.0001,0.005193144548684359
0.6548075471698112,184800,0.24739717,111,300.0,616,1657,1447,0.0001,0.003227800130844116
0.6525660377358492,186000,0.20972888999999997,111,300.0,620,1661,1459,0.0001,0.005720912478864193
0.6503245283018868,187200,0.20509729000000007,112,300.0,624,1665,1471,0.0001,0.007391567807644606
0.6480830188679243,188400,0.11361175000000008,112,300.0,628,1667,1483,0.0001,0.00737557839602232
0.6458415094339622,189600,0.02343363000000005,113,300.0,632,1671,1495,0.0001,0.0045774164609611034
0.6435999999999998,190800,0.11096699000000004,113,300.0,636,1674,1507,0.0001,0.0046796053647994995
0.6413584905660379,192000,0.24020193000000006,114,300.0,640,1678,1519,0.0001,0.006420766934752464
0.6391169811320754,193200,0.21951115000000002,114,300.0,644,1681,1531,0.0001,0.0063294353894889355
0.6368754716981134,194400,0.19043173999999996,115,300.0,648,1684,1543,0.0001,0.005875850096344948
0.634633962264151,195600,0.22140476999999997,115,300.0,652,1688,1555,0.0001,0.005751752760261297
0.6323924528301885,196800,0.21103757999999992,116,300.0,656,1691,1567,0.0001,0.006549868732690811
0.6301509433962265,198000,0.036835929999999975,116,300.0,660,1694,1579,0.0001,0.002174689434468746
0.6279094339622641,199200,-0.01923598000000004,117,300.0,664,1698,1591,0.0001,0.004593782126903534
0.6256679245283021,200400,0.03214656999999993,159,300.0,668,1258,1603,0.0001,0.01007358729839325
0.6234264150943396,201600,0.21854939999999995,159,300.0,672,1262,1615,0.0001,0.004406224470585585
0.6211849056603772,202800,0.31679435999999994,160,300.0,676,1265,1627,0.0001,0.0033312849700450897
0.6189433962264153,204000,0.33015618,160,300.0,680,1269,1639,0.0001,0.0061409687623381615
0.6167018867924527,205200,0.45943354,161,300.0,684,1273,1651,0.0001,0.007485841866582632
0.6144603773584907,206400,0.39960528000000006,161,300.0,688,1276,1663,0.0001,0.007222532294690609
0.6122188679245283,207600,0.28464347999999995,162,300.0,692,1278,1675,0.0001,0.013251092284917831
0.6099773584905659,208800,0.28635149,162,300.0,696,1282,1687,0.0001,0.0062706246972084045
0.6077358490566038,210000,0.27257277,163,300.0,700,1286,1699,0.0001,0.005973362363874912
0.6054943396226414,211200,0.16889211000000004,163,300.0,704,1289,1711,0.0001,0.012556985951960087
0.6032528301886795,212400,0.19527607999999996,164,300.0,708,1293,1723,0.0001,0.0074922507628798485
0.601011320754717,213600,0.20328933,164,300.0,712,1296,1735,0.0001,0.0076430425979197025
0.5987698113207549,214800,0.20811077999999994,165,300.0,716,1299,1747,0.0001,0.0050738221034407616
0.5965283018867925,216000,0.27405727999999996,165,300.0,720,1303,1759,0.0001,0.004480516538023949
0.5942867924528301,217200,0.08262182999999997,166,300.0,724,1306,1771,0.0001,0.005371378734707832
0.592045283018868,218400,0.31647635,166,300.0,728,1309,1783,0.0001,0.004980816971510649
0.5898037735849057,219600,0.40509655999999994,167,300.0,732,1313,1795,0.0001,0.00518619641661644
0.5875622641509433,220800,0.29784725,167,300.0,736,1315,1807,0.0001,0.006475131027400494
0.5853207547169812,222000,0.32489663999999996,168,300.0,740,1318,1819,0.0001,0.002101655350998044
0.5830792452830188,223200,0.39513681999999994,168,300.0,744,1321,1831,0.0001,0.004987664520740509
0.5808377358490567,224400,0.48985628999999997,169,300.0,748,1324,1843,0.0001,0.010816702619194984
0.5785962264150943,225600,0.44701556000000003,169,300.0,752,1327,1855,0.0001,0.005457465536892414
0.5763547169811323,226800,0.59656807,170,300.0,756,1331,1867,0.0001,0.011992289684712887
0.5741132075471699,228000,0.6892752300000001,170,300.0,760,1334,1879,0.0001,0.01153959147632122
0.5718716981132075,229200,0.77827744,171,300.0,764,1337,1891,0.0001,0.004730863496661186
0.5696301886792454,230400,0.71750522,171,300.0,768,1340,1903,0.0001,0.006124959327280521
0.567388679245283,231600,0.63595119,172,300.0,772,1343,1915,0.0001,0.004287939518690109
0.5651471698113206,232800,0.52255836,172,300.0,776,1346,1927,0.0001,0.005807113833725452
0.5629056603773586,234000,0.5822695800000001,173,300.0,780,1349,1939,0.0001,0.005808977410197258
0.5606641509433961,235200,0.5100215800000001,173,300.0,784,1352,1951,0.0001,0.006851528771221638
0.5584226415094341,236400,0.4854253200000001,174,300.0,788,1355,1963,0.0001,0.0033774576149880886
0.5561811320754717,237600,0.40303473000000006,174,300.0,792,1358,1975,0.0001,0.004472534172236919
0.5539396226415096,238800,0.3990552400000001,175,300.0,796,1361,1987,0.0001,0.005480896681547165
0.5516981132075472,240000,0.44803778999999994,175,300.0,800,1365,1999,0.0001,0.006843483075499535
0.5494566037735849,241200,0.5385037,176,300.0,804,1368,2011,0.0001,0.0068099359050393105
0.5472150943396228,242400,0.5495933799999999,176,300.0,808,1370,2023,0.0001,0.009349096566438675
0.5449735849056603,243600,0.60153722,177,300.0,812,1373,2035,0.0001,0.0045272791758179665
0.5427320754716983,244800,0.58772211,177,300.0,816,1376,2047,0.0001,0.004948833491653204
0.5404905660377359,246000,0.5038126999999998,178,300.0,820,1379,2059,0.0001,0.007020119111984968
0.5382490566037734,247200,0.6914664899999999,178,300.0,824,1382,2071,0.0001,0.010181643068790436
0.5360075471698115,248400,0.37625512000000005,179,300.0,828,1385,2083,0.0001,0.0032612208742648363
0.5337660377358491,249600,0.43794829,179,300.0,832,1388,2095,0.0001,0.009226415306329727
0.531524528301887,250800,0.47805611,180,300.0,836,1391,2107,0.0001,0.007027465850114822
0.5292830188679245,252000,0.31753092000000005,180,300.0,840,1394,2119,0.0001,0.006621131207793951
0.527041509433962,253200,0.17255604,181,300.0,844,1397,2131,0.0001,0.005889244377613068
0.5248000000000002,254400,0.04722041000000002,181,300.0,848,1400,2143,0.0001,0.00627841055393219
0.5225584905660376,255600,0.08070597000000002,182,300.0,852,1403,2155,0.0001,0.004633710253983736
0.5203169811320757,256800,0.05604843000000002,182,300.0,856,1406,2167,0.0001,0.0031411077361553907
0.5180754716981133,258000,0.16838622,183,300.0,860,1408,2179,0.0001,0.012390770018100739
0.5158339622641512,259200,0.14069399999999999,183,300.0,864,1411,2191,0.0001,0.004397344775497913
0.5135924528301887,260400,0.06147169999999999,184,300.0,868,1414,2203,0.0001,0.008849641308188438
0.5113509433962263,261600,0.11149056999999997,184,300.0,872,1417,2215,0.0001,0.006424293387681246
0.5091094339622644,262800,0.09649807999999997,185,300.0,876,1420,2227,0.0001,0.0071031940169632435
0.5068679245283019,264000,0.026031239999999994,185,300.0,880,1422,2239,0.0001,0.001853544032201171
0.5046264150943394,265200,0.029180550000000006,186,300.0,884,1425,2251,0.0001,0.011192750185728073
0.5023849056603774,266400,0.023535329999999997,186,300.0,888,1427,2263,0.0001,0.008366288617253304
0.500143396226415,267600,0.20277879999999993,187,300.0,892,1430,2275,0.0001,0.006839725188910961
0.49790188679245306,268800,0.14310792,187,300.0,896,1432,2287,0.0001,0.002229118486866355
0.49566037735849056,270000,0.00417937000000005,188,300.0,900,1434,2299,0.0001,0.003192280884832144
0.4934188679245285,271200,-0.10598762999999999,188,300.0,904,1437,2311,0.0001,0.005020767450332642
0.4911773584905661,272400,-0.07783587999999997,189,300.0,908,1440,2323,0.0001,0.007175864186137915
0.4889358490566037,273600,-0.21420588999999995,189,300.0,912,1442,2335,0.0001,0.0017526193987578154
0.48669433962264175,274800,-0.12999831999999997,190,300.0,916,1445,2347,0.0001,0.007240004371851683
0.48445283018867924,276000,0.0016608000000000356,190,300.0,920,1447,2359,0.0001,0.0050400313921272755
0.48221132075471673,277200,-0.13798661999999995,191,300.0,924,1450,2371,0.0001,0.004228545818477869
0.4799698113207548,278400,-0.12706875999999995,191,300.0,928,1452,2383,0.0001,0.011404142715036869
0.4777283018867924,279600,-0.2116668599999999,192,300.0,932,1455,2395,0.0001,0.007605697959661484
0.4754867924528303,280800,-0.2214145599999999,192,300.0,936,1457,2407,0.0001,0.007935970090329647
0.4732452830188679,282000,-0.21214557999999997,193,300.0,940,1460,2419,0.0001,0.008495882153511047
0.47100377358490586,283200,-0.17648102,193,300.0,944,1462,2431,0.0001,0.004137011710554361
0.46876226415094346,284400,0.007841840000000015,194,300.0,948,1465,2443,0.0001,0.007750451564788818
0.46652075471698107,285600,-0.042028390000000006,194,300.0,952,1467,2455,0.0001,0.00968228280544281
0.464279245283019,286800,-0.14367340000000003,195,300.0,956,1469,2467,0.0001,0.010340601205825806
0.4620377358490566,288000,-0.19964948,195,300.0,960,1472,2479,0.0001,0.0044092219322919846
0.4597962264150941,289200,-0.18459368999999995,196,300.0,964,1474,2491,0.0001,0.013228485360741615
0.45755471698113215,290400,-0.02216705999999997,196,300.0,968,1476,2503,0.0001,0.01001540943980217
0.45531320754716975,291600,0.011825050000000017,197,300.0,972,1479,2515,0.0001,0.008459525182843208
0.4530716981132077,292800,-0.024810900000000018,197,300.0,976,1481,2527,0.0001,0.008175428956747055
0.4508301886792452,294000,-0.0029322000000000055,198,300.0,980,1482,2539,0.0001,0.005887842271476984
0.44858867924528323,295200,0.0048498600000000365,198,300.0,984,1484,2551,0.0001,0.007371179293841124
0.44634716981132083,296400,-0.013275769999999982,199,300.0,988,1487,2563,0.0001,0.0045979260466992855
0.4441056603773583,297600,-0.09484975999999999,199,300.0,992,1489,2575,0.0001,0.007559382356703281
0.44186415094339637,298800,-0.05739393999999993,200,300.0,996,1491,2587,0.0001,0.004588288255035877
0.43962264150943386,300000,-0.006051399999999916,244,300.0,1000,1227,2599,0.0001,0.008806378580629826
0.43738113207547147,301200,0.17956665000000002,244,300.0,1004,1229,2611,0.0001,0.007817327976226807
0.4351396226415095,302400,0.15716438000000002,245,300.0,1008,1232,2623,0.0001,0.004333727527409792
0.43289811320754745,303600,0.32859217,245,300.0,1012,1234,2635,0.0001,0.01428014412522316
0.43065660377358506,304800,0.14402776000000006,246,300.0,1016,1236,2647,0.0001,0.006335371173918247
0.42841509433962255,306000,0.09815620000000007,246,300.0,1020,1239,2659,0.0001,0.0031341896392405033
0.4261735849056606,307200,0.05087966999999998,247,300.0,1024,1241,2671,0.0001,0.0036541062872856855
0.4239320754716981,308400,0.18221001000000003,248,300.0,1028,1243,2683,0.0001,0.007343426812440157
0.4216905660377357,309600,0.16824828000000008,248,300.0,1032,1245,2695,0.0001,0.00781277846544981
0.41944905660377363,310800,0.18094169000000002,249,300.0,1036,1247,2707,0.0001,0.004630722105503082
0.41720754716981123,312000,0.22962277,249,300.0,1040,1250,2719,0.0001,0.003613908775150776
0.4149660377358493,313200,0.26122001000000006,250,300.0,1044,1252,2731,0.0001,0.0045664943754673
0.4127245283018868,314400,0.12125579999999997,250,300.0,1048,1254,2743,0.0001,0.008615976199507713
0.4104830188679248,315600,0.10318422999999997,251,300.0,1052,1256,2755,0.0001,0.0073461104184389114
0.4082415094339623,316800,0.12933011,251,300.0,1056,1259,2767,0.0001,0.004654526710510254
0.4059999999999999,318000,0.18595986999999997,252,300.0,1060,1261,2779,0.0001,0.005795064382255077
0.40375849056603796,319200,0.21347557000000003,252,300.0,1064,1263,2791,0.0001,0.006286438554525375
0.40151698113207546,320400,0.11716229000000002,253,300.0,1068,1265,2803,0.0001,0.0071301693096756935
0.39927547169811306,321600,0.05182187000000003,253,300.0,1072,1268,2815,0.0001,0.006294281221926212
0.397033962264151,322800,0.010397110000000032,254,300.0,1076,1270,2827,0.0001,0.007311840541660786
0.3947924528301886,324000,-0.10242366999999998,254,300.0,1080,1272,2839,0.0001,0.004598577972501516
0.39255094339622654,325200,-0.062463870000000005,255,300.0,1084,1274,2851,0.0001,0.00996938906610012
0.39030943396226414,326400,-0.08289251000000002,255,300.0,1088,1276,2863,0.0001,0.0032275645062327385
0.3880679245283021,327600,-0.07720984000000002,256,300.0,1092,1278,2875,0.0001,0.007428333163261414
0.3858264150943397,328800,-0.10820842000000003,256,300.0,1096,1280,2887,0.0001,0.007984703406691551
0.3835849056603773,330000,0.08493651999999993,257,300.0,1100,1282,2899,0.0001,0.006080091930925846
0.3813433962264152,331200,0.020437129999999994,257,300.0,1104,1284,2911,0.0001,0.008946646004915237
0.3791018867924528,332400,-0.011288449999999992,258,300.0,1108,1286,2923,0.0001,0.004566436633467674
0.37686037735849043,333600,-0.14461151,258,300.0,1112,1288,2935,0.0001,0.005744721740484238
0.37461886792452836,334800,-0.17497106999999995,259,300.0,1116,1290,2947,0.0001,0.009285654872655869
0.37237735849056597,336000,-0.15408710999999997,260,300.0,1120,1292,2959,0.0001,0.004301823675632477
0.3701358490566039,337200,-0.09281739000000001,260,300.0,1124,1293,2971,0.0001,0.006058581173419952
0.3678943396226415,338400,-0.09988288000000001,261,300.0,1128,1295,2983,0.0001,0.004468834493309259
0.36565283018867945,339600,0.007569959999999982,261,300.0,1132,1297,2995,0.0001,0.012441623024642467
0.36341132075471705,340800,0.03513027,262,300.0,1136,1300,3007,0.0001,0.009343326091766357
0.36116981132075454,342000,0.08183051999999998,262,300.0,1140,1302,3019,0.0001,0.004810820799320936
0.3589283018867926,343200,0.07377078000000004,263,300.0,1144,1303,3031,0.0001,0.007961244322359562
0.3566867924528302,344400,0.07354929000000006,263,300.0,1148,1305,3043,0.0001,0.006124433130025864
0.3544452830188677,345600,0.15114339000000002,264,300.0,1152,1307,3055,0.0001,0.008944216184318066
0.35220377358490573,346800,0.17720138000000002,264,300.0,1156,1309,3067,0.0001,0.006490764208137989
0.34996226415094367,348000,0.08075450000000008,265,300.0,1160,1311,3079,0.0001,0.004855647683143616
0.3477207547169813,349200,0.016126650000000062,265,300.0,1164,1313,3091,0.0001,0.006948417983949184
0.3454792452830189,350400,0.09017512000000004,266,300.0,1168,1314,3103,0.0001,0.006806075107306242
0.3432377358490568,351600,0.12631183000000007,266,300.0,1172,1316,3115,0.0001,0.007917748764157295
0.3409962264150943,352800,0.14632779000000004,267,300.0,1176,1318,3127,0.0001,0.008919842541217804
0.3387547169811319,354000,0.23916896000000004,268,300.0,1180,1320,3139,0.0001,0.014549734070897102
0.33651320754716996,355200,0.18996099000000008,268,300.0,1184,1322,3151,0.0001,0.004457426257431507
0.33427169811320756,356400,0.1415368,269,300.0,1188,1324,3163,0.0001,0.011140638962388039
0.3320301886792455,357600,0.18261136999999997,269,300.0,1192,1326,3175,0.0001,0.003939169459044933
0.329788679245283,358800,0.11419201000000002,270,300.0,1196,1328,3187,0.0001,0.004483636934310198
0.32754716981132104,360000,-0.08798184000000005,270,300.0,1200,1330,3199,0.0001,0.01221519522368908
0.32530566037735864,361200,-0.09819844000000004,271,300.0,1204,1332,3211,0.0001,0.00444448459893465
0.32306415094339613,362400,-0.07021917000000005,271,300.0,1208,1334,3223,0.0001,0.008875842206180096
0.3208226415094342,363600,0.027752389999999974,272,300.0,1212,1336,3235,0.0001,0.0057990821078419685
0.3185811320754717,364800,0.20425390999999993,272,300.0,1216,1338,3247,0.0001,0.007163804955780506
0.3163396226415093,366000,0.2223847599999999,273,300.0,1220,1339,3259,0.0001,0.007041065953671932
0.3140981132075473,367200,0.24997690000000003,273,300.0,1224,1341,3271,0.0001,0.004327668342739344
0.3118566037735848,368400,0.17769432000000002,274,300.0,1228,1343,3283,0.0001,0.007654234766960144
0.30961509433962275,369600,-0.03585302000000002,274,300.0,1232,1345,3295,0.0001,0.006398587487637997
0.30737358490566036,370800,-0.04055938000000006,275,300.0,1236,1347,3307,0.0001,0.008341319859027863
0.3051320754716984,372000,-0.12778955000000003,275,300.0,1240,1349,3319,0.0001,0.007764645852148533
0.302890566037736,373200,-0.19189446000000004,276,300.0,1244,1350,3331,0.0001,0.008671441115438938
0.3006490566037735,374400,-0.25488732000000003,276,300.0,1248,1352,3343,0.0001,0.00901283323764801
0.29840754716981144,375600,-0.38298540000000003,277,300.0,1252,1353,3355,0.0001,0.0026928745210170746
0.29616603773584904,376800,-0.40317663,277,300.0,1256,1355,3367,0.0001,0.00721130333840847
0.29392452830188665,378000,-0.3222836,278,300.0,1260,1357,3379,0.0001,0.008547792211174965
0.2916830188679246,379200,-0.35064746,279,300.0,1264,1359,3391,0.0001,0.004259105771780014
0.2894415094339622,380400,-0.50671714,279,300.0,1268,1360,3403,0.0001,0.0027488633058965206
0.2872000000000001,381600,-0.5202201799999999,280,300.0,1272,1362,3415,0.0001,0.0027318543288856745
0.2849584905660377,382800,-0.3461622999999999,280,300.0,1276,1364,3427,0.0001,0.008017976768314838
0.2827169811320758,384000,-0.35465292,281,300.0,1280,1366,3439,0.0001,0.008071580901741982
0.28047547169811327,385200,-0.4502681700000001,281,300.0,1284,1367,3451,0.0001,0.005483003333210945
0.27823396226415076,386400,-0.41734318000000004,282,300.0,1288,1368,3463,0.0001,0.005625165067613125
0.2759924528301888,387600,-0.50557858,282,300.0,1292,1370,3475,0.0001,0.007266913540661335
0.2737509433962264,388800,-0.54267567,283,300.0,1296,1371,3487,0.0001,0.00653004739433527
0.271509433962264,390000,-0.42863044999999994,283,300.0,1300,1373,3499,0.0001,0.005445769988000393
0.26926792452830195,391200,-0.47667199,284,300.0,1304,1375,3511,0.0001,0.007719670422375202
0.26702641509433944,392400,-0.55501508,285,300.0,1308,1376,3523,0.0001,0.004026999697089195
0.2647849056603775,393600,-0.4998269699999999,285,300.0,1312,1378,3535,0.0001,0.010351471602916718
0.2625433962264151,394800,-0.5676059700000001,286,300.0,1316,1379,3547,0.0001,0.003789814654737711
0.26030188679245303,396000,-0.5429825500000001,286,300.0,1320,1380,3559,0.0001,0.005404122639447451
0.25806037735849063,397200,-0.66291905,287,300.0,1324,1382,3571,0.0001,0.001187116140499711
0.2558188679245281,398400,-0.6092981899999999,288,300.0,1328,1382,3583,0.0001,0.005250133574008942
0.2535773584905662,399600,-0.5863921400000001,288,300.0,1332,1384,3595,0.0001,0.001199330436065793
0.2513358490566038,400800,-0.54407684,332,300.0,1336,1205,3607,0.0001,0.003617211477831006
0.24909433962264138,402000,-0.49418187,332,300.0,1340,1207,3619,0.0001,0.003536685137078166
0.2468528301886792,403200,-0.4312090900000001,333,300.0,1344,1209,3631,0.0001,0.005244973115622997
0.24461132075471725,404400,-0.43235579,333,300.0,1348,1210,3643,0.0001,0.0044288174249231815
0.24236981132075486,405600,-0.35103166,334,300.0,1352,1212,3655,0.0001,0.001271748449653387
0.24012830188679246,406800,-0.3653658900000001,335,300.0,1356,1213,3667,0.0001,0.0034816497936844826
0.2378867924528304,408000,-0.5687270699999999,335,300.0,1360,1215,3679,0.0001,0.002853239420801401
0.2356452830188679,409200,-0.500882,336,300.0,1364,1217,3691,0.0001,0.005941480863839388
0.2334037735849055,410400,-0.38318977000000004,336,300.0,1368,1218,3703,0.0001,0.004372105002403259
0.23116226415094354,411600,-0.34838663999999997,337,300.0,1372,1220,3715,0.0001,0.004075320437550545
0.22892075471698115,412800,-0.4299620099999999,337,300.0,1376,1221,3727,0.0001,0.0011673266999423504
0.22667924528301897,414000,-0.42638385999999995,338,300.0,1380,1223,3739,0.0001,0.002399723744019866
0.22443773584905657,415200,-0.24069979,339,300.0,1384,1224,3751,0.0001,0.00258336728438735
0.22219622641509462,416400,-0.16338007,339,300.0,1388,1226,3763,0.0001,0.0037764227017760277
0.21995471698113223,417600,-0.17055639,340,300.0,1392,1227,3775,0.0001,0.005025279242545366
0.21771320754716983,418800,-0.2802620799999999,340,300.0,1396,1229,3787,0.0001,0.007081178482621908
0.21547169811320765,420000,-0.36694539,341,300.0,1400,1231,3799,0.0001,0.006342683453112841
0.21323018867924526,421200,-0.43803621000000015,341,300.0,1404,1232,3811,0.0001,0.004472541622817516
0.21098867924528286,422400,-0.2701693200000001,342,300.0,1408,1233,3823,0.0001,0.004492045845836401
0.2087471698113209,423600,-0.4152036700000001,342,300.0,1412,1235,3835,0.0001,0.004218820482492447
0.2065056603773585,424800,-0.37601399,343,300.0,1416,1236,3847,0.0001,0.003107175463810563
0.20426415094339634,426000,-0.44415531,344,300.0,1420,1238,3859,0.0001,0.0035100430250167847
0.20202264150943394,427200,-0.2440476500000001,344,300.0,1424,1239,3871,0.0001,0.004986192099750042
0.199781132075472,428400,-0.39379484000000003,345,300.0,1428,1240,3883,0.0001,0.0031496162991970778
0.1975396226415096,429600,-0.22834256000000008,345,300.0,1432,1242,3895,0.0001,0.004131477791815996
0.19529811320754709,430800,-0.21673647000000007,346,300.0,1436,1243,3907,0.0001,0.004946531727910042
0.19305660377358502,432000,-0.21754163999999998,346,300.0,1440,1245,3919,0.0001,0.0019251303747296333
0.19081509433962263,433200,-0.31832602,347,300.0,1444,1246,3931,0.0001,0.005747167393565178
0.18857358490566023,434400,-0.27268081,348,300.0,1448,1246,3943,0.0001,0.002270372584462166
0.18633207547169828,435600,-0.36720878000000007,348,300.0,1452,1248,3955,0.0001,0.0010553868487477303
0.18409056603773566,436800,-0.40287202000000005,349,300.0,1456,1249,3967,0.0001,0.00245734304189682
0.1818490566037737,438000,-0.24064573,350,300.0,1460,1250,3979,0.0001,0.0056361849419772625
0.1796075471698113,439200,-0.39047501999999995,350,300.0,1464,1252,3991,0.0001,0.0075622908771038055
0.17736603773584936,440400,-0.44344744999999997,351,300.0,1468,1253,4003,0.0001,0.0023193510714918375
0.17512452830188696,441600,-0.53811507,351,300.0,1472,1255,4015,0.0001,0.002397690899670124
0.17288301886792434,442800,-0.5755593300000001,352,300.0,1476,1256,4027,0.0001,0.0036840334068983793
0.1706415094339624,444000,-0.6414087900000002,352,300.0,1480,1258,4039,0.0001,0.0033576262649148703
0.1684,445200,-0.72958996,353,300.0,1484,1259,4051,0.0001,0.00440093083307147
0.1661584905660376,446400,-0.7996258499999997,354,300.0,1488,1260,4063,0.0001,0.0026439549401402473
0.16391698113207553,447600,-0.9075099299999999,354,300.0,1492,1262,4075,0.0001,0.0018525447230786085
0.16167547169811347,448800,-0.7177355799999998,355,300.0,1496,1263,4087,0.0001,0.005161542911082506
0.15943396226415107,450000,-0.7382901799999998,355,300.0,1500,1264,4099,0.0001,0.002485939534381032
0.15719245283018868,451200,-0.68999809,356,300.0,1504,1266,4111,0.0001,0.004609585739672184
0.15495094339622673,452400,-0.6723637899999997,356,300.0,1508,1267,4123,0.0001,0.003887404454872012
0.1527094339622641,453600,-0.6222800199999999,357,300.0,1512,1269,4135,0.0001,0.006155234761536121
0.1504679245283017,454800,-0.8338639500000002,358,300.0,1516,1270,4147,0.0001,0.003206442343071103
0.14822641509433976,456000,-0.9105323300000001,358,300.0,1520,1271,4159,0.0001,0.0017095374641939998
0.14598490566037736,457200,-0.7914508600000001,359,300.0,1524,1272,4171,0.0001,0.002596029546111822
0.1437433962264153,458400,-0.57351598,359,300.0,1528,1274,4183,0.0001,0.0011025832500308752
0.1415018867924528,459600,-0.5868091500000001,360,300.0,1532,1275,4195,0.0001,0.002045742701739073
0.13926037735849084,460800,-0.5402187300000001,360,300.0,1536,1276,4207,0.0001,0.002730055944994092
0.13701886792452844,462000,-0.50677846,361,300.0,1540,1278,4219,0.0001,0.003414811799302697
0.13477735849056605,463200,-0.42033807,361,300.0,1544,1279,4231,0.0001,0.0036969876382499933
0.13253584905660387,464400,-0.46901689,362,300.0,1548,1281,4243,0.0001,0.0031001351308077574
0.13029433962264148,465600,-0.46627221999999996,363,300.0,1552,1282,4255,0.0001,0.0033199351746588945
0.12805283018867908,466800,-0.3281231699999999,363,300.0,1556,1283,4267,0.0001,0.0042272224090993404
0.12581132075471713,468000,-0.2751114,364,300.0,1560,1285,4279,0.0001,0.004913570825010538
0.12356981132075473,469200,-0.15729696,364,300.0,1564,1286,4291,0.0001,0.0016465294174849987
0.12132830188679256,470400,-0.18270795,365,300.0,1568,1287,4303,0.0001,0.0017444033874198794
0.11908679245283016,471600,-0.17535286999999997,365,300.0,1572,1288,4315,0.0001,0.003794678719714284
0.1168452830188682,472800,-0.03455838999999997,366,300.0,1576,1290,4327,0.0001,0.002407788299024105
0.11460377358490581,474000,0.02359420000000004,366,300.0,1580,1291,4339,0.0001,0.004845788236707449
0.1123622641509433,475200,0.010239920000000038,367,300.0,1584,1292,4351,0.0001,0.0027245902456343174
0.11012075471698124,476400,0.09094448000000006,368,300.0,1588,1293,4363,0.0001,0.0019484476651996374
0.10787924528301884,477600,0.25784448000000004,368,300.0,1592,1294,4375,0.0001,0.005251441616564989
0.10563773584905645,478800,0.17385802999999997,369,300.0,1596,1295,4387,0.0001,0.004584721755236387
0.1033962264150945,480000,0.19222328,370,300.0,1600,1297,4399,0.0001,0.0018328812438994646
0.10115471698113199,481200,0.19087037999999995,370,300.0,1604,1298,4411,0.0001,0.0012271220330148935
0.09891320754716992,482400,0.050262499999999974,371,300.0,1608,1299,4423,0.0001,0.0030035534873604774
0.09667169811320753,483600,0.04490668,371,300.0,1612,1301,4435,0.0001,0.0025004546623677015
0.09443018867924557,484800,0.18099105000000001,372,300.0,1616,1302,4447,0.0001,0.0017962763085961342
0.09218867924528318,486000,0.15465311,372,300.0,1620,1303,4459,0.0001,0.0025465148501098156
0.08994716981132067,487200,-0.16813147999999994,373,300.0,1624,1305,4471,0.0001,0.0016355544794350863
0.08770566037735861,488400,-0.27472332999999993,373,300.0,1628,1306,4483,0.0001,0.0020517418161034584
0.08546415094339621,489600,-0.5182587000000001,374,300.0,1632,1307,4495,0.0001,0.0012402146821841598
0.08322264150943381,490800,-0.616216,375,300.0,1636,1308,4507,0.0001,0.0027034650556743145
0.08098113207547175,492000,-0.76255234,375,300.0,1640,1310,4519,0.0001,0.0022032451815903187
0.07873962264150935,493200,-0.73666659,376,300.0,1644,1311,4531,0.0001,0.001127215102314949
0.07649811320754729,494400,-0.60805948,376,300.0,1648,1312,4543,0.0001,0.002461811527609825
0.0742566037735849,495600,-0.63824041,377,300.0,1652,1313,4555,0.0001,0.0017925178399309516
0.07201509433962294,496800,-0.69822347,377,300.0,1656,1314,4567,0.0001,0.0027340934611856937
0.06977358490566044,498000,-0.8110820099999999,378,300.0,1660,1315,4579,0.0001,0.0016748063499107957
0.06753207547169804,499200,-0.80745526,379,300.0,1664,1316,4591,0.0001,0.0025676412042230368
0.06529056603773598,500400,-0.79209943,424,300.0,1668,1179,4603,0.0001,0.0025542203802615404
0.06304905660377358,501600,-0.7188520300000001,424,300.0,1672,1180,4615,0.0001,0.0017114795045927167
0.06080754716981118,502800,-0.7754151300000001,425,300.0,1676,1181,4627,0.0001,0.0022697073873132467
0.05856603773584912,504000,-0.8209118200000001,425,300.0,1680,1183,4639,0.0001,0.0019409446977078915
0.05632452830188717,505200,-0.80222184,426,300.0,1684,1184,4651,0.0001,0.002579467836767435
0.05408301886792455,506400,-0.85144093,427,300.0,1688,1185,4663,0.0001,0.0024514496326446533
0.05184150943396215,507600,-0.87557062,427,300.0,1692,1186,4675,0.0001,0.0015195664018392563
0.0496000000000002,508800,-0.75844661,428,300.0,1696,1187,4687,0.0001,0.0018505632178857923
0.0473584905660378,510000,-0.6260350300000002,429,300.0,1700,1188,4699,0.0001,0.001500697573646903
0.045116981132075296,511200,-0.6788348900000001,429,300.0,1704,1189,4711,0.0001,0.0010328951757401228
0.04287547169811334,512400,-0.71521032,430,300.0,1708,1190,4723,0.0001,0.0011916927760466933
0.04063396226415139,513600,-0.49131297,430,300.0,1712,1192,4735,0.0001,0.0014086569426581264
0.03839245283018855,514800,-0.48036780999999995,431,300.0,1716,1193,4747,0.0001,0.0026336454320698977
0.03615094339622649,516000,-0.5134999200000001,431,300.0,1720,1194,4759,0.0001,0.0013216874795034528
0.03390943396226431,517200,-0.38837794,432,300.0,1724,1195,4771,0.0001,0.0022328649647533894
0.031667924528301916,518400,-0.47643258999999993,433,300.0,1728,1197,4783,0.0001,0.0013402868062257767
0.02942641509433952,519600,-0.22695191999999995,433,300.0,1732,1198,4795,0.0001,0.0011035266797989607
0.027184905660377567,520800,-0.08008106999999995,434,300.0,1736,1199,4807,0.0001,0.001834018505178392
0.02494339622641506,522000,-0.09739935000000001,434,300.0,1740,1200,4819,0.0001,0.0013691580388695002
0.022701886792452663,523200,-0.12193764000000003,435,300.0,1744,1201,4831,0.0001,0.0014683548361063004
0.02046037735849071,524400,-0.25683623000000005,436,300.0,1748,1202,4843,0.0001,0.001012531341984868
0.01821886792452876,525600,-0.11548653000000003,436,300.0,1752,1203,4855,0.0001,0.0012019220739603043
0.01597735849056592,526800,-0.10843525,437,300.0,1756,1204,4867,0.0001,0.0011671248357743025
0.013735849056603633,528000,-0.11985766999999996,438,300.0,1760,1204,4879,0.0001,0.0015939967706799507
0.01149433962264168,529200,-0.11063271999999998,438,300.0,1764,1205,4891,0.0001,0.0017502440605312586
0.01,530400,-0.022150959999999987,439,300.0,1768,1206,4903,0.0001,0.0016460665501654148
0.01,531600,-0.12563695999999994,440,300.0,1772,1208,4915,0.0001,0.001498596160672605
0.01,532800,-0.29532089999999994,440,300.0,1776,1209,4927,0.0001,0.001004810561425984
0.01,534000,-0.3023021999999999,441,300.0,1780,1210,4939,0.0001,0.0012219686759635806
0.01,535200,-0.3199717399999999,441,300.0,1784,1211,4951,0.0001,0.0010546580888330936
0.01,536400,-0.18310434999999992,442,300.0,1788,1212,4963,0.0001,0.0012558321468532085
0.01,537600,-0.28372274999999997,442,300.0,1792,1213,4975,0.0001,0.0016527642728760839
0.01,538800,-0.2861680900000001,443,300.0,1796,1214,4987,0.0001,0.0014641510788351297
0.01,540000,-0.24115036999999998,444,300.0,1800,1215,4999,0.0001,0.001277480972930789
0.01,541200,-0.17596834999999994,444,300.0,1804,1217,5011,0.0001,0.0017008783761411905
0.01,542400,-0.06446654999999994,445,300.0,1808,1218,5023,0.0001,0.001315700588747859
0.01,543600,-0.27734113,445,300.0,1812,1219,5035,0.0001,0.0012500293087214231
0.01,544800,-0.4311463199999999,446,300.0,1816,1220,5047,0.0001,0.0010623864363878965
0.01,546000,-0.3236774,447,300.0,1820,1221,5059,0.0001,0.0015027762856334448
0.01,547200,-0.3203209,447,300.0,1824,1222,5071,0.0001,0.0013046697713434696
0.01,548400,-0.13696354999999996,448,300.0,1828,1223,5083,0.0001,0.0008981387363746762
0.01,549600,-0.23556250999999992,448,300.0,1832,1224,5095,0.0001,0.0009657745831646025
0.01,550800,-0.3355368499999999,449,300.0,1836,1225,5107,0.0001,0.0013247240567579865
0.01,552000,-0.34338278999999994,449,300.0,1840,1226,5119,0.0001,0.0010066665709018707
0.01,553200,-0.3955089299999999,450,300.0,1844,1228,5131,0.0001,0.0010811584070324898
0.01,554400,-0.3327599999999999,451,300.0,1848,1229,5143,0.0001,0.0019387257052585483
0.01,555600,-0.4004386900000001,451,300.0,1852,1230,5155,0.0001,0.0012052375823259354
0.01,556800,-0.40489233000000013,452,300.0,1856,1231,5167,0.0001,0.001236282056197524
0.01,558000,-0.32763681000000006,452,300.0,1860,1232,5179,0.0001,0.0009329221793450415
0.01,559200,-0.22529003000000014,453,300.0,1864,1233,5191,0.0001,0.0009502287139184773
0.01,560400,-0.41534418,453,300.0,1868,1234,5203,0.0001,0.0008941720006987453
0.01,561600,-0.56136896,454,300.0,1872,1235,5215,0.0001,0.0008263282361440361
0.01,562800,-0.3705722800000001,455,300.0,1876,1236,5227,0.0001,0.00089187768753618
0.01,564000,-0.30113883999999996,455,300.0,1880,1237,5239,0.0001,0.001048270263709128
0.01,565200,-0.3650149200000001,456,300.0,1884,1238,5251,0.0001,0.000983529957011342
0.01,566400,-0.46422089000000005,456,300.0,1888,1239,5263,0.0001,0.0010513144079595804
0.01,567600,-0.44205124999999995,457,300.0,1892,1240,5275,0.0001,0.0007466624374501407
0.01,568800,-0.47555934,458,300.0,1896,1240,5287,0.0001,0.0008406074484810233
0.01,570000,-0.5423546499999999,458,300.0,1900,1242,5299,0.0001,0.0010504521196708083
0.01,571200,-0.5367440699999999,459,300.0,1904,1242,5311,0.0001,0.0012622158974409103
0.01,572400,-0.61016259,460,300.0,1908,1243,5323,0.0001,0.0009489274816587567
0.01,573600,-0.6259614699999999,460,300.0,1912,1244,5335,0.0001,0.0008097653044387698
0.01,574800,-0.49002119,461,300.0,1916,1246,5347,0.0001,0.0008305826922878623
0.01,576000,-0.3449113,461,300.0,1920,1247,5359,0.0001,0.001771426759660244
0.01,577200,-0.29471761999999996,462,300.0,1924,1247,5371,0.0001,0.0007810383103787899
0.01,578400,-0.4413169599999999,463,300.0,1928,1248,5383,0.0001,0.0009115692228078842
0.01,579600,-0.4036104099999999,463,300.0,1932,1249,5395,0.0001,0.0021873258519917727
0.01,580800,-0.35330071999999996,464,300.0,1936,1250,5407,0.0001,0.001054340391419828
0.01,582000,-0.32278355999999986,464,300.0,1940,1251,5419,0.0001,0.0012153862044215202
0.01,583200,-0.30994101999999984,465,300.0,1944,1252,5431,0.0001,0.000966171151958406
0.01,584400,-0.2211609899999998,466,300.0,1948,1253,5443,0.0001,0.0007652674103155732
0.01,585600,-0.23843270999999988,466,300.0,1952,1254,5455,0.0001,0.0007453610887750983
0.01,586800,-0.33504864000000006,467,300.0,1956,1255,5467,0.0001,0.0008040955290198326
0.01,588000,-0.4656076900000001,468,300.0,1960,1256,5479,0.0001,0.0006979760946705937
0.01,589200,-0.46741539000000004,468,300.0,1964,1257,5491,0.0001,0.0012989119859412313
0.01,590400,-0.4075126600000001,469,300.0,1968,1257,5503,0.0001,0.0007705219322815537
0.01,591600,-0.19410907000000002,469,300.0,1972,1258,5515,0.0001,0.0009108003578148782
0.01,592800,-0.20711544,470,300.0,1976,1259,5527,0.0001,0.001077794237062335
0.01,594000,-0.13527611000000003,471,300.0,1980,1260,5539,0.0001,0.0008580194553360343
0.01,595200,-0.15295642000000004,471,300.0,1984,1261,5551,0.0001,0.0011851568706333637
0.01,596400,-0.25776256,472,300.0,1988,1262,5563,0.0001,0.0009244518587365746
0.01,597600,-0.11131225,472,300.0,1992,1263,5575,0.0001,0.0009747075382620096
0.01,598800,-0.14163418000000005,473,300.0,1996,1264,5587,0.0001,0.0006991541595198214
0.01,600000,-0.16543946000000007,518,300.0,2000,1157,5599,0.0001,0.0008644063491374254
0.01,601200,-0.09904378000000005,519,300.0,2004,1158,5611,0.0001,0.0006319793174043298
0.01,602400,-0.15005643000000007,519,300.0,2008,1159,5623,0.0001,0.0008575520478188992
0.01,603600,-0.06966603000000007,520,300.0,2012,1160,5635,0.0001,0.0011846403358504176
0.01,604800,-0.13609908000000012,520,300.0,2016,1161,5647,0.0001,0.0010344075271859765
0.01,606000,-0.26850777000000015,521,300.0,2020,1162,5659,0.0001,0.0008237103465944529
0.01,607200,-0.3727336900000001,521,300.0,2024,1163,5671,0.0001,0.0007282336009666324
0.01,608400,-0.34198653999999995,522,300.0,2028,1163,5683,0.0001,0.0008091252529993653
0.01,609600,-0.40223203000000013,523,300.0,2032,1164,5695,0.0001,0.001134391175583005
0.01,610800,-0.4941508200000001,524,300.0,2036,1165,5707,0.0001,0.0007192068733274937
0.01,612000,-0.24641245000000012,524,300.0,2040,1166,5719,0.0001,0.0008731569396331906
0.01,613200,-0.15674051,525,300.0,2044,1167,5731,0.0001,0.0008343936642631888
0.01,614400,-0.17884102000000002,525,300.0,2048,1168,5743,0.0001,0.0015860052080824971
0.01,615600,-0.11782963000000007,526,300.0,2052,1169,5755,0.0001,0.0009191560093313456
0.01,616800,-0.13366807000000003,527,300.0,2056,1170,5767,0.0001,0.000851278833579272
0.01,618000,-0.009856589999999983,527,300.0,2060,1170,5779,0.0001,0.000977648189291358
0.01,619200,-0.11117013,528,300.0,2064,1171,5791,0.0001,0.0008652854012325406
0.01,620400,-0.008922559999999975,529,300.0,2068,1172,5803,0.0001,0.0009052627719938755
0.01,621600,-0.04724263999999998,529,300.0,2072,1173,5815,0.0001,0.0005358834750950336
0.01,622800,-0.08331046999999998,530,300.0,2076,1174,5827,0.0001,0.0009623233927413821
0.01,624000,-0.13153577,530,300.0,2080,1175,5839,0.0001,0.0008961370913311839
0.01,625200,-0.07053983999999998,531,300.0,2084,1175,5851,0.0001,0.0007019165786914527
0.01,626400,-0.02069539999999996,532,300.0,2088,1176,5863,0.0001,0.0007837772718630731
0.01,627600,-0.033549670000000045,532,300.0,2092,1177,5875,0.0001,0.0010365827474743128
0.01,628800,-0.08275307000000001,533,300.0,2096,1178,5887,0.0001,0.0007863579667173326
0.01,630000,-0.09495854,533,300.0,2100,1179,5899,0.0001,0.0007386753568425775
0.01,631200,-0.18731412999999997,534,300.0,2104,1180,5911,0.0001,0.0007186060538515449
0.01,632400,0.05015452000000005,535,300.0,2108,1181,5923,0.0001,0.0007155286730267107
0.01,633600,0.026635870000000002,535,300.0,2112,1182,5935,0.0001,0.0006135243456810713
0.01,634800,0.20337806999999997,536,300.0,2116,1183,5947,0.0001,0.0007946060504764318
0.01,636000,0.22126534000000006,537,300.0,2120,1184,5959,0.0001,0.0006843614391982555
0.01,637200,0.36864466000000007,537,300.0,2124,1185,5971,0.0001,0.0007567388820461929
0.01,638400,0.49931050000000005,538,300.0,2128,1186,5983,0.0001,0.0007433461723849177
0.01,639600,0.5470420600000001,538,300.0,2132,1187,5995,0.0001,0.0008885596180334687
0.01,640800,0.5280052099999999,539,300.0,2136,1188,6007,0.0001,0.0008474278729408979
0.01,642000,0.3604483399999999,539,300.0,2140,1189,6019,0.0001,0.0009298122604377568
0.01,643200,0.29143705000000003,540,300.0,2144,1190,6031,0.0001,0.0007425036747008562
0.01,644400,0.1923380299999999,541,300.0,2148,1191,6043,0.0001,0.0007391776307485998
0.01,645600,0.037105319999999935,541,300.0,2152,1192,6055,0.0001,0.0009605681989341974
0.01,646800,0.20478773,542,300.0,2156,1192,6067,0.0001,0.0008028600132092834
0.01,648000,0.07507333999999997,542,300.0,2160,1193,6079,0.0001,0.0008371327421627939
0.01,649200,0.20676632999999994,543,300.0,2164,1194,6091,0.0001,0.0006530281389132142
0.01,650400,0.19356649000000004,543,300.0,2168,1195,6103,0.0001,0.0007121764356270432
0.01,651600,0.31688728000000005,544,300.0,2172,1196,6115,0.0001,0.0006838130648247898
0.01,652800,0.28269110999999997,545,300.0,2176,1197,6127,0.0001,0.000739237351808697
0.01,654000,0.33426145999999995,545,300.0,2180,1198,6139,0.0001,0.0009885432664304972
0.01,655200,0.39819329000000003,546,300.0,2184,1199,6151,0.0001,0.0007106622215360403
0.01,656400,0.58999244,546,300.0,2188,1200,6163,0.0001,0.0006104542990215123
0.01,657600,0.56609458,547,300.0,2192,1200,6175,0.0001,0.0006781732081435621
0.01,658800,0.7206502200000001,548,300.0,2196,1201,6187,0.0001,0.0006347973248921335
0.01,660000,0.77409119,548,300.0,2200,1202,6199,0.0001,0.0007102916715666652
0.01,661200,0.86068168,549,300.0,2204,1203,6211,0.0001,0.0006325719878077507
0.01,662400,0.8431742199999998,550,300.0,2208,1204,6223,0.0001,0.0006862593581900001
0.01,663600,0.690818,550,300.0,2212,1205,6235,0.0001,0.000555765233002603
0.01,664800,0.82259169,551,300.0,2216,1206,6247,0.0001,0.0008531897910870612
0.01,666000,1.01354541,551,300.0,2220,1206,6259,0.0001,0.0009885012404993176
0.01,667200,0.8351975599999999,552,300.0,2224,1207,6271,0.0001,0.000747295911423862
0.01,668400,0.83376958,553,300.0,2228,1208,6283,0.0001,0.0008710262482054532
0.01,669600,0.79468669,553,300.0,2232,1209,6295,0.0001,0.0008696680306456983
0.01,670800,0.8135029600000001,554,300.0,2236,1210,6307,0.0001,0.0005500160623341799
0.01,672000,0.8344004599999999,554,300.0,2240,1211,6319,0.0001,0.0005446283030323684
0.01,673200,0.84828779,555,300.0,2244,1212,6331,0.0001,0.0006988490931689739
0.01,674400,0.9612535600000001,555,300.0,2248,1213,6343,0.0001,0.0009002647711895406
0.01,675600,1.1681221000000002,556,300.0,2252,1213,6355,0.0001,0.0008410747395828366
0.01,676800,1.03752039,557,300.0,2256,1214,6367,0.0001,0.0006033716490492225
0.01,678000,1.1894259200000001,557,300.0,2260,1215,6379,0.0001,0.0006518629961647093
0.01,679200,1.0378323800000002,558,300.0,2264,1215,6391,0.0001,0.0014318396570160985
0.01,680400,1.1185581900000001,559,300.0,2268,1216,6403,0.0001,0.0005973022198304534
0.01,681600,0.98974041,559,300.0,2272,1217,6415,0.0001,0.0007994339102879167
0.01,682800,1.01151576,560,300.0,2276,1218,6427,0.0001,0.0006967961089685559
0.01,684000,1.0639323,561,300.0,2280,1218,6439,0.0001,0.0005785005632787943
0.01,685200,1.0373324199999998,561,300.0,2284,1219,6451,0.0001,0.000699907832313329
0.01,686400,0.76685512,562,300.0,2288,1220,6463,0.0001,0.0009063053294084966
0.01,687600,0.8760740000000001,562,300.0,2292,1221,6475,0.0001,0.0004972168244421482
0.01,688800,0.7661393900000003,563,300.0,2296,1222,6487,0.0001,0.0005848271539434791
0.01,690000,0.5509199000000001,564,300.0,2300,1223,6499,0.0001,0.0007704177405685186
0.01,691200,0.5093661500000001,564,300.0,2304,1223,6511,0.0001,0.0005239105084910989
0.01,692400,0.3752973600000001,565,300.0,2308,1224,6523,0.0001,0.0008923792047426105
0.01,693600,0.37342763999999995,565,300.0,2312,1225,6535,0.0001,0.0006440900615416467
0.01,694800,0.1985801699999999,566,300.0,2316,1226,6547,0.0001,0.000888326670974493
0.01,696000,0.008935729999999866,567,300.0,2320,1227,6559,0.0001,0.0005824245745316148
0.01,697200,0.10288002999999986,567,300.0,2324,1227,6571,0.0001,0.0005223937332630157
0.01,698400,0.031808229999999924,568,300.0,2328,1228,6583,0.0001,0.001021622447296977
0.01,699600,0.23539773999999994,568,300.0,2332,1229,6595,0.0001,0.0006847369950264692
0.01,700800,0.3367051,615,300.0,2336,1137,6607,0.0001,0.000753122556488961
0.01,702000,0.44419352,616,300.0,2340,1138,6619,0.0001,0.0007609097519889474
0.01,703200,0.41738495,617,300.0,2344,1139,6631,0.0001,0.0007007552194409072
0.01,704400,0.44387516,617,300.0,2348,1140,6643,0.0001,0.0013427815865725279
0.01,705600,0.37157826,618,300.0,2352,1140,6655,0.0001,0.0008312186691910028
0.01,706800,0.4122134400000001,619,300.0,2356,1141,6667,0.0001,0.0008033828344196081
0.01,708000,0.44745821000000013,619,300.0,2360,1142,6679,0.0001,0.0006656053010374308
0.01,709200,0.5065722200000001,620,300.0,2364,1143,6691,0.0001,0.0005298235919326544
0.01,710400,0.47177363,620,300.0,2368,1144,6703,0.0001,0.0008641775930300355
0.01,711600,0.5919437200000001,621,300.0,2372,1145,6715,0.0001,0.0007286274922080338
0.01,712800,0.4575080899999999,622,300.0,2376,1145,6727,0.0001,0.0007506002439185977
0.01,714000,0.32706789999999997,622,300.0,2380,1146,6739,0.0001,0.0007600942044518888
0.01,715200,0.3224758599999999,623,300.0,2384,1147,6751,0.0001,0.0007457149913534522
0.01,716400,0.47009097999999994,623,300.0,2388,1148,6763,0.0001,0.0006343401037156582
0.01,717600,0.30844387,624,300.0,2392,1148,6775,0.0001,0.0005791658768430352
0.01,718800,0.43527417,625,300.0,2396,1149,6787,0.0001,0.0007875219453126192
0.01,720000,0.5797407200000001,625,300.0,2400,1150,6799,0.0001,0.0010210679611191154
0.01,721200,0.61289852,626,300.0,2404,1151,6811,0.0001,0.0007675100350752473
0.01,722400,0.5230474399999999,626,300.0,2408,1152,6823,0.0001,0.0007218537502922118
0.01,723600,0.72046644,627,300.0,2412,1153,6835,0.0001,0.0007318226271308959
0.01,724800,0.7243503700000001,628,300.0,2416,1153,6847,0.0001,0.0008379945065826178
0.01,726000,0.75804353,628,300.0,2420,1154,6859,0.0001,0.0005619096918962896
0.01,727200,0.70505145,629,300.0,2424,1155,6871,0.0001,0.0005276467418298125
0.01,728400,0.7001198200000001,629,300.0,2428,1156,6883,0.0001,0.0008491985499858856
0.01,729600,0.56116653,630,300.0,2432,1157,6895,0.0001,0.0008361577056348324
0.01,730800,0.49309076000000013,631,300.0,2436,1158,6907,0.0001,0.0010461844503879547
0.01,732000,0.29764971999999995,631,300.0,2440,1158,6919,0.0001,0.0008242594776675105
0.01,733200,0.28319118000000004,632,300.0,2444,1159,6931,0.0001,0.0005400383961386979
0.01,734400,0.14199130000000001,632,300.0,2448,1160,6943,0.0001,0.0005317357135936618
0.01,735600,0.07377329999999993,633,300.0,2452,1161,6955,0.0001,0.0007481159991584718
0.01,736800,-0.010155990000000026,634,300.0,2456,1162,6967,0.0001,0.00057071668561548
0.01,738000,-0.14528645999999998,634,300.0,2460,1162,6979,0.0001,0.0005425467970781028
0.01,739200,-0.15575576,635,300.0,2464,1163,6991,0.0001,0.0006562052294611931
0.01,740400,-0.15975766,635,300.0,2468,1164,7003,0.0001,0.0006197256152518094
0.01,741600,-0.19465217,636,300.0,2472,1165,7015,0.0001,0.0007017498137429357
0.01,742800,-0.0920931000000001,637,300.0,2476,1165,7027,0.0001,0.0006462843739427626
0.01,744000,-0.01278136000000003,637,300.0,2480,1166,7039,0.0001,0.0008122142753563821
0.01,745200,0.020247280000000013,638,300.0,2484,1167,7051,0.0001,0.0008814672473818064
0.01,746400,0.08161803999999999,639,300.0,2488,1167,7063,0.0001,0.0010850232793018222
0.01,747600,0.11661136000000001,639,300.0,2492,1168,7075,0.0001,0.0005340097704902291
0.01,748800,0.07076001000000005,640,300.0,2496,1169,7087,0.0001,0.0010123085230588913
0.01,750000,0.041939080000000004,640,300.0,2500,1170,7099,0.0001,0.0007138915825635195
0.01,751200,-0.030545260000000008,641,300.0,2504,1171,7111,0.0001,0.0006739713717252016
0.01,752400,0.07223202000000001,642,300.0,2508,1171,7123,0.0001,0.0005192043026909232
0.01,753600,-0.09845245,642,300.0,2512,1172,7135,0.0001,0.0006948421942070127
0.01,754800,-0.040875929999999984,643,300.0,2516,1172,7147,0.0001,0.0006154318689368665
0.01,756000,-0.19317689999999998,644,300.0,2520,1173,7159,0.0001,0.0010473778238520026
0.01,757200,-0.09444915999999996,644,300.0,2524,1174,7171,0.0001,0.0006573911523446441
0.01,758400,0.011417370000000062,645,300.0,2528,1175,7183,0.0001,0.0007431035628542304
0.01,759600,-0.16610549999999996,646,300.0,2532,1175,7195,0.0001,0.0006347800372168422
0.01,760800,0.010650960000000013,646,300.0,2536,1176,7207,0.0001,0.0008109262562356889
0.01,762000,0.06257413999999999,647,300.0,2540,1177,7219,0.0001,0.0006749414606019855
0.01,763200,0.022956330000000028,648,300.0,2544,1177,7231,0.0001,0.0007293823873624206
0.01,764400,0.12031870000000006,648,300.0,2548,1178,7243,0.0001,0.0007066167308948934
0.01,765600,0.06772092,649,300.0,2552,1178,7255,0.0001,0.000653234776109457
0.01,766800,0.13093313000000004,650,300.0,2556,1179,7267,0.0001,0.0005960417911410332
0.01,768000,0.16498594999999994,650,300.0,2560,1180,7279,0.0001,0.000610082468483597
0.01,769200,-0.03148675000000004,651,300.0,2564,1180,7291,0.0001,0.0008668469381518662
0.01,770400,-0.15293983,651,300.0,2568,1181,7303,0.0001,0.0008215943817049265
0.01,771600,-0.16658103000000007,652,300.0,2572,1182,7315,0.0001,0.0007524652173742652
0.01,772800,-0.19147325,653,300.0,2576,1183,7327,0.0001,0.0006271752645261586
0.01,774000,-0.32066806999999997,653,300.0,2580,1183,7339,0.0001,0.0006133553106337786
0.01,775200,-0.37515708000000003,654,300.0,2584,1184,7351,0.0001,0.0007314414251595736
0.01,776400,-0.3342167300000001,654,300.0,2588,1185,7363,0.0001,0.000804757815785706
0.01,777600,-0.33054855999999994,655,300.0,2592,1186,7375,0.0001,0.00048526294995099306
0.01,778800,-0.3565760700000001,656,300.0,2596,1186,7387,0.0001,0.0005169572541490197
0.01,780000,-0.3748505900000001,656,300.0,2600,1187,7399,0.0001,0.0005449309828691185
0.01,781200,-0.28608041,657,300.0,2604,1188,7411,0.0001,0.0005672391271218657
0.01,782400,-0.30085676,658,300.0,2608,1188,7423,0.0001,0.0005085665616206825
0.01,783600,-0.22169881000000002,658,300.0,2612,1189,7435,0.0001,0.0006244488758966327
0.01,784800,-0.42898762999999995,659,300.0,2616,1190,7447,0.0001,0.0006886967457830906
0.01,786000,-0.37559656000000013,659,300.0,2620,1191,7459,0.0001,0.0005628178478218615
0.01,787200,-0.3144934800000001,660,300.0,2624,1191,7471,0.0001,0.0008585337200202048
0.01,788400,-0.43404956,661,300.0,2628,1192,7483,0.0001,0.0005079837865196168
0.01,789600,-0.27185896,661,300.0,2632,1193,7495,0.0001,0.0006725885323248804
0.01,790800,-0.5039904500000002,662,300.0,2636,1194,7507,0.0001,0.0006528644589707255
0.01,792000,-0.46823613000000025,662,300.0,2640,1194,7519,0.0001,0.0007182961562648416
0.01,793200,-0.3879983200000001,663,300.0,2644,1195,7531,0.0001,0.0007425561780110002
0.01,794400,-0.48737789000000015,663,300.0,2648,1196,7543,0.0001,0.0008056173683144152
0.01,795600,-0.3965957800000001,664,300.0,2652,1197,7555,0.0001,0.000716899405233562
0.01,796800,-0.31618819000000015,665,300.0,2656,1197,7567,0.0001,0.0008309659315273166
0.01,798000,-0.26145274,665,300.0,2660,1198,7579,0.0001,0.0007065188838168979
0.01,799200,-0.14612484000000006,666,300.0,2664,1198,7591,0.0001,0.0006935870624147356
0.01,800400,-0.048836550000000055,713,300.0,2668,1121,7603,0.0001,0.0007375845452770591
0.01,801600,0.059248539999999884,714,300.0,2672,1122,7615,0.0001,0.0005610963562503457
0.01,802800,0.028956359999999935,714,300.0,2676,1123,7627,0.0001,0.0006844444433227181
0.01,804000,0.08958190999999999,715,300.0,2680,1124,7639,0.0001,0.0005838741781190038
0.01,805200,0.11175046000000002,715,300.0,2684,1124,7651,0.0001,0.0005470182513818145
0.01,806400,-0.0199075200000001,716,300.0,2688,1125,7663,0.0001,0.0004633585049305111
0.01,807600,-0.13080992000000013,717,300.0,2692,1126,7675,0.0001,0.0006142387865111232
0.01,808800,-0.1551703500000001,717,300.0,2696,1127,7687,0.0001,0.0005889881867915392
0.01,810000,-0.07337672000000006,718,300.0,2700,1127,7699,0.0001,0.000660038844216615
0.01,811200,-0.16313066000000012,718,300.0,2704,1128,7711,0.0001,0.0014347413089126348
0.01,812400,-0.06983247000000009,719,300.0,2708,1129,7723,0.0001,0.0005619913572445512
0.01,813600,-0.21356199999999997,720,300.0,2712,1129,7735,0.0001,0.0006454031681641936
0.01,814800,-0.09618492000000002,720,300.0,2716,1130,7747,0.0001,0.0007339761359617114
0.01,816000,-0.13994099,721,300.0,2720,1131,7759,0.0001,0.000721180927939713
0.01,817200,-0.32590137999999996,721,300.0,2724,1132,7771,0.0001,0.0009554862626828253
0.01,818400,-0.10174306000000005,722,300.0,2728,1132,7783,0.0001,0.0005515166558325291
0.01,819600,-0.05454915000000003,722,300.0,2732,1133,7795,0.0001,0.0006062228931114078
0.01,820800,0.027999900000000105,723,300.0,2736,1134,7807,0.0001,0.0007090725703164935
0.01,822000,0.03119695000000011,724,300.0,2740,1134,7819,0.0001,0.000697427720297128
0.01,823200,0.17285400999999992,724,300.0,2744,1135,7831,0.0001,0.0005549710476770997
0.01,824400,0.13509331999999996,725,300.0,2748,1136,7843,0.0001,0.0005553183727897704
0.01,825600,0.12018511000000004,726,300.0,2752,1136,7855,0.0001,0.0007705441676080227
0.01,826800,0.12653431000000007,726,300.0,2756,1137,7867,0.0001,0.0005945172160863876
0.01,828000,0.01291796000000006,727,300.0,2760,1138,7879,0.0001,0.0005539698759093881
0.01,829200,-0.06031504999999993,728,300.0,2764,1138,7891,0.0001,0.0005366828409023583
0.01,830400,-0.13883495000000004,729,300.0,2768,1138,7903,0.0001,0.0007167428848333657
0.01,831600,-0.17798392000000007,729,300.0,2772,1139,7915,0.0001,0.0006349221803247929
0.01,832800,-0.22938203000000004,730,300.0,2776,1140,7927,0.0001,0.0004931567818857729
0.01,834000,-0.24842136999999997,730,300.0,2780,1141,7939,0.0001,0.0007162723923102021
0.01,835200,-0.38224097,731,300.0,2784,1141,7951,0.0001,0.000656163552775979
0.01,836400,-0.39978607999999993,732,300.0,2788,1142,7963,0.0001,0.0006913469405844808
0.01,837600,-0.4403251399999999,732,300.0,2792,1143,7975,0.0001,0.0009006236796267331
0.01,838800,-0.4039551599999999,733,300.0,2796,1144,7987,0.0001,0.000700182281434536
0.01,840000,-0.43828106,733,300.0,2800,1144,7999,0.0001,0.0005877153598703444
0.01,841200,-0.53254853,734,300.0,2804,1145,8011,0.0001,0.0005971885402686894
0.01,842400,-0.65177661,735,300.0,2808,1146,8023,0.0001,0.0006792492931708694
0.01,843600,-0.5696688199999999,735,300.0,2812,1146,8035,0.0001,0.0006532963016070426
0.01,844800,-0.7165822199999999,736,300.0,2816,1147,8047,0.0001,0.0008291415288113058
0.01,846000,-0.7127981699999999,736,300.0,2820,1148,8059,0.0001,0.0007974571199156344
0.01,847200,-0.6162112799999999,737,300.0,2824,1148,8071,0.0001,0.0007591013563796878
0.01,848400,-0.7937673899999999,738,300.0,2828,1148,8083,0.0001,0.0005050605977885425
0.01,849600,-0.8280060399999999,739,300.0,2832,1149,8095,0.0001,0.0008215378038585186
0.01,850800,-0.7558522499999999,739,300.0,2836,1150,8107,0.0001,0.0008286540396511555
0.01,852000,-0.7124628599999998,740,300.0,2840,1150,8119,0.0001,0.0007738927379250526
0.01,853200,-0.78858383,741,300.0,2844,1151,8131,0.0001,0.0006061804015189409
0.01,854400,-0.6282538700000001,741,300.0,2848,1152,8143,0.0001,0.0007605985156260431
0.01,855600,-0.4917705500000001,742,300.0,2852,1152,8155,0.0001,0.0009129906538873911
0.01,856800,-0.58386036,742,300.0,2856,1153,8167,0.0001,0.0007154831546358764
0.01,858000,-0.5681452499999999,743,300.0,2860,1153,8179,0.0001,0.0007803628104738891
0.01,859200,-0.4664284799999999,744,300.0,2864,1154,8191,0.0001,0.0010590010788291693
0.01,860400,-0.42743014,744,300.0,2868,1155,8203,0.0001,0.0005080766859464347
0.01,861600,-0.46428105,745,300.0,2872,1155,8215,0.0001,0.0004548158904071897
0.01,862800,-0.35791605999999987,746,300.0,2876,1156,8227,0.0001,0.0004772070678882301
0.01,864000,-0.4447864999999998,746,300.0,2880,1157,8239,0.0001,0.0008494564099237323
0.01,865200,-0.31960114999999995,747,300.0,2884,1157,8251,0.0001,0.0006852149963378906
0.01,866400,-0.37265436,747,300.0,2888,1158,8263,0.0001,0.0005525292363017797
0.01,867600,-0.31502759999999996,748,300.0,2892,1158,8275,0.0001,0.0006806280580349267
0.01,868800,-0.29209685999999996,749,300.0,2896,1159,8287,0.0001,0.0005211754469200969
0.01,870000,-0.33257164999999994,749,300.0,2900,1160,8299,0.0001,0.0008579986169934273
0.01,871200,-0.09407505999999996,750,300.0,2904,1161,8311,0.0001,0.0005065820878371596
0.01,872400,-0.038379829999999934,750,300.0,2908,1161,8323,0.0001,0.0005590665969066322
0.01,873600,0.08507611000000008,751,300.0,2912,1162,8335,0.0001,0.0006052028620615602
0.01,874800,0.31498486000000003,752,300.0,2916,1163,8347,0.0001,0.0007220070110633969
0.01,876000,0.53552592,752,300.0,2920,1163,8359,0.0001,0.0009287487482652068
0.01,877200,0.5265194500000001,753,300.0,2924,1164,8371,0.0001,0.0009233562741428614
0.01,878400,0.44955614000000016,753,300.0,2928,1165,8383,0.0001,0.000822013127617538
0.01,879600,0.4233863300000001,754,300.0,2932,1165,8395,0.0001,0.0005888076266273856
0.01,880800,0.26521734,755,300.0,2936,1166,8407,0.0001,0.0004372322291601449
0.01,882000,0.16036350000000005,755,300.0,2940,1166,8419,0.0001,0.0005995173705741763
0.01,883200,0.17039323000000003,756,300.0,2944,1167,8431,0.0001,0.0007272650836966932
0.01,884400,0.14195748999999994,757,300.0,2948,1168,8443,0.0001,0.0005426278221420944
0.01,885600,0.19175213,757,300.0,2952,1168,8455,0.0001,0.0005180265288800001
0.01,886800,0.26317952,758,300.0,2956,1168,8467,0.0001,0.0006492630345746875
0.01,888000,0.31647896000000003,759,300.0,2960,1169,8479,0.0001,0.000643509381916374
0.01,889200,0.26088774000000003,759,300.0,2964,1170,8491,0.0001,0.0007526818662881851
0.01,890400,0.35112185,760,300.0,2968,1170,8503,0.0001,0.0007056079339236021
0.01,891600,0.39704008,761,300.0,2972,1171,8515,0.0001,0.0007467824034392834
0.01,892800,0.43685176000000014,761,300.0,2976,1171,8527,0.0001,0.0006271103629842401
0.01,894000,0.5259793899999999,762,300.0,2980,1172,8539,0.0001,0.0005196478450670838
0.01,895200,0.6018428699999998,763,300.0,2984,1172,8551,0.0001,0.0008072068449109793
0.01,896400,0.6504171400000002,763,300.0,2988,1173,8563,0.0001,0.0004873852012678981
0.01,897600,0.6706712400000001,764,300.0,2992,1174,8575,0.0001,0.0008016754873096943
0.01,898800,0.7976158199999999,765,300.0,2996,1174,8587,0.0001,0.0005227290093898773
0.01,900000,0.8109822100000001,812,300.0,3000,1107,8599,0.0001,0.0007207895396277308
0.01,901200,0.69721988,813,300.0,3004,1108,8611,0.0001,0.0007870577974244952
0.01,902400,0.76447245,813,300.0,3008,1108,8623,0.0001,0.0006488775252364576
0.01,903600,0.7444058200000003,814,300.0,3012,1109,8635,0.0001,0.0005970869679003954
0.01,904800,0.68620236,815,300.0,3016,1110,8647,0.0001,0.0005401527741923928
0.01,906000,0.5752739600000001,815,300.0,3020,1110,8659,0.0001,0.00078992621274665
0.01,907200,0.47718263,816,300.0,3024,1111,8671,0.0001,0.0005552149377763271
0.01,908400,0.48842574000000005,816,300.0,3028,1111,8683,0.0001,0.0005631876992993057
0.01,909600,0.48029601,817,300.0,3032,1112,8695,0.0001,0.0007064259261824191
0.01,910800,0.5860460500000001,818,300.0,3036,1112,8707,0.0001,0.0005924837896600366
0.01,912000,0.65885515,819,300.0,3040,1113,8719,0.0001,0.0005171080119907856
0.01,913200,0.63416709,819,300.0,3044,1114,8731,0.0001,0.0005533355288207531
0.01,914400,0.6990462700000002,820,300.0,3048,1114,8743,0.0001,0.0004942012601532042
0.01,915600,0.64246476,820,300.0,3052,1115,8755,0.0001,0.0005630346713587642
0.01,916800,0.66289394,821,300.0,3056,1115,8767,0.0001,0.0007644001161679626
0.01,918000,0.67439443,822,300.0,3060,1116,8779,0.0001,0.0006903300527483225
0.01,919200,0.8686579300000001,823,300.0,3064,1116,8791,0.0001,0.000697081966791302
0.01,920400,0.7259668699999999,823,300.0,3068,1117,8803,0.0001,0.0007654348737560213
0.01,921600,0.6131752899999999,824,300.0,3072,1117,8815,0.0001,0.0007275896496139467
0.01,922800,0.6120272499999999,825,300.0,3076,1118,8827,0.0001,0.0007505980902351439
0.01,924000,0.5301427,825,300.0,3080,1118,8839,0.0001,0.0005631017265841365
0.01,925200,0.37320463000000004,826,300.0,3084,1119,8851,0.0001,0.0005286993109621108
0.01,926400,0.3464163599999999,827,300.0,3088,1119,8863,0.0001,0.0005047856247983873
0.01,927600,0.47190811,828,300.0,3092,1119,8875,0.0001,0.0006606371025554836
0.01,928800,0.2185124899999999,829,300.0,3096,1120,8887,0.0001,0.0018118161242455244
0.01,930000,0.23419677000000003,829,300.0,3100,1120,8899,0.0001,0.0005463921115733683
0.01,931200,0.18497630999999995,830,300.0,3104,1121,8911,0.0001,0.0005354908062145114
0.01,932400,0.10600439999999994,831,300.0,3108,1121,8923,0.0001,0.0004978129873052239
0.01,933600,0.17223012999999995,831,300.0,3112,1122,8935,0.0001,0.0007237893296405673
0.01,934800,0.13603138999999997,832,300.0,3116,1123,8947,0.0001,0.0005892484332434833
0.01,936000,0.10695679999999999,833,300.0,3120,1123,8959,0.0001,0.001128053874708712
0.01,937200,0.09870165,833,300.0,3124,1124,8971,0.0001,0.0005634551635012031
0.01,938400,0.04127624999999997,834,300.0,3128,1124,8983,0.0001,0.0006375284283421934
0.01,939600,0.05437924000000005,834,300.0,3132,1125,8995,0.0001,0.0006962204352021217
0.01,940800,0.0055830600000000485,835,300.0,3136,1125,9007,0.0001,0.00042864331044256687
0.01,942000,-0.03646496000000003,836,300.0,3140,1126,9019,0.0001,0.0004533602041192353
0.01,943200,-0.09752939000000004,836,300.0,3144,1127,9031,0.0001,0.0006631274591200054
0.01,944400,-0.2090653,837,300.0,3148,1127,9043,0.0001,0.0005963798612356186
0.01,945600,-0.28896311999999996,838,300.0,3152,1128,9055,0.0001,0.0007210377370938659
0.01,946800,-0.4141287799999999,838,300.0,3156,1128,9067,0.0001,0.0007605435675941408
0.01,948000,-0.55277417,839,300.0,3160,1129,9079,0.0001,0.000639068428426981
0.01,949200,-0.5874364999999999,840,300.0,3164,1129,9091,0.0001,0.0006166272796690464
0.01,950400,-0.61357577,840,300.0,3168,1130,9103,0.0001,0.0005796797340735793
0.01,951600,-0.54047388,841,300.0,3172,1131,9115,0.0001,0.0008888287120498717
0.01,952800,-0.49033820000000006,841,300.0,3176,1131,9127,0.0001,0.0005764911766164005
0.01,954000,-0.36218568999999995,842,300.0,3180,1132,9139,0.0001,0.0005944605800323188
0.01,955200,-0.27358313999999995,843,300.0,3184,1133,9151,0.0001,0.0007385161006823182
0.01,956400,-0.19087527999999998,843,300.0,3188,1133,9163,0.0001,0.0006061911699362099
0.01,957600,-0.3014484,844,300.0,3192,1134,9175,0.0001,0.0006216383189894259
0.01,958800,-0.11939338999999997,844,300.0,3196,1134,9187,0.0001,0.0005144996102899313
0.01,960000,-0.1593542,845,300.0,3200,1135,9199,0.0001,0.000625795335508883
0.01,961200,-0.047347839999999974,846,300.0,3204,1135,9211,0.0001,0.0007242158753797412
0.01,962400,-0.09539199000000004,846,300.0,3208,1136,9223,0.0001,0.0006699884543195367
0.01,963600,-0.21546502000000003,847,300.0,3212,1136,9235,0.0001,0.0005438649095594883
0.01,964800,-0.16253516999999987,848,300.0,3216,1137,9247,0.0001,0.0007798743899911642
0.01,966000,-0.18716803999999992,849,300.0,3220,1137,9259,0.0001,0.0007785259513184428
0.01,967200,-0.10051112000000004,849,300.0,3224,1137,9271,0.0001,0.0005670019891113043
0.01,968400,0.031048219999999915,850,300.0,3228,1138,9283,0.0001,0.0006769208703190088
0.01,969600,0.05933404999999997,851,300.0,3232,1138,9295,0.0001,0.0006550333928316832
0.01,970800,0.12572452,851,300.0,3236,1139,9307,0.0001,0.0007108855061233044
0.01,972000,0.22375612999999991,852,300.0,3240,1139,9319,0.0001,0.0010349120711907744
0.01,973200,0.24426553999999995,853,300.0,3244,1140,9331,0.0001,0.0005319517804309726
0.01,974400,0.19731024000000005,853,300.0,3248,1141,9343,0.0001,0.0007648748578503728
0.01,975600,0.15233694,854,300.0,3252,1141,9355,0.0001,0.0005607309867627919
0.01,976800,0.08683813000000004,855,300.0,3256,1142,9367,0.0001,0.0005480895051732659
0.01,978000,0.18436771000000005,856,300.0,3260,1142,9379,0.0001,0.0005784437526017427
0.01,979200,0.02869329999999997,857,300.0,3264,1142,9391,0.0001,0.0005455560167320073
0.01,980400,0.044208649999999974,857,300.0,3268,1143,9403,0.0001,0.0010348563082516193
0.01,981600,-0.019055629999999987,858,300.0,3272,1143,9415,0.0001,0.0007727425545454025
0.01,982800,-0.15251541999999996,859,300.0,3276,1143,9427,0.0001,0.0011621026787906885
0.01,984000,-0.17397381999999997,859,300.0,3280,1144,9439,0.0001,0.0007373088737949729
0.01,985200,-0.12678556000000005,860,300.0,3284,1145,9451,0.0001,0.0005877859657630324
0.01,986400,-0.23096284999999997,861,300.0,3288,1145,9463,0.0001,0.0005157699924893677
0.01,987600,-0.05634441999999993,861,300.0,3292,1146,9475,0.0001,0.0007185579161159694
0.01,988800,-0.28850861999999994,862,300.0,3296,1146,9487,0.0001,0.0005751938442699611
0.01,990000,-0.2204713200000001,862,300.0,3300,1147,9499,0.0001,0.0006461560842581093
0.01,991200,-0.31513415,863,300.0,3304,1147,9511,0.0001,0.0005837256321683526
0.01,992400,-0.35090116000000005,864,300.0,3308,1148,9523,0.0001,0.0005396725027821958
0.01,993600,-0.39211416999999993,865,300.0,3312,1148,9535,0.0001,0.0006283537950366735
0.01,994800,-0.48581219999999997,865,300.0,3316,1148,9547,0.0001,0.0007925755344331264
0.01,996000,-0.33942593000000004,866,300.0,3320,1149,9559,0.0001,0.0006102976622059941
0.01,997200,-0.4097628400000001,867,300.0,3324,1149,9571,0.0001,0.0006476331036537886
0.01,998400,-0.47774864000000006,867,300.0,3328,1150,9583,0.0001,0.0006841884460300207
0.01,999600,-0.48030700000000004,868,300.0,3332,1151,9595,0.0001,0.0006676598568446934
0.01,1000800,-0.5187313100000001,917,300.0,3336,1091,9607,0.0001,0.0005991990910843015
0.01,1002000,-0.46535487000000003,917,300.0,3340,1091,9619,0.0001,0.0006743832491338253
0.01,1003200,-0.5107546399999999,918,300.0,3344,1092,9631,0.0001,0.0005383494426496327
0.01,1004400,-0.49127702999999984,919,300.0,3348,1092,9643,0.0001,0.0006155312294140458
0.01,1005600,-0.43610785999999996,920,300.0,3352,1092,9655,0.0001,0.0004754565597977489
0.01,1006800,-0.28882091000000004,920,300.0,3356,1093,9667,0.0001,0.0007485909736715257
0.01,1008000,-0.34143661999999997,921,300.0,3360,1094,9679,0.0001,0.0008182753808796406
0.01,1009200,-0.19151807,922,300.0,3364,1094,9691,0.0001,0.0007562025566585362
0.01,1010400,-0.11253646,922,300.0,3368,1094,9703,0.0001,0.0008821598603390157
0.01,1011600,-0.06795025000000002,923,300.0,3372,1095,9715,0.0001,0.0005465968861244619
0.01,1012800,0.03589033999999999,924,300.0,3376,1095,9727,0.0001,0.0006752869812771678
0.01,1014000,-0.09073359000000003,924,300.0,3380,1096,9739,0.0001,0.0005877992953173816
0.01,1015200,-0.13790896000000005,925,300.0,3384,1096,9751,0.0001,0.000511945050675422
0.01,1016400,-0.12418142999999997,926,300.0,3388,1097,9763,0.0001,0.0006606274982914329
0.01,1017600,-0.09098673,927,300.0,3392,1097,9775,0.0001,0.0006034808466210961
0.01,1018800,-0.10354205999999998,927,300.0,3396,1098,9787,0.0001,0.0006485877092927694
0.01,1020000,-0.11525009999999998,928,300.0,3400,1098,9799,0.0001,0.0005681744078174233
0.01,1021200,-0.26125748000000004,929,300.0,3404,1099,9811,0.0001,0.0006629647105000913
0.01,1022400,-0.28161808,929,300.0,3408,1099,9823,0.0001,0.0005771068390458822
0.01,1023600,-0.26049586999999996,930,300.0,3412,1100,9835,0.0001,0.0007529914146289229
0.01,1024800,-0.32343072999999994,930,300.0,3416,1100,9847,0.0001,0.000704496749676764
0.01,1026000,-0.47515861000000004,931,300.0,3420,1101,9859,0.0001,0.0007823961786925793
0.01,1027200,-0.48438473000000004,932,300.0,3424,1101,9871,0.0001,0.0006440822035074234
0.01,1028400,-0.5305418100000001,932,300.0,3428,1102,9883,0.0001,0.0006291420431807637
0.01,1029600,-0.5879418900000001,933,300.0,3432,1102,9895,0.0001,0.0008380210492759943
0.01,1030800,-0.70002712,934,300.0,3436,1103,9907,0.0001,0.0006075606215745211
0.01,1032000,-0.7920263899999999,934,300.0,3440,1104,9919,0.0001,0.0005160384462215006
0.01,1033200,-0.7736397299999999,935,300.0,3444,1104,9931,0.0001,0.0006651227013207972
0.01,1034400,-0.7984309700000002,935,300.0,3448,1105,9943,0.0001,0.0006143355858512223
0.01,1035600,-0.7798586000000002,936,300.0,3452,1105,9955,0.0001,0.0004277283442206681
0.01,1036800,-0.8216521299999999,937,300.0,3456,1106,9967,0.0001,0.0011100394185632467
0.01,1038000,-0.72746747,938,300.0,3460,1106,9979,0.0001,0.0005929205799475312
0.01,1039200,-0.8380045500000002,938,300.0,3464,1107,9991,0.0001,0.000591578776948154
0.01,1040400,-0.82536442,939,300.0,3468,1107,10003,0.0001,0.0009803390130400658
0.01,1041600,-0.9502125399999999,940,300.0,3472,1108,10015,0.0001,0.0011569950729608536
0.01,1042800,-1.06198736,940,300.0,3476,1108,10027,0.0001,0.0024254005402326584
0.01,1044000,-0.9815647999999999,941,300.0,3480,1109,10039,0.0001,0.0006827251636423171
0.01,1045200,-0.9903040800000003,941,300.0,3484,1109,10051,0.0001,0.0005334603483788669
0.01,1046400,-1.0447970999999996,942,300.0,3488,1109,10063,0.0001,0.0018147334922105074
0.01,1047600,-1.2829798,943,300.0,3492,1110,10075,0.0001,0.0006807621102780104
0.01,1048800,-1.12584599,944,300.0,3496,1110,10087,0.0001,0.00045784167014062405
0.01,1050000,-1.15965805,944,300.0,3500,1111,10099,0.0001,0.0005647229263558984
0.01,1051200,-1.01408119,945,300.0,3504,1111,10111,0.0001,0.00075352075509727
0.01,1052400,-0.7996521399999998,946,300.0,3508,1112,10123,0.0001,0.0007882171776145697
0.01,1053600,-0.7353693499999998,946,300.0,3512,1112,10135,0.0001,0.0005977890687063336
0.01,1054800,-0.6618106699999999,947,300.0,3516,1113,10147,0.0001,0.0011990669881924987
0.01,1056000,-0.56125038,948,300.0,3520,1113,10159,0.0001,0.0006277881911955774
0.01,1057200,-0.36341771999999994,949,300.0,3524,1113,10171,0.0001,0.0007331459200941026
0.01,1058400,-0.32032848,950,300.0,3528,1114,10183,0.0001,0.0012081537861377
0.01,1059600,-0.36789237,950,300.0,3532,1114,10195,0.0001,0.0004919870989397168
0.01,1060800,-0.2902672399999999,951,300.0,3536,1115,10207,0.0001,0.0007394744316115975
0.01,1062000,-0.46092726999999994,951,300.0,3540,1115,10219,0.0001,0.0007650302723050117
0.01,1063200,-0.47827821,952,300.0,3544,1116,10231,0.0001,0.0005823283572681248
0.01,1064400,-0.4786374699999999,953,300.0,3548,1116,10243,0.0001,0.0006411646609194577
0.01,1065600,-0.42045109999999997,953,300.0,3552,1117,10255,0.0001,0.000892657961230725
0.01,1066800,-0.19385902,954,300.0,3556,1117,10267,0.0001,0.0004720940487459302
0.01,1068000,-0.24441079999999993,955,300.0,3560,1118,10279,0.0001,0.0006092996336519718
0.01,1069200,-0.23969254999999998,955,300.0,3564,1118,10291,0.0001,0.0007391404360532761
0.01,1070400,-0.2811763,956,300.0,3568,1119,10303,0.0001,0.0008035431383177638
0.01,1071600,-0.09551813000000003,957,300.0,3572,1119,10315,0.0001,0.0008496376103721559
0.01,1072800,0.09675982,957,300.0,3576,1119,10327,0.0001,0.0011989923659712076
0.01,1074000,0.19321345999999998,958,300.0,3580,1120,10339,0.0001,0.0010408689267933369
0.01,1075200,0.13664934000000004,959,300.0,3584,1120,10351,0.0001,0.0007937539485283196
0.01,1076400,0.2927403499999999,960,300.0,3588,1121,10363,0.0001,0.0006071136449463665
0.01,1077600,0.43308999,960,300.0,3592,1121,10375,0.0001,0.0007411265978589654
0.01,1078800,0.47972132999999995,961,300.0,3596,1122,10387,0.0001,0.0006709095323458314
0.01,1080000,0.5472767399999999,961,300.0,3600,1122,10399,0.0001,0.0005655037821270525
0.01,1081200,0.5600143999999999,962,300.0,3604,1123,10411,0.0001,0.0006882238667458296
0.01,1082400,0.50098415,963,300.0,3608,1123,10423,0.0001,0.0005570208886638284
0.01,1083600,0.4274295399999999,963,300.0,3612,1124,10435,0.0001,0.0005134420352987945
0.01,1084800,0.44294498,964,300.0,3616,1124,10447,0.0001,0.0007295887917280197
0.01,1086000,0.3316418399999999,964,300.0,3620,1125,10459,0.0001,0.000707023311406374
0.01,1087200,0.2592935699999999,965,300.0,3624,1125,10471,0.0001,0.0004933535819873214
0.01,1088400,0.27540577999999993,966,300.0,3628,1126,10483,0.0001,0.0006029711803421378
0.01,1089600,0.27752629999999995,966,300.0,3632,1127,10495,0.0001,0.0008325167000293732
0.01,1090800,0.18434308000000002,967,300.0,3636,1127,10507,0.0001,0.0005300295888446271
0.01,1092000,0.46410412000000006,968,300.0,3640,1127,10519,0.0001,0.0015055285766720772
0.01,1093200,0.60333737,968,300.0,3644,1128,10531,0.0001,0.0008611410157755017
0.01,1094400,0.5949137500000001,969,300.0,3648,1128,10543,0.0001,0.001079328591004014
0.01,1095600,0.35491643999999994,970,300.0,3652,1129,10555,0.0001,0.0006154323928058147
0.01,1096800,0.10995559,970,300.0,3656,1129,10567,0.0001,0.0006992040434852242
0.01,1098000,0.15619768999999997,971,300.0,3660,1130,10579,0.0001,0.0007831897819414735
0.01,1099200,0.1798284,972,300.0,3664,1130,10591,0.0001,0.0005696065491065383
0.01,1100400,0.32457023999999995,1021,300.0,3668,1077,10603,0.0001,0.0011154586682096124
0.01,1101600,0.29066384,1021,300.0,3672,1078,10615,0.0001,0.00047752002137713134
0.01,1102800,0.17136342000000007,1022,300.0,3676,1078,10627,0.0001,0.0005893920315429568
0.01,1104000,-0.01837287999999991,1023,300.0,3680,1079,10639,0.0001,0.0006238709320314229
0.01,1105200,0.1646078300000001,1023,300.0,3684,1079,10651,0.0001,0.0006195944733917713
0.01,1106400,0.14955291000000007,1024,300.0,3688,1080,10663,0.0001,0.0008054926292970777
0.01,1107600,0.07152768000000011,1024,300.0,3692,1080,10675,0.0001,0.0010198871605098248
0.01,1108800,0.01429209000000003,1025,300.0,3696,1081,10687,0.0001,0.0008192509412765503
0.01,1110000,-0.026882259999999963,1026,300.0,3700,1081,10699,0.0001,0.0006514041451737285
0.01,1111200,-0.06751238999999999,1026,300.0,3704,1082,10711,0.0001,0.0007936472538858652
0.01,1112400,-0.042181979999999994,1027,300.0,3708,1082,10723,0.0001,0.001971832476556301
0.01,1113600,0.02670954000000008,1028,300.0,3712,1082,10735,0.0001,0.0005902162520214915
0.01,1114800,-0.03070967999999987,1029,300.0,3716,1083,10747,0.0001,0.0004611553158611059
0.01,1116000,0.017793880000000074,1029,300.0,3720,1083,10759,0.0001,0.00047846659435890615
0.01,1117200,0.14926804999999999,1030,300.0,3724,1084,10771,0.0001,0.0007493906887248158
0.01,1118400,0.06454686999999999,1031,300.0,3728,1084,10783,0.0001,0.0005338647169992328
0.01,1119600,0.20555412,1031,300.0,3732,1085,10795,0.0001,0.0006051032687537372
0.01,1120800,0.27168489000000007,1032,300.0,3736,1085,10807,0.0001,0.0007962527452036738
0.01,1122000,0.12733184000000003,1033,300.0,3740,1085,10819,0.0001,0.0005278807366266847
0.01,1123200,0.02851813,1033,300.0,3744,1086,10831,0.0001,0.0005893390625715256
0.01,1124400,-0.016025429999999997,1034,300.0,3748,1086,10843,0.0001,0.0005457832012325525
0.01,1125600,0.13145120999999993,1035,300.0,3752,1087,10855,0.0001,0.0008477965020574629
0.01,1126800,0.17427219999999996,1035,300.0,3756,1087,10867,0.0001,0.0009146000375039876
0.01,1128000,0.25298336999999993,1036,300.0,3760,1087,10879,0.0001,0.0004539680085144937
0.01,1129200,0.29436079,1037,300.0,3764,1088,10891,0.0001,0.000947275198996067
0.01,1130400,0.12818084000000007,1038,300.0,3768,1088,10903,0.0001,0.0006950023234821856
0.01,1131600,0.09660886000000003,1039,300.0,3772,1088,10915,0.0001,0.000611152732744813
0.01,1132800,0.02513577999999997,1039,300.0,3776,1089,10927,0.0001,0.0007942139636725187
0.01,1134000,0.17115679999999994,1040,300.0,3780,1089,10939,0.0001,0.0006801783456467092
0.01,1135200,0.05778743000000002,1041,300.0,3784,1090,10951,0.0001,0.001470837858505547
0.01,1136400,0.10127119999999998,1041,300.0,3788,1090,10963,0.0001,0.0007644614670425653
0.01,1137600,0.29194324,1042,300.0,3792,1091,10975,0.0001,0.0006169539992697537
0.01,1138800,0.18852399000000003,1043,300.0,3796,1091,10987,0.0001,0.00088879483519122
0.01,1140000,0.058911189999999974,1043,300.0,3800,1092,10999,0.0001,0.0005174915422685444
0.01,1141200,-0.01922023,1044,300.0,3804,1092,11011,0.0001,0.0007927728584036231
0.01,1142400,-0.17609418999999998,1045,300.0,3808,1093,11023,0.0001,0.0007098191417753696
0.01,1143600,-0.06216124999999999,1045,300.0,3812,1093,11035,0.0001,0.0009330924367532134
0.01,1144800,0.09437405999999998,1046,300.0,3816,1093,11047,0.0001,0.0006636279285885394
0.01,1146000,0.21910500999999993,1047,300.0,3820,1094,11059,0.0001,0.0009900687728077173
0.01,1147200,0.04545244999999995,1048,300.0,3824,1094,11071,0.0001,0.0006104618078097701
0.01,1148400,0.12236991999999997,1048,300.0,3828,1095,11083,0.0001,0.0003696610510814935
0.01,1149600,0.037358970000000005,1049,300.0,3832,1095,11095,0.0001,0.0007311591180041432
0.01,1150800,0.12689666000000002,1049,300.0,3836,1096,11107,0.0001,0.0006739410455338657
0.01,1152000,0.11307009000000007,1050,300.0,3840,1096,11119,0.0001,0.0005328627303242683
0.01,1153200,0.17842655000000002,1051,300.0,3844,1096,11131,0.0001,0.001482157502323389
0.01,1154400,0.31680516000000003,1051,300.0,3848,1097,11143,0.0001,0.0005668034427799284
0.01,1155600,0.32209567000000006,1052,300.0,3852,1097,11155,0.0001,0.0006769858882762492
0.01,1156800,0.33049770999999994,1053,300.0,3856,1098,11167,0.0001,0.0005994173116050661
0.01,1158000,0.23042739000000004,1053,300.0,3860,1098,11179,0.0001,0.0009759176755324006
0.01,1159200,0.19072644,1054,300.0,3864,1099,11191,0.0001,0.002331842901185155
0.01,1160400,0.26798382,1054,300.0,3868,1099,11203,0.0001,0.0006023061578162014
0.01,1161600,0.037379619999999995,1055,300.0,3872,1100,11215,0.0001,0.0005155205144546926
0.01,1162800,0.10545536999999999,1056,300.0,3876,1100,11227,0.0001,0.0005843376275151968
0.01,1164000,0.09309121000000001,1057,300.0,3880,1101,11239,0.0001,0.0006777156377211213
0.01,1165200,-0.042471069999999944,1057,300.0,3884,1101,11251,0.0001,0.0006282988470047712
0.01,1166400,-0.20606709999999995,1058,300.0,3888,1101,11263,0.0001,0.0006117412121966481
0.01,1167600,-0.38865800000000017,1059,300.0,3892,1102,11275,0.0001,0.0012881684815511107
0.01,1168800,-0.34471209,1060,300.0,3896,1102,11287,0.0001,0.0006666980916634202
0.01,1170000,-0.22165096,1060,300.0,3900,1103,11299,0.0001,0.0007404731004498899
0.01,1171200,-0.3709396100000001,1061,300.0,3904,1103,11311,0.0001,0.0004830557154491544
0.01,1172400,-0.30424928000000007,1062,300.0,3908,1103,11323,0.0001,0.0016376449493691325
0.01,1173600,-0.3441464800000001,1062,300.0,3912,1104,11335,0.0001,0.0006207093829289079
0.01,1174800,-0.4206019299999999,1063,300.0,3916,1104,11347,0.0001,0.0026997895911335945
0.01,1176000,-0.53980081,1064,300.0,3920,1105,11359,0.0001,0.0007245057495310903
0.01,1177200,-0.5230865400000001,1064,300.0,3924,1105,11371,0.0001,0.0006802869029343128
0.01,1178400,-0.4569318100000001,1065,300.0,3928,1105,11383,0.0001,0.0006919902516528964
0.01,1179600,-0.37972295999999994,1066,300.0,3932,1106,11395,0.0001,0.0006608234252780676
0.01,1180800,-0.48935227000000003,1066,300.0,3936,1106,11407,0.0001,0.0014354842714965343
0.01,1182000,-0.4136357100000001,1067,300.0,3940,1107,11419,0.0001,0.0008186233462765813
0.01,1183200,-0.5304091799999999,1068,300.0,3944,1107,11431,0.0001,0.0007756558479741216
0.01,1184400,-0.5529317300000001,1069,300.0,3948,1107,11443,0.0001,0.0005112910293973982
0.01,1185600,-0.5479385600000001,1069,300.0,3952,1108,11455,0.0001,0.0013141477247700095
0.01,1186800,-0.45702644000000014,1070,300.0,3956,1108,11467,0.0001,0.0005409079021774232
0.01,1188000,-0.48024298000000004,1071,300.0,3960,1109,11479,0.0001,0.0007689876947551966
0.01,1189200,-0.39668712,1071,300.0,3964,1109,11491,0.0001,0.0006252795574255288
0.01,1190400,-0.42440011,1072,300.0,3968,1110,11503,0.0001,0.0007218130049295723
0.01,1191600,-0.20425918000000004,1073,300.0,3972,1110,11515,0.0001,0.0006585832452401519
0.01,1192800,-0.14799089000000007,1073,300.0,3976,1110,11527,0.0001,0.0006566271185874939
0.01,1194000,-0.10182874000000001,1074,300.0,3980,1111,11539,0.0001,0.0007911315187811852
0.01,1195200,0.11147038000000002,1075,300.0,3984,1111,11551,0.0001,0.0005464226705953479
0.01,1196400,0.14120773999999994,1076,300.0,3988,1111,11563,0.0001,0.0006709375302307308
0.01,1197600,0.21724733000000004,1076,300.0,3992,1112,11575,0.0001,0.0006205507088452578
0.01,1198800,0.22512425,1077,300.0,3996,1112,11587,0.0001,0.0008822688832879066
0.01,1200000,0.32919352999999996,1126,300.0,4000,1064,11599,0.0001,0.0007615930517204106
0.01,1201200,0.6160798999999999,1127,300.0,4004,1065,11611,0.0001,0.0005917767412029207
0.01,1202400,0.57575142,1128,300.0,4008,1065,11623,0.0001,0.0006209388375282288
0.01,1203600,0.42193413999999996,1129,300.0,4012,1065,11635,0.0001,0.0004928968846797943
0.01,1204800,0.3590178699999999,1130,300.0,4016,1066,11647,0.0001,0.0004982320824638009
0.01,1206000,0.36385852,1130,300.0,4020,1066,11659,0.0001,0.0007187348091974854
0.01,1207200,0.3838662900000001,1131,300.0,4024,1066,11671,0.0001,0.0005238130106590688
0.01,1208400,0.38501439000000004,1132,300.0,4028,1066,11683,0.0001,0.000921506667509675
0.01,1209600,0.38831568000000005,1133,300.0,4032,1067,11695,0.0001,0.000647017965093255
0.01,1210800,0.4359350399999999,1134,300.0,4036,1067,11707,0.0001,0.0007421502377837896
0.01,1212000,0.3445261899999999,1134,300.0,4040,1067,11719,0.0001,0.0005169770447537303
0.01,1213200,0.37427132999999996,1135,300.0,4044,1068,11731,0.0001,0.0015058598946779966
0.01,1214400,0.37159201000000003,1136,300.0,4048,1068,11743,0.0001,0.0010035455925390124
0.01,1215600,0.47244344,1136,300.0,4052,1069,11755,0.0001,0.0005265772342681885
0.01,1216800,0.56347984,1137,300.0,4056,1069,11767,0.0001,0.0006018832791596651
0.01,1218000,0.64497298,1138,300.0,4060,1069,11779,0.0001,0.0007513946038670838
0.01,1219200,0.6607400800000001,1139,300.0,4064,1070,11791,0.0001,0.00047217958490364254
0.01,1220400,0.60328151,1139,300.0,4068,1070,11803,0.0001,0.0006091911345720291
0.01,1221600,0.46468569000000004,1140,300.0,4072,1071,11815,0.0001,0.00045603542821481824
0.01,1222800,0.26617547,1141,300.0,4076,1071,11827,0.0001,0.001986287534236908
0.01,1224000,0.23393682000000005,1141,300.0,4080,1072,11839,0.0001,0.0008393175667151809
0.01,1225200,0.16063898999999993,1142,300.0,4084,1072,11851,0.0001,0.000665189465507865
0.01,1226400,0.21613475999999995,1142,300.0,4088,1073,11863,0.0001,0.0005075404769740999
0.01,1227600,0.13612781999999995,1143,300.0,4092,1073,11875,0.0001,0.0007529347785748541
0.01,1228800,0.07840930000000002,1144,300.0,4096,1073,11887,0.0001,0.0008770804852247238
0.01,1230000,0.019068600000000036,1144,300.0,4100,1074,11899,0.0001,0.0006158485193736851
0.01,1231200,0.07196546999999999,1145,300.0,4104,1074,11911,0.0001,0.0008729255059733987
0.01,1232400,0.06091939999999998,1146,300.0,4108,1075,11923,0.0001,0.0010995980119332671
0.01,1233600,0.10079211999999999,1146,300.0,4112,1075,11935,0.0001,0.00181567610707134
0.01,1234800,0.22189215,1147,300.0,4116,1075,11947,0.0001,0.0006333742057904601
0.01,1236000,0.28665087,1148,300.0,4120,1076,11959,0.0001,0.0005786066176369786
0.01,1237200,0.27426057,1149,300.0,4124,1076,11971,0.0001,0.00063360232161358
0.01,1238400,0.26731002,1149,300.0,4128,1077,11983,0.0001,0.0033158068545162678
0.01,1239600,0.31228871999999996,1150,300.0,4132,1077,11995,0.0001,0.0005229025264270604
0.01,1240800,0.37621531999999996,1151,300.0,4136,1077,12007,0.0001,0.0008397519704885781
0.01,1242000,0.4187033799999999,1151,300.0,4140,1078,12019,0.0001,0.0007754350081086159
0.01,1243200,0.41168633,1152,300.0,4144,1078,12031,0.0001,0.0009071913664229214
0.01,1244400,0.44004058999999995,1153,300.0,4148,1078,12043,0.0001,0.0007386862998828292
0.01,1245600,0.32344232000000006,1153,300.0,4152,1079,12055,0.0001,0.0007758717983961105
0.01,1246800,0.10458874999999997,1154,300.0,4156,1079,12067,0.0001,0.0007808628142811358
0.01,1248000,0.08179075000000001,1155,300.0,4160,1080,12079,0.0001,0.0007161899702623487
0.01,1249200,-0.054695449999999986,1155,300.0,4164,1080,12091,0.0001,0.0008575773099437356
0.01,1250400,-0.07301586999999998,1156,300.0,4168,1081,12103,0.0001,0.0006532672559842467
0.01,1251600,-0.0333406,1157,300.0,4172,1081,12115,0.0001,0.0007551727467216551
0.01,1252800,-0.011773629999999966,1158,300.0,4176,1081,12127,0.0001,0.0007310460205189884
0.01,1254000,-0.07193077,1159,300.0,4180,1081,12139,0.0001,0.0009264779509976506
0.01,1255200,-0.06392607999999997,1159,300.0,4184,1082,12151,0.0001,0.0007019550539553165
0.01,1256400,-0.06220729999999998,1160,300.0,4188,1082,12163,0.0001,0.0007154673803597689
0.01,1257600,0.04484018999999998,1161,300.0,4192,1083,12175,0.0001,0.0006842805305495858
0.01,1258800,0.32169695,1161,300.0,4196,1083,12187,0.0001,0.004232752602547407
0.01,1260000,0.39368883000000005,1162,300.0,4200,1084,12199,0.0001,0.0005447259172797203
0.01,1261200,0.38697175,1163,300.0,4204,1084,12211,0.0001,0.0007805417408235371
0.01,1262400,0.45988331000000005,1163,300.0,4208,1084,12223,0.0001,0.0006801116978749633
0.01,1263600,0.3815088799999999,1164,300.0,4212,1085,12235,0.0001,0.0005298623582348228
0.01,1264800,0.3207338999999999,1165,300.0,4216,1085,12247,0.0001,0.000538552412763238
0.01,1266000,0.24794269999999996,1165,300.0,4220,1085,12259,0.0001,0.0006116570439189672
0.01,1267200,0.26525269999999995,1166,300.0,4224,1086,12271,0.0001,0.0007722307927906513
0.01,1268400,0.24413928,1167,300.0,4228,1086,12283,0.0001,0.000535261700861156
0.01,1269600,0.22433465999999996,1168,300.0,4232,1086,12295,0.0001,0.0004986045532859862
0.01,1270800,0.19456747000000005,1168,300.0,4236,1087,12307,0.0001,0.0005762347718700767
0.01,1272000,0.08861551000000001,1169,300.0,4240,1087,12319,0.0001,0.0007442243513651192
0.01,1273200,-0.00991358999999996,1170,300.0,4244,1088,12331,0.0001,0.0010301765287294984
0.01,1274400,-0.05089018999999993,1170,300.0,4248,1088,12343,0.0001,0.0010769010987132788
0.01,1275600,-0.019861369999999986,1171,300.0,4252,1089,12355,0.0001,0.0027652690187096596
0.01,1276800,-0.027913970000000045,1171,300.0,4256,1089,12367,0.0001,0.0014628571225330234
0.01,1278000,-0.17608426000000005,1172,300.0,4260,1089,12379,0.0001,0.0009520837920717895
0.01,1279200,-0.12602711,1173,300.0,4264,1090,12391,0.0001,0.0006427505286410451
0.01,1280400,0.030084730000000035,1173,300.0,4268,1090,12403,0.0001,0.0012057616841048002
0.01,1281600,0.07180544000000005,1174,300.0,4272,1091,12415,0.0001,0.0007352944812737405
0.01,1282800,0.20579347999999997,1175,300.0,4276,1091,12427,0.0001,0.000984568614512682
0.01,1284000,0.17440986999999994,1175,300.0,4280,1091,12439,0.0001,0.0007272430812008679
0.01,1285200,0.14212505999999997,1176,300.0,4284,1092,12451,0.0001,0.0015049329958856106
0.01,1286400,0.08689212000000002,1177,300.0,4288,1092,12463,0.0001,0.001011488726362586
0.01,1287600,0.04463618000000004,1178,300.0,4292,1092,12475,0.0001,0.000640809943433851
0.01,1288800,-0.08656789999999999,1178,300.0,4296,1093,12487,0.0001,0.0006788558675907552
0.01,1290000,-0.12104096999999996,1179,300.0,4300,1093,12499,0.0001,0.0006480158772319555
0.01,1291200,-0.12234448999999997,1180,300.0,4304,1094,12511,0.0001,0.0006763493292964995
0.01,1292400,-0.07252645999999999,1180,300.0,4308,1094,12523,0.0001,0.0006760354735888541
0.01,1293600,-0.0032337699999999726,1181,300.0,4312,1094,12535,0.0001,0.001174255390651524
0.01,1294800,-0.06296524999999996,1182,300.0,4316,1095,12547,0.0001,0.0007151758181862533
0.01,1296000,-0.11728667999999995,1183,300.0,4320,1095,12559,0.0001,0.0011722319759428501
0.01,1297200,-0.20007145999999995,1183,300.0,4324,1095,12571,0.0001,0.00037014155532233417
0.01,1298400,-0.22253581,1184,300.0,4328,1096,12583,0.0001,0.001109211822040379
0.01,1299600,-0.23024204999999998,1185,300.0,4332,1096,12595,0.0001,0.0006558860768564045
0.01,1300800,-0.17751736,1235,300.0,4336,1053,12607,0.0001,0.0011979755945503712
0.01,1302000,-0.1385776100000001,1235,300.0,4340,1053,12619,0.0001,0.0005026277503930032
0.01,1303200,-0.05516461000000005,1236,300.0,4344,1053,12631,0.0001,0.002759270602837205
0.01,1304400,-0.07487676000000001,1237,300.0,4348,1054,12643,0.0001,0.0006659661303274333
0.01,1305600,-0.17789759,1238,300.0,4352,1054,12655,0.0001,0.000619463506154716
0.01,1306800,-0.044847989999999935,1238,300.0,4356,1054,12667,0.0001,0.0008695225114934146
0.01,1308000,0.13237699,1239,300.0,4360,1055,12679,0.0001,0.0007512070587836206
0.01,1309200,0.18723775999999995,1240,300.0,4364,1055,12691,0.0001,0.0007076259353198111
0.01,1310400,0.08540921999999992,1241,300.0,4368,1055,12703,0.0001,0.0011807003756985068
0.01,1311600,0.12144869,1241,300.0,4372,1056,12715,0.0001,0.0006819786503911018
0.01,1312800,0.12278675000000003,1242,300.0,4376,1056,12727,0.0001,0.001079876208677888
0.01,1314000,0.04692561000000002,1243,300.0,4380,1056,12739,0.0001,0.0020807264372706413
0.01,1315200,0.14225313,1243,300.0,4384,1057,12751,0.0001,0.0006248996942304075
0.01,1316400,0.24403654000000002,1244,300.0,4388,1057,12763,0.0001,0.00047905792598612607
0.01,1317600,0.22403676000000006,1245,300.0,4392,1058,12775,0.0001,0.0007781720487400889
0.01,1318800,0.21925797000000002,1246,300.0,4396,1058,12787,0.0001,0.000428765662945807
0.01,1320000,0.09187012999999997,1246,300.0,4400,1058,12799,0.0001,0.0006155096343718469
0.01,1321200,0.04544832999999999,1247,300.0,4404,1059,12811,0.0001,0.0009356022928841412
0.01,1322400,-0.24294791,1248,300.0,4408,1059,12823,0.0001,0.0006612481083720922
0.01,1323600,-0.32138442000000006,1249,300.0,4412,1059,12835,0.0001,0.0007845192449167371
0.01,1324800,-0.44352786,1250,300.0,4416,1059,12847,0.0001,0.0008078974206000566
0.01,1326000,-0.44825642000000004,1250,300.0,4420,1060,12859,0.0001,0.0012084172340109944
0.01,1327200,-0.38119572999999995,1251,300.0,4424,1060,12871,0.0001,0.0006935829878784716
0.01,1328400,-0.40269108,1252,300.0,4428,1060,12883,0.0001,0.0007634929497726262
0.01,1329600,-0.38653226999999996,1253,300.0,4432,1060,12895,0.0001,0.001000989694148302
0.01,1330800,-0.51377316,1253,300.0,4436,1061,12907,0.0001,0.0011817021295428276
0.01,1332000,-0.50087185,1254,300.0,4440,1061,12919,0.0001,0.0012447644257918
0.01,1333200,-0.44415434,1255,300.0,4444,1062,12931,0.0001,0.0006632369477301836
0.01,1334400,-0.50262242,1256,300.0,4448,1062,12943,0.0001,0.0005040711257606745
0.01,1335600,-0.5436507599999999,1256,300.0,4452,1062,12955,0.0001,0.0006964807398617268
0.01,1336800,-0.44839786,1257,300.0,4456,1063,12967,0.0001,0.0008967763860709965
0.01,1338000,-0.39575628,1258,300.0,4460,1063,12979,0.0001,0.0010041054338216782
0.01,1339200,-0.43689322,1258,300.0,4464,1063,12991,0.0001,0.0007981890812516212
0.01,1340400,-0.45083651,1259,300.0,4468,1064,13003,0.0001,0.0020048008300364017
0.01,1341600,-0.4165072,1260,300.0,4472,1064,13015,0.0001,0.0005018005613237619
0.01,1342800,-0.47550470000000006,1260,300.0,4476,1065,13027,0.0001,0.00039846418076194823
0.01,1344000,-0.37321579,1261,300.0,4480,1065,13039,0.0001,0.0007624697173014283
0.01,1345200,-0.2878250600000001,1262,300.0,4484,1065,13051,0.0001,0.0006647317204624414
0.01,1346400,-0.32900883999999997,1262,300.0,4488,1066,13063,0.0001,0.0005220579914748669
0.01,1347600,-0.3907320799999999,1263,300.0,4492,1066,13075,0.0001,0.0006084810593165457
0.01,1348800,-0.39605286999999995,1264,300.0,4496,1066,13087,0.0001,0.0006530864047817886
0.01,1350000,-0.3754072600000001,1264,300.0,4500,1067,13099,0.0001,0.0008200171869248152
0.01,1351200,-0.42666235,1265,300.0,4504,1067,13111,0.0001,0.0007402459159493446
0.01,1352400,-0.23331334999999995,1266,300.0,4508,1068,13123,0.0001,0.0006303202826529741
0.01,1353600,-0.016966929999999988,1267,300.0,4512,1068,13135,0.0001,0.0026122964918613434
0.01,1354800,0.18783399999999997,1267,300.0,4516,1068,13147,0.0001,0.0010746102780103683
0.01,1356000,0.25982845999999993,1268,300.0,4520,1068,13159,0.0001,0.0005350997671484947
0.01,1357200,0.2445043399999999,1269,300.0,4524,1069,13171,0.0001,0.0006945160566829145
0.01,1358400,0.21546291999999997,1270,300.0,4528,1069,13183,0.0001,0.0006166755920276046
0.01,1359600,0.11895441,1270,300.0,4532,1069,13195,0.0001,0.0005966279422864318
0.01,1360800,0.30693462999999993,1271,300.0,4536,1070,13207,0.0001,0.0019177747890353203
0.01,1362000,0.3113802999999999,1272,300.0,4540,1070,13219,0.0001,0.0007431837730109692
0.01,1363200,0.2534993400000001,1272,300.0,4544,1071,13231,0.0001,0.0007220696425065398
0.01,1364400,0.2813541800000002,1273,300.0,4548,1071,13243,0.0001,0.0011339301709085703
0.01,1365600,0.32633116,1273,300.0,4552,1071,13255,0.0001,0.0007892351713962853
0.01,1366800,0.09108810999999996,1274,300.0,4556,1072,13267,0.0001,0.0007132627069950104
0.01,1368000,0.003009179999999949,1275,300.0,4560,1072,13279,0.0001,0.0007148886797949672
0.01,1369200,-0.024400640000000005,1275,300.0,4564,1073,13291,0.0001,0.000772445579059422
0.01,1370400,-0.007636950000000001,1276,300.0,4568,1073,13303,0.0001,0.0006649759598076344
0.01,1371600,0.16096653999999994,1277,300.0,4572,1073,13315,0.0001,0.0010909329866990447
0.01,1372800,0.23235137999999997,1278,300.0,4576,1074,13327,0.0001,0.0008861239766702056
0.01,1374000,0.2907539,1278,300.0,4580,1074,13339,0.0001,0.0006931212265044451
0.01,1375200,0.07448091000000001,1279,300.0,4584,1074,13351,0.0001,0.0006425963947549462
0.01,1376400,0.060437130000000006,1280,300.0,4588,1075,13363,0.0001,0.0006004811730235815
0.01,1377600,0.06248993,1280,300.0,4592,1075,13375,0.0001,0.00045825025881640613
0.01,1378800,-0.033223089999999955,1281,300.0,4596,1075,13387,0.0001,0.0007010481785982847
0.01,1380000,0.07200106000000002,1282,300.0,4600,1076,13399,0.0001,0.0006162438658066094
0.01,1381200,-0.021248459999999973,1283,300.0,4604,1076,13411,0.0001,0.0008359340718016028
0.01,1382400,-0.12232443999999995,1283,300.0,4608,1076,13423,0.0001,0.000555991951841861
0.01,1383600,-0.30428722,1284,300.0,4612,1077,13435,0.0001,0.0008043667767196894
0.01,1384800,-0.3920203399999999,1285,300.0,4616,1077,13447,0.0001,0.0004714015522040427
0.01,1386000,-0.49327669,1285,300.0,4620,1078,13459,0.0001,0.0006665575783699751
0.01,1387200,-0.45999832999999996,1286,300.0,4624,1078,13471,0.0001,0.0006487403297796845
0.01,1388400,-0.4164994899999999,1287,300.0,4628,1078,13483,0.0001,0.0006908651557751
0.01,1389600,-0.4648054699999999,1287,300.0,4632,1079,13495,0.0001,0.0005390469450503588
0.01,1390800,-0.6912677799999999,1288,300.0,4636,1079,13507,0.0001,0.0008666773792356253
0.01,1392000,-0.54874029,1289,300.0,4640,1079,13519,0.0001,0.0007687477045692503
0.01,1393200,-0.47987307,1289,300.0,4644,1080,13531,0.0001,0.0010322750313207507
0.01,1394400,-0.4780121399999999,1290,300.0,4648,1080,13543,0.0001,0.0006609971169382334
0.01,1395600,-0.46476371,1290,300.0,4652,1081,13555,0.0001,0.0007348934886977077
0.01,1396800,-0.32982147999999994,1291,300.0,4656,1081,13567,0.0001,0.0009254880715161562
0.01,1398000,-0.25925855999999997,1292,300.0,4660,1081,13579,0.0001,0.000432754575740546
0.01,1399200,-0.29093584000000006,1292,300.0,4664,1082,13591,0.0001,0.0011173737002536654
0.01,1400400,-0.28141527000000005,1344,300.0,4668,1041,13603,0.0001,0.000670282228384167
0.01,1401600,-0.32617448999999993,1345,300.0,4672,1041,13615,0.0001,0.0010472399881109595
0.01,1402800,-0.3608398199999999,1346,300.0,4676,1042,13627,0.0001,0.0006450538639910519
0.01,1404000,-0.3481188599999999,1346,300.0,4680,1042,13639,0.0001,0.0011157229309901595
0.01,1405200,-0.30477829,1347,300.0,4684,1042,13651,0.0001,0.0007467775722034276
0.01,1406400,-0.24507895000000002,1348,300.0,4688,1043,13663,0.0001,0.0007304961327463388
0.01,1407600,-0.2556646500000001,1349,300.0,4692,1043,13675,0.0001,0.0010439021280035377
0.01,1408800,-0.2250996100000001,1349,300.0,4696,1043,13687,0.0001,0.0006581831839866936
0.01,1410000,-0.3316766100000001,1350,300.0,4700,1044,13699,0.0001,0.0006617790786549449
0.01,1411200,-0.24239650999999998,1351,300.0,4704,1044,13711,0.0001,0.0005284210201352835
0.01,1412400,-0.14316902999999997,1351,300.0,4708,1044,13723,0.0001,0.0005948873586021364
0.01,1413600,-0.16603846,1352,300.0,4712,1045,13735,0.0001,0.0008338959887623787
0.01,1414800,-0.15064845999999998,1353,300.0,4716,1045,13747,0.0001,0.0007611066102981567
0.01,1416000,-0.035446699999999984,1353,300.0,4720,1046,13759,0.0001,0.0006645581452175975
0.01,1417200,0.02536257999999999,1354,300.0,4724,1046,13771,0.0001,0.0008748547406867146
0.01,1418400,0.05603903,1355,300.0,4728,1046,13783,0.0001,0.0006573681021109223
0.01,1419600,0.06739832999999998,1355,300.0,4732,1047,13795,0.0001,0.0005461247055791318
0.01,1420800,0.16512994,1356,300.0,4736,1047,13807,0.0001,0.0005382366944104433
0.01,1422000,0.10136248000000002,1357,300.0,4740,1047,13819,0.0001,0.000743147567845881
0.01,1423200,-0.05184588999999996,1358,300.0,4744,1047,13831,0.0001,0.0010629270691424608
0.01,1424400,-0.03448983999999994,1358,300.0,4748,1048,13843,0.0001,0.0007241570856422186
0.01,1425600,0.06387203999999995,1359,300.0,4752,1048,13855,0.0001,0.00072363147046417
0.01,1426800,0.09474109999999993,1360,300.0,4756,1048,13867,0.0001,0.0026282216422259808
0.01,1428000,0.0023991199999999556,1361,300.0,4760,1049,13879,0.0001,0.0009274350595660508
0.01,1429200,0.19265094999999996,1361,300.0,4764,1049,13891,0.0001,0.0009800526313483715
0.01,1430400,0.31938538000000005,1362,300.0,4768,1049,13903,0.0001,0.0006312286132015288
0.01,1431600,0.2969118400000001,1363,300.0,4772,1049,13915,0.0001,0.0015241430373862386
0.01,1432800,0.2853166200000001,1364,300.0,4776,1050,13927,0.0001,0.0007597216754220426
0.01,1434000,0.3763381400000001,1364,300.0,4780,1050,13939,0.0001,0.0007189013413153589
0.01,1435200,0.36874270000000003,1365,300.0,4784,1051,13951,0.0001,0.0011054048081859946
0.01,1436400,0.46409696000000006,1366,300.0,4788,1051,13963,0.0001,0.0006081706960685551
0.01,1437600,0.54206108,1366,300.0,4792,1051,13975,0.0001,0.0023154153022915125
0.01,1438800,0.62183025,1367,300.0,4796,1052,13987,0.0001,0.0011045867577195168
0.01,1440000,0.6414740799999998,1368,300.0,4800,1052,13999,0.0001,0.0007109103025868535
0.01,1441200,0.6312874199999999,1369,300.0,4804,1052,14011,0.0001,0.0007780782761983573
0.01,1442400,0.62390955,1370,300.0,4808,1052,14023,0.0001,0.0009682121453806758
0.01,1443600,0.7478765700000001,1370,300.0,4812,1053,14035,0.0001,0.0009353590430691838
0.01,1444800,0.7240032700000001,1371,300.0,4816,1053,14047,0.0001,0.0007121076923795044
0.01,1446000,0.54136218,1372,300.0,4820,1053,14059,0.0001,0.0007371968822553754
0.01,1447200,0.5152410900000001,1372,300.0,4824,1054,14071,0.0001,0.0008167255437001586
0.01,1448400,0.68668929,1373,300.0,4828,1054,14083,0.0001,0.0007161938119679689
0.01,1449600,0.76608224,1374,300.0,4832,1054,14095,0.0001,0.000630027730949223
0.01,1450800,0.7388842299999999,1375,300.0,4836,1055,14107,0.0001,0.0006674782489426434
0.01,1452000,0.7365651999999998,1375,300.0,4840,1055,14119,0.0001,0.0005856408970430493
0.01,1453200,0.8724448399999999,1376,300.0,4844,1055,14131,0.0001,0.0006715909694321454
0.01,1454400,0.88330275,1377,300.0,4848,1055,14143,0.0001,0.0009476412669755518
0.01,1455600,0.8405172399999998,1378,300.0,4852,1056,14155,0.0001,0.0006787995807826519
0.01,1456800,0.86246528,1378,300.0,4856,1056,14167,0.0001,0.0007521017105318606
0.01,1458000,0.8315149700000002,1379,300.0,4860,1056,14179,0.0001,0.0006768795428797603
0.01,1459200,0.66664198,1380,300.0,4864,1057,14191,0.0001,0.0010629042517393827
0.01,1460400,0.5337233900000001,1380,300.0,4868,1057,14203,0.0001,0.001412497367709875
0.01,1461600,0.36938574,1381,300.0,4872,1058,14215,0.0001,0.0008932050550356507
0.01,1462800,0.4755216800000001,1382,300.0,4876,1058,14227,0.0001,0.0006763894343748689
0.01,1464000,0.4663387999999999,1382,300.0,4880,1058,14239,0.0001,0.0005479619139805436
0.01,1465200,0.6092571,1383,300.0,4884,1059,14251,0.0001,0.0007868307875469327
0.01,1466400,0.4110130000000001,1383,300.0,4888,1059,14263,0.0001,0.0006022457964718342
0.01,1467600,0.38926068000000014,1384,300.0,4892,1059,14275,0.0001,0.0006281025125645101
0.01,1468800,0.33856330000000007,1385,300.0,4896,1060,14287,0.0001,0.0008039124077185988
0.01,1470000,0.38674554000000005,1385,300.0,4900,1060,14299,0.0001,0.0005345173412933946
0.01,1471200,0.38897119,1386,300.0,4904,1061,14311,0.0001,0.0005730456323362887
0.01,1472400,0.5477835300000001,1387,300.0,4908,1061,14323,0.0001,0.0010284030577167869
0.01,1473600,0.51647958,1388,300.0,4912,1061,14335,0.0001,0.0007515010074712336
0.01,1474800,0.6485108,1388,300.0,4916,1061,14347,0.0001,0.0006313349585980177
0.01,1476000,0.8267138099999998,1389,300.0,4920,1062,14359,0.0001,0.002780614187940955
0.01,1477200,0.7660067900000002,1390,300.0,4924,1062,14371,0.0001,0.0006585618248209357
0.01,1478400,0.6131896199999999,1390,300.0,4928,1062,14383,0.0001,0.0008145951433107257
0.01,1479600,0.52674005,1391,300.0,4932,1063,14395,0.0001,0.0008088146569207311
0.01,1480800,0.59218246,1392,300.0,4936,1063,14407,0.0001,0.000756682944484055
0.01,1482000,0.64533072,1392,300.0,4940,1063,14419,0.0001,0.0007295924006029963
0.01,1483200,0.7065152400000001,1393,300.0,4944,1064,14431,0.0001,0.0005574860260821879
0.01,1484400,0.7546516000000001,1394,300.0,4948,1064,14443,0.0001,0.0007894565351307392
0.01,1485600,0.6906694699999999,1394,300.0,4952,1065,14455,0.0001,0.0006095448043197393
0.01,1486800,0.59509268,1395,300.0,4956,1065,14467,0.0001,0.000952279893681407
0.01,1488000,0.67818216,1396,300.0,4960,1065,14479,0.0001,0.0006303249392658472
0.01,1489200,0.69485986,1396,300.0,4964,1066,14491,0.0001,0.0008793063461780548
0.01,1490400,0.65435353,1397,300.0,4968,1066,14503,0.0001,0.0009434992680326104
0.01,1491600,0.8265214000000001,1398,300.0,4972,1066,14515,0.0001,0.0009016725234687328
0.01,1492800,0.7373484199999999,1399,300.0,4976,1066,14527,0.0001,0.000704967649653554
0.01,1494000,0.5736655499999999,1400,300.0,4980,1066,14539,0.0001,0.0005417633219622076
0.01,1495200,0.5126904199999999,1401,300.0,4984,1067,14551,0.0001,0.0008183254394680262
0.01,1496400,0.52077714,1401,300.0,4988,1067,14563,0.0001,0.0008599310531280935
0.01,1497600,0.55125439,1402,300.0,4992,1067,14575,0.0001,0.0006729647284373641
0.01,1498800,0.5071983099999999,1403,300.0,4996,1068,14587,0.0001,0.0004955072654411197
0.01,1500000,0.47272392999999996,1455,300.0,5000,1030,14599,0.0001,0.0005961559945717454
0.01,1501200,0.5282389299999998,1456,300.0,5004,1030,14611,0.0001,0.000869960174895823
0.01,1502400,0.5148079399999999,1457,300.0,5008,1030,14623,0.0001,0.0006440852885134518
0.01,1503600,0.4939474099999998,1457,300.0,5012,1031,14635,0.0001,0.0021160654723644257
0.01,1504800,0.33024307999999986,1458,300.0,5016,1031,14647,0.0001,0.0008517780806869268
0.01,1506000,0.38092610999999993,1459,300.0,5020,1031,14659,0.0001,0.000989166321232915
0.01,1507200,0.30045097999999987,1460,300.0,5024,1032,14671,0.0001,0.0008184794569388032
0.01,1508400,0.32700883999999997,1461,300.0,5028,1032,14683,0.0001,0.0006112587871029973
0.01,1509600,0.46927243000000013,1461,300.0,5032,1032,14695,0.0001,0.0006048689829185605
0.01,1510800,0.3691722899999999,1462,300.0,5036,1033,14707,0.0001,0.0007970948936417699
0.01,1512000,0.31217114,1463,300.0,5040,1033,14719,0.0001,0.0006691720336675644
0.01,1513200,0.27508866,1463,300.0,5044,1033,14731,0.0001,0.001009794999845326
0.01,1514400,0.20048716000000003,1464,300.0,5048,1034,14743,0.0001,0.0007868622778914869
0.01,1515600,0.25892432,1465,300.0,5052,1034,14755,0.0001,0.0017920463578775525
0.01,1516800,0.19517331999999998,1465,300.0,5056,1034,14767,0.0001,0.0005214285338297486
0.01,1518000,0.08608244000000008,1466,300.0,5060,1035,14779,0.0001,0.001884163124486804
0.01,1519200,0.052815880000000065,1467,300.0,5064,1035,14791,0.0001,0.0006884822505526245
0.01,1520400,0.03145407999999999,1468,300.0,5068,1035,14803,0.0001,0.0008783309021964669
0.01,1521600,-0.10616248000000005,1468,300.0,5072,1035,14815,0.0001,0.000624816631898284
0.01,1522800,0.024429080000000002,1469,300.0,5076,1036,14827,0.0001,0.0006684166146442294
0.01,1524000,0.12180215999999998,1470,300.0,5080,1036,14839,0.0001,0.0007383207557722926
0.01,1525200,-0.003226810000000042,1470,300.0,5084,1036,14851,0.0001,0.0006482033641077578
0.01,1526400,0.038954909999999995,1471,300.0,5088,1037,14863,0.0001,0.0006430159555748105
0.01,1527600,0.09989158,1472,300.0,5092,1037,14875,0.0001,0.0006851748330518603
0.01,1528800,0.12618182,1472,300.0,5096,1038,14887,0.0001,0.0010717876721173525
0.01,1530000,0.1410986300000001,1473,300.0,5100,1038,14899,0.0001,0.0008376521291211247
0.01,1531200,0.20839038000000012,1473,300.0,5104,1038,14911,0.0001,0.0007187844021245837
0.01,1532400,0.17171539000000002,1474,300.0,5108,1039,14923,0.0001,0.0014473916962742805
0.01,1533600,0.20236213000000003,1475,300.0,5112,1039,14935,0.0001,0.0009563576313666999
0.01,1534800,0.16797655,1476,300.0,5116,1039,14947,0.0001,0.0011512376368045807
0.01,1536000,-0.021569529999999976,1476,300.0,5120,1040,14959,0.0001,0.0010695457458496094
0.01,1537200,0.08067204000000004,1477,300.0,5124,1040,14971,0.0001,0.002557498635724187
0.01,1538400,0.03101558999999997,1478,300.0,5128,1040,14983,0.0001,0.0006115383002907038
0.01,1539600,-0.07593748000000003,1479,300.0,5132,1040,14995,0.0001,0.0005977700348012149
0.01,1540800,0.04983448999999993,1480,300.0,5136,1040,15007,0.0001,0.0007830985123291612
0.01,1542000,0.010933019999999943,1480,300.0,5140,1041,15019,0.0001,0.0006909161456860602
0.01,1543200,-0.07939741,1481,300.0,5144,1041,15031,0.0001,0.0005014807102270424
0.01,1544400,-0.04459152000000003,1482,300.0,5148,1041,15043,0.0001,0.0012016944820061326
0.01,1545600,0.021979659999999984,1483,300.0,5152,1042,15055,0.0001,0.0005800616927444935
0.01,1546800,0.03358477999999999,1483,300.0,5156,1042,15067,0.0001,0.0006793051725253463
0.01,1548000,0.09853337000000001,1484,300.0,5160,1042,15079,0.0001,0.0004534147446975112
0.01,1549200,0.2557862900000001,1485,300.0,5164,1042,15091,0.0001,0.0006227309932000935
0.01,1550400,0.3146123300000001,1486,300.0,5168,1043,15103,0.0001,0.0008649948867969215
0.01,1551600,0.27681729000000005,1486,300.0,5172,1043,15115,0.0001,0.0007394307758659124
0.01,1552800,0.15601504,1487,300.0,5176,1043,15127,0.0001,0.0006280997768044472
0.01,1554000,0.24464784999999994,1488,300.0,5180,1043,15139,0.0001,0.0005973110091872513
0.01,1555200,0.240435,1489,300.0,5184,1044,15151,0.0001,0.0008129950147122145
0.01,1556400,0.18781276000000005,1490,300.0,5188,1044,15163,0.0001,0.0009230293799191713
0.01,1557600,0.009880500000000047,1491,300.0,5192,1044,15175,0.0001,0.0010217453818768263
0.01,1558800,-0.02466375999999994,1492,300.0,5196,1044,15187,0.0001,0.0012037481646984816
0.01,1560000,-0.0012679299999999304,1492,300.0,5200,1044,15199,0.0001,0.0005929069011472166
0.01,1561200,-0.07846843999999996,1493,300.0,5204,1045,15211,0.0001,0.0008011162281036377
0.01,1562400,-0.23051019999999994,1494,300.0,5208,1045,15223,0.0001,0.0007084917742758989
0.01,1563600,-0.18158538999999999,1495,300.0,5212,1045,15235,0.0001,0.0004914184100925922
0.01,1564800,-0.011764700000000046,1495,300.0,5216,1046,15247,0.0001,0.0009594029979780316
0.01,1566000,0.06926985000000004,1496,300.0,5220,1046,15259,0.0001,0.0006450648652389646
0.01,1567200,0.016345520000000068,1497,300.0,5224,1046,15271,0.0001,0.0008379413629882038
0.01,1568400,0.10835628000000003,1498,300.0,5228,1046,15283,0.0001,0.0006667216075584292
0.01,1569600,-0.0014096700000000117,1498,300.0,5232,1047,15295,0.0001,0.0008969117188826203
0.01,1570800,-0.046312,1499,300.0,5236,1047,15307,0.0001,0.0009746050927788019
0.01,1572000,-0.06050041999999997,1500,300.0,5240,1047,15319,0.0001,0.000798693741671741
0.01,1573200,-0.03558496999999997,1500,300.0,5244,1048,15331,0.0001,0.0008608921780250967
0.01,1574400,0.08236388000000001,1501,300.0,5248,1048,15343,0.0001,0.0005470897303894162
0.01,1575600,0.028887880000000008,1502,300.0,5252,1048,15355,0.0001,0.0007332323584705591
0.01,1576800,0.05769111000000004,1503,300.0,5256,1049,15367,0.0001,0.0006185813108459115
0.01,1578000,0.008681770000000075,1503,300.0,5260,1049,15379,0.0001,0.0019734492525458336
0.01,1579200,-0.017242069999999932,1504,300.0,5264,1049,15391,0.0001,0.0007115398766472936
0.01,1580400,0.03320683000000003,1505,300.0,5268,1050,15403,0.0001,0.0007699967827647924
0.01,1581600,0.2113095,1505,300.0,5272,1050,15415,0.0001,0.0008964206208474934
0.01,1582800,0.24624843999999999,1506,300.0,5276,1050,15427,0.0001,0.000726022757589817
0.01,1584000,0.21496667,1507,300.0,5280,1051,15439,0.0001,0.0006568082026205957
0.01,1585200,0.36935675,1507,300.0,5284,1051,15451,0.0001,0.0006009239587001503
0.01,1586400,0.41155946,1508,300.0,5288,1051,15463,0.0001,0.0014502801932394505
0.01,1587600,0.53847495,1509,300.0,5292,1051,15475,0.0001,0.0007805313216522336
0.01,1588800,0.6253711999999999,1510,300.0,5296,1052,15487,0.0001,0.0005577831761911511
0.01,1590000,0.5829379299999999,1510,300.0,5300,1052,15499,0.0001,0.0005423779366537929
0.01,1591200,0.6845738099999998,1511,300.0,5304,1052,15511,0.0001,0.000610098650213331
0.01,1592400,0.7266055599999999,1512,300.0,5308,1052,15523,0.0001,0.0010544182732701302
0.01,1593600,0.7224832799999998,1512,300.0,5312,1053,15535,0.0001,0.0007322569144889712
0.01,1594800,0.66626296,1513,300.0,5316,1053,15547,0.0001,0.0006424047751352191
0.01,1596000,0.72887451,1514,300.0,5320,1053,15559,0.0001,0.001898287795484066
0.01,1597200,0.7704899399999999,1514,300.0,5324,1054,15571,0.0001,0.00046145322266966105
0.01,1598400,0.6493824299999998,1515,300.0,5328,1054,15583,0.0001,0.0013570523587986827
0.01,1599600,0.69617841,1516,300.0,5332,1055,15595,0.0001,0.0006360328407026827
0.01,1600800,0.65856169,1569,300.0,5336,1019,15607,0.0001,0.000784481642767787
0.01,1602000,0.6420655500000001,1570,300.0,5340,1019,15619,0.0001,0.0008308478863909841
0.01,1603200,0.6758352,1571,300.0,5344,1020,15631,0.0001,0.0006769733736291528
0.01,1604400,0.59891803,1572,300.0,5348,1020,15643,0.0001,0.000546016963198781
0.01,1605600,0.7145596999999999,1572,300.0,5352,1020,15655,0.0001,0.0008928932948037982
0.01,1606800,0.71632746,1573,300.0,5356,1021,15667,0.0001,0.000714911031536758
0.01,1608000,0.7862534499999999,1574,300.0,5360,1021,15679,0.0001,0.000529457931406796
0.01,1609200,0.7130074199999998,1574,300.0,5364,1021,15691,0.0001,0.0006906684720888734
0.01,1610400,0.69702181,1575,300.0,5368,1022,15703,0.0001,0.0009342184639535844
0.01,1611600,0.62659175,1576,300.0,5372,1022,15715,0.0001,0.0014740520855411887
0.01,1612800,0.5756853,1577,300.0,5376,1022,15727,0.0001,0.0006458956631831825
0.01,1614000,0.37927084999999994,1577,300.0,5380,1022,15739,0.0001,0.001171235111542046
0.01,1615200,0.11015579999999997,1578,300.0,5384,1022,15751,0.0001,0.0009460477158427238
0.01,1616400,0.12698641999999993,1579,300.0,5388,1023,15763,0.0001,0.0006545258802361786
0.01,1617600,0.08235735999999992,1580,300.0,5392,1023,15775,0.0001,0.0005770830903202295
0.01,1618800,0.10237649999999995,1581,300.0,5396,1023,15787,0.0001,0.0007805827190168202
0.01,1620000,0.11220353999999995,1581,300.0,5400,1024,15799,0.0001,0.0009553625714033842
0.01,1621200,-0.06300884000000001,1582,300.0,5404,1024,15811,0.0001,0.0008310007979162037
0.01,1622400,0.013100459999999998,1583,300.0,5408,1024,15823,0.0001,0.0006875168764963746
0.01,1623600,0.01070519999999997,1584,300.0,5412,1024,15835,0.0001,0.0006467874045483768
0.01,1624800,0.02372745999999997,1585,300.0,5416,1025,15847,0.0001,0.0019494052976369858
0.01,1626000,0.10360182999999999,1585,300.0,5420,1025,15859,0.0001,0.0029402803629636765
0.01,1627200,0.04937928999999997,1586,300.0,5424,1025,15871,0.0001,0.0006394060328602791
0.01,1628400,0.06501613999999996,1587,300.0,5428,1025,15883,0.0001,0.0023503487464040518
0.01,1629600,0.13760002,1588,300.0,5432,1026,15895,0.0001,0.001003427430987358
0.01,1630800,0.18063517999999998,1588,300.0,5436,1026,15907,0.0001,0.0012207968393340707
0.01,1632000,0.21998311,1589,300.0,5440,1026,15919,0.0001,0.0005556067335419357
0.01,1633200,0.25582624,1590,300.0,5444,1026,15931,0.0001,0.0009073526016436517
0.01,1634400,0.37286485999999996,1591,300.0,5448,1027,15943,0.0001,0.0007376816938631237
0.01,1635600,0.3914135099999999,1591,300.0,5452,1027,15955,0.0001,0.0009214681340381503
0.01,1636800,0.31412897999999995,1592,300.0,5456,1027,15967,0.0001,0.0011491492623463273
0.01,1638000,0.3002940799999999,1593,300.0,5460,1028,15979,0.0001,0.000688394415192306
0.01,1639200,0.18902308999999995,1593,300.0,5464,1028,15991,0.0001,0.0005783991073258221
0.01,1640400,0.26487632000000005,1594,300.0,5468,1028,16003,0.0001,0.000682443322148174
0.01,1641600,0.12201371999999999,1595,300.0,5472,1029,16015,0.0001,0.0006059695733711123
0.01,1642800,0.13837525999999994,1596,300.0,5476,1029,16027,0.0001,0.0007275762036442757
0.01,1644000,0.13118966000000004,1596,300.0,5480,1029,16039,0.0001,0.0005445575225166976
0.01,1645200,0.3007325100000001,1597,300.0,5484,1029,16051,0.0001,0.000745281926356256
0.01,1646400,0.3780759700000001,1598,300.0,5488,1029,16063,0.0001,0.00048586761113256216
0.01,1647600,0.39253917,1599,300.0,5492,1029,16075,0.0001,0.0007420298061333597
0.01,1648800,0.29251609000000006,1600,300.0,5496,1030,16087,0.0001,0.0011139054549857974
0.01,1650000,0.2925319400000001,1601,300.0,5500,1030,16099,0.0001,0.0005699246539734304
0.01,1651200,0.3530096200000001,1601,300.0,5504,1030,16111,0.0001,0.0006774967769160867
0.01,1652400,0.4321471700000001,1602,300.0,5508,1030,16123,0.0001,0.000604506116360426
0.01,1653600,0.27624104,1603,300.0,5512,1031,16135,0.0001,0.0013936924515292048
0.01,1654800,0.25818302000000004,1604,300.0,5516,1031,16147,0.0001,0.0005907614249736071
0.01,1656000,0.1734181700000001,1604,300.0,5520,1031,16159,0.0001,0.0007415500585921109
0.01,1657200,0.18834110000000012,1605,300.0,5524,1032,16171,0.0001,0.0008380801300518215
0.01,1658400,0.1999753400000001,1606,300.0,5528,1032,16183,0.0001,0.0005792538868263364
0.01,1659600,0.19938621000000012,1607,300.0,5532,1032,16195,0.0001,0.0007268812623806298
0.01,1660800,0.16346066,1607,300.0,5536,1032,16207,0.0001,0.0007612627814523876
0.01,1662000,0.11252930000000001,1608,300.0,5540,1032,16219,0.0001,0.0009446562035009265
0.01,1663200,0.12554750999999997,1609,300.0,5544,1033,16231,0.0001,0.000653433904517442
0.01,1664400,-0.09525099000000006,1610,300.0,5548,1033,16243,0.0001,0.00047799129970371723
0.01,1665600,-0.19330616,1611,300.0,5552,1033,16255,0.0001,0.0007993842591531575
0.01,1666800,-0.26689878999999994,1611,300.0,5556,1034,16267,0.0001,0.0006302766851149499
0.01,1668000,-0.26979791,1612,300.0,5560,1034,16279,0.0001,0.0008583547314628959
0.01,1669200,-0.10444009,1613,300.0,5564,1034,16291,0.0001,0.0005914379726164043
0.01,1670400,-0.08653443000000002,1614,300.0,5568,1034,16303,0.0001,0.0006022059824317694
0.01,1671600,-0.08130697000000002,1614,300.0,5572,1035,16315,0.0001,0.0005997734842821956
0.01,1672800,-0.08233736,1615,300.0,5576,1035,16327,0.0001,0.0007567419670522213
0.01,1674000,-0.018340469999999984,1616,300.0,5580,1035,16339,0.0001,0.0023562563583254814
0.01,1675200,-0.015373909999999968,1617,300.0,5584,1035,16351,0.0001,0.0013061165809631348
0.01,1676400,-0.12986839999999997,1617,300.0,5588,1036,16363,0.0001,0.0008535080123692751
0.01,1677600,-0.21076534000000002,1618,300.0,5592,1036,16375,0.0001,0.0006546479999087751
0.01,1678800,-0.1767843000000001,1619,300.0,5596,1036,16387,0.0001,0.0007299000862985849
0.01,1680000,-0.26707985,1619,300.0,5600,1037,16399,0.0001,0.0008028397569432855
0.01,1681200,-0.28670156999999996,1620,300.0,5604,1037,16411,0.0001,0.0019973490852862597
0.01,1682400,-0.46786689000000004,1621,300.0,5608,1037,16423,0.0001,0.0008173924870789051
0.01,1683600,-0.3861490800000001,1622,300.0,5612,1037,16435,0.0001,0.0007487387047149241
0.01,1684800,-0.43964437000000006,1622,300.0,5616,1038,16447,0.0001,0.0010205460712313652
0.01,1686000,-0.5404718799999999,1623,300.0,5620,1038,16459,0.0001,0.0006641217041760683
0.01,1687200,-0.59176133,1624,300.0,5624,1038,16471,0.0001,0.0007571885362267494
0.01,1688400,-0.60378963,1624,300.0,5628,1039,16483,0.0001,0.0005611894303001463
0.01,1689600,-0.70700931,1625,300.0,5632,1039,16495,0.0001,0.0005604188772849739
0.01,1690800,-0.7927411899999999,1626,300.0,5636,1039,16507,0.0001,0.0009099857416003942
0.01,1692000,-0.8188721999999998,1626,300.0,5640,1040,16519,0.0001,0.0006844717427156866
0.01,1693200,-1.00511494,1627,300.0,5644,1040,16531,0.0001,0.0005885139107704163
0.01,1694400,-0.91508377,1628,300.0,5648,1040,16543,0.0001,0.0007798941223882139
0.01,1695600,-1.05105044,1629,300.0,5652,1040,16555,0.0001,0.000716774957254529
0.01,1696800,-1.0237592199999999,1629,300.0,5656,1041,16567,0.0001,0.0006711052265018225
0.01,1698000,-1.06762381,1630,300.0,5660,1041,16579,0.0001,0.000402890145778656
0.01,1699200,-1.0262631100000001,1630,300.0,5664,1041,16591,0.0001,0.0006337744416669011
0.01,1700400,-1.1252894800000002,1685,300.0,5668,1008,16603,0.0001,0.0006272285245358944
0.01,1701600,-1.00358873,1686,300.0,5672,1008,16615,0.0001,0.0012491166125983
0.01,1702800,-0.9643871200000003,1687,300.0,5676,1009,16627,0.0001,0.0007296051480807364
0.01,1704000,-1.0110091700000001,1688,300.0,5680,1009,16639,0.0001,0.0008524737786501646
0.01,1705200,-0.9818355899999999,1688,300.0,5684,1009,16651,0.0001,0.0008057666127569973
0.01,1706400,-0.8882612199999999,1689,300.0,5688,1009,16663,0.0001,0.0010311664082109928
0.01,1707600,-0.7244931,1690,300.0,5692,1010,16675,0.0001,0.0012894426472485065
0.01,1708800,-0.74722292,1691,300.0,5696,1010,16687,0.0001,0.0009897834388539195
0.01,1710000,-0.7534146300000002,1691,300.0,5700,1010,16699,0.0001,0.0005688223754987121
0.01,1711200,-0.80770193,1692,300.0,5704,1011,16711,0.0001,0.0019140845397487283
0.01,1712400,-0.6809164400000001,1693,300.0,5708,1011,16723,0.0001,0.0006069302326068282
0.01,1713600,-0.7312865700000001,1693,300.0,5712,1011,16735,0.0001,0.0006553062703460455
0.01,1714800,-0.69111943,1694,300.0,5716,1011,16747,0.0001,0.0008967309258878231
0.01,1716000,-0.61484192,1695,300.0,5720,1012,16759,0.0001,0.0007587627042084932
0.01,1717200,-0.39359142000000014,1696,300.0,5724,1012,16771,0.0001,0.0006977700395509601
0.01,1718400,-0.21773314000000002,1696,300.0,5728,1012,16783,0.0001,0.0006982034537941217
0.01,1719600,-0.0005486899999999895,1697,300.0,5732,1013,16795,0.0001,0.0007585278362967074
0.01,1720800,0.11399068,1698,300.0,5736,1013,16807,0.0001,0.0008791435975581408
0.01,1722000,0.2840023099999999,1699,300.0,5740,1013,16819,0.0001,0.0005706314695999026
0.01,1723200,0.38982930000000005,1699,300.0,5744,1013,16831,0.0001,0.0008274606079794466
0.01,1724400,0.40311464999999996,1700,300.0,5748,1013,16843,0.0001,0.0005974483210593462
0.01,1725600,0.5380961200000001,1701,300.0,5752,1014,16855,0.0001,0.0008615936385467649
0.01,1726800,0.6341959699999999,1702,300.0,5756,1014,16867,0.0001,0.0009774251375347376
0.01,1728000,0.7261718600000002,1703,300.0,5760,1014,16879,0.0001,0.0010434333235025406
0.01,1729200,0.67419245,1703,300.0,5764,1014,16891,0.0001,0.0007928613922558725
0.01,1730400,0.67162618,1704,300.0,5768,1015,16903,0.0001,0.0006491000531241298
0.01,1731600,0.5477717599999999,1705,300.0,5772,1015,16915,0.0001,0.0005049507017247379
0.01,1732800,0.4620453200000001,1706,300.0,5776,1015,16927,0.0001,0.0014133217046037316
0.01,1734000,0.56973987,1706,300.0,5780,1015,16939,0.0001,0.0006622551009058952
0.01,1735200,0.53546884,1707,300.0,5784,1016,16951,0.0001,0.0006432298105210066
0.01,1736400,0.52944089,1708,300.0,5788,1016,16963,0.0001,0.0013804346090182662
0.01,1737600,0.45685179,1709,300.0,5792,1016,16975,0.0001,0.0006469313520938158
0.01,1738800,0.6463183799999999,1709,300.0,5796,1016,16987,0.0001,0.0007070261053740978
0.01,1740000,0.54612357,1710,300.0,5800,1017,16999,0.0001,0.0006977070588618517
0.01,1741200,0.5955235200000001,1711,300.0,5804,1017,17011,0.0001,0.000593524775467813
0.01,1742400,0.3864406,1711,300.0,5808,1017,17023,0.0001,0.0005638562142848969
0.01,1743600,0.50269298,1712,300.0,5812,1018,17035,0.0001,0.0006487516802735627
0.01,1744800,0.69997376,1713,300.0,5816,1018,17047,0.0001,0.0010548466816544533
0.01,1746000,0.83638356,1713,300.0,5820,1018,17059,0.0001,0.0005848495056852698
0.01,1747200,0.75689577,1714,300.0,5824,1018,17071,0.0001,0.0007455902523361146
0.01,1748400,0.6390994799999999,1715,300.0,5828,1019,17083,0.0001,0.0006429178174585104
0.01,1749600,0.5293871800000001,1716,300.0,5832,1019,17095,0.0001,0.000774941174313426
0.01,1750800,0.33615190999999994,1717,300.0,5836,1019,17107,0.0001,0.0007606141152791679
0.01,1752000,0.12177441999999998,1717,300.0,5840,1019,17119,0.0001,0.0007215296500362456
0.01,1753200,0.09666335999999992,1718,300.0,5844,1019,17131,0.0001,0.0005457152146846056
0.01,1754400,0.11624591999999996,1719,300.0,5848,1020,17143,0.0001,0.0012949722586199641
0.01,1755600,-0.04023124000000003,1720,300.0,5852,1020,17155,0.0001,0.0014588639605790377
0.01,1756800,-0.03181357000000003,1721,300.0,5856,1020,17167,0.0001,0.0012180788908153772
0.01,1758000,-0.11913847000000001,1721,300.0,5860,1021,17179,0.0001,0.0012274297187104821
0.01,1759200,-0.037427470000000004,1723,300.0,5864,1020,17191,0.0001,0.0010504396632313728
0.01,1760400,-0.07149373000000005,1723,300.0,5868,1021,17203,0.0001,0.0010296495165675879
0.01,1761600,-0.059772320000000025,1724,300.0,5872,1021,17215,0.0001,0.0009447673219256103
0.01,1762800,-0.23269766000000003,1725,300.0,5876,1021,17227,0.0001,0.0004942255327478051
0.01,1764000,-0.29850787,1726,300.0,5880,1022,17239,0.0001,0.0009663433884270489
0.01,1765200,-0.28335298,1726,300.0,5884,1022,17251,0.0001,0.0010394650744274259
0.01,1766400,-0.34423317999999986,1727,300.0,5888,1022,17263,0.0001,0.0016237138770520687
0.01,1767600,-0.36668774999999987,1728,300.0,5892,1022,17275,0.0001,0.0006990624824538827
0.01,1768800,-0.48404604000000007,1729,300.0,5896,1022,17287,0.0001,0.0007387418881990016
0.01,1770000,-0.2667321900000001,1730,300.0,5900,1022,17299,0.0001,0.0006451388471759856
0.01,1771200,-0.36917361000000004,1731,300.0,5904,1023,17311,0.0001,0.0007261199643835425
0.01,1772400,-0.2610541900000001,1731,300.0,5908,1023,17323,0.0001,0.0010042220819741488
0.01,1773600,-0.36550684000000006,1732,300.0,5912,1023,17335,0.0001,0.0006174163427203894
0.01,1774800,-0.57096537,1733,300.0,5916,1023,17347,0.0001,0.0007575919153168797
0.01,1776000,-0.65545358,1734,300.0,5920,1024,17359,0.0001,0.00047990508028306067
0.01,1777200,-0.6203860900000001,1734,300.0,5924,1024,17371,0.0001,0.0006945620407350361
0.01,1778400,-0.8101596099999999,1735,300.0,5928,1024,17383,0.0001,0.0007505842950195074
0.01,1779600,-0.77786549,1736,300.0,5932,1024,17395,0.0001,0.001105941366404295
0.01,1780800,-0.6704450700000001,1737,300.0,5936,1025,17407,0.0001,0.003110972698777914
0.01,1782000,-0.61342851,1738,300.0,5940,1025,17419,0.0001,0.0005822767270728946
0.01,1783200,-0.5111300999999999,1738,300.0,5944,1025,17431,0.0001,0.0006342994747683406
0.01,1784400,-0.57214551,1739,300.0,5948,1025,17443,0.0001,0.0007348635117523372
0.01,1785600,-0.4073712600000001,1740,300.0,5952,1026,17455,0.0001,0.0007134958286769688
0.01,1786800,-0.46336992000000005,1740,300.0,5956,1026,17467,0.0001,0.0006003790767863393
0.01,1788000,-0.37398175,1741,300.0,5960,1026,17479,0.0001,0.0005921815754845738
0.01,1789200,-0.59279657,1742,300.0,5964,1026,17491,0.0001,0.001744005479849875
0.01,1790400,-0.54722273,1742,300.0,5968,1027,17503,0.0001,0.0007883639191277325
0.01,1791600,-0.40888157999999997,1743,300.0,5972,1027,17515,0.0001,0.0009286422864533961
0.01,1792800,-0.23103075999999995,1744,300.0,5976,1027,17527,0.0001,0.0007547952118329704
0.01,1794000,-0.2482775599999999,1744,300.0,5980,1028,17539,0.0001,0.001399543136358261
0.01,1795200,-0.3074580799999999,1745,300.0,5984,1028,17551,0.0001,0.0008889463497325778
0.01,1796400,-0.41541621999999995,1746,300.0,5988,1028,17563,0.0001,0.0011737358290702105
0.01,1797600,-0.4491341,1746,300.0,5992,1029,17575,0.0001,0.000709997140802443
0.01,1798800,-0.5363981,1747,300.0,5996,1029,17587,0.0001,0.0011207472998648882
0.01,1800000,-0.5916919499999999,1802,300.0,6000,998,17599,0.0001,0.0009020072757266462
0.01,1801200,-0.5139331500000001,1804,300.0,6004,998,17611,0.0001,0.0007749814540147781
0.01,1802400,-0.44679874,1804,300.0,6008,998,17623,0.0001,0.0013709876220673323
0.01,1803600,-0.43331024999999995,1805,300.0,6012,998,17635,0.0001,0.0006431238725781441
0.01,1804800,-0.5177446099999999,1806,300.0,6016,999,17647,0.0001,0.0007768729701638222
0.01,1806000,-0.50391263,1806,300.0,6020,999,17659,0.0001,0.0008106778841465712
0.01,1807200,-0.61379906,1807,300.0,6024,999,17671,0.0001,0.0012831822969019413
0.01,1808400,-0.42442384,1808,300.0,6028,999,17683,0.0001,0.0011401788797229528
0.01,1809600,-0.42061110999999995,1809,300.0,6032,1000,17695,0.0001,0.0016257493989542127
0.01,1810800,-0.37626772,1810,300.0,6036,1000,17707,0.0001,0.0005449719028547406
0.01,1812000,-0.19719831999999987,1811,300.0,6040,1000,17719,0.0001,0.0008716352749615908
0.01,1813200,-0.11457758999999992,1811,300.0,6044,1000,17731,0.0001,0.0007640994735993445
0.01,1814400,-0.17760862999999996,1812,300.0,6048,1001,17743,0.0001,0.0007790892850607634
0.01,1815600,-0.16192539999999997,1813,300.0,6052,1001,17755,0.0001,0.0009162980713881552
0.01,1816800,-0.022169559999999963,1813,300.0,6056,1001,17767,0.0001,0.0006839808775112033
0.01,1818000,-0.011899400000000013,1814,300.0,6060,1002,17779,0.0001,0.0007442851201631129
0.01,1819200,0.05266114999999995,1815,300.0,6064,1002,17791,0.0001,0.0009012705413624644
0.01,1820400,0.046022759999999996,1815,300.0,6068,1002,17803,0.0001,0.0020076828077435493
0.01,1821600,0.0076056599999999586,1816,300.0,6072,1002,17815,0.0001,0.0007629349129274487
0.01,1822800,0.20118096999999996,1817,300.0,6076,1002,17827,0.0001,0.0005623915931209922
0.01,1824000,0.42089466999999997,1818,300.0,6080,1003,17839,0.0001,0.0005685784271918237
0.01,1825200,0.46434972,1819,300.0,6084,1003,17851,0.0001,0.0005977593245916069
0.01,1826400,0.56159148,1819,300.0,6088,1003,17863,0.0001,0.0013521222863346338
0.01,1827600,0.6257233,1820,300.0,6092,1003,17875,0.0001,0.0007233141805045307
0.01,1828800,0.6874814499999998,1821,300.0,6096,1004,17887,0.0001,0.000702853430993855
0.01,1830000,0.8218049399999998,1821,300.0,6100,1004,17899,0.0001,0.0006794796790927649
0.01,1831200,0.8441714399999998,1822,300.0,6104,1004,17911,0.0001,0.0006618297193199396
0.01,1832400,0.9416990699999999,1823,300.0,6108,1004,17923,0.0001,0.0008323127403855324
0.01,1833600,0.9102315600000002,1824,300.0,6112,1005,17935,0.0001,0.0006339771207422018
0.01,1834800,1.05219693,1824,300.0,6116,1005,17947,0.0001,0.0017436383059248328
0.01,1836000,0.9329948,1825,300.0,6120,1005,17959,0.0001,0.00045117386616766453
0.01,1837200,0.9926073000000001,1826,300.0,6124,1005,17971,0.0001,0.0008075213991105556
0.01,1838400,0.95040358,1827,300.0,6128,1006,17983,0.0001,0.001005447469651699
0.01,1839600,0.9323738399999999,1827,300.0,6132,1006,17995,0.0001,0.0003544870123732835
0.01,1840800,0.9990776699999999,1828,300.0,6136,1006,18007,0.0001,0.00047269026981666684
0.01,1842000,0.93546871,1829,300.0,6140,1006,18019,0.0001,0.0009101096075028181
0.01,1843200,0.7845958599999999,1830,300.0,6144,1007,18031,0.0001,0.0005000160308554769
0.01,1844400,0.9064718400000003,1830,300.0,6148,1007,18043,0.0001,0.0010759704746305943
0.01,1845600,0.8130192600000002,1831,300.0,6152,1007,18055,0.0001,0.0006358319660648704
0.01,1846800,0.7632817900000001,1832,300.0,6156,1008,18067,0.0001,0.0008355418685823679
0.01,1848000,0.6456372099999999,1832,300.0,6160,1008,18079,0.0001,0.0005393660976551473
0.01,1849200,0.700433,1833,300.0,6164,1008,18091,0.0001,0.0015486604534089565
0.01,1850400,0.6795355200000001,1834,300.0,6168,1008,18103,0.0001,0.000613387324847281
0.01,1851600,0.62412613,1834,300.0,6172,1009,18115,0.0001,0.0010264682350680232
0.01,1852800,0.48442614,1835,300.0,6176,1009,18127,0.0001,0.0011140279239043593
0.01,1854000,0.3010043,1836,300.0,6180,1009,18139,0.0001,0.0008578053093515337
0.01,1855200,0.32835709,1837,300.0,6184,1009,18151,0.0001,0.001064903219230473
0.01,1856400,0.2628628300000001,1837,300.0,6188,1010,18163,0.0001,0.0007852475391700864
0.01,1857600,0.1901378200000001,1838,300.0,6192,1010,18175,0.0001,0.0009816515957936645
0.01,1858800,0.15752174000000005,1839,300.0,6196,1010,18187,0.0001,0.0006017868872731924
0.01,1860000,-0.011852369999999921,1840,300.0,6200,1010,18199,0.0001,0.0016403526533395052
0.01,1861200,0.06313266000000006,1840,300.0,6204,1011,18211,0.0001,0.0005541106802411377
0.01,1862400,-0.09957657000000002,1841,300.0,6208,1011,18223,0.0001,0.0006776945665478706
0.01,1863600,0.03008098999999996,1842,300.0,6212,1011,18235,0.0001,0.0007390865357592702
0.01,1864800,-0.0020809200000000195,1843,300.0,6216,1011,18247,0.0001,0.0004838343011215329
0.01,1866000,0.10658675,1843,300.0,6220,1011,18259,0.0001,0.001228582113981247
0.01,1867200,-0.051461910000000034,1844,300.0,6224,1012,18271,0.0001,0.0007940604700706899
0.01,1868400,0.031611409999999965,1845,300.0,6228,1012,18283,0.0001,0.0008568851044401526
0.01,1869600,-0.05132618000000004,1846,300.0,6232,1012,18295,0.0001,0.0008171354420483112
0.01,1870800,-0.13551505000000003,1847,300.0,6236,1012,18307,0.0001,0.0020426069386303425
0.01,1872000,-0.12492491000000008,1848,300.0,6240,1012,18319,0.0001,0.0016178461955860257
0.01,1873200,-0.12029234000000003,1848,300.0,6244,1013,18331,0.0001,0.0009134361171163619
0.01,1874400,-0.1588402,1850,300.0,6248,1013,18343,0.0001,0.0006215904140844941
0.01,1875600,-0.19353663999999998,1850,300.0,6252,1013,18355,0.0001,0.001871130196377635
0.01,1876800,-0.22339034000000002,1851,300.0,6256,1013,18367,0.0001,0.0007661349372938275
0.01,1878000,-0.17303290000000002,1852,300.0,6260,1013,18379,0.0001,0.0004510777653194964
0.01,1879200,-0.15845548000000004,1853,300.0,6264,1014,18391,0.0001,0.0007478822953999043
0.01,1880400,-0.13346070000000004,1853,300.0,6268,1014,18403,0.0001,0.0008618241408839822
0.01,1881600,-0.15598902,1854,300.0,6272,1014,18415,0.0001,0.0008703339844942093
0.01,1882800,-0.23245794999999994,1855,300.0,6276,1014,18427,0.0001,0.0009240989456884563
0.01,1884000,-0.24959032999999992,1856,300.0,6280,1015,18439,0.0001,0.0011561954161152244
0.01,1885200,-0.30657434000000006,1856,300.0,6284,1015,18451,0.0001,0.0031752081122249365
0.01,1886400,-0.18548075000000006,1857,300.0,6288,1015,18463,0.0001,0.0006255932967178524
0.01,1887600,-0.0719332,1858,300.0,6292,1015,18475,0.0001,0.0012734243646264076
0.01,1888800,0.01072184000000004,1858,300.0,6296,1016,18487,0.0001,0.0006951277609914541
0.01,1890000,0.11272043000000002,1859,300.0,6300,1016,18499,0.0001,0.0022383653558790684
0.01,1891200,0.06532472999999997,1860,300.0,6304,1016,18511,0.0001,0.0006737487274222076
0.01,1892400,0.15629963999999996,1860,300.0,6308,1016,18523,0.0001,0.0037757426034659147
0.01,1893600,0.032270240000000054,1861,300.0,6312,1017,18535,0.0001,0.0006998722674325109
0.01,1894800,-0.08302562999999993,1862,300.0,6316,1017,18547,0.0001,0.0008636433631181717
0.01,1896000,-0.03362233999999997,1862,300.0,6320,1017,18559,0.0001,0.0008158598793670535
0.01,1897200,0.03187517999999998,1863,300.0,6324,1018,18571,0.0001,0.0011898063821718097
0.01,1898400,-0.05681476000000005,1864,300.0,6328,1018,18583,0.0001,0.0005505459266714752
0.01,1899600,-0.0017074000000000156,1864,300.0,6332,1018,18595,0.0001,0.000576873542740941
0.01,1900800,0.04865947,1920,300.0,6336,989,18607,0.0001,0.0005666372017003596
0.01,1902000,0.019185149999999998,1921,300.0,6340,989,18619,0.0001,0.0006439752760343254
0.01,1903200,0.08502608999999996,1922,300.0,6344,990,18631,0.0001,0.0012631997233256698
0.01,1904400,-0.041024190000000085,1922,300.0,6348,990,18643,0.0001,0.0013666660524904728
0.01,1905600,0.03437122999999992,1923,300.0,6352,990,18655,0.0001,0.0015622498467564583
0.01,1906800,-0.08377429000000008,1924,300.0,6356,991,18667,0.0001,0.0005083117284812033
0.01,1908000,-0.06314380000000006,1924,300.0,6360,991,18679,0.0001,0.0008064662106335163
0.01,1909200,-0.10756269999999997,1925,300.0,6364,991,18691,0.0001,0.0005572893423959613
0.01,1910400,-0.10740248000000002,1926,300.0,6368,991,18703,0.0001,0.0022819098085165024
0.01,1911600,0.045007420000000006,1926,300.0,6372,992,18715,0.0001,0.0011624465696513653
0.01,1912800,0.15294142,1927,300.0,6376,992,18727,0.0001,0.0007143301772885025
0.01,1914000,0.23555680000000007,1928,300.0,6380,992,18739,0.0001,0.0012318198569118977
0.01,1915200,0.28168741,1929,300.0,6384,992,18751,0.0001,0.0019913807045668364
0.01,1916400,0.25934201999999995,1930,300.0,6388,992,18763,0.0001,0.00047720407019369304
0.01,1917600,0.10935784999999999,1930,300.0,6392,993,18775,0.0001,0.0008912822813726962
0.01,1918800,0.07269035000000003,1931,300.0,6396,993,18787,0.0001,0.0011263326741755009
0.01,1920000,0.012010349999999994,1932,300.0,6400,993,18799,0.0001,0.0010775455739349127
0.01,1921200,0.042487749999999956,1933,300.0,6404,993,18811,0.0001,0.00126230763271451
0.01,1922400,0.014794759999999992,1933,300.0,6408,994,18823,0.0001,0.0005843690014444292
0.01,1923600,0.06705951,1934,300.0,6412,994,18835,0.0001,0.0019629178568720818
0.01,1924800,0.28425805000000004,1935,300.0,6416,994,18847,0.0001,0.0005685926880687475
0.01,1926000,0.11499389999999997,1935,300.0,6420,994,18859,0.0001,0.0022957928013056517
0.01,1927200,0.15084300999999994,1936,300.0,6424,995,18871,0.0001,0.00046560593182221055
0.01,1928400,0.05240971999999994,1937,300.0,6428,995,18883,0.0001,0.0008968348847702146
0.01,1929600,0.04075128999999994,1938,300.0,6432,995,18895,0.0001,0.00045013680937699974
0.01,1930800,-0.07983233000000002,1939,300.0,6436,995,18907,0.0001,0.0007054436136968434
0.01,1932000,-0.12857667,1940,300.0,6440,995,18919,0.0001,0.0006685825064778328
0.01,1933200,-0.32086488,1940,300.0,6444,996,18931,0.0001,0.0011286253575235605
0.01,1934400,-0.17715283000000004,1941,300.0,6448,996,18943,0.0001,0.001045692595653236
0.01,1935600,-0.25172413000000005,1942,300.0,6452,996,18955,0.0001,0.0007947694975882769
0.01,1936800,-0.09457126,1942,300.0,6456,996,18967,0.0001,0.0005807456327602267
0.01,1938000,-0.048510729999999995,1943,300.0,6460,997,18979,0.0001,0.0012369522592052817
0.01,1939200,-0.0423095700000001,1944,300.0,6464,997,18991,0.0001,0.0007701088325120509
0.01,1940400,-0.10656362000000008,1944,300.0,6468,997,19003,0.0001,0.0007266637403517962
0.01,1941600,-0.21050491000000005,1945,300.0,6472,997,19015,0.0001,0.0007019377080723643
0.01,1942800,-0.29528788000000006,1946,300.0,6476,998,19027,0.0001,0.0008684245403856039
0.01,1944000,-0.18723447000000001,1947,300.0,6480,998,19039,0.0001,0.00128843542188406
0.01,1945200,-0.24878410000000004,1947,300.0,6484,998,19051,0.0001,0.0013156500644981861
0.01,1946400,-0.3993347199999999,1948,300.0,6488,998,19063,0.0001,0.0007725812611170113
0.01,1947600,-0.27122294,1949,300.0,6492,999,19075,0.0001,0.0008480448159389198
0.01,1948800,-0.3109196200000001,1950,300.0,6496,999,19087,0.0001,0.0009880599100142717
0.01,1950000,-0.32104361000000003,1951,300.0,6500,999,19099,0.0001,0.0007803946500644088
0.01,1951200,-0.38313195,1951,300.0,6504,999,19111,0.0001,0.0006422080914489925
0.01,1952400,-0.4144258800000001,1952,300.0,6508,1000,19123,0.0001,0.0007077553309500217
0.01,1953600,-0.4869057500000001,1953,300.0,6512,1000,19135,0.0001,0.000617045967373997
0.01,1954800,-0.71007114,1953,300.0,6516,1000,19147,0.0001,0.0010519481729716063
0.01,1956000,-0.5730613899999999,1954,300.0,6520,1000,19159,0.0001,0.0004983919207006693
0.01,1957200,-0.6693267500000001,1955,300.0,6524,1001,19171,0.0001,0.0010038502514362335
0.01,1958400,-0.6988198599999998,1955,300.0,6528,1001,19183,0.0001,0.00048113102093338966
0.01,1959600,-0.5930762700000001,1956,300.0,6532,1001,19195,0.0001,0.0008377580670639873
0.01,1960800,-0.58529756,1957,300.0,6536,1001,19207,0.0001,0.0011763856746256351
0.01,1962000,-0.69788324,1958,300.0,6540,1001,19219,0.0001,0.0004931249422952533
0.01,1963200,-0.68849926,1959,300.0,6544,1002,19231,0.0001,0.0007666253368370235
0.01,1964400,-0.7071569899999999,1959,300.0,6548,1002,19243,0.0001,0.0007095256587490439
0.01,1965600,-0.6573926299999999,1960,300.0,6552,1002,19255,0.0001,0.0005181810120120645
0.01,1966800,-0.73386357,1961,300.0,6556,1002,19267,0.0001,0.0007274565286934376
0.01,1968000,-0.7934770899999998,1961,300.0,6560,1003,19279,0.0001,0.0014748250832781196
0.01,1969200,-0.8692783399999999,1962,300.0,6564,1003,19291,0.0001,0.0010706475004553795
0.01,1970400,-0.87738276,1963,300.0,6568,1003,19303,0.0001,0.0008004013798199594
0.01,1971600,-0.98226049,1964,300.0,6572,1003,19315,0.0001,0.0008240637835115194
0.01,1972800,-0.93206069,1964,300.0,6576,1004,19327,0.0001,0.0030579487793147564
0.01,1974000,-1.14320747,1965,300.0,6580,1004,19339,0.0001,0.0009819258702918887
0.01,1975200,-1.0345051,1966,300.0,6584,1004,19351,0.0001,0.0009893861133605242
0.01,1976400,-0.7437584100000001,1967,300.0,6588,1004,19363,0.0001,0.002248750999569893
0.01,1977600,-0.83659813,1968,300.0,6592,1004,19375,0.0001,0.0005112409708090127
0.01,1978800,-0.8442566199999999,1968,300.0,6596,1005,19387,0.0001,0.0011328371474519372
0.01,1980000,-0.8364486100000001,1969,300.0,6600,1005,19399,0.0001,0.0006402615690603852
0.01,1981200,-0.73243248,1970,300.0,6604,1005,19411,0.0001,0.0006753387278877199
0.01,1982400,-0.77851669,1971,300.0,6608,1005,19423,0.0001,0.0026179971173405647
0.01,1983600,-0.6456239800000002,1972,300.0,6612,1005,19435,0.0001,0.0005874867783859372
0.01,1984800,-0.5546575300000002,1972,300.0,6616,1006,19447,0.0001,0.0006903883186168969
0.01,1986000,-0.75034815,1973,300.0,6620,1006,19459,0.0001,0.0004351532261352986
0.01,1987200,-0.67647452,1974,300.0,6624,1006,19471,0.0001,0.0005652232794091105
0.01,1988400,-0.46295508999999996,1975,300.0,6628,1006,19483,0.0001,0.0009925952181220055
0.01,1989600,-0.6024010499999999,1975,300.0,6632,1006,19495,0.0001,0.0006804304430261254
0.01,1990800,-0.5945728399999999,1976,300.0,6636,1007,19507,0.0001,0.0032219896093010902
0.01,1992000,-0.42732989,1977,300.0,6640,1007,19519,0.0001,0.0005751792341470718
0.01,1993200,-0.2204064500000001,1977,300.0,6644,1007,19531,0.0001,0.0037692603655159473
0.01,1994400,-0.26576416,1978,300.0,6648,1007,19543,0.0001,0.00042956689139828086
0.01,1995600,-0.19351632000000005,1979,300.0,6652,1008,19555,0.0001,0.0007858749595470726
0.01,1996800,0.06557432999999994,1980,300.0,6656,1008,19567,0.0001,0.0005348140257410705
0.01,1998000,-0.036552160000000014,1980,300.0,6660,1008,19579,0.0001,0.0004643453867174685
0.01,1999200,-0.12785996000000005,1981,300.0,6664,1008,19591,0.0001,0.0013801229652017355
