rollout/ep_rew_mean,time/time_elapsed,rollout/exploration_rate,time/episodes,time/total_timesteps,rollout/ep_len_mean,time/fps,train/n_updates,train/loss,train/learning_rate
-0.678091,3,0.9977584905660376,4,1200,300.0,324,,,
0.001206999999999958,4,0.9955169811320755,8,2400,300.0,586,,,
-0.3100201666666667,4,0.9932754716981131,12,3600,300.0,808,,,
-0.1791267500000001,4,0.9910339622641511,16,4800,300.0,985,,,
-0.8222959500000002,5,0.9887924528301887,20,6000,300.0,1145,,,
-0.7387109583333334,5,0.9865509433962263,24,7200,300.0,1285,,,
-0.8316695000000002,5,0.9843094339622642,28,8400,300.0,1406,,,
-1.272553625,6,0.9820679245283018,32,9600,300.0,1505,,,
-1.3229936666666666,6,0.9798264150943398,36,10800,300.0,1601,,,
-0.9291717750000001,7,0.9775849056603774,40,12000,300.0,1687,,,
-0.9819145681818182,7,0.9753433962264149,44,13200,300.0,1750,,,
-1.0175068333333332,7,0.9731018867924529,48,14400,300.0,1820,,,
-0.953102576923077,8,0.9708603773584905,52,15600,300.0,1883,,,
-0.9820655892857143,8,0.9686188679245284,56,16800,300.0,1942,,,
-1.0139728000000001,9,0.966377358490566,60,18000,300.0,1994,,,
-0.8020437499999999,9,0.9641358490566035,64,19200,300.0,2046,,,
-0.6250182794117646,9,0.9618943396226416,68,20400,300.0,2093,,,
-0.6553314722222222,10,0.9596528301886791,72,21600,300.0,2136,,,
-0.6760371710526316,10,0.9574113207547171,76,22800,300.0,2174,,,
-0.6939424,10,0.9551698113207547,80,24000,300.0,2212,,,
-0.6718848095238095,11,0.9529283018867927,84,25200,300.0,2246,,,
-0.5640551249999999,11,0.9506867924528303,88,26400,300.0,2279,,,
-0.5276066847826086,11,0.9484452830188678,92,27600,300.0,2311,,,
-0.5257274375,12,0.9462037735849058,96,28800,300.0,2337,,,
-0.44626859999999996,12,0.9439622641509433,100,30000,300.0,2362,,,
-0.4545854299999998,13,0.9417207547169814,104,31200,300.0,2388,,,
-0.45665974999999986,13,0.9394792452830188,108,32400,300.0,2413,,,
-0.4610481,13,0.9372377358490565,112,33600,300.0,2436,,,
-0.47681091999999997,14,0.9349962264150945,116,34800,300.0,2459,,,
-0.2947948699999999,14,0.932754716981132,120,36000,300.0,2478,,,
-0.2717140099999999,14,0.93051320754717,124,37200,300.0,2491,,,
-0.14101648999999997,15,0.9282716981132075,128,38400,300.0,2510,,,
0.01498998000000004,15,0.9260301886792451,132,39600,300.0,2529,,,
0.16657633000000005,16,0.9237886792452831,136,40800,300.0,2533,7,0.00330588361248374,0.0001
0.10015423000000002,16,0.9215471698113207,140,42000,300.0,2540,19,0.003225498367100954,0.0001
0.05694087000000001,16,0.9193056603773587,144,43200,300.0,2546,31,0.003024122677743435,0.0001
0.07071972000000001,17,0.9170641509433962,148,44400,300.0,2552,43,0.002708554733544588,0.0001
-0.00544871999999998,17,0.9148226415094338,152,45600,300.0,2542,55,0.002339261118322611,0.0001
-0.023550069999999958,18,0.9125811320754718,156,46800,300.0,2547,67,0.0019144498510286212,0.0001
-0.15380881999999996,18,0.9103396226415094,160,48000,300.0,2553,79,0.0015450267819687724,0.0001
-0.22752482999999996,19,0.9080981132075473,164,49200,300.0,2559,91,0.0015570658724755049,0.0001
-0.35937892999999993,19,0.9058566037735849,168,50400,300.0,2567,103,0.001430160365998745,0.0001
-0.35994837,20,0.9036150943396225,172,51600,300.0,2575,115,0.0008422746323049068,0.0001
-0.27238732000000004,20,0.9013735849056604,176,52800,300.0,2582,127,0.0007996290223672986,0.0001
-0.12799181,20,0.899132075471698,180,54000,300.0,2586,139,0.0007367120124399662,0.0001
-0.20458809000000003,21,0.896890566037736,184,55200,300.0,2590,151,0.0007185175782069564,0.0001
-0.34047176999999995,21,0.8946490566037736,188,56400,300.0,2595,163,0.0008525617886334658,0.0001
-0.31173578,22,0.8924075471698112,192,57600,300.0,2599,175,0.0007841924671083689,0.0001
-0.24537636000000002,22,0.8901660377358491,196,58800,300.0,2604,187,0.0008499898249283433,0.0001
-0.27935632,23,0.8879245283018867,200,60000,300.0,2608,199,0.0008480034884996712,0.0001
-0.12368558000000006,23,0.8856830188679247,204,61200,300.0,2613,211,0.0008193245157599449,0.0001
-0.13195365000000003,23,0.8834415094339623,208,62400,300.0,2618,223,0.0009187785908579826,0.0001
-0.05620933999999997,24,0.8811999999999998,212,63600,300.0,2623,235,0.001158648869022727,0.0001
-0.0928817,24,0.8789584905660378,216,64800,300.0,2623,247,0.0008994085364975035,0.0001
-0.16073815999999994,25,0.8767169811320754,220,66000,300.0,2621,259,0.0010933654848486185,0.0001
-0.14073004999999997,25,0.8744754716981133,224,67200,300.0,2625,271,0.0009997924789786339,0.0001
-0.12572384,26,0.872233962264151,228,68400,300.0,2628,283,0.0010899396147578955,0.0001
-0.12684012,26,0.8699924528301889,232,69600,300.0,2630,295,0.0010752328671514988,0.0001
-0.09017034000000006,26,0.8677509433962265,236,70800,300.0,2633,307,0.001056170673109591,0.0001
-0.11170793000000004,27,0.865509433962264,240,72000,300.0,2634,319,0.0011957212118431926,0.0001
-0.06969729999999999,27,0.863267924528302,244,73200,300.0,2638,331,0.0010799288284033537,0.0001
-0.08501166999999996,28,0.8610264150943396,248,74400,300.0,2640,343,0.0011510467156767845,0.0001
-0.08086638999999998,28,0.8587849056603771,252,75600,300.0,2643,355,0.0011194046819582582,0.0001
-0.017552880000000014,29,0.8565433962264152,256,76800,300.0,2646,367,0.0010127181885764003,0.0001
0.061416469999999966,29,0.8543018867924528,260,78000,300.0,2647,379,0.0011886972934007645,0.0001
0.009844249999999981,29,0.8520603773584907,264,79200,300.0,2651,391,0.0011888535227626562,0.0001
0.06834376999999998,30,0.8498188679245282,268,80400,300.0,2653,403,0.0012174108996987343,0.0001
0.15879958999999996,30,0.8475773584905663,272,81600,300.0,2657,415,0.0014239952433854342,0.0001
0.13322338999999997,31,0.8453358490566039,276,82800,300.0,2659,427,0.0009036026895046234,0.0001
0.09026937999999995,31,0.8430943396226414,280,84000,300.0,2661,439,0.001216311939060688,0.0001
0.19370111,31,0.8408528301886794,284,85200,300.0,2663,451,0.0011733069550246,0.0001
0.30343206000000006,32,0.8386113207547169,288,86400,300.0,2664,463,0.0010731520596891642,0.0001
0.22289452000000004,32,0.8363698113207549,292,87600,300.0,2667,475,0.0010492512956261635,0.0001
0.17166977000000003,33,0.8341283018867924,296,88800,300.0,2670,487,0.0011531147174537182,0.0001
0.10049746000000008,33,0.83188679245283,300,90000,300.0,2671,499,0.0014716963050886989,0.0001
-0.07168016,34,0.8296452830188681,304,91200,300.0,2674,511,0.001424150774255395,0.0001
-0.022783230000000064,34,0.8274037735849056,308,92400,300.0,2675,523,0.0013880054466426373,0.0001
-0.12354880000000006,34,0.8251622641509436,312,93600,300.0,2674,535,0.0013077033217996359,0.0001
-0.13504285000000005,35,0.8229207547169811,316,94800,300.0,2676,547,0.0012920718872919679,0.0001
-0.05344264000000007,35,0.8206792452830187,320,96000,300.0,2676,559,0.0012941481545567513,0.0001
-0.10839859000000004,36,0.8184377358490567,324,97200,300.0,2675,571,0.0014880545204505324,0.0001
-0.19892091999999997,36,0.8161962264150943,328,98400,300.0,2677,583,0.0009794824291020632,0.0001
-0.26521941000000004,37,0.8139547169811323,332,99600,300.0,2672,595,0.001707515330053866,0.0001
-0.39055958999999996,79,0.8117132075471698,336,100800,300.0,1269,607,0.0009251304436475039,0.0001
-0.42279929999999993,79,0.8094716981132074,340,102000,300.0,1278,619,0.0011640220182016492,0.0001
-0.34550517,80,0.8072301886792453,344,103200,300.0,1286,631,0.0013902068603783846,0.0001
-0.26681620999999994,80,0.804988679245283,348,104400,300.0,1293,643,0.0012015993706882,0.0001
-0.17929864000000006,81,0.8027471698113209,352,105600,300.0,1301,655,0.0008869229932315648,0.0001
-0.08845474000000006,81,0.8005056603773585,356,106800,300.0,1309,667,0.0014532472705468535,0.0001
0.06769389,81,0.7982641509433961,360,108000,300.0,1317,679,0.0012474579270929098,0.0001
0.20940872,82,0.796022641509434,364,109200,300.0,1324,691,0.0013455725274980068,0.0001
0.17716689,82,0.7937811320754716,368,110400,300.0,1332,703,0.0016075929161161184,0.0001
0.15550266000000001,83,0.7915396226415096,372,111600,300.0,1339,715,0.0013115900801494718,0.0001
0.10814054999999997,83,0.7892981132075472,376,112800,300.0,1346,727,0.0015209183329716325,0.0001
0.13829160999999995,84,0.7870566037735847,380,114000,300.0,1353,739,0.0011041911784559488,0.0001
0.06847293,84,0.7848150943396227,384,115200,300.0,1360,751,0.0015395432710647583,0.0001
0.026502949999999956,85,0.7825735849056603,388,116400,300.0,1367,763,0.0011433972977101803,0.0001
0.01577427999999991,85,0.7803320754716982,392,117600,300.0,1374,775,0.0016114148311316967,0.0001
-0.06815900999999996,85,0.7780905660377359,396,118800,300.0,1381,787,0.001115855062380433,0.0001
-0.15899928999999996,86,0.7758490566037735,400,120000,300.0,1387,799,0.0017851506127044559,0.0001
-0.05018393999999998,86,0.7736075471698114,404,121200,300.0,1394,811,0.001415324630215764,0.0001
-0.20296732999999997,87,0.7713660377358489,408,122400,300.0,1400,823,0.0018281383672729135,0.0001
-0.11595259000000004,87,0.7691245283018869,412,123600,300.0,1407,835,0.0014285817742347717,0.0001
-0.13708708000000006,88,0.7668830188679245,416,124800,300.0,1413,847,0.001273179892450571,0.0001
-0.25045748,88,0.7646415094339625,420,126000,300.0,1420,859,0.0008795565227046609,0.0001
-0.3172531700000001,89,0.7624000000000001,424,127200,300.0,1426,871,0.0013008452951908112,0.0001
-0.39989253,89,0.7601584905660377,428,128400,300.0,1432,883,0.0017272374825552106,0.0001
-0.27097166000000006,90,0.7579169811320756,432,129600,300.0,1439,895,0.0012985315406695008,0.0001
-0.22299465000000007,90,0.7556754716981131,436,130800,300.0,1445,907,0.0007655266090296209,0.0001
-0.2800438900000002,90,0.7534339622641508,440,132000,300.0,1451,919,0.0008834801847115159,0.0001
-0.33373822000000003,91,0.7511924528301888,444,133200,300.0,1457,931,0.001383238355629146,0.0001
-0.3487310899999999,91,0.7489509433962263,448,134400,300.0,1463,943,0.0010602709371596575,0.0001
-0.36519018,92,0.7467094339622642,452,135600,300.0,1469,955,0.0012026454787701368,0.0001
-0.51486343,92,0.7444679245283019,456,136800,300.0,1475,967,0.0015314503107219934,0.0001
-0.44178802999999994,93,0.7422264150943398,460,138000,300.0,1481,979,0.0011212369427084923,0.0001
-0.5157683700000001,93,0.7399849056603773,464,139200,300.0,1486,991,0.0011811211006715894,0.0001
-0.6153383299999999,94,0.7377433962264149,468,140400,300.0,1492,1003,0.0016171769239008427,0.0001
-0.72755028,94,0.735501886792453,472,141600,300.0,1498,1015,0.0013236361555755138,0.0001
-0.7093207500000002,95,0.7332603773584905,476,142800,300.0,1502,1027,0.0018134490819647908,0.0001
-0.7950541300000001,95,0.7310188679245284,480,144000,300.0,1508,1039,0.0011946724262088537,0.0001
-0.80434235,95,0.7287773584905661,484,145200,300.0,1514,1051,0.0021621277555823326,0.0001
-0.84788744,96,0.7265358490566036,488,146400,300.0,1519,1063,0.0016474140575155616,0.0001
-0.87901644,96,0.7242943396226416,492,147600,300.0,1524,1075,0.0016128343995660543,0.0001
-0.7430658199999998,97,0.7220528301886792,496,148800,300.0,1528,1087,0.001432563178241253,0.0001
-0.6067606799999999,97,0.7198113207547172,500,150000,300.0,1533,1099,0.001311460044234991,0.0001
-0.6539946199999999,98,0.7175698113207547,504,151200,300.0,1538,1111,0.0020317125599831343,0.0001
-0.49439181,98,0.7153283018867923,508,152400,300.0,1543,1123,0.0013880745973438025,0.0001
-0.42868400000000007,99,0.7130867924528304,512,153600,300.0,1547,1135,0.0010196147486567497,0.0001
-0.33406799,99,0.7108452830188678,516,154800,300.0,1552,1147,0.001351148821413517,0.0001
-0.29087683000000003,100,0.7086037735849058,520,156000,300.0,1557,1159,0.0006966116488911211,0.0001
-0.19464001999999997,100,0.7063622641509434,524,157200,300.0,1563,1171,0.001005065510980785,0.0001
-0.07755895999999998,101,0.704120754716981,528,158400,300.0,1567,1183,0.00103613396640867,0.0001
-0.11200561,101,0.7018792452830189,532,159600,300.0,1572,1195,0.001088684774003923,0.0001
-0.1458114,101,0.6996377358490565,536,160800,300.0,1577,1207,0.0016143096145242453,0.0001
-0.07419055000000001,102,0.6973962264150946,540,162000,300.0,1581,1219,0.00147676607593894,0.0001
-0.0982381,102,0.6951547169811321,544,163200,300.0,1585,1231,0.0012242442462593317,0.0001
-0.16870945999999998,103,0.6929132075471697,548,164400,300.0,1590,1243,0.0015318950172513723,0.0001
-0.11166255000000005,103,0.6906716981132076,552,165600,300.0,1595,1255,0.0020940236281603575,0.0001
0.020044529999999963,104,0.6884301886792452,556,166800,300.0,1597,1267,0.0021982232574373484,0.0001
-0.1513951,104,0.6861886792452832,560,168000,300.0,1601,1279,0.0007891141576692462,0.0001
-0.27811698000000007,105,0.6839471698113208,564,169200,300.0,1605,1291,0.0012782549019902945,0.0001
-0.16343636999999997,105,0.6817056603773588,568,170400,300.0,1609,1303,0.00151215516962111,0.0001
-0.12951052,106,0.6794641509433963,572,171600,300.0,1613,1315,0.0018279245123267174,0.0001
-0.018259170000000022,106,0.6772226415094338,576,172800,300.0,1617,1327,0.0018948286306113005,0.0001
0.04877429999999996,107,0.6749811320754718,580,174000,300.0,1620,1339,0.0013155790511518717,0.0001
0.10386901999999999,107,0.6727396226415094,584,175200,300.0,1623,1351,0.001550184329971671,0.0001
0.03679128000000001,108,0.6704981132075469,588,176400,300.0,1626,1363,0.001724056201055646,0.0001
0.07015792999999995,108,0.668256603773585,592,177600,300.0,1629,1375,0.001403624308295548,0.0001
0.14342868999999994,109,0.6660150943396226,596,178800,300.0,1633,1387,0.001546506304293871,0.0001
0.17768853,109,0.6637735849056605,600,180000,300.0,1637,1399,0.0020900217350572348,0.0001
0.17480649999999995,110,0.661532075471698,604,181200,300.0,1641,1411,0.0007175080245360732,0.0001
0.11273585999999992,110,0.6592905660377361,608,182400,300.0,1644,1423,0.0008970302296802402,0.0001
-0.02564380000000001,111,0.6570490566037737,612,183600,300.0,1648,1435,0.0009804603178054094,0.0001
-0.12407373000000003,111,0.6548075471698112,616,184800,300.0,1652,1447,0.001340900082141161,0.0001
-0.07217473000000002,112,0.6525660377358492,620,186000,300.0,1656,1459,0.0011669945670291781,0.0001
-0.14109469000000002,112,0.6503245283018868,624,187200,300.0,1658,1471,0.0014748543035238981,0.0001
-0.27591650000000006,113,0.6480830188679243,628,188400,300.0,1661,1483,0.0019801605958491564,0.0001
-0.29948577,113,0.6458415094339622,632,189600,300.0,1665,1495,0.002037065103650093,0.0001
-0.31105033000000004,114,0.6435999999999998,636,190800,300.0,1669,1507,0.0011471302714198828,0.0001
-0.30530356000000003,114,0.6413584905660379,640,192000,300.0,1672,1519,0.0010499777272343636,0.0001
-0.16995758,115,0.6391169811320754,644,193200,300.0,1675,1531,0.0009356460068374872,0.0001
-0.18103478999999997,115,0.6368754716981134,648,194400,300.0,1679,1543,0.0010993038304150105,0.0001
-0.2339215,116,0.634633962264151,652,195600,300.0,1682,1555,0.0023733973503112793,0.0001
-0.29511304,116,0.6323924528301885,656,196800,300.0,1685,1567,0.0008631576783955097,0.0001
-0.15415883999999996,117,0.6301509433962265,660,198000,300.0,1689,1579,0.0014662588946521282,0.0001
0.028740949999999973,117,0.6279094339622641,664,199200,300.0,1692,1591,0.0011520434636622667,0.0001
0.08831545999999994,159,0.6256679245283021,668,200400,300.0,1253,1603,0.0018001168500632048,0.0001
0.08339962000000002,160,0.6234264150943396,672,201600,300.0,1257,1615,0.0007750596851110458,0.0001
0.028876309999999974,160,0.6211849056603772,676,202800,300.0,1261,1627,0.0012796107912436128,0.0001
-0.1552453700000001,161,0.6189433962264153,680,204000,300.0,1264,1639,0.0007609698222950101,0.0001
-0.27235211,161,0.6167018867924527,684,205200,300.0,1267,1651,0.0013928094413131475,0.0001
-0.06086872000000003,162,0.6144603773584907,688,206400,300.0,1270,1663,0.0015589548274874687,0.0001
-0.07255712000000003,162,0.6122188679245283,692,207600,300.0,1273,1675,0.0016726776957511902,0.0001
-0.26377728999999994,163,0.6099773584905659,696,208800,300.0,1277,1687,0.0011782122310250998,0.0001
-0.2704001099999999,163,0.6077358490566038,700,210000,300.0,1281,1699,0.0021419795230031013,0.0001
-0.2246932799999999,164,0.6054943396226414,704,211200,300.0,1284,1711,0.0016296315006911755,0.0001
-0.28086921,164,0.6032528301886795,708,212400,300.0,1287,1723,0.0014680721797049046,0.0001
-0.3236215,165,0.601011320754717,712,213600,300.0,1291,1735,0.0020488761365413666,0.0001
-0.20322261000000005,165,0.5987698113207549,716,214800,300.0,1294,1747,0.0016785783227533102,0.0001
-0.17485631999999998,166,0.5965283018867925,720,216000,300.0,1297,1759,0.001346686272881925,0.0001
-0.09450085999999992,166,0.5942867924528301,724,217200,300.0,1301,1771,0.0008776256581768394,0.0001
0.03579235000000002,167,0.592045283018868,728,218400,300.0,1304,1783,0.0014069770695641637,0.0001
0.10037436,168,0.5898037735849057,732,219600,300.0,1306,1795,0.0011473820777609944,0.0001
0.10624187000000003,168,0.5875622641509433,736,220800,300.0,1309,1807,0.0019204476848244667,0.0001
0.17206480999999996,169,0.5853207547169812,740,222000,300.0,1312,1819,0.0012360647087916732,0.0001
0.18197828000000002,169,0.5830792452830188,744,223200,300.0,1315,1831,0.0024331528693437576,0.0001
0.28367321,170,0.5808377358490567,748,224400,300.0,1319,1843,0.0018782224506139755,0.0001
0.29461637,170,0.5785962264150943,752,225600,300.0,1322,1855,0.0008440727251581848,0.0001
0.27652634000000004,171,0.5763547169811323,756,226800,300.0,1325,1867,0.0016967600677162409,0.0001
0.12524467000000006,171,0.5741132075471699,760,228000,300.0,1328,1879,0.0009548902744427323,0.0001
0.011062130000000104,172,0.5718716981132075,764,229200,300.0,1331,1891,0.002059144899249077,0.0001
-0.051984519999999895,172,0.5696301886792454,768,230400,300.0,1334,1903,0.0014976211823523045,0.0001
-0.01357607999999993,173,0.567388679245283,772,231600,300.0,1337,1915,0.0012221334036439657,0.0001
-0.058231489999999934,173,0.5651471698113206,776,232800,300.0,1340,1927,0.0018663478549569845,0.0001
0.052366800000000054,174,0.5629056603773586,780,234000,300.0,1344,1939,0.0011716745793819427,0.0001
0.05275438999999997,174,0.5606641509433961,784,235200,300.0,1347,1951,0.0012967514339834452,0.0001
-0.015647520000000022,175,0.5584226415094341,788,236400,300.0,1350,1963,0.0016510382993146777,0.0001
0.04591394000000003,175,0.5561811320754717,792,237600,300.0,1353,1975,0.0010406645014882088,0.0001
0.15956154000000006,176,0.5539396226415096,796,238800,300.0,1356,1987,0.0014707334339618683,0.0001
0.025996540000000082,176,0.5516981132075472,800,240000,300.0,1358,1999,0.0019860691390931606,0.0001
0.0034879300000000293,177,0.5494566037735849,804,241200,300.0,1361,2011,0.0015534695703536272,0.0001
-0.006607549999999994,177,0.5472150943396228,808,242400,300.0,1364,2023,0.0007416207809001207,0.0001
0.08383725000000006,178,0.5449735849056603,812,243600,300.0,1368,2035,0.0018212886061519384,0.0001
0.15917707000000006,178,0.5427320754716983,816,244800,300.0,1371,2047,0.000902694184333086,0.0001
-0.008216080000000008,179,0.5404905660377359,820,246000,300.0,1374,2059,0.0025062724016606808,0.0001
-0.12091705000000004,179,0.5382490566037734,824,247200,300.0,1377,2071,0.0011334182927384973,0.0001
-0.1455072900000001,179,0.5360075471698115,828,248400,300.0,1380,2083,0.001321371179074049,0.0001
-0.1985824300000001,180,0.5337660377358491,832,249600,300.0,1383,2095,0.0012578564928844571,0.0001
-0.20015810000000006,180,0.531524528301887,836,250800,300.0,1386,2107,0.0011305662337690592,0.0001
-0.26466680000000004,181,0.5292830188679245,840,252000,300.0,1388,2119,0.0014778331387788057,0.0001
-0.39648056999999987,181,0.527041509433962,844,253200,300.0,1391,2131,0.0008346230606548488,0.0001
-0.42945324999999995,182,0.5248000000000002,848,254400,300.0,1394,2143,0.001361396163702011,0.0001
-0.49698593,182,0.5225584905660376,852,255600,300.0,1397,2155,0.0018795512150973082,0.0001
-0.42082088999999995,183,0.5203169811320757,856,256800,300.0,1400,2167,0.0015475550899282098,0.0001
-0.39722915000000003,183,0.5180754716981133,860,258000,300.0,1403,2179,0.000702285033185035,0.0001
-0.22814561,184,0.5158339622641512,864,259200,300.0,1405,2191,0.0014120733831077814,0.0001
-0.27701398,184,0.5135924528301887,868,260400,300.0,1408,2203,0.0018136908765882254,0.0001
-0.20692614999999986,185,0.5113509433962263,872,261600,300.0,1410,2215,0.001742784632369876,0.0001
-0.26943393,185,0.5091094339622644,876,262800,300.0,1413,2227,0.0012308212462812662,0.0001
-0.28077979,186,0.5068679245283019,880,264000,300.0,1416,2239,0.000852336292155087,0.0001
-0.06388251000000005,186,0.5046264150943394,884,265200,300.0,1419,2251,0.0010036029852926731,0.0001
-0.043530270000000044,187,0.5023849056603774,888,266400,300.0,1420,2263,0.000984945334494114,0.0001
-0.20316197000000005,188,0.500143396226415,892,267600,300.0,1423,2275,0.001258445205166936,0.0001
-0.265904,188,0.49790188679245306,896,268800,300.0,1426,2287,0.0006443692836910486,0.0001
-0.14881427000000008,189,0.49566037735849056,900,270000,300.0,1428,2299,0.0010589177254587412,0.0001
0.018017719999999907,189,0.4934188679245285,904,271200,300.0,1431,2311,0.001437074737623334,0.0001
0.09662304000000002,189,0.4911773584905661,908,272400,300.0,1433,2323,0.00116630457341671,0.0001
0.11148583000000009,190,0.4889358490566037,912,273600,300.0,1436,2335,0.002385963685810566,0.0001
0.037649269999999964,190,0.48669433962264175,916,274800,300.0,1439,2347,0.001449305098503828,0.0001
0.25133408999999995,191,0.48445283018867924,920,276000,300.0,1441,2359,0.0010405180510133505,0.0001
0.4712668200000001,191,0.48221132075471673,924,277200,300.0,1443,2371,0.0009697929490357637,0.0001
0.50488197,192,0.4799698113207548,928,278400,300.0,1446,2383,0.000819242384750396,0.0001
0.5639010300000001,192,0.4777283018867924,932,279600,300.0,1448,2395,0.0009781961562111974,0.0001
0.6236065600000001,193,0.4754867924528303,936,280800,300.0,1451,2407,0.0012416585814207792,0.0001
0.5398122000000001,193,0.4732452830188679,940,282000,300.0,1453,2419,0.0016947565600275993,0.0001
0.7248071700000002,194,0.47100377358490586,944,283200,300.0,1456,2431,0.00081522116670385,0.0001
0.6560457,195,0.46876226415094346,948,284400,300.0,1458,2443,0.0014126366004347801,0.0001
0.73835586,195,0.46652075471698107,952,285600,300.0,1460,2455,0.0013889104593545198,0.0001
0.6073325599999999,196,0.464279245283019,956,286800,300.0,1463,2467,0.000808261800557375,0.0001
0.61734083,196,0.4620377358490566,960,288000,300.0,1465,2479,0.0009703253745101392,0.0001
0.4110782700000001,197,0.4597962264150941,964,289200,300.0,1467,2491,0.0013110529398545623,0.0001
0.5952002799999999,197,0.45755471698113215,968,290400,300.0,1470,2503,0.0010185451246798038,0.0001
0.4519390999999999,198,0.45531320754716975,972,291600,300.0,1471,2515,0.0012776576913893223,0.0001
0.49649773999999985,198,0.4530716981132077,976,292800,300.0,1473,2527,0.0015586373629048467,0.0001
0.49805206999999996,199,0.4508301886792452,980,294000,300.0,1475,2539,0.002469001803547144,0.0001
0.45215148000000005,199,0.44858867924528323,984,295200,300.0,1477,2551,0.0017445540288463235,0.0001
0.4580971799999998,200,0.44634716981132083,988,296400,300.0,1480,2563,0.00169700151309371,0.0001
0.5782625299999999,200,0.4441056603773583,992,297600,300.0,1482,2575,0.001270300941541791,0.0001
0.5920883,201,0.44186415094339637,996,298800,300.0,1484,2587,0.001338027068413794,0.0001
0.57543785,245,0.43962264150943386,1000,300000,300.0,1221,2599,0.0008638981962576509,0.0001
0.34978226999999995,246,0.43738113207547147,1004,301200,300.0,1223,2611,0.0014541534474119544,0.0001
0.2794847200000001,246,0.4351396226415095,1008,302400,300.0,1225,2623,0.000822228379547596,0.0001
0.19978714000000003,247,0.43289811320754745,1012,303600,300.0,1228,2635,0.0013323804596439004,0.0001
0.09455804000000001,247,0.43065660377358506,1016,304800,300.0,1230,2647,0.0017664304468780756,0.0001
-0.049986259999999956,248,0.42841509433962255,1020,306000,300.0,1232,2659,0.0011667663929983974,0.0001
-0.12997969999999998,248,0.4261735849056606,1024,307200,300.0,1234,2671,0.0014031287282705307,0.0001
-0.051074870000000036,249,0.4239320754716981,1028,308400,300.0,1236,2683,0.001057867775671184,0.0001
-0.013593599999999968,249,0.4216905660377357,1032,309600,300.0,1239,2695,0.001340798451565206,0.0001
-0.09834166999999999,250,0.41944905660377363,1036,310800,300.0,1241,2707,0.0012567443773150444,0.0001
-0.09519997,250,0.41720754716981123,1040,312000,300.0,1243,2719,0.0008588363416492939,0.0001
-0.3104476399999999,251,0.4149660377358493,1044,313200,300.0,1245,2731,0.0007902441429905593,0.0001
-0.4557326,251,0.4127245283018868,1048,314400,300.0,1248,2743,0.0013952875742688775,0.0001
-0.40762624000000003,252,0.4104830188679248,1052,315600,300.0,1250,2755,0.0009680602815933526,0.0001
-0.42815075,252,0.4082415094339623,1056,316800,300.0,1252,2767,0.0006943870102986693,0.0001
-0.36779125,253,0.4059999999999999,1060,318000,300.0,1255,2779,0.001445513335056603,0.0001
-0.44303632,253,0.40375849056603796,1064,319200,300.0,1257,2791,0.0008144818712025881,0.0001
-0.53019715,254,0.40151698113207546,1068,320400,300.0,1259,2803,0.0011439976515248418,0.0001
-0.49221518,254,0.39927547169811306,1072,321600,300.0,1261,2815,0.0018469563219696283,0.0001
-0.38978772000000006,255,0.397033962264151,1076,322800,300.0,1263,2827,0.0007595435017719865,0.0001
-0.39531570000000005,256,0.3947924528301886,1080,324000,300.0,1265,2839,0.001222093589603901,0.0001
-0.4482503,256,0.39255094339622654,1084,325200,300.0,1267,2851,0.0010510935680940747,0.0001
-0.47105779,257,0.39030943396226414,1088,326400,300.0,1269,2863,0.0008046232396736741,0.0001
-0.47007458,257,0.3880679245283021,1092,327600,300.0,1271,2875,0.0018080112058669329,0.0001
-0.52220544,258,0.3858264150943397,1096,328800,300.0,1273,2887,0.001045932061970234,0.0001
-0.5861280099999999,258,0.3835849056603773,1100,330000,300.0,1275,2899,0.0013532743323594332,0.0001
-0.6179117000000001,259,0.3813433962264152,1104,331200,300.0,1277,2911,0.0013910098932683468,0.0001
-0.5113325099999999,259,0.3791018867924528,1108,332400,300.0,1279,2923,0.0006621609209105372,0.0001
-0.3438701199999999,260,0.37686037735849043,1112,333600,300.0,1281,2935,0.0010228239698335528,0.0001
-0.31751753999999993,260,0.37461886792452836,1116,334800,300.0,1283,2947,0.0009770652977749705,0.0001
-0.24148673999999995,261,0.37237735849056597,1120,336000,300.0,1285,2959,0.0008230381063185632,0.0001
-0.3501289099999999,261,0.3701358490566039,1124,337200,300.0,1287,2971,0.0008675541030243039,0.0001
-0.53281804,262,0.3678943396226415,1128,338400,300.0,1289,2983,0.0011185944313183427,0.0001
-0.6315231099999999,263,0.36565283018867945,1132,339600,300.0,1291,2995,0.0008308680262416601,0.0001
-0.59363518,263,0.36341132075471705,1136,340800,300.0,1293,3007,0.0008907426963560283,0.0001
-0.52039012,264,0.36116981132075454,1140,342000,300.0,1295,3019,0.0008973724907264113,0.0001
-0.37946822999999996,264,0.3589283018867926,1144,343200,300.0,1297,3031,0.0007632325869053602,0.0001
-0.10228708000000003,265,0.3566867924528302,1148,344400,300.0,1298,3043,0.0011342372745275497,0.0001
-0.16294264000000003,265,0.3544452830188677,1152,345600,300.0,1300,3055,0.0007481983047910035,0.0001
-0.043610710000000025,266,0.35220377358490573,1156,346800,300.0,1302,3067,0.0010694345692172647,0.0001
-0.05186925000000003,266,0.34996226415094367,1160,348000,300.0,1304,3079,0.0009775845101103187,0.0001
0.05596375999999997,267,0.3477207547169813,1164,349200,300.0,1306,3091,0.0009991165716201067,0.0001
-0.09496528000000003,267,0.3454792452830189,1168,350400,300.0,1308,3103,0.0012019965797662735,0.0001
-0.03293131000000004,268,0.3432377358490568,1172,351600,300.0,1310,3115,0.0007771325763314962,0.0001
-0.17174847000000007,268,0.3409962264150943,1176,352800,300.0,1312,3127,0.0007744726026430726,0.0001
-0.1463263300000001,269,0.3387547169811319,1180,354000,300.0,1314,3139,0.001137742307037115,0.0001
-0.2581617600000001,269,0.33651320754716996,1184,355200,300.0,1316,3151,0.0010654055513441563,0.0001
-0.26929933,270,0.33427169811320756,1188,356400,300.0,1318,3163,0.0012041700538247824,0.0001
-0.16875296999999997,270,0.3320301886792455,1192,357600,300.0,1319,3175,0.0008546540630050004,0.0001
-0.19475998,271,0.329788679245283,1196,358800,300.0,1321,3187,0.0009776025544852018,0.0001
-0.03237436000000002,271,0.32754716981132104,1200,360000,300.0,1323,3199,0.0006698921788483858,0.0001
0.09091140999999997,272,0.32530566037735864,1204,361200,300.0,1325,3211,0.0009243368403986096,0.0001
-0.031082480000000034,272,0.32306415094339613,1208,362400,300.0,1327,3223,0.0008190434891730547,0.0001
-0.13470304,273,0.3208226415094342,1212,363600,300.0,1329,3235,0.0009568688692525029,0.0001
-0.24607128999999997,273,0.3185811320754717,1216,364800,300.0,1331,3247,0.0009843839798122644,0.0001
-0.39671645,274,0.3163396226415093,1220,366000,300.0,1333,3259,0.0008743409998714924,0.0001
-0.2757605899999999,275,0.3140981132075473,1224,367200,300.0,1335,3271,0.0009055380360223353,0.0001
-0.1601793599999999,275,0.3118566037735848,1228,368400,300.0,1336,3283,0.0009631591383367777,0.0001
-0.13209222999999998,276,0.30961509433962275,1232,369600,300.0,1338,3295,0.0008985802996903658,0.0001
-0.19522711000000004,276,0.30737358490566036,1236,370800,300.0,1340,3307,0.001313219778239727,0.0001
-0.18562116000000004,277,0.3051320754716984,1240,372000,300.0,1341,3319,0.0008110848721116781,0.0001
-0.20139425,277,0.302890566037736,1244,373200,300.0,1343,3331,0.0010209649335592985,0.0001
-0.42810881999999995,278,0.3006490566037735,1248,374400,300.0,1345,3343,0.001001090626232326,0.0001
-0.51241949,278,0.29840754716981144,1252,375600,300.0,1346,3355,0.0009009027853608131,0.0001
-0.5556250400000001,279,0.29616603773584904,1256,376800,300.0,1348,3367,0.0007238280377350748,0.0001
-0.6088845900000002,279,0.29392452830188665,1260,378000,300.0,1350,3379,0.0008383431704714894,0.0001
-0.5669708500000001,280,0.2916830188679246,1264,379200,300.0,1352,3391,0.0007175405044108629,0.0001
-0.4524918,281,0.2894415094339622,1268,380400,300.0,1353,3403,0.0013070147251710296,0.0001
-0.5039647899999999,281,0.2872000000000001,1272,381600,300.0,1355,3415,0.0011583672603592277,0.0001
-0.48552544999999997,282,0.2849584905660377,1276,382800,300.0,1356,3427,0.0010056989267468452,0.0001
-0.48849263,282,0.2827169811320758,1280,384000,300.0,1357,3439,0.0006431128131225705,0.0001
-0.43645285999999994,283,0.28047547169811327,1284,385200,300.0,1359,3451,0.0009572701528668404,0.0001
-0.5048039999999999,283,0.27823396226415076,1288,386400,300.0,1361,3463,0.00127866817638278,0.0001
-0.6260678,284,0.2759924528301888,1292,387600,300.0,1363,3475,0.0009160407935269177,0.0001
-0.42741151,284,0.2737509433962264,1296,388800,300.0,1364,3487,0.0007642393466085196,0.0001
-0.54340989,285,0.271509433962264,1300,390000,300.0,1366,3499,0.0007616826915182173,0.0001
-0.57511712,286,0.26926792452830195,1304,391200,300.0,1367,3511,0.00122026726603508,0.0001
-0.5312286399999999,286,0.26702641509433944,1308,392400,300.0,1368,3523,0.0012042385060340166,0.0001
-0.62299624,287,0.2647849056603775,1312,393600,300.0,1370,3535,0.0008210418745875359,0.0001
-0.47510470999999993,287,0.2625433962264151,1316,394800,300.0,1371,3547,0.0007277326658368111,0.0001
-0.37532846999999997,288,0.26030188679245303,1320,396000,300.0,1372,3559,0.0006480024894699454,0.0001
-0.30835018000000003,289,0.25806037735849063,1324,397200,300.0,1373,3571,0.0005968711338937283,0.0001
-0.31139940000000005,289,0.2558188679245281,1328,398400,300.0,1375,3583,0.0007173356134444475,0.0001
-0.5027035799999999,290,0.2535773584905662,1332,399600,300.0,1376,3595,0.0007247712346725166,0.0001
-0.4565398400000001,333,0.2513358490566038,1336,400800,300.0,1200,3607,0.00074066745582968,0.0001
-0.49068454,334,0.24909433962264138,1340,402000,300.0,1202,3619,0.0012020510621368885,0.0001
-0.6229731999999999,335,0.2468528301886792,1344,403200,300.0,1203,3631,0.0011933868518099189,0.0001
-0.53157958,335,0.24461132075471725,1348,404400,300.0,1205,3643,0.000699989206623286,0.0001
-0.5667959,336,0.24236981132075486,1352,405600,300.0,1206,3655,0.000854647543746978,0.0001
-0.57519372,336,0.24012830188679246,1356,406800,300.0,1208,3667,0.000530791177880019,0.0001
-0.4677155800000001,337,0.2378867924528304,1360,408000,300.0,1209,3679,0.0006354670622386038,0.0001
-0.5595014400000001,337,0.2356452830188679,1364,409200,300.0,1211,3691,0.000741692609153688,0.0001
-0.5591726300000001,338,0.2334037735849055,1368,410400,300.0,1212,3703,0.0005615502595901489,0.0001
-0.4396476899999999,338,0.23116226415094354,1372,411600,300.0,1214,3715,0.0007531071314588189,0.0001
-0.28800965000000006,339,0.22892075471698115,1376,412800,300.0,1216,3727,0.0009150136029347777,0.0001
-0.34364553999999997,339,0.22667924528301897,1380,414000,300.0,1217,3739,0.0016887051751837134,0.0001
-0.2514381,340,0.22443773584905657,1384,415200,300.0,1219,3751,0.0009204618399962783,0.0001
-0.14780116000000004,341,0.22219622641509462,1388,416400,300.0,1221,3763,0.0007209319155663252,0.0001
-0.10842416999999988,341,0.21995471698113223,1392,417600,300.0,1222,3775,0.000788644072599709,0.0001
-0.19892595999999985,342,0.21771320754716983,1396,418800,300.0,1223,3787,0.0007146464195102453,0.0001
-0.16518317999999982,342,0.21547169811320765,1400,420000,300.0,1225,3799,0.0008359862840734422,0.0001
-0.03366409999999982,343,0.21323018867924526,1404,421200,300.0,1226,3811,0.0008638731669634581,0.0001
0.04938336000000008,343,0.21098867924528286,1408,422400,300.0,1228,3823,0.000848816242069006,0.0001
0.11359688000000004,344,0.2087471698113209,1412,423600,300.0,1229,3835,0.0008562195580452681,0.0001
0.06796764000000007,344,0.2065056603773585,1416,424800,300.0,1231,3847,0.0010073704179376364,0.0001
0.10370992000000005,345,0.20426415094339634,1420,426000,300.0,1232,3859,0.0007002119091339409,0.0001
0.05399402000000014,346,0.20202264150943394,1424,427200,300.0,1234,3871,0.0009576378506608307,0.0001
0.07167657000000016,346,0.199781132075472,1428,428400,300.0,1235,3883,0.0007704115705564618,0.0001
0.23837976000000002,347,0.1975396226415096,1432,429600,300.0,1237,3895,0.000584616616833955,0.0001
0.3533215,348,0.19529811320754709,1436,430800,300.0,1237,3907,0.0009265480912290514,0.0001
0.35010335000000015,348,0.19305660377358502,1440,432000,300.0,1239,3919,0.0006954403361305594,0.0001
0.55926761,349,0.19081509433962263,1444,433200,300.0,1240,3931,0.0006643879460170865,0.0001
0.5632123999999998,349,0.18857358490566023,1448,434400,300.0,1241,3943,0.0007732593221589923,0.0001
0.67366959,350,0.18633207547169828,1452,435600,300.0,1243,3955,0.0009039947763085365,0.0001
0.75404475,350,0.18409056603773566,1456,436800,300.0,1244,3967,0.0009355875663459301,0.0001
0.5773364600000002,351,0.1818490566037737,1460,438000,300.0,1245,3979,0.0006733291666023433,0.0001
0.66585152,352,0.1796075471698113,1464,439200,300.0,1247,3991,0.0007629370084032416,0.0001
0.6859277800000001,352,0.17736603773584936,1468,440400,300.0,1248,4003,0.0009921552846208215,0.0001
0.53961769,353,0.17512452830188696,1472,441600,300.0,1250,4015,0.0008144810562953353,0.0001
0.39961640000000015,353,0.17288301886792434,1476,442800,300.0,1251,4027,0.0006838842527940869,0.0001
0.47318761000000015,354,0.1706415094339624,1480,444000,300.0,1253,4039,0.0006989919347688556,0.0001
0.40671377000000014,354,0.1684,1484,445200,300.0,1254,4051,0.0007634275825694203,0.0001
0.33218991000000003,355,0.1661584905660376,1488,446400,300.0,1255,4063,0.0006694232579320669,0.0001
0.18718633,356,0.16391698113207553,1492,447600,300.0,1257,4075,0.0006223995005711913,0.0001
0.0987945300000001,356,0.16167547169811347,1496,448800,300.0,1258,4087,0.0005695858271792531,0.0001
0.10154811000000008,357,0.15943396226415107,1500,450000,300.0,1259,4099,0.0005398772773332894,0.0001
-0.10127047999999995,357,0.15719245283018868,1504,451200,300.0,1261,4111,0.0008025582646951079,0.0001
-0.06709561999999995,358,0.15495094339622673,1508,452400,300.0,1262,4123,0.0008375149918720126,0.0001
-0.010925299999999982,358,0.1527094339622641,1512,453600,300.0,1264,4135,0.0006237063207663596,0.0001
0.05046159999999991,359,0.1504679245283017,1516,454800,300.0,1265,4147,0.0008182545425370336,0.0001
-0.0012771000000000932,360,0.14822641509433976,1520,456000,300.0,1266,4159,0.0006605620146729052,0.0001
0.019741789999999995,360,0.14598490566037736,1524,457200,300.0,1268,4171,0.0008087353780865669,0.0001
0.007493870000000041,361,0.1437433962264153,1528,458400,300.0,1269,4183,0.000738007016479969,0.0001
-0.06398907999999996,361,0.1415018867924528,1532,459600,300.0,1270,4195,0.0007283426239155233,0.0001
-0.25375139,362,0.13926037735849084,1536,460800,300.0,1272,4207,0.0006357263191603124,0.0001
-0.17517696000000002,362,0.13701886792452844,1540,462000,300.0,1273,4219,0.0006698906072415411,0.0001
-0.28368408,363,0.13477735849056605,1544,463200,300.0,1275,4231,0.0006642094231210649,0.0001
-0.19059998,363,0.13253584905660387,1548,464400,300.0,1276,4243,0.0005639704177156091,0.0001
-0.13052632000000003,364,0.13029433962264148,1552,465600,300.0,1277,4255,0.003251644317060709,0.0001
-0.2174834,364,0.12805283018867908,1556,466800,300.0,1279,4267,0.0006405108724720776,0.0001
-0.09916323,365,0.12581132075471713,1560,468000,300.0,1280,4279,0.0006446507759392262,0.0001
-0.15541647,366,0.12356981132075473,1564,469200,300.0,1281,4291,0.0005845199921168387,0.0001
-0.11171601999999999,366,0.12132830188679256,1568,470400,300.0,1283,4303,0.0004541919915936887,0.0001
-0.09556878,367,0.11908679245283016,1572,471600,300.0,1284,4315,0.0007834778516553342,0.0001
0.0075183,367,0.1168452830188682,1576,472800,300.0,1285,4327,0.0006162196514196694,0.0001
-0.023456819999999982,368,0.11460377358490581,1580,474000,300.0,1286,4339,0.0006984567735344172,0.0001
-0.15054547999999995,369,0.1123622641509433,1584,475200,300.0,1287,4351,0.000776763423345983,0.0001
-0.12063682000000002,369,0.11012075471698124,1588,476400,300.0,1288,4363,0.0006018085987307131,0.0001
0.02050656999999988,370,0.10787924528301884,1592,477600,300.0,1290,4375,0.0007549112779088318,0.0001
0.08115506999999995,370,0.10563773584905645,1596,478800,300.0,1291,4387,0.0005314514273777604,0.0001
0.14686824999999998,371,0.1033962264150945,1600,480000,300.0,1292,4399,0.0007187268929556012,0.0001
0.15801610000000002,371,0.10115471698113199,1604,481200,300.0,1294,4411,0.0006108334637247026,0.0001
0.14575629000000007,372,0.09891320754716992,1608,482400,300.0,1295,4423,0.0008594244718551636,0.0001
0.04518270000000005,372,0.09667169811320753,1612,483600,300.0,1296,4435,0.0008023403934203088,0.0001
-0.029012709999999973,373,0.09443018867924557,1616,484800,300.0,1298,4447,0.0010579201625660062,0.0001
-0.08214932999999998,374,0.09218867924528318,1620,486000,300.0,1299,4459,0.0007686365861445665,0.0001
-0.15429385999999995,374,0.08994716981132067,1624,487200,300.0,1300,4471,0.0008270518155768514,0.0001
-0.04628604999999996,375,0.08770566037735861,1628,488400,300.0,1301,4483,0.000792740611359477,0.0001
-0.04265776000000001,375,0.08546415094339621,1632,489600,300.0,1302,4495,0.0006226422265172005,0.0001
0.006629720000000048,376,0.08322264150943381,1636,490800,300.0,1304,4507,0.0004948406131006777,0.0001
-0.14244151,376,0.08098113207547175,1640,492000,300.0,1305,4519,0.0005272413836792111,0.0001
-0.16233335000000002,377,0.07873962264150935,1644,493200,300.0,1306,4531,0.000676802359521389,0.0001
-0.08465676000000004,378,0.07649811320754729,1648,494400,300.0,1307,4543,0.0006515114801004529,0.0001
-0.13719610999999998,378,0.0742566037735849,1652,495600,300.0,1308,4555,0.0006333077326416969,0.0001
-0.011804989999999958,379,0.07201509433962294,1656,496800,300.0,1309,4567,0.000622005492914468,0.0001
0.028661099999999995,379,0.06977358490566044,1660,498000,300.0,1310,4579,0.0006038835272192955,0.0001
-0.038650640000000035,380,0.06753207547169804,1664,499200,300.0,1312,4591,0.0008538397960364819,0.0001
-0.21915687999999997,425,0.06529056603773598,1668,500400,300.0,1176,4603,0.0008359593921341002,0.0001
-0.18419940999999998,425,0.06304905660377358,1672,501600,300.0,1177,4615,0.0006793230422772467,0.0001
-0.22396369999999993,426,0.06080754716981118,1676,502800,300.0,1179,4627,0.001154641737230122,0.0001
-0.2695531799999999,427,0.05856603773584912,1680,504000,300.0,1180,4639,0.0007900155615061522,0.0001
0.04565921000000008,427,0.05632452830188717,1684,505200,300.0,1180,4651,0.000863338413182646,0.0001
-0.009739560000000003,428,0.05408301886792455,1688,506400,300.0,1182,4663,0.0008588802302256227,0.0001
-0.20957754000000006,428,0.05184150943396215,1692,507600,300.0,1183,4675,0.0006344170542433858,0.0001
-0.17407754000000009,429,0.0496000000000002,1696,508800,300.0,1184,4687,0.0007581205572932959,0.0001
-0.21715726000000005,430,0.0473584905660378,1700,510000,300.0,1185,4699,0.0006657314952462912,0.0001
-0.14963021,430,0.045116981132075296,1704,511200,300.0,1186,4711,0.0005988296470604837,0.0001
-0.15082954999999998,431,0.04287547169811334,1708,512400,300.0,1188,4723,0.0008045488502830267,0.0001
-0.15031343999999996,431,0.04063396226415139,1712,513600,300.0,1189,4735,0.0006779402028769255,0.0001
-0.03914077000000005,432,0.03839245283018855,1716,514800,300.0,1190,4747,0.0005799469072371721,0.0001
0.029575309999999962,432,0.03615094339622649,1720,516000,300.0,1191,4759,0.0011693633859977126,0.0001
0.10270138000000001,433,0.03390943396226431,1724,517200,300.0,1193,4771,0.0006580861518159509,0.0001
-0.014799299999999975,434,0.031667924528301916,1728,518400,300.0,1194,4783,0.0012850778875872493,0.0001
-0.0016527000000000314,434,0.02942641509433952,1732,519600,300.0,1195,4795,0.0005188461509533226,0.0001
-0.011220740000000085,435,0.027184905660377567,1736,520800,300.0,1196,4807,0.0005800150102004409,0.0001
0.17020907999999998,435,0.02494339622641506,1740,522000,300.0,1197,4819,0.0008231234969571233,0.0001
0.14874954,436,0.022701886792452663,1744,523200,300.0,1198,4831,0.0012946698116138577,0.0001
0.0017670399999999932,437,0.02046037735849071,1748,524400,300.0,1198,4843,0.0012606482487171888,0.0001
-0.09658969999999996,438,0.01821886792452876,1752,525600,300.0,1199,4855,0.0004485484678298235,0.0001
-0.21036568999999986,438,0.01597735849056592,1756,526800,300.0,1200,4867,0.0006376742385327816,0.0001
-0.24065600999999986,439,0.013735849056603633,1760,528000,300.0,1201,4879,0.0007011390989646316,0.0001
-0.19963670999999997,439,0.01149433962264168,1764,529200,300.0,1202,4891,0.0006568686803802848,0.0001
-0.21404629,440,0.01,1768,530400,300.0,1204,4903,0.0005530781345441937,0.0001
-0.09183479999999998,441,0.01,1772,531600,300.0,1205,4915,0.0006925152847543359,0.0001
-0.22057319999999997,441,0.01,1776,532800,300.0,1206,4927,0.000663287821225822,0.0001
-0.09168940999999993,442,0.01,1780,534000,300.0,1207,4939,0.0006912040407769382,0.0001
-0.3517451599999999,442,0.01,1784,535200,300.0,1208,4951,0.0008524610311724246,0.0001
-0.2886210799999999,443,0.01,1788,536400,300.0,1209,4963,0.0008128784247674048,0.0001
-0.0746232699999999,443,0.01,1792,537600,300.0,1210,4975,0.0009102910407818854,0.0001
-0.16330593999999998,444,0.01,1796,538800,300.0,1212,4987,0.0005520913400687277,0.0001
-0.22944045,445,0.01,1800,540000,300.0,1212,4999,0.0007488247938454151,0.0001
-0.3143190399999999,445,0.01,1804,541200,300.0,1214,5011,0.0005305018275976181,0.0001
-0.35776161999999984,446,0.01,1808,542400,300.0,1215,5023,0.000772422063164413,0.0001
-0.26389177999999985,446,0.01,1812,543600,300.0,1216,5035,0.0005197686841711402,0.0001
-0.4204017199999999,447,0.01,1816,544800,300.0,1217,5047,0.0005909003084525466,0.0001
-0.40810951999999995,448,0.01,1820,546000,300.0,1218,5059,0.0006994014838710427,0.0001
-0.45282149,448,0.01,1824,547200,300.0,1219,5071,0.0007017379393801093,0.0001
-0.5927872299999999,449,0.01,1828,548400,300.0,1220,5083,0.0007818342419341207,0.0001
-0.5066339099999998,449,0.01,1832,549600,300.0,1221,5095,0.0006680241203866899,0.0001
-0.43126873,450,0.01,1836,550800,300.0,1222,5107,0.0006053600227460265,0.0001
-0.69078493,450,0.01,1840,552000,300.0,1224,5119,0.0008347464026883245,0.0001
-0.5773709599999998,451,0.01,1844,553200,300.0,1225,5131,0.0006854803068563342,0.0001
-0.6501187599999999,452,0.01,1848,554400,300.0,1226,5143,0.0005442446563392878,0.0001
-0.7018099499999999,452,0.01,1852,555600,300.0,1227,5155,0.0006700828671455383,0.0001
-0.6997638300000001,453,0.01,1856,556800,300.0,1228,5167,0.0005547573673538864,0.0001
-0.7452454499999999,453,0.01,1860,558000,300.0,1229,5179,0.000511600577738136,0.0001
-0.6298659599999998,454,0.01,1864,559200,300.0,1230,5191,0.0006958426674827933,0.0001
-0.36372379999999993,455,0.01,1868,560400,300.0,1231,5203,0.000761889386922121,0.0001
-0.5508240299999998,455,0.01,1872,561600,300.0,1232,5215,0.0006709182634949684,0.0001
-0.48015564,456,0.01,1876,562800,300.0,1233,5227,0.0015766839496791363,0.0001
-0.49709035,456,0.01,1880,564000,300.0,1234,5239,0.0008194000693038106,0.0001
-0.4144275400000001,457,0.01,1884,565200,300.0,1234,5251,0.0006467598141171038,0.0001
-0.37106358000000006,458,0.01,1888,566400,300.0,1235,5263,0.000868096889462322,0.0001
-0.3349532599999999,458,0.01,1892,567600,300.0,1236,5275,0.0006743618287146091,0.0001
-0.25829425999999994,459,0.01,1896,568800,300.0,1237,5287,0.0007220421684905887,0.0001
-0.28301568999999993,460,0.01,1900,570000,300.0,1238,5299,0.0007048638071864843,0.0001
-0.20066420000000001,460,0.01,1904,571200,300.0,1239,5311,0.0007625907310284674,0.0001
-0.15987856,461,0.01,1908,572400,300.0,1240,5323,0.0007873587310314178,0.0001
-0.20118238999999996,461,0.01,1912,573600,300.0,1241,5335,0.0008440689416602254,0.0001
-0.09249494999999996,462,0.01,1916,574800,300.0,1242,5347,0.0006997285527177155,0.0001
-0.14310102,463,0.01,1920,576000,300.0,1243,5359,0.0007006063242442906,0.0001
-0.09995183999999996,463,0.01,1924,577200,300.0,1244,5371,0.0006492305546998978,0.0001
-0.09098826999999993,464,0.01,1928,578400,300.0,1245,5383,0.0006630650605075061,0.0001
-0.09899374999999994,464,0.01,1932,579600,300.0,1246,5395,0.0005593739333562553,0.0001
-0.03835521999999993,465,0.01,1936,580800,300.0,1247,5407,0.0007665742887184024,0.0001
0.20395315000000003,466,0.01,1940,582000,300.0,1248,5419,0.0008091951021924615,0.0001
0.18207483999999996,466,0.01,1944,583200,300.0,1249,5431,0.0007402433548122644,0.0001
0.31376194,467,0.01,1948,584400,300.0,1250,5443,0.000620978360529989,0.0001
0.515235,468,0.01,1952,585600,300.0,1250,5455,0.0005717677995562553,0.0001
0.77815392,468,0.01,1956,586800,300.0,1251,5467,0.0007407065713778138,0.0001
0.7920101900000003,469,0.01,1960,588000,300.0,1252,5479,0.0006869624485261738,0.0001
0.66709256,470,0.01,1964,589200,300.0,1253,5491,0.0006497088470496237,0.0001
0.4742795300000001,470,0.01,1968,590400,300.0,1254,5503,0.0006510765524581075,0.0001
0.6488391700000001,471,0.01,1972,591600,300.0,1255,5515,0.000642877072095871,0.0001
0.6719250800000001,471,0.01,1976,592800,300.0,1256,5527,0.0006201394135132432,0.0001
0.54939059,472,0.01,1980,594000,300.0,1257,5539,0.0006610247655771673,0.0001
0.41209081,473,0.01,1984,595200,300.0,1258,5551,0.0007161693065427244,0.0001
0.35164234000000005,473,0.01,1988,596400,300.0,1259,5563,0.0009066409547813237,0.0001
0.47537668000000005,474,0.01,1992,597600,300.0,1260,5575,0.0005153995007276535,0.0001
0.47427532,474,0.01,1996,598800,300.0,1261,5587,0.0005510492483153939,0.0001
0.5149504899999999,520,0.01,2000,600000,300.0,1153,5599,0.003181574633345008,0.0001
0.52577743,520,0.01,2004,601200,300.0,1153,5611,0.0008256846340373158,0.0001
0.32924977000000005,521,0.01,2008,602400,300.0,1155,5623,0.0007106481934897602,0.0001
0.3781010899999999,522,0.01,2012,603600,300.0,1155,5635,0.0006133322021923959,0.0001
0.38638278,523,0.01,2016,604800,300.0,1156,5647,0.0006417244439944625,0.0001
0.3960432799999999,523,0.01,2020,606000,300.0,1157,5659,0.0005065392469987273,0.0001
0.19703988999999997,524,0.01,2024,607200,300.0,1158,5671,0.0006516697467304766,0.0001
0.30787285999999997,524,0.01,2028,608400,300.0,1159,5683,0.0006319828680716455,0.0001
0.2785524999999999,525,0.01,2032,609600,300.0,1159,5695,0.000640732585452497,0.0001
0.31581947,526,0.01,2036,610800,300.0,1160,5707,0.0007302277954295278,0.0001
0.2596665099999999,526,0.01,2040,612000,300.0,1161,5719,0.0005661685718223453,0.0001
0.10315936999999989,527,0.01,2044,613200,300.0,1162,5731,0.0008626310736872256,0.0001
0.15510880999999999,528,0.01,2048,614400,300.0,1163,5743,0.0005011443281546235,0.0001
-0.017076669999999926,528,0.01,2052,615600,300.0,1164,5755,0.0010393887059763074,0.0001
-0.23179758,529,0.01,2056,616800,300.0,1164,5767,0.0007350679952651262,0.0001
-0.18044407000000007,530,0.01,2060,618000,300.0,1165,5779,0.0009254172910004854,0.0001
-0.2507199200000001,530,0.01,2064,619200,300.0,1166,5791,0.0007389235543087125,0.0001
-0.15214226999999997,531,0.01,2068,620400,300.0,1167,5803,0.0008131071808747947,0.0001
-0.19081987,531,0.01,2072,621600,300.0,1168,5815,0.0006022010347805917,0.0001
-0.13297857,532,0.01,2076,622800,300.0,1169,5827,0.0007222407730296254,0.0001
-0.10994427000000001,533,0.01,2080,624000,300.0,1170,5839,0.0007533320458605886,0.0001
0.04090270999999997,533,0.01,2084,625200,300.0,1171,5851,0.0005224016495049,0.0001
0.013030930000000052,534,0.01,2088,626400,300.0,1172,5863,0.0008138522389344871,0.0001
-0.12259606999999993,534,0.01,2092,627600,300.0,1173,5875,0.0013051494024693966,0.0001
-0.18469195,535,0.01,2096,628800,300.0,1174,5887,0.0007120585069060326,0.0001
-0.28288322,536,0.01,2100,630000,300.0,1175,5899,0.0007317899726331234,0.0001
-0.3147356700000001,536,0.01,2104,631200,300.0,1175,5911,0.0006719375960528851,0.0001
-0.21614763,537,0.01,2108,632400,300.0,1176,5923,0.0006941889878362417,0.0001
-0.32983759,537,0.01,2112,633600,300.0,1177,5935,0.0005724531947635114,0.0001
-0.40289635,538,0.01,2116,634800,300.0,1178,5947,0.0013749105855822563,0.0001
-0.41211582000000013,539,0.01,2120,636000,300.0,1179,5959,0.0017538233660161495,0.0001
-0.14713267000000005,539,0.01,2124,637200,300.0,1180,5971,0.0012669919524341822,0.0001
-0.21928329000000013,540,0.01,2128,638400,300.0,1181,5983,0.000572066695895046,0.0001
-0.1702435000000001,540,0.01,2132,639600,300.0,1182,5995,0.0005131814978085458,0.0001
-0.22245076,541,0.01,2136,640800,300.0,1183,6007,0.0006957882433198392,0.0001
-0.13864314,542,0.01,2140,642000,300.0,1184,6019,0.0006000762805342674,0.0001
0.07422344000000008,542,0.01,2144,643200,300.0,1185,6031,0.002052824478596449,0.0001
0.06585765000000005,543,0.01,2148,644400,300.0,1186,6043,0.0008851455058902502,0.0001
0.20697022,543,0.01,2152,645600,300.0,1187,6055,0.0005152786034159362,0.0001
0.21503798999999998,544,0.01,2156,646800,300.0,1188,6067,0.0006385757587850094,0.0001
0.28240722000000007,544,0.01,2160,648000,300.0,1189,6079,0.0008833467727527022,0.0001
0.45299857000000016,545,0.01,2164,649200,300.0,1189,6091,0.0006906183552928269,0.0001
0.33686691999999996,546,0.01,2168,650400,300.0,1190,6103,0.0008221663301810622,0.0001
0.20442901999999996,546,0.01,2172,651600,300.0,1191,6115,0.0038962371181696653,0.0001
0.14195738,547,0.01,2176,652800,300.0,1192,6127,0.0005880027310922742,0.0001
0.18207718,548,0.01,2180,654000,300.0,1193,6139,0.0005854665068909526,0.0001
0.27388868,548,0.01,2184,655200,300.0,1193,6151,0.0008653715485706925,0.0001
0.28897164999999997,549,0.01,2188,656400,300.0,1194,6163,0.0007497658953070641,0.0001
0.21107078999999998,549,0.01,2192,657600,300.0,1195,6175,0.001160810119472444,0.0001
0.21744785000000008,550,0.01,2196,658800,300.0,1196,6187,0.0005652940599247813,0.0001
0.39012415000000006,551,0.01,2200,660000,300.0,1197,6199,0.0005842856480740011,0.0001
0.3376330599999999,551,0.01,2204,661200,300.0,1198,6211,0.0007835482829250395,0.0001
0.34461628000000005,552,0.01,2208,662400,300.0,1199,6223,0.0006567079690285027,0.0001
0.47677955000000005,552,0.01,2212,663600,300.0,1200,6235,0.0006998294848017395,0.0001
0.4069683499999999,553,0.01,2216,664800,300.0,1201,6247,0.0006282037938944995,0.0001
0.34053487999999993,554,0.01,2220,666000,300.0,1202,6259,0.0006588351679965854,0.0001
0.30430384,554,0.01,2224,667200,300.0,1203,6271,0.0005806079134345055,0.0001
0.45257189,555,0.01,2228,668400,300.0,1203,6283,0.0007099068607203662,0.0001
0.2877063999999999,555,0.01,2232,669600,300.0,1204,6295,0.0005557433469220996,0.0001
0.11328017999999997,556,0.01,2236,670800,300.0,1205,6307,0.0008335873135365546,0.0001
0.07102038,557,0.01,2240,672000,300.0,1206,6319,0.0009994388092309237,0.0001
0.030298099999999977,557,0.01,2244,673200,300.0,1206,6331,0.0005692426348105073,0.0001
-0.05756193,558,0.01,2248,674400,300.0,1207,6343,0.0015565082430839539,0.0001
-0.09387080000000003,559,0.01,2252,675600,300.0,1207,6355,0.000732430606149137,0.0001
-0.13826221,559,0.01,2256,676800,300.0,1208,6367,0.0007935087196528912,0.0001
-0.23601449999999993,560,0.01,2260,678000,300.0,1209,6379,0.0006880450528115034,0.0001
-0.06308142999999991,561,0.01,2264,679200,300.0,1210,6391,0.0006958606536500156,0.0001
0.12243748000000007,561,0.01,2268,680400,300.0,1211,6403,0.0006590317934751511,0.0001
0.32052562,562,0.01,2272,681600,300.0,1212,6415,0.0007034237496554852,0.0001
0.36128237999999996,562,0.01,2276,682800,300.0,1212,6427,0.0010047540999948978,0.0001
0.43101638000000003,563,0.01,2280,684000,300.0,1213,6439,0.0006379944388754666,0.0001
0.31998199000000005,564,0.01,2284,685200,300.0,1214,6451,0.0007752199890092015,0.0001
0.37894118,564,0.01,2288,686400,300.0,1215,6463,0.0006926113273948431,0.0001
0.44886599999999993,565,0.01,2292,687600,300.0,1216,6475,0.0006379418191500008,0.0001
0.53750242,565,0.01,2296,688800,300.0,1216,6487,0.0005700087058357894,0.0001
0.4117946900000002,566,0.01,2300,690000,300.0,1217,6499,0.0006497069261968136,0.0001
0.3810913300000001,567,0.01,2304,691200,300.0,1218,6511,0.0009338298114016652,0.0001
0.42508970000000007,567,0.01,2308,692400,300.0,1219,6523,0.000667680986225605,0.0001
0.22459074000000012,568,0.01,2312,693600,300.0,1220,6535,0.0005731154815293849,0.0001
0.33470993,568,0.01,2316,694800,300.0,1221,6547,0.0007535304757766426,0.0001
0.42756054000000004,569,0.01,2320,696000,300.0,1222,6559,0.000676559517160058,0.0001
0.24091696000000007,570,0.01,2324,697200,300.0,1223,6571,0.000572601449675858,0.0001
0.2327191200000001,570,0.01,2328,698400,300.0,1223,6583,0.000723790843039751,0.0001
0.37241352000000005,571,0.01,2332,699600,300.0,1224,6595,0.000678112031891942,0.0001
0.29190688999999986,618,0.01,2336,700800,300.0,1133,6607,0.0014569214545190334,0.0001
0.2789744399999999,618,0.01,2340,702000,300.0,1134,6619,0.0007228153990581632,0.0001
0.16286712999999992,619,0.01,2344,703200,300.0,1135,6631,0.0008605956682004035,0.0001
0.053155739999999944,620,0.01,2348,704400,300.0,1135,6643,0.003246928798034787,0.0001
-0.01471024999999999,620,0.01,2352,705600,300.0,1136,6655,0.000696966249961406,0.0001
-0.009719980000000019,621,0.01,2356,706800,300.0,1137,6667,0.0005083073046989739,0.0001
0.013513719999999986,621,0.01,2360,708000,300.0,1138,6679,0.000820332788862288,0.0001
-0.17221056,622,0.01,2364,709200,300.0,1139,6691,0.001166290370747447,0.0001
-0.49413255999999994,623,0.01,2368,710400,300.0,1139,6703,0.000789232668466866,0.0001
-0.77736471,623,0.01,2372,711600,300.0,1140,6715,0.0006673044990748167,0.0001
-0.7689144499999999,624,0.01,2376,712800,300.0,1141,6727,0.0006986497901380062,0.0001
-0.91259844,624,0.01,2380,714000,300.0,1142,6739,0.0013920236378908157,0.0001
-0.9479275999999999,625,0.01,2384,715200,300.0,1143,6751,0.0005803064559586346,0.0001
-0.92606325,626,0.01,2388,716400,300.0,1144,6763,0.0007004290237091482,0.0001
-0.8887385300000001,626,0.01,2392,717600,300.0,1144,6775,0.0005759220803156495,0.0001
-0.93614317,627,0.01,2396,718800,300.0,1145,6787,0.000788915203884244,0.0001
-0.7868980799999999,627,0.01,2400,720000,300.0,1146,6799,0.0015832018107175827,0.0001
-0.7244962600000001,628,0.01,2404,721200,300.0,1147,6811,0.0007797838770784438,0.0001
-0.7857985400000002,629,0.01,2408,722400,300.0,1148,6823,0.000757683243136853,0.0001
-0.6482812700000001,629,0.01,2412,723600,300.0,1149,6835,0.0006129478570073843,0.0001
-0.56679556,630,0.01,2416,724800,300.0,1149,6847,0.0010408512316644192,0.0001
-0.5463326,630,0.01,2420,726000,300.0,1150,6859,0.000685269886162132,0.0001
-0.59187665,631,0.01,2424,727200,300.0,1151,6871,0.0009198712650686502,0.0001
-0.7028950300000001,632,0.01,2428,728400,300.0,1152,6883,0.000647727632895112,0.0001
-0.72372379,632,0.01,2432,729600,300.0,1153,6895,0.0007758397259749472,0.0001
-0.4834113,633,0.01,2436,730800,300.0,1153,6907,0.0006086919456720352,0.0001
-0.5811631700000001,633,0.01,2440,732000,300.0,1154,6919,0.0005735764862038195,0.0001
-0.57716558,634,0.01,2444,733200,300.0,1155,6931,0.0007978476933203638,0.0001
-0.43249263000000016,635,0.01,2448,734400,300.0,1156,6943,0.003121373476460576,0.0001
-0.4137348700000001,635,0.01,2452,735600,300.0,1157,6955,0.0004787775396835059,0.0001
-0.28908578000000007,636,0.01,2456,736800,300.0,1157,6967,0.0006908276118338108,0.0001
-0.3701247899999999,636,0.01,2460,738000,300.0,1158,6979,0.0006121713668107986,0.0001
-0.39204313999999985,637,0.01,2464,739200,300.0,1159,6991,0.0008207353530451655,0.0001
-0.11368472999999989,638,0.01,2468,740400,300.0,1160,7003,0.0007307234336622059,0.0001
0.11713126000000006,638,0.01,2472,741600,300.0,1160,7015,0.0014782471116632223,0.0001
0.11230471000000009,639,0.01,2476,742800,300.0,1161,7027,0.0006124973297119141,0.0001
0.11382907000000003,640,0.01,2480,744000,300.0,1162,7039,0.0018702478846535087,0.0001
0.24680663999999988,640,0.01,2484,745200,300.0,1163,7051,0.0006490970263257623,0.0001
0.1373796499999999,641,0.01,2488,746400,300.0,1164,7063,0.0005930659826844931,0.0001
0.08598434999999992,641,0.01,2492,747600,300.0,1164,7075,0.0005326004466041923,0.0001
0.14082736999999995,642,0.01,2496,748800,300.0,1165,7087,0.0005881650140509009,0.0001
0.07491240999999997,643,0.01,2500,750000,300.0,1165,7099,0.0005380897782742977,0.0001
0.019524579999999937,643,0.01,2504,751200,300.0,1166,7111,0.001950353616848588,0.0001
0.07847744000000001,644,0.01,2508,752400,300.0,1167,7123,0.0007425664807669818,0.0001
0.15601701000000004,645,0.01,2512,753600,300.0,1168,7135,0.000906376400962472,0.0001
0.05047919999999999,645,0.01,2516,754800,300.0,1168,7147,0.0006120411562733352,0.0001
0.055631889999999934,646,0.01,2520,756000,300.0,1169,7159,0.0028147550765424967,0.0001
0.13714176999999997,647,0.01,2524,757200,300.0,1170,7171,0.0008584558963775635,0.0001
0.08443081999999996,647,0.01,2528,758400,300.0,1171,7183,0.0007386121433228254,0.0001
0.19474142000000005,648,0.01,2532,759600,300.0,1171,7195,0.00048694550059735775,0.0001
0.13633691000000003,649,0.01,2536,760800,300.0,1171,7207,0.0006184177473187447,0.0001
0.17415002000000002,649,0.01,2540,762000,300.0,1172,7219,0.0007517621852457523,0.0001
0.11290244000000005,650,0.01,2544,763200,300.0,1173,7231,0.0007723834132775664,0.0001
0.14111409000000005,651,0.01,2548,764400,300.0,1174,7243,0.0005972469807602465,0.0001
0.34136258,651,0.01,2552,765600,300.0,1174,7255,0.0013049895642325282,0.0001
0.20181473999999994,652,0.01,2556,766800,300.0,1175,7267,0.0006355306250043213,0.0001
0.26510018,652,0.01,2560,768000,300.0,1176,7279,0.0006266696145758033,0.0001
0.3028020600000001,653,0.01,2564,769200,300.0,1177,7291,0.0007884122896939516,0.0001
0.24668086000000009,654,0.01,2568,770400,300.0,1177,7303,0.0006191542488522828,0.0001
0.22305744000000005,654,0.01,2572,771600,300.0,1178,7315,0.0006421455182135105,0.0001
0.33250484,655,0.01,2576,772800,300.0,1179,7327,0.0007363754557445645,0.0001
0.28342874,655,0.01,2580,774000,300.0,1180,7339,0.000523510854691267,0.0001
0.34784136,656,0.01,2584,775200,300.0,1180,7351,0.0006294084014371037,0.0001
0.37195957,657,0.01,2588,776400,300.0,1181,7363,0.0013248268514871597,0.0001
0.40950072000000004,657,0.01,2592,777600,300.0,1182,7375,0.0006683662068098783,0.0001
0.3996515500000001,658,0.01,2596,778800,300.0,1182,7387,0.0010873927967622876,0.0001
0.3102174499999999,659,0.01,2600,780000,300.0,1183,7399,0.001093488303013146,0.0001
0.3046492799999999,659,0.01,2604,781200,300.0,1184,7411,0.0006002306472510099,0.0001
0.19260605999999997,660,0.01,2608,782400,300.0,1185,7423,0.0007482764194719493,0.0001
0.06254915999999994,660,0.01,2612,783600,300.0,1185,7435,0.0007437930908054113,0.0001
0.11198913999999988,661,0.01,2616,784800,300.0,1186,7447,0.00227794935926795,0.0001
0.1615016199999999,661,0.01,2620,786000,300.0,1187,7459,0.0010031136916950345,0.0001
0.15577258999999996,662,0.01,2624,787200,300.0,1188,7471,0.0004980446537956595,0.0001
0.17075808000000003,663,0.01,2628,788400,300.0,1188,7483,0.0005583016318269074,0.0001
-0.009746510000000068,663,0.01,2632,789600,300.0,1189,7495,0.000764055410400033,0.0001
-0.04560833000000006,664,0.01,2636,790800,300.0,1190,7507,0.001777134952135384,0.0001
-0.011187620000000073,664,0.01,2640,792000,300.0,1191,7519,0.0006207862752489746,0.0001
0.08833620999999983,665,0.01,2644,793200,300.0,1191,7531,0.00076065439498052,0.0001
0.07991562999999986,666,0.01,2648,794400,300.0,1192,7543,0.0007029317202977836,0.0001
-0.010920940000000066,666,0.01,2652,795600,300.0,1192,7555,0.0006541088223457336,0.0001
0.15160618,667,0.01,2656,796800,300.0,1193,7567,0.0008399792714044452,0.0001
0.09064326000000002,668,0.01,2660,798000,300.0,1194,7579,0.000849566888064146,0.0001
0.07402646999999997,668,0.01,2664,799200,300.0,1194,7591,0.0007754723774269223,0.0001
0.04202253999999995,715,0.01,2668,800400,300.0,1118,7603,0.0004901063512079418,0.0001
0.03833552999999995,716,0.01,2672,801600,300.0,1119,7615,0.0006091119721531868,0.0001
-0.09517086000000002,716,0.01,2676,802800,300.0,1120,7627,0.0004953906172886491,0.0001
-0.015745169999999996,717,0.01,2680,804000,300.0,1120,7639,0.0006111497059464455,0.0001
-0.20362479,718,0.01,2684,805200,300.0,1121,7651,0.0008127645123749971,0.0001
-0.16550229000000002,718,0.01,2688,806400,300.0,1122,7663,0.0006326460279524326,0.0001
-0.2347023500000001,719,0.01,2692,807600,300.0,1122,7675,0.0005544013110920787,0.0001
-0.32896538999999997,719,0.01,2696,808800,300.0,1123,7687,0.0006289380835369229,0.0001
-0.31466787999999996,720,0.01,2700,810000,300.0,1124,7699,0.001346068223938346,0.0001
-0.21899698,721,0.01,2704,811200,300.0,1125,7711,0.000725066289305687,0.0001
-0.20770964,721,0.01,2708,812400,300.0,1125,7723,0.0006889145006425679,0.0001
-0.13259343999999998,722,0.01,2712,813600,300.0,1126,7735,0.0006073387339711189,0.0001
-0.06150689,722,0.01,2716,814800,300.0,1127,7747,0.0006052503595128655,0.0001
-0.17278265,723,0.01,2720,816000,300.0,1127,7759,0.0009888855274766684,0.0001
-0.07600107000000002,724,0.01,2724,817200,300.0,1128,7771,0.0011860319646075368,0.0001
-0.05402726999999996,724,0.01,2728,818400,300.0,1129,7783,0.0005026342114433646,0.0001
0.008808759999999992,725,0.01,2732,819600,300.0,1129,7795,0.0006295897765085101,0.0001
0.06596622999999996,725,0.01,2736,820800,300.0,1130,7807,0.000885794754140079,0.0001
0.043613599999999975,726,0.01,2740,822000,300.0,1131,7819,0.0005179697764106095,0.0001
0.0816527799999999,727,0.01,2744,823200,300.0,1132,7831,0.0008917204104363918,0.0001
0.17622593999999991,727,0.01,2748,824400,300.0,1132,7843,0.000869504816364497,0.0001
0.12002106999999995,728,0.01,2752,825600,300.0,1132,7855,0.000752168009057641,0.0001
0.039560249999999984,729,0.01,2756,826800,300.0,1133,7867,0.0008163524325937033,0.0001
0.06238897999999999,729,0.01,2760,828000,300.0,1134,7879,0.0006275735795497894,0.0001
0.12932556999999997,730,0.01,2764,829200,300.0,1134,7891,0.000816014944575727,0.0001
0.16662203999999994,731,0.01,2768,830400,300.0,1135,7903,0.0006690758746117353,0.0001
0.18888499999999994,731,0.01,2772,831600,300.0,1136,7915,0.0005603112513199449,0.0001
0.10134417000000003,732,0.01,2776,832800,300.0,1137,7927,0.002784545999020338,0.0001
0.13466926,732,0.01,2780,834000,300.0,1137,7939,0.0007315977127291262,0.0001
0.25561607,733,0.01,2784,835200,300.0,1138,7951,0.0008407124551013112,0.0001
0.12036191,734,0.01,2788,836400,300.0,1139,7963,0.0008459066157229245,0.0001
0.14980697,734,0.01,2792,837600,300.0,1139,7975,0.0007215257501229644,0.0001
0.14881304000000006,735,0.01,2796,838800,300.0,1140,7987,0.0007652080385014415,0.0001
0.06844461000000003,736,0.01,2800,840000,300.0,1141,7999,0.0018122587352991104,0.0001
-0.007301830000000002,736,0.01,2804,841200,300.0,1141,8011,0.0005993464728817344,0.0001
-0.03468638,737,0.01,2808,842400,300.0,1142,8023,0.0006550711113959551,0.0001
-0.04908511999999999,737,0.01,2812,843600,300.0,1143,8035,0.0014623076422140002,0.0001
-0.20008218999999997,738,0.01,2816,844800,300.0,1143,8047,0.0009944180492311716,0.0001
-0.03409625999999996,739,0.01,2820,846000,300.0,1143,8059,0.0006219502538442612,0.0001
-0.1777101399999999,740,0.01,2824,847200,300.0,1144,8071,0.0008566108299419284,0.0001
-0.01974697000000001,740,0.01,2828,848400,300.0,1145,8083,0.0008106473833322525,0.0001
0.13925315999999996,741,0.01,2832,849600,300.0,1146,8095,0.0007059985073283315,0.0001
0.18968107,741,0.01,2836,850800,300.0,1146,8107,0.0005198763683438301,0.0001
0.2883496300000001,742,0.01,2840,852000,300.0,1147,8119,0.0007125980919227004,0.0001
0.38571033,743,0.01,2844,853200,300.0,1147,8131,0.0007501428481191397,0.0001
0.17494008000000005,743,0.01,2848,854400,300.0,1148,8143,0.003139220178127289,0.0001
0.16536358000000007,744,0.01,2852,855600,300.0,1149,8155,0.0006040044827386737,0.0001
0.01878136000000006,745,0.01,2856,856800,300.0,1149,8167,0.0007480816566385329,0.0001
-0.00021936999999996765,745,0.01,2860,858000,300.0,1150,8179,0.0004093208408448845,0.0001
-0.016042740000000003,746,0.01,2864,859200,300.0,1151,8191,0.0006638026097789407,0.0001
-0.04564307000000003,747,0.01,2868,860400,300.0,1151,8203,0.0005047641461715102,0.0001
-0.11114491000000001,747,0.01,2872,861600,300.0,1152,8215,0.0007416023872792721,0.0001
-0.14989186999999998,748,0.01,2876,862800,300.0,1153,8227,0.0008016040083020926,0.0001
-0.041473679999999936,748,0.01,2880,864000,300.0,1153,8239,0.0006873240927234292,0.0001
-0.02140778999999993,749,0.01,2884,865200,300.0,1154,8251,0.0006306910654529929,0.0001
0.05905208000000003,750,0.01,2888,866400,300.0,1155,8263,0.003200960112735629,0.0001
0.0977046500000001,750,0.01,2892,867600,300.0,1155,8275,0.0008476875955238938,0.0001
0.11494504000000001,751,0.01,2896,868800,300.0,1156,8287,0.0007021521450951695,0.0001
0.22812332999999999,751,0.01,2900,870000,300.0,1157,8299,0.002509317360818386,0.0001
0.24003469000000005,752,0.01,2904,871200,300.0,1157,8311,0.0005973135121166706,0.0001
0.19795761999999997,753,0.01,2908,872400,300.0,1158,8323,0.0009093545377254486,0.0001
0.20942310000000006,753,0.01,2912,873600,300.0,1159,8335,0.001325868652202189,0.0001
0.42104662000000004,754,0.01,2916,874800,300.0,1159,8347,0.0006336316000670195,0.0001
0.17826227000000003,754,0.01,2920,876000,300.0,1160,8359,0.0008107034955173731,0.0001
0.40822751999999995,755,0.01,2924,877200,300.0,1160,8371,0.0008097115787677467,0.0001
0.23692053999999999,756,0.01,2928,878400,300.0,1161,8383,0.000800633744802326,0.0001
0.08864270999999996,756,0.01,2932,879600,300.0,1162,8395,0.00083130196435377,0.0001
0.08145606999999998,757,0.01,2936,880800,300.0,1162,8407,0.000667231623083353,0.0001
0.022655390000000004,758,0.01,2940,882000,300.0,1163,8419,0.0008846905548125505,0.0001
-0.11861594999999997,758,0.01,2944,883200,300.0,1163,8431,0.0008752234862186015,0.0001
0.06051718000000002,759,0.01,2948,884400,300.0,1164,8443,0.003988430369645357,0.0001
0.06119415999999999,760,0.01,2952,885600,300.0,1164,8455,0.0008229936938732862,0.0001
0.12710504999999997,760,0.01,2956,886800,300.0,1165,8467,0.0007181954570114613,0.0001
0.20002857999999996,761,0.01,2960,888000,300.0,1166,8479,0.00048670859541743994,0.0001
0.16992781999999998,761,0.01,2964,889200,300.0,1166,8491,0.0005855477647855878,0.0001
0.1379781,762,0.01,2968,890400,300.0,1167,8503,0.0007720490102656186,0.0001
0.12987413999999997,763,0.01,2972,891600,300.0,1168,8515,0.0008685469510965049,0.0001
0.30458634,763,0.01,2976,892800,300.0,1168,8527,0.000726308033335954,0.0001
0.15671125999999994,764,0.01,2980,894000,300.0,1169,8539,0.0006071322713978589,0.0001
0.10641764999999996,765,0.01,2984,895200,300.0,1170,8551,0.0007267799228429794,0.0001
0.15799606,765,0.01,2988,896400,300.0,1170,8563,0.0008621257729828358,0.0001
0.24078229999999998,766,0.01,2992,897600,300.0,1171,8575,0.0005436742794699967,0.0001
0.16199145999999998,767,0.01,2996,898800,300.0,1171,8587,0.0007780806627124548,0.0001
0.19180485999999994,814,0.01,3000,900000,300.0,1104,8599,0.0007856631418690085,0.0001
0.20300767999999994,815,0.01,3004,901200,300.0,1105,8611,0.0010782376630231738,0.0001
0.28188185,815,0.01,3008,902400,300.0,1106,8623,0.0009310500463470817,0.0001
0.21080762999999997,816,0.01,3012,903600,300.0,1106,8635,0.0007985411211848259,0.0001
0.009617379999999946,817,0.01,3016,904800,300.0,1107,8647,0.0008674568962305784,0.0001
0.10796503999999993,817,0.01,3020,906000,300.0,1107,8659,0.0006626085378229618,0.0001
-0.014000340000000016,818,0.01,3024,907200,300.0,1108,8671,0.0008320088963955641,0.0001
-0.041363169999999984,819,0.01,3028,908400,300.0,1108,8683,0.0017712637782096863,0.0001
0.05062566000000006,819,0.01,3032,909600,300.0,1109,8695,0.0007824043277651072,0.0001
0.04211374000000001,820,0.01,3036,910800,300.0,1110,8707,0.0005620031151920557,0.0001
0.009107710000000033,821,0.01,3040,912000,300.0,1110,8719,0.0005903621204197407,0.0001
0.014944370000000066,821,0.01,3044,913200,300.0,1111,8731,0.0006138758035376668,0.0001
-0.09935782999999997,822,0.01,3048,914400,300.0,1111,8743,0.0009804879082366824,0.0001
-0.04697751999999999,823,0.01,3052,915600,300.0,1111,8755,0.0007052615401335061,0.0001
0.10859918999999996,824,0.01,3056,916800,300.0,1112,8767,0.000629239366389811,0.0001
0.11739482999999998,824,0.01,3060,918000,300.0,1113,8779,0.0008357713231816888,0.0001
0.06916925999999998,825,0.01,3064,919200,300.0,1113,8791,0.0010943305678665638,0.0001
0.10745708000000005,826,0.01,3068,920400,300.0,1114,8803,0.0009351041517220438,0.0001
0.21774040000000006,826,0.01,3072,921600,300.0,1114,8815,0.0005815925542265177,0.0001
0.13765638999999993,827,0.01,3076,922800,300.0,1115,8827,0.0005683853523805737,0.0001
0.26065999999999995,828,0.01,3080,924000,300.0,1115,8839,0.000614375458098948,0.0001
0.3684225900000001,829,0.01,3084,925200,300.0,1115,8851,0.0005183162284083664,0.0001
0.32090258000000005,829,0.01,3088,926400,300.0,1116,8863,0.0006706742569804192,0.0001
0.2602512700000001,830,0.01,3092,927600,300.0,1116,8875,0.0006073585245758295,0.0001
0.4768107400000001,831,0.01,3096,928800,300.0,1117,8887,0.0008361119544133544,0.0001
0.5704704700000001,831,0.01,3100,930000,300.0,1118,8899,0.0005563129088841379,0.0001
0.59177782,832,0.01,3104,931200,300.0,1118,8911,0.0005502634448930621,0.0001
0.6112212100000001,833,0.01,3108,932400,300.0,1119,8923,0.0006387714529410005,0.0001
0.7183371599999999,833,0.01,3112,933600,300.0,1119,8935,0.0005172502715140581,0.0001
0.71957826,834,0.01,3116,934800,300.0,1120,8947,0.0011543576838448644,0.0001
0.79312986,835,0.01,3120,936000,300.0,1120,8959,0.0007729136850684881,0.0001
0.7202616700000002,835,0.01,3124,937200,300.0,1121,8971,0.0005331196007318795,0.0001
0.88242932,836,0.01,3128,938400,300.0,1121,8983,0.0010393940610811114,0.0001
0.8444493900000001,837,0.01,3132,939600,300.0,1122,8995,0.000650964502710849,0.0001
0.88091728,837,0.01,3136,940800,300.0,1122,9007,0.0006612622528336942,0.0001
0.8933040700000001,838,0.01,3140,942000,300.0,1123,9019,0.00048502543359063566,0.0001
0.9101750600000001,839,0.01,3144,943200,300.0,1124,9031,0.0016679236432537436,0.0001
0.8899617999999999,839,0.01,3148,944400,300.0,1124,9043,0.0005570905050262809,0.0001
0.8679008400000001,840,0.01,3152,945600,300.0,1125,9055,0.0006362335989251733,0.0001
0.6820900799999998,840,0.01,3156,946800,300.0,1125,9067,0.0007297584670595825,0.0001
0.5947355099999999,841,0.01,3160,948000,300.0,1126,9079,0.0007117032073438168,0.0001
0.7020768599999999,842,0.01,3164,949200,300.0,1127,9091,0.0005130531499162316,0.0001
0.8261603100000001,842,0.01,3168,950400,300.0,1127,9103,0.0009707912686280906,0.0001
0.87270507,843,0.01,3172,951600,300.0,1128,9115,0.00047934308531694114,0.0001
0.8174788999999998,843,0.01,3176,952800,300.0,1128,9127,0.0011802619555965066,0.0001
0.70974309,844,0.01,3180,954000,300.0,1129,9139,0.0016926811076700687,0.0001
0.48132035,845,0.01,3184,955200,300.0,1130,9151,0.0006694815820083022,0.0001
0.60309426,845,0.01,3188,956400,300.0,1130,9163,0.0007441146299242973,0.0001
0.58543789,846,0.01,3192,957600,300.0,1131,9175,0.0006847773911431432,0.0001
0.51581696,847,0.01,3196,958800,300.0,1131,9187,0.0008730685221962631,0.0001
0.53433426,847,0.01,3200,960000,300.0,1132,9199,0.0005034984787926078,0.0001
0.4707358299999999,848,0.01,3204,961200,300.0,1132,9211,0.0007337990682572126,0.0001
0.5351029399999999,849,0.01,3208,962400,300.0,1132,9223,0.0010419556638225913,0.0001
0.5730357600000001,850,0.01,3212,963600,300.0,1133,9235,0.000569732510484755,0.0001
0.6145064999999998,850,0.01,3216,964800,300.0,1133,9247,0.0005267841042950749,0.0001
0.47094322999999993,851,0.01,3220,966000,300.0,1134,9259,0.0006039381260052323,0.0001
0.5349082400000001,852,0.01,3224,967200,300.0,1135,9271,0.0006732127512805164,0.0001
0.46397862999999995,852,0.01,3228,968400,300.0,1135,9283,0.0007150034653022885,0.0001
0.3531495399999999,853,0.01,3232,969600,300.0,1136,9295,0.0005807610577903688,0.0001
0.30493958,854,0.01,3236,970800,300.0,1136,9307,0.0014159774873405695,0.0001
0.37050727,854,0.01,3240,972000,300.0,1137,9319,0.000824093702249229,0.0001
0.37447104000000003,855,0.01,3244,973200,300.0,1137,9331,0.0006554009160026908,0.0001
0.33319156000000005,856,0.01,3248,974400,300.0,1137,9343,0.0006125727668404579,0.0001
0.21985766000000007,857,0.01,3252,975600,300.0,1138,9355,0.0007662535645067692,0.0001
0.45306531,857,0.01,3256,976800,300.0,1138,9367,0.00041714805411174893,0.0001
0.50513827,858,0.01,3260,978000,300.0,1139,9379,0.0008096848032437265,0.0001
0.46764465999999993,859,0.01,3264,979200,300.0,1139,9391,0.0008010921301320195,0.0001
0.27911401999999996,859,0.01,3268,980400,300.0,1140,9403,0.0008634099503979087,0.0001
0.06817680000000005,860,0.01,3272,981600,300.0,1140,9415,0.0007946579717099667,0.0001
0.16606287000000006,861,0.01,3276,982800,300.0,1141,9427,0.0007089857244864106,0.0001
0.15800489,861,0.01,3280,984000,300.0,1141,9439,0.0007868662942200899,0.0001
0.38030442000000003,862,0.01,3284,985200,300.0,1142,9451,0.0006178049370646477,0.0001
0.16232419000000003,863,0.01,3288,986400,300.0,1142,9463,0.0008350173011422157,0.0001
0.17629336000000007,863,0.01,3292,987600,300.0,1143,9475,0.0007378414738923311,0.0001
0.19360991000000005,864,0.01,3296,988800,300.0,1143,9487,0.000628800131380558,0.0001
-0.02948967999999993,865,0.01,3300,990000,300.0,1144,9499,0.0018789814785122871,0.0001
0.09578862000000007,865,0.01,3304,991200,300.0,1144,9511,0.0005685737705789506,0.0001
-0.02291784999999991,866,0.01,3308,992400,300.0,1145,9523,0.0006204305682331324,0.0001
-0.15464013999999995,867,0.01,3312,993600,300.0,1145,9535,0.0007300343131646514,0.0001
-0.18638240999999994,867,0.01,3316,994800,300.0,1146,9547,0.000705430400557816,0.0001
-0.07950384999999997,868,0.01,3320,996000,300.0,1146,9559,0.0006443792954087257,0.0001
-0.12961256999999995,869,0.01,3324,997200,300.0,1147,9571,0.0006096193683333695,0.0001
-0.12754392999999997,869,0.01,3328,998400,300.0,1147,9583,0.0011629598448053002,0.0001
0.04944426999999996,870,0.01,3332,999600,300.0,1148,9595,0.0006876246770843863,0.0001
0.05333510999999997,918,0.01,3336,1000800,300.0,1089,9607,0.0006288280128501356,0.0001
-0.08717968,919,0.01,3340,1002000,300.0,1089,9619,0.000589682487770915,0.0001
-0.10048378999999998,920,0.01,3344,1003200,300.0,1090,9631,0.0007080112118273973,0.0001
0.05979393000000001,920,0.01,3348,1004400,300.0,1090,9643,0.0006797051173634827,0.0001
0.2064043400000001,921,0.01,3352,1005600,300.0,1091,9655,0.0007571547757834196,0.0001
-0.02903180999999996,922,0.01,3356,1006800,300.0,1091,9667,0.0006516778958030045,0.0001
-0.22202478999999997,922,0.01,3360,1008000,300.0,1092,9679,0.0007112120511010289,0.0001
-0.37985702,923,0.01,3364,1009200,300.0,1092,9691,0.0006366933812387288,0.0001
-0.35533380999999997,924,0.01,3368,1010400,300.0,1093,9703,0.0006228014826774597,0.0001
-0.34804527,924,0.01,3372,1011600,300.0,1093,9715,0.0022350167855620384,0.0001
-0.19895038000000007,925,0.01,3376,1012800,300.0,1094,9727,0.0006540822796523571,0.0001
-0.03501591,926,0.01,3380,1014000,300.0,1094,9739,0.0018396512605249882,0.0001
-0.21471289999999993,927,0.01,3384,1015200,300.0,1095,9751,0.0008629603544250131,0.0001
-0.12771504000000003,927,0.01,3388,1016400,300.0,1095,9763,0.0006085020722821355,0.0001
-0.1509164500000001,928,0.01,3392,1017600,300.0,1096,9775,0.000656479096505791,0.0001
-0.15797360000000005,929,0.01,3396,1018800,300.0,1096,9787,0.0006289075827226043,0.0001
0.003421870000000009,929,0.01,3400,1020000,300.0,1097,9799,0.0004911628202535212,0.0001
-0.03423566999999998,930,0.01,3404,1021200,300.0,1097,9811,0.0006108355009928346,0.0001
0.08529414000000007,930,0.01,3408,1022400,300.0,1098,9823,0.0006336154183372855,0.0001
0.25328362000000004,931,0.01,3412,1023600,300.0,1098,9835,0.0010890483390539885,0.0001
0.33175218,932,0.01,3416,1024800,300.0,1099,9847,0.0007869398687034845,0.0001
0.37144686,932,0.01,3420,1026000,300.0,1099,9859,0.0014929523458704352,0.0001
0.44436474000000004,933,0.01,3424,1027200,300.0,1100,9871,0.0005911263870075345,0.0001
0.37653957,933,0.01,3428,1028400,300.0,1101,9883,0.0005733004654757679,0.0001
0.26421484,934,0.01,3432,1029600,300.0,1101,9895,0.0016124326502904296,0.0001
0.27269991,935,0.01,3436,1030800,300.0,1102,9907,0.0006734693888574839,0.0001
0.32132691999999996,935,0.01,3440,1032000,300.0,1102,9919,0.0017445567063987255,0.0001
0.19746068000000006,936,0.01,3444,1033200,300.0,1103,9931,0.0005494893994182348,0.0001
0.2056760700000001,937,0.01,3448,1034400,300.0,1103,9943,0.0008752663852646947,0.0001
0.02023888000000004,937,0.01,3452,1035600,300.0,1104,9955,0.0007667160825803876,0.0001
0.16047959000000003,938,0.01,3456,1036800,300.0,1104,9967,0.00047571060713380575,0.0001
0.2513788000000001,939,0.01,3460,1038000,300.0,1104,9979,0.0007889528060331941,0.0001
0.30652797,939,0.01,3464,1039200,300.0,1105,9991,0.0007920184871181846,0.0001
0.32391247,940,0.01,3468,1040400,300.0,1106,10003,0.0007461897330358624,0.0001
0.49033399000000005,941,0.01,3472,1041600,300.0,1106,10015,0.000633411924354732,0.0001
0.24730825000000003,941,0.01,3476,1042800,300.0,1107,10027,0.0007065811660140753,0.0001
0.17447402000000004,942,0.01,3480,1044000,300.0,1107,10039,0.0005220098537392914,0.0001
0.32272952,943,0.01,3484,1045200,300.0,1107,10051,0.0005619208095595241,0.0001
0.42549157,944,0.01,3488,1046400,300.0,1108,10063,0.0008911482291296124,0.0001
0.3247405800000001,944,0.01,3492,1047600,300.0,1108,10075,0.0007817570585757494,0.0001
0.31108676,945,0.01,3496,1048800,300.0,1109,10087,0.000679027521982789,0.0001
0.14179371999999996,945,0.01,3500,1050000,300.0,1109,10099,0.001242772676050663,0.0001
-0.04178228999999999,946,0.01,3504,1051200,300.0,1110,10111,0.0007456656894646585,0.0001
-0.16880560000000003,947,0.01,3508,1052400,300.0,1110,10123,0.0009829987538978457,0.0001
-0.30130503000000014,948,0.01,3512,1053600,300.0,1110,10135,0.0005548654007725418,0.0001
-0.32358593000000013,949,0.01,3516,1054800,300.0,1111,10147,0.0008167976629920304,0.0001
-0.4184875200000001,949,0.01,3520,1056000,300.0,1111,10159,0.0008787328843027353,0.0001
-0.47146942000000003,950,0.01,3524,1057200,300.0,1112,10171,0.0005393833853304386,0.0001
-0.48549177999999993,951,0.01,3528,1058400,300.0,1112,10183,0.0038573513738811016,0.0001
-0.38379958000000003,951,0.01,3532,1059600,300.0,1113,10195,0.0006247545243240893,0.0001
-0.48122519,952,0.01,3536,1060800,300.0,1113,10207,0.0012352182529866695,0.0001
-0.45786689,953,0.01,3540,1062000,300.0,1114,10219,0.0013784782495349646,0.0001
-0.24750471000000002,953,0.01,3544,1063200,300.0,1114,10231,0.0007895639864727855,0.0001
-0.2745709699999999,954,0.01,3548,1064400,300.0,1115,10243,0.0008305885130539536,0.0001
-0.11083867999999995,955,0.01,3552,1065600,300.0,1115,10255,0.0008610246586613357,0.0001
-0.24060642999999993,955,0.01,3556,1066800,300.0,1116,10267,0.0011791870929300785,0.0001
-0.11244872999999998,956,0.01,3560,1068000,300.0,1116,10279,0.0030615157447755337,0.0001
-0.06971993000000003,957,0.01,3564,1069200,300.0,1117,10291,0.0006043581524863839,0.0001
-0.06374985999999992,957,0.01,3568,1070400,300.0,1117,10303,0.0009056160924956203,0.0001
-0.06267113999999994,958,0.01,3572,1071600,300.0,1118,10315,0.0006827099714428186,0.0001
-0.050752320000000024,959,0.01,3576,1072800,300.0,1118,10327,0.0018171685514971614,0.0001
-0.15775989000000004,959,0.01,3580,1074000,300.0,1119,10339,0.0012182064820080996,0.0001
-0.27235017999999994,960,0.01,3584,1075200,300.0,1119,10351,0.0033583366312086582,0.0001
-0.24311058999999993,961,0.01,3588,1076400,300.0,1120,10363,0.00047722324961796403,0.0001
-0.25251362,961,0.01,3592,1077600,300.0,1120,10375,0.0005834603798575699,0.0001
-0.31890091000000004,962,0.01,3596,1078800,300.0,1121,10387,0.0006257359636947513,0.0001
-0.10784708999999996,962,0.01,3600,1080000,300.0,1121,10399,0.0008319311309605837,0.0001
0.12530949000000002,963,0.01,3604,1081200,300.0,1122,10411,0.0008935498772189021,0.0001
0.25740129,964,0.01,3608,1082400,300.0,1122,10423,0.0006673812167719007,0.0001
0.32905118,964,0.01,3612,1083600,300.0,1123,10435,0.0008783560479059815,0.0001
0.47871401000000013,965,0.01,3616,1084800,300.0,1123,10447,0.0005230349488556385,0.0001
0.5078200500000001,965,0.01,3620,1086000,300.0,1124,10459,0.000844497699290514,0.0001
0.48050003,966,0.01,3624,1087200,300.0,1124,10471,0.0008597875712439418,0.0001
0.57170187,967,0.01,3628,1088400,300.0,1125,10483,0.0005055856890976429,0.0001
0.40958991000000006,967,0.01,3632,1089600,300.0,1125,10495,0.0005225537461228669,0.0001
0.2988606700000001,968,0.01,3636,1090800,300.0,1126,10507,0.0007788444636389613,0.0001
0.28416350000000007,969,0.01,3640,1092000,300.0,1126,10519,0.0008997665136121213,0.0001
0.02241577000000003,969,0.01,3644,1093200,300.0,1127,10531,0.0006627517286688089,0.0001
0.07697365000000005,970,0.01,3648,1094400,300.0,1127,10543,0.0014379320200532675,0.0001
0.08180534000000002,971,0.01,3652,1095600,300.0,1128,10555,0.0007688968908041716,0.0001
0.05238902000000005,971,0.01,3656,1096800,300.0,1128,10567,0.0008135998505167663,0.0001
0.14302451000000002,972,0.01,3660,1098000,300.0,1129,10579,0.0005969248595647514,0.0001
0.08178943000000002,973,0.01,3664,1099200,300.0,1129,10591,0.0013044968945905566,0.0001
0.09117025000000006,1022,0.01,3668,1100400,300.0,1076,10603,0.0006611684802919626,0.0001
-0.05529202999999988,1022,0.01,3672,1101600,300.0,1076,10615,0.0012971925316378474,0.0001
-0.07674388999999994,1023,0.01,3676,1102800,300.0,1077,10627,0.0005769030540250242,0.0001
-0.17633060999999997,1024,0.01,3680,1104000,300.0,1078,10639,0.0010712324874475598,0.0001
-0.1916472,1024,0.01,3684,1105200,300.0,1078,10651,0.0008082685526460409,0.0001
-0.2368864,1025,0.01,3688,1106400,300.0,1079,10663,0.0007197419763542712,0.0001
-0.2505261699999999,1026,0.01,3692,1107600,300.0,1079,10675,0.0022232932969927788,0.0001
-0.21843528999999998,1026,0.01,3696,1108800,300.0,1080,10687,0.000638058059848845,0.0001
-0.3241758,1027,0.01,3700,1110000,300.0,1080,10699,0.0006940037710592151,0.0001
-0.43716094,1028,0.01,3704,1111200,300.0,1080,10711,0.000703481025993824,0.0001
-0.45092441,1028,0.01,3708,1112400,300.0,1081,10723,0.0006484135519713163,0.0001
-0.49441443,1029,0.01,3712,1113600,300.0,1081,10735,0.0008750974666327238,0.0001
-0.6098976299999999,1030,0.01,3716,1114800,300.0,1082,10747,0.0011505369329825044,0.0001
-0.4941813599999999,1030,0.01,3720,1116000,300.0,1082,10759,0.0009792036144062877,0.0001
-0.51397299,1031,0.01,3724,1117200,300.0,1083,10771,0.000517773674800992,0.0001
-0.46637582,1032,0.01,3728,1118400,300.0,1083,10783,0.0005563956801779568,0.0001
-0.43174447,1033,0.01,3732,1119600,300.0,1083,10795,0.0005055592628195882,0.0001
-0.29448122,1033,0.01,3736,1120800,300.0,1084,10807,0.0006222081137821078,0.0001
-0.2637003,1034,0.01,3740,1122000,300.0,1084,10819,0.0006297855288721621,0.0001
-0.07204067,1035,0.01,3744,1123200,300.0,1085,10831,0.0009212574223056436,0.0001
-0.30300529,1035,0.01,3748,1124400,300.0,1085,10843,0.000594665645621717,0.0001
-0.43075788,1036,0.01,3752,1125600,300.0,1085,10855,0.0021950583904981613,0.0001
-0.2855132899999999,1037,0.01,3756,1126800,300.0,1086,10867,0.0008786926046013832,0.0001
-0.47811819000000016,1038,0.01,3760,1128000,300.0,1086,10879,0.0007506470428779721,0.0001
-0.36223430000000006,1038,0.01,3764,1129200,300.0,1086,10891,0.0006792144267819822,0.0001
-0.45712725000000004,1039,0.01,3768,1130400,300.0,1087,10903,0.0006367554888129234,0.0001
-0.44516622,1040,0.01,3772,1131600,300.0,1087,10915,0.0010802189353853464,0.0001
-0.36207211,1040,0.01,3776,1132800,300.0,1088,10927,0.0008446172578260303,0.0001
-0.14390569000000003,1041,0.01,3780,1134000,300.0,1088,10939,0.0009909910149872303,0.0001
-0.11955235000000002,1042,0.01,3784,1135200,300.0,1089,10951,0.0007946161786094308,0.0001
-0.25259539999999997,1042,0.01,3788,1136400,300.0,1089,10963,0.0007090506260283291,0.0001
-0.20728600999999997,1043,0.01,3792,1137600,300.0,1090,10975,0.0008347455877810717,0.0001
-0.26128377,1044,0.01,3796,1138800,300.0,1090,10987,0.0008399983635172248,0.0001
-0.17445151999999997,1044,0.01,3800,1140000,300.0,1090,10999,0.0007154223276302218,0.0001
-0.11293041999999996,1045,0.01,3804,1141200,300.0,1091,11011,0.0009266672423109412,0.0001
-0.12765089999999998,1046,0.01,3808,1142400,300.0,1091,11023,0.0008659932063892484,0.0001
-0.10152567000000001,1047,0.01,3812,1143600,300.0,1092,11035,0.0007785331690683961,0.0001
-0.10607131000000004,1047,0.01,3816,1144800,300.0,1092,11047,0.0008103162399493158,0.0001
-0.19580725000000002,1048,0.01,3820,1146000,300.0,1092,11059,0.0008062327979132533,0.0001
-0.17959093000000004,1049,0.01,3824,1147200,300.0,1093,11071,0.0008463420672342181,0.0001
-0.1861158,1049,0.01,3828,1148400,300.0,1093,11083,0.000891410862095654,0.0001
-0.12094279000000001,1050,0.01,3832,1149600,300.0,1094,11095,0.000662265985738486,0.0001
-0.17642336000000003,1051,0.01,3836,1150800,300.0,1094,11107,0.0008111962233670056,0.0001
-0.2967523299999999,1051,0.01,3840,1152000,300.0,1095,11119,0.0007115831831470132,0.0001
-0.32642863999999994,1052,0.01,3844,1153200,300.0,1095,11131,0.0006949187954887748,0.0001
-0.12063734999999999,1053,0.01,3848,1154400,300.0,1096,11143,0.0005629091174341738,0.0001
0.031047159999999904,1053,0.01,3852,1155600,300.0,1096,11155,0.0008235308341681957,0.0001
-0.0083160000000001,1054,0.01,3856,1156800,300.0,1097,11167,0.0005635990528389812,0.0001
0.10128423999999996,1054,0.01,3860,1158000,300.0,1097,11179,0.0022762687876820564,0.0001
0.02034741999999996,1055,0.01,3864,1159200,300.0,1098,11191,0.0019048326648771763,0.0001
0.23027480999999997,1056,0.01,3868,1160400,300.0,1098,11203,0.00207570381462574,0.0001
0.19017569,1056,0.01,3872,1161600,300.0,1099,11215,0.0007776188431307673,0.0001
0.22956615,1057,0.01,3876,1162800,300.0,1099,11227,0.0006586543750017881,0.0001
0.12275838000000001,1058,0.01,3880,1164000,300.0,1099,11239,0.0005534302908927202,0.0001
0.07904024000000001,1059,0.01,3884,1165200,300.0,1100,11251,0.0007283277809619904,0.0001
0.06246901999999998,1059,0.01,3888,1166400,300.0,1100,11263,0.0006671932642348111,0.0001
0.17342912,1060,0.01,3892,1167600,300.0,1100,11275,0.0005973036168143153,0.0001
0.22779158000000005,1061,0.01,3896,1168800,300.0,1101,11287,0.0007000738987699151,0.0001
0.08839551000000004,1061,0.01,3900,1170000,300.0,1101,11299,0.0006626025424338877,0.0001
0.13092518000000003,1062,0.01,3904,1171200,300.0,1102,11311,0.001047023106366396,0.0001
0.12586176,1063,0.01,3908,1172400,300.0,1102,11323,0.001255868119187653,0.0001
0.059717779999999984,1064,0.01,3912,1173600,300.0,1102,11335,0.0007586707943119109,0.0001
0.018061640000000018,1064,0.01,3916,1174800,300.0,1103,11347,0.001460447208955884,0.0001
0.08459613000000003,1065,0.01,3920,1176000,300.0,1103,11359,0.0005267662927508354,0.0001
0.11821358999999998,1065,0.01,3924,1177200,300.0,1104,11371,0.000993818393908441,0.0001
0.006550420000000008,1066,0.01,3928,1178400,300.0,1104,11383,0.0007168898591771722,0.0001
-0.08393822999999997,1067,0.01,3932,1179600,300.0,1105,11395,0.0013729666825383902,0.0001
-0.028637240000000005,1068,0.01,3936,1180800,300.0,1105,11407,0.0005339927156455815,0.0001
0.11656604999999999,1069,0.01,3940,1182000,300.0,1105,11419,0.0007714375969953835,0.0001
0.052465670000000006,1069,0.01,3944,1183200,300.0,1106,11431,0.0030185740906745195,0.0001
-0.05118975,1070,0.01,3948,1184400,300.0,1106,11443,0.0012693273602053523,0.0001
-0.17379013999999998,1071,0.01,3952,1185600,300.0,1106,11455,0.0008675070712342858,0.0001
-0.21694897000000005,1071,0.01,3956,1186800,300.0,1107,11467,0.0007991068996489048,0.0001
-0.2204288500000001,1072,0.01,3960,1188000,300.0,1107,11479,0.0006001736619509757,0.0001
-0.21534794000000002,1073,0.01,3964,1189200,300.0,1108,11491,0.0006570816040039062,0.0001
-0.31710136,1073,0.01,3968,1190400,300.0,1108,11503,0.0006682428647764027,0.0001
-0.3343028799999999,1074,0.01,3972,1191600,300.0,1108,11515,0.0006272775935940444,0.0001
-0.4206272,1075,0.01,3976,1192800,300.0,1109,11527,0.0008529460174031556,0.0001
-0.2608530699999999,1075,0.01,3980,1194000,300.0,1109,11539,0.0009531505056656897,0.0001
-0.29043206999999993,1076,0.01,3984,1195200,300.0,1110,11551,0.0038450020365417004,0.0001
-0.2947963899999999,1077,0.01,3988,1196400,300.0,1110,11563,0.0007541464292444289,0.0001
-0.35758648999999987,1077,0.01,3992,1197600,300.0,1111,11575,0.0004877069150097668,0.0001
-0.35203644999999995,1078,0.01,3996,1198800,300.0,1111,11587,0.0007196836522780359,0.0001
-0.22732012,1128,0.01,4000,1200000,300.0,1063,11599,0.0009309142478741705,0.0001
-0.23167263000000005,1129,0.01,4004,1201200,300.0,1063,11611,0.0009834282100200653,0.0001
-0.36372719000000003,1129,0.01,4008,1202400,300.0,1064,11623,0.0006829607300460339,0.0001
-0.2529329,1130,0.01,4012,1203600,300.0,1064,11635,0.0016583551187068224,0.0001
-0.16372578999999998,1131,0.01,4016,1204800,300.0,1064,11647,0.0029532175976783037,0.0001
-0.2823904599999999,1132,0.01,4020,1206000,300.0,1065,11659,0.0006770896725356579,0.0001
-0.30554712999999994,1133,0.01,4024,1207200,300.0,1065,11671,0.0006759956595487893,0.0001
-0.27033317,1134,0.01,4028,1208400,300.0,1065,11683,0.00272719981148839,0.0001
-0.25236738000000003,1134,0.01,4032,1209600,300.0,1066,11695,0.0018713154131546617,0.0001
-0.15877629999999998,1135,0.01,4036,1210800,300.0,1066,11707,0.0005564434104599059,0.0001
-0.24484024,1135,0.01,4040,1212000,300.0,1066,11719,0.002097946358844638,0.0001
-0.25573686000000007,1136,0.01,4044,1213200,300.0,1067,11731,0.0006739601958543062,0.0001
-0.24321149000000003,1137,0.01,4048,1214400,300.0,1067,11743,0.0010331354569643736,0.0001
-0.19087231000000002,1138,0.01,4052,1215600,300.0,1068,11755,0.0009376655798405409,0.0001
-0.26843359000000006,1138,0.01,4056,1216800,300.0,1068,11767,0.0016623507253825665,0.0001
-0.39006803000000007,1139,0.01,4060,1218000,300.0,1069,11779,0.0009263993124477565,0.0001
-0.3805128499999999,1140,0.01,4064,1219200,300.0,1069,11791,0.001106072450056672,0.0001
-0.35019050000000007,1140,0.01,4068,1220400,300.0,1069,11803,0.0007300855941139162,0.0001
-0.30310878,1141,0.01,4072,1221600,300.0,1070,11815,0.001003687153570354,0.0001
-0.26793586,1141,0.01,4076,1222800,300.0,1070,11827,0.0005954981897957623,0.0001
-0.30519666,1142,0.01,4080,1224000,300.0,1071,11839,0.0007342160097323358,0.0001
-0.2730891900000001,1143,0.01,4084,1225200,300.0,1071,11851,0.0008273369167000055,0.0001
-0.11484839000000012,1143,0.01,4088,1226400,300.0,1072,11863,0.0008380953222513199,0.0001
-0.11149808000000005,1144,0.01,4092,1227600,300.0,1072,11875,0.0009811874479055405,0.0001
-0.14246329000000008,1145,0.01,4096,1228800,300.0,1073,11887,0.0008333123405463994,0.0001
-0.23090673000000006,1145,0.01,4100,1230000,300.0,1073,11899,0.000676968484185636,0.0001
-0.34942087,1146,0.01,4104,1231200,300.0,1073,11911,0.0011725637596100569,0.0001
-0.31889314999999996,1147,0.01,4108,1232400,300.0,1074,11923,0.0005857450887560844,0.0001
-0.38137788,1147,0.01,4112,1233600,300.0,1074,11935,0.0007042895304039121,0.0001
-0.4290366400000001,1148,0.01,4116,1234800,300.0,1074,11947,0.0006728993030264974,0.0001
-0.44502683,1149,0.01,4120,1236000,300.0,1075,11959,0.000506830750964582,0.0001
-0.5535232199999999,1150,0.01,4124,1237200,300.0,1075,11971,0.005785897374153137,0.0001
-0.56805488,1150,0.01,4128,1238400,300.0,1076,11983,0.00045757147017866373,0.0001
-0.6348471500000001,1151,0.01,4132,1239600,300.0,1076,11995,0.0008551502251066267,0.0001
-0.64743067,1152,0.01,4136,1240800,300.0,1076,12007,0.0009357456583529711,0.0001
-0.66188676,1152,0.01,4140,1242000,300.0,1077,12019,0.0028234024066478014,0.0001
-0.59697967,1153,0.01,4144,1243200,300.0,1077,12031,0.0007485972018912435,0.0001
-0.46362922999999995,1154,0.01,4148,1244400,300.0,1078,12043,0.0012691940646618605,0.0001
-0.41719322,1154,0.01,4152,1245600,300.0,1078,12055,0.0005360969225876033,0.0001
-0.29929284,1155,0.01,4156,1246800,300.0,1079,12067,0.0013459885958582163,0.0001
-0.21864354999999994,1156,0.01,4160,1248000,300.0,1079,12079,0.0008087592432275414,0.0001
-0.14991773000000003,1156,0.01,4164,1249200,300.0,1079,12091,0.001111040823161602,0.0001
-0.4556234100000001,1157,0.01,4168,1250400,300.0,1080,12103,0.0006029416108503938,0.0001
-0.37194362,1158,0.01,4172,1251600,300.0,1080,12115,0.0022401863243430853,0.0001
-0.36571069000000006,1159,0.01,4176,1252800,300.0,1080,12127,0.0007018200121819973,0.0001
-0.5477769,1159,0.01,4180,1254000,300.0,1081,12139,0.0012353290803730488,0.0001
-0.54419914,1160,0.01,4184,1255200,300.0,1081,12151,0.0005913737695664167,0.0001
-0.5234662200000001,1161,0.01,4188,1256400,300.0,1082,12163,0.000805822666734457,0.0001
-0.4069115999999999,1161,0.01,4192,1257600,300.0,1082,12175,0.0005502270651049912,0.0001
-0.4131780900000001,1162,0.01,4196,1258800,300.0,1082,12187,0.0009305155836045742,0.0001
-0.40284737,1163,0.01,4200,1260000,300.0,1083,12199,0.0007162750698626041,0.0001
-0.42859927,1163,0.01,4204,1261200,300.0,1083,12211,0.0009355283691547811,0.0001
-0.28113828999999996,1164,0.01,4208,1262400,300.0,1084,12223,0.0005932742496952415,0.0001
-0.40117463999999997,1165,0.01,4212,1263600,300.0,1084,12235,0.0006747649167664349,0.0001
-0.6305374699999999,1165,0.01,4216,1264800,300.0,1084,12247,0.0014915859792381525,0.0001
-0.6742804099999998,1166,0.01,4220,1266000,300.0,1085,12259,0.0006562091875821352,0.0001
-0.5667769799999999,1167,0.01,4224,1267200,300.0,1085,12271,0.0007974161999300122,0.0001
-0.53395395,1168,0.01,4228,1268400,300.0,1085,12283,0.004855252802371979,0.0001
-0.33260471,1168,0.01,4232,1269600,300.0,1086,12295,0.004203918389976025,0.0001
-0.4242968,1169,0.01,4236,1270800,300.0,1086,12307,0.0007633963250555098,0.0001
-0.40587398999999985,1170,0.01,4240,1272000,300.0,1087,12319,0.0007213721983134747,0.0001
-0.38509593000000003,1170,0.01,4244,1273200,300.0,1087,12331,0.0010783533798530698,0.0001
-0.51155289,1171,0.01,4248,1274400,300.0,1088,12343,0.0008758615585975349,0.0001
-0.5958024199999999,1171,0.01,4252,1275600,300.0,1088,12355,0.001225411077030003,0.0001
-0.7722384,1172,0.01,4256,1276800,300.0,1088,12367,0.0008349941927008331,0.0001
-0.6037169,1173,0.01,4260,1278000,300.0,1089,12379,0.0007375535788014531,0.0001
-0.5510989200000002,1173,0.01,4264,1279200,300.0,1089,12391,0.0006409877096302807,0.0001
-0.5036117400000001,1174,0.01,4268,1280400,300.0,1090,12403,0.0012268422869965434,0.0001
-0.6324698200000001,1175,0.01,4272,1281600,300.0,1090,12415,0.0009524396155029535,0.0001
-0.58420535,1175,0.01,4276,1282800,300.0,1091,12427,0.0006557668093591928,0.0001
-0.5425782499999999,1176,0.01,4280,1284000,300.0,1091,12439,0.0006213639280758798,0.0001
-0.33809698,1177,0.01,4284,1285200,300.0,1091,12451,0.0007426332449540496,0.0001
-0.2706161299999999,1177,0.01,4288,1286400,300.0,1092,12463,0.001720460131764412,0.0001
-0.4093344999999999,1178,0.01,4292,1287600,300.0,1092,12475,0.0015156148001551628,0.0001
-0.4435556999999999,1179,0.01,4296,1288800,300.0,1092,12487,0.000872854667250067,0.0001
-0.40539072000000004,1180,0.01,4300,1290000,300.0,1093,12499,0.0005936005618423223,0.0001
-0.28005615999999994,1180,0.01,4304,1291200,300.0,1093,12511,0.000863929046317935,0.0001
-0.3106969700000001,1181,0.01,4308,1292400,300.0,1093,12523,0.0007833181298337877,0.0001
-0.14436771999999992,1182,0.01,4312,1293600,300.0,1094,12535,0.0006778031820431352,0.0001
0.13123453000000004,1182,0.01,4316,1294800,300.0,1094,12547,0.0008488278836011887,0.0001
0.25059372,1183,0.01,4320,1296000,300.0,1095,12559,0.0005460826796479523,0.0001
0.29597088000000005,1184,0.01,4324,1297200,300.0,1095,12571,0.0006874181563034654,0.0001
0.27850478999999995,1184,0.01,4328,1298400,300.0,1095,12583,0.00097909034229815,0.0001
0.21059723000000005,1185,0.01,4332,1299600,300.0,1096,12595,0.0008530361228622496,0.0001
0.12628184000000003,1235,0.01,4336,1300800,300.0,1053,12607,0.0015085794730111957,0.0001
0.11171263000000006,1236,0.01,4340,1302000,300.0,1053,12619,0.000726018100976944,0.0001
0.09570246000000011,1236,0.01,4344,1303200,300.0,1053,12631,0.0007579512312076986,0.0001
0.06773932000000008,1237,0.01,4348,1304400,300.0,1054,12643,0.0007926644757390022,0.0001
0.07570605000000004,1238,0.01,4352,1305600,300.0,1054,12655,0.0010290886275470257,0.0001
0.26831952000000003,1238,0.01,4356,1306800,300.0,1054,12667,0.0010207556188106537,0.0001
0.10207952000000012,1239,0.01,4360,1308000,300.0,1055,12679,0.0014443261316046119,0.0001
-0.06615783999999997,1240,0.01,4364,1309200,300.0,1055,12691,0.0007422151975333691,0.0001
0.026319400000000038,1241,0.01,4368,1310400,300.0,1055,12703,0.0010427094530314207,0.0001
0.1059470800000001,1241,0.01,4372,1311600,300.0,1056,12715,0.0026055851485580206,0.0001
-0.02511828999999988,1242,0.01,4376,1312800,300.0,1056,12727,0.0005089826881885529,0.0001
-0.13043114999999988,1243,0.01,4380,1314000,300.0,1056,12739,0.001411172212101519,0.0001
-0.29819823,1243,0.01,4384,1315200,300.0,1057,12751,0.0006130223628133535,0.0001
-0.42836536,1244,0.01,4388,1316400,300.0,1057,12763,0.0006929350784048438,0.0001
-0.39906569999999997,1245,0.01,4392,1317600,300.0,1058,12775,0.0013580761151388288,0.0001
-0.4294287,1246,0.01,4396,1318800,300.0,1058,12787,0.0007763808825984597,0.0001
-0.5045174899999999,1246,0.01,4400,1320000,300.0,1058,12799,0.0018433330114930868,0.0001
-0.57096153,1247,0.01,4404,1321200,300.0,1059,12811,0.000691645429469645,0.0001
-0.59892525,1248,0.01,4408,1322400,300.0,1059,12823,0.0007276465184986591,0.0001
-0.6814202500000001,1249,0.01,4412,1323600,300.0,1059,12835,0.0008686442743055522,0.0001
-0.7946377800000001,1250,0.01,4416,1324800,300.0,1059,12847,0.004456683062016964,0.0001
-0.8182946700000001,1250,0.01,4420,1326000,300.0,1059,12859,0.00122433016076684,0.0001
-0.9027603200000001,1251,0.01,4424,1327200,300.0,1060,12871,0.0007568569271825254,0.0001
-0.9294244499999997,1252,0.01,4428,1328400,300.0,1060,12883,0.001363926101475954,0.0001
-0.91157785,1253,0.01,4432,1329600,300.0,1061,12895,0.0008914426434785128,0.0001
-0.7929173100000001,1253,0.01,4436,1330800,300.0,1061,12907,0.0009667733102105558,0.0001
-0.6923234800000002,1254,0.01,4440,1332000,300.0,1061,12919,0.0029514331836253405,0.0001
-0.74884927,1255,0.01,4444,1333200,300.0,1062,12931,0.0008970852941274643,0.0001
-0.7301937,1255,0.01,4448,1334400,300.0,1062,12943,0.001122817862778902,0.0001
-0.7909715500000002,1256,0.01,4452,1335600,300.0,1062,12955,0.0009104663040488958,0.0001
-0.9189912,1257,0.01,4456,1336800,300.0,1063,12967,0.0007886360981501639,0.0001
-0.8696349999999999,1257,0.01,4460,1338000,300.0,1063,12979,0.000555787468329072,0.0001
-0.8574854999999998,1258,0.01,4464,1339200,300.0,1064,12991,0.0004003557260148227,0.0001
-0.77691093,1259,0.01,4468,1340400,300.0,1064,13003,0.0006657267222180963,0.0001
-0.8335713199999998,1259,0.01,4472,1341600,300.0,1064,13015,0.0004484148812480271,0.0001
-0.6996125500000001,1260,0.01,4476,1342800,300.0,1065,13027,0.0006876885890960693,0.0001
-0.47335953000000003,1261,0.01,4480,1344000,300.0,1065,13039,0.0008958890102803707,0.0001
-0.60627692,1262,0.01,4484,1345200,300.0,1065,13051,0.002029952360317111,0.0001
-0.5585108400000001,1262,0.01,4488,1346400,300.0,1066,13063,0.001113667618483305,0.0001
-0.6661835900000002,1263,0.01,4492,1347600,300.0,1066,13075,0.0010357003193348646,0.0001
-0.50694736,1263,0.01,4496,1348800,300.0,1067,13087,0.0011528551112860441,0.0001
-0.41711170000000003,1264,0.01,4500,1350000,300.0,1067,13099,0.0007625228608958423,0.0001
-0.5420125200000001,1265,0.01,4504,1351200,300.0,1067,13111,0.0017479921225458384,0.0001
-0.4473367100000001,1265,0.01,4508,1352400,300.0,1068,13123,0.0007009522523730993,0.0001
-0.44548517,1266,0.01,4512,1353600,300.0,1068,13135,0.006977925077080727,0.0001
-0.41334729999999986,1267,0.01,4516,1354800,300.0,1069,13147,0.0010429969988763332,0.0001
-0.34931105999999995,1268,0.01,4520,1356000,300.0,1069,13159,0.0008857416687533259,0.0001
-0.29846069,1268,0.01,4524,1357200,300.0,1069,13171,0.0017787121469154954,0.0001
-0.30812867,1269,0.01,4528,1358400,300.0,1070,13183,0.0008105525048449636,0.0001
-0.3914193899999999,1270,0.01,4532,1359600,300.0,1070,13195,0.0010382401524111629,0.0001
-0.50405616,1270,0.01,4536,1360800,300.0,1070,13207,0.0011881875107064843,0.0001
-0.43293468999999996,1271,0.01,4540,1362000,300.0,1071,13219,0.0005801533698104322,0.0001
-0.3463311599999999,1272,0.01,4544,1363200,300.0,1071,13231,0.0007411717670038342,0.0001
-0.22688431999999994,1272,0.01,4548,1364400,300.0,1071,13243,0.002478686161339283,0.0001
-0.18530450999999992,1273,0.01,4552,1365600,300.0,1072,13255,0.0008527439786121249,0.0001
-0.15563889,1274,0.01,4556,1366800,300.0,1072,13267,0.0010071017313748598,0.0001
-0.28972234,1274,0.01,4560,1368000,300.0,1073,13279,0.0007291235378943384,0.0001
-0.23237735,1275,0.01,4564,1369200,300.0,1073,13291,0.0008770718704909086,0.0001
-0.29588895,1276,0.01,4568,1370400,300.0,1073,13303,0.00087187928147614,0.0001
-0.15752598,1276,0.01,4572,1371600,300.0,1074,13315,0.001288148108869791,0.0001
-0.22344351000000004,1277,0.01,4576,1372800,300.0,1074,13327,0.0008259142050519586,0.0001
-0.26254296,1278,0.01,4580,1374000,300.0,1075,13339,0.0007989556761458516,0.0001
-0.10479064999999999,1278,0.01,4584,1375200,300.0,1075,13351,0.0006016030674800277,0.0001
-0.23480843999999998,1279,0.01,4588,1376400,300.0,1075,13363,0.0017547026509419084,0.0001
-0.12075453000000003,1280,0.01,4592,1377600,300.0,1075,13375,0.001349149621091783,0.0001
-0.24927860000000007,1281,0.01,4596,1378800,300.0,1076,13387,0.0008408278808929026,0.0001
-0.19174518999999993,1281,0.01,4600,1380000,300.0,1076,13399,0.0006286823772825301,0.0001
-0.09047175999999993,1282,0.01,4604,1381200,300.0,1077,13411,0.001966758631169796,0.0001
-0.11124008999999996,1283,0.01,4608,1382400,300.0,1077,13423,0.0020167967304587364,0.0001
-0.12093387999999995,1283,0.01,4612,1383600,300.0,1077,13435,0.0028155639301985502,0.0001
-0.09765264999999994,1284,0.01,4616,1384800,300.0,1078,13447,0.0018251135479658842,0.0001
-0.09691718999999996,1285,0.01,4620,1386000,300.0,1078,13459,0.0007034986047074199,0.0001
0.04523415000000008,1285,0.01,4624,1387200,300.0,1078,13471,0.0007421653717756271,0.0001
0.08516456000000006,1286,0.01,4628,1388400,300.0,1079,13483,0.00041143796988762915,0.0001
0.06932893,1287,0.01,4632,1389600,300.0,1079,13495,0.0008078449172899127,0.0001
0.026235010000000007,1287,0.01,4636,1390800,300.0,1080,13507,0.0006185480742715299,0.0001
-0.15194289999999996,1288,0.01,4640,1392000,300.0,1080,13519,0.0005930272745899856,0.0001
-0.28024509000000003,1289,0.01,4644,1393200,300.0,1080,13531,0.0011430641170591116,0.0001
-0.37718204000000005,1289,0.01,4648,1394400,300.0,1081,13543,0.0011270581744611263,0.0001
-0.36660591,1290,0.01,4652,1395600,300.0,1081,13555,0.0008207840146496892,0.0001
-0.3068105199999999,1291,0.01,4656,1396800,300.0,1081,13567,0.0008206139318645,0.0001
-0.16463190999999994,1291,0.01,4660,1398000,300.0,1082,13579,0.0006371967028826475,0.0001
-0.14986984999999994,1292,0.01,4664,1399200,300.0,1082,13591,0.000816652609501034,0.0001
-0.043395500000000024,1343,0.01,4668,1400400,300.0,1042,13603,0.0006411988870240748,0.0001
-0.20204767000000007,1344,0.01,4672,1401600,300.0,1042,13615,0.0008230257080867887,0.0001
-0.17061917,1344,0.01,4676,1402800,300.0,1042,13627,0.002542061498388648,0.0001
-0.22535532999999996,1345,0.01,4680,1404000,300.0,1043,13639,0.0017757837194949389,0.0001
-0.38774849999999994,1346,0.01,4684,1405200,300.0,1043,13651,0.0009326143190264702,0.0001
-0.55128391,1347,0.01,4688,1406400,300.0,1043,13663,0.0006710748421028256,0.0001
-0.5835412199999999,1347,0.01,4692,1407600,300.0,1044,13675,0.0009742350084707141,0.0001
-0.42414680000000005,1348,0.01,4696,1408800,300.0,1044,13687,0.000539404631126672,0.0001
-0.5731036,1349,0.01,4700,1410000,300.0,1044,13699,0.0010546182747930288,0.0001
-0.42354417,1350,0.01,4704,1411200,300.0,1045,13711,0.001039239694364369,0.0001
-0.6423578200000002,1350,0.01,4708,1412400,300.0,1045,13723,0.0015512037789449096,0.0001
-0.63743061,1351,0.01,4712,1413600,300.0,1046,13735,0.0007523460080847144,0.0001
-0.73578857,1352,0.01,4716,1414800,300.0,1046,13747,0.0009121932089328766,0.0001
-0.93527659,1352,0.01,4720,1416000,300.0,1046,13759,0.0010558117646723986,0.0001
-1.16390261,1353,0.01,4724,1417200,300.0,1047,13771,0.002003523288294673,0.0001
-1.1001141300000001,1353,0.01,4728,1418400,300.0,1047,13783,0.0015070531517267227,0.0001
-1.1178226500000001,1354,0.01,4732,1419600,300.0,1047,13795,0.0008416312630288303,0.0001
-1.0745654500000001,1355,0.01,4736,1420800,300.0,1048,13807,0.0005610724911093712,0.0001
-1.19850184,1356,0.01,4740,1422000,300.0,1048,13819,0.0009464437025599182,0.0001
-1.15255213,1356,0.01,4744,1423200,300.0,1048,13831,0.001172951189801097,0.0001
-1.05657612,1357,0.01,4748,1424400,300.0,1049,13843,0.0032046844717115164,0.0001
-1.00815273,1358,0.01,4752,1425600,300.0,1049,13855,0.0007249737973324955,0.0001
-1.17579245,1359,0.01,4756,1426800,300.0,1049,13867,0.0020770563278347254,0.0001
-1.2321685199999999,1359,0.01,4760,1428000,300.0,1050,13879,0.003036946291103959,0.0001
-1.28366714,1360,0.01,4764,1429200,300.0,1050,13891,0.0029944628477096558,0.0001
-1.29497141,1361,0.01,4768,1430400,300.0,1050,13903,0.0010670969495549798,0.0001
-1.14382515,1362,0.01,4772,1431600,300.0,1050,13915,0.0006229206337593496,0.0001
-1.05937484,1363,0.01,4776,1432800,300.0,1051,13927,0.0009409937774762511,0.0001
-1.004875,1363,0.01,4780,1434000,300.0,1051,13939,0.0008793637389317155,0.0001
-0.9675450000000003,1364,0.01,4784,1435200,300.0,1051,13951,0.0005773135926574469,0.0001
-0.7003676200000001,1365,0.01,4788,1436400,300.0,1052,13963,0.0028267421294003725,0.0001
-0.63820489,1365,0.01,4792,1437600,300.0,1052,13975,0.0006105584325268865,0.0001
-0.7952555500000001,1366,0.01,4796,1438800,300.0,1052,13987,0.0008733355789445341,0.0001
-0.67274113,1367,0.01,4800,1440000,300.0,1053,13999,0.0007779723964631557,0.0001
-0.7295306299999998,1368,0.01,4804,1441200,300.0,1053,14011,0.0007081984076648951,0.0001
-0.5283486400000001,1369,0.01,4808,1442400,300.0,1053,14023,0.0013454919680953026,0.0001
-0.42664763000000006,1369,0.01,4812,1443600,300.0,1053,14035,0.0005690194666385651,0.0001
-0.3416258300000001,1370,0.01,4816,1444800,300.0,1054,14047,0.0005208494258113205,0.0001
-0.19840056000000003,1371,0.01,4820,1446000,300.0,1054,14059,0.0008218128932639956,0.0001
-0.09621659999999993,1371,0.01,4824,1447200,300.0,1054,14071,0.0015786474104970694,0.0001
-0.28962519,1372,0.01,4828,1448400,300.0,1055,14083,0.0006492931279353797,0.0001
-0.29419316,1373,0.01,4832,1449600,300.0,1055,14095,0.0010731845395639539,0.0001
-0.3249353,1374,0.01,4836,1450800,300.0,1055,14107,0.0006305101560428739,0.0001
-0.16132461999999997,1374,0.01,4840,1452000,300.0,1056,14119,0.0009098550071939826,0.0001
-0.14787985000000003,1375,0.01,4844,1453200,300.0,1056,14131,0.0012460986617952585,0.0001
-0.17278182000000006,1376,0.01,4848,1454400,300.0,1056,14143,0.0008768967818468809,0.0001
-0.17643481000000008,1376,0.01,4852,1455600,300.0,1057,14155,0.0018219789490103722,0.0001
-0.06695735000000003,1377,0.01,4856,1456800,300.0,1057,14167,0.0013219208922237158,0.0001
-0.08603530000000002,1378,0.01,4860,1458000,300.0,1057,14179,0.0009143509669229388,0.0001
0.05782782999999997,1378,0.01,4864,1459200,300.0,1058,14191,0.0010801225434988737,0.0001
0.13217956000000006,1379,0.01,4868,1460400,300.0,1058,14203,0.0013523949310183525,0.0001
0.0016751700000000103,1380,0.01,4872,1461600,300.0,1058,14215,0.0027331605087965727,0.0001
-0.015082280000000003,1380,0.01,4876,1462800,300.0,1059,14227,0.0008646653150208294,0.0001
-0.09163905000000007,1381,0.01,4880,1464000,300.0,1059,14239,0.0010012994753196836,0.0001
-0.004313320000000038,1382,0.01,4884,1465200,300.0,1059,14251,0.0009688998688943684,0.0001
-0.10805186999999997,1382,0.01,4888,1466400,300.0,1060,14263,0.0009213767480105162,0.0001
-0.2954660599999999,1383,0.01,4892,1467600,300.0,1060,14275,0.0006481402670033276,0.0001
-0.21319339999999998,1384,0.01,4896,1468800,300.0,1061,14287,0.0010278286645188928,0.0001
-0.30878103,1384,0.01,4900,1470000,300.0,1061,14299,0.0007913121371529996,0.0001
-0.39547805999999996,1385,0.01,4904,1471200,300.0,1061,14311,0.001136617036536336,0.0001
-0.49055384,1386,0.01,4908,1472400,300.0,1062,14323,0.0007218492100946605,0.0001
-0.6493127799999999,1386,0.01,4912,1473600,300.0,1062,14335,0.0010522449156269431,0.0001
-0.7372805800000001,1387,0.01,4916,1474800,300.0,1062,14347,0.003028557635843754,0.0001
-0.7544231899999998,1388,0.01,4920,1476000,300.0,1062,14359,0.010494120419025421,0.0001
-0.6863652,1389,0.01,4924,1477200,300.0,1063,14371,0.0012786166043952107,0.0001
-0.5560075800000001,1389,0.01,4928,1478400,300.0,1063,14383,0.0005204492481425405,0.0001
-0.52011847,1390,0.01,4932,1479600,300.0,1064,14395,0.0013992481399327517,0.0001
-0.37966053,1391,0.01,4936,1480800,300.0,1064,14407,0.0005460095126181841,0.0001
-0.3408414300000001,1391,0.01,4940,1482000,300.0,1064,14419,0.0009287190623581409,0.0001
-0.33852216000000007,1392,0.01,4944,1483200,300.0,1065,14431,0.000512255821377039,0.0001
-0.37470785999999995,1393,0.01,4948,1484400,300.0,1065,14443,0.0008648544899187982,0.0001
-0.24732998000000003,1393,0.01,4952,1485600,300.0,1065,14455,0.001528495573438704,0.0001
-0.14143904000000007,1394,0.01,4956,1486800,300.0,1066,14467,0.0006682365201413631,0.0001
-0.13156266000000005,1395,0.01,4960,1488000,300.0,1066,14479,0.000675423361826688,0.0001
-0.26950028,1395,0.01,4964,1489200,300.0,1066,14491,0.000768071215134114,0.0001
-0.58141504,1396,0.01,4968,1490400,300.0,1067,14503,0.0009022068115882576,0.0001
-0.5844543299999999,1397,0.01,4972,1491600,300.0,1067,14515,0.0007985460688360035,0.0001
-0.8070662799999999,1398,0.01,4976,1492800,300.0,1067,14527,0.0009905160404741764,0.0001
-0.8243726399999999,1399,0.01,4980,1494000,300.0,1067,14539,0.0008105532033368945,0.0001
-0.7350230899999999,1400,0.01,4984,1495200,300.0,1067,14551,0.0018205799860879779,0.0001
-0.8022300699999999,1400,0.01,4988,1496400,300.0,1068,14563,0.0006292626494541764,0.0001
-0.6305516099999999,1401,0.01,4992,1497600,300.0,1068,14575,0.0007702696602791548,0.0001
-0.73858657,1402,0.01,4996,1498800,300.0,1068,14587,0.002652421360835433,0.0001
-0.7614789000000001,1454,0.01,5000,1500000,300.0,1031,14599,0.0011079449905082583,0.0001
-0.7175061199999999,1454,0.01,5004,1501200,300.0,1031,14611,0.0007985029369592667,0.0001
-0.7525207800000001,1455,0.01,5008,1502400,300.0,1032,14623,0.0006532156257890165,0.0001
-0.6700906999999999,1456,0.01,5012,1503600,300.0,1032,14635,0.0008239600574597716,0.0001
-0.5973445099999999,1456,0.01,5016,1504800,300.0,1032,14647,0.0004415864823386073,0.0001
-0.45311259,1457,0.01,5020,1506000,300.0,1033,14659,0.0009392417850904167,0.0001
-0.46731096000000005,1458,0.01,5024,1507200,300.0,1033,14671,0.0005577562842518091,0.0001
-0.44586477,1459,0.01,5028,1508400,300.0,1033,14683,0.0005592405213974416,0.0001
-0.3999420600000001,1460,0.01,5032,1509600,300.0,1033,14695,0.0008070849580690265,0.0001
-0.5086287800000001,1460,0.01,5036,1510800,300.0,1034,14707,0.0009273848845623434,0.0001
-0.44113496000000013,1461,0.01,5040,1512000,300.0,1034,14719,0.0011810301803052425,0.0001
-0.36421413,1462,0.01,5044,1513200,300.0,1034,14731,0.001218915218487382,0.0001
-0.39511999,1462,0.01,5048,1514400,300.0,1035,14743,0.000893212913069874,0.0001
-0.6212519400000002,1463,0.01,5052,1515600,300.0,1035,14755,0.0005274316063150764,0.0001
-0.7302782100000001,1464,0.01,5056,1516800,300.0,1035,14767,0.0012331088073551655,0.0001
-0.6554221000000001,1465,0.01,5060,1518000,300.0,1036,14779,0.003437020117416978,0.0001
-0.6818905400000002,1465,0.01,5064,1519200,300.0,1036,14791,0.0008398250211030245,0.0001
-0.34947949,1466,0.01,5068,1520400,300.0,1036,14803,0.0011913605267181993,0.0001
-0.38141205000000006,1467,0.01,5072,1521600,300.0,1036,14815,0.0014933072961866856,0.0001
-0.34010909000000006,1468,0.01,5076,1522800,300.0,1037,14827,0.0007659279508516192,0.0001
-0.24828942,1468,0.01,5080,1524000,300.0,1037,14839,0.0006512642139568925,0.0001
-0.28855726000000004,1469,0.01,5084,1525200,300.0,1037,14851,0.0009567579254508018,0.0001
-0.33581888000000004,1470,0.01,5088,1526400,300.0,1038,14863,0.0007909616688266397,0.0001
-0.30510753,1471,0.01,5092,1527600,300.0,1038,14875,0.0006155826267786324,0.0001
-0.1926887800000001,1471,0.01,5096,1528800,300.0,1038,14887,0.0008075782097876072,0.0001
-0.12494748999999997,1472,0.01,5100,1530000,300.0,1039,14899,0.0008245726930908859,0.0001
-0.19392264999999995,1472,0.01,5104,1531200,300.0,1039,14911,0.0011487150331959128,0.0001
-0.25417460999999997,1473,0.01,5108,1532400,300.0,1039,14923,0.0014205900952219963,0.0001
-0.19352452000000003,1474,0.01,5112,1533600,300.0,1040,14935,0.0007162818219512701,0.0001
-0.04769221000000002,1474,0.01,5116,1534800,300.0,1040,14947,0.002905449829995632,0.0001
-0.28011273,1475,0.01,5120,1536000,300.0,1040,14959,0.0006651065777987242,0.0001
-0.35448532,1476,0.01,5124,1537200,300.0,1041,14971,0.0006043348694220185,0.0001
-0.49242328000000013,1477,0.01,5128,1538400,300.0,1041,14983,0.001648332690820098,0.0001
-0.5109672599999999,1477,0.01,5132,1539600,300.0,1041,14995,0.0006520570022985339,0.0001
-0.47909933999999976,1478,0.01,5136,1540800,300.0,1041,15007,0.001103991293348372,0.0001
-0.5769565599999998,1479,0.01,5140,1542000,300.0,1042,15019,0.0007298377458937466,0.0001
-0.57276969,1480,0.01,5144,1543200,300.0,1042,15031,0.0013407894875854254,0.0001
-0.6514879299999999,1481,0.01,5148,1544400,300.0,1042,15043,0.0009058527648448944,0.0001
-0.65163079,1481,0.01,5152,1545600,300.0,1043,15055,0.00145275192335248,0.0001
-0.4643268600000001,1482,0.01,5156,1546800,300.0,1043,15067,0.0013125977711752057,0.0001
-0.5854777500000001,1483,0.01,5160,1548000,300.0,1043,15079,0.001328665530309081,0.0001
-0.55453237,1483,0.01,5164,1549200,300.0,1043,15091,0.0006620478816330433,0.0001
-0.7195329600000001,1484,0.01,5168,1550400,300.0,1044,15103,0.0007282098522409797,0.0001
-0.51538784,1485,0.01,5172,1551600,300.0,1044,15115,0.0014598257839679718,0.0001
-0.3910578,1486,0.01,5176,1552800,300.0,1044,15127,0.001080089365132153,0.0001
-0.3615455199999999,1486,0.01,5180,1554000,300.0,1045,15139,0.0005109147168695927,0.0001
-0.3115175699999999,1487,0.01,5184,1555200,300.0,1045,15151,0.0009858545381575823,0.0001
-0.18142148000000005,1488,0.01,5188,1556400,300.0,1045,15163,0.000844473484903574,0.0001
-0.14669578000000005,1489,0.01,5192,1557600,300.0,1045,15175,0.0007282854057848454,0.0001
-0.19825606,1489,0.01,5196,1558800,300.0,1046,15187,0.0009186770766973495,0.0001
-0.15510692000000004,1490,0.01,5200,1560000,300.0,1046,15199,0.0010156123898923397,0.0001
-0.20238241000000007,1491,0.01,5204,1561200,300.0,1046,15211,0.0006381008424796164,0.0001
-0.06924569000000004,1492,0.01,5208,1562400,300.0,1047,15223,0.0010409210808575153,0.0001
-0.15596977999999997,1492,0.01,5212,1563600,300.0,1047,15235,0.0015906463377177715,0.0001
-0.32354115,1493,0.01,5216,1564800,300.0,1047,15247,0.001269174856133759,0.0001
-0.19164607999999997,1494,0.01,5220,1566000,300.0,1047,15259,0.0017041254322975874,0.0001
-0.24726272,1495,0.01,5224,1567200,300.0,1048,15271,0.002520659938454628,0.0001
-0.08323291999999999,1495,0.01,5228,1568400,300.0,1048,15283,0.0008430930320173502,0.0001
-0.27053167,1496,0.01,5232,1569600,300.0,1048,15295,0.0006994379218667746,0.0001
-0.2959382200000001,1497,0.01,5236,1570800,300.0,1049,15307,0.0007056755712255836,0.0001
-0.2410294199999999,1497,0.01,5240,1572000,300.0,1049,15319,0.0008642180473543704,0.0001
-0.37461764,1498,0.01,5244,1573200,300.0,1049,15331,0.0008385346736758947,0.0001
-0.2719401800000001,1499,0.01,5248,1574400,300.0,1050,15343,0.000840388354845345,0.0001
-0.12734826,1500,0.01,5252,1575600,300.0,1050,15355,0.0006834720261394978,0.0001
-0.38509136999999993,1500,0.01,5256,1576800,300.0,1050,15367,0.0017473134212195873,0.0001
-0.4276548900000001,1501,0.01,5260,1578000,300.0,1051,15379,0.0014503407292068005,0.0001
-0.5021311199999999,1502,0.01,5264,1579200,300.0,1051,15391,0.0005828666035085917,0.0001
-0.3983290100000001,1502,0.01,5268,1580400,300.0,1051,15403,0.0008295002044178545,0.0001
-0.3662447100000001,1503,0.01,5272,1581600,300.0,1052,15415,0.0006386922905221581,0.0001
-0.43074639,1504,0.01,5276,1582800,300.0,1052,15427,0.011246376670897007,0.0001
-0.5442095900000001,1504,0.01,5280,1584000,300.0,1052,15439,0.0005497387028299272,0.0001
-0.67167793,1505,0.01,5284,1585200,300.0,1053,15451,0.0005472598131746054,0.0001
-0.5529013700000001,1506,0.01,5288,1586400,300.0,1053,15463,0.0007061015348881483,0.0001
-0.63171642,1506,0.01,5292,1587600,300.0,1053,15475,0.0007176848594099283,0.0001
-0.6781266100000001,1507,0.01,5296,1588800,300.0,1053,15487,0.0029946172144263983,0.0001
-0.7450680500000001,1508,0.01,5300,1590000,300.0,1054,15499,0.0013815273996442556,0.0001
-0.6705447600000002,1509,0.01,5304,1591200,300.0,1054,15511,0.0021000683773308992,0.0001
-0.5355128899999999,1509,0.01,5308,1592400,300.0,1054,15523,0.0025306949391961098,0.0001
-0.6459450699999999,1510,0.01,5312,1593600,300.0,1054,15535,0.0007748233620077372,0.0001
-0.46920435,1511,0.01,5316,1594800,300.0,1055,15547,0.003286367282271385,0.0001
-0.6039274400000001,1512,0.01,5320,1596000,300.0,1055,15559,0.00074405362829566,0.0001
-0.45185379999999997,1512,0.01,5324,1597200,300.0,1055,15571,0.004167281091213226,0.0001
-0.38788850999999996,1513,0.01,5328,1598400,300.0,1056,15583,0.003730179276317358,0.0001
-0.21167663,1514,0.01,5332,1599600,300.0,1056,15595,0.0008474981877952814,0.0001
-0.04355425999999994,1567,0.01,5336,1600800,300.0,1021,15607,0.000640643760561943,0.0001
-0.07721684000000004,1567,0.01,5340,1602000,300.0,1021,15619,0.0006865134928375483,0.0001
-0.006152400000000042,1568,0.01,5344,1603200,300.0,1022,15631,0.0006536605069413781,0.0001
-0.02728276999999999,1569,0.01,5348,1604400,300.0,1022,15643,0.0011600975412875414,0.0001
-0.20121383999999992,1570,0.01,5352,1605600,300.0,1022,15655,0.0009581785998307168,0.0001
-0.012547119999999926,1570,0.01,5356,1606800,300.0,1022,15667,0.0006694282055832446,0.0001
0.11745989000000001,1571,0.01,5360,1608000,300.0,1023,15679,0.000652847986202687,0.0001
0.24446184,1572,0.01,5364,1609200,300.0,1023,15691,0.000956206873524934,0.0001
0.23989269000000013,1572,0.01,5368,1610400,300.0,1023,15703,0.0010921905050054193,0.0001
0.08961201000000008,1573,0.01,5372,1611600,300.0,1024,15715,0.0020160058047622442,0.0001
0.12124556000000009,1574,0.01,5376,1612800,300.0,1024,15727,0.0005939670372754335,0.0001
0.2229034700000001,1575,0.01,5380,1614000,300.0,1024,15739,0.001878138747997582,0.0001
0.30000899,1575,0.01,5384,1615200,300.0,1025,15751,0.0007003666833043098,0.0001
0.19928753,1576,0.01,5388,1616400,300.0,1025,15763,0.0019013193668797612,0.0001
0.21584310000000007,1577,0.01,5392,1617600,300.0,1025,15775,0.0008723275386728346,0.0001
0.38470454000000004,1577,0.01,5396,1618800,300.0,1025,15787,0.0007816782454028726,0.0001
0.27591748000000005,1578,0.01,5400,1620000,300.0,1026,15799,0.0005459628300741315,0.0001
0.22942436000000008,1579,0.01,5404,1621200,300.0,1026,15811,0.0030050077475607395,0.0001
0.12677981,1580,0.01,5408,1622400,300.0,1026,15823,0.0005278429016470909,0.0001
0.19350219999999996,1580,0.01,5412,1623600,300.0,1026,15835,0.002159756375476718,0.0001
0.024938230000000002,1581,0.01,5416,1624800,300.0,1027,15847,0.0029490648303180933,0.0001
0.10417672000000001,1582,0.01,5420,1626000,300.0,1027,15859,0.0020291574764996767,0.0001
0.06141021000000004,1583,0.01,5424,1627200,300.0,1027,15871,0.0006508970400318503,0.0001
0.0038786799999999833,1583,0.01,5428,1628400,300.0,1028,15883,0.000893994583748281,0.0001
0.15389733999999997,1584,0.01,5432,1629600,300.0,1028,15895,0.0028278264217078686,0.0001
0.05268596000000001,1585,0.01,5436,1630800,300.0,1028,15907,0.0009142084745690227,0.0001
0.16548704999999997,1586,0.01,5440,1632000,300.0,1028,15919,0.0012008965713903308,0.0001
0.17063482,1586,0.01,5444,1633200,300.0,1029,15931,0.0007437804597429931,0.0001
0.21049439999999997,1587,0.01,5448,1634400,300.0,1029,15943,0.0010677336249500513,0.0001
0.20817537999999997,1588,0.01,5452,1635600,300.0,1029,15955,0.001141599379479885,0.0001
0.23473939,1588,0.01,5456,1636800,300.0,1030,15967,0.0004834759747609496,0.0001
0.18044172,1589,0.01,5460,1638000,300.0,1030,15979,0.0022237603552639484,0.0001
0.08282696000000002,1590,0.01,5464,1639200,300.0,1030,15991,0.0013688579201698303,0.0001
-0.07388292999999999,1590,0.01,5468,1640400,300.0,1031,16003,0.0009906698251143098,0.0001
0.002821210000000013,1591,0.01,5472,1641600,300.0,1031,16015,0.0007860063924454153,0.0001
0.006867339999999993,1592,0.01,5476,1642800,300.0,1031,16027,0.000880072358995676,0.0001
0.12232643999999997,1592,0.01,5480,1644000,300.0,1032,16039,0.0008089123875834048,0.0001
0.21036901,1593,0.01,5484,1645200,300.0,1032,16051,0.0007461709901690483,0.0001
0.28952444000000005,1594,0.01,5488,1646400,300.0,1032,16063,0.0029827712569385767,0.0001
0.16845311999999996,1594,0.01,5492,1647600,300.0,1033,16075,0.0021801325492560863,0.0001
0.13789188,1595,0.01,5496,1648800,300.0,1033,16087,0.0006827011820860207,0.0001
0.17523809000000007,1596,0.01,5500,1650000,300.0,1033,16099,0.0015640861820429564,0.0001
0.21831585,1597,0.01,5504,1651200,300.0,1033,16111,0.0019237503875046968,0.0001
0.23104194999999997,1598,0.01,5508,1652400,300.0,1033,16123,0.00045598013093695045,0.0001
0.25391041000000003,1599,0.01,5512,1653600,300.0,1033,16135,0.002932734554633498,0.0001
0.21926070000000003,1599,0.01,5516,1654800,300.0,1034,16147,0.000476411369163543,0.0001
0.25936649999999994,1600,0.01,5520,1656000,300.0,1034,16159,0.0005584647296927869,0.0001
0.08260284000000001,1601,0.01,5524,1657200,300.0,1034,16171,0.0016221781261265278,0.0001
-0.07481439000000001,1602,0.01,5528,1658400,300.0,1034,16183,0.0006644287495873868,0.0001
-0.20298971,1603,0.01,5532,1659600,300.0,1035,16195,0.0010449904948472977,0.0001
-0.15020834999999996,1603,0.01,5536,1660800,300.0,1035,16207,0.0007864409126341343,0.0001
-0.19766993000000002,1604,0.01,5540,1662000,300.0,1035,16219,0.0010577051434665918,0.0001
-0.20008636000000002,1605,0.01,5544,1663200,300.0,1036,16231,0.0010446193628013134,0.0001
-0.35184591000000004,1606,0.01,5548,1664400,300.0,1036,16243,0.002724009333178401,0.0001
-0.11037717000000008,1606,0.01,5552,1665600,300.0,1036,16255,0.0031175606418401003,0.0001
-0.29119215000000004,1607,0.01,5556,1666800,300.0,1036,16267,0.0005558721022680402,0.0001
-0.28680181999999993,1608,0.01,5560,1668000,300.0,1036,16279,0.0007356798159889877,0.0001
-0.303523,1609,0.01,5564,1669200,300.0,1036,16291,0.002393650822341442,0.0001
-0.26833101000000004,1610,0.01,5568,1670400,300.0,1037,16303,0.0016489580739289522,0.0001
-0.23389261,1611,0.01,5572,1671600,300.0,1037,16315,0.0015071809757500887,0.0001
-0.1842033000000001,1611,0.01,5576,1672800,300.0,1037,16327,0.0009633874287828803,0.0001
-0.43470638,1612,0.01,5580,1674000,300.0,1037,16339,0.0005555460229516029,0.0001
-0.53767624,1613,0.01,5584,1675200,300.0,1038,16351,0.0011067334562540054,0.0001
-0.48386374000000004,1614,0.01,5588,1676400,300.0,1038,16363,0.0009389735059812665,0.0001
-0.42461021000000015,1614,0.01,5592,1677600,300.0,1038,16375,0.008256402797996998,0.0001
-0.46328194000000006,1615,0.01,5596,1678800,300.0,1039,16387,0.0013142141979187727,0.0001
-0.6553380099999999,1616,0.01,5600,1680000,300.0,1039,16399,0.0029596425592899323,0.0001
-0.59769157,1617,0.01,5604,1681200,300.0,1039,16411,0.0015344846760854125,0.0001
-0.6909069800000002,1617,0.01,5608,1682400,300.0,1039,16423,0.0010929328855127096,0.0001
-0.51661304,1618,0.01,5612,1683600,300.0,1040,16435,0.0010422369232401252,0.0001
-0.46256189999999997,1619,0.01,5616,1684800,300.0,1040,16447,0.0008085829322226346,0.0001
-0.45164649000000007,1619,0.01,5620,1686000,300.0,1040,16459,0.001977571751922369,0.0001
-0.3714584500000001,1620,0.01,5624,1687200,300.0,1041,16471,0.002077131997793913,0.0001
-0.3255044700000001,1621,0.01,5628,1688400,300.0,1041,16483,0.000851024582516402,0.0001
-0.2897298300000001,1621,0.01,5632,1689600,300.0,1041,16495,0.0006135464063845575,0.0001
-0.43079728,1622,0.01,5636,1690800,300.0,1042,16507,0.0006051413947716355,0.0001
-0.65201752,1623,0.01,5640,1692000,300.0,1042,16519,0.0014066856820136309,0.0001
-0.4943783099999999,1623,0.01,5644,1693200,300.0,1042,16531,0.002265018643811345,0.0001
-0.39240892000000005,1624,0.01,5648,1694400,300.0,1042,16543,0.0008904887363314629,0.0001
-0.54862626,1625,0.01,5652,1695600,300.0,1043,16555,0.0009133840794675052,0.0001
-0.55732156,1625,0.01,5656,1696800,300.0,1043,16567,0.0014138204278424382,0.0001
-0.5116672099999999,1626,0.01,5660,1698000,300.0,1043,16579,0.00044671911746263504,0.0001
-0.3970235499999999,1627,0.01,5664,1699200,300.0,1044,16591,0.0004568159347400069,0.0001
-0.11666695999999999,1681,0.01,5668,1700400,300.0,1011,16603,0.005357734858989716,0.0001
-0.17109903999999998,1681,0.01,5672,1701600,300.0,1011,16615,0.002670450136065483,0.0001
-0.2470545899999999,1682,0.01,5676,1702800,300.0,1011,16627,0.0017836748156696558,0.0001
-0.12006339999999993,1683,0.01,5680,1704000,300.0,1012,16639,0.0008887764997780323,0.0001
-0.18441200000000005,1684,0.01,5684,1705200,300.0,1012,16651,0.0015835824888199568,0.0001
-0.34559835000000005,1684,0.01,5688,1706400,300.0,1012,16663,0.000936306721996516,0.0001
-0.31460685000000005,1685,0.01,5692,1707600,300.0,1013,16675,0.00045756559120491147,0.0001
-0.38930455,1686,0.01,5696,1708800,300.0,1013,16687,0.0004583089903462678,0.0001
-0.03201396000000009,1686,0.01,5700,1710000,300.0,1013,16699,0.000893463846296072,0.0001
-0.028126970000000088,1687,0.01,5704,1711200,300.0,1013,16711,0.0007936685578897595,0.0001
-0.12265680000000008,1688,0.01,5708,1712400,300.0,1013,16723,0.0059055183082818985,0.0001
-0.10798158000000002,1689,0.01,5712,1713600,300.0,1014,16735,0.0004522526287473738,0.0001
-0.09493963000000007,1690,0.01,5716,1714800,300.0,1014,16747,0.0010774221736937761,0.0001
-0.1916908100000001,1690,0.01,5720,1716000,300.0,1014,16759,0.000894094817340374,0.0001
-0.09689449000000006,1691,0.01,5724,1717200,300.0,1015,16771,0.0006436507101170719,0.0001
-0.23543220000000006,1692,0.01,5728,1718400,300.0,1015,16783,0.0015255360631272197,0.0001
-0.23072648999999998,1692,0.01,5732,1719600,300.0,1015,16795,0.001372581347823143,0.0001
-0.19013032000000002,1693,0.01,5736,1720800,300.0,1015,16807,0.0032846955582499504,0.0001
-0.10389829999999999,1694,0.01,5740,1722000,300.0,1016,16819,0.0028134912718087435,0.0001
-0.22153535999999996,1695,0.01,5744,1723200,300.0,1016,16831,0.0007154549239203334,0.0001
-0.26574848999999995,1695,0.01,5748,1724400,300.0,1016,16843,0.0005130859208293259,0.0001
-0.39380802000000004,1696,0.01,5752,1725600,300.0,1017,16855,0.002612767741084099,0.0001
-0.31101751,1697,0.01,5756,1726800,300.0,1017,16867,0.0020031535532325506,0.0001
-0.38289829,1698,0.01,5760,1728000,300.0,1017,16879,0.0007268717745319009,0.0001
-0.47613454,1699,0.01,5764,1729200,300.0,1017,16891,0.0006443263264372945,0.0001
-0.57986478,1700,0.01,5768,1730400,300.0,1017,16903,0.0005917036905884743,0.0001
-0.5889347599999999,1700,0.01,5772,1731600,300.0,1018,16915,0.002947856904938817,0.0001
-0.64320023,1701,0.01,5776,1732800,300.0,1018,16927,0.0020568177569657564,0.0001
-0.7065488399999998,1702,0.01,5780,1734000,300.0,1018,16939,0.0006747602601535618,0.0001
-0.59121705,1703,0.01,5784,1735200,300.0,1018,16951,0.0008564818417653441,0.0001
-0.5152092,1703,0.01,5788,1736400,300.0,1019,16963,0.0012018360430374742,0.0001
-0.49122869,1704,0.01,5792,1737600,300.0,1019,16975,0.0007590441964566708,0.0001
-0.46857817999999996,1705,0.01,5796,1738800,300.0,1019,16987,0.0014882272807881236,0.0001
-0.45675517,1706,0.01,5800,1740000,300.0,1019,16999,0.0010399611201137304,0.0001
-0.57459216,1706,0.01,5804,1741200,300.0,1020,17011,0.0006010610377416015,0.0001
-0.35312411999999993,1707,0.01,5808,1742400,300.0,1020,17023,0.0011777678737416863,0.0001
-0.40722488999999995,1708,0.01,5812,1743600,300.0,1020,17035,0.0026736778672784567,0.0001
-0.42406037999999996,1708,0.01,5816,1744800,300.0,1020,17047,0.001564306323416531,0.0001
-0.3119929199999999,1709,0.01,5820,1746000,300.0,1021,17059,0.0027684627566486597,0.0001
-0.32729068000000006,1710,0.01,5824,1747200,300.0,1021,17071,0.0011165781179443002,0.0001
-0.05316168000000006,1711,0.01,5828,1748400,300.0,1021,17083,0.0006785787409171462,0.0001
-0.18289007,1711,0.01,5832,1749600,300.0,1022,17095,0.0007591035682708025,0.0001
-0.14474561000000002,1712,0.01,5836,1750800,300.0,1022,17107,0.003855269169434905,0.0001
-0.014341260000000071,1712,0.01,5840,1752000,300.0,1022,17119,0.0009674386237747967,0.0001
-0.04993567000000003,1713,0.01,5844,1753200,300.0,1023,17131,0.0011321345809847116,0.0001
-0.05766095,1714,0.01,5848,1754400,300.0,1023,17143,0.0007743043825030327,0.0001
0.10324715000000005,1714,0.01,5852,1755600,300.0,1023,17155,0.0004886910319328308,0.0001
0.20763919,1715,0.01,5856,1756800,300.0,1023,17167,0.002180773066356778,0.0001
0.20161473000000002,1716,0.01,5860,1758000,300.0,1024,17179,0.0011238360311836004,0.0001
0.31939253000000006,1717,0.01,5864,1759200,300.0,1024,17191,0.0027690487913787365,0.0001
0.27837365999999997,1718,0.01,5868,1760400,300.0,1024,17203,0.001570213818922639,0.0001
0.16107023999999995,1719,0.01,5872,1761600,300.0,1024,17215,0.0014135228702798486,0.0001
0.2821324,1719,0.01,5876,1762800,300.0,1025,17227,0.0009492318495176733,0.0001
0.31669874,1720,0.01,5880,1764000,300.0,1025,17239,0.005133495666086674,0.0001
0.17669316000000002,1721,0.01,5884,1765200,300.0,1025,17251,0.0016049961559474468,0.0001
0.059289810000000005,1721,0.01,5888,1766400,300.0,1025,17263,0.0012733041075989604,0.0001
-0.016014960000000012,1723,0.01,5892,1767600,300.0,1025,17275,0.0021617133170366287,0.0001
-0.11599897000000002,1723,0.01,5896,1768800,300.0,1026,17287,0.0005195671692490578,0.0001
-0.19089393000000004,1724,0.01,5900,1770000,300.0,1026,17299,0.0007570042507722974,0.0001
0.06265803999999991,1725,0.01,5904,1771200,300.0,1026,17311,0.0005099172121845186,0.0001
-0.056898139999999986,1726,0.01,5908,1772400,300.0,1026,17323,0.0007001080084592104,0.0001
-0.15477296999999995,1726,0.01,5912,1773600,300.0,1027,17335,0.0005102762370370328,0.0001
-0.18148735000000002,1727,0.01,5916,1774800,300.0,1027,17347,0.0008280614856630564,0.0001
-0.22648434,1728,0.01,5920,1776000,300.0,1027,17359,0.001347793499007821,0.0001
-0.12973122,1729,0.01,5924,1777200,300.0,1027,17371,0.0006866538897156715,0.0001
-0.24517227000000005,1730,0.01,5928,1778400,300.0,1027,17383,0.0016407478833571076,0.0001
-0.14223870000000005,1731,0.01,5932,1779600,300.0,1027,17395,0.0005074501968920231,0.0001
-0.16571191000000007,1731,0.01,5936,1780800,300.0,1028,17407,0.0009678357164375484,0.0001
-0.10804026000000007,1732,0.01,5940,1782000,300.0,1028,17419,0.0006449238280765712,0.0001
-0.15889476000000008,1733,0.01,5944,1783200,300.0,1028,17431,0.0014998808037489653,0.0001
-0.08730311000000011,1734,0.01,5948,1784400,300.0,1028,17443,0.0008105034357868135,0.0001
-0.17435466000000005,1735,0.01,5952,1785600,300.0,1029,17455,0.0010177105432376266,0.0001
-0.23588799000000002,1735,0.01,5956,1786800,300.0,1029,17467,0.002089543268084526,0.0001
-0.22372179000000003,1736,0.01,5960,1788000,300.0,1029,17479,0.0006091119721531868,0.0001
-0.31976825000000003,1737,0.01,5964,1789200,300.0,1029,17491,0.0012196879833936691,0.0001
-0.25337937,1738,0.01,5968,1790400,300.0,1030,17503,0.0018680209759622812,0.0001
-0.22376887999999995,1738,0.01,5972,1791600,300.0,1030,17515,0.000451020197942853,0.0001
-0.29312031,1739,0.01,5976,1792800,300.0,1030,17527,0.0009958199225366116,0.0001
-0.30307955999999986,1740,0.01,5980,1794000,300.0,1030,17539,0.001056848093867302,0.0001
-0.22561243999999983,1740,0.01,5984,1795200,300.0,1031,17551,0.0005483533022925258,0.0001
-0.1700313500000001,1741,0.01,5988,1796400,300.0,1031,17563,0.0029577030800282955,0.0001
-0.12789146000000018,1742,0.01,5992,1797600,300.0,1031,17575,0.003933692816644907,0.0001
0.023070289999999955,1743,0.01,5996,1798800,300.0,1031,17587,0.002556733088567853,0.0001
-0.017938750000000045,1797,0.01,6000,1800000,300.0,1001,17599,0.0005628356011584401,0.0001
-0.3741818500000001,1798,0.01,6004,1801200,300.0,1001,17611,0.001054649823345244,0.0001
-0.40552126,1799,0.01,6008,1802400,300.0,1001,17623,0.000676844734698534,0.0001
-0.3090587300000001,1799,0.01,6012,1803600,300.0,1002,17635,0.001125320908613503,0.0001
-0.3566566000000001,1800,0.01,6016,1804800,300.0,1002,17647,0.001218303688801825,0.0001
-0.3039472900000001,1801,0.01,6020,1806000,300.0,1002,17659,0.00218598498031497,0.0001
-0.4357517200000002,1801,0.01,6024,1807200,300.0,1003,17671,0.0006897221901454031,0.0001
-0.4187532399999999,1802,0.01,6028,1808400,300.0,1003,17683,0.0011022062972187996,0.0001
-0.41226166999999997,1803,0.01,6032,1809600,300.0,1003,17695,0.00422478374093771,0.0001
-0.34906133000000006,1803,0.01,6036,1810800,300.0,1003,17707,0.0006981998449191451,0.0001
-0.41168303000000017,1804,0.01,6040,1812000,300.0,1004,17719,0.000806784606538713,0.0001
-0.43471097000000014,1805,0.01,6044,1813200,300.0,1004,17731,0.0022651953622698784,0.0001
-0.5693997500000001,1805,0.01,6048,1814400,300.0,1004,17743,0.008117910474538803,0.0001
-0.44843693,1806,0.01,6052,1815600,300.0,1004,17755,0.00134671526029706,0.0001
-0.6673263999999999,1807,0.01,6056,1816800,300.0,1005,17767,0.0010843602940440178,0.0001
-0.6762124800000001,1808,0.01,6060,1818000,300.0,1005,17779,0.0006498363218270242,0.0001
-0.57128981,1809,0.01,6064,1819200,300.0,1005,17791,0.00036229100078344345,0.0001
-0.6180242200000001,1809,0.01,6068,1820400,300.0,1005,17803,0.0011961294803768396,0.0001
-0.7089139200000001,1810,0.01,6072,1821600,300.0,1006,17815,0.0014428223948925734,0.0001
-0.7406067399999999,1811,0.01,6076,1822800,300.0,1006,17827,0.003996864426881075,0.0001
-0.6788515700000001,1811,0.01,6080,1824000,300.0,1006,17839,0.002794434782117605,0.0001
-0.6357109600000002,1812,0.01,6084,1825200,300.0,1006,17851,0.003224705345928669,0.0001
-0.5992775799999999,1813,0.01,6088,1826400,300.0,1007,17863,0.0011391823645681143,0.0001
-0.53174897,1814,0.01,6092,1827600,300.0,1007,17875,0.0014145795721560717,0.0001
-0.4530944800000001,1814,0.01,6096,1828800,300.0,1007,17887,0.0018325127894058824,0.0001
-0.5441512900000001,1815,0.01,6100,1830000,300.0,1007,17899,0.000663846149109304,0.0001
-0.35313621999999995,1816,0.01,6104,1831200,300.0,1008,17911,0.0007066522957757115,0.0001
-0.35676405999999994,1816,0.01,6108,1832400,300.0,1008,17923,0.0008974822121672332,0.0001
-0.4570961599999999,1817,0.01,6112,1833600,300.0,1008,17935,0.003331509418785572,0.0001
-0.3884010499999999,1818,0.01,6116,1834800,300.0,1008,17947,0.0036318751517683268,0.0001
-0.48838345999999994,1819,0.01,6120,1836000,300.0,1009,17959,0.0007548803114332259,0.0001
-0.5733328899999999,1820,0.01,6124,1837200,300.0,1009,17971,0.0020399861969053745,0.0001
-0.4549423900000001,1820,0.01,6128,1838400,300.0,1009,17983,0.00200213142670691,0.0001
-0.46335431,1821,0.01,6132,1839600,300.0,1009,17995,0.0006653011660091579,0.0001
-0.4336862,1822,0.01,6136,1840800,300.0,1010,18007,0.00243568466976285,0.0001
-0.6185679500000001,1823,0.01,6140,1842000,300.0,1010,18019,0.0014252533437684178,0.0001
-0.59785912,1823,0.01,6144,1843200,300.0,1010,18031,0.004527195822447538,0.0001
-0.48245143999999995,1824,0.01,6148,1844400,300.0,1010,18043,0.0007234716322273016,0.0001
-0.65443695,1825,0.01,6152,1845600,300.0,1011,18055,0.0007854801369830966,0.0001
-0.3698154999999999,1826,0.01,6156,1846800,300.0,1011,18067,0.0020419324282556772,0.0001
-0.3771352699999999,1826,0.01,6160,1848000,300.0,1011,18079,0.00271119293756783,0.0001
-0.43494225999999997,1827,0.01,6164,1849200,300.0,1011,18091,0.0010502792429178953,0.0001
-0.51879552,1828,0.01,6168,1850400,300.0,1011,18103,0.0007321647135540843,0.0001
-0.4120756699999999,1829,0.01,6172,1851600,300.0,1012,18115,0.0006509559461846948,0.0001
-0.2788915099999999,1829,0.01,6176,1852800,300.0,1012,18127,0.0009197883773595095,0.0001
-0.29659811999999997,1830,0.01,6180,1854000,300.0,1012,18139,0.000510701909661293,0.0001
-0.2985062499999999,1831,0.01,6184,1855200,300.0,1013,18151,0.0019091091817244887,0.0001
-0.38464442,1831,0.01,6188,1856400,300.0,1013,18163,0.0007804938359186053,0.0001
-0.5497652599999999,1832,0.01,6192,1857600,300.0,1013,18175,0.0005088584148325026,0.0001
-0.6017943199999999,1833,0.01,6196,1858800,300.0,1013,18187,0.000641457736492157,0.0001
-0.56875745,1834,0.01,6200,1860000,300.0,1014,18199,0.0020073072519153357,0.0001
-0.5006781299999999,1834,0.01,6204,1861200,300.0,1014,18211,0.0008609447395429015,0.0001
-0.26186763999999996,1835,0.01,6208,1862400,300.0,1014,18223,0.0017717002192512155,0.0001
-0.3014139099999999,1836,0.01,6212,1863600,300.0,1014,18235,0.007897044532001019,0.0001
-0.38512961999999995,1836,0.01,6216,1864800,300.0,1015,18247,0.0013119770446792245,0.0001
-0.41903042,1837,0.01,6220,1866000,300.0,1015,18259,0.0004338717844802886,0.0001
-0.33529807,1838,0.01,6224,1867200,300.0,1015,18271,0.0029858441557735205,0.0001
-0.5094198200000001,1839,0.01,6228,1868400,300.0,1015,18283,0.0006269919103942811,0.0001
-0.59663338,1840,0.01,6232,1869600,300.0,1016,18295,0.0020661097951233387,0.0001
-0.62907328,1840,0.01,6236,1870800,300.0,1016,18307,0.0009302104590460658,0.0001
-0.59096121,1841,0.01,6240,1872000,300.0,1016,18319,0.0005303721409291029,0.0001
-0.57860168,1842,0.01,6244,1873200,300.0,1016,18331,0.0003808879409916699,0.0001
-0.57149026,1843,0.01,6248,1874400,300.0,1016,18343,0.0014360551722347736,0.0001
-0.3965862899999999,1843,0.01,6252,1875600,300.0,1017,18355,0.0007068865816108882,0.0001
-0.7747106900000001,1844,0.01,6256,1876800,300.0,1017,18367,0.0024297204799950123,0.0001
-0.8500004599999998,1845,0.01,6260,1878000,300.0,1017,18379,0.000635387608781457,0.0001
-0.79535869,1846,0.01,6264,1879200,300.0,1017,18391,0.0009224303066730499,0.0001
-0.8498875800000001,1847,0.01,6268,1880400,300.0,1017,18403,0.0007945470279082656,0.0001
-0.83469821,1848,0.01,6272,1881600,300.0,1018,18415,0.0008694887510500848,0.0001
-0.8638032299999999,1849,0.01,6276,1882800,300.0,1018,18427,0.0008210555533878505,0.0001
-0.8707344699999999,1850,0.01,6280,1884000,300.0,1018,18439,0.0006148634129203856,0.0001
-0.9549492399999998,1850,0.01,6284,1885200,300.0,1018,18451,0.0034603106323629618,0.0001
-0.9417957200000001,1851,0.01,6288,1886400,300.0,1018,18463,0.0008127738838084042,0.0001
-0.8616959100000001,1852,0.01,6292,1887600,300.0,1019,18475,0.0008830288425087929,0.0001
-0.9559825399999999,1853,0.01,6296,1888800,300.0,1019,18487,0.0006392637151293457,0.0001
-0.9037777699999999,1853,0.01,6300,1890000,300.0,1019,18499,0.0006720956298522651,0.0001
-1.02616441,1854,0.01,6304,1891200,300.0,1019,18511,0.0012466744519770145,0.0001
-1.23085576,1855,0.01,6308,1892400,300.0,1020,18523,0.0009150512632913888,0.0001
-1.2029624000000003,1855,0.01,6312,1893600,300.0,1020,18535,0.0012132327537983656,0.0001
-1.1442114200000002,1856,0.01,6316,1894800,300.0,1020,18547,0.004515296779572964,0.0001
-1.05349473,1857,0.01,6320,1896000,300.0,1020,18559,0.0015221142675727606,0.0001
-1.1742379200000002,1857,0.01,6324,1897200,300.0,1021,18571,0.004589289426803589,0.0001
-1.07804791,1858,0.01,6328,1898400,300.0,1021,18583,0.008375218138098717,0.0001
-1.06919017,1859,0.01,6332,1899600,300.0,1021,18595,0.004146411549299955,0.0001
-1.0795717,1914,0.01,6336,1900800,300.0,992,18607,0.0009595132432878017,0.0001
-1.15088685,1915,0.01,6340,1902000,300.0,993,18619,0.002470507984980941,0.0001
-1.10959672,1915,0.01,6344,1903200,300.0,993,18631,0.001791724469512701,0.0001
-1.0987276,1916,0.01,6348,1904400,300.0,993,18643,0.0020891691092401743,0.0001
-1.10565467,1917,0.01,6352,1905600,300.0,994,18655,0.0007599907112307847,0.0001
-0.96637148,1917,0.01,6356,1906800,300.0,994,18667,0.002042296575382352,0.0001
-0.8183968,1918,0.01,6360,1908000,300.0,994,18679,0.0015453083906322718,0.0001
-0.9458080199999999,1919,0.01,6364,1909200,300.0,994,18691,0.001639348454773426,0.0001
-0.78732364,1919,0.01,6368,1910400,300.0,995,18703,0.0009535610442981124,0.0001
-0.8635587699999999,1920,0.01,6372,1911600,300.0,995,18715,0.0032825474627316,0.0001
-1.0314619299999999,1921,0.01,6376,1912800,300.0,995,18727,0.0008099345141090453,0.0001
-1.09953442,1922,0.01,6380,1914000,300.0,995,18739,0.0016188912559300661,0.0001
-1.19341098,1922,0.01,6384,1915200,300.0,996,18751,0.003284180536866188,0.0001
-1.15247687,1923,0.01,6388,1916400,300.0,996,18763,0.002363320207223296,0.0001
-1.2043102899999998,1924,0.01,6392,1917600,300.0,996,18775,0.005566059611737728,0.0001
-1.2846511,1924,0.01,6396,1918800,300.0,996,18787,0.002097989432513714,0.0001
-1.23931219,1925,0.01,6400,1920000,300.0,997,18799,0.005050239618867636,0.0001
-1.1975589999999998,1926,0.01,6404,1921200,300.0,997,18811,0.0010199262760579586,0.0001
-1.2001763300000001,1926,0.01,6408,1922400,300.0,997,18823,0.0023387151304632425,0.0001
-1.08740772,1928,0.01,6412,1923600,300.0,997,18835,0.0005224852357059717,0.0001
-1.16214064,1928,0.01,6416,1924800,300.0,997,18847,0.001203459221869707,0.0001
-1.1265020200000002,1929,0.01,6420,1926000,300.0,998,18859,0.001376272994093597,0.0001
-1.0427033600000002,1930,0.01,6424,1927200,300.0,998,18871,0.0024898569099605083,0.0001
-1.09228072,1931,0.01,6428,1928400,300.0,998,18883,0.0016364186303690076,0.0001
-0.9808784899999999,1931,0.01,6432,1929600,300.0,998,18895,0.0030706513207405806,0.0001
-0.9850027200000002,1932,0.01,6436,1930800,300.0,999,18907,0.0006900504231452942,0.0001
-0.7852009400000002,1933,0.01,6440,1932000,300.0,999,18919,0.0009590495610609651,0.0001
-0.7876801400000001,1933,0.01,6444,1933200,300.0,999,18931,0.0015492996899411082,0.0001
-0.90418747,1934,0.01,6448,1934400,300.0,999,18943,0.010424720123410225,0.0001
-0.94439674,1935,0.01,6452,1935600,300.0,1000,18955,0.005917982663959265,0.0001
-0.7650635200000001,1936,0.01,6456,1936800,300.0,1000,18967,0.00046473011025227606,0.0001
-0.7819721299999999,1936,0.01,6460,1938000,300.0,1000,18979,0.0008094445802271366,0.0001
-0.7095060299999999,1937,0.01,6464,1939200,300.0,1000,18991,0.0011281054466962814,0.0001
-0.7410932199999999,1938,0.01,6468,1940400,300.0,1000,19003,0.0009704966214485466,0.0001
-0.66339542,1939,0.01,6472,1941600,300.0,1000,19015,0.0014178925193846226,0.0001
-0.53328639,1940,0.01,6476,1942800,300.0,1001,19027,0.00046983419451862574,0.0001
-0.5007632000000001,1941,0.01,6480,1944000,300.0,1001,19039,0.0009067686041817069,0.0001
-0.3664405899999999,1941,0.01,6484,1945200,300.0,1001,19051,0.0005240439204499125,0.0001
-0.34597362000000004,1942,0.01,6488,1946400,300.0,1002,19063,0.000961892306804657,0.0001
-0.24264964,1943,0.01,6492,1947600,300.0,1002,19075,0.004649091511964798,0.0001
-0.22770685999999996,1944,0.01,6496,1948800,300.0,1002,19087,0.003124557202681899,0.0001
-0.2861801499999999,1944,0.01,6500,1950000,300.0,1002,19099,0.0005707574309781194,0.0001
-0.33579121,1945,0.01,6504,1951200,300.0,1002,19111,0.003652620827779174,0.0001
-0.2643490999999999,1946,0.01,6508,1952400,300.0,1003,19123,0.0008457337971776724,0.0001
-0.39857772999999996,1947,0.01,6512,1953600,300.0,1003,19135,0.0008859242661856115,0.0001
-0.29577337,1947,0.01,6516,1954800,300.0,1003,19147,0.003245918545871973,0.0001
-0.48999936,1948,0.01,6520,1956000,300.0,1003,19159,0.00120851572137326,0.0001
-0.51787182,1949,0.01,6524,1957200,300.0,1004,19171,0.0023736890871077776,0.0001
-0.46989969000000004,1950,0.01,6528,1958400,300.0,1004,19183,0.0005976368556730449,0.0001
-0.6130217,1950,0.01,6532,1959600,300.0,1004,19195,0.007154417224228382,0.0001
-0.5984255900000001,1951,0.01,6536,1960800,300.0,1004,19207,0.0007177612278610468,0.0001
-0.8621706100000001,1952,0.01,6540,1962000,300.0,1005,19219,0.0012157129822298884,0.0001
-0.7678307000000001,1952,0.01,6544,1963200,300.0,1005,19231,0.0007101332303136587,0.0001
-0.58065761,1953,0.01,6548,1964400,300.0,1005,19243,0.0008485544240102172,0.0001
-0.5916384100000001,1954,0.01,6552,1965600,300.0,1005,19255,0.001130316057242453,0.0001
-0.5607611399999999,1954,0.01,6556,1966800,300.0,1006,19267,0.002736825030297041,0.0001
-0.49729635999999994,1955,0.01,6560,1968000,300.0,1006,19279,0.0026335029397159815,0.0001
-0.44502721,1956,0.01,6564,1969200,300.0,1006,19291,0.0014155542012304068,0.0001
-0.48861492999999995,1956,0.01,6568,1970400,300.0,1006,19303,0.0008804972749203444,0.0001
-0.47889607999999995,1957,0.01,6572,1971600,300.0,1007,19315,0.0019271179335191846,0.0001
-0.3575717000000001,1958,0.01,6576,1972800,300.0,1007,19327,0.0005577054107561707,0.0001
-0.38371184999999997,1959,0.01,6580,1974000,300.0,1007,19339,0.0017646936466917396,0.0001
-0.48933589999999993,1960,0.01,6584,1975200,300.0,1007,19351,0.0011067308951169252,0.0001
-0.58624217,1960,0.01,6588,1976400,300.0,1008,19363,0.00045260245678946376,0.0001
-0.6223968599999999,1961,0.01,6592,1977600,300.0,1008,19375,0.006938563659787178,0.0001
-0.47488715,1962,0.01,6596,1978800,300.0,1008,19387,0.0015062355669215322,0.0001
-0.56284734,1962,0.01,6600,1980000,300.0,1008,19399,0.0011583637678995728,0.0001
-0.4525682,1963,0.01,6604,1981200,300.0,1008,19411,0.005962922237813473,0.0001
-0.4875962999999999,1964,0.01,6608,1982400,300.0,1009,19423,0.0026452813763171434,0.0001
-0.59207338,1965,0.01,6612,1983600,300.0,1009,19435,0.0008322594803757966,0.0001
-0.7158606300000001,1965,0.01,6616,1984800,300.0,1009,19447,0.0009811634663492441,0.0001
-0.50516411,1966,0.01,6620,1986000,300.0,1009,19459,0.0011379349743947387,0.0001
-0.23174074000000006,1967,0.01,6624,1987200,300.0,1010,19471,0.0017268385272473097,0.0001
-0.25379884999999996,1968,0.01,6628,1988400,300.0,1010,19483,0.003483349923044443,0.0001
-0.19330162999999992,1969,0.01,6632,1989600,300.0,1010,19495,0.001159181701950729,0.0001
-0.19380151999999998,1970,0.01,6636,1990800,300.0,1010,19507,0.0006850096397101879,0.0001
0.04931192999999997,1970,0.01,6640,1992000,300.0,1010,19519,0.0008876263163983822,0.0001
-0.16122112000000005,1971,0.01,6644,1993200,300.0,1011,19531,0.000623956962954253,0.0001
-0.35133502000000005,1972,0.01,6648,1994400,300.0,1011,19543,0.0006981356418691576,0.0001
-0.22254958000000002,1972,0.01,6652,1995600,300.0,1011,19555,0.0012164439540356398,0.0001
-0.42237107,1973,0.01,6656,1996800,300.0,1011,19567,0.004483135882765055,0.0001
-0.4691340799999999,1974,0.01,6660,1998000,300.0,1011,19579,0.0032196580432355404,0.0001
-0.5053721400000001,1975,0.01,6664,1999200,300.0,1012,19591,0.0032091792672872543,0.0001
