time/fps,time/total_timesteps,rollout/ep_len_mean,rollout/ep_rew_mean,time/iterations,time/time_elapsed,train/clip_fraction,train/explained_variance,train/approx_kl,train/policy_gradient_loss,train/entropy_loss,train/n_updates,train/loss,train/learning_rate,train/value_loss,train/clip_range
219,2048,300.0,-1.1207778333333334,1,9,,,,,,,,,,
324,4096,300.0,0.43250600000000006,2,12,0.050634765625,-1.4536399841308594,0.007134717,-0.008229174344160128,-1.9397700477391482,10,0.006831258535385132,0.0003,0.12729420412797482,0.2
379,6144,300.0,0.09385695000000001,3,16,0.05126953125,-0.1331850290298462,0.0070194327,-0.012211299846239854,-1.9288514345884322,20,0.01282786950469017,0.0003,0.11597458068281412,0.2
435,8192,300.0,0.15314851851851852,4,18,0.074658203125,-0.0278090238571167,0.009103058,-0.01805559511849424,-1.9148560732603073,30,-0.008988697081804276,0.0003,0.09211432378506287,0.2
483,10240,300.0,-0.039044088235294094,5,21,0.077734375,0.055073559284210205,0.008506613,-0.01837722328491509,-1.9113612096756696,40,-0.04156913608312607,0.0003,0.0511517480830662,0.2
506,12288,300.0,-0.07031032499999998,6,24,0.08212890625,0.24548035860061646,0.009284131,-0.020754957731696777,-1.8914713848382234,50,-0.04593421518802643,0.0003,0.05831149276928045,0.2
534,14336,300.0,-0.19250463829787234,7,26,0.120947265625,0.3345739245414734,0.010115828,-0.022181672196893487,-1.868282788991928,60,-0.026699624955654144,0.0003,0.05959936935687438,0.2
554,16384,300.0,-0.31034603703703706,8,29,0.1146484375,0.37793993949890137,0.01021709,-0.025466997384501155,-1.8607086561620236,70,-0.005222402513027191,0.0003,0.09037938605761156,0.2
579,18432,300.0,-0.2772430327868852,9,31,0.093212890625,0.6434214115142822,0.0087837735,-0.020349791206535885,-1.8530976600944995,80,-0.019660163670778275,0.0003,0.03214631422888488,0.2
586,20480,300.0,-0.19051077941176472,10,34,0.08857421875,0.5819016695022583,0.008420363,-0.021786165476078166,-1.8412132371217012,90,-0.019947238266468048,0.0003,0.06082578029017895,0.2
596,22528,300.0,-0.055509173333333335,11,37,0.0759765625,0.7294049263000488,0.008193878,-0.021197621378814802,-1.831026428937912,100,-0.042809583246707916,0.0003,0.028858040523482488,0.2
615,24576,300.0,-0.1455284444444445,12,39,0.114990234375,0.6546752452850342,0.010205517,-0.02551506443269318,-1.822034139931202,110,-0.04066148027777672,0.0003,0.04014050466939807,0.2
635,26624,300.0,-0.20637475,13,41,0.121044921875,0.4752071499824524,0.011909795,-0.02700263274309691,-1.8174299746751785,120,0.005214247852563858,0.0003,0.08956589924637229,0.2
644,28672,300.0,-0.2563336,14,44,0.10966796875,0.6301124095916748,0.010904929,-0.026343976566568016,-1.8116748578846456,130,-0.05692172795534134,0.0003,0.03156080403714441,0.2
659,30720,300.0,-0.18607913,15,46,0.11416015625,0.6168292760848999,0.011091754,-0.02601505234197248,-1.7856572143733502,140,-0.025293584913015366,0.0003,0.037547821400221434,0.2
672,32768,300.0,-0.12522852,16,48,0.124755859375,0.4046156406402588,0.011629449,-0.025475158264453058,-1.7662268489599229,150,-0.0290275476872921,0.0003,0.04803120516007766,0.2
681,34816,300.0,-0.12167900999999995,17,51,0.133447265625,0.1505286693572998,0.011408032,-0.027556296650436705,-1.7560002297163009,160,-0.028454286977648735,0.0003,0.07280795546248556,0.2
689,36864,300.0,-0.13129170999999998,18,53,0.1248046875,0.35681599378585815,0.011800215,-0.030120937759056686,-1.7447556529194117,170,-0.049212388694286346,0.0003,0.033021153503796086,0.2
699,38912,300.0,-0.07573107000000001,19,55,0.118994140625,-0.04593479633331299,0.011514426,-0.026479094167007132,-1.7539617016911506,180,-0.03276897221803665,0.0003,0.07464046420063823,0.2
708,40960,300.0,-0.04660729000000004,20,57,0.13173828125,-0.047539472579956055,0.012794212,-0.02985944326792378,-1.749856063723564,190,-0.059296801686286926,0.0003,0.05047063418314792,0.2
716,43008,300.0,-0.11955788,21,59,0.116162109375,-0.17030096054077148,0.010056054,-0.026780528438393958,-1.7250247798860072,200,-0.06460074335336685,0.0003,0.02965541600715369,0.2
724,45056,300.0,-0.03615187000000003,22,62,0.151220703125,0.0675281286239624,0.012518294,-0.02895379993133247,-1.7459627535194158,210,-0.04802205413579941,0.0003,0.04130224292748608,0.2
726,47104,300.0,-0.03234813000000001,23,64,0.131494140625,0.1278795599937439,0.012256395,-0.03003737053659279,-1.7461838752031327,220,-0.05291067808866501,0.0003,0.027677184203639627,0.2
723,49152,300.0,-0.07011185999999997,24,67,0.13603515625,0.0018450021743774414,0.013097387,-0.030688982678111643,-1.7267909299582243,230,-0.04260752350091934,0.0003,0.11055742083117366,0.2
725,51200,300.0,-0.07920150000000002,25,70,0.10673828125,-0.06295228004455566,0.011636669,-0.026403445430332795,-1.7189554750919342,240,-0.0751204565167427,0.0003,0.023876034398563208,0.2
730,53248,300.0,-0.18572342,26,72,0.158837890625,0.14757907390594482,0.014562861,-0.03559709537948948,-1.6966872975230216,250,-0.05580470338463783,0.0003,0.026461080595618115,0.2
734,55296,300.0,-0.13278560000000003,27,75,0.147705078125,0.21074068546295166,0.012429846,-0.03129490528808674,-1.6729328956454992,260,-0.0663260817527771,0.0003,0.014588092872872948,0.2
738,57344,300.0,-0.02420427000000001,28,77,0.173828125,0.07209265232086182,0.015837103,-0.032543704260024245,-1.6699687898159028,270,-0.031964678317308426,0.0003,0.0653756205283571,0.2
744,59392,300.0,-0.07345330000000001,29,79,0.16669921875,0.15137803554534912,0.016314294,-0.033266891888342795,-1.6567844301462173,280,-0.03994498401880264,0.0003,0.05489977758843452,0.2
749,61440,300.0,-0.18699806000000005,30,81,0.165625,-0.1367558240890503,0.013544404,-0.03172407566162292,-1.6468127146363258,290,-0.058387480676174164,0.0003,0.041303409310057757,0.2
750,63488,300.0,-0.05166587999999999,31,84,0.160791015625,0.12208229303359985,0.013480432,-0.032463241266668774,-1.642918587476015,300,-0.06072879955172539,0.0003,0.027186042215907945,0.2
755,65536,300.0,-0.16492913,32,86,0.14052734375,0.16277951002120972,0.012577764,-0.030454982782248407,-1.63674552179873,310,-0.04304452985525131,0.0003,0.05706483410904184,0.2
760,67584,300.0,-0.13482486,33,88,0.137158203125,0.08541655540466309,0.013532944,-0.03312199282081565,-1.6268299795687198,320,-0.0373062863945961,0.0003,0.061951551970560105,0.2
766,69632,300.0,-0.10595072999999999,34,90,0.137353515625,0.18672925233840942,0.01465754,-0.03321515067946166,-1.6123005893081426,330,-0.02991284802556038,0.0003,0.057043515937402846,0.2
769,71680,300.0,-0.23427086000000003,35,93,0.147900390625,0.07810300588607788,0.012185296,-0.031214488158002495,-1.608953643962741,340,-0.0537843257188797,0.0003,0.044391669862670825,0.2
775,73728,300.0,-0.3072491,36,95,0.167578125,0.06522822380065918,0.014821384,-0.03276035897943075,-1.6004985470324755,350,-0.03693735599517822,0.0003,0.06246998979477212,0.2
775,75776,300.0,-0.27064717999999993,37,97,0.150830078125,0.06946825981140137,0.014910201,-0.03337178389774635,-1.5947564534842968,360,-0.03232717514038086,0.0003,0.04316084609017708,0.2
779,77824,300.0,-0.42144808,38,99,0.181298828125,0.03907144069671631,0.014874676,-0.033748734266555405,-1.5880374882370234,370,-0.04324047267436981,0.0003,0.05119874397641979,0.2
784,79872,300.0,-0.47527224,39,101,0.180419921875,0.23095548152923584,0.0143280225,-0.03556338917987887,-1.574280534684658,380,-0.062254127115011215,0.0003,0.0126045066761435,0.2
784,81920,300.0,-0.5760277500000001,40,104,0.158544921875,0.16799569129943848,0.01471002,-0.03519365664105863,-1.5589891597628593,390,-0.04012032225728035,0.0003,0.04983715715352446,0.2
788,83968,300.0,-0.51728672,41,106,0.1806640625,0.37045300006866455,0.01737984,-0.0366701886348892,-1.5567106485366822,400,-0.052505552768707275,0.0003,0.022006022441200913,0.2
792,86016,300.0,-0.4352005299999999,42,108,0.15625,0.2152479887008667,0.015241666,-0.032376286677026654,-1.5441969856619835,410,-0.04756273701786995,0.0003,0.055164001660887155,0.2
795,88064,300.0,-0.42151379000000005,43,110,0.163720703125,0.2872563600540161,0.015558317,-0.032004529080586507,-1.5417941611260175,420,-0.06257010996341705,0.0003,0.03244983670010697,0.2
796,90112,300.0,-0.38220397,44,113,0.15576171875,0.24362295866012573,0.015685113,-0.03287438135012053,-1.504658856987953,430,-0.03706090897321701,0.0003,0.053471744037233294,0.2
799,92160,300.0,-0.45253720000000003,45,115,0.181005859375,0.41773778200149536,0.017409941,-0.03495269813574851,-1.510818150639534,440,-0.05873598903417587,0.0003,0.033284768357407304,0.2
802,94208,300.0,-0.42680149,46,117,0.174560546875,0.41519683599472046,0.016977258,-0.03458811149757821,-1.4875067021697759,450,-0.057852476835250854,0.0003,0.04165092867333442,0.2
803,96256,300.0,-0.40500746,47,119,0.144921875,0.4962849020957947,0.015431685,-0.02897435176128056,-1.472528900206089,460,-0.028720229864120483,0.0003,0.04682732401997782,0.2
807,98304,300.0,-0.66395876,48,121,0.152392578125,0.49755632877349854,0.013870757,-0.03207107333000749,-1.486618798971176,470,-0.03233662620186806,0.0003,0.03648716235184111,0.2
541,100352,300.0,-0.56963723,49,185,0.152783203125,0.2540682554244995,0.015373385,-0.032572294081910515,-1.4431089106947184,480,-0.039943285286426544,0.0003,0.05895521074417047,0.2
544,102400,300.0,-0.44090763999999993,50,188,0.17490234375,0.3272116780281067,0.016916126,-0.036006030367570926,-1.4336659487336874,490,-0.057571277022361755,0.0003,0.03785280021838844,0.2
547,104448,300.0,-0.39607838000000006,51,190,0.161083984375,0.44173765182495117,0.014242027,-0.03302192344272044,-1.4394449066370725,500,-0.05584606155753136,0.0003,0.012295535871817264,0.2
551,106496,300.0,-0.29372668,52,192,0.173681640625,0.35723990201950073,0.015418775,-0.03192378321837168,-1.451703517511487,510,-0.04126355051994324,0.0003,0.03409040081896819,0.2
554,108544,300.0,-0.24294463000000005,53,195,0.16826171875,0.547114372253418,0.0151843615,-0.035806637463974764,-1.468756304681301,520,-0.06738478690385818,0.0003,0.01662899988295976,0.2
557,110592,300.0,-0.06461071000000007,54,198,0.177978515625,0.3905256986618042,0.014840288,-0.0359079189656768,-1.4570154909044504,530,-0.029994959011673927,0.0003,0.037707932252669704,0.2
561,112640,300.0,-0.15682975,55,200,0.177392578125,0.4696041941642761,0.01785251,-0.03708157213986851,-1.431605790555477,540,-0.05856398865580559,0.0003,0.03144486335222609,0.2
564,114688,300.0,-0.22480375999999996,56,203,0.1630859375,0.23854267597198486,0.014171727,-0.03442035843181657,-1.418330267444253,550,-0.04976919665932655,0.0003,0.041355822922196236,0.2
568,116736,300.0,-0.1626456,57,205,0.167578125,0.17227482795715332,0.016882792,-0.03544021748239175,-1.4233460687100887,560,-0.03512316197156906,0.0003,0.036951430072076616,0.2
571,118784,300.0,-0.20071013999999995,58,207,0.17763671875,0.40053457021713257,0.01773293,-0.03455937901890138,-1.4017198871821166,570,-0.054926227778196335,0.0003,0.03211622957023792,0.2
574,120832,300.0,-0.053524710000000024,59,210,0.16142578125,-0.1499178409576416,0.013947459,-0.03473295728908852,-1.4043699588626624,580,-0.07015367597341537,0.0003,0.03252457357011736,0.2
577,122880,300.0,-0.09273294000000004,60,212,0.165673828125,0.14997845888137817,0.016267888,-0.03632854192692321,-1.3928250130265951,590,-0.06995290517807007,0.0003,0.03869494115933776,0.2
577,124928,300.0,-0.0019077899999999876,61,216,0.165380859375,-0.03536653518676758,0.016228404,-0.03458983685413841,-1.4098763197660447,600,-0.04845074564218521,0.0003,0.06995388282230124,0.2
579,126976,300.0,0.05111696000000002,62,218,0.1923828125,-0.009850144386291504,0.017780602,-0.03704160338966176,-1.390876353159547,610,-0.04889293015003204,0.0003,0.04570287275710143,0.2
582,129024,300.0,0.20299329000000008,63,221,0.185986328125,0.000521540641784668,0.018536828,-0.03728395602374803,-1.394719659537077,620,-0.06066640466451645,0.0003,0.02383446631138213,0.2
584,131072,300.0,0.15458083000000003,64,224,0.186865234375,-0.016045808792114258,0.018702399,-0.03725495197286364,-1.3392929971218108,630,-0.040168289095163345,0.0003,0.028496983542572706,0.2
587,133120,300.0,0.25457935000000004,65,226,0.1875,0.03973668813705444,0.016821323,-0.03772376627894118,-1.3535903606563806,640,-0.038853369653224945,0.0003,0.05944161360966973,0.2
589,135168,300.0,0.16756319,66,229,0.17724609375,0.046695828437805176,0.017610636,-0.03775362827873323,-1.3519302316009998,650,-0.0759272426366806,0.0003,0.031436102977022526,0.2
592,137216,300.0,0.17166152999999998,67,231,0.183447265625,0.06915056705474854,0.019639516,-0.03413192261068616,-1.3522886700928212,660,-0.04580044001340866,0.0003,0.08605854873312638,0.2
594,139264,300.0,0.08986713999999997,68,234,0.1810546875,0.09442418813705444,0.01788902,-0.0377015789214056,-1.3342188991606236,670,-0.06579896062612534,0.0003,0.02967554990318604,0.2
596,141312,300.0,0.17034572,69,236,0.18193359375,-0.007226228713989258,0.01692225,-0.03694512396759819,-1.3544227544218301,680,-0.05807366967201233,0.0003,0.043265624064952136,0.2
599,143360,300.0,0.36400451000000006,70,239,0.15869140625,-0.0036268234252929688,0.01621119,-0.0367561834747903,-1.3452930741012097,690,-0.011972948908805847,0.0003,0.08541200988693162,0.2
602,145408,300.0,0.2553075,71,241,0.191943359375,0.001951754093170166,0.018284773,-0.036142477962130215,-1.3397346079349517,700,-0.06636342406272888,0.0003,0.04684796005603857,0.2
604,147456,300.0,0.03379272999999998,72,243,0.19697265625,-0.1607513427734375,0.019338043,-0.038304405083181337,-1.330310069397092,710,-0.03189336508512497,0.0003,0.08646590501302853,0.2
606,149504,300.0,-0.0016562799999999616,73,246,0.183056640625,-0.06737184524536133,0.016735587,-0.03861671145132277,-1.352072161063552,720,-0.033376507461071014,0.0003,0.06344421523972414,0.2
608,151552,300.0,-0.059743819999999996,74,249,0.176513671875,-0.222603440284729,0.018767787,-0.03572764044656651,-1.3402347419410945,730,-0.055929794907569885,0.0003,0.020813752472167834,0.2
610,153600,300.0,0.029824249999999976,75,251,0.19931640625,-0.043856143951416016,0.018091273,-0.03920141187554691,-1.3411221280694008,740,-0.06367406249046326,0.0003,0.0385280252492521,0.2
612,155648,300.0,0.05110175999999999,76,254,0.163330078125,-0.01312100887298584,0.014932649,-0.03700059179391246,-1.3665407113730907,750,-0.05032633990049362,0.0003,0.054119811166310684,0.2
614,157696,300.0,0.031026599999999994,77,256,0.173095703125,0.025691628456115723,0.01720726,-0.036939068348146975,-1.35833497941494,760,-0.06629727780818939,0.0003,0.055964080296689644,0.2
617,159744,300.0,-0.01043581000000006,78,258,0.211669921875,-0.01690042018890381,0.020033749,-0.04246447144250851,-1.3332940969616174,770,-0.04602362960577011,0.0003,0.04032968278625049,0.2
619,161792,300.0,-0.06477505000000003,79,261,0.187255859375,-0.03544414043426514,0.017852936,-0.04147816920594778,-1.349095207452774,780,-0.040415190160274506,0.0003,0.09437275406671689,0.2
619,163840,300.0,-0.07444810000000002,80,264,0.197705078125,-0.3435084819793701,0.019265909,-0.03911283330089645,-1.2948847599327564,790,-0.05578452721238136,0.0003,0.02368651325814426,0.2
621,165888,300.0,-0.021855700000000127,81,266,0.193505859375,0.0001150965690612793,0.018308587,-0.03861688304750714,-1.3116719089448452,800,-0.04083777591586113,0.0003,0.03457009608973749,0.2
622,167936,300.0,0.04359292000000008,82,269,0.202392578125,0.09703028202056885,0.019775946,-0.0399115449283272,-1.2441318824887275,810,-0.05615464970469475,0.0003,0.040237729391083124,0.2
624,169984,300.0,0.18492046999999995,83,272,0.1919921875,0.3751887083053589,0.019308157,-0.03813525637087878,-1.2497820019721986,820,-0.07727368921041489,0.0003,0.011620218084135558,0.2
622,172032,300.0,-0.018741420000000068,84,276,0.17451171875,0.11575591564178467,0.0187542,-0.03555271030054428,-1.252305982261896,830,-0.024812156334519386,0.0003,0.04937905629631132,0.2
624,174080,300.0,0.0388054,85,278,0.195166015625,0.132817804813385,0.018789409,-0.03688188432424795,-1.2431245300918818,840,-0.05753778666257858,0.0003,0.046116232487838714,0.2
627,176128,300.0,0.050155980000000024,86,280,0.190576171875,0.19909656047821045,0.018238634,-0.03738595583999995,-1.238017188757658,850,-0.055817700922489166,0.0003,0.033615561650367456,0.2
629,178176,300.0,0.15811163999999997,87,283,0.2115234375,0.18599647283554077,0.021113152,-0.041018083272501824,-1.217874364554882,860,-0.04818781837821007,0.0003,0.045838426012778655,0.2
631,180224,300.0,0.2992923600000001,88,285,0.197265625,0.05804252624511719,0.019176202,-0.036797607148764656,-1.2338941875845193,870,-0.02969738468527794,0.0003,0.06315591700840742,0.2
633,182272,300.0,0.19559132999999998,89,287,0.20283203125,-0.1962987184524536,0.021119457,-0.03857961340108886,-1.232759291306138,880,-0.045306600630283356,0.0003,0.014025002128619235,0.2
635,184320,300.0,0.15345571,90,290,0.203076171875,-0.08216893672943115,0.01811282,-0.040418706130003555,-1.2222785763442516,890,-0.05390556901693344,0.0003,0.03005917716072872,0.2
638,186368,300.0,0.07632954999999998,91,292,0.204736328125,0.12810254096984863,0.020491134,-0.0401712799386587,-1.192792958393693,900,-0.08718901872634888,0.0003,0.05029581675771624,0.2
638,188416,300.0,0.12119126000000004,92,295,0.19150390625,0.09820324182510376,0.021212284,-0.03860497332061641,-1.1930821049958467,910,-0.008240040391683578,0.0003,0.08074136145878583,0.2
639,190464,300.0,0.21760374,93,297,0.21845703125,-0.8485637903213501,0.024921715,-0.04009454672923311,-1.1690116737037897,920,-0.05131933093070984,0.0003,0.019873470251332036,0.2
640,192512,300.0,0.22219809000000001,94,300,0.1869140625,0.11958026885986328,0.017589774,-0.0387743068713462,-1.2145444232970477,930,-0.04844266176223755,0.0003,0.015828103717649356,0.2
640,194560,300.0,0.12507440000000006,95,303,0.195166015625,0.14439094066619873,0.019384287,-0.037314925732789564,-1.1936349164694549,940,-0.06267733126878738,0.0003,0.03402327981311828,0.2
638,196608,300.0,0.22938470000000002,96,308,0.185693359375,0.006368517875671387,0.018523358,-0.037617299905105026,-1.166330185160041,950,-0.01480085402727127,0.0003,0.08166931415908038,0.2
638,198656,300.0,0.24348666000000002,97,311,0.209423828125,-0.08723664283752441,0.022051241,-0.039922490791650486,-1.1716267623007297,960,-0.05184506997466087,0.0003,0.047985664760926736,0.2
535,200704,300.0,0.43952819000000004,98,375,0.194873046875,-0.046913743019104004,0.019452047,-0.03803092527086847,-1.1685966482385992,970,-0.03408503159880638,0.0003,0.034348921763012186,0.2
536,202752,300.0,0.44332748,99,378,0.1966796875,0.07515197992324829,0.01984993,-0.037403188542521094,-1.1543078016489745,980,-0.04905826598405838,0.0003,0.0461892495455686,0.2
537,204800,300.0,0.43580139,100,380,0.194140625,0.07960003614425659,0.0183006,-0.04041166009556037,-1.1532164327800274,990,-0.04929663985967636,0.0003,0.04493409528513439,0.2
538,206848,300.0,0.32209418999999995,101,384,0.193115234375,0.34230345487594604,0.024824714,-0.03782453561725561,-1.1503686809912324,1000,-0.05939912050962448,0.0003,0.02538365623622667,0.2
540,208896,300.0,0.27973803,102,386,0.201318359375,0.3894885182380676,0.020890929,-0.040614665756584144,-1.141995936818421,1010,-0.06577983498573303,0.0003,0.04587321275030263,0.2
542,210944,300.0,0.28423609000000005,103,388,0.19658203125,0.351554274559021,0.01921289,-0.0395138103805948,-1.1510785732418298,1020,-0.04523726552724838,0.0003,0.05039123110473156,0.2
545,212992,300.0,0.30328826,104,390,0.211474609375,0.20479243993759155,0.022316389,-0.03861948184930952,-1.1576728623360395,1030,-0.0343647301197052,0.0003,0.061809882731176914,0.2
547,215040,300.0,0.17591964000000002,105,392,0.2171875,0.3495878577232361,0.021923844,-0.041733051717164925,-1.1528184089809657,1040,-0.033312465995550156,0.0003,0.044236876111244786,0.2
549,217088,300.0,0.12101833999999999,106,395,0.20068359375,0.33635056018829346,0.020950958,-0.04081892552640056,-1.1621043622493743,1050,-0.057862788438797,0.0003,0.024162288798834197,0.2
550,219136,300.0,-0.006149440000000022,107,398,0.188427734375,0.24528604745864868,0.018483259,-0.03902393495081924,-1.1714021801948546,1060,-0.045934420078992844,0.0003,0.07739147547399625,0.2
552,221184,300.0,-0.02155730000000005,108,400,0.219677734375,0.06117427349090576,0.02212777,-0.04342639897658955,-1.185340577736497,1070,-0.029764968901872635,0.0003,0.07103670182405039,0.2
554,223232,300.0,0.11794222999999988,109,402,0.19296875,0.09736526012420654,0.018618546,-0.03889752427203348,-1.169029749929905,1080,-0.030374333262443542,0.0003,0.09682267925236374,0.2
556,225280,300.0,-0.0900302300000001,110,404,0.183349609375,0.06185650825500488,0.017621368,-0.03734810735913925,-1.1748620558530092,1090,-0.04678938165307045,0.0003,0.06373504074290395,0.2
553,227328,300.0,-0.2927254400000001,111,410,0.201416015625,0.16563618183135986,0.019707242,-0.03993438808538485,-1.1997050628066064,1100,-0.03733726590871811,0.0003,0.08813577698310837,0.2
552,229376,300.0,-0.40265060999999996,112,414,0.200537109375,0.3702288866043091,0.021078281,-0.04207400679879356,-1.1793321006000042,1110,-0.07283511757850647,0.0003,0.02302751162205823,0.2
548,231424,300.0,-0.40231859999999997,113,421,0.209228515625,0.33973729610443115,0.020929262,-0.041550913208629935,-1.1614988695830106,1120,-0.050972938537597656,0.0003,0.016829964486532845,0.2
548,233472,300.0,-0.43873703999999997,114,425,0.23212890625,0.4405037760734558,0.02293637,-0.04059477674891241,-1.1513548843562602,1130,-0.03866150230169296,0.0003,0.03136570533388294,0.2
546,235520,300.0,-0.47677317,115,430,0.1927734375,0.398210346698761,0.01985389,-0.03751903945521917,-1.1484801597893237,1140,-0.056944653391838074,0.0003,0.030408364668255673,0.2
546,237568,300.0,-0.42903478000000006,116,434,0.206689453125,0.04065358638763428,0.02090222,-0.040304742789885495,-1.1333629947155714,1150,-0.0694422721862793,0.0003,0.04201130780857056,0.2
547,239616,300.0,-0.4378931800000001,117,437,0.19150390625,0.06391805410385132,0.019843213,-0.041869210443110205,-1.131220518425107,1160,-0.04102426394820213,0.0003,0.04292270636069588,0.2
547,241664,300.0,-0.38321878000000004,118,441,0.196630859375,0.03229039907455444,0.021311676,-0.03934440834564157,-1.1405730497092008,1170,-0.06450396031141281,0.0003,0.0285811133304378,0.2
543,243712,300.0,-0.17805858000000008,119,448,0.211669921875,0.06774705648422241,0.021693774,-0.040182016007020135,-1.09691271930933,1180,-0.04896082356572151,0.0003,0.07895230979193002,0.2
541,245760,300.0,-0.08827376,120,453,0.210107421875,0.095924973487854,0.022282377,-0.04111883579753339,-1.1036367613822222,1190,-0.046333201229572296,0.0003,0.08726053002756089,0.2
538,247808,300.0,-0.047418670000000045,121,460,0.198583984375,0.3207690715789795,0.022534242,-0.03981837164610624,-1.1065226230770349,1200,-0.04426755756139755,0.0003,0.034668291261186826,0.2
538,249856,300.0,-0.0025827300000000066,122,463,0.19267578125,0.13464593887329102,0.020414472,-0.03767361768404953,-1.1120147321373224,1210,-0.0643579512834549,0.0003,0.04209040694404394,0.2
538,251904,300.0,0.027968199999999915,123,467,0.179541015625,0.15587252378463745,0.020340798,-0.037268560934171545,-1.1239798210561276,1220,-0.03509201109409332,0.0003,0.10362060413463041,0.2
538,253952,300.0,0.1901262,124,471,0.1919921875,0.10638248920440674,0.020467384,-0.03979299277852988,-1.1005861558020116,1230,-0.04151172935962677,0.0003,0.0393983862188179,0.2
537,256000,300.0,0.39924935000000006,125,476,0.21064453125,0.1041494607925415,0.024697877,-0.04082238391565625,-1.1336078733205794,1240,-0.03687328100204468,0.0003,0.09739871555939317,0.2
538,258048,300.0,0.47259997999999986,126,479,0.21591796875,0.3081127405166626,0.021987272,-0.04201550087454962,-1.1354472752660514,1250,-0.07528965920209885,0.0003,0.036684576043626294,0.2
539,260096,300.0,0.53468765,127,482,0.18125,0.2737916111946106,0.021139648,-0.038359296310227366,-1.1324441649019719,1260,-0.05785233899950981,0.0003,0.041891897714231165,0.2
537,262144,300.0,0.6058419400000001,128,487,0.215576171875,0.34423118829727173,0.021862999,-0.041357291728490966,-1.1364357743412257,1270,-0.06852391362190247,0.0003,0.04255081638111733,0.2
539,264192,300.0,0.7416346700000002,129,490,0.22060546875,0.2600739598274231,0.021054585,-0.03899684800271643,-1.103229428268969,1280,-0.04619678109884262,0.0003,0.053389966778922826,0.2
540,266240,300.0,0.8539490800000001,130,492,0.207177734375,0.6021138429641724,0.024893608,-0.04324719596188516,-1.1224727401509882,1290,-0.07212065160274506,0.0003,0.022646052998607048,0.2
541,268288,300.0,0.84367188,131,495,0.2146484375,0.36478227376937866,0.025071368,-0.041646403889171776,-1.100630500726402,1300,-0.020309627056121826,0.0003,0.08263542263302952,0.2
542,270336,300.0,0.9323028400000001,132,498,0.21396484375,0.5257536768913269,0.022398198,-0.04291307193634566,-1.098512881435454,1310,-0.06921690702438354,0.0003,0.02270501560124103,0.2
544,272384,300.0,0.9603106,133,499,0.1984375,0.4952966570854187,0.020233147,-0.04159820896456949,-1.1118647772818804,1320,-0.045952364802360535,0.0003,0.03689783994923346,0.2
546,274432,300.0,0.7956809300000001,134,502,0.217138671875,0.5278266072273254,0.02532237,-0.04216178910719463,-1.1073190610855819,1330,-0.04990632086992264,0.0003,0.03150754350353964,0.2
547,276480,300.0,0.75585769,135,504,0.1947265625,0.4075365662574768,0.022326099,-0.04130757433013059,-1.1280410667881369,1340,-0.05416738614439964,0.0003,0.06892794190207496,0.2
549,278528,300.0,0.7558288999999998,136,506,0.20380859375,0.6572622060775757,0.02122369,-0.04265002263855422,-1.105273722112179,1350,-0.026744237169623375,0.0003,0.04278684729360975,0.2
551,280576,300.0,0.7378434500000001,137,509,0.199853515625,0.5417423844337463,0.021024797,-0.039442867555771956,-1.1243992960080504,1360,-0.049683578312397,0.0003,0.041504603385692465,0.2
552,282624,300.0,0.7697654399999999,138,511,0.20478515625,0.5935115814208984,0.021643646,-0.04194699150684755,-1.1158459287136793,1370,-0.03812892362475395,0.0003,0.05087077865609899,0.2
554,284672,300.0,0.6894531999999998,139,513,0.216015625,0.4015272855758667,0.026131898,-0.044659689179388805,-1.1058202799409629,1380,-0.01663636416196823,0.0003,0.11835885993205011,0.2
556,286720,300.0,0.57192033,140,515,0.190283203125,0.42490720748901367,0.020163994,-0.036910043643729296,-1.1034291062504054,1390,-0.033338941633701324,0.0003,0.07781298980116844,0.2
557,288768,300.0,0.6306929099999999,141,518,0.2033203125,0.6911988258361816,0.024205849,-0.04192599812522531,-1.1067706398665904,1400,-0.08626647293567657,0.0003,0.02380031380453147,0.2
558,290816,300.0,0.5885568,142,520,0.196044921875,0.6107876896858215,0.020067304,-0.040065263526048514,-1.080718738399446,1410,-0.07537146657705307,0.0003,0.033562200277810914,0.2
560,292864,300.0,0.43778624,143,522,0.196826171875,0.16458666324615479,0.019932743,-0.03855117183120456,-1.1142281146720052,1420,-0.029422681778669357,0.0003,0.10253401112277061,0.2
561,294912,300.0,0.47414396000000003,144,525,0.1923828125,0.4820519685745239,0.021279555,-0.04099458585551474,-1.129129869863391,1430,-0.04028487205505371,0.0003,0.04068598884623498,0.2
562,296960,300.0,0.14524259000000006,145,527,0.21455078125,0.5201631784439087,0.022676341,-0.04095829613797832,-1.1288044445216656,1440,-0.06919485330581665,0.0003,0.01917820717790164,0.2
564,299008,300.0,0.22288411999999994,146,529,0.217578125,0.3884947896003723,0.025173917,-0.03819769172696397,-1.1117911975830794,1450,-0.037972766906023026,0.0003,0.06049197108950466,0.2
509,301056,300.0,0.09119373000000004,147,591,0.2099609375,0.410483717918396,0.022688545,-0.04197212353319628,-1.0870836950838565,1460,-0.07757437974214554,0.0003,0.03008024818263948,0.2
510,303104,300.0,0.06913712999999999,148,593,0.20908203125,0.19647002220153809,0.023654707,-0.03990289923094679,-1.0917018067091704,1470,-0.059074461460113525,0.0003,0.0570108528714627,0.2
512,305152,300.0,0.04480870000000008,149,595,0.20615234375,0.048644959926605225,0.022699311,-0.03737093185191043,-1.0603886548429728,1480,-0.0643245205283165,0.0003,0.036413002462359144,0.2
513,307200,300.0,0.04223331000000004,150,598,0.230859375,0.05905628204345703,0.03020923,-0.044154606031952426,-1.0815065251663327,1490,-0.03816298395395279,0.0003,0.07413065746659413,0.2
514,309248,300.0,0.11158930000000002,151,600,0.226416015625,0.04795163869857788,0.023251098,-0.040977536560967566,-1.0713430462405085,1500,-0.06210983172059059,0.0003,0.02801178713561967,0.2
515,311296,300.0,-0.027805179999999954,152,603,0.210302734375,-0.011727452278137207,0.022211881,-0.04335539388703182,-1.0365537857636808,1510,-0.05965127795934677,0.0003,0.027690551144769416,0.2
516,313344,300.0,-0.05650579999999993,153,606,0.197998046875,0.06079500913619995,0.023180837,-0.04218616831058171,-1.0363462707027793,1520,-0.053362421691417694,0.0003,0.07561763267731295,0.2
517,315392,300.0,0.03311187000000003,154,609,0.224560546875,-0.19952809810638428,0.02764618,-0.04118143002560828,-1.0277577122673391,1530,-0.048374541103839874,0.0003,0.017785664447001182,0.2
519,317440,300.0,0.02910946000000002,155,611,0.2142578125,0.06276446580886841,0.024895774,-0.03917377451143693,-1.0370637441053987,1540,-0.022176161408424377,0.0003,0.11804252786096185,0.2
520,319488,300.0,-0.13915270999999996,156,613,0.215087890625,0.26624614000320435,0.021433696,-0.0424410693871323,-1.0257823156192898,1550,-0.03975039720535278,0.0003,0.09724574392894283,0.2
522,321536,300.0,-0.16710478999999992,157,615,0.211181640625,0.19877129793167114,0.024459295,-0.040980722496169616,-1.0614297775551678,1560,-0.01332281157374382,0.0003,0.1082036827574484,0.2
523,323584,300.0,-0.26344745999999997,158,618,0.2181640625,-0.24720418453216553,0.02555559,-0.04004633189906599,-1.067534220777452,1570,-0.06156699359416962,0.0003,0.03175002197240247,0.2
524,325632,300.0,-0.39932533,159,620,0.228662109375,-0.061102867126464844,0.022955984,-0.04241687786998227,-1.067506243661046,1580,-0.0468750074505806,0.0003,0.04479438050184399,0.2
526,327680,300.0,-0.28912957,160,622,0.215576171875,0.1584683060646057,0.025226424,-0.04180557802028488,-1.0632617002353073,1590,-0.053015533834695816,0.0003,0.025789848252316006,0.2
527,329728,300.0,-0.29312023,161,624,0.232958984375,0.11654907464981079,0.026990892,-0.04193998978153104,-1.0629985807463527,1600,-0.046381875872612,0.0003,0.03705749941291288,0.2
529,331776,300.0,-0.29439958000000005,162,627,0.209716796875,-0.0323408842086792,0.025253238,-0.041593342250416755,-1.0431313378736378,1610,-0.046114470809698105,0.0003,0.046775783400516954,0.2
530,333824,300.0,-0.2422779600000001,163,629,0.219677734375,-0.05732440948486328,0.025642961,-0.04213683489360846,-1.0285350576043129,1620,-0.08756598830223083,0.0003,0.015414133161539213,0.2
531,335872,300.0,-0.26176844000000016,164,631,0.193017578125,0.14450806379318237,0.020882899,-0.04035761298728176,-1.019114295952022,1630,-0.06816375255584717,0.0003,0.029903723474126308,0.2
533,337920,300.0,-0.30868610000000013,165,633,0.218212890625,0.1348077654838562,0.025648054,-0.04194116498983931,-1.0111039215698838,1640,-0.05441969633102417,0.0003,0.05298859155736864,0.2
534,339968,300.0,-0.34767321,166,636,0.2166015625,0.021160423755645752,0.024192482,-0.03959062774083577,-1.0479925908148289,1650,-0.04359784349799156,0.0003,0.04155636599753052,0.2
535,342016,300.0,-0.1805477500000001,167,638,0.223193359375,0.07043272256851196,0.026952753,-0.04453148933826014,-1.0130876336246728,1660,-0.05403997749090195,0.0003,0.0377336050150916,0.2
536,344064,300.0,-0.4584233200000001,168,640,0.212353515625,0.006871938705444336,0.023495805,-0.03893303577788174,-1.0106361500918866,1670,-0.03834360092878342,0.0003,0.026521129606408067,0.2
538,346112,300.0,-0.5184154200000001,169,643,0.221923828125,0.14389020204544067,0.025785211,-0.04553052666888106,-1.0069745630025864,1680,-0.08330104500055313,0.0003,0.015619513383717277,0.2
539,348160,300.0,-0.40939768,170,645,0.222021484375,0.06054896116256714,0.025579479,-0.04456738586013671,-1.0003056410700082,1690,-0.038136325776576996,0.0003,0.04403389329090714,0.2
540,350208,300.0,-0.4414347200000001,171,647,0.2216796875,0.0552290678024292,0.026269702,-0.04290384376363363,-1.0190008938312531,1700,-0.05280538648366928,0.0003,0.07111549216788263,0.2
542,352256,300.0,-0.40740488999999996,172,649,0.2244140625,0.1736156940460205,0.026268164,-0.04059269821154885,-0.9830155201256275,1710,-0.05501706898212433,0.0003,0.038147240586113185,0.2
543,354304,300.0,-0.11453978000000001,173,651,0.23994140625,0.2109999656677246,0.02868319,-0.03830014077248052,-1.024918392673135,1720,-0.05340222269296646,0.0003,0.051559249480487776,0.2
544,356352,300.0,-0.09073698000000004,174,653,0.2109375,0.19175952672958374,0.02390406,-0.044789686592412184,-1.0374949002638458,1730,-0.08678001910448074,0.0003,0.0318681620672578,0.2
546,358400,300.0,-0.06144482000000008,175,655,0.23046875,0.10476428270339966,0.029695982,-0.04354745117889251,-1.0154464503750205,1740,-0.04263664782047272,0.0003,0.062398087698966265,0.2
547,360448,300.0,-0.19076425000000008,176,658,0.2048828125,0.24975913763046265,0.021877527,-0.0414033392444253,-1.0480118853971363,1750,-0.06544647365808487,0.0003,0.02952087545127142,0.2
548,362496,300.0,-0.08454149000000002,177,660,0.217724609375,0.12757587432861328,0.023706604,-0.0443483468494378,-1.0311372311785818,1760,-0.04420508071780205,0.0003,0.03433256554417312,0.2
550,364544,300.0,-0.06999087999999996,178,662,0.213720703125,-0.0005102157592773438,0.026307337,-0.0408879609167343,-1.0143414156511426,1770,-0.0709456354379654,0.0003,0.03809278710396029,0.2
551,366592,300.0,0.03132370999999998,179,664,0.20419921875,0.06498533487319946,0.02326008,-0.04285978049447294,-1.0201979879289866,1780,-0.06766067445278168,0.0003,0.03125568257528357,0.2
552,368640,300.0,-0.07787065000000004,180,667,0.21083984375,0.16062796115875244,0.02516725,-0.040977199154440314,-1.0208552332594991,1790,-0.07637349516153336,0.0003,0.023216900348779747,0.2
552,370688,300.0,-0.10553299999999999,181,671,0.198828125,0.0915079116821289,0.022624545,-0.04069644794217311,-1.028038416057825,1800,-0.03673921898007393,0.0003,0.06039190759183839,0.2
553,372736,300.0,-0.05788512000000002,182,673,0.223974609375,0.10152238607406616,0.027775612,-0.043980527904932384,-1.0136071225628256,1810,-0.051922500133514404,0.0003,0.052497780072735624,0.2
554,374784,300.0,0.0032805399999999408,183,675,0.222509765625,0.20696169137954712,0.028322775,-0.0437695599073777,-0.989223193563521,1820,-0.05416148155927658,0.0003,0.02468088318419177,0.2
555,376832,300.0,-0.12247500000000003,184,678,0.208251953125,0.4322078824043274,0.027027663,-0.04264306754921563,-0.9771631477400661,1830,-0.05983426421880722,0.0003,0.017292864879709668,0.2
556,378880,300.0,0.012746849999999962,185,680,0.18671875,0.20518219470977783,0.022638366,-0.04005169828888029,-0.9714083915576339,1840,-0.05739070475101471,0.0003,0.06971921952208504,0.2
557,380928,300.0,0.03861285999999995,186,682,0.230810546875,-0.01935446262359619,0.027948793,-0.04563834897999186,-1.018468294478953,1850,-0.0470622181892395,0.0003,0.039830260357121006,0.2
558,382976,300.0,-0.03413280000000002,187,685,0.22578125,0.056160688400268555,0.029171184,-0.04313776194176171,-1.0100139768794179,1860,-0.035154327750205994,0.0003,0.051719977211905646,0.2
560,385024,300.0,-0.016926320000000036,188,687,0.209814453125,0.08018553256988525,0.023557784,-0.04081995981978252,-1.0092241294682025,1870,-0.050822481513023376,0.0003,0.013690919907821808,0.2
560,387072,300.0,-0.12157002999999998,189,690,0.223291015625,0.07756173610687256,0.026096711,-0.045467866971739566,-1.0110875610262156,1880,-0.04654809832572937,0.0003,0.053156424587359655,0.2
562,389120,300.0,-0.056135080000000025,190,692,0.2109375,0.08303731679916382,0.022512347,-0.044239908494637346,-1.0187278853729367,1890,-0.06663422286510468,0.0003,0.04441462621907703,0.2
562,391168,300.0,0.011666780000000002,191,695,0.22314453125,0.0032351016998291016,0.028702054,-0.04357204679108691,-0.996180971339345,1900,-0.04034366086125374,0.0003,0.030731576937250794,0.2
563,393216,300.0,0.006719410000000045,192,697,0.22255859375,0.22419774532318115,0.025741551,-0.04214753113046754,-1.0340339671820402,1910,-0.04486008360981941,0.0003,0.018455154230468906,0.2
564,395264,300.0,-0.001234030000000006,193,699,0.212841796875,0.14395952224731445,0.024935275,-0.04456794599536806,-1.043778801895678,1920,-0.03855264186859131,0.0003,0.03164683351060375,0.2
565,397312,300.0,0.06009552999999999,194,701,0.20791015625,0.297426700592041,0.02231163,-0.04284054134623148,-1.032982712239027,1930,-0.06372123956680298,0.0003,0.033511361811542885,0.2
566,399360,300.0,0.10332142000000005,195,704,0.22001953125,0.13705581426620483,0.023371875,-0.04125991116743535,-1.050632986985147,1940,-0.0652448832988739,0.0003,0.04174415057641454,0.2
517,401408,300.0,0.23670734,196,775,0.217138671875,0.2702828049659729,0.026708845,-0.042582014373329,-1.0387448769062757,1950,-0.06313592195510864,0.0003,0.04958319746074267,0.2
518,403456,300.0,0.29825261000000003,197,777,0.226025390625,0.24400967359542847,0.030117603,-0.04226218709227396,-1.0257909899577498,1960,-0.06749526411294937,0.0003,0.04402007610187866,0.2
519,405504,300.0,0.3078699899999999,198,780,0.235302734375,0.29788196086883545,0.02723046,-0.04473817195103038,-1.0109339537099005,1970,-0.05743350461125374,0.0003,0.03243912215693854,0.2
520,407552,300.0,0.36368580999999994,199,782,0.20771484375,0.22211503982543945,0.025583282,-0.043377417777082886,-1.0100250197574496,1980,-0.058176130056381226,0.0003,0.06168142998358235,0.2
521,409600,300.0,0.20070752000000006,200,785,0.22763671875,0.1740938425064087,0.028939813,-0.04472401052917121,-1.0027484266087412,1990,-0.03806362301111221,0.0003,0.08205711040645838,0.2
522,411648,300.0,0.13991209,201,788,0.2142578125,0.2030853033065796,0.025678562,-0.04383766052196734,-1.010981565527618,2000,-0.051338449120521545,0.0003,0.06862262359354646,0.2
523,413696,300.0,0.1115268,202,790,0.2427734375,0.270831823348999,0.028745053,-0.04491979735030327,-1.015882095322013,2010,-0.04778054729104042,0.0003,0.07087249704636633,0.2
524,415744,300.0,0.07275541000000005,203,792,0.21796875,0.6255145072937012,0.023469292,-0.04058521825354546,-1.0195686601102352,2020,-0.0633159801363945,0.0003,0.0182102133781882,0.2
525,417792,300.0,0.07809996999999999,204,795,0.219384765625,0.3702678084373474,0.026290024,-0.045526008392334914,-1.0182469902560114,2030,-0.0345095619559288,0.0003,0.07753860021475703,0.2
526,419840,300.0,0.06324918,205,797,0.212548828125,0.41210418939590454,0.02607727,-0.04534562675107736,-1.009979161247611,2040,-0.06981892883777618,0.0003,0.028650183527497576,0.2
527,421888,300.0,0.03422381999999995,206,799,0.2107421875,0.1174015998840332,0.025691275,-0.042270208342233676,-1.002224233560264,2050,-0.0708891749382019,0.0003,0.03440198238240555,0.2
528,423936,300.0,0.013328180000000077,207,801,0.238427734375,0.04842853546142578,0.029152174,-0.04497827411396429,-1.001011941023171,2060,-0.06611756980419159,0.0003,0.020717029058141635,0.2
529,425984,300.0,-0.23307941,208,804,0.21689453125,0.22664040327072144,0.02573859,-0.043010425273678266,-1.0091755198314787,2070,-0.06806401908397675,0.0003,0.025958802842069417,0.2
530,428032,300.0,-0.20537479,209,806,0.2162109375,0.08891081809997559,0.024754701,-0.04258873962389771,-0.9977449096739293,2080,-0.03343967720866203,0.0003,0.09509489462943747,0.2
531,430080,300.0,-0.26569533000000006,210,809,0.199169921875,0.10285162925720215,0.021998497,-0.04184804342512507,-1.0020599937066437,2090,-0.06463179737329483,0.0003,0.03806687313481234,0.2
532,432128,300.0,-0.4358979899999999,211,811,0.228173828125,0.3993310332298279,0.0315789,-0.04576379731879569,-0.9915700078010559,2100,-0.06748640537261963,0.0003,0.03283422027598135,0.2
533,434176,300.0,-0.5349721399999999,212,813,0.222705078125,0.004007279872894287,0.02658249,-0.04155427501682425,-1.0032434366643428,2110,-0.030848708003759384,0.0003,0.1324364667525515,0.2
534,436224,300.0,-0.47367329,213,815,0.222412109375,0.11394554376602173,0.025549244,-0.045147157533210705,-0.988514700345695,2120,-0.03395065665245056,0.0003,0.07853160364320502,0.2
535,438272,300.0,-0.6601314,214,818,0.22294921875,-0.2513009309768677,0.027615823,-0.04530205971823307,-0.9763027811422944,2130,-0.042777739465236664,0.0003,0.0291977986227721,0.2
536,440320,300.0,-0.73374448,215,820,0.207177734375,0.08229798078536987,0.023542576,-0.042310400857240894,-0.9964509250596165,2140,-0.0514819473028183,0.0003,0.07266149130882696,0.2
537,442368,300.0,-0.5625361999999999,216,823,0.244580078125,0.2771301865577698,0.032084733,-0.046344401768874374,-1.0124848533421755,2150,-0.07266484200954437,0.0003,0.03770996188395657,0.2
538,444416,300.0,-0.45048145,217,825,0.2291015625,0.07186567783355713,0.028847497,-0.04507437253196258,-0.9824524210765958,2160,-0.05482128635048866,0.0003,0.0600139428046532,0.2
539,446464,300.0,-0.34993023,218,827,0.22646484375,0.16230744123458862,0.027396712,-0.04288894590572454,-0.9831672577187419,2170,-0.04515993967652321,0.0003,0.09729214392136783,0.2
540,448512,300.0,-0.54747659,219,830,0.228955078125,0.29037684202194214,0.027865143,-0.04318987313599791,-0.9940736629068851,2180,-0.05641743540763855,0.0003,0.04384591933339834,0.2
541,450560,300.0,-0.4711967899999998,220,832,0.210205078125,0.5222355127334595,0.028675128,-0.042611639911774545,-0.9881248878315091,2190,-0.06124522536993027,0.0003,0.03203024039394222,0.2
541,452608,300.0,-0.3219804199999999,221,835,0.245654296875,0.6122653484344482,0.027859986,-0.046390171244274823,-0.9930843679234386,2200,-0.05587348714470863,0.0003,0.026876838586758822,0.2
543,454656,300.0,-0.15434605999999995,222,837,0.250048828125,0.7200096249580383,0.03162686,-0.05015461429429706,-0.9689229991286993,2210,-0.05113177001476288,0.0003,0.032031273370375854,0.2
543,456704,300.0,-0.09358912000000004,223,839,0.245556640625,0.6680588722229004,0.029176783,-0.04691534230078105,-1.008733677305281,2220,-0.057953186333179474,0.0003,0.053140473255189134,0.2
545,458752,300.0,-0.13744304999999996,224,841,0.232470703125,0.47708696126937866,0.025681954,-0.04553759380360134,-1.010705509223044,2230,-0.04524783045053482,0.0003,0.10121367429383099,0.2
545,460800,300.0,-0.14190545000000004,225,844,0.241943359375,0.7241125106811523,0.025421977,-0.042751953145489095,-1.0100596867501737,2240,-0.04630958288908005,0.0003,0.028969642153242603,0.2
546,462848,300.0,-0.04943888999999991,226,846,0.2224609375,0.6600261926651001,0.025910627,-0.047895385534502566,-1.0048109581694007,2250,-0.06549379229545593,0.0003,0.04345073279109783,0.2
547,464896,300.0,0.20693317000000003,227,849,0.237841796875,0.31027430295944214,0.02710862,-0.04197452332591638,-1.0118143893778324,2260,-0.03792356699705124,0.0003,0.05156341781257652,0.2
548,466944,300.0,0.17635364000000003,228,851,0.211865234375,0.6161656379699707,0.025204744,-0.04492549937276635,-1.0081091413274408,2270,-0.053211014717817307,0.0003,0.02932415817049332,0.2
549,468992,300.0,0.42897129000000006,229,853,0.21767578125,0.42552822828292847,0.02562048,-0.044575788069050756,-0.9842182828113437,2280,-0.07609604299068451,0.0003,0.02931448442977853,0.2
550,471040,300.0,0.34526576000000003,230,855,0.228271484375,0.3518383502960205,0.025638953,-0.04685210160241695,-1.0038705533370376,2290,-0.061897724866867065,0.0003,0.04917104371124879,0.2
551,473088,300.0,0.27167760999999996,231,858,0.23427734375,0.18566405773162842,0.027389202,-0.043620267417281866,-1.0042079214006663,2300,-0.04639606177806854,0.0003,0.05013267127214931,0.2
551,475136,300.0,0.2672037899999999,232,861,0.2080078125,0.3214118480682373,0.025879234,-0.04406570928404108,-1.0087162211537362,2310,-0.06564915925264359,0.0003,0.049412709660828114,0.2
550,477184,300.0,0.28952254999999993,233,866,0.23896484375,0.2232005000114441,0.02938535,-0.04597520542301936,-0.9970873469486833,2320,-0.054783836007118225,0.0003,0.051246839971281585,0.2
551,479232,300.0,0.2762616399999999,234,869,0.2279296875,0.19182974100112915,0.028318824,-0.045672373700654134,-0.9621797664090991,2330,-0.046808093786239624,0.0003,0.04142653080634773,0.2
552,481280,300.0,0.09717331,235,871,0.21748046875,0.12424468994140625,0.02777526,-0.043272594729205596,-0.9573904460296034,2340,-0.04290822520852089,0.0003,0.05559799310285598,0.2
552,483328,300.0,-0.04565758000000005,236,874,0.225048828125,0.13747316598892212,0.029274786,-0.046697474745451474,-0.9687752436846495,2350,-0.05122615769505501,0.0003,0.06809976439690217,0.2
553,485376,300.0,-0.06356306,237,877,0.207763671875,0.18877053260803223,0.025838012,-0.042902597604552284,-0.9644337136298418,2360,-0.035161957144737244,0.0003,0.10819864582736045,0.2
554,487424,300.0,-0.13886546,238,879,0.246875,0.2277873158454895,0.031329427,-0.047187696950277316,-0.9671667791903019,2370,-0.07282229512929916,0.0003,0.032745175500167534,0.2
554,489472,300.0,-0.14219812999999992,239,882,0.21162109375,0.26195281744003296,0.025066085,-0.04168268332141452,-1.0018714068457484,2380,-0.04747043922543526,0.0003,0.03957373286248185,0.2
555,491520,300.0,-0.21431942000000004,240,884,0.24453125,0.09052568674087524,0.03276833,-0.04891546760045458,-0.9565975913777948,2390,-0.07949785888195038,0.0003,0.020196811700589023,0.2
556,493568,300.0,-0.24971601999999998,241,887,0.2140625,0.3372797966003418,0.025102649,-0.042461854268913156,-0.958774495497346,2400,-0.03288805112242699,0.0003,0.04141889281454496,0.2
557,495616,300.0,-0.15195712000000003,242,889,0.234326171875,0.20682072639465332,0.029446203,-0.048008236230816695,-0.9703719522804022,2410,-0.036911241710186005,0.0003,0.04478849460720084,0.2
557,497664,300.0,-0.046802120000000044,243,892,0.219287109375,0.2921624183654785,0.026752438,-0.040704227777314375,-0.962679597735405,2420,-0.05005139857530594,0.0003,0.036903133697342126,0.2
558,499712,300.0,-0.13789070000000006,244,895,0.22548828125,0.26216793060302734,0.02614411,-0.04543362847180106,-0.9459064682945609,2430,-0.0645500123500824,0.0003,0.03449079669662751,0.2
522,501760,300.0,-0.15929867,245,959,0.21767578125,0.228923499584198,0.024718748,-0.043275908729992804,-0.95428934879601,2440,-0.07060419023036957,0.0003,0.021419244873686693,0.2
523,503808,300.0,-0.23235036999999995,246,961,0.23876953125,0.08827370405197144,0.028795235,-0.04426785726100206,-0.9303504319861531,2450,-0.034842297434806824,0.0003,0.08713683056412265,0.2
524,505856,300.0,-0.21867194999999998,247,964,0.255859375,-0.15761303901672363,0.029309943,-0.048756233518361114,-0.9829118048772216,2460,-0.1003202497959137,0.0003,0.029989397927420215,0.2
525,507904,300.0,-0.2038598600000001,248,966,0.22919921875,-0.033444762229919434,0.027686644,-0.044381803908618164,-0.9722264612093567,2470,-0.07914284616708755,0.0003,0.029244194232160226,0.2
525,509952,300.0,-0.3694766300000001,249,969,0.22724609375,0.009698927402496338,0.027603911,-0.043497796871815805,-0.973583423346281,2480,-0.05383392423391342,0.0003,0.025962218776112423,0.2
526,512000,300.0,-0.07207851999999998,250,971,0.20673828125,0.035764455795288086,0.027076792,-0.04174928175925743,-0.9725727466866374,2490,-0.0765007734298706,0.0003,0.024411992204841228,0.2
527,514048,300.0,0.03015734999999997,251,974,0.205810546875,-0.019535183906555176,0.025684837,-0.044098210407537405,-0.983155706897378,2500,-0.08812618255615234,0.0003,0.021965417388128117,0.2
528,516096,300.0,-0.06725877000000001,252,976,0.232373046875,-0.02115011215209961,0.028235083,-0.046599833059008236,-0.9937508564442397,2510,-0.05151297152042389,0.0003,0.05286044391687028,0.2
529,518144,300.0,-0.24444578000000003,253,978,0.219482421875,0.020440638065338135,0.02665946,-0.045641387873911296,-0.9907160613685846,2520,-0.07763467729091644,0.0003,0.020658809156157077,0.2
530,520192,300.0,-0.3564473900000001,254,981,0.22705078125,0.004770159721374512,0.030145574,-0.048039319954114035,-0.9940803596749902,2530,-0.06456878036260605,0.0003,0.04096091566607356,0.2
531,522240,300.0,-0.17631782000000001,255,983,0.20966796875,0.05613124370574951,0.025754904,-0.045780060021206735,-0.9753480445593595,2540,-0.057960815727710724,0.0003,0.09866499494528398,0.2
531,524288,300.0,-0.2100111500000001,256,985,0.233642578125,0.03145068883895874,0.030601181,-0.0465728405804839,-0.9540044978260994,2550,-0.07379979640245438,0.0003,0.05582913349498995,0.2
532,526336,300.0,-0.32320581000000004,257,987,0.22314453125,0.17906421422958374,0.029054929,-0.043381684270570986,-0.9572050122544169,2560,-0.02876904606819153,0.0003,0.08424804148962721,0.2
533,528384,300.0,-0.26992432000000005,258,990,0.249169921875,-0.06464648246765137,0.027952937,-0.044206803479755766,-0.9719634486362339,2570,-0.03303968906402588,0.0003,0.062322491849772635,0.2
534,530432,300.0,-0.27164473000000006,259,992,0.220947265625,0.12422257661819458,0.026382921,-0.044990998905268496,-0.9561455274000764,2580,-0.04428587108850479,0.0003,0.03552690883516334,0.2
535,532480,300.0,-0.3082988700000001,260,994,0.231494140625,0.018131136894226074,0.03247828,-0.04612875932652969,-0.9696221105754376,2590,-0.07396682351827621,0.0003,0.03278935505077243,0.2
536,534528,300.0,-0.3402825700000001,261,997,0.251904296875,0.034253597259521484,0.03196246,-0.04721082025789656,-0.9365299785509705,2600,-0.05681566894054413,0.0003,0.04561956476536579,0.2
536,536576,300.0,-0.14662438000000003,262,999,0.22744140625,0.10977882146835327,0.028856937,-0.04441542255226523,-0.9419310821220279,2610,-0.048898424953222275,0.0003,0.04791923785232939,0.2
537,538624,300.0,-0.11282190999999994,263,1001,0.21015625,0.03451508283615112,0.027424593,-0.04519201034854632,-0.9463507529348135,2620,-0.052559077739715576,0.0003,0.0566552389995195,0.2
538,540672,300.0,-0.10633115,264,1004,0.22255859375,0.03415274620056152,0.027676374,-0.04494053240923677,-0.921886801160872,2630,-0.05555345118045807,0.0003,0.051089576567756013,0.2
539,542720,300.0,-0.21395209999999998,265,1006,0.2373046875,0.07849091291427612,0.030395001,-0.04467896479764022,-0.887273402698338,2640,-0.06837277114391327,0.0003,0.027309025480644778,0.2
540,544768,300.0,-0.10704879,266,1008,0.21220703125,0.10555529594421387,0.028715026,-0.04417066354071721,-0.8964867200702429,2650,-0.04179541766643524,0.0003,0.05386061761528253,0.2
541,546816,300.0,0.016392949999999996,267,1010,0.214892578125,-0.10210669040679932,0.029237077,-0.042313735579955394,-0.8786153689026832,2660,-0.06188495457172394,0.0003,0.04133215310284868,0.2
541,548864,300.0,0.14499812,268,1013,0.233984375,-0.027042746543884277,0.02972627,-0.043607297590642705,-0.9071840431541205,2670,-0.03518620878458023,0.0003,0.05675560488598421,0.2
542,550912,300.0,0.11066919000000003,269,1015,0.22255859375,-0.18645894527435303,0.030101527,-0.042285183063359,-0.8932057639583946,2680,-0.05683013051748276,0.0003,0.03951265284558758,0.2
543,552960,300.0,-0.15024156999999996,270,1018,0.208544921875,0.06697189807891846,0.025906153,-0.041375974455149844,-0.8703737055882812,2690,-0.06756498664617538,0.0003,0.017937777368933892,0.2
543,555008,300.0,-0.10616401000000007,271,1020,0.2322265625,-0.04644036293029785,0.0278655,-0.041036826887284404,-0.873229230940342,2700,-0.049921438097953796,0.0003,0.032777424860978496,0.2
544,557056,300.0,-0.31389538,272,1022,0.221142578125,0.06055021286010742,0.028679509,-0.04113070958701428,-0.8728252954781055,2710,-0.04917745664715767,0.0003,0.0618877635570243,0.2
545,559104,300.0,-0.2108439700000001,273,1025,0.217041015625,-0.06616032123565674,0.028875556,-0.042227512571844275,-0.865016020834446,2720,-0.050615910440683365,0.0003,0.04894283242756501,0.2
545,561152,300.0,-0.12543371999999997,274,1027,0.221435546875,-0.06762099266052246,0.02949452,-0.04495139740029117,-0.8674407616257668,2730,-0.057658564299345016,0.0003,0.027142751443898307,0.2
546,563200,300.0,-0.16575362000000005,275,1030,0.22333984375,0.12800580263137817,0.027529575,-0.04394845112401526,-0.8646538574248552,2740,-0.03738809749484062,0.0003,0.04873884361004457,0.2
547,565248,300.0,-0.20641925000000008,276,1032,0.21669921875,0.05696636438369751,0.03246849,-0.0449011546705151,-0.8841690491884947,2750,-0.0627472773194313,0.0003,0.0676815960672684,0.2
548,567296,300.0,-0.22302703999999998,277,1035,0.22265625,0.24612492322921753,0.029349657,-0.04602671849715989,-0.8562936721369624,2760,-0.07745841145515442,0.0003,0.09036286249756813,0.2
548,569344,300.0,-0.23333794000000002,278,1037,0.215673828125,0.29694223403930664,0.029624544,-0.04178686657105572,-0.8680335717275739,2770,-0.04665413498878479,0.0003,0.024775927668088116,0.2
549,571392,300.0,-0.25869754000000006,279,1039,0.222900390625,0.5219081044197083,0.030865636,-0.046658579990617,-0.8956606913357973,2780,-0.07591617107391357,0.0003,0.017984683261602186,0.2
550,573440,300.0,-0.31567220999999995,280,1041,0.23369140625,0.18583989143371582,0.031312894,-0.046499318623682485,-0.8621636668220163,2790,-0.07120708376169205,0.0003,0.04375611422583461,0.2
551,575488,300.0,-0.35746899,281,1043,0.22001953125,0.11402040719985962,0.032595716,-0.04288283171044895,-0.8731801331043243,2800,-0.06086007133126259,0.0003,0.025926131688174793,0.2
552,577536,300.0,-0.5394642099999999,282,1045,0.222705078125,0.3262906074523926,0.031362087,-0.04245809403946623,-0.858194843865931,2810,-0.06808365881443024,0.0003,0.026289895587251522,0.2
552,579584,300.0,-0.41798768000000003,283,1048,0.227392578125,0.12440049648284912,0.029757306,-0.043082771115587094,-0.8915176779031754,2820,-0.028753317892551422,0.0003,0.1039010820677504,0.2
553,581632,300.0,-0.42469991999999995,284,1050,0.23359375,0.17233330011367798,0.03262303,-0.042296846720273604,-0.8776808938011527,2830,-0.05247284471988678,0.0003,0.03545468833181076,0.2
554,583680,300.0,-0.37679353,285,1052,0.22822265625,0.482319176197052,0.030565966,-0.042951700673438606,-0.8376189300790429,2840,-0.0718252956867218,0.0003,0.013277110866329166,0.2
555,585728,300.0,-0.37117469,286,1054,0.228173828125,0.35268688201904297,0.03002146,-0.04442325799318496,-0.8485818773508071,2850,-0.05900822579860687,0.0003,0.023999897052999587,0.2
555,587776,300.0,-0.42306371000000004,287,1057,0.234033203125,0.1995825171470642,0.03143442,-0.04393824522267096,-0.8730552112683654,2860,-0.07931923121213913,0.0003,0.0436582341499161,0.2
556,589824,300.0,-0.5027853600000001,288,1059,0.235302734375,0.0904686450958252,0.03366565,-0.042915438517229634,-0.85295483879745,2870,-0.05001893639564514,0.0003,0.043406614032573995,0.2
557,591872,300.0,-0.34071801,289,1061,0.224951171875,0.040707528591156006,0.03219016,-0.04465965101117035,-0.8210603620857,2880,-0.06611617654561996,0.0003,0.02677850738691632,0.2
558,593920,300.0,-0.25437082,290,1064,0.23056640625,0.26613980531692505,0.031782843,-0.04609987765288679,-0.8465257784351706,2890,-0.05483761057257652,0.0003,0.04504416131530888,0.2
558,595968,300.0,-0.38958073,291,1066,0.236279296875,0.2580782175064087,0.032229144,-0.04348933956061955,-0.8651672543957829,2900,-0.06063918024301529,0.0003,0.013711788128421176,0.2
559,598016,300.0,-0.46523433000000003,292,1068,0.221435546875,0.025654256343841553,0.030527974,-0.03964357175864279,-0.8498356075957417,2910,-0.03248051926493645,0.0003,0.06516534961410798,0.2
530,600064,300.0,-0.3850618599999999,293,1130,0.2552734375,0.0457841157913208,0.035642803,-0.0412070421007229,-0.8525295099243522,2920,-0.052218884229660034,0.0003,0.05353699736879207,0.2
531,602112,300.0,-0.40683621000000003,294,1132,0.2306640625,-0.012776732444763184,0.032583993,-0.04478476110380143,-0.8619113886728883,2930,-0.06430932134389877,0.0003,0.04557091310853138,0.2
532,604160,300.0,-0.31536507,295,1134,0.22763671875,-0.016327381134033203,0.03101809,-0.04607928824261762,-0.8671149475499987,2940,-0.06333711743354797,0.0003,0.02209958429157268,0.2
533,606208,300.0,-0.20733266999999997,296,1137,0.2255859375,0.2136235237121582,0.033784438,-0.046092919996590355,-0.8526737924665213,2950,-0.05539538711309433,0.0003,0.025709375203587116,0.2
533,608256,300.0,-0.25989942,297,1139,0.229736328125,0.2538164258003235,0.031251803,-0.0456949513143627,-0.8627623504027724,2960,-0.05645594745874405,0.0003,0.025966184970457107,0.2
534,610304,300.0,-0.03476948999999999,298,1141,0.228466796875,0.008039474487304688,0.033529587,-0.046032377274241296,-0.8593818422406911,2970,-0.07058560103178024,0.0003,0.04673646364826709,0.2
535,612352,300.0,0.09605088999999997,299,1144,0.252001953125,0.2230299711227417,0.040752873,-0.04675974531564862,-0.866592481918633,2980,-0.04921864718198776,0.0003,0.05845206472440623,0.2
536,614400,300.0,0.11620395999999995,300,1146,0.21923828125,0.3356747031211853,0.031839266,-0.044927985337562856,-0.8516203878447414,2990,-0.08624749630689621,0.0003,0.023068774232524448,0.2
536,616448,300.0,0.28658685999999994,301,1148,0.22080078125,0.2403181791305542,0.030790977,-0.0446947335585719,-0.8442354647442698,3000,-0.036420151591300964,0.0003,0.020527263890835458,0.2
537,618496,300.0,0.23516185999999986,302,1151,0.231494140625,0.4635814428329468,0.030428827,-0.04600719035661314,-0.8373239155858755,3010,-0.0776708647608757,0.0003,0.019660831475630403,0.2
537,620544,300.0,0.44345451,303,1153,0.241259765625,0.18546289205551147,0.03443934,-0.04768761195009574,-0.8357807451859116,3020,-0.06142013892531395,0.0003,0.0233813943748828,0.2
538,622592,300.0,0.28780045000000004,304,1156,0.23662109375,0.2123168706893921,0.034208268,-0.04672464810719248,-0.827005229331553,3030,-0.06721802055835724,0.0003,0.07808064799755812,0.2
539,624640,300.0,0.19790516000000002,305,1158,0.2275390625,0.2642695903778076,0.033617992,-0.04641294628963806,-0.8130897732451559,3040,-0.0657941922545433,0.0003,0.03005925741745159,0.2
540,626688,300.0,0.17396743,306,1160,0.218115234375,0.24535304307937622,0.028874936,-0.04419561123359017,-0.8251095499843359,3050,-0.05236329510807991,0.0003,0.04301326340064406,0.2
540,628736,300.0,0.11865434000000001,307,1162,0.231884765625,0.35663163661956787,0.032481447,-0.04465231400972698,-0.8157881636172533,3060,-0.0639634057879448,0.0003,0.025290961435530335,0.2
541,630784,300.0,0.05446847000000003,308,1165,0.219140625,0.0756182074546814,0.032489043,-0.045761364250211045,-0.8069535119459033,3070,-0.08451949059963226,0.0003,0.038605576887493956,0.2
542,632832,300.0,0.15016537,309,1167,0.24169921875,0.212469220161438,0.036546472,-0.04561044372094329,-0.8324996223673224,3080,-0.07198934257030487,0.0003,0.02976130856841337,0.2
542,634880,300.0,0.35029533000000007,310,1169,0.225927734375,0.08988159894943237,0.030912824,-0.043790298243402505,-0.8036674784496427,3090,-0.06090151518583298,0.0003,0.05347678263206035,0.2
543,636928,300.0,0.17407486000000005,311,1172,0.224072265625,-0.346840500831604,0.034934305,-0.045101116634032226,-0.7962172588333487,3100,-0.07253638654947281,0.0003,0.032429456640966234,0.2
543,638976,300.0,0.25074032,312,1174,0.24736328125,-0.043404459953308105,0.035685778,-0.04476097184815444,-0.804284791648388,3110,-0.07389777898788452,0.0003,0.02701225453056395,0.2
544,641024,300.0,0.25869329,313,1177,0.232373046875,0.007833361625671387,0.03385698,-0.043092580656229985,-0.8112973676994443,3120,-0.07421579957008362,0.0003,0.030221823987085374,0.2
545,643072,300.0,0.29112528,314,1179,0.237158203125,-0.08038997650146484,0.037924822,-0.04394585017871577,-0.8159361526370048,3130,-0.05121432989835739,0.0003,0.05850444821990095,0.2
545,645120,300.0,0.23513854,315,1181,0.21513671875,0.08138984441757202,0.02866615,-0.04393233509908896,-0.8062336230650544,3140,-0.055609650909900665,0.0003,0.031884361186530444,0.2
546,647168,300.0,0.12281469999999998,316,1184,0.226025390625,0.21776139736175537,0.031706586,-0.04311154096503742,-0.808614943176508,3150,-0.07358221709728241,0.0003,0.04691309509216808,0.2
547,649216,300.0,0.19748504000000003,317,1186,0.24091796875,-0.12310492992401123,0.034557518,-0.04698758878803346,-0.8106314847245812,3160,-0.04764329642057419,0.0003,0.039086005662102255,0.2
547,651264,300.0,0.20874667000000002,318,1188,0.2181640625,0.062152862548828125,0.030916927,-0.04509218263556249,-0.8119742222130298,3170,-0.05249644070863724,0.0003,0.08288183148251846,0.2
548,653312,300.0,0.27995317,319,1190,0.234326171875,0.0987621545791626,0.03692051,-0.0435859799006721,-0.773117215745151,3180,-0.07079951465129852,0.0003,0.03156551411375404,0.2
549,655360,300.0,0.23964085000000004,320,1193,0.240625,0.047780752182006836,0.03307618,-0.041865960985887796,-0.7780155396088958,3190,-0.03890424966812134,0.0003,0.06705438510980458,0.2
549,657408,300.0,0.16856776,321,1195,0.230126953125,0.0756421685218811,0.03134783,-0.04526680375856813,-0.7877251515164971,3200,-0.02609957754611969,0.0003,0.06125295527745038,0.2
550,659456,300.0,0.28740983,322,1197,0.2318359375,0.25597214698791504,0.038919307,-0.04594871235021856,-0.7935750430449844,3210,-0.035357724875211716,0.0003,0.07565300886053591,0.2
551,661504,300.0,0.3150167599999999,323,1199,0.2435546875,0.16746395826339722,0.034429368,-0.04699598597362638,-0.8107398308813571,3220,-0.07357906550168991,0.0003,0.024580289903678932,0.2
552,663552,300.0,0.22479550000000004,324,1201,0.225634765625,-0.10686695575714111,0.03220459,-0.043409257085295395,-0.7872937159612775,3230,-0.017228424549102783,0.0003,0.09854608486639335,0.2
552,665600,300.0,0.12503884000000004,325,1204,0.23388671875,-0.12881028652191162,0.03366573,-0.04433931992389262,-0.7493401233106851,3240,-0.07296562939882278,0.0003,0.03402905878028832,0.2
553,667648,300.0,0.24737450000000002,326,1206,0.224951171875,0.03568142652511597,0.037789993,-0.04228373415244278,-0.7969332197681069,3250,-0.046259261667728424,0.0003,0.03430106251325924,0.2
553,669696,300.0,0.12784092000000008,327,1209,0.2294921875,-0.10391712188720703,0.040553488,-0.045427259130519815,-0.7857615545392036,3260,-0.046007439494132996,0.0003,0.056423417653422805,0.2
554,671744,300.0,-0.11644108999999993,328,1211,0.23515625,-0.03132069110870361,0.036667027,-0.04554677750566043,-0.7960316719487309,3270,-0.07728393375873566,0.0003,0.04238538380013779,0.2
555,673792,300.0,-0.02662363999999998,329,1213,0.23251953125,-0.2607419490814209,0.038200054,-0.042404084067675284,-0.7886625340208411,3280,-0.06418192386627197,0.0003,0.028925290951156056,0.2
555,675840,300.0,-0.052629710000000045,330,1216,0.232275390625,-0.024947047233581543,0.0316668,-0.045870228720013985,-0.7561561221256852,3290,-0.07482212781906128,0.0003,0.05154932521400042,0.2
556,677888,300.0,-0.044245160000000075,331,1218,0.228271484375,-0.18970894813537598,0.031249067,-0.04449306411843281,-0.778770424053073,3300,-0.0750986635684967,0.0003,0.0679522433085367,0.2
556,679936,300.0,-0.23837469000000006,332,1220,0.231103515625,-0.011701226234436035,0.037723273,-0.04495490312401671,-0.7845550999045372,3310,-0.054914385080337524,0.0003,0.07896655271761119,0.2
557,681984,300.0,-0.36153383000000006,333,1223,0.2431640625,0.04662579298019409,0.03565279,-0.050061549150268544,-0.7909685486927629,3320,-0.04675440490245819,0.0003,0.0689498815103434,0.2
558,684032,300.0,-0.37488636999999997,334,1225,0.2328125,0.040096938610076904,0.03677602,-0.04485547497170046,-0.7772910537198185,3330,-0.062154050916433334,0.0003,0.053163421305362134,0.2
558,686080,300.0,-0.19097460000000002,335,1228,0.221044921875,0.033646583557128906,0.03486762,-0.042981623014202344,-0.789177143201232,3340,-0.05796234682202339,0.0003,0.025221378254354932,0.2
558,688128,300.0,-0.22110141,336,1231,0.2498046875,0.20574897527694702,0.037890106,-0.046614898840198295,-0.7776237014681101,3350,-0.04899218678474426,0.0003,0.03601053900201805,0.2
559,690176,300.0,-0.38761580000000007,337,1233,0.225341796875,0.23147118091583252,0.034285568,-0.042618239062721844,-0.7834112022072077,3360,-0.0436166487634182,0.0003,0.05466854944243096,0.2
559,692224,300.0,-0.29050897000000003,338,1236,0.237744140625,0.2250821590423584,0.033225928,-0.04295295785996132,-0.8085460411384702,3370,-0.06053893640637398,0.0003,0.038275232806336136,0.2
560,694272,300.0,-0.2718043700000001,339,1239,0.245556640625,-0.1666773557662964,0.033578105,-0.04905371897912118,-0.8057574581354856,3380,-0.0777917131781578,0.0003,0.014868989086244256,0.2
560,696320,300.0,-0.3796649399999999,340,1242,0.24150390625,0.29976755380630493,0.03613679,-0.04745073233207222,-0.7657626248896122,3390,-0.046102434396743774,0.0003,0.030274917394854127,0.2
560,698368,300.0,-0.36972290999999996,341,1245,0.253857421875,0.24973279237747192,0.036883466,-0.04429878870869288,-0.7901700675487519,3400,-0.06339503079652786,0.0003,0.03760044975788333,0.2
535,700416,300.0,-0.44707946000000015,342,1308,0.244482421875,0.16477328538894653,0.03525934,-0.045959090517135336,-0.7704734195023775,3410,-0.05252495035529137,0.0003,0.0677621795446612,0.2
535,702464,300.0,-0.28298482,343,1311,0.24228515625,0.2533266544342041,0.040384084,-0.04414858864620328,-0.7529109751805663,3420,-0.04275074973702431,0.0003,0.037660782667808236,0.2
536,704512,300.0,-0.24312442000000004,344,1313,0.227001953125,0.5051319599151611,0.033329688,-0.04076800931070466,-0.7408620299771428,3430,-0.06863263994455338,0.0003,0.045519217720720914,0.2
537,706560,300.0,-0.041384010000000034,345,1315,0.2373046875,0.5293573141098022,0.036158107,-0.04673521877848543,-0.7306015353649855,3440,-0.05180622637271881,0.0003,0.0453288898745086,0.2
537,708608,300.0,-0.047023300000000046,346,1317,0.2220703125,0.6373456716537476,0.035494372,-0.04065150220121723,-0.740880755148828,3450,-0.050242241472005844,0.0003,0.03960503885173239,0.2
538,710656,300.0,-0.011805860000000083,347,1320,0.226513671875,0.5205527544021606,0.041616358,-0.04397430075332522,-0.7216803221032023,3460,-0.054677918553352356,0.0003,0.04370397348538972,0.2
539,712704,300.0,0.05477664999999993,348,1322,0.23291015625,0.5199323296546936,0.033205044,-0.04029101754131261,-0.7349724683910608,3470,-0.02417728677392006,0.0003,0.048906241927761586,0.2
539,714752,300.0,-0.04410925000000009,349,1324,0.22939453125,0.4628896713256836,0.034724765,-0.04109246938023716,-0.7333026044070721,3480,-0.034769944846630096,0.0003,0.039729474409250544,0.2
540,716800,300.0,0.07758356999999994,350,1327,0.245263671875,0.21884268522262573,0.040654197,-0.04841810576908756,-0.6997902208939195,3490,-0.04872133210301399,0.0003,0.02233659180928953,0.2
540,718848,300.0,0.15861721999999998,351,1329,0.214111328125,0.3070259094238281,0.03421393,-0.04009737567976117,-0.7059154262766242,3500,-0.04823724552989006,0.0003,0.03773863443057053,0.2
541,720896,300.0,0.09694422999999994,352,1331,0.237744140625,0.06847542524337769,0.038984403,-0.043651907431194556,-0.6905329560860991,3510,-0.056680962443351746,0.0003,0.053950078756315634,0.2
541,722944,300.0,-0.06568789,353,1334,0.2271484375,0.06258499622344971,0.039064646,-0.04522767585003749,-0.6600182285532356,3520,-0.06678000837564468,0.0003,0.048831002076622096,0.2
542,724992,300.0,-0.023051840000000018,354,1337,0.235595703125,0.2512257695198059,0.04247294,-0.043151621273136695,-0.6904483750462532,3530,-0.02710307389497757,0.0003,0.08488556790398434,0.2
542,727040,300.0,0.10356148,355,1339,0.22138671875,0.35765165090560913,0.035525687,-0.043208328820765016,-0.6982559436932206,3540,-0.06422930955886841,0.0003,0.031253801577258856,0.2
543,729088,300.0,0.11504830000000005,356,1341,0.212255859375,0.49250781536102295,0.033581607,-0.042070034872449466,-0.7119813486933708,3550,-0.05418224632740021,0.0003,0.024188169930130243,0.2
543,731136,300.0,0.12030667999999997,357,1344,0.2197265625,0.4258245825767517,0.037275333,-0.04060258905228693,-0.6975116699934005,3560,-0.03692983090877533,0.0003,0.024705072058713994,0.2
544,733184,300.0,-0.06483049000000002,358,1346,0.214208984375,0.47316086292266846,0.034793466,-0.04368798052018974,-0.729149097763002,3570,-0.04471489414572716,0.0003,0.021240324672544376,0.2
544,735232,300.0,-0.01885468000000002,359,1349,0.22744140625,0.11404067277908325,0.036024295,-0.04236552072543418,-0.7377927975729108,3580,-0.039576493203639984,0.0003,0.04283062979229726,0.2
545,737280,300.0,0.053842879999999954,360,1352,0.2412109375,0.05573195219039917,0.039986335,-0.04598670451523503,-0.739733575284481,3590,-0.040209364145994186,0.0003,0.043252285750349985,0.2
545,739328,300.0,0.09894763,361,1354,0.232470703125,0.24807196855545044,0.03879749,-0.04670769612130243,-0.7373243412002921,3600,-0.06402133405208588,0.0003,0.051794997102115305,0.2
546,741376,300.0,0.19092327000000003,362,1357,0.23251953125,0.11834490299224854,0.03575173,-0.043103240971686316,-0.7328827440738678,3610,-0.045906662940979004,0.0003,0.054963483242318034,0.2
546,743424,300.0,-0.04333572,363,1359,0.240185546875,0.251828134059906,0.039557766,-0.04703370669449214,-0.7216515868902207,3620,-0.016432374715805054,0.0003,0.1391298967646435,0.2
547,745472,300.0,-0.08430222000000004,364,1361,0.22275390625,0.06106722354888916,0.03507495,-0.0442116561345756,-0.725574679300189,3630,-0.052595652639865875,0.0003,0.06706058096606285,0.2
547,747520,300.0,-0.23633958999999996,365,1364,0.215966796875,-0.16078782081604004,0.035690594,-0.04154324882547371,-0.7120999500155449,3640,-0.041349492967128754,0.0003,0.07370449918089435,0.2
548,749568,300.0,-0.21812018999999996,366,1367,0.23662109375,-0.019170522689819336,0.03313992,-0.04428048013069201,-0.7332331363111735,3650,-0.053749047219753265,0.0003,0.056810071400832385,0.2
548,751616,300.0,-0.03933345,367,1369,0.243994140625,0.004548192024230957,0.04116959,-0.04492439430032391,-0.731416100077331,3660,-0.03225656971335411,0.0003,0.1153998451307416,0.2
549,753664,300.0,-0.04090969000000002,368,1371,0.219775390625,-0.023365378379821777,0.03418833,-0.04198712623328902,-0.7269835121929645,3670,-0.021877121180295944,0.0003,0.09922848144778981,0.2
550,755712,300.0,-0.14948672999999998,369,1373,0.236865234375,-0.02844250202178955,0.039617922,-0.043901425726653544,-0.7153547255322337,3680,-0.03325542435050011,0.0003,0.04359905351884663,0.2
550,757760,300.0,-0.10689502999999999,370,1375,0.229150390625,-0.02232813835144043,0.0352551,-0.04366170091816457,-0.7361744413152337,3690,-0.06001230701804161,0.0003,0.06653051960747688,0.2
551,759808,300.0,-0.19173527999999998,371,1377,0.234130859375,0.13475453853607178,0.039337233,-0.04303837032639422,-0.7433893758803606,3700,-0.07477399706840515,0.0003,0.058207581972237674,0.2
551,761856,300.0,-0.17071426000000006,372,1380,0.214892578125,-0.08465456962585449,0.035630494,-0.04267865661240648,-0.6994270700961351,3710,-0.043362438678741455,0.0003,0.05262578813708387,0.2
552,763904,300.0,-0.12471159999999998,373,1382,0.24423828125,-0.15827715396881104,0.041704644,-0.04588904786505736,-0.7115807861089707,3720,-0.049133479595184326,0.0003,0.044528769329190254,0.2
553,765952,300.0,-0.29861141,374,1384,0.238916015625,-0.10479366779327393,0.042828828,-0.04087264982517809,-0.695603851415217,3730,-0.057527389377355576,0.0003,0.038587425916921346,0.2
553,768000,300.0,-0.2838835400000001,375,1387,0.232666015625,-0.23479998111724854,0.039597135,-0.04413995604263619,-0.6969372252002358,3740,-0.0693153664469719,0.0003,0.030748813200625592,0.2
554,770048,300.0,-0.3051475600000001,376,1389,0.241748046875,-0.034428954124450684,0.044602253,-0.04504793587548193,-0.6891256216913462,3750,-0.015836333855986595,0.0003,0.06580081479623914,0.2
554,772096,300.0,-0.3954620200000001,377,1391,0.24033203125,0.18289399147033691,0.045461535,-0.04069992867880501,-0.6958295099437237,3760,-0.07554582506418228,0.0003,0.03780484967282973,0.2
555,774144,300.0,-0.28253255000000005,378,1394,0.210302734375,0.15944337844848633,0.03679952,-0.04339578975632321,-0.6816440694965422,3770,-0.025679439306259155,0.0003,0.07288734575267881,0.2
555,776192,300.0,-0.18993749999999998,379,1396,0.218115234375,0.12342792749404907,0.03758704,-0.04034968011255842,-0.7170529935508967,3780,-0.038537345826625824,0.0003,0.10482273498782887,0.2
556,778240,300.0,-0.23607262,380,1398,0.233740234375,0.16688942909240723,0.034952432,-0.040684289213095325,-0.6895122025161982,3790,-0.028478477150201797,0.0003,0.06318008457310498,0.2
557,780288,300.0,-0.23776662999999998,381,1400,0.22939453125,-0.19916939735412598,0.03718932,-0.04346448346041143,-0.7021505955606699,3800,-0.06734796613454819,0.0003,0.044939196086488664,0.2
557,782336,300.0,-0.45913226,382,1403,0.222900390625,-0.11440253257751465,0.038402498,-0.044475090532796455,-0.6536031424999237,3810,-0.0504043847322464,0.0003,0.03755831205053255,0.2
558,784384,300.0,-0.43997268,383,1405,0.236767578125,0.044352948665618896,0.03817404,-0.04780960553907789,-0.6877385588362813,3820,-0.056401707231998444,0.0003,0.05346351001644507,0.2
558,786432,300.0,-0.41144497,384,1407,0.22666015625,0.1306057572364807,0.039205417,-0.04359748144634068,-0.6940623121336102,3830,-0.058652639389038086,0.0003,0.02184497312118765,0.2
559,788480,300.0,-0.45906997999999993,385,1409,0.233935546875,0.20157456398010254,0.038287386,-0.04264776942145545,-0.7200741400942207,3840,-0.08134541660547256,0.0003,0.011247655785700772,0.2
559,790528,300.0,-0.3249095000000001,386,1412,0.2345703125,0.22196614742279053,0.0394941,-0.044283404375892135,-0.7000138908624649,3850,-0.06994850933551788,0.0003,0.033907582372194156,0.2
560,792576,300.0,-0.3034246400000001,387,1414,0.222314453125,0.16206955909729004,0.036285833,-0.04186183412384707,-0.6907451806589961,3860,-0.04474490508437157,0.0003,0.05065109099377878,0.2
560,794624,300.0,-0.24315454000000003,388,1416,0.22041015625,0.22676676511764526,0.03565549,-0.04133550008264138,-0.6911339020356536,3870,-0.07136492431163788,0.0003,0.05617877335753292,0.2
561,796672,300.0,-0.20290025,389,1418,0.224755859375,0.2366284728050232,0.041984215,-0.041741963375534395,-0.6782739823684096,3880,-0.06313939392566681,0.0003,0.026245094419573435,0.2
562,798720,300.0,-0.3657527799999999,390,1420,0.233154296875,0.614106297492981,0.041478105,-0.04470805848250166,-0.6875822046771646,3890,-0.06512732803821564,0.0003,0.015527092473348603,0.2
540,800768,300.0,-0.1233169199999999,391,1481,0.24248046875,0.637076735496521,0.042685635,-0.0433372368075652,-0.687765765748918,3900,-0.0633334219455719,0.0003,0.016114088401081972,0.2
541,802816,300.0,-0.042484379999999995,392,1483,0.243408203125,0.47968989610671997,0.03959557,-0.04591221829177812,-0.7053519006818533,3910,-0.06611805409193039,0.0003,0.03361962286289781,0.2
541,804864,300.0,0.17016660000000003,393,1486,0.250927734375,0.3370625376701355,0.04573424,-0.04489684873551596,-0.6769663525745273,3920,-0.036626093089580536,0.0003,0.060366015537874775,0.2
542,806912,300.0,0.15044375000000004,394,1488,0.21787109375,0.40829145908355713,0.039475672,-0.03884177158906823,-0.6548893874511122,3930,-0.050002098083496094,0.0003,0.04844771286007017,0.2
542,808960,300.0,0.3138606599999999,395,1490,0.22607421875,0.20413053035736084,0.038498174,-0.0415293367637787,-0.6497181246057153,3940,-0.04926987737417221,0.0003,0.0426207878976129,0.2
543,811008,300.0,0.50121644,396,1492,0.22197265625,0.3240293860435486,0.03989602,-0.04210830707743298,-0.6478191777132452,3950,-0.051878027617931366,0.0003,0.0232593915425241,0.2
543,813056,300.0,0.50103735,397,1495,0.222021484375,0.04001516103744507,0.041004807,-0.04133157131727785,-0.6359770604409277,3960,-0.012889891862869263,0.0003,0.10159193294821307,0.2
544,815104,300.0,0.43584139999999993,398,1497,0.214501953125,0.2668948173522949,0.042007327,-0.04231548867392121,-0.6423104515299201,3970,-0.05418781191110611,0.0003,0.04455443502520211,0.2
544,817152,300.0,0.5441983199999999,399,1499,0.222412109375,0.26016348600387573,0.04143302,-0.04162061993847601,-0.645047097466886,3980,-0.053663961589336395,0.0003,0.051054129743715745,0.2
545,819200,300.0,0.46093974999999987,400,1501,0.236376953125,0.10752272605895996,0.039525047,-0.03803870306001045,-0.6421283235773444,3990,-0.03666270524263382,0.0003,0.044480684940936044,0.2
545,821248,300.0,0.6698105,401,1504,0.22236328125,0.19959592819213867,0.03793995,-0.041172713458945506,-0.6706431301310658,4000,-0.04432813078165054,0.0003,0.030394345917738975,0.2
546,823296,300.0,0.43421208,402,1506,0.22978515625,0.50530606508255,0.042189483,-0.041935336324968375,-0.6695652335882187,4010,-0.056638944894075394,0.0003,0.04444214067189023,0.2
546,825344,300.0,0.49655506999999993,403,1508,0.2361328125,0.4379199147224426,0.04124956,-0.04380215657001827,-0.6257322608493269,4020,-0.0891842320561409,0.0003,0.030898686312139035,0.2
547,827392,300.0,0.62148454,404,1511,0.2283203125,0.3737667202949524,0.03875334,-0.03957257592410315,-0.6500107131898403,4030,-0.050153039395809174,0.0003,0.06008607183466665,0.2
548,829440,300.0,0.5025785100000002,405,1513,0.220751953125,0.3841356039047241,0.041643325,-0.041440364826121366,-0.6417551504448056,4040,-0.04890097305178642,0.0003,0.03258972674957476,0.2
548,831488,300.0,0.4087658300000001,406,1515,0.226318359375,0.38807010650634766,0.037544385,-0.04362647761590779,-0.6520068282261491,4050,-0.042552508413791656,0.0003,0.034519422118319196,0.2
549,833536,300.0,0.19058867000000007,407,1517,0.216943359375,0.6371340155601501,0.036914602,-0.04086349501885707,-0.6398712428286671,4060,-0.06865473836660385,0.0003,0.027983493925421498,0.2
549,835584,300.0,0.10075056000000007,408,1520,0.22998046875,0.6411434412002563,0.037768736,-0.04410653767845361,-0.6767291096970439,4070,-0.06942576169967651,0.0003,0.04215944702154957,0.2
550,837632,300.0,0.2717880100000001,409,1522,0.210009765625,0.5055806636810303,0.039473888,-0.03855872544518206,-0.6700825000181794,4080,-0.03165336698293686,0.0003,0.046016281412448734,0.2
550,839680,300.0,0.33758328000000015,410,1524,0.226708984375,0.4992348551750183,0.03890298,-0.0395995818573283,-0.674653435498476,4090,-0.06943480670452118,0.0003,0.037654725450556724,0.2
551,841728,300.0,0.28676475999999995,411,1526,0.237109375,-0.003666400909423828,0.03668561,-0.04427542306657415,-0.6761817598715425,4100,-0.08355186879634857,0.0003,0.018255115661304444,0.2
551,843776,300.0,0.3437811599999999,412,1529,0.233935546875,0.26902443170547485,0.04049529,-0.04024563537386712,-0.6821167815476656,4110,-0.039405256509780884,0.0003,0.0638864426407963,0.2
552,845824,300.0,0.27875532,413,1531,0.232861328125,0.39024847745895386,0.03693535,-0.04291321190976305,-0.6655631293542683,4120,-0.08826351910829544,0.0003,0.03253729109128471,0.2
552,847872,300.0,0.12590102000000003,414,1533,0.22529296875,0.2684996724128723,0.039927997,-0.03796409509086516,-0.6619584448635578,4130,-0.04129970818758011,0.0003,0.029541623248951508,0.2
553,849920,300.0,0.20983677999999997,415,1535,0.219482421875,0.14382803440093994,0.036691874,-0.04109898497990798,-0.6622498592361807,4140,-0.030653320252895355,0.0003,0.04861494156648405,0.2
553,851968,300.0,0.016678449999999997,416,1538,0.233447265625,0.06454461812973022,0.042397328,-0.04146527217817493,-0.6784184472635388,4150,-0.006543021649122238,0.0003,0.09631562175927684,0.2
554,854016,300.0,-0.03547866999999999,417,1540,0.22080078125,0.2722204327583313,0.03553143,-0.03973322695674142,-0.6826425069943071,4160,-0.03746476769447327,0.0003,0.06536880115745589,0.2
555,856064,300.0,-0.25022024000000004,418,1542,0.23701171875,0.174604594707489,0.03592829,-0.03822571366326884,-0.714558226056397,4170,-0.007321015000343323,0.0003,0.15108259161934257,0.2
555,858112,300.0,-0.26773946,419,1544,0.220361328125,0.28414225578308105,0.036934834,-0.039152808662038296,-0.6694835962727665,4180,-0.04001772403717041,0.0003,0.06521303753834218,0.2
555,860160,300.0,-0.20516825000000005,420,1547,0.2275390625,0.2956843972206116,0.039105617,-0.040607897864538244,-0.6699063314124942,4190,-0.07221454381942749,0.0003,0.025875381196965464,0.2
556,862208,300.0,-0.3534066400000001,421,1549,0.243359375,0.11189156770706177,0.03888575,-0.04402570406964514,-0.6706348329782486,4200,-0.0703575536608696,0.0003,0.04090521531179547,0.2
557,864256,300.0,-0.29509347,422,1551,0.235546875,0.19680315256118774,0.04074025,-0.04198369533114601,-0.6749263491481543,4210,-0.03291384130716324,0.0003,0.07351035455940291,0.2
557,866304,300.0,-0.3341196799999999,423,1553,0.22119140625,0.2830393314361572,0.03768847,-0.039259332447545606,-0.6695010209456086,4220,-0.08079082518815994,0.0003,0.030723445283365437,0.2
558,868352,300.0,-0.5244281199999999,424,1555,0.2171875,0.5748933553695679,0.035421025,-0.03901891900750343,-0.6563845265656709,4230,-0.04985663294792175,0.0003,0.024075318037648685,0.2
558,870400,300.0,-0.46552862999999994,425,1557,0.230029296875,0.3937361240386963,0.044241723,-0.041198549112596086,-0.6383919371291995,4240,-0.05335351824760437,0.0003,0.047723718686029315,0.2
559,872448,300.0,-0.3535147299999999,426,1560,0.2287109375,0.5175942182540894,0.037515525,-0.040864073554985225,-0.6675826448947191,4250,-0.049139782786369324,0.0003,0.046751763811334966,0.2
559,874496,300.0,-0.36056664,427,1562,0.2357421875,0.6458336114883423,0.038271993,-0.04134853712457698,-0.6586197728291154,4260,-0.049271613359451294,0.0003,0.024785140459425748,0.2
559,876544,300.0,-0.2810819,428,1565,0.223291015625,0.518684983253479,0.036396988,-0.04294906541181263,-0.647064819931984,4270,-0.06627863645553589,0.0003,0.0536038902355358,0.2
560,878592,300.0,-0.0023527199999999696,429,1567,0.229931640625,0.565991997718811,0.045385323,-0.04498067864769837,-0.659166457876563,4280,-0.04631412774324417,0.0003,0.024728330041398294,0.2
560,880640,300.0,-0.21813834999999998,430,1570,0.2296875,0.5146298408508301,0.04323993,-0.03861031127453316,-0.6516300087794662,4290,-0.03909784555435181,0.0003,0.0451839231653139,0.2
561,882688,300.0,-0.04887474000000003,431,1572,0.221240234375,0.5494635105133057,0.04367245,-0.040586698397237345,-0.6352736840024591,4300,-0.05835217982530594,0.0003,0.02241883569804486,0.2
561,884736,300.0,-0.028918629999999945,432,1575,0.229541015625,0.1779136061668396,0.038560055,-0.04168786490627099,-0.637426326982677,4310,-0.06025070697069168,0.0003,0.052563499705865976,0.2
562,886784,300.0,0.05931384000000001,433,1577,0.243505859375,0.12908798456192017,0.04503552,-0.04247846742509864,-0.6557714710012078,4320,-0.044798243790864944,0.0003,0.051558278984157366,0.2
562,888832,300.0,0.06390764,434,1579,0.217138671875,0.0748102068901062,0.046223413,-0.041407701140269634,-0.6194649823009968,4330,-0.05778884515166283,0.0003,0.04346109197940677,0.2
563,890880,300.0,0.030988750000000006,435,1581,0.237060546875,0.13945543766021729,0.044709302,-0.040781391737982634,-0.6524579187855124,4340,-0.04799778759479523,0.0003,0.027541360291070304,0.2
563,892928,300.0,0.022521109999999966,436,1583,0.224560546875,0.13622474670410156,0.040498853,-0.04316350173612591,-0.6463884487748146,4350,-0.04744730144739151,0.0003,0.03542858090368099,0.2
564,894976,300.0,-0.09435925000000003,437,1586,0.237548828125,-0.03023052215576172,0.04023321,-0.04210605251428205,-0.6536797175183893,4360,-0.056466929614543915,0.0003,0.03117721958551556,0.2
564,897024,300.0,-0.12505306000000002,438,1588,0.230859375,-0.017504096031188965,0.04390186,-0.041919068910647186,-0.660833346657455,4370,-0.04391386732459068,0.0003,0.040079934609821066,0.2
565,899072,300.0,-0.20535230999999998,439,1590,0.22880859375,-0.0889589786529541,0.037893638,-0.04352194369130302,-0.6478094244375825,4380,-0.043124064803123474,0.0003,0.031214072689181194,0.2
544,901120,300.0,-0.25051972999999994,440,1653,0.228662109375,-0.07234632968902588,0.039598666,-0.04443507087707985,-0.6387060475535691,4390,-0.053186867386102676,0.0003,0.03766591979656368,0.2
545,903168,300.0,-0.29992534000000004,441,1655,0.231689453125,-0.3081144094467163,0.03925889,-0.044437137301429175,-0.667084394954145,4400,-0.03900153562426567,0.0003,0.018842522735940292,0.2
545,905216,300.0,-0.18359138000000003,442,1658,0.217626953125,0.1258036494255066,0.042476445,-0.04145855813694652,-0.6509002454578876,4410,-0.04776933789253235,0.0003,0.06696197812561877,0.2
546,907264,300.0,-0.26113427,443,1661,0.22958984375,0.1385650634765625,0.0424721,-0.042140088611631654,-0.6499148582108318,4420,-0.03684365749359131,0.0003,0.06317520403536037,0.2
546,909312,300.0,-0.22953233000000003,444,1662,0.2380859375,0.21754854917526245,0.04482924,-0.0446105120354332,-0.6607495147734881,4430,-0.07101969420909882,0.0003,0.013937704007548745,0.2
547,911360,300.0,-0.04589554000000014,445,1665,0.238037109375,0.2720879912376404,0.03684706,-0.04335555787547492,-0.6778752069920302,4440,-0.06455390900373459,0.0003,0.044711333443410696,0.2
547,913408,300.0,0.1083718299999999,446,1667,0.2216796875,0.3199664354324341,0.03617175,-0.04065595627616858,-0.6625645438209176,4450,0.009932225570082664,0.0003,0.04908405459718779,0.2
548,915456,300.0,-0.060579919999999995,447,1669,0.24609375,0.2556575536727905,0.040163435,-0.046871810118318535,-0.6640525979921221,4460,-0.045666761696338654,0.0003,0.0489458647207357,0.2
549,917504,300.0,0.043931920000000034,448,1671,0.226806640625,0.1588277816772461,0.03988292,-0.04422426985111087,-0.6566706974059343,4470,-0.07053040713071823,0.0003,0.03696953952894546,0.2
549,919552,300.0,0.01610766999999999,449,1673,0.22578125,0.20581424236297607,0.038624093,-0.04226958553481382,-0.6706467876210809,4480,-0.06463735550642014,0.0003,0.040471337543567645,0.2
550,921600,300.0,0.09811124999999998,450,1675,0.224267578125,0.3217606544494629,0.037567355,-0.041367800449370405,-0.6926076605916023,4490,-0.06029617786407471,0.0003,0.04696978584397584,0.2
550,923648,300.0,0.17762377999999998,451,1677,0.21513671875,0.49924659729003906,0.03454732,-0.04082436224562116,-0.6731137275695801,4500,-0.04539577290415764,0.0003,0.025115537689998746,0.2
551,925696,300.0,0.34566799,452,1679,0.222265625,0.23494559526443481,0.043032594,-0.04342401331232395,-0.6594745717942715,4510,-0.021926399320364,0.0003,0.04938279110356234,0.2
551,927744,300.0,0.55000116,453,1681,0.220068359375,0.33224982023239136,0.03771217,-0.03907632794289384,-0.6816966289654374,4520,-0.05857336148619652,0.0003,0.0476351149729453,0.2
552,929792,300.0,0.6922074199999999,454,1683,0.23642578125,0.1591528058052063,0.041972112,-0.04458699898677878,-0.6812430571764707,4530,-0.03513598069548607,0.0003,0.08922334762755782,0.2
552,931840,300.0,0.5763146100000001,455,1685,0.22861328125,0.14413583278656006,0.037227523,-0.04434518351918086,-0.682706736214459,4540,-0.05394427478313446,0.0003,0.06053308064583689,0.2
553,933888,300.0,0.6318069899999998,456,1687,0.232763671875,0.3767932057380676,0.041875318,-0.046497264645586255,-0.6747081248089671,4550,-0.05850772559642792,0.0003,0.03812515336321667,0.2
553,935936,300.0,0.4861936800000001,457,1689,0.221044921875,0.3633813261985779,0.039699286,-0.04360803810704965,-0.6942455844953657,4560,-0.04010382667183876,0.0003,0.07262196853989736,0.2
554,937984,300.0,0.34045823,458,1692,0.2177734375,0.7006866335868835,0.036019873,-0.043564632649940906,-0.7010215267539024,4570,-0.0845952033996582,0.0003,0.019323710270691664,0.2
554,940032,300.0,0.35644516,459,1694,0.21611328125,0.46069735288619995,0.03742222,-0.04058298404270318,-0.6830997860059143,4580,-0.04217856749892235,0.0003,0.03985361534287222,0.2
555,942080,300.0,0.1791535299999999,460,1696,0.22822265625,0.25988709926605225,0.039766222,-0.04471937026100932,-0.6973138766363263,4590,-0.03859183192253113,0.0003,0.05432552449638024,0.2
555,944128,300.0,0.2762527399999999,461,1698,0.227734375,0.4636542797088623,0.038346216,-0.045011166052427144,-0.6644179202616215,4600,-0.07632247358560562,0.0003,0.01962640426354483,0.2
556,946176,300.0,0.48069486999999994,462,1700,0.238720703125,0.05655747652053833,0.044612437,-0.04737274639192037,-0.6891746597364545,4610,-0.054242148995399475,0.0003,0.03463495645555668,0.2
556,948224,300.0,0.42834687999999993,463,1702,0.23076171875,0.004830062389373779,0.036910906,-0.04270214824646246,-0.6853545345366001,4620,-0.07613297551870346,0.0003,0.015393565240083262,0.2
557,950272,300.0,0.4060590700000001,464,1705,0.22431640625,0.07483863830566406,0.03997792,-0.043571358820190656,-0.6787195893935859,4630,-0.06556402891874313,0.0003,0.05056123601971194,0.2
557,952320,300.0,0.45866450000000003,465,1707,0.225830078125,0.380293071269989,0.037116647,-0.04391642790287733,-0.6682682420127094,4640,-0.032592497766017914,0.0003,0.032042877055937426,0.2
558,954368,300.0,0.42796073000000007,466,1709,0.220654296875,0.10993432998657227,0.039567053,-0.04113491947064176,-0.6759960126131773,4650,-0.03327406942844391,0.0003,0.07035201176186093,0.2
558,956416,300.0,0.18347723999999996,467,1711,0.2470703125,0.06074553728103638,0.041418083,-0.04606163232820108,-0.6864016542211175,4660,-0.06000561639666557,0.0003,0.017027046336443162,0.2
559,958464,300.0,-0.0017308800000000034,468,1713,0.224462890625,0.11726796627044678,0.038039695,-0.04175660455075558,-0.6772559244185686,4670,-0.051128089427948,0.0003,0.04327359279268421,0.2
559,960512,300.0,0.09689060000000001,469,1715,0.221337890625,0.09799438714981079,0.041651964,-0.043337235276703724,-0.6746490297839045,4680,-0.06287981569766998,0.0003,0.03633851002668962,0.2
560,962560,300.0,0.14122454,470,1718,0.230419921875,-0.06334900856018066,0.04146467,-0.04349525436991826,-0.6777548432350159,4690,-0.07181903719902039,0.0003,0.048678967979503794,0.2
560,964608,300.0,0.15498569000000004,471,1720,0.237451171875,-0.17535603046417236,0.04509404,-0.04738498963997699,-0.6812613878399134,4700,-0.07367394864559174,0.0003,0.02542822910763789,0.2
561,966656,300.0,0.31977668000000004,472,1722,0.238671875,-0.00972282886505127,0.043702252,-0.04529132814204786,-0.6735709121450781,4710,-0.062478628009557724,0.0003,0.018151572070200926,0.2
561,968704,300.0,0.06715311999999998,473,1724,0.23505859375,0.062489330768585205,0.037333056,-0.04252754037588602,-0.696560638770461,4720,-0.054756831377744675,0.0003,0.06151029746979475,0.2
562,970752,300.0,0.14251102000000007,474,1726,0.215576171875,-0.1650029420852661,0.03180602,-0.03842259859084152,-0.6871312569826842,4730,-0.054400261491537094,0.0003,0.04388599701924249,0.2
562,972800,300.0,0.011485850000000014,475,1728,0.23671875,0.010547220706939697,0.040193297,-0.04534767502918839,-0.6851105267181993,4740,-0.03305225074291229,0.0003,0.06565248297993094,0.2
563,974848,300.0,0.034713710000000036,476,1730,0.232763671875,0.08467954397201538,0.03939538,-0.04417854552157223,-0.6854316178709269,4750,-0.06459817290306091,0.0003,0.0414704289927613,0.2
563,976896,300.0,0.07108303000000006,477,1732,0.2423828125,-0.3621259927749634,0.04657694,-0.04425293101521675,-0.6882312754169106,4760,-0.05027302727103233,0.0003,0.03453278787201271,0.2
564,978944,300.0,0.13180658000000006,478,1735,0.240869140625,0.005834102630615234,0.03837831,-0.047973912605084476,-0.6858544053509832,4770,-0.06501729041337967,0.0003,0.06254345112247392,0.2
564,980992,300.0,0.26060173999999997,479,1737,0.21572265625,0.09366488456726074,0.031719863,-0.04118174787145108,-0.6711809307336807,4780,-0.05129901319742203,0.0003,0.031835696689086035,0.2
565,983040,300.0,0.28462037,480,1739,0.234912109375,-0.096771240234375,0.037458714,-0.04379048675473314,-0.6867142682895064,4790,-0.05327574908733368,0.0003,0.06632943777367473,0.2
565,985088,300.0,0.28426667000000005,481,1741,0.24013671875,0.034858524799346924,0.040746607,-0.045826162889716214,-0.6966443562880158,4800,-0.09793486446142197,0.0003,0.018212353604030795,0.2
566,987136,300.0,0.38838861999999996,482,1743,0.229296875,0.09134858846664429,0.03680149,-0.046762889079400335,-0.7082581229507923,4810,-0.08458037674427032,0.0003,0.04118184086983092,0.2
566,989184,300.0,0.6016751100000001,483,1745,0.221240234375,0.15773630142211914,0.037793092,-0.04148624809895409,-0.7075635768473149,4820,-0.03333757817745209,0.0003,0.05761650965723675,0.2
567,991232,300.0,0.37275790000000014,484,1747,0.21748046875,0.1833311915397644,0.033996962,-0.044236000094679186,-0.6887453248724341,4830,-0.04381239414215088,0.0003,0.052932544192299244,0.2
567,993280,300.0,0.43269121000000005,485,1750,0.2220703125,0.12375479936599731,0.044356294,-0.044526920674252325,-0.7047580735757947,4840,-0.05659288540482521,0.0003,0.031681514770025385,0.2
568,995328,300.0,0.6176696099999999,486,1752,0.22978515625,0.3583413362503052,0.035622448,-0.043266559496987614,-0.7265086937695742,4850,-0.05329759418964386,0.0003,0.029384836449753492,0.2
568,997376,300.0,0.5210405300000002,487,1754,0.232373046875,-0.33966338634490967,0.038570482,-0.04321961154928431,-0.7223017994314432,4860,-0.050223857164382935,0.0003,0.027085293634445406,0.2
568,999424,300.0,0.6052565999999999,488,1756,0.2265625,0.1168627142906189,0.04019479,-0.04599650939635467,-0.7127990381792187,4870,-0.04413627088069916,0.0003,0.060644012340344486,0.2
551,1001472,300.0,0.59679511,489,1814,0.225341796875,0.13813620805740356,0.040300485,-0.0415806876597344,-0.7072983765974641,4880,-0.03806549683213234,0.0003,0.04446302827564068,0.2
552,1003520,300.0,0.6215009999999999,490,1817,0.227099609375,0.25379860401153564,0.038569197,-0.04600983803975396,-0.6955993475392461,4890,-0.05083584785461426,0.0003,0.049562491819960995,0.2
552,1005568,300.0,0.59589672,491,1818,0.247705078125,0.1633089780807495,0.04696901,-0.04656243015779182,-0.6859510036185383,4900,-0.05815480276942253,0.0003,0.03803001701598987,0.2
553,1007616,300.0,0.48937871,492,1820,0.23994140625,0.16721820831298828,0.040097892,-0.04490695070999209,-0.6926683988422155,4910,-0.0641670748591423,0.0003,0.02340920307324268,0.2
553,1009664,300.0,0.3871872699999999,493,1822,0.217626953125,0.20565855503082275,0.036691684,-0.04132363981334493,-0.6862701350823045,4920,-0.05821332708001137,0.0003,0.06633193920133636,0.2
554,1011712,300.0,0.39301283999999986,494,1825,0.2236328125,0.2079957127571106,0.035182424,-0.04205360368068796,-0.6854624873027205,4930,-0.05686042085289955,0.0003,0.07872221710858866,0.2
554,1013760,300.0,0.27000588999999997,495,1827,0.23359375,0.16597598791122437,0.04733167,-0.04366618233907502,-0.6821706911548973,4940,-0.057947106659412384,0.0003,0.04953306261450052,0.2
555,1015808,300.0,0.31583498,496,1829,0.2447265625,0.14463353157043457,0.047591638,-0.04104803014488425,-0.6932051809504628,4950,-0.04255840927362442,0.0003,0.0702561707177665,0.2
555,1017856,300.0,0.29349916000000004,497,1831,0.23955078125,0.1061021089553833,0.03978207,-0.04457008740573656,-0.6701351299881935,4960,-0.031105034053325653,0.0003,0.05241950992494822,0.2
556,1019904,300.0,0.11749628,498,1833,0.229248046875,-0.0020143985748291016,0.039031226,-0.04366246913559735,-0.6854345541447401,4970,-0.06663985550403595,0.0003,0.017821303801611066,0.2
556,1021952,300.0,0.12325274000000003,499,1835,0.213720703125,0.19380992650985718,0.03783447,-0.041652585729025304,-0.6670854853466153,4980,-0.0627712607383728,0.0003,0.02629101328202523,0.2
557,1024000,300.0,0.10525164999999996,500,1838,0.2390625,0.09718000888824463,0.039737158,-0.04275257846456952,-0.6856139028444886,4990,-0.04815448448061943,0.0003,0.01928510507277679,0.2
557,1026048,300.0,0.18073848000000006,501,1840,0.220068359375,-0.06481337547302246,0.042624757,-0.04181988010241185,-0.6593548879027367,5000,-0.059329621493816376,0.0003,0.025420192125602627,0.2
558,1028096,300.0,0.2967354900000001,502,1842,0.221484375,0.05998307466506958,0.037637867,-0.04042680613929406,-0.647824377566576,5010,-0.03284013643860817,0.0003,0.14719756313133986,0.2
558,1030144,300.0,0.26615348000000005,503,1844,0.229248046875,-0.33072614669799805,0.043625224,-0.04173767172906082,-0.6709450107067824,5020,-0.04287344962358475,0.0003,0.05925241968361661,0.2
558,1032192,300.0,0.30811219000000006,504,1846,0.24599609375,0.18053466081619263,0.045835778,-0.04659731121937512,-0.6936484519392252,5030,-0.06302163749933243,0.0003,0.036068083689315245,0.2
559,1034240,300.0,0.2406358,505,1848,0.242529296875,0.22207820415496826,0.04257445,-0.042015204239578455,-0.6772829238325357,5040,-0.040126509964466095,0.0003,0.03348409850150347,0.2
559,1036288,300.0,0.08816378000000011,506,1850,0.2212890625,0.35293692350387573,0.039763078,-0.04232525817205897,-0.6844075104221702,5050,-0.0436878427863121,0.0003,0.03933538496494293,0.2
560,1038336,300.0,0.14203947,507,1853,0.22568359375,0.3464098572731018,0.037682153,-0.04396910271170782,-0.6823317818343639,5060,-0.06586392968893051,0.0003,0.04810127716627903,0.2
560,1040384,300.0,0.0917281,508,1855,0.22802734375,0.5927867889404297,0.046489507,-0.044664754647237716,-0.6697484953328967,5070,-0.07051707804203033,0.0003,0.015804479553480633,0.2
561,1042432,300.0,0.020141600000000013,509,1857,0.225439453125,0.38565516471862793,0.038742002,-0.04152136102784425,-0.652373226173222,5080,-0.05504722520709038,0.0003,0.024977694917470216,0.2
561,1044480,300.0,0.08474325999999997,510,1859,0.24248046875,0.3356081247329712,0.043819822,-0.04549784963019192,-0.6614662535488606,5090,-0.05599978566169739,0.0003,0.07629812004743144,0.2
562,1046528,300.0,-0.15808299,511,1861,0.23203125,0.2816240191459656,0.04329194,-0.04335479729052168,-0.6521451331675052,5100,-0.05196946859359741,0.0003,0.06357002696022392,0.2
562,1048576,300.0,-0.18693215000000002,512,1863,0.2166015625,0.5521090030670166,0.037794676,-0.042421593455947,-0.6574116966687142,5110,-0.07090002298355103,0.0003,0.026583683997159824,0.2
563,1050624,300.0,-0.19000795000000012,513,1866,0.243115234375,0.27319133281707764,0.047008205,-0.04227405883721076,-0.6748536627739667,5120,-0.0662858635187149,0.0003,0.07269358668709174,0.2
563,1052672,300.0,-0.26495222999999996,514,1868,0.243798828125,0.1014060378074646,0.04068076,-0.04390383912250399,-0.6700368843972683,5130,-0.06785829365253448,0.0003,0.04049953828798607,0.2
563,1054720,300.0,-0.5172922099999999,515,1870,0.2486328125,0.4383987784385681,0.04609004,-0.04648276540101506,-0.6746206847950816,5140,-0.08458144962787628,0.0003,0.025276874657720327,0.2
564,1056768,300.0,-0.7432446499999998,516,1872,0.233740234375,0.3030054569244385,0.048148766,-0.04320151776191779,-0.6490005485713481,5150,-0.050799958407878876,0.0003,0.0491460706864018,0.2
564,1058816,300.0,-0.82512519,517,1875,0.242236328125,0.43876248598098755,0.04048629,-0.04570512776263058,-0.6615883870050311,5160,-0.06225024163722992,0.0003,0.04211801043129526,0.2
565,1060864,300.0,-0.8577350300000002,518,1877,0.2259765625,0.5825978517532349,0.034763396,-0.043326523175346666,-0.6566408462822437,5170,-0.05422583594918251,0.0003,0.02165096326498315,0.2
565,1062912,300.0,-0.82470262,519,1879,0.235986328125,0.5929063558578491,0.04525178,-0.044467476441059264,-0.651726683229208,5180,-0.0595184825360775,0.0003,0.04435196334379725,0.2
566,1064960,300.0,-0.83591948,520,1880,0.226318359375,0.5651494264602661,0.04319738,-0.04536500625690678,-0.6629755161702633,5190,-0.057373467832803726,0.0003,0.06627740279072895,0.2
566,1067008,300.0,-0.8842936400000001,521,1882,0.243994140625,0.625584602355957,0.044978254,-0.0448539896577131,-0.6710072910413146,5200,-0.04452082887291908,0.0003,0.04391161170206033,0.2
567,1069056,300.0,-0.7438551200000001,522,1885,0.25244140625,0.6305211782455444,0.046556883,-0.04609978939697612,-0.660129433311522,5210,-0.06282975524663925,0.0003,0.05817836298374459,0.2
567,1071104,300.0,-0.69984606,523,1887,0.233349609375,0.4510535001754761,0.04165523,-0.04608322511485312,-0.6527166772633791,5220,-0.03538914769887924,0.0003,0.10577315685804933,0.2
567,1073152,300.0,-0.44185075999999995,524,1889,0.227001953125,0.5693362355232239,0.037528098,-0.043326761908247136,-0.6513722283765674,5230,-0.061166997998952866,0.0003,0.04363172554294579,0.2
568,1075200,300.0,-0.55507044,525,1891,0.235107421875,0.6464866995811462,0.040092334,-0.042734681902220475,-0.6598726134747267,5240,-0.045219991356134415,0.0003,0.046185810107272116,0.2
568,1077248,300.0,-0.46172154,526,1893,0.23291015625,0.08512824773788452,0.04421793,-0.04409063363273162,-0.6435738164931536,5250,-0.05657001584768295,0.0003,0.04369378288392909,0.2
569,1079296,300.0,-0.38278932,527,1895,0.235546875,0.10176372528076172,0.042331222,-0.04443586258494179,-0.6516902135685086,5260,-0.06007153540849686,0.0003,0.036915697617223485,0.2
569,1081344,300.0,-0.22267437999999995,528,1898,0.235302734375,0.21218150854110718,0.04693985,-0.041301500677946024,-0.6402434278279543,5270,-0.03085872158408165,0.0003,0.06741767609491944,0.2
570,1083392,300.0,-0.15428647000000006,529,1900,0.259619140625,0.5171676874160767,0.048370074,-0.04648265088617336,-0.6533345874398947,5280,-0.06187788397073746,0.0003,0.03711874552536756,0.2
570,1085440,300.0,-0.06261691,530,1902,0.2376953125,0.5959954261779785,0.043819293,-0.045691768446704376,-0.6386960256844759,5290,-0.07686620950698853,0.0003,0.02023323324683588,0.2
571,1087488,300.0,-0.08088738,531,1904,0.23388671875,0.12542659044265747,0.043900706,-0.043530070236010944,-0.6084089659154415,5300,-0.05367104709148407,0.0003,0.04380349470884539,0.2
571,1089536,300.0,-0.08283808999999998,532,1906,0.238818359375,0.036980390548706055,0.043605015,-0.04448055097600445,-0.6376315703615546,5310,-0.06604184955358505,0.0003,0.03314596140990034,0.2
571,1091584,300.0,-0.22682048000000002,533,1908,0.23388671875,-0.09573793411254883,0.044807874,-0.04616283626819495,-0.6527830796316266,5320,-0.04223984479904175,0.0003,0.05487354220240377,0.2
572,1093632,300.0,-0.12813548,534,1910,0.2392578125,-0.15847301483154297,0.046130363,-0.04129747698316351,-0.6408465221524239,5330,-0.06526132673025131,0.0003,0.025800660674576648,0.2
572,1095680,300.0,0.015556379999999974,535,1912,0.23984375,0.09035462141036987,0.048812367,-0.044243015596293844,-0.6320048350840807,5340,-0.07696313410997391,0.0003,0.037218699074583125,0.2
573,1097728,300.0,-0.05131806000000009,536,1915,0.2154296875,-0.19394052028656006,0.041254904,-0.04333660807169508,-0.646276255324483,5350,-0.04558217525482178,0.0003,0.04462127474253066,0.2
573,1099776,300.0,-0.06181671000000005,537,1917,0.23603515625,-0.09415018558502197,0.040794257,-0.04374014480272308,-0.6437626356258989,5360,-0.022037792950868607,0.0003,0.08296160914469511,0.2
557,1101824,300.0,-0.08688467999999996,538,1976,0.225,0.12284034490585327,0.044159345,-0.042326457804301755,-0.6601320374757051,5370,-0.04852946847677231,0.0003,0.06420111173065379,0.2
557,1103872,300.0,-0.07232933000000012,539,1978,0.249755859375,0.11064177751541138,0.053070687,-0.04152964394306764,-0.6472134359180928,5380,-0.043734870851039886,0.0003,0.04175619480083696,0.2
558,1105920,300.0,0.03245170999999997,540,1980,0.2294921875,0.04650998115539551,0.038949117,-0.0404703825712204,-0.6210146282799542,5390,-0.03097018599510193,0.0003,0.027551652281545103,0.2
558,1107968,300.0,0.18587967,541,1983,0.240234375,0.08777695894241333,0.044248633,-0.043944264040328564,-0.6385648569092155,5400,-0.07255819439888,0.0003,0.03424732373096049,0.2
559,1110016,300.0,-0.09695197000000005,542,1985,0.2421875,0.07570046186447144,0.04509124,-0.04248997902832343,-0.6335134872235357,5410,-0.018254868686199188,0.0003,0.11407058861805126,0.2
559,1112064,300.0,-0.08718177000000005,543,1987,0.235595703125,-0.013419389724731445,0.044431444,-0.04195374903065385,-0.6285046058706939,5420,-0.04645483195781708,0.0003,0.05470752774272114,0.2
559,1114112,300.0,0.032907280000000004,544,1990,0.250537109375,-0.06059920787811279,0.048031893,-0.044157044515304736,-0.6564080022275448,5430,-0.04940192773938179,0.0003,0.07029132236493751,0.2
560,1116160,300.0,-0.11957179,545,1992,0.2267578125,0.0635831356048584,0.044174634,-0.040142351055692416,-0.618878404982388,5440,-0.05297016724944115,0.0003,0.049241801537573335,0.2
560,1118208,300.0,-0.05141069999999999,546,1994,0.22412109375,0.04222822189331055,0.042561207,-0.039973142760572955,-0.633240235876292,5450,-0.04989001154899597,0.0003,0.061539020051714036,0.2
561,1120256,300.0,-0.07464155000000003,547,1996,0.22685546875,-0.046742916107177734,0.04265279,-0.03900233427557396,-0.6261663512326777,5460,-0.039840780198574066,0.0003,0.05135144781088456,0.2
561,1122304,300.0,-0.024122859999999996,548,1998,0.237158203125,0.10455673933029175,0.0474172,-0.04342325572943082,-0.6224373709410429,5470,-0.0664588212966919,0.0003,0.06130011427449063,0.2
561,1124352,300.0,-0.14638650000000003,549,2001,0.23623046875,0.062111735343933105,0.038738668,-0.045663068909198044,-0.6327353188768029,5480,-0.0418681874871254,0.0003,0.07279206089442596,0.2
562,1126400,300.0,-0.34233333,550,2003,0.249169921875,0.22934997081756592,0.049858153,-0.04588131526834331,-0.6518599228933454,5490,-0.06645238399505615,0.0003,0.042663351027294995,0.2
562,1128448,300.0,-0.4880415500000001,551,2005,0.2326171875,0.2611886262893677,0.046829388,-0.04168464614485856,-0.6343190999701619,5500,-0.07678110897541046,0.0003,0.0173307871184079,0.2
563,1130496,300.0,-0.38787593000000004,552,2007,0.240673828125,0.22687995433807373,0.048359513,-0.04316852681222372,-0.6669366801157594,5510,-0.05876078084111214,0.0003,0.0416694130632095,0.2
563,1132544,300.0,-0.35082107000000007,553,2010,0.24892578125,0.2921961545944214,0.05056142,-0.045580297634296586,-0.6480641096830368,5520,-0.03606156259775162,0.0003,0.061068263289052994,0.2
563,1134592,300.0,-0.25559232000000004,554,2011,0.248828125,0.33244067430496216,0.043379646,-0.045604169645230286,-0.6604104785248637,5530,-0.04075528681278229,0.0003,0.05431573165114969,0.2
564,1136640,300.0,-0.34973325000000005,555,2014,0.245068359375,0.4257025122642517,0.046159253,-0.04855028339370619,-0.6522374400869012,5540,-0.008402097970247269,0.0003,0.06765992009313777,0.2
564,1138688,300.0,-0.33710317,556,2016,0.236865234375,0.3349285125732422,0.048167452,-0.04392949870380107,-0.6395202793180943,5550,-0.059632766991853714,0.0003,0.026490356505382805,0.2
565,1140736,300.0,-0.41248285999999995,557,2018,0.235888671875,0.4137064218521118,0.043543115,-0.043017729732673614,-0.6290406978689134,5560,-0.0568014420568943,0.0003,0.015600506286136805,0.2
565,1142784,300.0,-0.3695705800000001,558,2020,0.26025390625,0.18379169702529907,0.047790118,-0.05066993329382967,-0.6510398212820292,5570,-0.061154767870903015,0.0003,0.01554414331621956,0.2
565,1144832,300.0,-0.34948853999999996,559,2022,0.23974609375,0.09449607133865356,0.04145191,-0.0425455065415008,-0.6387157242745161,5580,-0.05452824383974075,0.0003,0.0640868074609898,0.2
566,1146880,300.0,-0.26230917,560,2025,0.253271484375,0.12170279026031494,0.05186368,-0.04609212373616174,-0.6271579196676612,5590,0.00253378227353096,0.0003,0.12764165301341562,0.2
566,1148928,300.0,-0.29703251999999997,561,2027,0.24404296875,-0.21237099170684814,0.04732094,-0.04390592613490298,-0.6221293298527598,5600,-0.07638585567474365,0.0003,0.023771386363659986,0.2
567,1150976,300.0,-0.3844573399999999,562,2029,0.2515625,-0.043767571449279785,0.06037648,-0.04257896208728198,-0.6259528497233987,5610,-0.037212908267974854,0.0003,0.0513505790499039,0.2
567,1153024,300.0,-0.38017963999999993,563,2031,0.24619140625,0.16115224361419678,0.04351298,-0.04537314750778023,-0.6387784011662007,5620,-0.05754202604293823,0.0003,0.05377753865905106,0.2
567,1155072,300.0,-0.09297721999999994,564,2033,0.23837890625,0.21359312534332275,0.05165902,-0.04098088357131928,-0.6350643945857882,5630,-0.039848290383815765,0.0003,0.0428830478223972,0.2
568,1157120,300.0,0.04892265999999999,565,2035,0.23955078125,0.4782446026802063,0.04349801,-0.04345522773510311,-0.6316444672644138,5640,-0.037443604320287704,0.0003,0.042748595849843696,0.2
568,1159168,300.0,0.03460695000000008,566,2038,0.247802734375,0.5336170196533203,0.042296477,-0.043677449991810134,-0.6189422590658069,5650,-0.05060622841119766,0.0003,0.0326594807615038,0.2
569,1161216,300.0,-0.08637286999999999,567,2040,0.23916015625,0.35159385204315186,0.04186281,-0.044552606414072216,-0.6266459882259369,5660,-0.029418837279081345,0.0003,0.0573335763416253,0.2
569,1163264,300.0,-0.2855523399999999,568,2042,0.243896484375,0.17847108840942383,0.041852385,-0.04133474741975078,-0.6336618369445205,5670,-0.03703990578651428,0.0003,0.0953712380491197,0.2
569,1165312,300.0,-0.22923748000000008,569,2044,0.254052734375,0.3591047525405884,0.04933419,-0.043138661346165466,-0.6379104036837816,5680,-0.04666896164417267,0.0003,0.052682115510106084,0.2
570,1167360,300.0,-0.14972469999999996,570,2047,0.247607421875,0.4355320334434509,0.053504296,-0.04554991706172586,-0.6404993820935487,5690,-0.06506846100091934,0.0003,0.026184813847066835,0.2
570,1169408,300.0,-0.14986682,571,2049,0.237890625,0.45441335439682007,0.043586418,-0.041556681963265875,-0.647872151248157,5700,-0.06618337333202362,0.0003,0.01772449980780948,0.2
570,1171456,300.0,-0.19504616,572,2052,0.24873046875,0.10614585876464844,0.04722704,-0.04419728934008162,-0.6461576795205474,5710,-0.051174063235521317,0.0003,0.057050794223323466,0.2
571,1173504,300.0,-0.20785383,573,2054,0.23017578125,-0.0522923469543457,0.04061117,-0.04291810587164946,-0.635600291006267,5720,-0.061868663877248764,0.0003,0.03986924238270149,0.2
571,1175552,300.0,-0.11892004000000002,574,2056,0.2474609375,0.014307200908660889,0.048812993,-0.04883052054065047,-0.6327662916854024,5730,-0.040555696934461594,0.0003,0.06878848545020447,0.2
571,1177600,300.0,-0.09123386999999994,575,2058,0.2509765625,0.012549638748168945,0.048690278,-0.04602652563189622,-0.632662323396653,5740,-0.03487188741564751,0.0003,0.0773980699130334,0.2
572,1179648,300.0,-0.1208373699999999,576,2061,0.245751953125,-0.038779616355895996,0.043345507,-0.04623555883299559,-0.6484070144593715,5750,-0.035005293786525726,0.0003,0.04884583050152287,0.2
572,1181696,300.0,-0.11067948000000005,577,2063,0.23349609375,0.1942029595375061,0.044414,-0.04062868889595848,-0.6357837015762925,5760,-0.046642839908599854,0.0003,0.019395492493640632,0.2
573,1183744,300.0,-0.21403197000000002,578,2065,0.23203125,0.04815751314163208,0.040975947,-0.04038826774194604,-0.6675230478867888,5770,-0.06091945245862007,0.0003,0.024495284011936746,0.2
573,1185792,300.0,-0.47778807,579,2067,0.235302734375,-0.11481547355651855,0.040204905,-0.04281353207334178,-0.6465734558179974,5780,-0.019565816968679428,0.0003,0.019727338099619372,0.2
573,1187840,300.0,-0.58008217,580,2069,0.237451171875,0.17300140857696533,0.04143413,-0.04295919037831482,-0.6528480878099799,5790,-0.0417475551366806,0.0003,0.07296489039435983,0.2
574,1189888,300.0,-0.63683603,581,2071,0.22412109375,0.07020729780197144,0.04062525,-0.0435556795069715,-0.641854184307158,5800,-0.07168782502412796,0.0003,0.03654974703676998,0.2
574,1191936,300.0,-0.3510072099999999,582,2074,0.245947265625,0.4030516743659973,0.043927245,-0.04523440389893949,-0.6251781318336725,5810,-0.06443022191524506,0.0003,0.031862828216981144,0.2
575,1193984,300.0,-0.35945325000000006,583,2076,0.232177734375,0.28086334466934204,0.045592457,-0.04279717570461798,-0.6233501387760043,5820,-0.042558737099170685,0.0003,0.035329612175701186,0.2
575,1196032,300.0,-0.43668003999999994,584,2078,0.245556640625,0.3195216655731201,0.043179028,-0.044960645925311835,-0.6533527516759932,5830,-0.051872897893190384,0.0003,0.030042009288445116,0.2
575,1198080,300.0,-0.3885439,585,2080,0.234228515625,0.4899599552154541,0.045347854,-0.04190582871378865,-0.6428106946870684,5840,-0.04928240925073624,0.0003,0.037090975308092314,0.2
560,1200128,300.0,-0.36213904999999996,586,2141,0.24287109375,0.4110878109931946,0.050070696,-0.04477117474161787,-0.6029324545525014,5850,-0.06284109503030777,0.0003,0.058328773139510307,0.2
560,1202176,300.0,-0.55015316,587,2143,0.22109375,0.2281206250190735,0.043649696,-0.0434853293641936,-0.6146625855006278,5860,-0.018814537674188614,0.0003,0.14846785962581635,0.2
561,1204224,300.0,-0.36393909,588,2145,0.23408203125,0.3592369556427002,0.04606401,-0.04055876276397612,-0.6170968962833285,5870,-0.06735263764858246,0.0003,0.033808127633528785,0.2
561,1206272,300.0,-0.4085249300000001,589,2147,0.235107421875,0.46622663736343384,0.05536429,-0.04074322418309748,-0.6220982886850834,5880,-0.06897418200969696,0.0003,0.04022090696671512,0.2
562,1208320,300.0,-0.32327979999999995,590,2149,0.238916015625,0.25610435009002686,0.04699035,-0.04286386016174219,-0.6302547019906342,5890,-0.04327213019132614,0.0003,0.0452170001633931,0.2
562,1210368,300.0,-0.24730975,591,2151,0.225,0.25483691692352295,0.045259535,-0.039618960331426936,-0.6196165353059768,5900,-0.006118454039096832,0.0003,0.12173623186536134,0.2
562,1212416,300.0,-0.21257565000000003,592,2153,0.24501953125,-0.19259536266326904,0.051444475,-0.043259162764297796,-0.6277605079114437,5910,-0.04834720492362976,0.0003,0.02125192865205463,0.2
563,1214464,300.0,-0.22225442,593,2155,0.2458984375,-0.03759658336639404,0.04980693,-0.046405935328220946,-0.6270417491905391,5920,-0.03473236784338951,0.0003,0.04389284254866652,0.2
563,1216512,300.0,-0.15783066000000004,594,2157,0.23359375,0.04740506410598755,0.044067077,-0.04683435549668502,-0.6237604737281799,5930,-0.06455715745687485,0.0003,0.028553815846680663,0.2
564,1218560,300.0,-0.20929501000000006,595,2159,0.22978515625,0.19400590658187866,0.047089934,-0.042174883215921,-0.5992554457858205,5940,-0.05493998900055885,0.0003,0.025793272638111375,0.2
564,1220608,300.0,-0.19233181999999996,596,2161,0.23564453125,0.2971489429473877,0.04724785,-0.04336122408276424,-0.6111993595026434,5950,-0.05644809082150459,0.0003,0.03479083483107388,0.2
564,1222656,300.0,-0.29396358,597,2164,0.2486328125,0.10666316747665405,0.057488576,-0.041874824243132026,-0.5902390624396503,5960,-0.05096547305583954,0.0003,0.05416413540369831,0.2
565,1224704,300.0,-0.16200927000000004,598,2166,0.235009765625,0.12163978815078735,0.047125302,-0.04277404345630202,-0.605083015281707,5970,-0.06475706398487091,0.0003,0.02885148902714718,0.2
565,1226752,300.0,-0.17632953,599,2169,0.247314453125,0.13070744276046753,0.050151628,-0.042160159577179,-0.6123158405534923,5980,-0.04766526073217392,0.0003,0.04047279531368986,0.2
565,1228800,300.0,-0.057937720000000026,600,2171,0.222607421875,0.23317086696624756,0.042948626,-0.041414470339077525,-0.5886248145252466,5990,-0.05586890131235123,0.0003,0.02698909322207328,0.2
566,1230848,300.0,0.028134759999999984,601,2173,0.22177734375,0.4545254111289978,0.04291502,-0.04275951638410334,-0.589992293715477,6000,-0.05716293305158615,0.0003,0.019670679676346482,0.2
566,1232896,300.0,-0.04697576000000001,602,2175,0.2408203125,0.20174658298492432,0.04690018,-0.044135691260453316,-0.5953389153815806,6010,-0.029482219368219376,0.0003,0.07358681228943169,0.2
567,1234944,300.0,-0.12414686999999999,603,2177,0.23212890625,-0.07146835327148438,0.045235947,-0.04163861354754772,-0.5982580780051648,6020,-0.04386349394917488,0.0003,0.049223142786649986,0.2
567,1236992,300.0,-0.06531508000000003,604,2179,0.224658203125,0.07109391689300537,0.042966627,-0.04151863107399549,-0.5750807951204479,6030,-0.046498026698827744,0.0003,0.03220548833196517,0.2
567,1239040,300.0,-0.12414147000000002,605,2181,0.22470703125,0.07653558254241943,0.045305267,-0.0440167404623935,-0.5690779914148152,6040,-0.06477688997983932,0.0003,0.031854380201548335,0.2
568,1241088,300.0,-0.025298980000000013,606,2183,0.22880859375,0.1846035122871399,0.04737957,-0.04160492650407832,-0.5587903064675629,6050,-0.046129435300827026,0.0003,0.0632163452450186,0.2
568,1243136,300.0,0.03886854000000007,607,2185,0.231787109375,0.044766783714294434,0.05663618,-0.04075949102116283,-0.5520537357777358,6060,-0.051598772406578064,0.0003,0.049660347035387534,0.2
569,1245184,300.0,0.04682649000000001,608,2188,0.240771484375,-0.06355094909667969,0.05156201,-0.04584457312303129,-0.5796910798177123,6070,-0.005749732255935669,0.0003,0.08148782147327438,0.2
569,1247232,300.0,0.14064389000000002,609,2190,0.24501953125,0.015248775482177734,0.048681997,-0.039947828464210036,-0.5785891061648727,6080,-0.02741245925426483,0.0003,0.0823283814941533,0.2
569,1249280,300.0,0.15113475999999995,610,2192,0.24375,0.08569598197937012,0.04952856,-0.044652419423800896,-0.579648555163294,6090,-0.06393139064311981,0.0003,0.051623634214047344,0.2
570,1251328,300.0,0.05437588000000004,611,2194,0.2255859375,-0.20466697216033936,0.046518244,-0.04385282342118444,-0.5571196828968823,6100,-0.07420064508914948,0.0003,0.044910219626035544,0.2
570,1253376,300.0,-0.1484979799999999,612,2196,0.2228515625,0.12755584716796875,0.04543969,-0.04065007714234525,-0.5695520493201911,6110,-0.03891667723655701,0.0003,0.039437875483417886,0.2
570,1255424,300.0,-0.08522594999999994,613,2199,0.2189453125,0.11481064558029175,0.044981297,-0.039227730233687905,-0.5748446301557124,6120,-0.04288686066865921,0.0003,0.06119282363797538,0.2
571,1257472,300.0,-0.1010753999999999,614,2201,0.21708984375,0.023789644241333008,0.0460198,-0.03852339633303927,-0.5766006087884307,6130,-0.032539527863264084,0.0003,0.06806009115534835,0.2
571,1259520,300.0,-0.16614958999999987,615,2203,0.22978515625,0.24665963649749756,0.048932336,-0.04321203355502803,-0.5789361042901874,6140,-0.05890621989965439,0.0003,0.025152324777445757,0.2
572,1261568,300.0,-0.04652336999999994,616,2205,0.2033203125,0.018635451793670654,0.0409494,-0.03566211681027198,-0.565694573149085,6150,-0.017998941242694855,0.0003,0.07288955826079473,0.2
572,1263616,300.0,0.10192086000000002,617,2207,0.2294921875,-0.02282857894897461,0.04819188,-0.04116288509394508,-0.5818900655955076,6160,-0.024917753413319588,0.0003,0.038611580262659116,0.2
572,1265664,300.0,0.15661379,618,2209,0.233203125,0.07696753740310669,0.047281347,-0.043192732793977485,-0.601786689274013,6170,-0.05279224365949631,0.0003,0.051497416553320366,0.2
573,1267712,300.0,0.29023438999999995,619,2211,0.22783203125,0.24669629335403442,0.042982448,-0.04186146801221184,-0.5826882405206562,6180,-0.05419030040502548,0.0003,0.02966753953951411,0.2
573,1269760,300.0,0.31648116000000004,620,2213,0.2318359375,0.36334729194641113,0.04433333,-0.04234800426929723,-0.5786994990892709,6190,-0.08510074764490128,0.0003,0.03108748890226707,0.2
573,1271808,300.0,0.050356470000000056,621,2215,0.232861328125,0.536713719367981,0.059215985,-0.04478543365257792,-0.575390344299376,6200,-0.06862808018922806,0.0003,0.018731672200374305,0.2
574,1273856,300.0,-0.022387339999999926,622,2217,0.215283203125,0.32188159227371216,0.042256944,-0.04118279005051591,-0.5820912294089794,6210,-0.03169749304652214,0.0003,0.035036782326642424,0.2
574,1275904,300.0,0.04169016000000005,623,2220,0.218505859375,0.14438694715499878,0.047052193,-0.04271978728356771,-0.5647421821951866,6220,-0.03833072632551193,0.0003,0.054267481830902395,0.2
575,1277952,300.0,0.1670532400000001,624,2222,0.228564453125,0.2825494408607483,0.050155498,-0.04453904709880589,-0.5775135766714812,6230,-0.053284671157598495,0.0003,0.03297934329020791,0.2
575,1280000,300.0,0.10991053000000008,625,2224,0.218310546875,-0.04154002666473389,0.05141311,-0.039910117752151565,-0.5742505772039295,6240,-0.03614814579486847,0.0003,0.06245440944912843,0.2
575,1282048,300.0,0.2430850900000001,626,2226,0.23046875,-0.15308761596679688,0.048451036,-0.04135636700375471,-0.5853651830926537,6250,-0.037809841334819794,0.0003,0.03823829688481055,0.2
575,1284096,300.0,0.2163925300000001,627,2229,0.24189453125,0.22901570796966553,0.050644178,-0.04297603410377633,-0.5745990437455475,6260,-0.048991017043590546,0.0003,0.030113371860352345,0.2
576,1286144,300.0,0.13722378000000007,628,2232,0.24755859375,0.12051504850387573,0.057348978,-0.04464159066556021,-0.5794030978344381,6270,-0.0553925484418869,0.0003,0.047828158509219065,0.2
576,1288192,300.0,-0.08410811999999991,629,2234,0.222802734375,0.2598201036453247,0.0467199,-0.04124703401466832,-0.5613222310319543,6280,-0.032104164361953735,0.0003,0.06261422977549955,0.2
576,1290240,300.0,-0.10237884000000003,630,2236,0.22880859375,0.2722877860069275,0.044450104,-0.04198009625542909,-0.5605563362129032,6290,-0.04864969849586487,0.0003,0.04265500524779782,0.2
577,1292288,300.0,-0.3107261400000001,631,2238,0.2404296875,0.3445930480957031,0.047751874,-0.04525130110559985,-0.6003559063188731,6300,-0.062359899282455444,0.0003,0.038856712245615196,0.2
577,1294336,300.0,-0.29909207000000004,632,2241,0.23466796875,0.23345458507537842,0.04614286,-0.043543351009429895,-0.5938314178958535,6310,-0.062398891896009445,0.0003,0.0207760309567675,0.2
577,1296384,300.0,-0.31294331,633,2243,0.22119140625,0.020169854164123535,0.044475365,-0.04156096612277906,-0.5693174802698195,6320,-0.03212603181600571,0.0003,0.023673819459509103,0.2
578,1298432,300.0,-0.36467384,634,2245,0.235107421875,-0.07971906661987305,0.048917867,-0.047501520295918455,-0.5790261663496494,6330,-0.06031384691596031,0.0003,0.03276376984431408,0.2
563,1300480,300.0,-0.22419916999999995,635,2307,0.22333984375,0.04606586694717407,0.054165676,-0.04302849534433335,-0.5581302905455232,6340,-0.027346696704626083,0.0003,0.08599853008054197,0.2
563,1302528,300.0,-0.09440752000000004,636,2309,0.23701171875,-0.26353251934051514,0.05126469,-0.04136254331679083,-0.5581382164731622,6350,-0.08191168308258057,0.0003,0.03696776821743697,0.2
564,1304576,300.0,0.049033439999999956,637,2311,0.235400390625,0.1856408715248108,0.047011696,-0.041447819206223355,-0.5858721571974457,6360,-0.06855294108390808,0.0003,0.021205626375740395,0.2
564,1306624,300.0,-0.23301716,638,2313,0.23603515625,0.01259690523147583,0.048781462,-0.043286998037365264,-0.5775778749957681,6370,-0.047754086554050446,0.0003,0.10710772160673514,0.2
565,1308672,300.0,-0.2982147400000001,639,2316,0.22802734375,-0.24288010597229004,0.045889523,-0.04394469881663099,-0.578806731197983,6380,-0.04626036435365677,0.0003,0.036757350480183956,0.2
565,1310720,300.0,-0.17739748,640,2318,0.21796875,0.002676844596862793,0.04412633,-0.04113655348191969,-0.5695307455025613,6390,-0.04865364730358124,0.0003,0.05271725243073888,0.2
565,1312768,300.0,-0.22914432999999998,641,2320,0.239208984375,-0.06427395343780518,0.051052094,-0.04408913124352694,-0.5823837764561176,6400,-0.05344637483358383,0.0003,0.07056030798703432,0.2
566,1314816,300.0,-0.16741054000000005,642,2322,0.248193359375,-0.01632976531982422,0.04779111,-0.04344165843504015,-0.6034588443115354,6410,-0.04847036674618721,0.0003,0.03490095455781557,0.2
566,1316864,300.0,0.20517755999999987,643,2325,0.230078125,0.056454360485076904,0.045832947,-0.04286595726734958,-0.5878821738995612,6420,-0.030487194657325745,0.0003,0.09272162603447213,0.2
566,1318912,300.0,0.31746912999999993,644,2327,0.232421875,-0.19876432418823242,0.052662652,-0.044778005743864924,-0.5690781015902757,6430,-0.05900326371192932,0.0003,0.04903416963643394,0.2
567,1320960,300.0,0.31449407999999995,645,2329,0.22958984375,0.08678799867630005,0.05077014,-0.03840664229646791,-0.5605956880375743,6440,-0.05874241888523102,0.0003,0.029345211741747333,0.2
567,1323008,300.0,0.38177933,646,2331,0.228271484375,0.002530395984649658,0.048238568,-0.03841434027417563,-0.5717551812529564,6450,-0.03124145418405533,0.0003,0.05143756365287118,0.2
567,1325056,300.0,0.40433964999999994,647,2333,0.23017578125,-0.17588138580322266,0.053638943,-0.040416714234743266,-0.5533360077999532,6460,-0.052901290357112885,0.0003,0.03315520327887498,0.2
568,1327104,300.0,0.43007383000000005,648,2335,0.217822265625,0.0449947714805603,0.043294825,-0.041834051260957496,-0.5495592112652957,6470,-0.07368824630975723,0.0003,0.031482447806047274,0.2
568,1329152,300.0,0.16636057000000004,649,2338,0.239453125,0.22177785634994507,0.051873215,-0.04349935624341015,-0.5728508703410625,6480,-0.06268519163131714,0.0003,0.04990850382018834,0.2
568,1331200,300.0,0.2160019200000001,650,2340,0.2111328125,0.38214772939682007,0.042623356,-0.03831250536895823,-0.5320427714847028,6490,-0.04141771420836449,0.0003,0.036486847273772584,0.2
569,1333248,300.0,0.10296926000000002,651,2342,0.219921875,0.23309439420700073,0.056186706,-0.041941695287823676,-0.5491616007871926,6500,-0.036104172468185425,0.0003,0.034585895843338224,0.2
569,1335296,300.0,0.18680613000000015,652,2344,0.22255859375,0.18568909168243408,0.041627668,-0.042147829409805125,-0.5670319238677621,6510,-0.034791603684425354,0.0003,0.057054448989219964,0.2
569,1337344,300.0,0.3051383400000002,653,2346,0.24013671875,0.06484931707382202,0.046165798,-0.04254444927792065,-0.5387919380329549,6520,-0.03806017339229584,0.0003,0.07395533425733447,0.2
570,1339392,300.0,0.41723436000000014,654,2349,0.219189453125,0.06768321990966797,0.044677485,-0.0411637144658016,-0.5493597710505128,6530,-0.04177260026335716,0.0003,0.04262272528721951,0.2
570,1341440,300.0,0.3178108200000001,655,2351,0.225146484375,0.08320093154907227,0.050643973,-0.04041412023943849,-0.5309075137600303,6540,-0.05689145624637604,0.0003,0.03601317410939373,0.2
570,1343488,300.0,0.032559750000000005,656,2353,0.222314453125,0.2631797790527344,0.043244075,-0.04087808809708804,-0.5332108879461884,6550,-0.03916902467608452,0.0003,0.04714021637919359,0.2
571,1345536,300.0,-0.1395792,657,2355,0.22451171875,0.2438129186630249,0.04445473,-0.040404743174440226,-0.5506580205634236,6560,-0.02340029925107956,0.0003,0.06205994592164643,0.2
571,1347584,300.0,-0.29976965000000005,658,2357,0.2353515625,-0.03236532211303711,0.053404927,-0.04176666449930053,-0.5318064851686358,6570,-0.02632012963294983,0.0003,0.048035001958487554,0.2
571,1349632,300.0,-0.22222018,659,2359,0.242041015625,0.39203643798828125,0.051028676,-0.04219931408297271,-0.547050051484257,6580,-0.035640694200992584,0.0003,0.030855424114270134,0.2
572,1351680,300.0,-0.16783860999999997,660,2361,0.227392578125,0.30555570125579834,0.053960353,-0.042214138087001626,-0.524227037280798,6590,-0.038468893617391586,0.0003,0.03393775961594656,0.2
572,1353728,300.0,-0.24880361000000006,661,2364,0.2298828125,0.36611777544021606,0.046087615,-0.03926812180143315,-0.5414834867231548,6600,-0.07078029215335846,0.0003,0.03265742432558909,0.2
572,1355776,300.0,-0.27957264000000015,662,2366,0.22958984375,0.2640719413757324,0.04903077,-0.042251053973450324,-0.5288443640805781,6610,-0.05058010667562485,0.0003,0.06078199977055192,0.2
573,1357824,300.0,-0.05410062000000004,663,2368,0.21875,0.40661799907684326,0.04139873,-0.039508670728537254,-0.527565841563046,6620,-0.06667725741863251,0.0003,0.030246468237601222,0.2
573,1359872,300.0,-0.11286427,664,2370,0.232177734375,0.22054719924926758,0.053764343,-0.04226111249736277,-0.5340199392288923,6630,-0.03683982789516449,0.0003,0.08575238675111904,0.2
573,1361920,300.0,-0.17741667000000005,665,2372,0.228515625,0.7164199352264404,0.05339099,-0.041369610244873914,-0.5082781357690692,6640,-0.05506308376789093,0.0003,0.01515488136355998,0.2
574,1363968,300.0,-0.14730059000000004,666,2374,0.215283203125,0.385522723197937,0.054063223,-0.03666298934549559,-0.49999563619494436,6650,-0.04256713017821312,0.0003,0.040541948250029235,0.2
574,1366016,300.0,-0.30375206,667,2377,0.2228515625,0.2100103497505188,0.04822841,-0.04088017054018565,-0.5360589724965393,6660,-0.05174771696329117,0.0003,0.03665109412395395,0.2
574,1368064,300.0,-0.47170528000000006,668,2379,0.2166015625,0.029437124729156494,0.04667449,-0.03644215705426177,-0.5234666896052659,6670,-0.01743355020880699,0.0003,0.029802649372140878,0.2
575,1370112,300.0,-0.47415064,669,2381,0.22763671875,-0.10169446468353271,0.046862487,-0.0419675330107566,-0.5251620533876121,6680,-0.05487408488988876,0.0003,0.09644414137583227,0.2
575,1372160,300.0,-0.27522157999999997,670,2383,0.226123046875,0.05279707908630371,0.05142308,-0.037986901128897445,-0.5162083338014781,6690,-0.04123043641448021,0.0003,0.06658860921743326,0.2
575,1374208,300.0,-0.06874877999999995,671,2386,0.222998046875,-0.05787992477416992,0.055398963,-0.03841906239977107,-0.5290604366920888,6700,-0.0527300201356411,0.0003,0.06606563520617784,0.2
576,1376256,300.0,0.07522809000000003,672,2388,0.206982421875,-0.008284687995910645,0.044586048,-0.03889782624610234,-0.5029122262261808,6710,-0.03804115206003189,0.0003,0.04128943616524339,0.2
576,1378304,300.0,0.08279792999999996,673,2390,0.229541015625,0.18853211402893066,0.05508267,-0.0416154873862979,-0.5177312240004539,6720,-0.02837742120027542,0.0003,0.05549013416748494,0.2
577,1380352,300.0,0.18944971000000002,674,2392,0.21494140625,0.051898419857025146,0.054281935,-0.03853894472122192,-0.515619105566293,6730,-0.06528688967227936,0.0003,0.013160072101163678,0.2
577,1382400,300.0,0.20936106999999995,675,2394,0.22998046875,0.04858684539794922,0.059265412,-0.042162653199920894,-0.5228956473991275,6740,-0.058817796409130096,0.0003,0.026407761842710896,0.2
577,1384448,300.0,0.20739162999999997,676,2396,0.215966796875,0.28499752283096313,0.05142698,-0.03625929407426156,-0.5086571433581412,6750,-0.06576788425445557,0.0003,0.016137373793753795,0.2
578,1386496,300.0,0.08862666999999998,677,2398,0.20908203125,0.03338348865509033,0.043552406,-0.0416952178318752,-0.5287246750667691,6760,-0.0670996904373169,0.0003,0.04483436136506498,0.2
578,1388544,300.0,0.03859228000000001,678,2400,0.225146484375,0.0019180774688720703,0.053208288,-0.04245704888890032,-0.5240839667618274,6770,-0.09175628423690796,0.0003,0.01877993925008923,0.2
578,1390592,300.0,0.22514816999999998,679,2403,0.222900390625,0.061051368713378906,0.053640895,-0.04114762973040342,-0.5222321403212845,6780,-0.05091223120689392,0.0003,0.04110614288365468,0.2
578,1392640,300.0,0.21987700000000007,680,2405,0.24248046875,0.11128628253936768,0.057986517,-0.04335952124965843,-0.5144379558973015,6790,-0.04177138954401016,0.0003,0.028270432888530195,0.2
579,1394688,300.0,0.10395703000000003,681,2407,0.216357421875,0.08265775442123413,0.052791793,-0.04081987175450195,-0.5138411312364042,6800,-0.03368726372718811,0.0003,0.061440108646638694,0.2
579,1396736,300.0,0.11163987000000007,682,2410,0.23056640625,-0.0458071231842041,0.05581615,-0.040738081978634,-0.5259299436584115,6810,-0.04965301230549812,0.0003,0.023669294320279734,0.2
579,1398784,300.0,0.16708023000000005,683,2412,0.2083984375,0.15533679723739624,0.043950543,-0.03844588730426039,-0.5181028948165476,6820,-0.048053596168756485,0.0003,0.06289469043840654,0.2
566,1400832,300.0,0.4359677799999999,684,2474,0.237451171875,0.18025553226470947,0.056115672,-0.037170412088744345,-0.5122268609702587,6830,-0.06295119225978851,0.0003,0.05914825267391279,0.2
566,1402880,300.0,0.3475101599999999,685,2476,0.2244140625,-0.2863849401473999,0.050040767,-0.03972097562509589,-0.5073016335256397,6840,-0.04035580903291702,0.0003,0.040238746826071294,0.2
566,1404928,300.0,0.22946295999999997,686,2478,0.22216796875,-0.3186148405075073,0.052123733,-0.03991646313952515,-0.5068199130706489,6850,-0.06215325742959976,0.0003,0.01579151900659781,0.2
567,1406976,300.0,0.19709928000000002,687,2480,0.2310546875,-0.04358315467834473,0.054375656,-0.04083023831190076,-0.4886309723369777,6860,-0.05247863009572029,0.0003,0.04462497511995025,0.2
567,1409024,300.0,0.2568736,688,2482,0.241015625,0.13062691688537598,0.06565827,-0.04282532807555981,-0.5023719886317849,6870,-0.05454321578145027,0.0003,0.03246731055551209,0.2
567,1411072,300.0,0.11187569000000001,689,2484,0.23505859375,0.34115225076675415,0.059488602,-0.04165699660370592,-0.5146510357968509,6880,-0.04476647451519966,0.0003,0.04799050333094783,0.2
568,1413120,300.0,0.05658800000000002,690,2487,0.219970703125,-0.44137144088745117,0.052522253,-0.0402443126658909,-0.5298344795592129,6890,-0.04349543899297714,0.0003,0.02050494223658461,0.2
568,1415168,300.0,0.18634461000000002,691,2489,0.23017578125,0.1125144362449646,0.054286472,-0.043988282058853655,-0.509344394505024,6900,-0.07763040065765381,0.0003,0.01043377394817071,0.2
568,1417216,300.0,0.08997286999999997,692,2491,0.23701171875,0.010258197784423828,0.064499736,-0.04333405756915454,-0.5223376399837434,6910,-0.05693470686674118,0.0003,0.040807105624116956,0.2
569,1419264,300.0,0.039725649999999946,693,2493,0.217724609375,-0.04742884635925293,0.043939088,-0.03811693792813457,-0.5251575714908541,6920,-0.08324310183525085,0.0003,0.04437380208983086,0.2
569,1421312,300.0,-0.0025798000000000067,694,2495,0.230615234375,0.040933072566986084,0.052101955,-0.037783198204124346,-0.5036057197488845,6930,-0.022298544645309448,0.0003,0.07867558733560145,0.2
569,1423360,300.0,-0.08563561000000003,695,2498,0.233984375,0.1440821886062622,0.061462417,-0.04066856067511253,-0.5292174600996077,6940,-0.06551595777273178,0.0003,0.027989716429146938,0.2
570,1425408,300.0,-0.05188330000000005,696,2500,0.229736328125,0.031518518924713135,0.051102404,-0.03922832992684562,-0.520239132642746,6950,-0.02816614881157875,0.0003,0.062238368357066066,0.2
570,1427456,300.0,-0.03911113999999996,697,2502,0.230712890625,-0.07825469970703125,0.051619172,-0.039714025042485446,-0.5180289543233811,6960,-0.06966414302587509,0.0003,0.012213312133098952,0.2
570,1429504,300.0,0.060036019999999996,698,2504,0.22265625,0.27921271324157715,0.046507962,-0.038089162143296565,-0.5206146574579179,6970,-0.057411931455135345,0.0003,0.019617080155876467,0.2
571,1431552,300.0,-0.02168094999999997,699,2506,0.241796875,-0.0035213232040405273,0.063468896,-0.03868282112671295,-0.5188771462067961,6980,-0.03615701198577881,0.0003,0.10159036120167002,0.2
571,1433600,300.0,-0.08305162000000003,700,2508,0.231396484375,-0.045806884765625,0.054513745,-0.04253406158532016,-0.5198882552795112,6990,-0.05031337961554527,0.0003,0.06481381019111723,0.2
571,1435648,300.0,0.06173454999999998,701,2510,0.228369140625,-0.002112150192260742,0.04033131,-0.04188873244274873,-0.5331094341352582,7000,-0.030014410614967346,0.0003,0.07419159410055727,0.2
572,1437696,300.0,-0.08558289999999998,702,2513,0.239111328125,0.1352297067642212,0.057123378,-0.045157185074640435,-0.5198896350339055,7010,-0.05652602016925812,0.0003,0.050250778230838476,0.2
572,1439744,300.0,0.01261629999999999,703,2515,0.23515625,0.05751150846481323,0.057008017,-0.04308615794434445,-0.545098492782563,7020,-0.046044040471315384,0.0003,0.07430850156815723,0.2
572,1441792,300.0,-0.059522950000000005,704,2517,0.241552734375,0.17405164241790771,0.049686693,-0.04062022268772125,-0.5587809743359685,7030,-0.02652735635638237,0.0003,0.11755548943765462,0.2
573,1443840,300.0,-0.048433560000000035,705,2519,0.223388671875,0.16681331396102905,0.051157117,-0.042449108832806816,-0.5487444981001317,7040,-0.05202499032020569,0.0003,0.05650277940439992,0.2
573,1445888,300.0,-0.12929943,706,2521,0.228125,-0.08666956424713135,0.053175196,-0.042921524564735594,-0.5387873711995781,7050,-0.014562617987394333,0.0003,0.06625464845565147,0.2
573,1447936,300.0,-0.08592564,707,2524,0.246240234375,-0.10900580883026123,0.056782696,-0.042661241385212635,-0.5384734965860843,7060,-0.058249324560165405,0.0003,0.02083199491898995,0.2
573,1449984,300.0,-0.09447992000000002,708,2527,0.240478515625,-0.0021491050720214844,0.060381573,-0.04074214461143129,-0.5140131441876292,7070,-0.05959372594952583,0.0003,0.017046698556805497,0.2
573,1452032,300.0,-0.12367598000000005,709,2529,0.24013671875,-0.05611836910247803,0.05396158,-0.039454962586751206,-0.5200761014595627,7080,-0.033711791038513184,0.0003,0.05596865680417977,0.2
574,1454080,300.0,-0.18684254999999997,710,2531,0.225634765625,-0.19339489936828613,0.045060344,-0.03964089088258334,-0.5527372965589166,7090,-0.04541958123445511,0.0003,0.03875267084222287,0.2
574,1456128,300.0,-0.12029097000000002,711,2534,0.245849609375,-0.1609797477722168,0.056076426,-0.045368368132039906,-0.5489200063049793,7100,-0.07502664625644684,0.0003,0.05379446258302778,0.2
574,1458176,300.0,-0.06893013999999999,712,2536,0.23212890625,-0.025129199028015137,0.052417066,-0.04139974425779656,-0.5467800803482532,7110,-0.058138661086559296,0.0003,0.08038493840722367,0.2
575,1460224,300.0,-0.30344493000000006,713,2538,0.230908203125,-0.09385836124420166,0.050184682,-0.04261307711130939,-0.5308458101004362,7120,-0.054363690316677094,0.0003,0.04156302352203056,0.2
575,1462272,300.0,-0.21772895000000003,714,2540,0.239013671875,0.13406527042388916,0.053198062,-0.039592812390765175,-0.534420558065176,7130,-0.042025357484817505,0.0003,0.048795648658415305,0.2
575,1464320,300.0,-0.21373282000000005,715,2542,0.2341796875,-0.017502546310424805,0.06083769,-0.04127290673495736,-0.5077770808711648,7140,-0.04733503237366676,0.0003,0.03477757841465064,0.2
576,1466368,300.0,-0.31621376,716,2545,0.21708984375,0.10986781120300293,0.054506566,-0.040869858299265614,-0.5343054428696632,7150,-0.03461689502000809,0.0003,0.051912208274006846,0.2
576,1468416,300.0,-0.2714053600000001,717,2547,0.241259765625,0.20887798070907593,0.058839515,-0.04337796881445684,-0.542208145186305,7160,-0.06464248895645142,0.0003,0.02630037318158429,0.2
576,1470464,300.0,-0.39403207,718,2549,0.23671875,0.17484652996063232,0.051816225,-0.04323539461474866,-0.5395401049405336,7170,-0.05419845134019852,0.0003,0.053806238842662425,0.2
576,1472512,300.0,-0.46105952,719,2552,0.2181640625,0.009240329265594482,0.050355308,-0.0390113963992917,-0.5078685101121664,7180,-0.04218502342700958,0.0003,0.048372546740574764,0.2
577,1474560,300.0,-0.51146303,720,2554,0.228662109375,-0.39355993270874023,0.05466142,-0.0400332500168588,-0.5025422941893339,7190,-0.057175032794475555,0.0003,0.04576879729283974,0.2
577,1476608,300.0,-0.5821750199999999,721,2556,0.248681640625,-0.0033359527587890625,0.06481337,-0.040863275853917004,-0.5197164791636169,7200,-0.05579129606485367,0.0003,0.07114070372772403,0.2
577,1478656,300.0,-0.59568484,722,2558,0.236572265625,0.01599740982055664,0.05558438,-0.042570180815528144,-0.5228345151059329,7210,-0.026938147842884064,0.0003,0.0630200155894272,0.2
578,1480704,300.0,-0.7331110999999999,723,2561,0.2271484375,0.169200599193573,0.0543196,-0.04122855046734912,-0.5234985466115176,7220,-0.058920104056596756,0.0003,0.08933570662047714,0.2
578,1482752,300.0,-0.66822054,724,2563,0.233984375,-0.2952461242675781,0.054100856,-0.042456403688993304,-0.5139308799989522,7230,-0.04176773875951767,0.0003,0.057615471549797806,0.2
578,1484800,300.0,-0.38768226,725,2565,0.231884765625,0.1551293134689331,0.06264192,-0.041754476082860495,-0.5145028605125844,7240,-0.05540120601654053,0.0003,0.042847695457749066,0.2
578,1486848,300.0,-0.37566924000000007,726,2568,0.242236328125,-0.07673466205596924,0.061251476,-0.04069068066892214,-0.5158074587583542,7250,-0.037457942962646484,0.0003,0.036837024134001695,0.2
579,1488896,300.0,-0.39316435000000005,727,2570,0.237158203125,0.3006942868232727,0.052933846,-0.04284787089563906,-0.5210799966938794,7260,-0.060214221477508545,0.0003,0.014762042205256875,0.2
579,1490944,300.0,-0.3662436000000001,728,2572,0.234033203125,0.2138161063194275,0.053291418,-0.04418543496285565,-0.5232188649475574,7270,-0.05563561990857124,0.0003,0.03176800457877107,0.2
579,1492992,300.0,-0.332038,729,2574,0.23955078125,0.4471195340156555,0.062423833,-0.04490511769836303,-0.5266315373592079,7280,-0.06747933477163315,0.0003,0.017259123365511185,0.2
580,1495040,300.0,-0.2806981400000001,730,2577,0.223974609375,0.3207991123199463,0.057622645,-0.04108335787459509,-0.5086779175326228,7290,-0.062249623239040375,0.0003,0.045264947385294366,0.2
580,1497088,300.0,-0.17289046,731,2579,0.22119140625,0.09408831596374512,0.05425029,-0.042838471572031266,-0.5188727498054504,7300,0.00991155207157135,0.0003,0.1165081897052005,0.2
580,1499136,300.0,-0.053080470000000046,732,2581,0.23291015625,0.1973506212234497,0.06546222,-0.04032680274976883,-0.5085203735157847,7310,-0.03781996667385101,0.0003,0.029712371309869923,0.2
567,1501184,300.0,-0.10419666000000002,733,2644,0.226123046875,0.28798508644104004,0.05170741,-0.04046231264364906,-0.5053408511914312,7320,-0.040059756487607956,0.0003,0.05119721087394282,0.2
568,1503232,300.0,0.0015605599999999463,734,2646,0.241943359375,0.1784927248954773,0.06862675,-0.042876255878945814,-0.506709735840559,7330,-0.05487830936908722,0.0003,0.022698035420035012,0.2
568,1505280,300.0,-0.06338861999999999,735,2648,0.2169921875,0.2259303331375122,0.048297577,-0.04015140066912863,-0.5292455106042325,7340,-0.045280665159225464,0.0003,0.0628846688719932,0.2
568,1507328,300.0,0.03621003000000003,736,2651,0.233447265625,-0.07336568832397461,0.053222552,-0.04120625299110543,-0.5246733469888568,7350,-0.042337603867053986,0.0003,0.05460234685451724,0.2
568,1509376,300.0,0.24993277,737,2653,0.215771484375,0.2199295163154602,0.052998804,-0.03678873862372711,-0.5100994575768709,7360,-0.050657711923122406,0.0003,0.05573024987243116,0.2
569,1511424,300.0,0.47719844,738,2655,0.233154296875,0.22223013639450073,0.050691515,-0.039868635634775274,-0.522394313570112,7370,-0.02822381630539894,0.0003,0.038850497297244144,0.2
569,1513472,300.0,0.58349962,739,2657,0.235595703125,0.10545063018798828,0.061699282,-0.0391495562333148,-0.5245165000669658,7380,-0.0727926716208458,0.0003,0.05640764203271829,0.2
569,1515520,300.0,0.40148677,740,2659,0.227197265625,0.15832579135894775,0.049578644,-0.04180029379494954,-0.5164289838634432,7390,-0.0401567742228508,0.0003,0.08071997071383522,0.2
570,1517568,300.0,0.18795478,741,2661,0.23056640625,-0.0003713369369506836,0.052415304,-0.041890862162108536,-0.5238875285722315,7400,-0.056113000959157944,0.0003,0.03934288668096997,0.2
570,1519616,300.0,0.37421322999999995,742,2664,0.23369140625,-0.00766909122467041,0.050445594,-0.04240823176223785,-0.516828325483948,7410,-0.06479623168706894,0.0003,0.02636654383386485,0.2
570,1521664,300.0,0.41804652,743,2666,0.22919921875,-0.1838700771331787,0.0519678,-0.03967414197686594,-0.5262404058128596,7420,-0.07050654292106628,0.0003,0.029611723986454307,0.2
571,1523712,300.0,0.15705120000000003,744,2668,0.24091796875,-0.07972562313079834,0.06288889,-0.03918972075916827,-0.4892617373727262,7430,-0.04559408873319626,0.0003,0.014215015145600774,0.2
571,1525760,300.0,0.19013391,745,2670,0.22978515625,0.10597658157348633,0.061064925,-0.03626711188117042,-0.5093055658973753,7440,-0.016784831881523132,0.0003,0.07103301227325573,0.2
571,1527808,300.0,0.08054193999999995,746,2672,0.2296875,0.09249007701873779,0.064295575,-0.03747517790470738,-0.49837319664657115,7450,-0.04271053522825241,0.0003,0.027440680682775564,0.2
571,1529856,300.0,0.07918825000000002,747,2674,0.2333984375,0.021832585334777832,0.061187264,-0.042017078849312384,-0.504277933575213,7460,-0.06319744139909744,0.0003,0.01810827973531559,0.2
572,1531904,300.0,0.16123853999999993,748,2677,0.243017578125,0.14585167169570923,0.05804819,-0.04479624951054575,-0.522197082079947,7470,-0.04939502477645874,0.0003,0.0287392322672531,0.2
572,1533952,300.0,0.08299813999999994,749,2679,0.215771484375,0.19608044624328613,0.055203497,-0.039510242099640894,-0.4986430946737528,7480,-0.04537580534815788,0.0003,0.04575635514338501,0.2
572,1536000,300.0,0.04670276999999995,750,2681,0.24189453125,0.05555039644241333,0.06220697,-0.04125587951421039,-0.5227488183416427,7490,-0.052374184131622314,0.0003,0.06861953604966402,0.2
573,1538048,300.0,-0.10390573000000003,751,2683,0.228076171875,-0.154668927192688,0.050251067,-0.04179168480040971,-0.5074768020771444,7500,-0.052531152963638306,0.0003,0.036737311881734055,0.2
573,1540096,300.0,-0.017024800000000003,752,2686,0.233056640625,0.0622023344039917,0.054678272,-0.03790650033624843,-0.5123885222710669,7510,-0.03496626019477844,0.0003,0.04001824059523642,0.2
573,1542144,300.0,-0.22024537,753,2688,0.221533203125,-0.4371531009674072,0.052787438,-0.03817555326677393,-0.5031777179799974,7520,-0.0519736185669899,0.0003,0.045091779984068124,0.2
573,1544192,300.0,-0.0013590800000000014,754,2690,0.2236328125,0.05641895532608032,0.05075761,-0.038782992589403875,-0.508445396926254,7530,-0.03717288747429848,0.0003,0.03644957882352173,0.2
574,1546240,300.0,-0.08315987999999995,755,2692,0.252734375,-0.2620149850845337,0.06395528,-0.04496796568855643,-0.5082504903897643,7540,-0.05986369401216507,0.0003,0.016190388752147556,0.2
574,1548288,300.0,-0.032252990000000016,756,2694,0.21806640625,-0.23785269260406494,0.052831665,-0.0407823696907144,-0.4878078544512391,7550,-0.07595156133174896,0.0003,0.020728812555898913,0.2
574,1550336,300.0,-0.14145001000000001,757,2696,0.22568359375,0.10435014963150024,0.053119026,-0.04052522088313708,-0.4885052677243948,7560,-0.06970818340778351,0.0003,0.059144567837938665,0.2
575,1552384,300.0,-0.17822732,758,2698,0.237109375,-0.04306912422180176,0.07102468,-0.04190761717909482,-0.48423973554745314,7570,-0.010821908712387085,0.0003,0.11912495204014703,0.2
575,1554432,300.0,-0.15426982999999997,759,2701,0.2322265625,0.028869330883026123,0.059935562,-0.041415325010893865,-0.4897009119391441,7580,-0.03508869186043739,0.0003,0.034895757172489536,0.2
575,1556480,300.0,-0.17070662999999997,760,2703,0.230712890625,-0.03833508491516113,0.061156154,-0.041219603290664965,-0.4924087350256741,7590,-0.03774450346827507,0.0003,0.03645346469129436,0.2
576,1558528,300.0,-0.23040632999999996,761,2705,0.214990234375,-0.08451342582702637,0.051133025,-0.04144536087114829,-0.4955591428093612,7600,-0.03857599198818207,0.0003,0.07386338730575517,0.2
576,1560576,300.0,-0.3134486,762,2707,0.22802734375,-0.11535358428955078,0.0553763,-0.03840468499111012,-0.5075870777480305,7610,-0.03620688617229462,0.0003,0.07695434942143038,0.2
576,1562624,300.0,-0.40329429000000006,763,2710,0.229443359375,-0.21130144596099854,0.05550252,-0.041279706307977906,-0.5169441875070333,7620,-0.06327363848686218,0.0003,0.033307230263017115,0.2
576,1564672,300.0,-0.27780243,764,2712,0.232763671875,-0.005677342414855957,0.0599675,-0.040038899512728675,-0.5141281361691654,7630,-0.028893908485770226,0.0003,0.017753170027572197,0.2
577,1566720,300.0,-0.3619129799999999,765,2714,0.23447265625,0.2169838547706604,0.06151126,-0.04082714903634042,-0.5119050404056906,7640,-0.047814302146434784,0.0003,0.030909660551697016,0.2
577,1568768,300.0,-0.5144209599999998,766,2716,0.21884765625,0.4245673418045044,0.04994501,-0.03993685726163676,-0.5039278541691601,7650,-0.059100598096847534,0.0003,0.024982223665574566,0.2
577,1570816,300.0,-0.69666316,767,2718,0.232763671875,0.5945901274681091,0.054821756,-0.04342416768486146,-0.5134509396739304,7660,-0.09124209731817245,0.0003,0.014397682265553158,0.2
578,1572864,300.0,-0.73124782,768,2720,0.230322265625,0.4394574761390686,0.058261,-0.04130931971303653,-0.5097351676784456,7670,-0.0613856166601181,0.0003,0.04517002088832669,0.2
578,1574912,300.0,-0.88169354,769,2722,0.23525390625,0.6810300350189209,0.054934748,-0.045200364060292486,-0.5271225161850452,7680,-0.0745738223195076,0.0003,0.024142843906884082,0.2
578,1576960,300.0,-0.69486274,770,2725,0.228125,0.425312876701355,0.05647908,-0.042198145517613736,-0.496192963514477,7690,-0.01214957982301712,0.0003,0.06610888739232905,0.2
578,1579008,300.0,-0.62936951,771,2727,0.230078125,0.6567991971969604,0.060116597,-0.04249462114239577,-0.4951636839658022,7700,-0.04876644164323807,0.0003,0.029017900821054356,0.2
579,1581056,300.0,-0.7598857200000001,772,2730,0.218701171875,0.5889288187026978,0.04973534,-0.04239265277283266,-0.4941884813830256,7710,-0.014995593577623367,0.0003,0.05507767287781462,0.2
578,1583104,300.0,-0.6567806299999998,773,2734,0.2400390625,0.6095496416091919,0.062164076,-0.042326016767765394,-0.502995515987277,7720,-0.07242691516876221,0.0003,0.03202339802519418,0.2
579,1585152,300.0,-0.65377644,774,2737,0.233935546875,0.7311477661132812,0.059757262,-0.042452000864432196,-0.48531921142712237,7730,-0.0663021132349968,0.0003,0.01741060003405437,0.2
579,1587200,300.0,-0.69044837,775,2739,0.218603515625,0.6866776943206787,0.05693509,-0.03991640770982485,-0.4755897467955947,7740,-0.07523509114980698,0.0003,0.020053396472940223,0.2
579,1589248,300.0,-0.43256141,776,2742,0.2228515625,0.3939400315284729,0.051962644,-0.038592440864886154,-0.4951455645263195,7750,-0.034558188170194626,0.0003,0.06964883614564314,0.2
579,1591296,300.0,-0.4446542,777,2744,0.2298828125,0.43870311975479126,0.059062496,-0.043594620109070094,-0.47815385889261963,7760,-0.027864571660757065,0.0003,0.08895848745014519,0.2
580,1593344,300.0,-0.4643662500000001,778,2746,0.226904296875,0.35614585876464844,0.051379427,-0.038410330226179214,-0.48735242933034895,7770,-0.045446641743183136,0.0003,0.07562540031503887,0.2
580,1595392,300.0,-0.38464497999999997,779,2748,0.22314453125,-0.2198430299758911,0.05773315,-0.03845839444547892,-0.49671293338760736,7780,-0.05902216210961342,0.0003,0.025142988315201363,0.2
580,1597440,300.0,-0.22618212999999993,780,2750,0.2373046875,0.3989848494529724,0.07045604,-0.04325465018046089,-0.4977389326319098,7790,-0.04546988382935524,0.0003,0.028264031856087966,0.2
581,1599488,300.0,-0.08382912999999999,781,2752,0.2232421875,0.3598650097846985,0.05763011,-0.03778923550999025,-0.48694660812616347,7800,-0.07187633961439133,0.0003,0.02920530073752161,0.2
568,1601536,300.0,-0.06016946999999997,782,2816,0.229150390625,0.3069993853569031,0.054531045,-0.042189692924148404,-0.4963441414758563,7810,-0.054117802530527115,0.0003,0.037256993737537415,0.2
568,1603584,300.0,-0.20778671999999998,783,2818,0.231787109375,0.017708241939544678,0.061151855,-0.039867398617207075,-0.49782946687191726,7820,-0.08609163761138916,0.0003,0.016817261997493914,0.2
569,1605632,300.0,-0.2060741799999999,784,2821,0.2353515625,-0.15662014484405518,0.060890287,-0.03916733002552064,-0.4959028848446906,7830,-0.0662262961268425,0.0003,0.04669200974749401,0.2
569,1607680,300.0,-0.25721301999999996,785,2823,0.237255859375,-0.09912610054016113,0.053084157,-0.04372443942411337,-0.5119791119359434,7840,-0.04359373077750206,0.0003,0.02395940905553289,0.2
569,1609728,300.0,-0.31538909,786,2825,0.2326171875,-0.018581628799438477,0.06580956,-0.04065655475424137,-0.496914345305413,7850,-0.06804665178060532,0.0003,0.03919035715516657,0.2
569,1611776,300.0,-0.25279592999999995,787,2827,0.22509765625,0.034393250942230225,0.056454375,-0.040139539292431435,-0.4976948080584407,7860,-0.04308197647333145,0.0003,0.05272720073116943,0.2
570,1613824,300.0,-0.35747931999999993,788,2830,0.235400390625,0.1716206669807434,0.08180661,-0.042936184036079794,-0.4922393166460097,7870,-0.048864755779504776,0.0003,0.01866736224037595,0.2
570,1615872,300.0,-0.35767549000000004,789,2832,0.215673828125,0.2537369728088379,0.053513158,-0.03954037065122975,-0.4881478135474026,7880,-0.04494309425354004,0.0003,0.04540020434069447,0.2
570,1617920,300.0,-0.34750592,790,2835,0.23076171875,0.25099092721939087,0.05406087,-0.04010601344925817,-0.5057824417948723,7890,-0.04522472620010376,0.0003,0.04182355270604603,0.2
570,1619968,300.0,-0.4370420699999999,791,2837,0.22802734375,0.02270674705505371,0.060787592,-0.037816289803595284,-0.4668840704485774,7900,-0.03167286142706871,0.0003,0.0420167870586738,0.2
571,1622016,300.0,-0.20851676000000002,792,2839,0.21806640625,0.39680129289627075,0.062420323,-0.03790784932352835,-0.47931602578610183,7910,-0.047861699014902115,0.0003,0.03878214856958948,0.2
571,1624064,300.0,-0.2148691799999999,793,2841,0.225732421875,0.4616212844848633,0.057861585,-0.040042714463197626,-0.48931285524740814,7920,-0.04889145493507385,0.0003,0.035827255679760125,0.2
571,1626112,300.0,-0.41574984,794,2843,0.2404296875,0.4698307514190674,0.058377802,-0.04007202057400718,-0.4982372277416289,7930,-0.053717222064733505,0.0003,0.049586569523671645,0.2
572,1628160,300.0,-0.5286067299999999,795,2845,0.2193359375,0.3250425457954407,0.04607764,-0.03871018007630482,-0.4936715388670564,7940,-0.03564267233014107,0.0003,0.034598767780698834,0.2
572,1630208,300.0,-0.48134053,796,2848,0.240673828125,0.19776058197021484,0.06590624,-0.042172984874923714,-0.4988332205452025,7950,-0.03632372245192528,0.0003,0.054757522681029513,0.2
572,1632256,300.0,-0.4198842100000001,797,2850,0.23583984375,0.37147629261016846,0.0677807,-0.04415422524471069,-0.5000716589391232,7960,-0.04980316758155823,0.0003,0.02981406114413403,0.2
572,1634304,300.0,-0.54608471,798,2852,0.230712890625,0.4215039014816284,0.056489203,-0.040906509252818066,-0.49571839049458505,7970,-0.04455834999680519,0.0003,0.04282001064857468,0.2
573,1636352,300.0,-0.71671223,799,2854,0.224267578125,0.39543306827545166,0.06262657,-0.03794365213543642,-0.48986095003783703,7980,-0.038726262748241425,0.0003,0.02696863159944769,0.2
573,1638400,300.0,-0.6870050000000001,800,2857,0.24287109375,0.21278870105743408,0.062338028,-0.04315259850991424,-0.49213476153090596,7990,-0.07389208674430847,0.0003,0.014926122789620421,0.2
573,1640448,300.0,-0.69891177,801,2859,0.2169921875,0.3704698085784912,0.048215248,-0.0417704520834377,-0.4917399363592267,8000,-0.05318993330001831,0.0003,0.03878669493133202,0.2
573,1642496,300.0,-0.7435710500000002,802,2863,0.217529296875,0.3015316128730774,0.069833115,-0.04014701767300721,-0.4644372734241188,8010,-0.04267309606075287,0.0003,0.06046840831404552,0.2
573,1644544,300.0,-0.6420996600000001,803,2866,0.242919921875,0.4666255712509155,0.060570166,-0.0409624047431862,-0.4832264526747167,8020,-0.06183604896068573,0.0003,0.03949289998272434,0.2
573,1646592,300.0,-0.6744679999999998,804,2869,0.22373046875,0.40684765577316284,0.05211134,-0.03522278018353973,-0.4711630415171385,8030,-0.023404128849506378,0.0003,0.07312822664971463,0.2
574,1648640,300.0,-0.64545137,805,2871,0.22900390625,0.4068710207939148,0.06287485,-0.041895190329523754,-0.5011759695596993,8040,-0.03646612912416458,0.0003,0.041648298827931286,0.2
574,1650688,300.0,-0.8321479499999999,806,2873,0.22578125,0.5731276273727417,0.05388883,-0.0368803732766537,-0.49287067335098983,8050,-0.024573370814323425,0.0003,0.04188857693225145,0.2
574,1652736,300.0,-0.8870907200000001,807,2876,0.232861328125,0.6050819158554077,0.0599486,-0.038063142099417746,-0.5074447973631322,8060,-0.03749030828475952,0.0003,0.06119805700727739,0.2
574,1654784,300.0,-0.7676587599999999,808,2878,0.24150390625,0.7047011256217957,0.064080626,-0.041117929251049644,-0.49882202669978143,8070,-0.07003971934318542,0.0003,0.02762864610995166,0.2
575,1656832,300.0,-0.6683545700000001,809,2880,0.22451171875,0.7453556060791016,0.055197477,-0.041820300568360835,-0.5074538715183735,8080,-0.06510075181722641,0.0003,0.02408680508087855,0.2
575,1658880,300.0,-0.46395157,810,2883,0.220263671875,0.3834167718887329,0.059137322,-0.04211584943986964,-0.5157729350030422,8090,-0.012895524501800537,0.0003,0.0904026084812358,0.2
575,1660928,300.0,-0.6510056900000001,811,2885,0.23759765625,0.6000238656997681,0.05501657,-0.040811818160000256,-0.5151839982718229,8100,-0.061737917363643646,0.0003,0.026125445406069047,0.2
575,1662976,300.0,-0.56149698,812,2887,0.22626953125,0.3446650505065918,0.054313965,-0.04247036945307627,-0.49371125679463146,8110,-0.047961678355932236,0.0003,0.05820520595298149,0.2
576,1665024,300.0,-0.42284872999999995,813,2890,0.233837890625,0.2357984185218811,0.052706145,-0.04279688042588532,-0.5239161401987076,8120,-0.06182004511356354,0.0003,0.04384091570973396,0.2
576,1667072,300.0,-0.33817751000000007,814,2892,0.225,0.3014732599258423,0.051146984,-0.04062530179216992,-0.5069405251182616,8130,-0.03947035223245621,0.0003,0.058243342756759374,0.2
576,1669120,300.0,-0.2885239900000001,815,2894,0.240087890625,0.25329333543777466,0.053970546,-0.0430947469198145,-0.5172311059199274,8140,-0.04009424149990082,0.0003,0.01741965645633172,0.2
576,1671168,300.0,-0.28235871999999995,816,2897,0.22705078125,0.26810604333877563,0.051021133,-0.04309400388447102,-0.5050531482324004,8150,-0.037791360169649124,0.0003,0.03560019180295058,0.2
577,1673216,300.0,-0.3930026499999999,817,2899,0.22138671875,-0.36625218391418457,0.05126446,-0.04532687244063709,-0.5060511029325425,8160,-0.06287100911140442,0.0003,0.022785749478498474,0.2
577,1675264,300.0,-0.40888605999999994,818,2901,0.2265625,0.06451445817947388,0.052036516,-0.03956487597315572,-0.5118294200859964,8170,-0.02153044380247593,0.0003,0.07394095144700259,0.2
577,1677312,300.0,-0.3720423400000001,819,2903,0.2421875,-0.01265859603881836,0.06324039,-0.040676273946883154,-0.5106569323688745,8180,0.011024698615074158,0.0003,0.15551293042954056,0.2
578,1679360,300.0,-0.43469096999999995,820,2905,0.220068359375,-0.06429791450500488,0.046723492,-0.039821368824050296,-0.505880235042423,8190,-0.0429747998714447,0.0003,0.06182244347874075,0.2
578,1681408,300.0,-0.28974278000000003,821,2907,0.22138671875,-0.012051820755004883,0.05144199,-0.04255355286004488,-0.5110319495201111,8200,-0.02940003201365471,0.0003,0.05959171984577551,0.2
578,1683456,300.0,-0.41889649,822,2909,0.2365234375,0.013607144355773926,0.04995937,-0.042678438063012435,-0.5217631916515529,8210,-0.05269482359290123,0.0003,0.07714126608334482,0.2
578,1685504,300.0,-0.37382366,823,2912,0.2232421875,0.2077159881591797,0.054055322,-0.041797665844205766,-0.49643007731065153,8220,-0.07118705660104752,0.0003,0.041517265141010284,0.2
579,1687552,300.0,-0.22954849999999993,824,2914,0.235791015625,0.5187366008758545,0.06009706,-0.04375269351439783,-0.5001355451531708,8230,-0.07367171347141266,0.0003,0.01827146240393631,0.2
579,1689600,300.0,-0.06733969999999999,825,2917,0.227978515625,0.39462465047836304,0.06109332,-0.04244894675211981,-0.48294107848778367,8240,-0.058291226625442505,0.0003,0.04192002001218498,0.2
579,1691648,300.0,-0.07445967999999993,826,2919,0.217822265625,0.3117027282714844,0.046558425,-0.0399410866695689,-0.4788560156710446,8250,-0.05049106106162071,0.0003,0.03865333733847365,0.2
579,1693696,300.0,-0.2881058499999999,827,2921,0.22255859375,0.5172913074493408,0.04986729,-0.04089296789607033,-0.5098869982175529,8260,-0.02917499467730522,0.0003,0.036212899215752256,0.2
579,1695744,300.0,-0.15327716999999988,828,2925,0.233984375,-0.045360445976257324,0.057474516,-0.04251288905652473,-0.49668647684156897,8270,-0.03378235548734665,0.0003,0.1017379502649419,0.2
579,1697792,300.0,-0.19061398999999996,829,2928,0.24580078125,0.023891091346740723,0.05770934,-0.04159037539211567,-0.507982962578535,8280,-0.04879269003868103,0.0003,0.054375769454054534,0.2
579,1699840,300.0,-0.15171398,830,2930,0.224853515625,-0.05134713649749756,0.061883956,-0.03696228936314583,-0.48432541694492104,8290,-0.04130113124847412,0.0003,0.06629028301103972,0.2
564,1701888,300.0,-0.039870579999999954,831,3014,0.234033203125,0.092387855052948,0.06021258,-0.04109580236836337,-0.4779049108736217,8300,-0.05654780939221382,0.0003,0.04566673160879873,0.2
564,1703936,300.0,0.014822490000000039,832,3016,0.226025390625,0.11561501026153564,0.06066374,-0.04095815753389616,-0.48026740457862616,8310,-0.07430611550807953,0.0003,0.03280085428268649,0.2
565,1705984,300.0,-0.07237605999999983,833,3019,0.221435546875,-0.026268362998962402,0.069727406,-0.038782905066909734,-0.4910093009471893,8320,-0.020680829882621765,0.0003,0.07375835319980979,0.2
565,1708032,300.0,-0.10741027,834,3022,0.222119140625,0.031955182552337646,0.050109297,-0.03798816387425177,-0.5026512674987316,8330,-0.02488938719034195,0.0003,0.0863740666070953,0.2
565,1710080,300.0,-0.08344720999999998,835,3024,0.22041015625,-0.06540751457214355,0.05753687,-0.037288939658901656,-0.48813209440559147,8340,-0.06646221876144409,0.0003,0.033827828487847,0.2
565,1712128,300.0,0.02052843999999998,836,3027,0.225634765625,-0.04299628734588623,0.06124034,-0.042850076028844344,-0.48388238502666353,8350,-0.032415322959423065,0.0003,0.03534017216879874,0.2
565,1714176,300.0,0.08792698000000002,837,3029,0.221435546875,-0.0887606143951416,0.052479856,-0.0405948048341088,-0.5075607852078974,8360,-0.008883930742740631,0.0003,0.0737820507842116,0.2
566,1716224,300.0,-0.053331380000000046,838,3032,0.230419921875,0.03508633375167847,0.05522378,-0.04389158291887725,-0.49289446184411645,8370,-0.036946721374988556,0.0003,0.015211222719517536,0.2
566,1718272,300.0,-0.14642507999999999,839,3034,0.230126953125,0.027826011180877686,0.050022878,-0.04121544286317658,-0.5121680636890232,8380,-0.05350963771343231,0.0003,0.02666445795330219,0.2
566,1720320,300.0,-0.36332096,840,3037,0.22744140625,0.04807627201080322,0.06079074,-0.03842897056601942,-0.49268984803929927,8390,-0.022408710792660713,0.0003,0.06063391285715625,0.2
566,1722368,300.0,0.04142736000000003,841,3039,0.243896484375,-0.07694864273071289,0.063401386,-0.040671023378672545,-0.5116996088065207,8400,-0.04385315254330635,0.0003,0.047896454512374474,0.2
566,1724416,300.0,-0.02605717999999998,842,3042,0.241943359375,-0.07233738899230957,0.068342015,-0.04110457447532099,-0.5185825381428003,8410,-0.05216540768742561,0.0003,0.056631573289632794,0.2
567,1726464,300.0,0.019867109999999962,843,3044,0.24375,-0.1453927755355835,0.060310666,-0.041756579896900806,-0.5096622207202017,8420,-0.04965166747570038,0.0003,0.04001429981435649,0.2
567,1728512,300.0,0.13148080999999998,844,3046,0.237841796875,-0.06900882720947266,0.06483451,-0.04017780481372028,-0.5176328221336007,8430,-0.02086610347032547,0.0003,0.05719164703332354,0.2
567,1730560,300.0,0.019561480000000003,845,3048,0.226806640625,-0.10034739971160889,0.057709776,-0.04085261018481105,-0.5019941872917115,8440,-0.04330052062869072,0.0003,0.029465016530593857,0.2
567,1732608,300.0,-0.008318029999999942,846,3051,0.2263671875,-0.03410446643829346,0.049219605,-0.04366296422376763,-0.516870301682502,8450,-0.04987633600831032,0.0003,0.06959807352395728,0.2
568,1734656,300.0,0.043396649999999995,847,3053,0.23798828125,-0.23299551010131836,0.053564534,-0.0450729276315542,-0.5150024266913533,8460,-0.06639774143695831,0.0003,0.02331897151307203,0.2
568,1736704,300.0,0.06346634000000001,848,3055,0.23740234375,0.001133263111114502,0.06124171,-0.04286668129498139,-0.5115489228628576,8470,-0.05333835259079933,0.0003,0.055238660494796935,0.2
568,1738752,300.0,0.12077549000000004,849,3058,0.226318359375,0.11630403995513916,0.059527203,-0.0393660574380192,-0.5151949212886393,8480,-0.01970616728067398,0.0003,0.06352112687309272,0.2
568,1740800,300.0,0.24403304000000003,850,3060,0.248876953125,0.028427302837371826,0.05752049,-0.0445061714242911,-0.5365705231204629,8490,-0.050445303320884705,0.0003,0.08257922503398732,0.2
569,1742848,300.0,0.30129554999999997,851,3062,0.234814453125,-0.008048295974731445,0.051244643,-0.041715326832490976,-0.5255156628787517,8500,-0.05120103806257248,0.0003,0.02887175680953078,0.2
569,1744896,300.0,0.2518541600000001,852,3064,0.239404296875,-0.07348859310150146,0.060147725,-0.04705425719730556,-0.5150427431799471,8510,-0.06536786258220673,0.0003,0.05137266481178813,0.2
569,1746944,300.0,0.23670780000000005,853,3067,0.23798828125,-0.24195337295532227,0.059519097,-0.040218039610772395,-0.513142297975719,8520,-0.040400873869657516,0.0003,0.04437755938852206,0.2
569,1748992,300.0,0.21575435000000007,854,3069,0.217626953125,-0.19324719905853271,0.04868188,-0.0430328440037556,-0.5332745932042599,8530,-0.06691132485866547,0.0003,0.04494644986116327,0.2
570,1751040,300.0,0.23714885000000002,855,3071,0.244189453125,0.08872044086456299,0.05411502,-0.043048291829472875,-0.5262954395264388,8540,-0.03476312756538391,0.0003,0.060757553175790235,0.2
570,1753088,300.0,0.15293373000000007,856,3074,0.2236328125,-0.4226306676864624,0.04567436,-0.04440781596931629,-0.514872501604259,8550,-0.05934341251850128,0.0003,0.018443629867397247,0.2
570,1755136,300.0,0.025428230000000083,857,3077,0.224462890625,0.0027922987937927246,0.055877328,-0.04232097003696254,-0.5024958856403827,8560,-0.036671049892902374,0.0003,0.05261176580097526,0.2
570,1757184,300.0,0.11921298000000008,858,3082,0.237646484375,-0.026511549949645996,0.06089689,-0.04486833582050167,-0.5118812839500606,8570,-0.02254875749349594,0.0003,0.06487842173082754,0.2
570,1759232,300.0,0.12909026,859,3085,0.223681640625,-0.012225508689880371,0.053123906,-0.0401491750839341,-0.5145172816701233,8580,-0.015021421015262604,0.0003,0.1032898812321946,0.2
570,1761280,300.0,0.15984506999999998,860,3087,0.236474609375,-0.06791400909423828,0.06220977,-0.04150378189224284,-0.5268303669057787,8590,-0.04239892214536667,0.0003,0.04348463473143056,0.2
570,1763328,300.0,0.31156326,861,3090,0.2330078125,0.06481468677520752,0.05564578,-0.04219365082972217,-0.5083533336408437,8600,-0.06003415212035179,0.0003,0.05684226103476249,0.2
570,1765376,300.0,0.3890514900000001,862,3092,0.244921875,0.14376181364059448,0.06284694,-0.04408179418242071,-0.5251409488730132,8610,-0.013093095272779465,0.0003,0.08315136574674398,0.2
571,1767424,300.0,0.5332058900000001,863,3094,0.22734375,0.09568291902542114,0.058048174,-0.04148028754570987,-0.5123050938360393,8620,-0.05179218575358391,0.0003,0.042954005143838,0.2
571,1769472,300.0,0.3668103,864,3097,0.21552734375,0.23057204484939575,0.044211473,-0.040040178806521,-0.48759415848180654,8630,-0.06658308953046799,0.0003,0.03279786878265441,0.2
571,1771520,300.0,0.31296739999999995,865,3100,0.230615234375,0.24452227354049683,0.059283637,-0.04341784379503224,-0.498205640912056,8640,-0.062156546860933304,0.0003,0.04027691467199475,0.2
571,1773568,300.0,0.51639164,866,3102,0.22236328125,0.2645455598831177,0.04355132,-0.038212614142685196,-0.5263744805008173,8650,-0.046394720673561096,0.0003,0.07745000111171976,0.2
571,1775616,300.0,0.52828761,867,3105,0.239453125,0.3615559935569763,0.05790149,-0.042002696197596376,-0.5261581576429307,8660,-0.052057426422834396,0.0003,0.05222829913836904,0.2
572,1777664,300.0,0.4873225,868,3107,0.225927734375,0.24091780185699463,0.051086448,-0.04204781509761233,-0.5108591726981103,8670,-0.04997774958610535,0.0003,0.05923401592299342,0.2
572,1779712,300.0,0.43790207,869,3110,0.234326171875,0.23130571842193604,0.052351452,-0.043501435188227335,-0.5095772492699325,8680,-0.07101026922464371,0.0003,0.04131969945156015,0.2
572,1781760,300.0,0.29566168,870,3112,0.221044921875,0.36820435523986816,0.05054873,-0.04245901300164405,-0.5099927978590131,8690,-0.03696659579873085,0.0003,0.07407616497948766,0.2
572,1783808,300.0,0.41670036999999993,871,3115,0.2375,0.7099769711494446,0.05615689,-0.04595649761904497,-0.5399192222394049,8700,-0.0384371243417263,0.0003,0.026204287563450633,0.2
572,1785856,300.0,0.5713346499999998,872,3117,0.235107421875,0.6350705623626709,0.06507403,-0.04232888993865345,-0.5241645326837897,8710,-0.06960117071866989,0.0003,0.039839207206387076,0.2
573,1787904,300.0,0.48122956,873,3120,0.222705078125,0.2965155839920044,0.058464497,-0.043814350859611294,-0.5038824046030641,8720,-0.07118144631385803,0.0003,0.021736540558049456,0.2
573,1789952,300.0,0.22675318999999994,874,3122,0.22294921875,0.25292474031448364,0.06558556,-0.039742311211011835,-0.4969393525272608,8730,-0.0397125780582428,0.0003,0.024112583004171028,0.2
573,1792000,300.0,0.15845916999999993,875,3125,0.234375,0.3605436682701111,0.05641362,-0.04592617444868665,-0.5200992892496288,8740,-0.04576822742819786,0.0003,0.047585486358730125,0.2
573,1794048,300.0,0.10014751999999995,876,3127,0.227197265625,0.2460641860961914,0.05085165,-0.044938342514797114,-0.5063212727196514,8750,-0.04549555853009224,0.0003,0.048347829235717656,0.2
573,1796096,300.0,0.06498214999999999,877,3130,0.230712890625,0.08528310060501099,0.051850736,-0.041248909416026436,-0.5154066785238683,8760,-0.003817908465862274,0.0003,0.06005498485756107,0.2
573,1798144,300.0,-0.03903382,878,3133,0.220654296875,-0.1572350263595581,0.053610172,-0.04032658406358678,-0.47530078729614617,8770,-0.05974481254816055,0.0003,0.011868992964446079,0.2
562,1800192,300.0,-0.06752250999999998,879,3201,0.240625,0.008150935173034668,0.06554058,-0.042672933585708964,-0.4928602581843734,8780,-0.04160519689321518,0.0003,0.03391459194244817,0.2
562,1802240,300.0,-0.16257291000000001,880,3203,0.2390625,0.03716731071472168,0.058526553,-0.04182504128984874,-0.49897378627210853,8790,-0.026666991412639618,0.0003,0.02119798804342281,0.2
562,1804288,300.0,-0.36706444999999993,881,3206,0.21923828125,-0.13613688945770264,0.05250109,-0.043116894047125244,-0.4723033268004656,8800,-0.059357210993766785,0.0003,0.042399118217872456,0.2
562,1806336,300.0,-0.45331713000000007,882,3208,0.21259765625,0.10772228240966797,0.050247367,-0.04344124597118935,-0.5012682045809924,8810,-0.05243222415447235,0.0003,0.05430760356830433,0.2
563,1808384,300.0,-0.3465165700000001,883,3210,0.237255859375,0.025755584239959717,0.057295207,-0.0442663604801055,-0.5005557005293667,8820,-0.0712241679430008,0.0003,0.023795447091106325,0.2
563,1810432,300.0,-0.18942455000000002,884,3212,0.238134765625,0.12294721603393555,0.06732292,-0.04218707906256895,-0.4783721321262419,8830,-0.027341917157173157,0.0003,0.0737430494860746,0.2
563,1812480,300.0,-0.16360556000000004,885,3215,0.211962890625,0.2396939992904663,0.047776822,-0.04003209626680473,-0.4903609317727387,8840,-0.04156253859400749,0.0003,0.04028127690544352,0.2
563,1814528,300.0,-0.30783021,886,3219,0.232275390625,0.2103983759880066,0.06296625,-0.041504879348212856,-0.4879163347184658,8850,-0.04212123528122902,0.0003,0.03193384570768103,0.2
563,1816576,300.0,-0.37733101999999996,887,3221,0.229638671875,0.17536550760269165,0.06285311,-0.03925268485327251,-0.47449100743979217,8860,-0.038744594901800156,0.0003,0.01651356949150795,0.2
564,1818624,300.0,-0.3485979700000001,888,3223,0.231640625,0.07590091228485107,0.06524266,-0.040625429936335423,-0.47863681726157664,8870,-0.05232657864689827,0.0003,0.08336821235716343,0.2
564,1820672,300.0,-0.189616,889,3226,0.2279296875,-0.048665404319763184,0.063762814,-0.03950760552979773,-0.48755728751420974,8880,-0.04147064685821533,0.0003,0.04428399099851958,0.2
564,1822720,300.0,-0.31515019,890,3228,0.23076171875,0.16641980409622192,0.054074515,-0.0434368493151851,-0.5035964953713119,8890,-0.06001374498009682,0.0003,0.03580580953857861,0.2
564,1824768,300.0,-0.35099111999999993,891,3230,0.243701171875,0.27235889434814453,0.07893433,-0.04378263399848947,-0.5030484042130411,8900,-0.06379339843988419,0.0003,0.01573538867960451,0.2
565,1826816,300.0,-0.3065634100000001,892,3233,0.228515625,0.08017939329147339,0.054114938,-0.042416009459702766,-0.5039401363581419,8910,-0.039640069007873535,0.0003,0.03764922355185263,0.2
565,1828864,300.0,-0.19838256999999995,893,3235,0.23291015625,0.14419353008270264,0.058850247,-0.042715178098296745,-0.4927440335974097,8920,-0.04658673703670502,0.0003,0.043840460100909695,0.2
565,1830912,300.0,0.01803543999999996,894,3237,0.221484375,0.2941132187843323,0.06505144,-0.039531915841507725,-0.4806348688900471,8930,-0.045945920050144196,0.0003,0.03254379420832265,0.2
565,1832960,300.0,0.08783318000000001,895,3239,0.238916015625,0.5090218782424927,0.06015383,-0.04289707572024781,-0.4870423570275307,8940,-0.06716430932283401,0.0003,0.02587820921326056,0.2
565,1835008,300.0,0.10308396999999993,896,3242,0.24140625,0.42936408519744873,0.06555877,-0.042535989076714034,-0.48645328739658,8950,-0.05315352603793144,0.0003,0.03708973547327332,0.2
566,1837056,300.0,0.1296481499999999,897,3244,0.219775390625,0.05972009897232056,0.05157408,-0.04292011135694338,-0.49733971497043966,8960,-0.02633611485362053,0.0003,0.08802561071934178,0.2
566,1839104,300.0,0.19248466999999997,898,3247,0.22763671875,0.2734290361404419,0.058772456,-0.03921374407800613,-0.4845469303429127,8970,-0.03999856486916542,0.0003,0.031835690466687085,0.2
566,1841152,300.0,0.38330392,899,3250,0.221435546875,0.372836709022522,0.06468838,-0.04161851046665106,-0.48919408228248357,8980,-0.043151795864105225,0.0003,0.05167336666490883,0.2
566,1843200,300.0,0.29987979000000003,900,3252,0.222412109375,0.22163015604019165,0.05366916,-0.03818682048877235,-0.48603612966835497,8990,-0.02020207792520523,0.0003,0.07169077408034355,0.2
566,1845248,300.0,0.35906009,901,3254,0.219921875,0.288460373878479,0.04854957,-0.042436427969369105,-0.48674917332828044,9000,-0.04764676094055176,0.0003,0.05469763553119265,0.2
567,1847296,300.0,0.23695475,902,3256,0.228466796875,0.2861472964286804,0.06724413,-0.041667341109132394,-0.48130752770230173,9010,-0.040004026144742966,0.0003,0.04139934320701286,0.2
567,1849344,300.0,0.4144068900000001,903,3259,0.240869140625,0.3723657727241516,0.065060616,-0.04247857228619978,-0.4824685617350042,9020,-0.074006587266922,0.0003,0.025093729255604557,0.2
567,1851392,300.0,0.47084651999999994,904,3262,0.227490234375,0.12939304113388062,0.06845021,-0.04358906890265644,-0.48921962166205046,9030,-0.008133850991725922,0.0003,0.10127637339755893,0.2
567,1853440,300.0,0.54842723,905,3265,0.229345703125,0.4231615662574768,0.064895265,-0.0411629242633353,-0.49359706342220305,9040,-0.06012976914644241,0.0003,0.022005201806314288,0.2
567,1855488,300.0,0.5546948899999999,906,3268,0.22255859375,0.22872209548950195,0.05775822,-0.04116985787404701,-0.4884993309155107,9050,-0.030541080981492996,0.0003,0.049472067528404294,0.2
567,1857536,300.0,0.61219329,907,3270,0.225830078125,0.3997499942779541,0.057350866,-0.03955107320507523,-0.47938578417524697,9060,-0.038351885974407196,0.0003,0.04485791329643689,0.2
568,1859584,300.0,0.5136430599999998,908,3273,0.23681640625,0.2046271562576294,0.07181902,-0.04062894353992306,-0.4908870396204293,9070,-0.050328340381383896,0.0003,0.04577342054108158,0.2
568,1861632,300.0,0.49060214,909,3275,0.21787109375,0.5064488649368286,0.053166986,-0.042858957653515974,-0.4929090926423669,9080,-0.06463959813117981,0.0003,0.03129776286659762,0.2
568,1863680,300.0,0.38699353999999997,910,3278,0.218798828125,0.45277678966522217,0.06819334,-0.041151388378057166,-0.48902039481326937,9090,-0.06111530959606171,0.0003,0.05457725092419423,0.2
568,1865728,300.0,0.5186910799999999,911,3280,0.21875,0.3178746700286865,0.051782157,-0.03869460011628689,-0.4822342278435826,9100,-0.05021020025014877,0.0003,0.05771360893268138,0.2
568,1867776,300.0,0.5424973,912,3283,0.233984375,0.4021400213241577,0.061692312,-0.04184049539617263,-0.4809261575341225,9110,-0.056019749492406845,0.0003,0.027829521748935805,0.2
569,1869824,300.0,0.43088406999999995,913,3285,0.2330078125,0.14173567295074463,0.076720975,-0.041736275679431854,-0.4712327688932419,9120,-0.032909221947193146,0.0003,0.056321981054497885,0.2
569,1871872,300.0,0.3671786199999999,914,3288,0.224755859375,0.15494376420974731,0.049636535,-0.03813773441652302,-0.47699094815179705,9130,-0.0395805761218071,0.0003,0.037372639734530824,0.2
569,1873920,300.0,0.52760596,915,3290,0.22138671875,0.16195571422576904,0.06095937,-0.04053692341476563,-0.4696040954440832,9140,-0.06514167785644531,0.0003,0.061764852679334584,0.2
569,1875968,300.0,0.3932844800000001,916,3293,0.22548828125,-0.21220159530639648,0.067852914,-0.03832436779339332,-0.48215818060562016,9150,-0.0808456689119339,0.0003,0.021993765683146194,0.2
569,1878016,300.0,0.2599391399999999,917,3295,0.222314453125,0.14594823122024536,0.059827145,-0.0379204914876027,-0.47950390465557574,9160,-0.043694980442523956,0.0003,0.04891633784864098,0.2
570,1880064,300.0,0.20579374999999994,918,3297,0.23359375,0.15649312734603882,0.059403166,-0.039604658659663984,-0.49435720052570103,9170,-0.054678771644830704,0.0003,0.06278070074040443,0.2
570,1882112,300.0,0.1633403,919,3300,0.229052734375,0.06461399793624878,0.054522246,-0.038395585493708494,-0.49089094772934916,9180,-0.027820441871881485,0.0003,0.08313549646409228,0.2
570,1884160,300.0,0.08187764000000003,920,3302,0.244580078125,0.1504993438720703,0.06160556,-0.0445680465811165,-0.5099109260365366,9190,-0.03872548043727875,0.0003,0.05988775934092701,0.2
570,1886208,300.0,0.050651680000000095,921,3304,0.224609375,0.2638704776763916,0.05702364,-0.03973893772927113,-0.4954863844439387,9200,-0.055830396711826324,0.0003,0.030611834285082296,0.2
570,1888256,300.0,0.04356011999999998,922,3307,0.2328125,0.015883207321166992,0.059677124,-0.038866950690862725,-0.48436732701957225,9210,-0.05860256403684616,0.0003,0.03221756928251125,0.2
571,1890304,300.0,-0.10616758000000001,923,3309,0.235791015625,-0.035437583923339844,0.05934549,-0.041375685557432006,-0.4946001093834639,9220,-0.04481501132249832,0.0003,0.035422871657647195,0.2
571,1892352,300.0,-0.02987266999999993,924,3311,0.230322265625,0.25673824548721313,0.0638153,-0.04375445866608061,-0.5037415837869048,9230,-0.033819425851106644,0.0003,0.018666318213217892,0.2
571,1894400,300.0,-0.03723175999999997,925,3314,0.238330078125,0.14452522993087769,0.06660803,-0.042858807460288514,-0.504264994803816,9240,-0.04643062874674797,0.0003,0.042110739514464514,0.2
571,1896448,300.0,-0.1337861,926,3316,0.239111328125,0.02390587329864502,0.061714746,-0.041383088880684225,-0.49362213285639883,9250,-0.0187511146068573,0.0003,0.03915645777015016,0.2
571,1898496,300.0,-0.28594142,927,3319,0.22939453125,0.0192679762840271,0.055944026,-0.04122119062230922,-0.5093505449593068,9260,-0.05323890224099159,0.0003,0.02493486657331232,0.2
561,1900544,300.0,-0.24002687,928,3387,0.207763671875,0.055414795875549316,0.050617695,-0.03605617430293932,-0.49787063635885714,9270,-0.04426409304141998,0.0003,0.055087266402551904,0.2
561,1902592,300.0,-0.38577994000000004,929,3390,0.22421875,0.15966510772705078,0.058989808,-0.042025059496518226,-0.4948731688782573,9280,-0.017682716250419617,0.0003,0.07684980775229633,0.2
561,1904640,300.0,-0.3365949999999999,930,3392,0.23427734375,0.1551210880279541,0.06531764,-0.04370694666868076,-0.5007517424412071,9290,-0.06542479246854782,0.0003,0.032263747561955824,0.2
561,1906688,300.0,-0.37763298,931,3394,0.22861328125,0.24495190382003784,0.052120928,-0.04126254271541256,-0.5164493840187788,9300,-0.06460236757993698,0.0003,0.03316887417167891,0.2
561,1908736,300.0,-0.23429998999999996,932,3397,0.23046875,-0.06049537658691406,0.055893093,-0.04176658735668752,-0.48685587299987676,9310,-0.046670101583004,0.0003,0.03398213403415866,0.2
562,1910784,300.0,-0.32125773,933,3399,0.244384765625,0.0894727110862732,0.061583243,-0.0419464116814197,-0.5171688057482242,9320,-0.049682557582855225,0.0003,0.04234701340319589,0.2
562,1912832,300.0,-0.22476169000000001,934,3401,0.21728515625,0.04193776845932007,0.051523168,-0.04013531395466998,-0.4953094519674778,9330,-0.05154942721128464,0.0003,0.07316052856622264,0.2
562,1914880,300.0,-0.21077281,935,3404,0.230517578125,0.12345534563064575,0.06816345,-0.03848332931811456,-0.47802198529243467,9340,-0.0749572366476059,0.0003,0.03646619372302666,0.2
562,1916928,300.0,-0.40429934,936,3406,0.22216796875,-0.016644835472106934,0.057469748,-0.03981888631533366,-0.48625288903713226,9350,-0.030036430805921555,0.0003,0.058840661175781864,0.2
562,1918976,300.0,-0.49924606999999993,937,3408,0.23466796875,-0.18201541900634766,0.058009706,-0.041088513245631474,-0.48735161712393166,9360,-0.0693892389535904,0.0003,0.017539640385075474,0.2
563,1921024,300.0,-0.57137975,938,3411,0.238232421875,0.04539412260055542,0.059318963,-0.038888948311796415,-0.4959045021794736,9370,-0.045100994408130646,0.0003,0.044565515517024326,0.2
563,1923072,300.0,-0.36991413000000006,939,3413,0.22802734375,0.22106415033340454,0.0628518,-0.03954679730522912,-0.47884625354781746,9380,-0.05964043363928795,0.0003,0.021482499767444097,0.2
563,1925120,300.0,-0.34878221000000004,940,3415,0.2330078125,-0.027077436447143555,0.07045283,-0.04140653029899113,-0.4779885297641158,9390,-0.05659707635641098,0.0003,0.03144458605383989,0.2
563,1927168,300.0,-0.34265217,941,3417,0.23095703125,0.2103171944618225,0.065617904,-0.03926165541197406,-0.466990224365145,9400,-0.018505316227674484,0.0003,0.059634410217404364,0.2
564,1929216,300.0,-0.35873253000000005,942,3420,0.23427734375,0.05548316240310669,0.06278777,-0.040966917552577795,-0.4706065846607089,9410,-0.06321278214454651,0.0003,0.03258472247980535,0.2
564,1931264,300.0,-0.4332364400000001,943,3422,0.23544921875,-0.06646370887756348,0.06009309,-0.040695039901766,-0.48226184472441674,9420,-0.05334873124957085,0.0003,0.019998879526974635,0.2
564,1933312,300.0,-0.57541714,944,3425,0.2298828125,0.12123030424118042,0.053622797,-0.035888252811855634,-0.49509939169511197,9430,-0.03315524011850357,0.0003,0.04141970246564597,0.2
564,1935360,300.0,-0.43556317,945,3427,0.2171875,0.09593605995178223,0.05248498,-0.04107615792308934,-0.4812505659647286,9440,-0.02946731075644493,0.0003,0.062273481767624615,0.2
564,1937408,300.0,-0.43345693,946,3430,0.22451171875,0.166060209274292,0.065078266,-0.04166687293036375,-0.4711820221506059,9450,-0.030367553234100342,0.0003,0.07955554116051644,0.2
565,1939456,300.0,-0.42940325,947,3432,0.2177734375,0.2149527668952942,0.08160335,-0.03870786150509957,-0.4850671702995896,9460,-0.034097060561180115,0.0003,0.06832766336156056,0.2
565,1941504,300.0,-0.4161426999999999,948,3434,0.23212890625,0.11309897899627686,0.06403717,-0.038945432379841806,-0.49277997575700283,9470,-0.043915245682001114,0.0003,0.06715898179099895,0.2
565,1943552,300.0,-0.29524014,949,3437,0.227294921875,0.08265811204910278,0.063762434,-0.041086970540345644,-0.4682195710018277,9480,-0.060804687440395355,0.0003,0.04106302427826449,0.2
565,1945600,300.0,-0.29813946,950,3439,0.228125,0.46071159839630127,0.0582848,-0.04337553353398107,-0.48134698560461403,9490,-0.058601535856723785,0.0003,0.02889383114525117,0.2
565,1947648,300.0,-0.11511935999999999,951,3441,0.229931640625,0.2264525294303894,0.05958596,-0.040100792594603266,-0.4724390455521643,9500,-0.016933944076299667,0.0003,0.13705528215505183,0.2
566,1949696,300.0,-0.10843550000000007,952,3444,0.221240234375,0.20497208833694458,0.057359133,-0.04188995154108852,-0.471619404386729,9510,-0.032278645783662796,0.0003,0.06263620072277262,0.2
566,1951744,300.0,-0.13326949000000002,953,3447,0.21875,0.2316892147064209,0.115949854,-0.04113227680209093,-0.47267678985372186,9520,-0.023171745240688324,0.0003,0.059757846663706,0.2
566,1953792,300.0,-0.20144393000000002,954,3450,0.21708984375,0.3016262650489807,0.05903038,-0.040484480987652206,-0.47791284052655103,9530,-0.055637672543525696,0.0003,0.024214837784529663,0.2
566,1955840,300.0,-0.19642128999999997,955,3452,0.230322265625,-0.015439510345458984,0.05525773,-0.04214768208476016,-0.47458561612293126,9540,-0.039976973086595535,0.0003,0.05092357101966627,0.2
566,1957888,300.0,-0.13328901,956,3455,0.226220703125,0.03044259548187256,0.061845712,-0.036932875990169124,-0.4839093638584018,9550,-0.04876905679702759,0.0003,0.048851871682563795,0.2
566,1959936,300.0,-0.16000330999999998,957,3459,0.221923828125,-0.029301047325134277,0.055440567,-0.03984542888938449,-0.4786596128717065,9560,-0.04138989746570587,0.0003,0.04030445185780991,0.2
566,1961984,300.0,-0.14923989000000004,958,3462,0.217333984375,-0.008295416831970215,0.058084093,-0.039517827946110626,-0.478621872048825,9570,-0.03284836187958717,0.0003,0.049830785294761884,0.2
566,1964032,300.0,-0.16217164999999997,959,3465,0.230517578125,0.03312838077545166,0.063441426,-0.04157729462313,-0.48182498337700963,9580,-0.05123832821846008,0.0003,0.030483056005323306,0.2
566,1966080,300.0,-0.2620205,960,3467,0.22529296875,-0.10631990432739258,0.056736153,-0.04102904346364085,-0.5070336845703423,9590,-0.044664040207862854,0.0003,0.0686279414105229,0.2
566,1968128,300.0,-0.24603874000000003,961,3471,0.230859375,0.16527491807937622,0.069789365,-0.04369293551135343,-0.49088141340762376,9600,-0.05503639206290245,0.0003,0.016926384434918874,0.2
567,1970176,300.0,-0.04153040000000008,962,3473,0.236376953125,0.2042466402053833,0.0658694,-0.04251663617324084,-0.503638886474073,9610,-0.06702731549739838,0.0003,0.014709451782982797,0.2
567,1972224,300.0,-0.12529763000000008,963,3476,0.231884765625,0.1310073733329773,0.0637214,-0.0414324912999291,-0.49950026664882896,9620,-0.055486954748630524,0.0003,0.027611932659056038,0.2
567,1974272,300.0,-0.22916248000000006,964,3479,0.230322265625,-0.07024228572845459,0.0606454,-0.03945486627490027,-0.4965854175388813,9630,-0.0474548302590847,0.0003,0.051563709386391564,0.2
567,1976320,300.0,-0.19107629999999998,965,3481,0.2279296875,-0.10684704780578613,0.05280476,-0.03864770691288868,-0.5091798127628863,9640,-0.051889531314373016,0.0003,0.03766162058454938,0.2
567,1978368,300.0,-0.13777127999999997,966,3483,0.23779296875,-0.09261679649353027,0.056777734,-0.04376444042281946,-0.5159691842272878,9650,-0.05854840204119682,0.0003,0.01917290879646316,0.2
568,1980416,300.0,0.020350359999999967,967,3486,0.21494140625,0.23320823907852173,0.055515867,-0.03928601227235049,-0.48877993449568746,9660,-0.05722740665078163,0.0003,0.010889218028751202,0.2
568,1982464,300.0,-0.10019443000000003,968,3489,0.240234375,0.01641756296157837,0.065028846,-0.03996418475871906,-0.5079966584220529,9670,-0.03392217680811882,0.0003,0.048755421908572315,0.2
568,1984512,300.0,-0.12790695000000002,969,3491,0.243896484375,0.04249882698059082,0.06259546,-0.04145055412809597,-0.49922599773854015,9680,-0.04869915917515755,0.0003,0.033852667186874894,0.2
568,1986560,300.0,-0.21604419999999994,970,3493,0.229296875,0.09440124034881592,0.05981271,-0.04295540705206804,-0.4847636468708515,9690,-0.053620629012584686,0.0003,0.03847852724138647,0.2
568,1988608,300.0,-0.31195731000000004,971,3495,0.232666015625,-0.006554126739501953,0.061283134,-0.03987596852821298,-0.49425471844151614,9700,-0.041140131652355194,0.0003,0.043785278120776636,0.2
569,1990656,300.0,-0.17349353999999997,972,3498,0.2328125,0.21524792909622192,0.059225503,-0.04154930351069197,-0.4938482755795121,9710,-0.08092425018548965,0.0003,0.017618982787826098,0.2
569,1992704,300.0,-0.08200522000000003,973,3500,0.227587890625,0.02798140048980713,0.06487895,-0.03990069890860468,-0.48357359366491437,9720,-0.04417215660214424,0.0003,0.041656349081313236,0.2
569,1994752,300.0,-0.0008941000000000354,974,3502,0.236962890625,-0.08804166316986084,0.06693752,-0.04370671346841846,-0.48449655892327426,9730,-0.032723650336265564,0.0003,0.029867293214192615,0.2
569,1996800,300.0,-0.14182041000000015,975,3505,0.2185546875,0.08174049854278564,0.04805351,-0.03875869775947649,-0.5006978777237236,9740,-0.06487683206796646,0.0003,0.042915731837274505,0.2
569,1998848,300.0,-0.06521923000000004,976,3507,0.243994140625,0.16530007123947144,0.061464675,-0.04239038056402933,-0.5085374227724969,9750,-0.04707673192024231,0.0003,0.031087443995056675,0.2
560,2000896,300.0,-0.08989689000000001,977,3572,0.2330078125,0.2519768476486206,0.05337166,-0.04625872505712323,-0.5139222871512175,9760,-0.06280152499675751,0.0003,0.031874054367654024,0.2
