rollout/ep_rew_mean,rollout/exploration_rate,time/fps,time/total_timesteps,rollout/ep_len_mean,time/time_elapsed,time/episodes,train/loss,train/n_updates,train/learning_rate
-5.47567775,0.9977584905660376,345,1200,300.0,3,4,,,
-5.905851125,0.9955169811320755,613,2400,300.0,3,8,,,
-4.07985475,0.9932754716981131,825,3600,300.0,4,12,,,
-1.6808728124999996,0.9910339622641511,1000,4800,300.0,4,16,,,
-1.3462299999999994,0.9887924528301887,1146,6000,300.0,5,20,,,
-1.2803870416666667,0.9865509433962263,1271,7200,300.0,5,24,,,
-0.40441682142857144,0.9843094339622642,1377,8400,300.0,6,28,,,
-0.39844237499999996,0.9820679245283018,1467,9600,300.0,6,32,,,
-0.5981816388888889,0.9798264150943398,1547,10800,300.0,6,36,,,
0.03505407499999995,0.9775849056603774,1618,12000,300.0,7,40,,,
0.14103674999999993,0.9753433962264149,1682,13200,300.0,7,44,,,
0.490208875,0.9731018867924529,1738,14400,300.0,8,48,,,
1.0623772115384615,0.9708603773584905,1786,15600,300.0,8,52,,,
1.1788553571428568,0.9686188679245284,1826,16800,300.0,9,56,,,
1.195766083333333,0.966377358490566,1869,18000,300.0,9,60,,,
1.0040985468749999,0.9641358490566035,1908,19200,300.0,10,64,,,
0.7586696911764704,0.9618943396226416,1942,20400,300.0,10,68,,,
0.697825,0.9596528301886791,1961,21600,300.0,11,72,,,
0.6972632368421053,0.9574113207547171,1992,22800,300.0,11,76,,,
0.6630420375,0.9551698113207547,2020,24000,300.0,11,80,,,
1.1248673452380953,0.9529283018867927,2045,25200,300.0,12,84,,,
0.8116533409090909,0.9506867924528303,2067,26400,300.0,12,88,,,
0.889570902173913,0.9484452830188678,2089,27600,300.0,13,92,,,
0.9147846875000001,0.9462037735849058,2111,28800,300.0,13,96,,,
1.1972821700000003,0.9439622641509433,2131,30000,300.0,14,100,,,
1.4630519800000001,0.9417207547169814,2151,31200,300.0,14,104,,,
1.44471111,0.9394792452830188,2167,32400,300.0,14,108,,,
1.6464747000000002,0.9372377358490565,2183,33600,300.0,15,112,,,
1.1368213200000004,0.9349962264150945,2198,34800,300.0,15,116,,,
1.0853694300000003,0.932754716981132,2213,36000,300.0,16,120,,,
1.46774173,0.93051320754717,2227,37200,300.0,16,124,,,
1.0971234799999998,0.9282716981132075,2237,38400,300.0,17,128,,,
1.06603073,0.9260301886792451,2250,39600,300.0,17,132,,,
1.45947624,0.9237886792452831,2253,40800,300.0,18,136,0.016071584075689316,7,0.0001
1.3610213500000001,0.9215471698113207,2260,42000,300.0,18,140,0.013996856287121773,19,0.0001
1.3211224199999998,0.9193056603773587,2263,43200,300.0,19,144,0.01232042908668518,31,0.0001
1.63065333,0.9170641509433962,2267,44400,300.0,19,148,0.011728323064744473,43,0.0001
1.3733405999999997,0.9148226415094338,2271,45600,300.0,20,152,0.010570653714239597,55,0.0001
1.5560570599999997,0.9125811320754718,2276,46800,300.0,20,156,0.010113740339875221,67,0.0001
1.49355941,0.9103396226415094,2265,48000,300.0,21,160,0.00899411365389824,79,0.0001
1.6066983799999996,0.9080981132075473,2269,49200,300.0,21,164,0.00917228776961565,91,0.0001
1.6549226099999998,0.9058566037735849,2273,50400,300.0,22,168,0.007954282686114311,103,0.0001
1.52970179,0.9036150943396225,2276,51600,300.0,22,172,0.008055945858359337,115,0.0001
1.51969987,0.9013735849056604,2280,52800,300.0,23,176,0.007363094016909599,127,0.0001
1.2906197099999996,0.899132075471698,2283,54000,300.0,23,180,0.005724753253161907,139,0.0001
0.8007502600000003,0.896890566037736,2287,55200,300.0,24,184,0.006872015539556742,151,0.0001
1.11481523,0.8946490566037736,2291,56400,300.0,24,188,0.0065439119935035706,163,0.0001
0.99024447,0.8924075471698112,2294,57600,300.0,25,192,0.007213027216494083,175,0.0001
0.8657948200000003,0.8901660377358491,2286,58800,300.0,25,196,0.005111686885356903,187,0.0001
0.31688768,0.8879245283018867,2290,60000,300.0,26,200,0.006304730661213398,199,0.0001
0.26066870000000003,0.8856830188679247,2293,61200,300.0,26,204,0.006971277296543121,211,0.0001
0.9677764900000001,0.8834415094339623,2297,62400,300.0,27,208,0.004162231460213661,223,0.0001
0.7194860900000001,0.8811999999999998,2297,63600,300.0,27,212,0.005252638831734657,235,0.0001
1.04001391,0.8789584905660378,2301,64800,300.0,28,216,0.005029757972806692,247,0.0001
1.1285695500000004,0.8767169811320754,2303,66000,300.0,28,220,0.004481829237192869,259,0.0001
0.6323117400000001,0.8744754716981133,2304,67200,300.0,29,224,0.005245216656476259,271,0.0001
0.73708797,0.872233962264151,2305,68400,300.0,29,228,0.005184751935303211,283,0.0001
0.78412923,0.8699924528301889,2306,69600,300.0,30,232,0.005931425374001265,295,0.0001
0.5462137800000001,0.8677509433962265,2307,70800,300.0,30,236,0.006622584071010351,307,0.0001
0.5426351700000001,0.865509433962264,2309,72000,300.0,31,240,0.0064843762665987015,319,0.0001
0.8447120000000001,0.863267924528302,2311,73200,300.0,31,244,0.005170251242816448,331,0.0001
0.5937371700000003,0.8610264150943396,2312,74400,300.0,32,248,0.005787424743175507,343,0.0001
0.26977330000000027,0.8587849056603771,2313,75600,300.0,32,252,0.006223184987902641,355,0.0001
-0.05836150999999985,0.8565433962264152,2316,76800,300.0,33,256,0.006531785242259502,367,0.0001
-0.18399630999999986,0.8543018867924528,2318,78000,300.0,33,260,0.006022693123668432,379,0.0001
-0.09757628999999989,0.8520603773584907,2319,79200,300.0,34,264,0.00631636893376708,391,0.0001
0.25569331,0.8498188679245282,2321,80400,300.0,34,268,0.006285355892032385,403,0.0001
0.13337593000000003,0.8475773584905663,2322,81600,300.0,35,272,0.007963745854794979,415,0.0001
0.2987848000000001,0.8453358490566039,2324,82800,300.0,35,276,0.007203996181488037,427,0.0001
0.5856582500000002,0.8430943396226414,2325,84000,300.0,36,280,0.005015216767787933,439,0.0001
0.9338164200000001,0.8408528301886794,2326,85200,300.0,36,284,0.005910743493586779,451,0.0001
0.8854474100000002,0.8386113207547169,2328,86400,300.0,37,288,0.006283211056143045,463,0.0001
1.08594534,0.8363698113207549,2329,87600,300.0,37,292,0.007071322295814753,475,0.0001
1.20927021,0.8341283018867924,2329,88800,300.0,38,296,0.008660387247800827,487,0.0001
1.5977516700000003,0.83188679245283,2331,90000,300.0,38,300,0.006690119858831167,499,0.0001
1.90247833,0.8296452830188681,2328,91200,300.0,39,304,0.006954238284379244,511,0.0001
1.3044554200000003,0.8274037735849056,2322,92400,300.0,39,308,0.00944261159747839,523,0.0001
1.4664538900000001,0.8251622641509436,2322,93600,300.0,40,312,0.006063975393772125,535,0.0001
1.4941347900000006,0.8229207547169811,2317,94800,300.0,40,316,0.006567463744431734,547,0.0001
1.8901207400000002,0.8206792452830187,2316,96000,300.0,41,320,0.005873366259038448,559,0.0001
2.1926776800000005,0.8184377358490567,2316,97200,300.0,41,324,0.0061051808297634125,571,0.0001
2.4110547900000006,0.8161962264150943,2316,98400,300.0,42,328,0.009254366159439087,583,0.0001
2.3647093200000007,0.8139547169811323,2317,99600,300.0,42,332,0.006315127946436405,595,0.0001
2.3110458000000005,0.8117132075471698,1090,100800,300.0,92,336,0.005753928795456886,607,0.0001
1.9820938200000002,0.8094716981132074,1096,102000,300.0,92,340,0.005071399733424187,619,0.0001
1.5770490700000004,0.8072301886792453,1103,103200,300.0,93,344,0.008173362351953983,631,0.0001
1.4031201899999999,0.804988679245283,1110,104400,300.0,94,348,0.006709362845867872,643,0.0001
1.8192654300000004,0.8027471698113209,1116,105600,300.0,94,352,0.00692787254229188,655,0.0001
1.5728229200000003,0.8005056603773585,1123,106800,300.0,95,356,0.005129954777657986,667,0.0001
1.9195096199999997,0.7982641509433961,1129,108000,300.0,95,360,0.006489164661616087,679,0.0001
1.84640141,0.796022641509434,1136,109200,300.0,96,364,0.0060125188902020454,691,0.0001
1.4176599699999999,0.7937811320754716,1142,110400,300.0,96,368,0.006965452805161476,703,0.0001
1.4624188200000001,0.7915396226415096,1148,111600,300.0,97,372,0.004828869830816984,715,0.0001
0.9988915799999998,0.7892981132075472,1154,112800,300.0,97,376,0.005803619045764208,727,0.0001
0.7384458099999999,0.7870566037735847,1161,114000,300.0,98,380,0.004615652374923229,739,0.0001
0.4867543000000001,0.7848150943396227,1167,115200,300.0,98,384,0.0069671072997152805,751,0.0001
0.20517744000000016,0.7825735849056603,1173,116400,300.0,99,388,0.0056640030816197395,763,0.0001
-0.056337789999999756,0.7803320754716982,1179,117600,300.0,99,392,0.006410782691091299,775,0.0001
-0.25644058999999997,0.7780905660377359,1184,118800,300.0,100,396,0.006672427989542484,787,0.0001
-0.56331592,0.7758490566037735,1189,120000,300.0,100,400,0.006437366828322411,799,0.0001
-0.9066085299999997,0.7736075471698114,1194,121200,300.0,101,404,0.0049991300329566,811,0.0001
-0.5544808600000001,0.7713660377358489,1199,122400,300.0,102,408,0.005020838230848312,823,0.0001
-0.9858733900000002,0.7691245283018869,1205,123600,300.0,102,412,0.006102243438363075,835,0.0001
-0.9907655899999999,0.7668830188679245,1210,124800,300.0,103,416,0.005552922375500202,847,0.0001
-1.3717878200000002,0.7646415094339625,1216,126000,300.0,103,420,0.005613777786493301,859,0.0001
-1.47274643,0.7624000000000001,1221,127200,300.0,104,424,0.004394166171550751,871,0.0001
-1.6409735400000005,0.7601584905660377,1226,128400,300.0,104,428,0.006088691763579845,883,0.0001
-1.7243485799999996,0.7579169811320756,1230,129600,300.0,105,432,0.0061646318063139915,895,0.0001
-1.60169161,0.7556754716981131,1236,130800,300.0,105,436,0.007044414523988962,907,0.0001
-1.1720251,0.7534339622641508,1241,132000,300.0,106,440,0.006232906132936478,919,0.0001
-1.3208539199999998,0.7511924528301888,1246,133200,300.0,106,444,0.004818172659724951,931,0.0001
-1.3929988,0.7489509433962263,1251,134400,300.0,107,448,0.00768277607858181,943,0.0001
-1.7924910000000003,0.7467094339622642,1256,135600,300.0,107,452,0.005289498716592789,955,0.0001
-1.7191887600000004,0.7444679245283019,1260,136800,300.0,108,456,0.0041432734578847885,967,0.0001
-2.01129737,0.7422264150943398,1265,138000,300.0,109,460,0.00614562164992094,979,0.0001
-2.02000784,0.7399849056603773,1269,139200,300.0,109,464,0.008959739468991756,991,0.0001
-1.7769426599999993,0.7377433962264149,1273,140400,300.0,110,468,0.006712747737765312,1003,0.0001
-1.3946385299999997,0.735501886792453,1277,141600,300.0,110,472,0.007241982035338879,1015,0.0001
-0.9966611099999995,0.7332603773584905,1281,142800,300.0,111,476,0.006223171483725309,1027,0.0001
-0.9207460299999995,0.7310188679245284,1285,144000,300.0,112,480,0.005639077164232731,1039,0.0001
-0.8091007599999998,0.7287773584905661,1289,145200,300.0,112,484,0.006218612659722567,1051,0.0001
-0.7157746399999998,0.7265358490566036,1293,146400,300.0,113,488,0.006671564187854528,1063,0.0001
-0.9010722399999996,0.7242943396226416,1298,147600,300.0,113,492,0.005459260195493698,1075,0.0001
-0.5557568099999997,0.7220528301886792,1302,148800,300.0,114,496,0.0063961464911699295,1087,0.0001
-0.4952581299999999,0.7198113207547172,1306,150000,300.0,114,500,0.004601735156029463,1099,0.0001
-0.2834342100000001,0.7175698113207547,1310,151200,300.0,115,504,0.007711338810622692,1111,0.0001
-0.7323799400000002,0.7153283018867923,1314,152400,300.0,115,508,0.005910846404731274,1123,0.0001
-0.40429804999999996,0.7130867924528304,1318,153600,300.0,116,512,0.005560826510190964,1135,0.0001
-0.5063146999999997,0.7108452830188678,1322,154800,300.0,117,516,0.006119823083281517,1147,0.0001
-0.6633023399999998,0.7086037735849058,1326,156000,300.0,117,520,0.004439343232661486,1159,0.0001
-0.9699924599999994,0.7063622641509434,1330,157200,300.0,118,524,0.006861553527414799,1171,0.0001
-0.6405954299999997,0.704120754716981,1334,158400,300.0,118,528,0.005005736369639635,1183,0.0001
-0.41556110999999996,0.7018792452830189,1337,159600,300.0,119,532,0.008868438191711903,1195,0.0001
-0.3810340999999998,0.6996377358490565,1341,160800,300.0,119,536,0.0074447933584451675,1207,0.0001
-0.34983583999999995,0.6973962264150946,1344,162000,300.0,120,540,0.0070572178810834885,1219,0.0001
-0.22742707999999992,0.6951547169811321,1347,163200,300.0,121,544,0.00895758904516697,1231,0.0001
-0.5069084700000002,0.6929132075471697,1352,164400,300.0,121,548,0.0076364451088011265,1243,0.0001
-0.3052623400000002,0.6906716981132076,1355,165600,300.0,122,552,0.0063181184232234955,1255,0.0001
-0.018310710000000043,0.6884301886792452,1359,166800,300.0,122,556,0.008659270592033863,1267,0.0001
0.15133724000000018,0.6861886792452832,1363,168000,300.0,123,560,0.00833811890333891,1279,0.0001
0.11291500000000006,0.6839471698113208,1367,169200,300.0,123,564,0.006793804466724396,1291,0.0001
0.07668967,0.6817056603773588,1371,170400,300.0,124,568,0.01031056884676218,1303,0.0001
-0.32250336999999996,0.6794641509433963,1374,171600,300.0,124,572,0.004592287354171276,1315,0.0001
-0.13161012999999983,0.6772226415094338,1377,172800,300.0,125,576,0.003673639614135027,1327,0.0001
-0.06762100999999969,0.6749811320754718,1381,174000,300.0,125,580,0.005318461451679468,1339,0.0001
-0.37077535999999994,0.6727396226415094,1385,175200,300.0,126,584,0.007056941743940115,1351,0.0001
0.12077481000000014,0.6704981132075469,1388,176400,300.0,127,588,0.005383853800594807,1363,0.0001
0.2064354800000002,0.668256603773585,1392,177600,300.0,127,592,0.007960396818816662,1375,0.0001
-0.08941876999999997,0.6660150943396226,1396,178800,300.0,128,596,0.008137598633766174,1387,0.0001
0.46171756000000014,0.6637735849056605,1399,180000,300.0,128,600,0.004962211009114981,1399,0.0001
0.4267632800000002,0.661532075471698,1402,181200,300.0,129,604,0.008198528550565243,1411,0.0001
0.7532360999999999,0.6592905660377361,1405,182400,300.0,129,608,0.009572625160217285,1423,0.0001
0.8405585499999999,0.6570490566037737,1408,183600,300.0,130,612,0.007731147110462189,1435,0.0001
1.0609069599999998,0.6548075471698112,1410,184800,300.0,131,616,0.007170170545578003,1447,0.0001
1.2256061699999998,0.6525660377358492,1412,186000,300.0,131,620,0.005115115083754063,1459,0.0001
1.7631996800000003,0.6503245283018868,1416,187200,300.0,132,624,0.009255943819880486,1471,0.0001
0.92578586,0.6480830188679243,1419,188400,300.0,132,628,0.00955147948116064,1483,0.0001
0.91077789,0.6458415094339622,1422,189600,300.0,133,632,0.006331987213343382,1495,0.0001
0.7278261099999997,0.6435999999999998,1425,190800,300.0,133,636,0.006001930683851242,1507,0.0001
0.15633901999999977,0.6413584905660379,1428,192000,300.0,134,640,0.007903484627604485,1519,0.0001
0.27218603999999985,0.6391169811320754,1431,193200,300.0,134,644,0.00885072536766529,1531,0.0001
0.72401445,0.6368754716981134,1434,194400,300.0,135,648,0.004369830712676048,1543,0.0001
0.85135576,0.634633962264151,1437,195600,300.0,136,652,0.005808361805975437,1555,0.0001
0.48664071999999997,0.6323924528301885,1440,196800,300.0,136,656,0.007632113061845303,1567,0.0001
0.08844471999999982,0.6301509433962265,1443,198000,300.0,137,660,0.005647447891533375,1579,0.0001
-0.40239646000000007,0.6279094339622641,1446,199200,300.0,137,664,0.006431804038584232,1591,0.0001
-0.52480779,0.6256679245283021,1062,200400,300.0,188,668,0.005574948154389858,1603,0.0001
-0.4437424,0.6234264150943396,1066,201600,300.0,189,672,0.008988145738840103,1615,0.0001
-0.66166573,0.6211849056603772,1069,202800,300.0,189,676,0.008265197277069092,1627,0.0001
-0.3739682400000002,0.6189433962264153,1072,204000,300.0,190,680,0.0064116911962628365,1639,0.0001
-0.32370715000000017,0.6167018867924527,1074,205200,300.0,190,684,0.007334654685109854,1651,0.0001
-0.3210078400000001,0.6144603773584907,1077,206400,300.0,191,688,0.007615162990987301,1663,0.0001
-0.2933706400000001,0.6122188679245283,1080,207600,300.0,192,692,0.005613619461655617,1675,0.0001
0.030968009999999904,0.6099773584905659,1083,208800,300.0,192,696,0.006636593956500292,1687,0.0001
-0.05856475000000026,0.6077358490566038,1086,210000,300.0,193,700,0.006108034867793322,1699,0.0001
0.2482331199999998,0.6054943396226414,1089,211200,300.0,193,704,0.009090922772884369,1711,0.0001
0.33057541000000007,0.6032528301886795,1092,212400,300.0,194,708,0.0055420552380383015,1723,0.0001
0.27277303,0.601011320754717,1095,213600,300.0,194,712,0.012677846476435661,1735,0.0001
0.19856327999999976,0.5987698113207549,1098,214800,300.0,195,716,0.010926226153969765,1747,0.0001
0.3110926999999997,0.5965283018867925,1101,216000,300.0,196,720,0.008150829002261162,1759,0.0001
-0.004272970000000242,0.5942867924528301,1104,217200,300.0,196,724,0.009014058858156204,1771,0.0001
0.7373437099999998,0.592045283018868,1106,218400,300.0,197,728,0.0036216306034475565,1783,0.0001
0.5897786,0.5898037735849057,1109,219600,300.0,197,732,0.013902442529797554,1795,0.0001
0.0989996199999999,0.5875622641509433,1111,220800,300.0,198,736,0.009507142007350922,1807,0.0001
0.22197619999999987,0.5853207547169812,1114,222000,300.0,199,740,0.006020961329340935,1819,0.0001
0.28432514999999986,0.5830792452830188,1116,223200,300.0,199,744,0.010660705156624317,1831,0.0001
0.29979119999999987,0.5808377358490567,1118,224400,300.0,200,748,0.00875801220536232,1843,0.0001
0.50577538,0.5785962264150943,1120,225600,300.0,201,752,0.007892932742834091,1855,0.0001
0.5255239199999999,0.5763547169811323,1121,226800,300.0,202,756,0.008225815370678902,1867,0.0001
0.9322762399999999,0.5741132075471699,1123,228000,300.0,202,760,0.009292572736740112,1879,0.0001
1.24545125,0.5718716981132075,1126,229200,300.0,203,764,0.005451603792607784,1891,0.0001
1.28513696,0.5696301886792454,1128,230400,300.0,204,768,0.01145329512655735,1903,0.0001
1.2956778599999998,0.567388679245283,1131,231600,300.0,204,772,0.008825511671602726,1915,0.0001
1.5186008699999995,0.5651471698113206,1134,232800,300.0,205,776,0.005068466067314148,1927,0.0001
1.4667711599999997,0.5629056603773586,1136,234000,300.0,205,780,0.008073417469859123,1939,0.0001
1.5643602300000001,0.5606641509433961,1139,235200,300.0,206,784,0.009591065347194672,1951,0.0001
1.04733225,0.5584226415094341,1141,236400,300.0,207,788,0.005877124145627022,1963,0.0001
1.05441841,0.5561811320754717,1144,237600,300.0,207,792,0.010302834212779999,1975,0.0001
0.9482742799999997,0.5539396226415096,1147,238800,300.0,208,796,0.0074200090020895,1987,0.0001
0.7545606299999997,0.5516981132075472,1149,240000,300.0,208,800,0.008894489146769047,1999,0.0001
0.37763338,0.5494566037735849,1151,241200,300.0,209,804,0.006521543953567743,2011,0.0001
0.33269252999999993,0.5472150943396228,1154,242400,300.0,209,808,0.009593017399311066,2023,0.0001
0.38342259000000006,0.5449735849056603,1156,243600,300.0,210,812,0.006944938562810421,2035,0.0001
0.22280882000000019,0.5427320754716983,1159,244800,300.0,211,816,0.00794125534594059,2047,0.0001
0.17780397000000012,0.5404905660377359,1161,246000,300.0,211,820,0.006238124333322048,2059,0.0001
-0.08684854999999991,0.5382490566037734,1164,247200,300.0,212,824,0.006112954579293728,2071,0.0001
-0.65794765,0.5360075471698115,1166,248400,300.0,212,828,0.012051437050104141,2083,0.0001
-0.61166097,0.5337660377358491,1169,249600,300.0,213,832,0.009922420606017113,2095,0.0001
0.0007141900000001211,0.531524528301887,1171,250800,300.0,213,836,0.005815680138766766,2107,0.0001
0.2126657500000002,0.5292830188679245,1174,252000,300.0,214,840,0.00553706893697381,2119,0.0001
0.10952486000000017,0.527041509433962,1176,253200,300.0,215,844,0.007922562770545483,2131,0.0001
0.16164387000000013,0.5248000000000002,1179,254400,300.0,215,848,0.005157059989869595,2143,0.0001
-0.1325077,0.5225584905660376,1181,255600,300.0,216,852,0.009893398731946945,2155,0.0001
0.31951697999999984,0.5203169811320757,1184,256800,300.0,216,856,0.005319880787283182,2167,0.0001
0.35349610999999986,0.5180754716981133,1186,258000,300.0,217,860,0.007891709916293621,2179,0.0001
0.5074701300000001,0.5158339622641512,1188,259200,300.0,218,864,0.006874557584524155,2191,0.0001
0.43279758000000007,0.5135924528301887,1191,260400,300.0,218,868,0.009046549908816814,2203,0.0001
0.5306376100000001,0.5113509433962263,1193,261600,300.0,219,872,0.006897071376442909,2215,0.0001
-0.08759465000000005,0.5091094339622644,1195,262800,300.0,219,876,0.009216083213686943,2227,0.0001
-0.2365154599999999,0.5068679245283019,1198,264000,300.0,220,880,0.007455224171280861,2239,0.0001
-0.3321496899999999,0.5046264150943394,1199,265200,300.0,221,884,0.006100005935877562,2251,0.0001
-0.02599384999999998,0.5023849056603774,1201,266400,300.0,221,888,0.00966859981417656,2263,0.0001
0.18095254999999993,0.500143396226415,1204,267600,300.0,222,892,0.00791814923286438,2275,0.0001
0.15950403999999999,0.49790188679245306,1206,268800,300.0,222,896,0.00738681573420763,2287,0.0001
0.15528544,0.49566037735849056,1208,270000,300.0,223,900,0.008717318065464497,2299,0.0001
0.033405810000000126,0.4934188679245285,1210,271200,300.0,224,904,0.006627199240028858,2311,0.0001
-0.004581439999999888,0.4911773584905661,1212,272400,300.0,224,908,0.006956535391509533,2323,0.0001
-0.23039819999999994,0.4889358490566037,1214,273600,300.0,225,912,0.005024833604693413,2335,0.0001
0.02791703,0.48669433962264175,1216,274800,300.0,225,916,0.006300522945821285,2347,0.0001
0.14025291999999986,0.48445283018867924,1218,276000,300.0,226,920,0.005301359109580517,2359,0.0001
0.3085,0.48221132075471673,1220,277200,300.0,227,924,0.01252225786447525,2371,0.0001
0.5733556,0.4799698113207548,1222,278400,300.0,227,928,0.007344754878431559,2383,0.0001
0.7392755599999997,0.4777283018867924,1224,279600,300.0,228,932,0.008269250392913818,2395,0.0001
0.71299109,0.4754867924528303,1226,280800,300.0,228,936,0.005448316223919392,2407,0.0001
0.78802901,0.4732452830188679,1228,282000,300.0,229,940,0.007048317231237888,2419,0.0001
1.05733443,0.47100377358490586,1230,283200,300.0,230,944,0.008559265173971653,2431,0.0001
0.64042129,0.46876226415094346,1231,284400,300.0,230,948,0.005548845510929823,2443,0.0001
0.5576838299999999,0.46652075471698107,1233,285600,300.0,231,952,0.006879825610667467,2455,0.0001
0.64176313,0.464279245283019,1235,286800,300.0,232,956,0.005489926785230637,2467,0.0001
0.36319543000000004,0.4620377358490566,1236,288000,300.0,232,960,0.007266901899129152,2479,0.0001
0.3554640900000001,0.4597962264150941,1238,289200,300.0,233,964,0.006160978693515062,2491,0.0001
0.80206077,0.45755471698113215,1240,290400,300.0,234,968,0.007466555573046207,2503,0.0001
0.62589616,0.45531320754716975,1242,291600,300.0,234,972,0.008258088491857052,2515,0.0001
0.7855984699999999,0.4530716981132077,1244,292800,300.0,235,976,0.008531223982572556,2527,0.0001
0.62259468,0.4508301886792452,1246,294000,300.0,235,980,0.006535167805850506,2539,0.0001
0.8502481700000001,0.44858867924528323,1248,295200,300.0,236,984,0.007430705241858959,2551,0.0001
0.7171342300000001,0.44634716981132083,1250,296400,300.0,237,988,0.008098599500954151,2563,0.0001
0.41194645,0.4441056603773583,1252,297600,300.0,237,992,0.010422207415103912,2575,0.0001
0.4096009999999999,0.44186415094339637,1254,298800,300.0,238,996,0.007472874131053686,2587,0.0001
-0.18259302000000005,0.43962264150943386,1037,300000,300.0,289,1000,0.00561313983052969,2599,0.0001
-0.25913658000000017,0.43738113207547147,1039,301200,300.0,289,1004,0.007441065274178982,2611,0.0001
-0.22214660000000022,0.4351396226415095,1041,302400,300.0,290,1008,0.007717553526163101,2623,0.0001
-0.09097776000000017,0.43289811320754745,1042,303600,300.0,291,1012,0.006742814090102911,2635,0.0001
-0.3576045900000001,0.43065660377358506,1044,304800,300.0,291,1016,0.009678770788013935,2647,0.0001
-0.7045608700000002,0.42841509433962255,1046,306000,300.0,292,1020,0.008833925239741802,2659,0.0001
-0.6923749500000003,0.4261735849056606,1048,307200,300.0,293,1024,0.008109058253467083,2671,0.0001
-0.5656339100000001,0.4239320754716981,1049,308400,300.0,293,1028,0.00842551700770855,2683,0.0001
-0.63311946,0.4216905660377357,1052,309600,300.0,294,1032,0.004899052903056145,2695,0.0001
-0.85996706,0.41944905660377363,1054,310800,300.0,294,1036,0.00968215987086296,2707,0.0001
-0.7145063,0.41720754716981123,1055,312000,300.0,295,1040,0.012097850441932678,2719,0.0001
-1.0630336299999998,0.4149660377358493,1057,313200,300.0,296,1044,0.005530085880309343,2731,0.0001
-0.95179238,0.4127245283018868,1059,314400,300.0,296,1048,0.007060238625854254,2743,0.0001
-1.1835278400000002,0.4104830188679248,1061,315600,300.0,297,1052,0.00900501199066639,2755,0.0001
-1.3868864100000005,0.4082415094339623,1063,316800,300.0,297,1056,0.007578443735837936,2767,0.0001
-1.2509038899999998,0.4059999999999999,1065,318000,300.0,298,1060,0.006926128640770912,2779,0.0001
-1.0493428999999999,0.40375849056603796,1067,319200,300.0,299,1064,0.006682533770799637,2791,0.0001
-1.13518825,0.40151698113207546,1068,320400,300.0,299,1068,0.009861867874860764,2803,0.0001
-1.1950071199999996,0.39927547169811306,1070,321600,300.0,300,1072,0.00891913566738367,2815,0.0001
-1.0169206300000002,0.397033962264151,1072,322800,300.0,300,1076,0.007049870677292347,2827,0.0001
-0.7896873300000005,0.3947924528301886,1074,324000,300.0,301,1080,0.01096049789339304,2839,0.0001
-1.0753766300000003,0.39255094339622654,1076,325200,300.0,302,1084,0.006467563100159168,2851,0.0001
-1.1399746,0.39030943396226414,1078,326400,300.0,302,1088,0.00478998851031065,2863,0.0001
-0.7390505200000003,0.3880679245283021,1080,327600,300.0,303,1092,0.008428085595369339,2875,0.0001
-0.8019837500000001,0.3858264150943397,1081,328800,300.0,303,1096,0.009006557054817677,2887,0.0001
-0.31599981999999993,0.3835849056603773,1083,330000,300.0,304,1100,0.007867112755775452,2899,0.0001
0.006013300000000114,0.3813433962264152,1085,331200,300.0,305,1104,0.006576490588486195,2911,0.0001
-0.29535769999999995,0.3791018867924528,1087,332400,300.0,305,1108,0.0038472930900752544,2923,0.0001
-0.2131092799999999,0.37686037735849043,1089,333600,300.0,306,1112,0.00466179521754384,2935,0.0001
-0.01763576999999986,0.37461886792452836,1091,334800,300.0,306,1116,0.006332080811262131,2947,0.0001
0.25978102,0.37237735849056597,1092,336000,300.0,307,1120,0.009049274027347565,2959,0.0001
0.2909231499999999,0.3701358490566039,1094,337200,300.0,308,1124,0.006258317269384861,2971,0.0001
0.13892133999999998,0.3678943396226415,1096,338400,300.0,308,1128,0.005660295486450195,2983,0.0001
-0.02285390000000003,0.36565283018867945,1098,339600,300.0,309,1132,0.0066340952180325985,2995,0.0001
-0.15337291000000003,0.36341132075471705,1099,340800,300.0,309,1136,0.0060513811185956,3007,0.0001
-0.5372290000000001,0.36116981132075454,1101,342000,300.0,310,1140,0.007390813436359167,3019,0.0001
-0.044663880000000135,0.3589283018867926,1102,343200,300.0,311,1144,0.006424975581467152,3031,0.0001
-0.1448841900000001,0.3566867924528302,1104,344400,300.0,311,1148,0.0059205759316682816,3043,0.0001
0.06684499999999984,0.3544452830188677,1106,345600,300.0,312,1152,0.005368435755372047,3055,0.0001
-0.14929363000000018,0.35220377358490573,1107,346800,300.0,313,1156,0.009637711569666862,3067,0.0001
-0.1236245100000001,0.34996226415094367,1109,348000,300.0,313,1160,0.00590294785797596,3079,0.0001
-0.21596619999999997,0.3477207547169813,1111,349200,300.0,314,1164,0.005873821210116148,3091,0.0001
-0.3975082800000002,0.3454792452830189,1112,350400,300.0,314,1168,0.007259998936206102,3103,0.0001
0.2603285799999999,0.3432377358490568,1114,351600,300.0,315,1172,0.008741783909499645,3115,0.0001
0.36961399000000006,0.3409962264150943,1116,352800,300.0,316,1176,0.006346959620714188,3127,0.0001
0.16432592000000018,0.3387547169811319,1117,354000,300.0,316,1180,0.006753398105502129,3139,0.0001
0.4019604400000001,0.33651320754716996,1119,355200,300.0,317,1184,0.005756765138357878,3151,0.0001
0.5904435399999999,0.33427169811320756,1121,356400,300.0,317,1188,0.004806126467883587,3163,0.0001
0.7285739800000001,0.3320301886792455,1122,357600,300.0,318,1192,0.006259634159505367,3175,0.0001
1.0280746800000002,0.329788679245283,1124,358800,300.0,319,1196,0.006664510816335678,3187,0.0001
0.9169045800000002,0.32754716981132104,1125,360000,300.0,319,1200,0.007100170478224754,3199,0.0001
0.72728641,0.32530566037735864,1127,361200,300.0,320,1204,0.006961194798350334,3211,0.0001
0.7601403100000002,0.32306415094339613,1128,362400,300.0,321,1208,0.004201436415314674,3223,0.0001
0.9907025500000002,0.3208226415094342,1129,363600,300.0,321,1212,0.004704140592366457,3235,0.0001
0.7144560299999999,0.3185811320754717,1131,364800,300.0,322,1216,0.005509744398295879,3247,0.0001
0.3851518700000001,0.3163396226415093,1132,366000,300.0,323,1220,0.005489059258252382,3259,0.0001
0.9314488400000002,0.3140981132075473,1134,367200,300.0,323,1224,0.006070159375667572,3271,0.0001
1.27372496,0.3118566037735848,1135,368400,300.0,324,1228,0.005180396605283022,3283,0.0001
1.4191206,0.30961509433962275,1137,369600,300.0,324,1232,0.0064248754642903805,3295,0.0001
1.6486950999999999,0.30737358490566036,1138,370800,300.0,325,1236,0.005275418981909752,3307,0.0001
1.71944469,0.3051320754716984,1140,372000,300.0,326,1240,0.004625164438039064,3319,0.0001
1.52667317,0.302890566037736,1141,373200,300.0,326,1244,0.006059921346604824,3331,0.0001
1.7879927700000002,0.3006490566037735,1143,374400,300.0,327,1248,0.005880743730813265,3343,0.0001
2.17830505,0.29840754716981144,1144,375600,300.0,328,1252,0.0052208867855370045,3355,0.0001
2.4923516100000005,0.29616603773584904,1146,376800,300.0,328,1256,0.005739904008805752,3367,0.0001
2.7849660200000006,0.29392452830188665,1147,378000,300.0,329,1260,0.006343483459204435,3379,0.0001
2.7088584899999995,0.2916830188679246,1149,379200,300.0,330,1264,0.009576855227351189,3391,0.0001
2.54084802,0.2894415094339622,1150,380400,300.0,330,1268,0.005126581992954016,3403,0.0001
2.13791074,0.2872000000000001,1152,381600,300.0,331,1272,0.005245201755315065,3415,0.0001
1.96830588,0.2849584905660377,1153,382800,300.0,331,1276,0.004938871134072542,3427,0.0001
2.2511945799999995,0.2827169811320758,1155,384000,300.0,332,1280,0.005012031644582748,3439,0.0001
2.1789022,0.28047547169811327,1156,385200,300.0,333,1284,0.005901094060391188,3451,0.0001
1.9481767099999998,0.27823396226415076,1158,386400,300.0,333,1288,0.005492215044796467,3463,0.0001
1.55404915,0.2759924528301888,1159,387600,300.0,334,1292,0.0066108363680541515,3475,0.0001
1.23076831,0.2737509433962264,1161,388800,300.0,334,1296,0.0066122557036578655,3487,0.0001
1.0656881399999998,0.271509433962264,1162,390000,300.0,335,1300,0.0050012110732495785,3499,0.0001
1.11266655,0.26926792452830195,1164,391200,300.0,336,1304,0.005173224024474621,3511,0.0001
1.1214316099999997,0.26702641509433944,1165,392400,300.0,336,1308,0.0056928955018520355,3523,0.0001
0.6260529199999998,0.2647849056603775,1167,393600,300.0,337,1312,0.004355363082140684,3535,0.0001
1.1494592999999997,0.2625433962264151,1168,394800,300.0,337,1316,0.005464362446218729,3547,0.0001
1.9307942899999997,0.26030188679245303,1169,396000,300.0,338,1320,0.005333918146789074,3559,0.0001
1.8690446099999998,0.25806037735849063,1171,397200,300.0,339,1324,0.005723842419683933,3571,0.0001
1.3820031,0.2558188679245281,1172,398400,300.0,339,1328,0.005688265431672335,3583,0.0001
1.15507475,0.2535773584905662,1174,399600,300.0,340,1332,0.0048972428776323795,3595,0.0001
1.12972074,0.2513358490566038,1021,400800,300.0,392,1336,0.005342950113117695,3607,0.0001
1.4581347400000002,0.24909433962264138,1023,402000,300.0,392,1340,0.006137484684586525,3619,0.0001
1.5556549100000001,0.2468528301886792,1024,403200,300.0,393,1344,0.005610744468867779,3631,0.0001
1.51470984,0.24461132075471725,1025,404400,300.0,394,1348,0.0052461763843894005,3643,0.0001
1.3932021699999995,0.24236981132075486,1027,405600,300.0,394,1352,0.004874375648796558,3655,0.0001
1.3079154499999999,0.24012830188679246,1028,406800,300.0,395,1356,0.005173083394765854,3667,0.0001
0.5811096200000001,0.2378867924528304,1030,408000,300.0,396,1360,0.006557591259479523,3679,0.0001
0.4681808100000001,0.2356452830188679,1031,409200,300.0,396,1364,0.005675929598510265,3691,0.0001
0.5730322299999997,0.2334037735849055,1032,410400,300.0,397,1368,0.006065717898309231,3703,0.0001
0.4037664199999997,0.23116226415094354,1034,411600,300.0,397,1372,0.004495008382946253,3715,0.0001
0.5751569499999999,0.22892075471698115,1035,412800,300.0,398,1376,0.004759586416184902,3727,0.0001
0.5586985999999999,0.22667924528301897,1037,414000,300.0,399,1380,0.005895948503166437,3739,0.0001
0.6148477299999999,0.22443773584905657,1038,415200,300.0,399,1384,0.00473916158080101,3751,0.0001
1.21935929,0.22219622641509462,1039,416400,300.0,400,1388,0.005676090717315674,3763,0.0001
1.37286323,0.21995471698113223,1040,417600,300.0,401,1392,0.004532430786639452,3775,0.0001
1.29828814,0.21771320754716983,1042,418800,300.0,401,1396,0.004011647775769234,3787,0.0001
1.4139643300000002,0.21547169811320765,1043,420000,300.0,402,1400,0.004086443223059177,3799,0.0001
1.5047312200000003,0.21323018867924526,1044,421200,300.0,403,1404,0.00533998291939497,3811,0.0001
1.5253356500000004,0.21098867924528286,1046,422400,300.0,403,1408,0.0053747715428471565,3823,0.0001
1.8106613399999998,0.2087471698113209,1047,423600,300.0,404,1412,0.005493205040693283,3835,0.0001
1.17730104,0.2065056603773585,1048,424800,300.0,405,1416,0.006549167446792126,3847,0.0001
0.8289637200000002,0.20426415094339634,1049,426000,300.0,405,1420,0.004060930572450161,3859,0.0001
0.24056598,0.20202264150943394,1050,427200,300.0,406,1424,0.006327710580080748,3871,0.0001
0.5223840199999998,0.199781132075472,1052,428400,300.0,407,1428,0.006038454826921225,3883,0.0001
0.8361333499999999,0.1975396226415096,1053,429600,300.0,407,1432,0.006312821060419083,3895,0.0001
1.1644403099999998,0.19529811320754709,1055,430800,300.0,408,1436,0.005736284889280796,3907,0.0001
0.8706963300000001,0.19305660377358502,1056,432000,300.0,408,1440,0.005041959695518017,3919,0.0001
0.71290431,0.19081509433962263,1057,433200,300.0,409,1444,0.0056815315037965775,3931,0.0001
0.3966702500000001,0.18857358490566023,1058,434400,300.0,410,1448,0.005682435352355242,3943,0.0001
0.4249612600000002,0.18633207547169828,1059,435600,300.0,411,1452,0.005680447444319725,3955,0.0001
0.7645008100000001,0.18409056603773566,1060,436800,300.0,411,1456,0.0050765941850841045,3967,0.0001
0.75458288,0.1818490566037737,1061,438000,300.0,412,1460,0.005167787428945303,3979,0.0001
0.62720603,0.1796075471698113,1062,439200,300.0,413,1464,0.005186238791793585,3991,0.0001
0.35981859000000005,0.17736603773584936,1064,440400,300.0,413,1468,0.006030650809407234,4003,0.0001
0.6052302300000002,0.17512452830188696,1065,441600,300.0,414,1472,0.005843350198119879,4015,0.0001
0.44282935,0.17288301886792434,1066,442800,300.0,415,1476,0.004323412198573351,4027,0.0001
0.32909370000000016,0.1706415094339624,1067,444000,300.0,415,1480,0.0048797279596328735,4039,0.0001
0.41999170000000013,0.1684,1069,445200,300.0,416,1484,0.004879780113697052,4051,0.0001
-0.19850081999999983,0.1661584905660376,1070,446400,300.0,417,1488,0.004525954835116863,4063,0.0001
-0.08381122999999979,0.16391698113207553,1071,447600,300.0,417,1492,0.00562030915170908,4075,0.0001
-0.26066172999999987,0.16167547169811347,1072,448800,300.0,418,1496,0.0035687433555722237,4087,0.0001
-0.20948868999999998,0.15943396226415107,1073,450000,300.0,418,1500,0.004620836116373539,4099,0.0001
-0.29960538999999986,0.15719245283018868,1075,451200,300.0,419,1504,0.00380500964820385,4111,0.0001
-0.21205197999999975,0.15495094339622673,1076,452400,300.0,420,1508,0.005141519941389561,4123,0.0001
-0.30947948999999986,0.1527094339622641,1077,453600,300.0,420,1512,0.004751796834170818,4135,0.0001
0.34874038000000007,0.1504679245283017,1078,454800,300.0,421,1516,0.004831681028008461,4147,0.0001
-0.02827897000000009,0.14822641509433976,1079,456000,300.0,422,1520,0.0037777016405016184,4159,0.0001
-0.04137352000000002,0.14598490566037736,1080,457200,300.0,423,1524,0.0035924483090639114,4171,0.0001
0.33857256999999996,0.1437433962264153,1082,458400,300.0,423,1528,0.005110186990350485,4183,0.0001
0.1971388599999998,0.1415018867924528,1083,459600,300.0,424,1532,0.0051134806126356125,4195,0.0001
-0.056545840000000236,0.13926037735849084,1084,460800,300.0,424,1536,0.0062697953544557095,4207,0.0001
-0.03542321000000004,0.13701886792452844,1085,462000,300.0,425,1540,0.004248254932463169,4219,0.0001
-0.31768831999999997,0.13477735849056605,1087,463200,300.0,426,1544,0.00544004188850522,4231,0.0001
0.19436774000000004,0.13253584905660387,1088,464400,300.0,426,1548,0.0065147969871759415,4243,0.0001
-0.08872927000000003,0.13029433962264148,1089,465600,300.0,427,1552,0.005514922551810741,4255,0.0001
-0.42755971000000004,0.12805283018867908,1090,466800,300.0,427,1556,0.00502883642911911,4267,0.0001
-0.63897401,0.12581132075471713,1091,468000,300.0,428,1560,0.005899298936128616,4279,0.0001
-0.71043795,0.12356981132075473,1093,469200,300.0,429,1564,0.005289101507514715,4291,0.0001
-0.23168774000000006,0.12132830188679256,1094,470400,300.0,429,1568,0.005778421647846699,4303,0.0001
-0.20937124000000001,0.11908679245283016,1095,471600,300.0,430,1572,0.0037686305586248636,4315,0.0001
-0.3588613000000001,0.1168452830188682,1096,472800,300.0,431,1576,0.005202239844948053,4327,0.0001
-0.33782804000000005,0.11460377358490581,1097,474000,300.0,432,1580,0.0049627553671598434,4339,0.0001
-0.5768482399999999,0.1123622641509433,1098,475200,300.0,432,1584,0.005106794182211161,4351,0.0001
-0.65822273,0.11012075471698124,1099,476400,300.0,433,1588,0.005246391519904137,4363,0.0001
-0.8755004700000001,0.10787924528301884,1100,477600,300.0,434,1592,0.005544770043343306,4375,0.0001
-0.66535196,0.10563773584905645,1101,478800,300.0,434,1596,0.004882311448454857,4387,0.0001
-0.7377800199999999,0.1033962264150945,1102,480000,300.0,435,1600,0.005989388562738895,4399,0.0001
-1.14964651,0.10115471698113199,1103,481200,300.0,435,1604,0.004285904113203287,4411,0.0001
-1.04951943,0.09891320754716992,1104,482400,300.0,436,1608,0.00440027192234993,4423,0.0001
-1.04260167,0.09667169811320753,1105,483600,300.0,437,1612,0.004117677453905344,4435,0.0001
-1.1370356899999998,0.09443018867924557,1107,484800,300.0,437,1616,0.00459345942363143,4447,0.0001
-1.1820566,0.09218867924528318,1108,486000,300.0,438,1620,0.005126395262777805,4459,0.0001
-1.01973604,0.08994716981132067,1109,487200,300.0,439,1624,0.005877940449863672,4471,0.0001
-1.3234318600000001,0.08770566037735861,1110,488400,300.0,439,1628,0.006167879793792963,4483,0.0001
-1.6454054799999998,0.08546415094339621,1111,489600,300.0,440,1632,0.004468042403459549,4495,0.0001
-1.8573779099999999,0.08322264150943381,1112,490800,300.0,441,1636,0.005454440601170063,4507,0.0001
-1.8480268899999996,0.08098113207547175,1113,492000,300.0,442,1640,0.005395037122070789,4519,0.0001
-1.5434337999999999,0.07873962264150935,1114,493200,300.0,442,1644,0.005704630631953478,4531,0.0001
-1.9139265999999995,0.07649811320754729,1115,494400,300.0,443,1648,0.00500685628503561,4543,0.0001
-1.6335991299999995,0.0742566037735849,1116,495600,300.0,443,1652,0.004582433495670557,4555,0.0001
-1.9615063099999999,0.07201509433962294,1117,496800,300.0,444,1656,0.006410481408238411,4567,0.0001
-0.85522184,0.06977358490566044,1118,498000,300.0,445,1660,0.004594413563609123,4579,0.0001
-0.4574765600000001,0.06753207547169804,1119,499200,300.0,445,1664,0.006020321510732174,4591,0.0001
-0.8792788900000004,0.06529056603773598,1004,500400,300.0,498,1668,0.004479963798075914,4603,0.0001
-0.6259919100000002,0.06304905660377358,1005,501600,300.0,498,1672,0.00584215484559536,4615,0.0001
-0.48761659999999984,0.06080754716981118,1006,502800,300.0,499,1676,0.007037727162241936,4627,0.0001
-0.7568272,0.05856603773584912,1007,504000,300.0,500,1680,0.004487445577979088,4639,0.0001
-0.9637244300000001,0.05632452830188717,1008,505200,300.0,500,1684,0.005912726745009422,4651,0.0001
-0.7372599199999997,0.05408301886792455,1009,506400,300.0,501,1688,0.004368133842945099,4663,0.0001
-0.6605609499999997,0.05184150943396215,1010,507600,300.0,502,1692,0.00406606774777174,4675,0.0001
-0.30208216,0.0496000000000002,1011,508800,300.0,502,1696,0.004229382611811161,4687,0.0001
0.05871674,0.0473584905660378,1012,510000,300.0,503,1700,0.005303317680954933,4699,0.0001
0.3764250500000001,0.045116981132075296,1013,511200,300.0,504,1704,0.005512281320989132,4711,0.0001
0.31834511000000004,0.04287547169811334,1015,512400,300.0,504,1708,0.005056577734649181,4723,0.0001
0.3850542100000002,0.04063396226415139,1016,513600,300.0,505,1712,0.005158334970474243,4735,0.0001
0.3350107800000003,0.03839245283018855,1016,514800,300.0,506,1716,0.004678825847804546,4747,0.0001
0.21475899999999995,0.03615094339622649,1017,516000,300.0,506,1720,0.004474486690014601,4759,0.0001
0.5684665599999997,0.03390943396226431,1018,517200,300.0,507,1724,0.0042617106810212135,4771,0.0001
0.88795586,0.031667924528301916,1020,518400,300.0,508,1728,0.005915884394198656,4783,0.0001
1.1199353799999998,0.02942641509433952,1021,519600,300.0,508,1732,0.003566008061170578,4795,0.0001
1.4125786399999998,0.027184905660377567,1021,520800,300.0,509,1736,0.0039437864907085896,4807,0.0001
1.20376875,0.02494339622641506,1022,522000,300.0,510,1740,0.003907943144440651,4819,0.0001
1.15112006,0.022701886792452663,1023,523200,300.0,510,1744,0.003674653824418783,4831,0.0001
1.3647113100000001,0.02046037735849071,1024,524400,300.0,511,1748,0.004590044729411602,4843,0.0001
1.06055247,0.01821886792452876,1025,525600,300.0,512,1752,0.004253435879945755,4855,0.0001
1.3241548300000003,0.01597735849056592,1026,526800,300.0,513,1756,0.005186128430068493,4867,0.0001
1.14043795,0.013735849056603633,1027,528000,300.0,513,1760,0.0033677315805107355,4879,0.0001
0.9417923000000001,0.01149433962264168,1028,529200,300.0,514,1764,0.0040795085951685905,4891,0.0001
0.9962090400000004,0.01,1029,530400,300.0,515,1768,0.0030372736509889364,4903,0.0001
0.73278847,0.01,1030,531600,300.0,515,1772,0.005425029434263706,4915,0.0001
0.57651399,0.01,1031,532800,300.0,516,1776,0.007093918975442648,4927,0.0001
0.9672758799999999,0.01,1032,534000,300.0,517,1780,0.0045281751081347466,4939,0.0001
1.02819971,0.01,1033,535200,300.0,517,1784,0.004563029855489731,4951,0.0001
1.0545944099999998,0.01,1034,536400,300.0,518,1788,0.004175390116870403,4963,0.0001
0.7839345099999997,0.01,1035,537600,300.0,518,1792,0.002822867827489972,4975,0.0001
0.3308007999999999,0.01,1036,538800,300.0,519,1796,0.0059311361983418465,4987,0.0001
-0.12073465000000021,0.01,1037,540000,300.0,520,1800,0.006241168826818466,4999,0.0001
-0.27370106000000005,0.01,1038,541200,300.0,521,1804,0.005835270509123802,5011,0.0001
-0.6781130099999999,0.01,1039,542400,300.0,521,1808,0.005592321045696735,5023,0.0001
-1.00040983,0.01,1040,543600,300.0,522,1812,0.005725066177546978,5035,0.0001
-1.4313362100000004,0.01,1041,544800,300.0,523,1816,0.005555935204029083,5047,0.0001
-1.2181468800000002,0.01,1042,546000,300.0,523,1820,0.004345086868852377,5059,0.0001
-1.85006133,0.01,1043,547200,300.0,524,1824,0.004234915599226952,5071,0.0001
-2.42425894,0.01,1044,548400,300.0,525,1828,0.005222441628575325,5083,0.0001
-2.4292947400000005,0.01,1044,549600,300.0,526,1832,0.005075886845588684,5095,0.0001
-2.5564707799999997,0.01,1045,550800,300.0,526,1836,0.005522551015019417,5107,0.0001
-2.16159646,0.01,1046,552000,300.0,527,1840,0.005462095141410828,5119,0.0001
-2.52042243,0.01,1047,553200,300.0,527,1844,0.004927514120936394,5131,0.0001
-2.58688092,0.01,1048,554400,300.0,528,1848,0.004502316005527973,5143,0.0001
-2.40512767,0.01,1049,555600,300.0,529,1852,0.005423089023679495,5155,0.0001
-2.00860161,0.01,1050,556800,300.0,529,1856,0.004250969272106886,5167,0.0001
-2.3111308900000003,0.01,1051,558000,300.0,530,1860,0.00483943335711956,5179,0.0001
-2.23353691,0.01,1051,559200,300.0,531,1864,0.006833991967141628,5191,0.0001
-2.17389106,0.01,1052,560400,300.0,532,1868,0.0040484825149178505,5203,0.0001
-2.322154539999999,0.01,1053,561600,300.0,533,1872,0.0039049454499036074,5215,0.0001
-1.58930542,0.01,1054,562800,300.0,533,1876,0.006663190200924873,5227,0.0001
-1.59536348,0.01,1054,564000,300.0,534,1880,0.004434092901647091,5239,0.0001
-1.49191933,0.01,1055,565200,300.0,535,1884,0.004258387256413698,5251,0.0001
-1.53163168,0.01,1056,566400,300.0,536,1888,0.005403217859566212,5263,0.0001
-1.4376375700000004,0.01,1057,567600,300.0,536,1892,0.006818370893597603,5275,0.0001
-1.50839802,0.01,1058,568800,300.0,537,1896,0.004492686130106449,5287,0.0001
-1.3679226200000003,0.01,1059,570000,300.0,537,1900,0.005294111557304859,5299,0.0001
-1.3143183200000004,0.01,1060,571200,300.0,538,1904,0.003944132011383772,5311,0.0001
-1.4394784100000002,0.01,1061,572400,300.0,539,1908,0.003181690350174904,5323,0.0001
-1.2375209200000001,0.01,1062,573600,300.0,540,1912,0.004707229323685169,5335,0.0001
-1.2359813,0.01,1063,574800,300.0,540,1916,0.005557025782763958,5347,0.0001
-1.0700225900000004,0.01,1063,576000,300.0,541,1920,0.004639654420316219,5359,0.0001
-0.6981138800000002,0.01,1064,577200,300.0,542,1924,0.003810109104961157,5371,0.0001
-0.5412286499999999,0.01,1065,578400,300.0,542,1928,0.005758236162364483,5383,0.0001
-0.75613145,0.01,1066,579600,300.0,543,1932,0.003656584769487381,5395,0.0001
-0.7017864699999998,0.01,1067,580800,300.0,544,1936,0.004579710774123669,5407,0.0001
-0.7751845899999996,0.01,1068,582000,300.0,544,1940,0.0055482350289821625,5419,0.0001
-0.4033719799999998,0.01,1069,583200,300.0,545,1944,0.004055776633322239,5431,0.0001
-0.15910584999999988,0.01,1070,584400,300.0,546,1948,0.003554548602551222,5443,0.0001
-0.4500964599999998,0.01,1070,585600,300.0,546,1952,0.004725166596472263,5455,0.0001
-0.7735375299999996,0.01,1071,586800,300.0,547,1956,0.0037088242825120687,5467,0.0001
-0.8886258099999995,0.01,1072,588000,300.0,548,1960,0.004383532330393791,5479,0.0001
-0.7455493699999998,0.01,1073,589200,300.0,548,1964,0.004774578381329775,5491,0.0001
-0.6209136799999997,0.01,1074,590400,300.0,549,1968,0.004997182637453079,5503,0.0001
-0.4325617899999999,0.01,1075,591600,300.0,550,1972,0.0037704838905483484,5515,0.0001
-1.01308166,0.01,1076,592800,300.0,550,1976,0.004011892713606358,5527,0.0001
-1.27721367,0.01,1076,594000,300.0,551,1980,0.0039722248911857605,5539,0.0001
-1.16104668,0.01,1077,595200,300.0,552,1984,0.0032479686196893454,5551,0.0001
-1.2286388599999996,0.01,1078,596400,300.0,553,1988,0.004856414161622524,5563,0.0001
-0.9567071499999997,0.01,1078,597600,300.0,553,1992,0.004836202599108219,5575,0.0001
-0.68293291,0.01,1079,598800,300.0,554,1996,0.004870425909757614,5587,0.0001
-0.63922281,0.01,986,600000,300.0,608,2000,0.005047602113336325,5599,0.0001
-0.3357647500000001,0.01,987,601200,300.0,609,2004,0.005156084895133972,5611,0.0001
0.05393381999999988,0.01,987,602400,300.0,609,2008,0.006190320011228323,5623,0.0001
0.3398910199999999,0.01,988,603600,300.0,610,2012,0.005556053947657347,5635,0.0001
0.4259159699999999,0.01,989,604800,300.0,611,2016,0.004467980936169624,5647,0.0001
0.23412286999999998,0.01,990,606000,300.0,611,2020,0.00824329350143671,5659,0.0001
-0.12707692,0.01,991,607200,300.0,612,2024,0.0056043402291834354,5671,0.0001
0.21514409000000007,0.01,992,608400,300.0,613,2028,0.004089139401912689,5683,0.0001
0.6012451100000001,0.01,992,609600,300.0,613,2032,0.004596195183694363,5695,0.0001
0.64973694,0.01,993,610800,300.0,614,2036,0.0037677199579775333,5707,0.0001
0.5027215899999999,0.01,994,612000,300.0,615,2040,0.0071454402059316635,5719,0.0001
0.6078381399999999,0.01,995,613200,300.0,616,2044,0.005309992469847202,5731,0.0001
0.07720111999999987,0.01,996,614400,300.0,616,2048,0.004793673753738403,5743,0.0001
0.19306603999999983,0.01,997,615600,300.0,617,2052,0.003932551480829716,5755,0.0001
0.2817329099999999,0.01,998,616800,300.0,617,2056,0.005388939753174782,5767,0.0001
0.8029107700000001,0.01,998,618000,300.0,618,2060,0.004799484275281429,5779,0.0001
0.82472123,0.01,999,619200,300.0,619,2064,0.005002048797905445,5791,0.0001
0.5961027899999999,0.01,1000,620400,300.0,620,2068,0.006919877603650093,5803,0.0001
0.4501556500000001,0.01,1001,621600,300.0,620,2072,0.0040294574573636055,5815,0.0001
0.29463910000000004,0.01,1001,622800,300.0,621,2076,0.005047961603850126,5827,0.0001
0.6512235800000002,0.01,1002,624000,300.0,622,2080,0.005511982832103968,5839,0.0001
0.67903256,0.01,1003,625200,300.0,623,2084,0.004480403382331133,5851,0.0001
0.7319329200000001,0.01,1004,626400,300.0,623,2088,0.005010176915675402,5863,0.0001
0.5552079099999999,0.01,1005,627600,300.0,624,2092,0.0040220096707344055,5875,0.0001
0.30821427999999973,0.01,1006,628800,300.0,624,2096,0.0050180088728666306,5887,0.0001
0.5019781499999999,0.01,1006,630000,300.0,625,2100,0.0036084838211536407,5899,0.0001
0.32108813999999986,0.01,1007,631200,300.0,626,2104,0.005611601751297712,5911,0.0001
0.38137789,0.01,1008,632400,300.0,627,2108,0.004426860716193914,5923,0.0001
0.09960440999999998,0.01,1009,633600,300.0,627,2112,0.004498055670410395,5935,0.0001
0.42463801,0.01,1010,634800,300.0,628,2116,0.005653022788465023,5947,0.0001
0.7282291400000002,0.01,1010,636000,300.0,629,2120,0.004469650331884623,5959,0.0001
0.9213970900000001,0.01,1011,637200,300.0,629,2124,0.00729619013145566,5971,0.0001
0.36908587,0.01,1012,638400,300.0,630,2128,0.005020225886255503,5983,0.0001
0.2615137499999998,0.01,1013,639600,300.0,631,2132,0.004981949459761381,5995,0.0001
0.2125522699999999,0.01,1014,640800,300.0,631,2136,0.004359687212854624,6007,0.0001
0.08830247000000002,0.01,1014,642000,300.0,632,2140,0.005697712767869234,6019,0.0001
0.07773903000000015,0.01,1015,643200,300.0,633,2144,0.007363023702055216,6031,0.0001
0.25568411,0.01,1016,644400,300.0,633,2148,0.007339224219322205,6043,0.0001
0.5982937299999999,0.01,1017,645600,300.0,634,2152,0.004600340500473976,6055,0.0001
0.3961186699999999,0.01,1018,646800,300.0,635,2156,0.004512506537139416,6067,0.0001
-0.44209330999999985,0.01,1019,648000,300.0,635,2160,0.004572664387524128,6079,0.0001
-0.9062991899999996,0.01,1019,649200,300.0,636,2164,0.005061055533587933,6091,0.0001
-0.5427034699999996,0.01,1020,650400,300.0,637,2168,0.004744510632008314,6103,0.0001
-0.405201,0.01,1021,651600,300.0,637,2172,0.004696336574852467,6115,0.0001
-0.37067142999999986,0.01,1022,652800,300.0,638,2176,0.009739602915942669,6127,0.0001
-0.9373242599999998,0.01,1023,654000,300.0,639,2180,0.005287674255669117,6139,0.0001
-0.96775916,0.01,1023,655200,300.0,639,2184,0.004574635066092014,6151,0.0001
-1.3694054300000003,0.01,1024,656400,300.0,640,2188,0.004400432575494051,6163,0.0001
-1.4882913999999996,0.01,1025,657600,300.0,641,2192,0.004196021240204573,6175,0.0001
-1.5261397099999998,0.01,1025,658800,300.0,642,2196,0.005216518417000771,6187,0.0001
-1.54859732,0.01,1026,660000,300.0,642,2200,0.0051488978788256645,6199,0.0001
-1.6209701900000004,0.01,1027,661200,300.0,643,2204,0.005954595748335123,6211,0.0001
-1.4989315400000003,0.01,1028,662400,300.0,644,2208,0.005067246500402689,6223,0.0001
-1.5978450100000003,0.01,1029,663600,300.0,644,2212,0.005443530157208443,6235,0.0001
-2.0734306900000004,0.01,1029,664800,300.0,645,2216,0.004764558747410774,6247,0.0001
-2.31591054,0.01,1030,666000,300.0,646,2220,0.0042252144776284695,6259,0.0001
-2.42875711,0.01,1030,667200,300.0,647,2224,0.005300834774971008,6271,0.0001
-1.9349870200000001,0.01,1031,668400,300.0,647,2228,0.004275573883205652,6283,0.0001
-1.8505557699999997,0.01,1032,669600,300.0,648,2232,0.005427607335150242,6295,0.0001
-1.8422033499999995,0.01,1033,670800,300.0,649,2236,0.005431692581623793,6307,0.0001
-1.6104186199999995,0.01,1033,672000,300.0,649,2240,0.003246651031076908,6319,0.0001
-1.8711928400000002,0.01,1033,673200,300.0,651,2244,0.00479729101061821,6331,0.0001
-1.5315682599999996,0.01,1034,674400,300.0,651,2248,0.003645529504865408,6343,0.0001
-1.5182847100000003,0.01,1035,675600,300.0,652,2252,0.006422786973416805,6355,0.0001
-1.4344724800000006,0.01,1035,676800,300.0,653,2256,0.003778447862714529,6367,0.0001
-0.7747703100000004,0.01,1036,678000,300.0,654,2260,0.004900141153484583,6379,0.0001
-0.11940937000000008,0.01,1037,679200,300.0,654,2264,0.008966338820755482,6391,0.0001
-0.3385767499999999,0.01,1038,680400,300.0,655,2268,0.0055336374789476395,6403,0.0001
-0.48215905999999975,0.01,1038,681600,300.0,656,2272,0.004195791203528643,6415,0.0001
-0.3408946599999998,0.01,1039,682800,300.0,656,2276,0.004309982527047396,6427,0.0001
-0.3222736999999998,0.01,1040,684000,300.0,657,2280,0.006463922094553709,6439,0.0001
-0.6160084199999999,0.01,1040,685200,300.0,658,2284,0.00803244300186634,6451,0.0001
-0.1265728600000001,0.01,1041,686400,300.0,658,2288,0.005150673445314169,6463,0.0001
0.030907319999999867,0.01,1042,687600,300.0,659,2292,0.003997881896793842,6475,0.0001
-0.29294492,0.01,1043,688800,300.0,660,2296,0.005175508558750153,6487,0.0001
-0.39358803999999986,0.01,1043,690000,300.0,660,2300,0.0038544093258678913,6499,0.0001
-0.36518811999999995,0.01,1044,691200,300.0,661,2304,0.0055063762702047825,6511,0.0001
-0.6632571199999998,0.01,1045,692400,300.0,662,2308,0.004679663106799126,6523,0.0001
-0.7171237099999999,0.01,1046,693600,300.0,663,2312,0.0046884287148714066,6535,0.0001
-0.23590709999999995,0.01,1046,694800,300.0,663,2316,0.004420180805027485,6547,0.0001
-0.07525201000000005,0.01,1047,696000,300.0,664,2320,0.004263892769813538,6559,0.0001
0.04125084999999986,0.01,1048,697200,300.0,665,2324,0.006647087633609772,6571,0.0001
0.14577327999999987,0.01,1049,698400,300.0,665,2328,0.0049193683080375195,6583,0.0001
0.16406784999999985,0.01,1049,699600,300.0,666,2332,0.005734666250646114,6595,0.0001
0.24444792999999979,0.01,970,700800,300.0,721,2336,0.004284161143004894,6607,0.0001
0.03483509000000001,0.01,971,702000,300.0,722,2340,0.004478055518120527,6619,0.0001
0.44124109000000006,0.01,972,703200,300.0,723,2344,0.004753574263304472,6631,0.0001
0.3808457200000001,0.01,973,704400,300.0,723,2348,0.004760378506034613,6643,0.0001
0.28018319000000014,0.01,973,705600,300.0,724,2352,0.003499787300825119,6655,0.0001
0.46880220000000006,0.01,974,706800,300.0,725,2356,0.004935599863529205,6667,0.0001
0.75433684,0.01,975,708000,300.0,725,2360,0.006135400850325823,6679,0.0001
0.5496121799999998,0.01,976,709200,300.0,726,2364,0.003983141854405403,6691,0.0001
0.46862824999999986,0.01,976,710400,300.0,727,2368,0.003873394802212715,6703,0.0001
0.61710164,0.01,977,711600,300.0,727,2372,0.00393375288695097,6715,0.0001
0.9667416,0.01,978,712800,300.0,728,2376,0.006036263424903154,6727,0.0001
1.3705638800000002,0.01,979,714000,300.0,729,2380,0.004665889777243137,6739,0.0001
1.69556568,0.01,979,715200,300.0,729,2384,0.004545438103377819,6751,0.0001
1.28503524,0.01,980,716400,300.0,730,2388,0.004999095574021339,6763,0.0001
1.3097633,0.01,981,717600,300.0,731,2392,0.004360816441476345,6775,0.0001
1.9100260199999999,0.01,981,718800,300.0,732,2396,0.004162760451436043,6787,0.0001
1.70482378,0.01,982,720000,300.0,732,2400,0.0058203949593007565,6799,0.0001
1.5492817599999995,0.01,983,721200,300.0,733,2404,0.004338303580880165,6811,0.0001
1.8233479099999998,0.01,984,722400,300.0,734,2408,0.004792690742760897,6823,0.0001
2.2407619500000004,0.01,984,723600,300.0,734,2412,0.00803554616868496,6835,0.0001
1.8162580200000003,0.01,985,724800,300.0,735,2416,0.0046532852575182915,6847,0.0001
1.4185122400000003,0.01,986,726000,300.0,736,2420,0.0051836599595844746,6859,0.0001
1.9235436900000005,0.01,986,727200,300.0,736,2424,0.00476309796795249,6871,0.0001
1.7143444200000002,0.01,987,728400,300.0,737,2428,0.005728353746235371,6883,0.0001
1.3526773900000004,0.01,988,729600,300.0,738,2432,0.0055857510305941105,6895,0.0001
1.39382665,0.01,989,730800,300.0,738,2436,0.004192459397017956,6907,0.0001
1.6018037900000002,0.01,989,732000,300.0,739,2440,0.005881949793547392,6919,0.0001
1.4443709300000003,0.01,990,733200,300.0,740,2444,0.0038004270754754543,6931,0.0001
1.5460897300000003,0.01,990,734400,300.0,741,2448,0.006854367908090353,6943,0.0001
1.3846172700000003,0.01,991,735600,300.0,741,2452,0.0036948907654732466,6955,0.0001
0.6966506900000005,0.01,992,736800,300.0,742,2456,0.005441386252641678,6967,0.0001
0.2682233500000002,0.01,992,738000,300.0,743,2460,0.006755011156201363,6979,0.0001
-0.1574428399999999,0.01,993,739200,300.0,744,2464,0.005395473446696997,6991,0.0001
-0.33279752999999984,0.01,994,740400,300.0,744,2468,0.0061669908463954926,7003,0.0001
-0.06258743999999984,0.01,994,741600,300.0,745,2472,0.004465614445507526,7015,0.0001
-0.02694788999999994,0.01,995,742800,300.0,746,2476,0.006643692031502724,7027,0.0001
-0.20046386999999988,0.01,996,744000,300.0,746,2480,0.005681946408003569,7039,0.0001
-0.13846415999999984,0.01,996,745200,300.0,747,2484,0.006825258024036884,7051,0.0001
0.3980263900000001,0.01,997,746400,300.0,748,2488,0.005480833817273378,7063,0.0001
0.6687723100000003,0.01,998,747600,300.0,748,2492,0.006533859763294458,7075,0.0001
1.00466505,0.01,999,748800,300.0,749,2496,0.0051315720193088055,7087,0.0001
1.0563727900000002,0.01,999,750000,300.0,750,2500,0.004250244237482548,7099,0.0001
0.8101977000000002,0.01,1000,751200,300.0,751,2504,0.005134687293320894,7111,0.0001
0.5452002399999999,0.01,1000,752400,300.0,751,2508,0.004741476848721504,7123,0.0001
0.4434407399999997,0.01,1001,753600,300.0,752,2512,0.005224347580224276,7135,0.0001
0.6140456499999997,0.01,1002,754800,300.0,753,2516,0.004801211878657341,7147,0.0001
1.1828538199999998,0.01,1002,756000,300.0,753,2520,0.00441417470574379,7159,0.0001
0.96966477,0.01,1003,757200,300.0,754,2524,0.004777274094521999,7171,0.0001
0.6266606899999999,0.01,1004,758400,300.0,755,2528,0.004259825684130192,7183,0.0001
1.2653195699999997,0.01,1004,759600,300.0,755,2532,0.006237388122826815,7195,0.0001
1.3424174199999999,0.01,1005,760800,300.0,756,2536,0.00555507792159915,7207,0.0001
1.3478698299999998,0.01,1006,762000,300.0,757,2540,0.004580116365104914,7219,0.0001
0.9954488900000003,0.01,1007,763200,300.0,757,2544,0.004791717045009136,7231,0.0001
0.3051595800000002,0.01,1007,764400,300.0,758,2548,0.005924589466303587,7243,0.0001
0.23796915999999993,0.01,1008,765600,300.0,759,2552,0.004375871736556292,7255,0.0001
0.40598697,0.01,1009,766800,300.0,759,2556,0.005933299660682678,7267,0.0001
0.46552358999999993,0.01,1009,768000,300.0,760,2560,0.00578679982572794,7279,0.0001
0.8218254300000001,0.01,1010,769200,300.0,761,2564,0.007354426197707653,7291,0.0001
1.00468448,0.01,1010,770400,300.0,762,2568,0.004661240614950657,7303,0.0001
0.9092390400000001,0.01,1011,771600,300.0,762,2572,0.0034597651101648808,7315,0.0001
0.6104323400000001,0.01,1012,772800,300.0,763,2576,0.008317173458635807,7327,0.0001
0.52410538,0.01,1012,774000,300.0,764,2580,0.004843603819608688,7339,0.0001
0.28434285000000015,0.01,1013,775200,300.0,764,2584,0.0045330710709095,7351,0.0001
-0.26788345999999996,0.01,1013,776400,300.0,765,2588,0.004181710537523031,7363,0.0001
-0.3756907300000002,0.01,1014,777600,300.0,766,2592,0.004199715331196785,7375,0.0001
-0.6184671800000001,0.01,1015,778800,300.0,767,2596,0.007128953002393246,7387,0.0001
-0.24036028,0.01,1015,780000,300.0,767,2600,0.004241952672600746,7399,0.0001
0.2545852199999999,0.01,1016,781200,300.0,768,2604,0.004800790920853615,7411,0.0001
0.8449120899999998,0.01,1017,782400,300.0,769,2608,0.006376063916832209,7423,0.0001
0.5802872999999997,0.01,1017,783600,300.0,769,2612,0.004420875571668148,7435,0.0001
0.6344641099999997,0.01,1018,784800,300.0,770,2616,0.0038581208791583776,7447,0.0001
0.5095393799999998,0.01,1018,786000,300.0,771,2620,0.0043425410985946655,7459,0.0001
0.3532109799999998,0.01,1019,787200,300.0,772,2624,0.004137844778597355,7471,0.0001
0.5842754099999999,0.01,1019,788400,300.0,772,2628,0.004219513386487961,7483,0.0001
0.3982528199999999,0.01,1020,789600,300.0,773,2632,0.007915746420621872,7495,0.0001
0.16804293999999967,0.01,1021,790800,300.0,774,2636,0.0041770231910049915,7507,0.0001
-0.08977508000000022,0.01,1021,792000,300.0,775,2640,0.005014149472117424,7519,0.0001
0.14644126999999985,0.01,1022,793200,300.0,775,2644,0.0035111557226628065,7531,0.0001
0.43811569,0.01,1023,794400,300.0,776,2648,0.004457090515643358,7543,0.0001
0.58341099,0.01,1023,795600,300.0,777,2652,0.004447164013981819,7555,0.0001
0.7346242300000001,0.01,1024,796800,300.0,777,2656,0.003972923383116722,7567,0.0001
0.15823014000000002,0.01,1025,798000,300.0,778,2660,0.004350961651653051,7579,0.0001
-0.09350790999999992,0.01,1025,799200,300.0,779,2664,0.005655921995639801,7591,0.0001
0.26556496999999996,0.01,960,800400,300.0,833,2668,0.005520408041775227,7603,0.0001
0.1649393599999999,0.01,960,801600,300.0,834,2672,0.0057785604149103165,7615,0.0001
0.12188177999999994,0.01,961,802800,300.0,834,2676,0.004962356761097908,7627,0.0001
0.03241034000000008,0.01,962,804000,300.0,835,2680,0.0037501915358006954,7639,0.0001
0.37465112,0.01,962,805200,300.0,836,2684,0.008076530881226063,7651,0.0001
0.9727897299999998,0.01,963,806400,300.0,836,2688,0.005276269745081663,7663,0.0001
0.9664759399999996,0.01,964,807600,300.0,837,2692,0.003985559102147818,7675,0.0001
0.9985695199999999,0.01,964,808800,300.0,838,2696,0.003715342376381159,7687,0.0001
0.8866260900000004,0.01,965,810000,300.0,838,2700,0.004252146929502487,7699,0.0001
0.6912217499999999,0.01,966,811200,300.0,839,2704,0.005559653043746948,7711,0.0001
0.0838302899999995,0.01,966,812400,300.0,840,2708,0.003975078463554382,7723,0.0001
0.1650879999999995,0.01,967,813600,300.0,841,2712,0.003927142824977636,7735,0.0001
0.04090290999999951,0.01,967,814800,300.0,841,2716,0.005713542923331261,7747,0.0001
-0.0178962700000004,0.01,968,816000,300.0,842,2720,0.007402267772704363,7759,0.0001
-0.47255254000000024,0.01,969,817200,300.0,843,2724,0.0057174935936927795,7771,0.0001
-0.5950437399999999,0.01,969,818400,300.0,843,2728,0.004783433862030506,7783,0.0001
-0.5621939399999998,0.01,970,819600,300.0,844,2732,0.0033640554174780846,7795,0.0001
-0.8271399199999999,0.01,970,820800,300.0,845,2736,0.004109439440071583,7807,0.0001
-0.8181369000000001,0.01,971,822000,300.0,846,2740,0.005878058262169361,7819,0.0001
-0.9239934299999999,0.01,972,823200,300.0,846,2744,0.0038425459060817957,7831,0.0001
-0.52326936,0.01,972,824400,300.0,847,2748,0.00599622493609786,7843,0.0001
-0.60518824,0.01,973,825600,300.0,847,2752,0.004500674549490213,7855,0.0001
-0.96632081,0.01,974,826800,300.0,848,2756,0.004086032975465059,7867,0.0001
-0.8315591800000002,0.01,974,828000,300.0,849,2760,0.005063150078058243,7879,0.0001
-0.4387300499999999,0.01,975,829200,300.0,850,2764,0.0032529071904718876,7891,0.0001
-0.6142507,0.01,975,830400,300.0,850,2768,0.003734408877789974,7903,0.0001
-0.6456276000000001,0.01,976,831600,300.0,851,2772,0.004766336642205715,7915,0.0001
-0.8847516800000003,0.01,976,832800,300.0,852,2776,0.005188887007534504,7927,0.0001
-0.54701877,0.01,977,834000,300.0,853,2780,0.007106179371476173,7939,0.0001
-0.65486668,0.01,978,835200,300.0,853,2784,0.007102693431079388,7951,0.0001
-1.0972402000000003,0.01,978,836400,300.0,854,2788,0.0071806819178164005,7963,0.0001
-1.3929722100000002,0.01,979,837600,300.0,855,2792,0.005249392706900835,7975,0.0001
-1.59457556,0.01,979,838800,300.0,855,2796,0.006962856277823448,7987,0.0001
-1.8560071299999996,0.01,980,840000,300.0,856,2800,0.007199087180197239,7999,0.0001
-1.8480486299999999,0.01,981,841200,300.0,857,2804,0.006842933129519224,8011,0.0001
-1.54364683,0.01,981,842400,300.0,857,2808,0.005202614236623049,8023,0.0001
-1.26683447,0.01,982,843600,300.0,858,2812,0.005586478393524885,8035,0.0001
-1.0547848000000002,0.01,983,844800,300.0,859,2816,0.0046981144696474075,8047,0.0001
-1.01844167,0.01,983,846000,300.0,860,2820,0.005781024694442749,8059,0.0001
-0.7151468300000002,0.01,984,847200,300.0,860,2824,0.008772110566496849,8071,0.0001
-0.68182397,0.01,984,848400,300.0,861,2828,0.00480657909065485,8083,0.0001
-0.9946954199999999,0.01,985,849600,300.0,862,2832,0.005320995580404997,8095,0.0001
-0.5720695900000001,0.01,985,850800,300.0,863,2836,0.004245622083544731,8107,0.0001
-0.16898676,0.01,986,852000,300.0,863,2840,0.006396361626684666,8119,0.0001
-0.46014007000000007,0.01,986,853200,300.0,864,2844,0.004344455897808075,8131,0.0001
-0.6980157999999999,0.01,987,854400,300.0,865,2848,0.004254309460520744,8143,0.0001
-0.6851624,0.01,987,855600,300.0,866,2852,0.004727579653263092,8155,0.0001
-0.12603500000000006,0.01,988,856800,300.0,866,2856,0.006427177228033543,8167,0.0001
-0.12084292000000006,0.01,988,858000,300.0,867,2860,0.00463745417073369,8179,0.0001
-0.14248428999999996,0.01,989,859200,300.0,868,2864,0.003982923924922943,8191,0.0001
0.017830789999999937,0.01,990,860400,300.0,868,2868,0.005984729155898094,8203,0.0001
-0.33719736000000017,0.01,990,861600,300.0,869,2872,0.0032471457961946726,8215,0.0001
0.16201656999999997,0.01,991,862800,300.0,870,2876,0.004111862275749445,8227,0.0001
-0.06515156999999995,0.01,991,864000,300.0,871,2880,0.006178294308483601,8239,0.0001
-0.07730224000000009,0.01,992,865200,300.0,871,2884,0.0046803830191493034,8251,0.0001
0.12548086999999986,0.01,993,866400,300.0,872,2888,0.0032399825286120176,8263,0.0001
0.24162967999999999,0.01,993,867600,300.0,873,2892,0.005682072602212429,8275,0.0001
0.34020485000000006,0.01,994,868800,300.0,873,2896,0.004051694646477699,8287,0.0001
0.02087219999999988,0.01,994,870000,300.0,874,2900,0.004181354306638241,8299,0.0001
0.08079841999999994,0.01,995,871200,300.0,875,2904,0.008631939068436623,8311,0.0001
0.006829020000000159,0.01,996,872400,300.0,875,2908,0.003915127366781235,8323,0.0001
-0.3836237,0.01,996,873600,300.0,876,2912,0.008166950196027756,8335,0.0001
-0.45963759000000004,0.01,997,874800,300.0,877,2916,0.00750849349424243,8347,0.0001
-0.9875418400000002,0.01,997,876000,300.0,877,2920,0.0039265393279492855,8359,0.0001
-0.6074793499999999,0.01,998,877200,300.0,878,2924,0.00555762741714716,8371,0.0001
-0.9511180100000002,0.01,999,878400,300.0,879,2928,0.00460182037204504,8383,0.0001
-0.7573341300000002,0.01,999,879600,300.0,879,2932,0.006189434789121151,8395,0.0001
-0.6804901200000002,0.01,999,880800,300.0,880,2936,0.005275599658489227,8407,0.0001
-0.5921290900000001,0.01,1000,882000,300.0,881,2940,0.005965308286249638,8419,0.0001
-0.1745883700000001,0.01,1000,883200,300.0,882,2944,0.005262739956378937,8431,0.0001
-0.3428308900000001,0.01,1001,884400,300.0,883,2948,0.008058350533246994,8443,0.0001
-0.06040692999999989,0.01,1002,885600,300.0,883,2952,0.004884779453277588,8455,0.0001
-0.06091600999999963,0.01,1002,886800,300.0,884,2956,0.0056598130613565445,8467,0.0001
0.44704535000000006,0.01,1003,888000,300.0,885,2960,0.004519268870353699,8479,0.0001
0.04014125000000004,0.01,1003,889200,300.0,886,2964,0.005879447795450687,8491,0.0001
-0.4031083899999999,0.01,1003,890400,300.0,887,2968,0.006302450783550739,8503,0.0001
-0.31836691,0.01,1004,891600,300.0,887,2972,0.007189724128693342,8515,0.0001
-0.7437934299999999,0.01,1004,892800,300.0,888,2976,0.0042844959534704685,8527,0.0001
-0.6088500899999998,0.01,1005,894000,300.0,889,2980,0.003940075170248747,8539,0.0001
-0.7863078899999999,0.01,1005,895200,300.0,890,2984,0.004647274501621723,8551,0.0001
-1.00360557,0.01,1005,896400,300.0,891,2988,0.004841329995542765,8563,0.0001
-0.8658706599999999,0.01,1006,897600,300.0,891,2992,0.0036998167634010315,8575,0.0001
-1.0137128499999999,0.01,1006,898800,300.0,892,2996,0.0042364527471363544,8587,0.0001
-0.40952179999999994,0.01,950,900000,300.0,947,3000,0.0041939858347177505,8599,0.0001
-0.19664123999999986,0.01,950,901200,300.0,948,3004,0.006324985530227423,8611,0.0001
-0.38832711999999986,0.01,950,902400,300.0,948,3008,0.00435020262375474,8623,0.0001
-0.14375032999999993,0.01,951,903600,300.0,949,3012,0.0034728513564914465,8635,0.0001
-0.35179705999999983,0.01,951,904800,300.0,950,3016,0.0038837408646941185,8647,0.0001
0.06305021000000004,0.01,952,906000,300.0,951,3020,0.003988174721598625,8659,0.0001
-0.31694616,0.01,952,907200,300.0,952,3024,0.006197032518684864,8671,0.0001
0.3610628200000001,0.01,953,908400,300.0,952,3028,0.004963750019669533,8683,0.0001
0.58586511,0.01,953,909600,300.0,953,3032,0.007999114692211151,8695,0.0001
0.5210711699999999,0.01,954,910800,300.0,954,3036,0.004587194416671991,8707,0.0001
0.13515759999999993,0.01,954,912000,300.0,955,3040,0.0057453871704638,8719,0.0001
0.3869612199999999,0.01,955,913200,300.0,955,3044,0.005911709275096655,8731,0.0001
0.3149900599999998,0.01,955,914400,300.0,956,3048,0.004067263100296259,8743,0.0001
0.4568717899999999,0.01,956,915600,300.0,957,3052,0.004290205892175436,8755,0.0001
0.3904826999999999,0.01,956,916800,300.0,958,3056,0.004438692703843117,8767,0.0001
0.13803279,0.01,957,918000,300.0,958,3060,0.00406245794147253,8779,0.0001
0.6903638200000001,0.01,957,919200,300.0,959,3064,0.004745385609567165,8791,0.0001
1.0896114399999999,0.01,958,920400,300.0,960,3068,0.004708120133727789,8803,0.0001
1.25858196,0.01,958,921600,300.0,961,3072,0.004057689569890499,8815,0.0001
1.38961864,0.01,959,922800,300.0,961,3076,0.005712352693080902,8827,0.0001
0.9725324399999997,0.01,959,924000,300.0,962,3080,0.0036933005321770906,8839,0.0001
1.5467287299999999,0.01,960,925200,300.0,963,3084,0.00579511933028698,8851,0.0001
1.8199507999999998,0.01,960,926400,300.0,964,3088,0.0038485624827444553,8863,0.0001
1.4570146699999997,0.01,961,927600,300.0,964,3092,0.007694556377828121,8875,0.0001
1.8231057399999997,0.01,962,928800,300.0,965,3096,0.005787700414657593,8887,0.0001
1.75528298,0.01,962,930000,300.0,966,3100,0.003992135636508465,8899,0.0001
1.52089828,0.01,963,931200,300.0,966,3104,0.00616521667689085,8911,0.0001
1.8928088999999997,0.01,963,932400,300.0,967,3108,0.004851882345974445,8923,0.0001
1.8929878199999999,0.01,964,933600,300.0,968,3112,0.005649492144584656,8935,0.0001
1.8561371500000001,0.01,964,934800,300.0,968,3116,0.006646334659308195,8947,0.0001
1.6715953199999998,0.01,965,936000,300.0,969,3120,0.004566576331853867,8959,0.0001
1.7684278599999999,0.01,965,937200,300.0,970,3124,0.004199424292892218,8971,0.0001
1.34458583,0.01,966,938400,300.0,971,3128,0.00633624941110611,8983,0.0001
1.2302722699999997,0.01,966,939600,300.0,972,3132,0.004784294404089451,8995,0.0001
0.6029773600000001,0.01,967,940800,300.0,972,3136,0.0035027158446609974,9007,0.0001
0.23379234000000002,0.01,967,942000,300.0,973,3140,0.003465489484369755,9019,0.0001
-0.09779530999999995,0.01,967,943200,300.0,974,3144,0.00490843178704381,9031,0.0001
0.3019966900000001,0.01,968,944400,300.0,975,3148,0.004856805317103863,9043,0.0001
-0.41044002999999996,0.01,969,945600,300.0,975,3152,0.005763385444879532,9055,0.0001
-0.29001285000000004,0.01,969,946800,300.0,976,3156,0.004533507861196995,9067,0.0001
-0.21740192000000008,0.01,970,948000,300.0,977,3160,0.0037011178210377693,9079,0.0001
-0.44290658000000005,0.01,970,949200,300.0,977,3164,0.005109779536724091,9091,0.0001
-0.7102867400000001,0.01,971,950400,300.0,978,3168,0.005011296831071377,9103,0.0001
-0.8887043000000001,0.01,971,951600,300.0,979,3172,0.004396121483296156,9115,0.0001
-1.34072395,0.01,972,952800,300.0,979,3176,0.005486670881509781,9127,0.0001
-1.16695758,0.01,972,954000,300.0,980,3180,0.0052419803105294704,9139,0.0001
-1.6314693000000002,0.01,973,955200,300.0,981,3184,0.0034451603423804045,9151,0.0001
-1.8067599399999998,0.01,973,956400,300.0,982,3188,0.006115205120295286,9163,0.0001
-1.7777675599999998,0.01,973,957600,300.0,983,3192,0.005144147202372551,9175,0.0001
-2.2854788399999997,0.01,974,958800,300.0,983,3196,0.0069129266776144505,9187,0.0001
-2.5260413099999997,0.01,975,960000,300.0,984,3200,0.005461526103317738,9199,0.0001
-2.62967536,0.01,975,961200,300.0,985,3204,0.005764460656791925,9211,0.0001
-2.9927293099999996,0.01,975,962400,300.0,986,3208,0.005135823972523212,9223,0.0001
-2.7312906,0.01,976,963600,300.0,986,3212,0.004083561711013317,9235,0.0001
-2.71868597,0.01,976,964800,300.0,987,3216,0.003424755297601223,9247,0.0001
-2.3602162200000003,0.01,977,966000,300.0,988,3220,0.009234802797436714,9259,0.0001
-2.1850774,0.01,978,967200,300.0,988,3224,0.003483748994767666,9271,0.0001
-1.90644295,0.01,978,968400,300.0,989,3228,0.005429002456367016,9283,0.0001
-2.44101091,0.01,978,969600,300.0,990,3232,0.004607364535331726,9295,0.0001
-1.8717220499999998,0.01,979,970800,300.0,991,3236,0.00456786435097456,9307,0.0001
-1.46555208,0.01,979,972000,300.0,991,3240,0.005146419163793325,9319,0.0001
-1.2326562700000003,0.01,980,973200,300.0,992,3244,0.0044881063513457775,9331,0.0001
-1.4155364499999996,0.01,980,974400,300.0,993,3248,0.0049486467614769936,9343,0.0001
-0.8584318799999999,0.01,981,975600,300.0,994,3252,0.0062562539242208,9355,0.0001
-1.09554853,0.01,981,976800,300.0,994,3256,0.00831827986985445,9367,0.0001
-0.8824720200000001,0.01,982,978000,300.0,995,3260,0.007532455958425999,9379,0.0001
-0.7368706999999999,0.01,982,979200,300.0,996,3264,0.006184501573443413,9391,0.0001
-0.41361534000000005,0.01,983,980400,300.0,997,3268,0.004498777911067009,9403,0.0001
-0.40911336000000015,0.01,983,981600,300.0,997,3272,0.005522436462342739,9415,0.0001
-0.3904687500000001,0.01,984,982800,300.0,998,3276,0.004749739076942205,9427,0.0001
-0.30682589000000005,0.01,984,984000,300.0,999,3280,0.005165682639926672,9439,0.0001
-0.69956085,0.01,985,985200,300.0,999,3284,0.0057183923199772835,9451,0.0001
-0.6254025099999998,0.01,985,986400,300.0,1000,3288,0.004440139513462782,9463,0.0001
-0.5683187099999997,0.01,986,987600,300.0,1001,3292,0.005461320746690035,9475,0.0001
-0.3596887099999997,0.01,986,988800,300.0,1002,3296,0.004998757503926754,9487,0.0001
-0.4985970299999999,0.01,987,990000,300.0,1002,3300,0.005575054325163364,9499,0.0001
-0.34663402999999987,0.01,987,991200,300.0,1003,3304,0.004773565102368593,9511,0.0001
0.16056781000000014,0.01,988,992400,300.0,1004,3308,0.004475244786590338,9523,0.0001
-0.07510576000000006,0.01,988,993600,300.0,1005,3312,0.004785232711583376,9535,0.0001
-0.21126586,0.01,988,994800,300.0,1005,3316,0.0039052688516676426,9547,0.0001
-0.7028629699999999,0.01,989,996000,300.0,1006,3320,0.004772332031279802,9559,0.0001
-0.9239203800000001,0.01,989,997200,300.0,1007,3324,0.00392498541623354,9571,0.0001
-1.0303437499999997,0.01,990,998400,300.0,1008,3328,0.005552526097744703,9583,0.0001
-0.8322620500000001,0.01,990,999600,300.0,1008,3332,0.008122862316668034,9595,0.0001
-0.8595772,0.01,940,1000800,300.0,1064,3336,0.005172477103769779,9607,0.0001
-0.9111556699999999,0.01,940,1002000,300.0,1065,3340,0.006504564546048641,9619,0.0001
-1.0781941899999998,0.01,941,1003200,300.0,1065,3344,0.006177097093313932,9631,0.0001
-1.1586142999999998,0.01,941,1004400,300.0,1066,3348,0.005758197978138924,9643,0.0001
-1.3805161399999997,0.01,942,1005600,300.0,1067,3352,0.005643091164529324,9655,0.0001
-1.1109756599999998,0.01,942,1006800,300.0,1067,3356,0.004783208016306162,9667,0.0001
-1.6256349799999998,0.01,943,1008000,300.0,1068,3360,0.011475344188511372,9679,0.0001
-1.92887019,0.01,943,1009200,300.0,1069,3364,0.005903708282858133,9691,0.0001
-2.3300907399999997,0.01,944,1010400,300.0,1070,3368,0.005827724002301693,9703,0.0001
-1.8139247699999999,0.01,944,1011600,300.0,1070,3372,0.004166693892329931,9715,0.0001
-1.3716781100000006,0.01,944,1012800,300.0,1071,3376,0.0044694929383695126,9727,0.0001
-1.1236650899999998,0.01,945,1014000,300.0,1072,3380,0.005073192063719034,9739,0.0001
-0.20841476999999992,0.01,945,1015200,300.0,1073,3384,0.00433523440733552,9751,0.0001
-0.3681898199999999,0.01,946,1016400,300.0,1074,3388,0.005038718692958355,9763,0.0001
-0.32250845000000006,0.01,946,1017600,300.0,1075,3392,0.004858558531850576,9775,0.0001
-0.42497113000000014,0.01,947,1018800,300.0,1075,3396,0.006579915527254343,9787,0.0001
-0.15019078,0.01,947,1020000,300.0,1076,3400,0.00400928221642971,9799,0.0001
-0.46756906,0.01,948,1021200,300.0,1077,3404,0.004407024942338467,9811,0.0001
-0.80978649,0.01,948,1022400,300.0,1077,3408,0.004544107709079981,9823,0.0001
-0.7012488600000001,0.01,949,1023600,300.0,1078,3412,0.00502754608169198,9835,0.0001
-0.54636559,0.01,949,1024800,300.0,1079,3416,0.005221663974225521,9847,0.0001
-0.7587893299999999,0.01,949,1026000,300.0,1080,3420,0.004455920774489641,9859,0.0001
-0.6746872499999997,0.01,950,1027200,300.0,1080,3424,0.004274641163647175,9871,0.0001
-0.71630853,0.01,950,1028400,300.0,1081,3428,0.0041372403502464294,9883,0.0001
-0.65650175,0.01,951,1029600,300.0,1082,3432,0.004543181508779526,9895,0.0001
-0.67172077,0.01,951,1030800,300.0,1082,3436,0.005131557583808899,9907,0.0001
-0.7710066100000001,0.01,952,1032000,300.0,1083,3440,0.0038156090304255486,9919,0.0001
-1.08731043,0.01,952,1033200,300.0,1084,3444,0.00506485253572464,9931,0.0001
-1.2023296300000004,0.01,953,1034400,300.0,1085,3448,0.0037130299024283886,9943,0.0001
-1.5906590300000003,0.01,953,1035600,300.0,1086,3452,0.006141999736428261,9955,0.0001
-1.6864782400000005,0.01,954,1036800,300.0,1086,3456,0.004416944459080696,9967,0.0001
-1.3070755600000001,0.01,954,1038000,300.0,1087,3460,0.005796692334115505,9979,0.0001
-1.2758554299999998,0.01,954,1039200,300.0,1088,3464,0.006613912060856819,9991,0.0001
-1.35673565,0.01,955,1040400,300.0,1088,3468,0.005868653766810894,10003,0.0001
-1.6734513899999999,0.01,955,1041600,300.0,1089,3472,0.004000297747552395,10015,0.0001
-1.5127063899999995,0.01,956,1042800,300.0,1090,3476,0.004827532917261124,10027,0.0001
-1.7432033099999995,0.01,956,1044000,300.0,1091,3480,0.005457693245261908,10039,0.0001
-2.17745972,0.01,956,1045200,300.0,1092,3484,0.005923515185713768,10051,0.0001
-1.8757587,0.01,957,1046400,300.0,1092,3488,0.006324934307485819,10063,0.0001
-1.6795228599999996,0.01,957,1047600,300.0,1093,3492,0.008642583154141903,10075,0.0001
-1.54200002,0.01,958,1048800,300.0,1094,3496,0.003998951055109501,10087,0.0001
-1.5782859799999995,0.01,958,1050000,300.0,1095,3500,0.006326210685074329,10099,0.0001
-1.2429335699999997,0.01,959,1051200,300.0,1095,3504,0.004272027872502804,10111,0.0001
-1.6365008799999998,0.01,959,1052400,300.0,1096,3508,0.0061982241459190845,10123,0.0001
-1.6268766199999996,0.01,960,1053600,300.0,1097,3512,0.004404908046126366,10135,0.0001
-1.3758259899999998,0.01,960,1054800,300.0,1097,3516,0.005171208642423153,10147,0.0001
-1.04958638,0.01,961,1056000,300.0,1098,3520,0.004659753292798996,10159,0.0001
-1.1161545100000003,0.01,961,1057200,300.0,1099,3524,0.00414259172976017,10171,0.0001
-1.21755481,0.01,961,1058400,300.0,1100,3528,0.003839310724288225,10183,0.0001
-0.71246308,0.01,962,1059600,300.0,1101,3532,0.005649872124195099,10195,0.0001
-0.78280169,0.01,962,1060800,300.0,1101,3536,0.009587795473635197,10207,0.0001
-0.71989454,0.01,962,1062000,300.0,1102,3540,0.005759283900260925,10219,0.0001
-0.3912315100000001,0.01,963,1063200,300.0,1103,3544,0.0061712381429970264,10231,0.0001
-0.2984286000000001,0.01,963,1064400,300.0,1104,3548,0.00425684591755271,10243,0.0001
0.033188109999999896,0.01,964,1065600,300.0,1105,3552,0.004257826134562492,10255,0.0001
-0.007000370000000049,0.01,964,1066800,300.0,1105,3556,0.004397202283143997,10267,0.0001
0.13916123999999996,0.01,964,1068000,300.0,1106,3560,0.005376229528337717,10279,0.0001
0.13052191,0.01,965,1069200,300.0,1107,3564,0.004323103465139866,10291,0.0001
0.6355926900000001,0.01,965,1070400,300.0,1108,3568,0.005939576309174299,10303,0.0001
0.8387607699999999,0.01,966,1071600,300.0,1108,3572,0.0057664187625050545,10315,0.0001
0.34839687,0.01,966,1072800,300.0,1109,3576,0.003716553095728159,10327,0.0001
0.37223501,0.01,967,1074000,300.0,1110,3580,0.006975749507546425,10339,0.0001
0.42326922999999994,0.01,967,1075200,300.0,1111,3584,0.004793546162545681,10351,0.0001
0.56240285,0.01,968,1076400,300.0,1111,3588,0.003394219558686018,10363,0.0001
0.41862715999999983,0.01,968,1077600,300.0,1112,3592,0.005272554233670235,10375,0.0001
0.3829455499999998,0.01,968,1078800,300.0,1113,3596,0.004349461756646633,10387,0.0001
0.4239226199999998,0.01,969,1080000,300.0,1114,3600,0.004875117912888527,10399,0.0001
0.17443471999999993,0.01,969,1081200,300.0,1114,3604,0.007312823552638292,10411,0.0001
0.74783413,0.01,970,1082400,300.0,1115,3608,0.004350434057414532,10423,0.0001
0.9937654699999999,0.01,970,1083600,300.0,1116,3612,0.0038964899722486734,10435,0.0001
0.8515596500000001,0.01,971,1084800,300.0,1116,3616,0.006817133631557226,10447,0.0001
0.85397438,0.01,971,1086000,300.0,1117,3620,0.008740253746509552,10459,0.0001
1.1440158900000004,0.01,972,1087200,300.0,1118,3624,0.005490431096404791,10471,0.0001
1.0863493,0.01,972,1088400,300.0,1118,3628,0.005904475226998329,10483,0.0001
0.9402110199999999,0.01,973,1089600,300.0,1119,3632,0.0050180889666080475,10495,0.0001
0.90640844,0.01,973,1090800,300.0,1120,3636,0.004819326102733612,10507,0.0001
1.0280560800000003,0.01,973,1092000,300.0,1121,3640,0.0050350697711110115,10519,0.0001
0.7854705900000002,0.01,974,1093200,300.0,1122,3644,0.004976100288331509,10531,0.0001
0.9533448,0.01,974,1094400,300.0,1123,3648,0.003870848100632429,10543,0.0001
1.2496077200000002,0.01,974,1095600,300.0,1123,3652,0.004208551719784737,10555,0.0001
1.4239318499999998,0.01,975,1096800,300.0,1124,3656,0.00471555395051837,10567,0.0001
1.0264714199999998,0.01,975,1098000,300.0,1125,3660,0.004359455779194832,10579,0.0001
0.92199498,0.01,976,1099200,300.0,1126,3664,0.004882528446614742,10591,0.0001
0.52154886,0.01,930,1100400,300.0,1182,3668,0.003782851155847311,10603,0.0001
0.3011830100000001,0.01,930,1101600,300.0,1183,3672,0.005268814507871866,10615,0.0001
0.4937980200000001,0.01,931,1102800,300.0,1184,3676,0.004057917278259993,10627,0.0001
0.4164095200000002,0.01,931,1104000,300.0,1184,3680,0.006985038984566927,10639,0.0001
0.42950071000000034,0.01,932,1105200,300.0,1185,3684,0.00486262422055006,10651,0.0001
-0.5034309699999997,0.01,932,1106400,300.0,1186,3688,0.005116296000778675,10663,0.0001
-0.4536514799999998,0.01,932,1107600,300.0,1187,3692,0.005084452219307423,10675,0.0001
-0.5443939599999998,0.01,933,1108800,300.0,1187,3696,0.006682998966425657,10687,0.0001
-0.6814409100000001,0.01,933,1110000,300.0,1188,3700,0.005522643215954304,10699,0.0001
-0.2350749199999999,0.01,934,1111200,300.0,1189,3704,0.0038312363903969526,10711,0.0001
-0.10206232999999998,0.01,934,1112400,300.0,1190,3708,0.005842619575560093,10723,0.0001
-0.4288927099999998,0.01,934,1113600,300.0,1191,3712,0.006781400181353092,10735,0.0001
-0.1596240099999999,0.01,934,1114800,300.0,1192,3716,0.0054413145408034325,10747,0.0001
-0.09794214999999985,0.01,934,1116000,300.0,1193,3720,0.007016289047896862,10759,0.0001
-0.5659559199999998,0.01,934,1117200,300.0,1195,3724,0.004917703568935394,10771,0.0001
-0.8247865899999998,0.01,935,1118400,300.0,1196,3728,0.004463512450456619,10783,0.0001
-1.0222817999999998,0.01,935,1119600,300.0,1196,3732,0.004707178100943565,10795,0.0001
-1.0460831300000002,0.01,935,1120800,300.0,1197,3736,0.004283517133444548,10807,0.0001
-1.03579582,0.01,936,1122000,300.0,1198,3740,0.006846245843917131,10819,0.0001
-0.7421608999999998,0.01,936,1123200,300.0,1199,3744,0.00418818648904562,10831,0.0001
-1.0648601899999999,0.01,937,1124400,300.0,1199,3748,0.0050653740763664246,10843,0.0001
-1.16880241,0.01,937,1125600,300.0,1200,3752,0.005273012910038233,10855,0.0001
-1.2386550200000002,0.01,937,1126800,300.0,1201,3756,0.006839347537606955,10867,0.0001
-1.13803112,0.01,938,1128000,300.0,1202,3760,0.0049911499954760075,10879,0.0001
-1.17631415,0.01,938,1129200,300.0,1202,3764,0.006680052727460861,10891,0.0001
-0.8193257399999999,0.01,939,1130400,300.0,1203,3768,0.0043280660174787045,10903,0.0001
-1.0747209400000002,0.01,939,1131600,300.0,1204,3772,0.0058107636868953705,10915,0.0001
-0.4543218600000001,0.01,939,1132800,300.0,1205,3776,0.004855391103774309,10927,0.0001
-0.44717021999999995,0.01,940,1134000,300.0,1205,3780,0.005198751576244831,10939,0.0001
-0.8287059899999999,0.01,940,1135200,300.0,1206,3784,0.00353993009775877,10951,0.0001
0.03008728000000005,0.01,941,1136400,300.0,1207,3788,0.004215601831674576,10963,0.0001
0.31378577999999985,0.01,941,1137600,300.0,1207,3792,0.004123845137655735,10975,0.0001
0.47308458000000003,0.01,942,1138800,300.0,1208,3796,0.005924724508076906,10987,0.0001
1.01536167,0.01,942,1140000,300.0,1209,3800,0.007124044466763735,10999,0.0001
0.9190807000000001,0.01,943,1141200,300.0,1210,3804,0.005381189286708832,11011,0.0001
0.6445910499999999,0.01,943,1142400,300.0,1210,3808,0.006429310422390699,11023,0.0001
0.4052296400000002,0.01,943,1143600,300.0,1211,3812,0.005232635885477066,11035,0.0001
0.19124393000000012,0.01,944,1144800,300.0,1212,3816,0.006043577566742897,11047,0.0001
0.57005184,0.01,944,1146000,300.0,1213,3820,0.00546618178486824,11059,0.0001
0.6700155000000001,0.01,944,1147200,300.0,1214,3824,0.0065964339300990105,11071,0.0001
0.9444937100000002,0.01,945,1148400,300.0,1214,3828,0.006520112045109272,11083,0.0001
0.79464427,0.01,945,1149600,300.0,1215,3832,0.019032303243875504,11095,0.0001
1.0015535299999998,0.01,946,1150800,300.0,1216,3836,0.005964955780655146,11107,0.0001
0.9326043599999998,0.01,946,1152000,300.0,1217,3840,0.010248066857457161,11119,0.0001
0.52175834,0.01,946,1153200,300.0,1217,3844,0.0054787625558674335,11131,0.0001
0.8296372000000001,0.01,947,1154400,300.0,1218,3848,0.005702831782400608,11143,0.0001
0.9415249899999999,0.01,947,1155600,300.0,1219,3852,0.004092636052519083,11155,0.0001
1.01560137,0.01,948,1156800,300.0,1220,3856,0.004441982600837946,11167,0.0001
0.77770591,0.01,948,1158000,300.0,1220,3860,0.009161638095974922,11179,0.0001
0.4063393499999999,0.01,948,1159200,300.0,1221,3864,0.0050218794494867325,11191,0.0001
0.31376058999999995,0.01,949,1160400,300.0,1222,3868,0.005239350721240044,11203,0.0001
0.39302294,0.01,949,1161600,300.0,1223,3872,0.004171815235167742,11215,0.0001
0.2543715899999999,0.01,949,1162800,300.0,1224,3876,0.004835598170757294,11227,0.0001
0.6707897300000002,0.01,950,1164000,300.0,1224,3880,0.004075134173035622,11239,0.0001
0.7804945000000002,0.01,950,1165200,300.0,1225,3884,0.004818235523998737,11251,0.0001
0.2778196300000001,0.01,951,1166400,300.0,1226,3888,0.011289093643426895,11263,0.0001
-0.15318485000000007,0.01,951,1167600,300.0,1227,3892,0.004923646338284016,11275,0.0001
-0.3638913100000002,0.01,951,1168800,300.0,1227,3896,0.006758862175047398,11287,0.0001
-0.7448144900000001,0.01,952,1170000,300.0,1228,3900,0.006889434531331062,11299,0.0001
-0.9350815400000002,0.01,952,1171200,300.0,1229,3904,0.005972429644316435,11311,0.0001
-0.9727427100000002,0.01,953,1172400,300.0,1230,3908,0.005092373583465815,11323,0.0001
-0.7955060300000001,0.01,953,1173600,300.0,1230,3912,0.004191185813397169,11335,0.0001
-0.8832819199999997,0.01,953,1174800,300.0,1231,3916,0.004972278140485287,11347,0.0001
-0.7718287500000001,0.01,954,1176000,300.0,1232,3920,0.004773449618369341,11359,0.0001
-0.3542229400000002,0.01,954,1177200,300.0,1233,3924,0.0062633417546749115,11371,0.0001
-0.34053670999999985,0.01,955,1178400,300.0,1233,3928,0.005179137457162142,11383,0.0001
-0.3571951599999999,0.01,955,1179600,300.0,1234,3932,0.0038209992926567793,11395,0.0001
-0.6974400299999999,0.01,955,1180800,300.0,1235,3936,0.004752281121909618,11407,0.0001
-0.25872467999999976,0.01,956,1182000,300.0,1235,3940,0.004956407006829977,11419,0.0001
0.3573033700000002,0.01,956,1183200,300.0,1236,3944,0.007195672020316124,11431,0.0001
-0.016249570000000057,0.01,957,1184400,300.0,1237,3948,0.00470992736518383,11443,0.0001
0.13270908999999972,0.01,957,1185600,300.0,1237,3952,0.0055267782881855965,11455,0.0001
-0.007017460000000035,0.01,958,1186800,300.0,1238,3956,0.005062734242528677,11467,0.0001
-0.05892189999999996,0.01,958,1188000,300.0,1239,3960,0.00515766441822052,11479,0.0001
0.4255914399999998,0.01,958,1189200,300.0,1240,3964,0.0064330752938985825,11491,0.0001
0.3238567499999999,0.01,959,1190400,300.0,1240,3968,0.004405749496072531,11503,0.0001
0.28563371000000026,0.01,959,1191600,300.0,1241,3972,0.003996176645159721,11515,0.0001
-0.07565085999999979,0.01,959,1192800,300.0,1242,3976,0.00864910427480936,11527,0.0001
-0.47255181,0.01,960,1194000,300.0,1243,3980,0.003734762780368328,11539,0.0001
-0.2231251599999999,0.01,960,1195200,300.0,1243,3984,0.008876653388142586,11551,0.0001
-0.06648331999999975,0.01,961,1196400,300.0,1244,3988,0.006632145494222641,11563,0.0001
0.2591620400000002,0.01,961,1197600,300.0,1245,3992,0.0065925647504627705,11575,0.0001
0.31237320000000035,0.01,961,1198800,300.0,1246,3996,0.006533787585794926,11587,0.0001
0.10371649000000033,0.01,920,1200000,300.0,1303,4000,0.006762322504073381,11599,0.0001
0.13461884999999998,0.01,921,1201200,300.0,1303,4004,0.004294291604310274,11611,0.0001
0.06012161999999993,0.01,921,1202400,300.0,1304,4008,0.010367248207330704,11623,0.0001
0.007558289999999932,0.01,921,1203600,300.0,1305,4012,0.0034908694215118885,11635,0.0001
0.2799621800000001,0.01,922,1204800,300.0,1306,4016,0.0059104361571371555,11647,0.0001
-0.06011651999999982,0.01,922,1206000,300.0,1306,4020,0.005467989481985569,11659,0.0001
-0.1148653599999999,0.01,923,1207200,300.0,1307,4024,0.004681921564042568,11671,0.0001
0.04109665000000009,0.01,923,1208400,300.0,1308,4028,0.005330166779458523,11683,0.0001
0.36836989000000014,0.01,923,1209600,300.0,1309,4032,0.004702957812696695,11695,0.0001
0.3831258400000001,0.01,924,1210800,300.0,1309,4036,0.009185118600726128,11707,0.0001
0.16601518999999992,0.01,924,1212000,300.0,1311,4040,0.0056555853225290775,11719,0.0001
-0.2919144099999999,0.01,924,1213200,300.0,1311,4044,0.004484734497964382,11731,0.0001
0.18908362000000029,0.01,925,1214400,300.0,1312,4048,0.003644702024757862,11743,0.0001
-0.5044141599999997,0.01,925,1215600,300.0,1313,4052,0.005302546080201864,11755,0.0001
-0.44088348999999993,0.01,925,1216800,300.0,1314,4056,0.005287656094878912,11767,0.0001
0.20885602000000006,0.01,926,1218000,300.0,1315,4060,0.003585473168641329,11779,0.0001
0.54437219,0.01,926,1219200,300.0,1315,4064,0.005519556812942028,11791,0.0001
0.30408349,0.01,926,1220400,300.0,1316,4068,0.004960911348462105,11803,0.0001
0.1812949200000001,0.01,927,1221600,300.0,1317,4072,0.005779057741165161,11815,0.0001
0.07614554000000003,0.01,927,1222800,300.0,1318,4076,0.005010221153497696,11827,0.0001
0.14357277999999998,0.01,928,1224000,300.0,1318,4080,0.0039283218793570995,11839,0.0001
0.036282999999999885,0.01,928,1225200,300.0,1319,4084,0.007526654750108719,11851,0.0001
0.28490234999999997,0.01,928,1226400,300.0,1320,4088,0.004391921684145927,11863,0.0001
0.21597519000000007,0.01,929,1227600,300.0,1321,4092,0.004161989316344261,11875,0.0001
0.60000292,0.01,929,1228800,300.0,1321,4096,0.003794851480051875,11887,0.0001
0.94144343,0.01,929,1230000,300.0,1322,4100,0.007550438866019249,11899,0.0001
1.6296040499999997,0.01,930,1231200,300.0,1323,4104,0.009655031375586987,11911,0.0001
1.69813393,0.01,930,1232400,300.0,1324,4108,0.004225831013172865,11923,0.0001
1.5382623499999997,0.01,931,1233600,300.0,1324,4112,0.005460646003484726,11935,0.0001
1.45181762,0.01,931,1234800,300.0,1325,4116,0.004967978224158287,11947,0.0001
1.21459462,0.01,932,1236000,300.0,1326,4120,0.004135723225772381,11959,0.0001
0.9560138199999997,0.01,932,1237200,300.0,1326,4124,0.005766216199845076,11971,0.0001
0.90975237,0.01,932,1238400,300.0,1327,4128,0.007387129124253988,11983,0.0001
0.43787582000000014,0.01,933,1239600,300.0,1328,4132,0.005191495176404715,11995,0.0001
0.58206483,0.01,933,1240800,300.0,1328,4136,0.005709990859031677,12007,0.0001
0.3635337600000001,0.01,934,1242000,300.0,1329,4140,0.006423770450055599,12019,0.0001
0.34910152000000017,0.01,934,1243200,300.0,1330,4144,0.005455023609101772,12031,0.0001
0.49429921,0.01,934,1244400,300.0,1331,4148,0.00491795688867569,12043,0.0001
0.7907071500000002,0.01,934,1245600,300.0,1332,4152,0.006277128122746944,12055,0.0001
0.63887302,0.01,935,1246800,300.0,1333,4156,0.010268105193972588,12067,0.0001
0.60513849,0.01,935,1248000,300.0,1333,4160,0.005529266316443682,12079,0.0001
0.3379477000000001,0.01,935,1249200,300.0,1334,4164,0.004022262990474701,12091,0.0001
0.3680579500000002,0.01,936,1250400,300.0,1335,4168,0.004443878307938576,12103,0.0001
0.63474244,0.01,936,1251600,300.0,1336,4172,0.005535051692277193,12115,0.0001
0.6761524900000002,0.01,937,1252800,300.0,1336,4176,0.0038554139900952578,12127,0.0001
1.19536772,0.01,937,1254000,300.0,1337,4180,0.005614055320620537,12139,0.0001
1.0350048499999998,0.01,937,1255200,300.0,1338,4184,0.009081291034817696,12151,0.0001
1.06813057,0.01,938,1256400,300.0,1339,4188,0.0038504600524902344,12163,0.0001
0.83931827,0.01,938,1257600,300.0,1339,4192,0.005228705704212189,12175,0.0001
0.42071276999999996,0.01,939,1258800,300.0,1340,4196,0.006730586290359497,12187,0.0001
0.10105125000000026,0.01,939,1260000,300.0,1341,4200,0.005232104100286961,12199,0.0001
-0.40492883999999985,0.01,939,1261200,300.0,1342,4204,0.004703581798821688,12211,0.0001
-0.11809161000000015,0.01,939,1262400,300.0,1343,4208,0.005091107450425625,12223,0.0001
-0.15835282000000006,0.01,940,1263600,300.0,1343,4212,0.008586539886891842,12235,0.0001
-0.46811636000000006,0.01,940,1264800,300.0,1344,4216,0.00760855944827199,12247,0.0001
-0.48584456000000015,0.01,941,1266000,300.0,1345,4220,0.004722632467746735,12259,0.0001
-0.39978298999999984,0.01,941,1267200,300.0,1346,4224,0.008785697631537914,12271,0.0001
-0.9030896299999999,0.01,941,1268400,300.0,1347,4228,0.0070597329176962376,12283,0.0001
-0.039127879999999865,0.01,942,1269600,300.0,1347,4232,0.0057525550946593285,12295,0.0001
-0.06901401999999995,0.01,942,1270800,300.0,1348,4236,0.005029782652854919,12307,0.0001
0.03760207999999988,0.01,942,1272000,300.0,1349,4240,0.005605289712548256,12319,0.0001
0.07151621999999995,0.01,943,1273200,300.0,1349,4244,0.007576195988804102,12331,0.0001
-0.2494087100000001,0.01,943,1274400,300.0,1350,4248,0.0064458465203642845,12343,0.0001
-0.0510959900000001,0.01,943,1275600,300.0,1351,4252,0.006982059683650732,12355,0.0001
-0.030031919999999986,0.01,944,1276800,300.0,1352,4256,0.0037455004639923573,12367,0.0001
-0.1184924699999999,0.01,944,1278000,300.0,1352,4260,0.006074391305446625,12379,0.0001
0.28068843,0.01,945,1279200,300.0,1353,4264,0.007134005427360535,12391,0.0001
0.6071864499999999,0.01,945,1280400,300.0,1354,4268,0.005317430943250656,12403,0.0001
0.4804355699999998,0.01,945,1281600,300.0,1354,4272,0.0038160113617777824,12415,0.0001
0.5856170799999998,0.01,946,1282800,300.0,1355,4276,0.006703936494886875,12427,0.0001
0.24622696999999988,0.01,946,1284000,300.0,1356,4280,0.005360249895602465,12439,0.0001
0.4885161299999999,0.01,947,1285200,300.0,1357,4284,0.005075949244201183,12451,0.0001
0.14122881000000015,0.01,947,1286400,300.0,1357,4288,0.013960715383291245,12463,0.0001
0.3097596800000001,0.01,947,1287600,300.0,1358,4292,0.005542733706533909,12475,0.0001
0.5126792399999998,0.01,948,1288800,300.0,1359,4296,0.004147659055888653,12487,0.0001
0.5656713099999999,0.01,948,1290000,300.0,1359,4300,0.008754406124353409,12499,0.0001
0.7165726699999999,0.01,948,1291200,300.0,1360,4304,0.005187102593481541,12511,0.0001
0.53000916,0.01,949,1292400,300.0,1361,4308,0.005586892366409302,12523,0.0001
0.8672263100000001,0.01,949,1293600,300.0,1362,4312,0.003873957321047783,12535,0.0001
0.8721099199999999,0.01,949,1294800,300.0,1363,4316,0.0055782375857234,12547,0.0001
1.1136767999999997,0.01,950,1296000,300.0,1363,4320,0.005163917783647776,12559,0.0001
1.37608155,0.01,950,1297200,300.0,1364,4324,0.006156481336802244,12571,0.0001
2.06772013,0.01,950,1298400,300.0,1365,4328,0.003408879041671753,12583,0.0001
1.5836153699999997,0.01,951,1299600,300.0,1366,4332,0.00750966090708971,12595,0.0001
1.6863809099999998,0.01,913,1300800,300.0,1423,4336,0.004046622663736343,12607,0.0001
1.6089473299999997,0.01,914,1302000,300.0,1424,4340,0.007390547543764114,12619,0.0001
1.6775681400000004,0.01,914,1303200,300.0,1425,4344,0.007702421396970749,12631,0.0001
1.4984093000000005,0.01,914,1304400,300.0,1425,4348,0.004505414515733719,12643,0.0001
1.11100749,0.01,915,1305600,300.0,1426,4352,0.0037849589716643095,12655,0.0001
1.2437738800000002,0.01,915,1306800,300.0,1427,4356,0.008062428794801235,12667,0.0001
1.18334176,0.01,915,1308000,300.0,1428,4360,0.006024920381605625,12679,0.0001
0.7838201599999999,0.01,916,1309200,300.0,1428,4364,0.004104927182197571,12691,0.0001
0.68571182,0.01,916,1310400,300.0,1429,4368,0.0036374065093696117,12703,0.0001
0.71959942,0.01,916,1311600,300.0,1430,4372,0.0048475502990186214,12715,0.0001
1.17943069,0.01,917,1312800,300.0,1431,4376,0.005009420216083527,12727,0.0001
1.1513760000000002,0.01,917,1314000,300.0,1432,4380,0.007111595012247562,12739,0.0001
1.0980553300000002,0.01,917,1315200,300.0,1433,4384,0.006482378579676151,12751,0.0001
1.3159561699999998,0.01,918,1316400,300.0,1433,4388,0.007554579526185989,12763,0.0001
1.0544888899999996,0.01,918,1317600,300.0,1434,4392,0.005165599752217531,12775,0.0001
1.2928999399999999,0.01,918,1318800,300.0,1435,4396,0.00423816591501236,12787,0.0001
0.99945671,0.01,919,1320000,300.0,1436,4400,0.006657151971012354,12799,0.0001
0.8941988099999998,0.01,919,1321200,300.0,1437,4404,0.007885759696364403,12811,0.0001
0.7604032600000002,0.01,919,1322400,300.0,1437,4408,0.005128917284309864,12823,0.0001
0.8653618100000001,0.01,920,1323600,300.0,1438,4412,0.005001559387892485,12835,0.0001
1.2747553900000002,0.01,920,1324800,300.0,1439,4416,0.005850645247846842,12847,0.0001
0.84301287,0.01,920,1326000,300.0,1440,4420,0.006093968637287617,12859,0.0001
0.40649517000000024,0.01,921,1327200,300.0,1440,4424,0.0054497988894581795,12871,0.0001
0.5786538600000001,0.01,921,1328400,300.0,1441,4428,0.004420551937073469,12883,0.0001
0.5756394099999999,0.01,921,1329600,300.0,1442,4432,0.004515463951975107,12895,0.0001
0.43895539999999983,0.01,922,1330800,300.0,1443,4436,0.007860506884753704,12907,0.0001
0.35075632999999995,0.01,922,1332000,300.0,1443,4440,0.004501104820519686,12919,0.0001
0.6151073199999998,0.01,922,1333200,300.0,1444,4444,0.00894805509597063,12931,0.0001
0.9995930899999999,0.01,923,1334400,300.0,1445,4448,0.005640244111418724,12943,0.0001
1.18056355,0.01,923,1335600,300.0,1446,4452,0.00560756167396903,12955,0.0001
0.9550264500000002,0.01,923,1336800,300.0,1446,4456,0.007328253239393234,12967,0.0001
0.8679767200000001,0.01,924,1338000,300.0,1447,4460,0.005516077857464552,12979,0.0001
0.46547457000000036,0.01,924,1339200,300.0,1448,4464,0.004459318704903126,12991,0.0001
0.6995085500000002,0.01,925,1340400,300.0,1449,4468,0.0056441365741193295,13003,0.0001
0.8632792099999997,0.01,925,1341600,300.0,1449,4472,0.0058286795392632484,13015,0.0001
0.65255717,0.01,925,1342800,300.0,1450,4476,0.03444167226552963,13027,0.0001
0.36841838999999993,0.01,925,1344000,300.0,1451,4480,0.007931155152618885,13039,0.0001
0.7042516199999999,0.01,926,1345200,300.0,1452,4484,0.008945255540311337,13051,0.0001
0.8829657000000003,0.01,926,1346400,300.0,1453,4488,0.012178986333310604,13063,0.0001
1.1333273200000002,0.01,926,1347600,300.0,1453,4492,0.00421697273850441,13075,0.0001
0.5841071899999999,0.01,927,1348800,300.0,1454,4496,0.00548920314759016,13087,0.0001
0.7777338700000002,0.01,927,1350000,300.0,1455,4500,0.006709901615977287,13099,0.0001
0.8537903700000004,0.01,927,1351200,300.0,1456,4504,0.005313072353601456,13111,0.0001
1.0527386400000003,0.01,928,1352400,300.0,1456,4508,0.004820714704692364,13123,0.0001
0.9106115200000002,0.01,928,1353600,300.0,1457,4512,0.005996402353048325,13135,0.0001
0.6355096000000001,0.01,929,1354800,300.0,1458,4516,0.0041734278202056885,13147,0.0001
1.0963480900000002,0.01,929,1356000,300.0,1458,4520,0.005816076882183552,13159,0.0001
1.24023003,0.01,929,1357200,300.0,1459,4524,0.007966965436935425,13171,0.0001
0.7791147299999999,0.01,930,1358400,300.0,1460,4528,0.005287715699523687,13183,0.0001
0.53846632,0.01,930,1359600,300.0,1461,4532,0.006663640961050987,13195,0.0001
0.4697601600000003,0.01,930,1360800,300.0,1462,4536,0.005699357017874718,13207,0.0001
0.7653197600000001,0.01,930,1362000,300.0,1463,4540,0.005173591431230307,13219,0.0001
0.5760774700000002,0.01,930,1363200,300.0,1464,4544,0.004536091815680265,13231,0.0001
0.2638554200000003,0.01,931,1364400,300.0,1465,4548,0.006049920804798603,13243,0.0001
0.29430057000000004,0.01,931,1365600,300.0,1465,4552,0.004868786782026291,13255,0.0001
0.7259850800000001,0.01,931,1366800,300.0,1466,4556,0.008981464430689812,13267,0.0001
0.8148339100000003,0.01,932,1368000,300.0,1467,4560,0.0058167786337435246,13279,0.0001
1.22676227,0.01,932,1369200,300.0,1468,4564,0.006243427749723196,13291,0.0001
0.6341691599999998,0.01,932,1370400,300.0,1468,4568,0.004389463923871517,13303,0.0001
0.4352136399999998,0.01,933,1371600,300.0,1469,4572,0.006544746458530426,13315,0.0001
0.52642178,0.01,933,1372800,300.0,1470,4576,0.007689930498600006,13327,0.0001
0.2878452999999998,0.01,933,1374000,300.0,1471,4580,0.005004825536161661,13339,0.0001
-0.09043380000000006,0.01,934,1375200,300.0,1471,4584,0.007055849302560091,13351,0.0001
-0.7522435500000002,0.01,934,1376400,300.0,1472,4588,0.00500663323327899,13363,0.0001
-0.7616782799999998,0.01,934,1377600,300.0,1473,4592,0.00572968041524291,13375,0.0001
-0.5422133899999999,0.01,935,1378800,300.0,1474,4596,0.006109536159783602,13387,0.0001
0.12842964999999995,0.01,935,1380000,300.0,1474,4600,0.008259289897978306,13399,0.0001
-0.3667045499999999,0.01,936,1381200,300.0,1475,4604,0.007529289927333593,13411,0.0001
-0.4923052899999999,0.01,936,1382400,300.0,1476,4608,0.006039923056960106,13423,0.0001
-0.24498917000000003,0.01,936,1383600,300.0,1477,4612,0.011019928380846977,13435,0.0001
0.05551091000000005,0.01,937,1384800,300.0,1477,4616,0.00631999596953392,13447,0.0001
0.05156797000000002,0.01,937,1386000,300.0,1478,4620,0.004387947730720043,13459,0.0001
0.31908453000000003,0.01,937,1387200,300.0,1479,4624,0.006938735023140907,13471,0.0001
0.3505399799999999,0.01,938,1388400,300.0,1479,4628,0.00633652601391077,13483,0.0001
0.4383262200000001,0.01,938,1389600,300.0,1480,4632,0.0061807576566934586,13495,0.0001
0.4646469100000001,0.01,938,1390800,300.0,1481,4636,0.006709406618028879,13507,0.0001
0.5472635399999998,0.01,939,1392000,300.0,1482,4640,0.00951396394520998,13519,0.0001
0.8148952300000001,0.01,939,1393200,300.0,1482,4644,0.004288515541702509,13531,0.0001
0.9092361500000001,0.01,939,1394400,300.0,1483,4648,0.006962727755308151,13543,0.0001
0.8344676800000002,0.01,940,1395600,300.0,1484,4652,0.004890220705419779,13555,0.0001
0.5418683200000003,0.01,940,1396800,300.0,1485,4656,0.005194447934627533,13567,0.0001
0.44246639999999987,0.01,940,1398000,300.0,1486,4660,0.006105497479438782,13579,0.0001
0.27731150999999993,0.01,941,1399200,300.0,1486,4664,0.005933205597102642,13591,0.0001
0.2830396600000001,0.01,906,1400400,300.0,1545,4668,0.007962261326611042,13603,0.0001
0.3873800199999997,0.01,906,1401600,300.0,1546,4672,0.004830075427889824,13615,0.0001
-0.0785760799999999,0.01,906,1402800,300.0,1547,4676,0.004941337741911411,13627,0.0001
0.47798361000000034,0.01,907,1404000,300.0,1547,4680,0.008414434269070625,13639,0.0001
0.32010089999999997,0.01,907,1405200,300.0,1548,4684,0.007382452953606844,13651,0.0001
0.7607681199999999,0.01,907,1406400,300.0,1549,4688,0.00639469176530838,13663,0.0001
0.7951037600000004,0.01,907,1407600,300.0,1550,4692,0.005992517340928316,13675,0.0001
0.5396652500000004,0.01,908,1408800,300.0,1551,4696,0.007355242036283016,13687,0.0001
-0.08077860999999995,0.01,908,1410000,300.0,1552,4700,0.007270012516528368,13699,0.0001
0.6307921400000001,0.01,908,1411200,300.0,1553,4704,0.006189561448991299,13711,0.0001
1.05631843,0.01,908,1412400,300.0,1553,4708,0.006484998855739832,13723,0.0001
0.61111444,0.01,909,1413600,300.0,1554,4712,0.005251566879451275,13735,0.0001
0.22884095000000015,0.01,909,1414800,300.0,1555,4716,0.0333326980471611,13747,0.0001
0.00758329000000014,0.01,909,1416000,300.0,1556,4720,0.006628077477216721,13759,0.0001
-0.26538574,0.01,910,1417200,300.0,1556,4724,0.008442034013569355,13771,0.0001
-0.026630750000000005,0.01,910,1418400,300.0,1557,4728,0.005238959100097418,13783,0.0001
0.06263422000000006,0.01,910,1419600,300.0,1558,4732,0.004865878261625767,13795,0.0001
0.2573197,0.01,911,1420800,300.0,1559,4736,0.007492619566619396,13807,0.0001
0.025482979999999794,0.01,911,1422000,300.0,1559,4740,0.005455499514937401,13819,0.0001
-0.18677016000000005,0.01,911,1423200,300.0,1560,4744,0.00623006047680974,13831,0.0001
0.09435440999999999,0.01,912,1424400,300.0,1561,4748,0.004672605078667402,13843,0.0001
-0.09240009000000007,0.01,912,1425600,300.0,1562,4752,0.007617522031068802,13855,0.0001
-0.11920487000000005,0.01,912,1426800,300.0,1563,4756,0.009001878090202808,13867,0.0001
-0.3165020600000002,0.01,913,1428000,300.0,1563,4760,0.004769694525748491,13879,0.0001
0.03965418999999984,0.01,913,1429200,300.0,1564,4764,0.004569151904433966,13891,0.0001
-0.024581900000000028,0.01,913,1430400,300.0,1565,4768,0.004237138666212559,13903,0.0001
-0.41495948,0.01,914,1431600,300.0,1566,4772,0.009133467450737953,13915,0.0001
-0.02891637999999979,0.01,914,1432800,300.0,1567,4776,0.005330347456037998,13927,0.0001
-0.40473828999999983,0.01,914,1434000,300.0,1567,4780,0.009729169309139252,13939,0.0001
-0.06795284999999981,0.01,915,1435200,300.0,1568,4784,0.011317882686853409,13951,0.0001
-0.16576173999999994,0.01,915,1436400,300.0,1569,4788,0.004619972314685583,13963,0.0001
-0.2263618999999998,0.01,915,1437600,300.0,1569,4792,0.004664351232349873,13975,0.0001
-0.41931745999999975,0.01,916,1438800,300.0,1570,4796,0.0072106849402189255,13987,0.0001
-0.08040680999999995,0.01,916,1440000,300.0,1571,4800,0.01642789877951145,13999,0.0001
-0.6117083500000001,0.01,916,1441200,300.0,1572,4804,0.007641475647687912,14011,0.0001
-1.02695647,0.01,916,1442400,300.0,1573,4808,0.007770666852593422,14023,0.0001
-1.19875461,0.01,917,1443600,300.0,1573,4812,0.0067896973341703415,14035,0.0001
-1.0525178099999999,0.01,917,1444800,300.0,1574,4816,0.004782268777489662,14047,0.0001
-0.8818102399999997,0.01,917,1446000,300.0,1575,4820,0.009721956215798855,14059,0.0001
-0.9612960399999999,0.01,918,1447200,300.0,1576,4824,0.008629489690065384,14071,0.0001
-1.2072775800000002,0.01,918,1448400,300.0,1576,4828,0.01072817575186491,14083,0.0001
-0.9508033499999999,0.01,918,1449600,300.0,1577,4832,0.0050355009734630585,14095,0.0001
-0.9705486799999999,0.01,919,1450800,300.0,1578,4836,0.00893034040927887,14107,0.0001
-1.0077428299999998,0.01,919,1452000,300.0,1579,4840,0.005394169129431248,14119,0.0001
-0.9458214699999998,0.01,919,1453200,300.0,1579,4844,0.007935687899589539,14131,0.0001
-1.86640711,0.01,920,1454400,300.0,1580,4848,0.004693940281867981,14143,0.0001
-1.16333631,0.01,920,1455600,300.0,1581,4852,0.01421421766281128,14155,0.0001
-1.0838844199999997,0.01,920,1456800,300.0,1582,4856,0.005840929225087166,14167,0.0001
-0.9510933199999998,0.01,920,1458000,300.0,1583,4860,0.0051587666384875774,14179,0.0001
-0.7479522999999999,0.01,921,1459200,300.0,1584,4864,0.005613380577415228,14191,0.0001
-0.45880656,0.01,921,1460400,300.0,1584,4868,0.0048576463013887405,14203,0.0001
-0.03175083000000008,0.01,921,1461600,300.0,1585,4872,0.006222882773727179,14215,0.0001
-0.35599862000000004,0.01,921,1462800,300.0,1586,4876,0.0046948762610554695,14227,0.0001
-0.21482079000000007,0.01,922,1464000,300.0,1587,4880,0.014980961568653584,14239,0.0001
-0.31333967000000024,0.01,922,1465200,300.0,1588,4884,0.006367353722453117,14251,0.0001
-0.33068509000000035,0.01,922,1466400,300.0,1588,4888,0.009006942622363567,14263,0.0001
-0.45824308000000036,0.01,923,1467600,300.0,1589,4892,0.004576162435114384,14275,0.0001
-0.06525123000000019,0.01,923,1468800,300.0,1590,4896,0.007579547818750143,14287,0.0001
-0.2504787400000001,0.01,923,1470000,300.0,1591,4900,0.0058599598705768585,14299,0.0001
-0.43884082,0.01,924,1471200,300.0,1591,4904,0.004464091267436743,14311,0.0001
-0.5907178700000002,0.01,924,1472400,300.0,1592,4908,0.005143124610185623,14323,0.0001
-0.30364006,0.01,924,1473600,300.0,1593,4912,0.006227811798453331,14335,0.0001
-0.45769299,0.01,925,1474800,300.0,1594,4916,0.007740934379398823,14347,0.0001
-0.30459332000000017,0.01,925,1476000,300.0,1594,4920,0.006425206083804369,14359,0.0001
-0.06261526000000017,0.01,925,1477200,300.0,1595,4924,0.004535613115876913,14371,0.0001
0.14113754999999983,0.01,926,1478400,300.0,1596,4928,0.008965950459241867,14383,0.0001
-0.12137915000000006,0.01,926,1479600,300.0,1597,4932,0.005788789130747318,14395,0.0001
-0.48828187999999995,0.01,926,1480800,300.0,1598,4936,0.005190249998122454,14407,0.0001
-0.37310401000000015,0.01,926,1482000,300.0,1598,4940,0.007145551964640617,14419,0.0001
-0.6061545100000001,0.01,927,1483200,300.0,1599,4944,0.0062295254319906235,14431,0.0001
0.16551668999999997,0.01,927,1484400,300.0,1600,4948,0.004503259900957346,14443,0.0001
-0.23271181000000013,0.01,927,1485600,300.0,1601,4952,0.006231684237718582,14455,0.0001
-0.48263073000000006,0.01,927,1486800,300.0,1602,4956,0.007027491927146912,14467,0.0001
-0.08388170000000017,0.01,928,1488000,300.0,1603,4960,0.0038309686351567507,14479,0.0001
-0.6318531700000001,0.01,928,1489200,300.0,1603,4964,0.006192841101437807,14491,0.0001
-0.2366687599999998,0.01,928,1490400,300.0,1604,4968,0.005963711068034172,14503,0.0001
-0.33760453999999984,0.01,929,1491600,300.0,1605,4972,0.005006712861359119,14515,0.0001
0.0004263600000000789,0.01,929,1492800,300.0,1606,4976,0.0027718087658286095,14527,0.0001
-0.07424763999999989,0.01,929,1494000,300.0,1606,4980,0.005421651527285576,14539,0.0001
-0.12383919999999993,0.01,930,1495200,300.0,1607,4984,0.006433015689253807,14551,0.0001
0.06215850999999994,0.01,930,1496400,300.0,1608,4988,0.009612035006284714,14563,0.0001
-0.16100081999999993,0.01,930,1497600,300.0,1609,4992,0.005704803857952356,14575,0.0001
-0.11332481999999981,0.01,930,1498800,300.0,1609,4996,0.008519982919096947,14587,0.0001
-0.16718087999999998,0.01,898,1500000,300.0,1668,5000,0.0053962599486112595,14599,0.0001
0.4996302399999999,0.01,899,1501200,300.0,1669,5004,0.005802036263048649,14611,0.0001
0.3174560399999999,0.01,899,1502400,300.0,1670,5008,0.006518144626170397,14623,0.0001
0.2214021099999999,0.01,899,1503600,300.0,1671,5012,0.005594602320343256,14635,0.0001
0.50275927,0.01,899,1504800,300.0,1672,5016,0.003912117797881365,14647,0.0001
0.41420298999999977,0.01,900,1506000,300.0,1673,5020,0.005064423196017742,14659,0.0001
0.5505814299999998,0.01,900,1507200,300.0,1674,5024,0.004902068991214037,14671,0.0001
0.31305896999999994,0.01,900,1508400,300.0,1674,5028,0.01801665686070919,14683,0.0001
-0.14834148999999996,0.01,900,1509600,300.0,1675,5032,0.009446399286389351,14695,0.0001
0.10945136999999994,0.01,901,1510800,300.0,1676,5036,0.005262782797217369,14707,0.0001
-0.27910275,0.01,901,1512000,300.0,1677,5040,0.004469282925128937,14719,0.0001
-0.5439673099999999,0.01,901,1513200,300.0,1677,5044,0.005275563802570105,14731,0.0001
-0.5251636799999998,0.01,902,1514400,300.0,1678,5048,0.004770481958985329,14743,0.0001
-0.5013501700000002,0.01,902,1515600,300.0,1679,5052,0.0053038522601127625,14755,0.0001
-0.26256071000000003,0.01,902,1516800,300.0,1680,5056,0.006829121615737677,14767,0.0001
-0.7512876699999999,0.01,903,1518000,300.0,1680,5060,0.005585424602031708,14779,0.0001
-0.48201892000000013,0.01,903,1519200,300.0,1681,5064,0.006559187546372414,14791,0.0001
-0.68160246,0.01,903,1520400,300.0,1682,5068,0.0050922054797410965,14803,0.0001
-0.3310773,0.01,903,1521600,300.0,1683,5072,0.007410330697894096,14815,0.0001
-0.85760479,0.01,904,1522800,300.0,1684,5076,0.0034272982738912106,14827,0.0001
-0.5603019100000002,0.01,904,1524000,300.0,1684,5080,0.015036744996905327,14839,0.0001
-0.5614343999999999,0.01,904,1525200,300.0,1685,5084,0.0037785815075039864,14851,0.0001
-0.75337835,0.01,905,1526400,300.0,1686,5088,0.0038283835165202618,14863,0.0001
-0.26318419,0.01,905,1527600,300.0,1687,5092,0.0058375513181090355,14875,0.0001
-0.2929884199999998,0.01,905,1528800,300.0,1687,5096,0.007545665837824345,14887,0.0001
-0.48756738,0.01,906,1530000,300.0,1688,5100,0.004951605573296547,14899,0.0001
-0.90216038,0.01,906,1531200,300.0,1689,5104,0.005939867813140154,14911,0.0001
-0.6228158500000001,0.01,906,1532400,300.0,1689,5108,0.01056595891714096,14923,0.0001
-0.84880676,0.01,906,1533600,300.0,1691,5112,0.004942663945257664,14935,0.0001
-1.0567103899999999,0.01,907,1534800,300.0,1692,5116,0.006298075430095196,14947,0.0001
-1.6065853,0.01,907,1536000,300.0,1692,5120,0.0075329262763261795,14959,0.0001
-1.8755233899999997,0.01,907,1537200,300.0,1693,5124,0.004025828093290329,14971,0.0001
-1.7265875799999997,0.01,907,1538400,300.0,1694,5128,0.0038154302164912224,14983,0.0001
-1.1691639799999998,0.01,908,1539600,300.0,1695,5132,0.00675980094820261,14995,0.0001
-0.8722634199999999,0.01,908,1540800,300.0,1695,5136,0.007611922919750214,15007,0.0001
-0.64361873,0.01,908,1542000,300.0,1696,5140,0.009168809279799461,15019,0.0001
-0.01569190000000014,0.01,909,1543200,300.0,1697,5144,0.007441481575369835,15031,0.0001
0.03603917999999998,0.01,909,1544400,300.0,1698,5148,0.004465765785425901,15043,0.0001
-0.41323361999999997,0.01,909,1545600,300.0,1698,5152,0.0042238859459757805,15055,0.0001
-0.63365694,0.01,910,1546800,300.0,1699,5156,0.0036935259122401476,15067,0.0001
-0.69755886,0.01,910,1548000,300.0,1700,5160,0.00616993336006999,15079,0.0001
-0.9635947200000001,0.01,910,1549200,300.0,1701,5164,0.005281648598611355,15091,0.0001
-1.2995875400000003,0.01,910,1550400,300.0,1702,5168,0.007287090178579092,15103,0.0001
-1.4979564900000002,0.01,911,1551600,300.0,1703,5172,0.006457834504544735,15115,0.0001
-1.1065336,0.01,911,1552800,300.0,1703,5176,0.0066268835216760635,15127,0.0001
-1.1347951799999998,0.01,911,1554000,300.0,1704,5180,0.006238496396690607,15139,0.0001
-1.2352546599999998,0.01,911,1555200,300.0,1705,5184,0.006293658632785082,15151,0.0001
-1.12243827,0.01,912,1556400,300.0,1706,5188,0.005502087064087391,15163,0.0001
-1.7273634699999996,0.01,912,1557600,300.0,1707,5192,0.009313159622251987,15175,0.0001
-1.5766443799999996,0.01,912,1558800,300.0,1708,5196,0.008890138939023018,15187,0.0001
-1.4014155099999996,0.01,912,1560000,300.0,1708,5200,0.004838472232222557,15199,0.0001
-1.4872843599999996,0.01,913,1561200,300.0,1709,5204,0.007902729324996471,15211,0.0001
-1.2867030699999997,0.01,913,1562400,300.0,1710,5208,0.0060396986082196236,15223,0.0001
-0.9891210499999997,0.01,913,1563600,300.0,1711,5212,0.008026420138776302,15235,0.0001
-0.91154231,0.01,913,1564800,300.0,1712,5216,0.009750476107001305,15247,0.0001
-0.13121974000000003,0.01,914,1566000,300.0,1712,5220,0.01521552074700594,15259,0.0001
0.04652481,0.01,914,1567200,300.0,1713,5224,0.0064179301261901855,15271,0.0001
0.17389540000000003,0.01,914,1568400,300.0,1714,5228,0.004864945542067289,15283,0.0001
0.18439624999999996,0.01,915,1569600,300.0,1715,5232,0.005114327184855938,15295,0.0001
0.10936918999999992,0.01,915,1570800,300.0,1716,5236,0.010127877816557884,15307,0.0001
0.28668194,0.01,915,1572000,300.0,1716,5240,0.00509263388812542,15319,0.0001
-0.30064987,0.01,915,1573200,300.0,1717,5244,0.005540402606129646,15331,0.0001
-0.2651515600000002,0.01,916,1574400,300.0,1718,5248,0.006081350147724152,15343,0.0001
-0.03948137000000026,0.01,916,1575600,300.0,1718,5252,0.00605613412335515,15355,0.0001
0.25813335999999976,0.01,916,1576800,300.0,1719,5256,0.005176490172743797,15367,0.0001
0.7664990199999998,0.01,917,1578000,300.0,1720,5260,0.006512897089123726,15379,0.0001
0.6446433799999999,0.01,917,1579200,300.0,1721,5264,0.006888209376484156,15391,0.0001
0.40647305999999994,0.01,917,1580400,300.0,1722,5268,0.004768499173223972,15403,0.0001
0.5184506,0.01,917,1581600,300.0,1722,5272,0.006417326629161835,15415,0.0001
0.21363374000000007,0.01,918,1582800,300.0,1723,5276,0.0077560776844620705,15427,0.0001
0.15816469000000008,0.01,918,1584000,300.0,1724,5280,0.005054508335888386,15439,0.0001
0.1254394900000001,0.01,918,1585200,300.0,1725,5284,0.004757025744765997,15451,0.0001
0.3719285800000002,0.01,918,1586400,300.0,1726,5288,0.007718999870121479,15463,0.0001
0.92816843,0.01,919,1587600,300.0,1727,5292,0.005456878803670406,15475,0.0001
1.0757300699999996,0.01,919,1588800,300.0,1727,5296,0.00432717427611351,15487,0.0001
1.08660225,0.01,919,1590000,300.0,1728,5300,0.007862250320613384,15499,0.0001
1.0756687800000002,0.01,920,1591200,300.0,1729,5304,0.005206530448049307,15511,0.0001
1.24045421,0.01,920,1592400,300.0,1730,5308,0.007098063826560974,15523,0.0001
1.45546189,0.01,920,1593600,300.0,1730,5312,0.005596756469458342,15535,0.0001
1.5494631199999997,0.01,920,1594800,300.0,1731,5316,0.003596327267587185,15547,0.0001
1.4787113699999994,0.01,921,1596000,300.0,1732,5320,0.006803426425904036,15559,0.0001
1.3609557299999997,0.01,921,1597200,300.0,1733,5324,0.010407929308712482,15571,0.0001
1.0745710199999998,0.01,921,1598400,300.0,1734,5328,0.003865980077534914,15583,0.0001
0.9647686399999997,0.01,921,1599600,300.0,1735,5332,0.005297791678458452,15595,0.0001
0.83886292,0.01,891,1600800,300.0,1794,5336,0.003825942287221551,15607,0.0001
1.0261199400000003,0.01,892,1602000,300.0,1795,5340,0.004172616172581911,15619,0.0001
1.4674291400000004,0.01,892,1603200,300.0,1796,5344,0.005702794995158911,15631,0.0001
1.2961052000000002,0.01,892,1604400,300.0,1797,5348,0.005129366181790829,15643,0.0001
1.2447743699999996,0.01,892,1605600,300.0,1797,5352,0.0045756869949400425,15655,0.0001
1.01516699,0.01,893,1606800,300.0,1798,5356,0.0048013110645115376,15667,0.0001
0.5465285799999999,0.01,893,1608000,300.0,1799,5360,0.005002288147807121,15679,0.0001
0.6274157200000001,0.01,893,1609200,300.0,1800,5364,0.007059787400066853,15691,0.0001
0.7583055499999999,0.01,893,1610400,300.0,1801,5368,0.004987127147614956,15703,0.0001
0.29907293999999984,0.01,894,1611600,300.0,1802,5372,0.013101069256663322,15715,0.0001
0.22122580999999986,0.01,894,1612800,300.0,1803,5376,0.005871182307600975,15727,0.0001
-0.12982247000000027,0.01,894,1614000,300.0,1804,5380,0.004666020628064871,15739,0.0001
-0.019017410000000207,0.01,894,1615200,300.0,1804,5384,0.0070920283906161785,15751,0.0001
-0.37435195999999993,0.01,895,1616400,300.0,1805,5388,0.026456590741872787,15763,0.0001
-0.20149370999999985,0.01,895,1617600,300.0,1806,5392,0.006859249901026487,15775,0.0001
-0.21318716999999993,0.01,895,1618800,300.0,1807,5396,0.006407132837921381,15787,0.0001
-0.25296894999999997,0.01,896,1620000,300.0,1807,5400,0.004195583518594503,15799,0.0001
-0.1009482399999999,0.01,896,1621200,300.0,1808,5404,0.00432700477540493,15811,0.0001
-0.4088926199999999,0.01,896,1622400,300.0,1809,5408,0.005666960030794144,15823,0.0001
-0.39467248,0.01,896,1623600,300.0,1810,5412,0.007768793031573296,15835,0.0001
-0.53974821,0.01,897,1624800,300.0,1811,5416,0.00427172239869833,15847,0.0001
-0.5322147800000002,0.01,897,1626000,300.0,1812,5420,0.0052399346604943275,15859,0.0001
-0.6223181800000002,0.01,897,1627200,300.0,1813,5424,0.004200194496661425,15871,0.0001
-0.7196345300000001,0.01,897,1628400,300.0,1813,5428,0.005358221475034952,15883,0.0001
-0.6198438000000001,0.01,898,1629600,300.0,1814,5432,0.004579220898449421,15895,0.0001
-0.8108335899999998,0.01,898,1630800,300.0,1815,5436,0.007495093159377575,15907,0.0001
-1.08011873,0.01,898,1632000,300.0,1816,5440,0.00764088099822402,15919,0.0001
-1.30437676,0.01,898,1633200,300.0,1816,5444,0.005433426238596439,15931,0.0001
-1.29018766,0.01,899,1634400,300.0,1817,5448,0.006644457578659058,15943,0.0001
-0.9792770099999999,0.01,899,1635600,300.0,1818,5452,0.005168912000954151,15955,0.0001
-0.8671433100000001,0.01,899,1636800,300.0,1819,5456,0.00809565745294094,15967,0.0001
-0.6580169800000002,0.01,900,1638000,300.0,1819,5460,0.0075490958988666534,15979,0.0001
-0.5091967,0.01,900,1639200,300.0,1820,5464,0.0060459645465016365,15991,0.0001
-0.3060812399999999,0.01,900,1640400,300.0,1821,5468,0.00503824558109045,16003,0.0001
0.10086808000000015,0.01,900,1641600,300.0,1822,5472,0.006101944018155336,16015,0.0001
0.22146268999999996,0.01,900,1642800,300.0,1823,5476,0.005204923916608095,16027,0.0001
0.3304418099999999,0.01,901,1644000,300.0,1824,5480,0.00534018874168396,16039,0.0001
0.37669616,0.01,901,1645200,300.0,1825,5484,0.006771084386855364,16051,0.0001
0.3633063800000001,0.01,901,1646400,300.0,1825,5488,0.005552995949983597,16063,0.0001
0.07698542000000014,0.01,901,1647600,300.0,1826,5492,0.0051671648398041725,16075,0.0001
-0.2643459199999998,0.01,902,1648800,300.0,1827,5496,0.01830778457224369,16087,0.0001
-0.36322967999999983,0.01,902,1650000,300.0,1828,5500,0.005585699342191219,16099,0.0001
-0.18349858999999977,0.01,902,1651200,300.0,1828,5504,0.007510338444262743,16111,0.0001
-0.2989978099999998,0.01,903,1652400,300.0,1829,5508,0.006286398973315954,16123,0.0001
-0.5110606399999998,0.01,903,1653600,300.0,1830,5512,0.004494764842092991,16135,0.0001
-0.6590563399999999,0.01,903,1654800,300.0,1831,5516,0.006709177512675524,16147,0.0001
-0.9776625899999999,0.01,903,1656000,300.0,1832,5520,0.005713677499443293,16159,0.0001
-0.90462676,0.01,904,1657200,300.0,1832,5524,0.00770996930077672,16171,0.0001
-0.61017184,0.01,904,1658400,300.0,1833,5528,0.004924090579152107,16183,0.0001
-1.08307545,0.01,904,1659600,300.0,1834,5532,0.0045759789645671844,16195,0.0001
-0.7318470799999999,0.01,904,1660800,300.0,1835,5536,0.005356664769351482,16207,0.0001
-0.96241602,0.01,905,1662000,300.0,1835,5540,0.004000434186309576,16219,0.0001
-0.7308782999999996,0.01,905,1663200,300.0,1836,5544,0.005738165695220232,16231,0.0001
-0.7022170599999998,0.01,905,1664400,300.0,1837,5548,0.01420592237263918,16243,0.0001
-0.8539782599999997,0.01,906,1665600,300.0,1838,5552,0.00542160589247942,16255,0.0001
-0.8753827799999996,0.01,906,1666800,300.0,1838,5556,0.0038973730988800526,16267,0.0001
-1.1324809399999998,0.01,906,1668000,300.0,1839,5560,0.005458665080368519,16279,0.0001
-0.9943448400000002,0.01,906,1669200,300.0,1840,5564,0.0051751467399299145,16291,0.0001
-0.8057515800000001,0.01,907,1670400,300.0,1841,5568,0.005029898602515459,16303,0.0001
-0.9586726400000002,0.01,907,1671600,300.0,1842,5572,0.009778354316949844,16315,0.0001
-0.6344083499999996,0.01,907,1672800,300.0,1843,5576,0.0046234396286308765,16327,0.0001
-0.2099719699999997,0.01,907,1674000,300.0,1844,5580,0.006509830243885517,16339,0.0001
-0.25124243999999984,0.01,907,1675200,300.0,1845,5584,0.005994765553623438,16351,0.0001
-0.21423141999999992,0.01,908,1676400,300.0,1846,5588,0.0065093617886304855,16363,0.0001
-0.48615365999999993,0.01,908,1677600,300.0,1846,5592,0.006724226288497448,16375,0.0001
-0.50830619,0.01,908,1678800,300.0,1847,5596,0.009839686565101147,16387,0.0001
-0.1903433699999999,0.01,908,1680000,300.0,1848,5600,0.006832036189734936,16399,0.0001
0.12127543000000006,0.01,908,1681200,300.0,1849,5604,0.006095455959439278,16411,0.0001
0.16877254,0.01,909,1682400,300.0,1850,5608,0.005136823281645775,16423,0.0001
0.20716874999999996,0.01,909,1683600,300.0,1851,5612,0.006065187510102987,16435,0.0001
0.4436993700000001,0.01,909,1684800,300.0,1852,5616,0.012109054252505302,16447,0.0001
0.7024535100000002,0.01,909,1686000,300.0,1853,5620,0.0046037896536290646,16459,0.0001
0.9961905300000001,0.01,909,1687200,300.0,1854,5624,0.004991292953491211,16471,0.0001
0.7506496800000002,0.01,910,1688400,300.0,1854,5628,0.005431075114756823,16483,0.0001
1.1426750600000002,0.01,910,1689600,300.0,1855,5632,0.005423579830676317,16495,0.0001
1.0941020000000001,0.01,910,1690800,300.0,1856,5636,0.005678885616362095,16507,0.0001
1.2425769200000003,0.01,910,1692000,300.0,1857,5640,0.00575582031160593,16519,0.0001
0.6890326000000003,0.01,911,1693200,300.0,1858,5644,0.005415911786258221,16531,0.0001
0.6228866900000001,0.01,911,1694400,300.0,1859,5648,0.007677565328776836,16543,0.0001
0.5326275300000002,0.01,911,1695600,300.0,1859,5652,0.00808129832148552,16555,0.0001
0.35535754000000025,0.01,911,1696800,300.0,1860,5656,0.0036811684258282185,16567,0.0001
0.9322532600000004,0.01,912,1698000,300.0,1861,5660,0.005587106570601463,16579,0.0001
0.8262871700000001,0.01,912,1699200,300.0,1862,5664,0.0053809829987585545,16591,0.0001
0.9302637300000001,0.01,884,1700400,300.0,1922,5668,0.007054585963487625,16603,0.0001
0.7922232600000001,0.01,884,1701600,300.0,1923,5672,0.0045791612938046455,16615,0.0001
0.7164339700000002,0.01,884,1702800,300.0,1924,5676,0.005528665147721767,16627,0.0001
0.3792110000000002,0.01,885,1704000,300.0,1925,5680,0.00639857305213809,16639,0.0001
0.3798878800000003,0.01,885,1705200,300.0,1925,5684,0.003906508907675743,16651,0.0001
0.5171525000000002,0.01,885,1706400,300.0,1926,5688,0.006285103503614664,16663,0.0001
0.80547821,0.01,885,1707600,300.0,1927,5692,0.005733864847570658,16675,0.0001
1.15746703,0.01,886,1708800,300.0,1928,5696,0.006317439489066601,16687,0.0001
0.6837387600000001,0.01,886,1710000,300.0,1928,5700,0.0067821042612195015,16699,0.0001
0.01116900000000019,0.01,886,1711200,300.0,1929,5704,0.005623742938041687,16711,0.0001
0.06850796999999999,0.01,887,1712400,300.0,1930,5708,0.006538932211697102,16723,0.0001
0.10485929000000009,0.01,887,1713600,300.0,1931,5712,0.0057644653134047985,16735,0.0001
-0.12307739999999978,0.01,887,1714800,300.0,1932,5716,0.0051525612361729145,16747,0.0001
-0.3820228299999998,0.01,887,1716000,300.0,1933,5720,0.004497206769883633,16759,0.0001
-0.25081165,0.01,887,1717200,300.0,1934,5724,0.005037304013967514,16771,0.0001
0.2890126400000001,0.01,888,1718400,300.0,1934,5728,0.007431884296238422,16783,0.0001
0.36089753999999985,0.01,888,1719600,300.0,1935,5732,0.007001892663538456,16795,0.0001
0.1801639999999999,0.01,888,1720800,300.0,1936,5736,0.006267092190682888,16807,0.0001
0.08734684000000016,0.01,888,1722000,300.0,1937,5740,0.007508162409067154,16819,0.0001
0.5507393000000002,0.01,889,1723200,300.0,1938,5744,0.006244348362088203,16831,0.0001
0.41935598000000013,0.01,889,1724400,300.0,1938,5748,0.006149036809802055,16843,0.0001
0.73156878,0.01,889,1725600,300.0,1939,5752,0.004834013991057873,16855,0.0001
0.8760578000000001,0.01,889,1726800,300.0,1940,5756,0.009712157770991325,16867,0.0001
0.4418254700000002,0.01,890,1728000,300.0,1941,5760,0.005472190678119659,16879,0.0001
0.6095445900000002,0.01,890,1729200,300.0,1942,5764,0.012753921560943127,16891,0.0001
0.83334794,0.01,890,1730400,300.0,1943,5768,0.005533020943403244,16903,0.0001
0.9809046400000002,0.01,890,1731600,300.0,1944,5772,0.003788997884839773,16915,0.0001
1.0286214300000003,0.01,890,1732800,300.0,1944,5776,0.009149087592959404,16927,0.0001
1.3231485300000003,0.01,891,1734000,300.0,1945,5780,0.0055444082245230675,16939,0.0001
1.4386350100000005,0.01,891,1735200,300.0,1946,5784,0.0056868684478104115,16951,0.0001
1.3748677699999998,0.01,891,1736400,300.0,1947,5788,0.005659472197294235,16963,0.0001
1.2159983899999998,0.01,891,1737600,300.0,1948,5792,0.0045971982181072235,16975,0.0001
1.00958674,0.01,891,1738800,300.0,1949,5796,0.012988544069230556,16987,0.0001
1.18262745,0.01,892,1740000,300.0,1950,5800,0.005167162511497736,16999,0.0001
1.81149843,0.01,892,1741200,300.0,1951,5804,0.009415188804268837,17011,0.0001
1.85469087,0.01,892,1742400,300.0,1952,5808,0.004816791042685509,17023,0.0001
1.65745162,0.01,892,1743600,300.0,1953,5812,0.008519668132066727,17035,0.0001
1.3510434199999997,0.01,893,1744800,300.0,1953,5816,0.006664190907031298,17047,0.0001
1.3595507500000001,0.01,893,1746000,300.0,1954,5820,0.005025820340961218,17059,0.0001
0.8808731000000002,0.01,893,1747200,300.0,1955,5824,0.006111916154623032,17071,0.0001
0.70613671,0.01,893,1748400,300.0,1956,5828,0.008941005915403366,17083,0.0001
0.6430669899999998,0.01,894,1749600,300.0,1957,5832,0.004905709996819496,17095,0.0001
0.94511797,0.01,894,1750800,300.0,1957,5836,0.004904001485556364,17107,0.0001
1.6573129,0.01,894,1752000,300.0,1958,5840,0.00968226045370102,17119,0.0001
1.6197088099999999,0.01,894,1753200,300.0,1959,5844,0.005454751662909985,17131,0.0001
1.7724108200000002,0.01,894,1754400,300.0,1960,5848,0.0053831711411476135,17143,0.0001
1.57021967,0.01,895,1755600,300.0,1961,5852,0.005189377814531326,17155,0.0001
1.45349832,0.01,895,1756800,300.0,1962,5856,0.014458682388067245,17167,0.0001
1.24265972,0.01,895,1758000,300.0,1963,5860,0.008590640500187874,17179,0.0001
1.18160897,0.01,895,1759200,300.0,1964,5864,0.006874251179397106,17191,0.0001
0.7898998600000001,0.01,895,1760400,300.0,1965,5868,0.003075073938816786,17203,0.0001
0.85360615,0.01,895,1761600,300.0,1966,5872,0.004153065383434296,17215,0.0001
0.31569780000000003,0.01,896,1762800,300.0,1967,5876,0.00671063456684351,17227,0.0001
0.14763093999999996,0.01,896,1764000,300.0,1968,5880,0.004502714611589909,17239,0.0001
0.30004504999999987,0.01,896,1765200,300.0,1968,5884,0.005624191369861364,17251,0.0001
0.33194537999999996,0.01,896,1766400,300.0,1969,5888,0.004855589475482702,17263,0.0001
0.34436012999999993,0.01,896,1767600,300.0,1970,5892,0.0038941549137234688,17275,0.0001
0.31949324999999995,0.01,897,1768800,300.0,1971,5896,0.0078941835090518,17287,0.0001
0.46561689,0.01,897,1770000,300.0,1972,5900,0.010895123705267906,17299,0.0001
-0.03410246000000003,0.01,897,1771200,300.0,1973,5904,0.007161017507314682,17311,0.0001
0.024649129999999877,0.01,897,1772400,300.0,1974,5908,0.004299950785934925,17323,0.0001
0.41566861000000005,0.01,897,1773600,300.0,1975,5912,0.008009722456336021,17335,0.0001
0.6343269999999999,0.01,898,1774800,300.0,1976,5916,0.006875909864902496,17347,0.0001
1.0547643699999998,0.01,898,1776000,300.0,1976,5920,0.005865560844540596,17359,0.0001
0.9701691799999997,0.01,898,1777200,300.0,1977,5924,0.006710289046168327,17371,0.0001
0.9560786900000001,0.01,898,1778400,300.0,1978,5928,0.0045426273718476295,17383,0.0001
0.7792849199999999,0.01,899,1779600,300.0,1979,5932,0.004067522939294577,17395,0.0001
0.28220702999999975,0.01,899,1780800,300.0,1980,5936,0.007587571628391743,17407,0.0001
-0.1915337900000003,0.01,899,1782000,300.0,1980,5940,0.005539510399103165,17419,0.0001
-0.4760094400000003,0.01,899,1783200,300.0,1981,5944,0.00680884812027216,17431,0.0001
-0.5535429700000001,0.01,900,1784400,300.0,1982,5948,0.00649520568549633,17443,0.0001
-0.5054976400000001,0.01,900,1785600,300.0,1983,5952,0.005245182663202286,17455,0.0001
-0.060732280000000076,0.01,900,1786800,300.0,1984,5956,0.005589182022958994,17467,0.0001
0.2940963399999999,0.01,900,1788000,300.0,1985,5960,0.007346781902015209,17479,0.0001
0.2475459499999997,0.01,900,1789200,300.0,1985,5964,0.004646044224500656,17491,0.0001
0.0368296699999998,0.01,901,1790400,300.0,1986,5968,0.0043235826306045055,17503,0.0001
-0.01990902000000012,0.01,901,1791600,300.0,1987,5972,0.005503072403371334,17515,0.0001
0.6822179300000001,0.01,901,1792800,300.0,1988,5976,0.005705086514353752,17527,0.0001
0.53205564,0.01,901,1794000,300.0,1989,5980,0.008948767557740211,17539,0.0001
0.17091284,0.01,902,1795200,300.0,1989,5984,0.006735632196068764,17551,0.0001
0.07524774999999996,0.01,902,1796400,300.0,1990,5988,0.010422919876873493,17563,0.0001
0.4182802399999999,0.01,902,1797600,300.0,1991,5992,0.005392095539718866,17575,0.0001
0.012117830000000005,0.01,902,1798800,300.0,1992,5996,0.006643787957727909,17587,0.0001
-0.07486070999999994,0.01,875,1800000,300.0,2055,6000,0.011149932630360126,17599,0.0001
-0.14742353,0.01,875,1801200,300.0,2056,6004,0.0064045703038573265,17611,0.0001
-0.18840544,0.01,875,1802400,300.0,2057,6008,0.004797919653356075,17623,0.0001
-0.78452939,0.01,876,1803600,300.0,2058,6012,0.0051074461080133915,17635,0.0001
-0.13731481000000004,0.01,876,1804800,300.0,2059,6016,0.008013284765183926,17647,0.0001
-0.3883945299999999,0.01,876,1806000,300.0,2060,6020,0.010806347243487835,17659,0.0001
-0.40330907999999993,0.01,876,1807200,300.0,2060,6024,0.005894343368709087,17671,0.0001
-0.7484878899999999,0.01,876,1808400,300.0,2062,6028,0.007494892925024033,17683,0.0001
-0.5835121300000001,0.01,877,1809600,300.0,2063,6032,0.0038938275538384914,17695,0.0001
-0.4489817500000002,0.01,877,1810800,300.0,2063,6036,0.004763113334774971,17707,0.0001
-0.6834803199999999,0.01,877,1812000,300.0,2064,6040,0.005025134421885014,17719,0.0001
-0.39587996999999986,0.01,877,1813200,300.0,2065,6044,0.003646677127107978,17731,0.0001
-0.66248544,0.01,878,1814400,300.0,2066,6048,0.0033919638954102993,17743,0.0001
-0.82742438,0.01,878,1815600,300.0,2067,6052,0.00593156460672617,17755,0.0001
-1.17470832,0.01,878,1816800,300.0,2067,6056,0.004557956010103226,17767,0.0001
-1.0353553000000002,0.01,878,1818000,300.0,2068,6060,0.005065004341304302,17779,0.0001
-1.2742523600000004,0.01,878,1819200,300.0,2069,6064,0.005862001329660416,17791,0.0001
-0.8712124700000001,0.01,879,1820400,300.0,2070,6068,0.009457436390221119,17803,0.0001
-0.78865235,0.01,879,1821600,300.0,2071,6072,0.0051111215725541115,17815,0.0001
-1.3720464799999998,0.01,879,1822800,300.0,2071,6076,0.010661185719072819,17827,0.0001
-1.4854050699999999,0.01,880,1824000,300.0,2072,6080,0.005326591432094574,17839,0.0001
-1.6304946200000001,0.01,880,1825200,300.0,2073,6084,0.02719215303659439,17851,0.0001
-1.40942084,0.01,880,1826400,300.0,2074,6088,0.008113719522953033,17863,0.0001
-1.9110408800000003,0.01,880,1827600,300.0,2075,6092,0.004466105718165636,17875,0.0001
-1.40145308,0.01,880,1828800,300.0,2075,6096,0.0044900840148329735,17887,0.0001
-1.1336812400000003,0.01,881,1830000,300.0,2076,6100,0.00566840311512351,17899,0.0001
-1.1566362000000001,0.01,881,1831200,300.0,2077,6104,0.006979404948651791,17911,0.0001
-1.6429778700000002,0.01,881,1832400,300.0,2078,6108,0.007986933924257755,17923,0.0001
-1.30787443,0.01,882,1833600,300.0,2078,6112,0.006295511033385992,17935,0.0001
-1.6236790999999997,0.01,882,1834800,300.0,2079,6116,0.006571283098310232,17947,0.0001
-1.6443054000000001,0.01,882,1836000,300.0,2080,6120,0.003228661371394992,17959,0.0001
-1.62175323,0.01,882,1837200,300.0,2081,6124,0.005852982401847839,17971,0.0001
-1.36415818,0.01,882,1838400,300.0,2082,6128,0.007074524648487568,17983,0.0001
-1.19701055,0.01,883,1839600,300.0,2083,6132,0.00473893154412508,17995,0.0001
-1.06501769,0.01,883,1840800,300.0,2084,6136,0.0052914731204509735,18007,0.0001
-0.7335998799999999,0.01,883,1842000,300.0,2085,6140,0.006349432282149792,18019,0.0001
-1.0099304599999999,0.01,883,1843200,300.0,2086,6144,0.004799639340490103,18031,0.0001
-0.74688109,0.01,883,1844400,300.0,2087,6148,0.005979643203318119,18043,0.0001
-1.0817099400000003,0.01,883,1845600,300.0,2087,6152,0.005237156059592962,18055,0.0001
-1.11172998,0.01,884,1846800,300.0,2088,6156,0.005521644372493029,18067,0.0001
-1.2504425499999998,0.01,884,1848000,300.0,2089,6160,0.007363001815974712,18079,0.0001
-1.3001054600000004,0.01,884,1849200,300.0,2090,6164,0.007417548447847366,18091,0.0001
-1.6901471300000004,0.01,884,1850400,300.0,2091,6168,0.008015771396458149,18103,0.0001
-2.0924154500000003,0.01,884,1851600,300.0,2092,6172,0.010741794481873512,18115,0.0001
-1.8487080100000002,0.01,885,1852800,300.0,2093,6176,0.009047463536262512,18127,0.0001
-1.6914310399999999,0.01,885,1854000,300.0,2093,6180,0.0049658571369946,18139,0.0001
-1.1975312999999999,0.01,885,1855200,300.0,2094,6184,0.011686181649565697,18151,0.0001
-1.51061432,0.01,885,1856400,300.0,2095,6188,0.005214442033320665,18163,0.0001
-1.3842368100000002,0.01,886,1857600,300.0,2096,6192,0.007424309384077787,18175,0.0001
-1.4579416900000002,0.01,886,1858800,300.0,2097,6196,0.004772391635924578,18187,0.0001
-1.7004476800000001,0.01,886,1860000,300.0,2098,6200,0.007198361214250326,18199,0.0001
-1.5050367599999999,0.01,886,1861200,300.0,2098,6204,0.005809473805129528,18211,0.0001
-0.8245492700000002,0.01,886,1862400,300.0,2099,6208,0.004898143466562033,18223,0.0001
-0.8090859599999999,0.01,887,1863600,300.0,2100,6212,0.008047610521316528,18235,0.0001
-1.0480606199999998,0.01,887,1864800,300.0,2101,6216,0.005510210059583187,18247,0.0001
-1.3217007199999997,0.01,887,1866000,300.0,2102,6220,0.005279965698719025,18259,0.0001
-1.34257439,0.01,887,1867200,300.0,2103,6224,0.006887651514261961,18271,0.0001
-1.29327922,0.01,888,1868400,300.0,2104,6228,0.004284938797354698,18283,0.0001
-1.53573679,0.01,888,1869600,300.0,2104,6232,0.006724955514073372,18295,0.0001
-1.5688127199999997,0.01,888,1870800,300.0,2105,6236,0.007492578588426113,18307,0.0001
-1.4121397799999997,0.01,888,1872000,300.0,2106,6240,0.004792831838130951,18319,0.0001
-0.9107863999999999,0.01,889,1873200,300.0,2106,6244,0.006399577483534813,18331,0.0001
-0.70587273,0.01,889,1874400,300.0,2107,6248,0.009060638025403023,18343,0.0001
-0.3868495299999998,0.01,889,1875600,300.0,2108,6252,0.010347039438784122,18355,0.0001
-0.2156527699999998,0.01,889,1876800,300.0,2109,6256,0.005176961421966553,18367,0.0001
-0.9401874099999997,0.01,890,1878000,300.0,2109,6260,0.0055502355098724365,18379,0.0001
-0.9690347399999996,0.01,890,1879200,300.0,2110,6264,0.006539323832839727,18391,0.0001
-0.9923607400000001,0.01,890,1880400,300.0,2111,6268,0.007223118096590042,18403,0.0001
-0.87689133,0.01,890,1881600,300.0,2112,6272,0.0099108275026083,18415,0.0001
-0.6874570700000001,0.01,890,1882800,300.0,2113,6276,0.00400924077257514,18427,0.0001
-0.6677822300000001,0.01,891,1884000,300.0,2114,6280,0.0042041633278131485,18439,0.0001
-0.9915557000000002,0.01,891,1885200,300.0,2115,6284,0.008715970441699028,18451,0.0001
-1.0274237999999998,0.01,891,1886400,300.0,2115,6288,0.005077199079096317,18463,0.0001
-0.7361176999999997,0.01,891,1887600,300.0,2116,6292,0.005050342530012131,18475,0.0001
-1.2531591399999997,0.01,891,1888800,300.0,2117,6296,0.008198875933885574,18487,0.0001
-1.1040338099999998,0.01,892,1890000,300.0,2118,6300,0.012202935293316841,18499,0.0001
-1.24703424,0.01,892,1891200,300.0,2119,6304,0.0045617567375302315,18511,0.0001
-1.36868717,0.01,892,1892400,300.0,2120,6308,0.009438639506697655,18523,0.0001
-1.86969439,0.01,892,1893600,300.0,2121,6312,0.008404307998716831,18535,0.0001
-1.65278102,0.01,892,1894800,300.0,2122,6316,0.004614390432834625,18547,0.0001
-1.3079219199999996,0.01,893,1896000,300.0,2123,6320,0.005733381025493145,18559,0.0001
-1.5502710400000002,0.01,893,1897200,300.0,2123,6324,0.005713745951652527,18571,0.0001
-1.53176161,0.01,893,1898400,300.0,2124,6328,0.008131220936775208,18583,0.0001
-1.3427198399999998,0.01,893,1899600,300.0,2125,6332,0.008910183794796467,18595,0.0001
-1.71109833,0.01,868,1900800,300.0,2188,6336,0.0032746584620326757,18607,0.0001
-2.36325441,0.01,868,1902000,300.0,2189,6340,0.013286390341818333,18619,0.0001
-2.5055088200000006,0.01,869,1903200,300.0,2190,6344,0.006276021245867014,18631,0.0001
-2.4155599999999997,0.01,869,1904400,300.0,2190,6348,0.009065463207662106,18643,0.0001
-2.18620964,0.01,869,1905600,300.0,2191,6352,0.006484449375420809,18655,0.0001
-2.2509426,0.01,869,1906800,300.0,2192,6356,0.00600826321169734,18667,0.0001
-1.4939700200000001,0.01,869,1908000,300.0,2193,6360,0.005429815035313368,18679,0.0001
-1.19357191,0.01,870,1909200,300.0,2194,6364,0.006659317761659622,18691,0.0001
-1.14692945,0.01,870,1910400,300.0,2194,6368,0.004765793681144714,18703,0.0001
-0.8650534800000002,0.01,870,1911600,300.0,2195,6372,0.009331696666777134,18715,0.0001
-1.1843592400000003,0.01,870,1912800,300.0,2196,6376,0.0074594332836568356,18727,0.0001
-0.77465816,0.01,871,1914000,300.0,2196,6380,0.005555196199566126,18739,0.0001
-0.4256692299999999,0.01,871,1915200,300.0,2197,6384,0.006772691383957863,18751,0.0001
-0.13957921000000004,0.01,871,1916400,300.0,2198,6388,0.006048719398677349,18763,0.0001
-0.3813858300000001,0.01,871,1917600,300.0,2199,6392,0.017528165131807327,18775,0.0001
0.49228684999999994,0.01,872,1918800,300.0,2200,6396,0.007152681704610586,18787,0.0001
0.40976019000000014,0.01,872,1920000,300.0,2201,6400,0.003931465093046427,18799,0.0001
0.5161486300000001,0.01,872,1921200,300.0,2201,6404,0.007747781462967396,18811,0.0001
0.47138265999999995,0.01,872,1922400,300.0,2202,6408,0.00664523895829916,18823,0.0001
0.9877720099999998,0.01,872,1923600,300.0,2203,6412,0.004889613948762417,18835,0.0001
0.88692599,0.01,873,1924800,300.0,2204,6416,0.004596077371388674,18847,0.0001
0.5204683900000001,0.01,873,1926000,300.0,2205,6420,0.005912469699978828,18859,0.0001
0.6483675400000003,0.01,873,1927200,300.0,2206,6424,0.005968575365841389,18871,0.0001
0.7702684400000003,0.01,873,1928400,300.0,2206,6428,0.006505713332444429,18883,0.0001
0.2431059400000002,0.01,874,1929600,300.0,2207,6432,0.00445337500423193,18895,0.0001
0.5503733800000002,0.01,874,1930800,300.0,2208,6436,0.004516979679465294,18907,0.0001
0.7361077700000003,0.01,874,1932000,300.0,2209,6440,0.0065756551921367645,18919,0.0001
0.6829157300000002,0.01,874,1933200,300.0,2209,6444,0.009714633226394653,18931,0.0001
0.5106322700000001,0.01,874,1934400,300.0,2210,6448,0.003950169775635004,18943,0.0001
0.33819229000000006,0.01,875,1935600,300.0,2211,6452,0.004680487792938948,18955,0.0001
0.26236189,0.01,875,1936800,300.0,2212,6456,0.005730009637773037,18967,0.0001
-0.08139114000000017,0.01,875,1938000,300.0,2213,6460,0.00444375304505229,18979,0.0001
-0.22793246,0.01,875,1939200,300.0,2214,6464,0.005709371995180845,18991,0.0001
-0.15197535999999987,0.01,875,1940400,300.0,2215,6468,0.008920256048440933,19003,0.0001
-0.24118748999999987,0.01,876,1941600,300.0,2216,6472,0.00584848877042532,19015,0.0001
-0.4491164999999998,0.01,876,1942800,300.0,2216,6476,0.005190001800656319,19027,0.0001
-0.6716256399999999,0.01,876,1944000,300.0,2217,6480,0.011822152882814407,19039,0.0001
-1.3409409799999998,0.01,876,1945200,300.0,2218,6484,0.008751955814659595,19051,0.0001
-0.9157347899999998,0.01,877,1946400,300.0,2219,6488,0.006170245818793774,19063,0.0001
-0.67234176,0.01,877,1947600,300.0,2220,6492,0.02024693228304386,19075,0.0001
-0.5525210500000001,0.01,877,1948800,300.0,2221,6496,0.005038253962993622,19087,0.0001
-0.5514814199999999,0.01,877,1950000,300.0,2222,6500,0.004870709031820297,19099,0.0001
-0.7821037599999999,0.01,877,1951200,300.0,2222,6504,0.0072584571316838264,19111,0.0001
-0.85437735,0.01,877,1952400,300.0,2223,6508,0.006139278411865234,19123,0.0001
-0.99806512,0.01,878,1953600,300.0,2224,6512,0.005754424259066582,19135,0.0001
-1.1016526500000001,0.01,878,1954800,300.0,2225,6516,0.007956140674650669,19147,0.0001
-0.6745057799999999,0.01,878,1956000,300.0,2226,6520,0.006146705709397793,19159,0.0001
-0.52734133,0.01,878,1957200,300.0,2226,6524,0.0051744491793215275,19171,0.0001
-0.7411351100000002,0.01,879,1958400,300.0,2227,6528,0.005146074574440718,19183,0.0001
-0.32320870999999995,0.01,879,1959600,300.0,2228,6532,0.006322893779724836,19195,0.0001
-0.08471510999999969,0.01,879,1960800,300.0,2229,6536,0.005438962019979954,19207,0.0001
0.21735283000000036,0.01,879,1962000,300.0,2230,6540,0.010324042290449142,19219,0.0001
0.4984211600000002,0.01,879,1963200,300.0,2230,6544,0.0077239880338311195,19231,0.0001
-0.05092024999999987,0.01,880,1964400,300.0,2231,6548,0.00872210692614317,19243,0.0001
-0.16810103999999984,0.01,880,1965600,300.0,2232,6552,0.0066175758838653564,19255,0.0001
-0.6567353999999997,0.01,880,1966800,300.0,2233,6556,0.0049309683963656425,19267,0.0001
-0.6754993499999999,0.01,880,1968000,300.0,2234,6560,0.004928813315927982,19279,0.0001
-0.48227764999999967,0.01,880,1969200,300.0,2235,6564,0.005334741901606321,19291,0.0001
-0.3566363699999998,0.01,881,1970400,300.0,2236,6568,0.005592271685600281,19303,0.0001
-0.45937612,0.01,881,1971600,300.0,2237,6572,0.00552504463121295,19315,0.0001
-0.2648652800000002,0.01,881,1972800,300.0,2237,6576,0.0072345612570643425,19327,0.0001
-0.4704240000000003,0.01,881,1974000,300.0,2238,6580,0.005153925623744726,19339,0.0001
-0.11254794000000011,0.01,881,1975200,300.0,2239,6584,0.011691620573401451,19351,0.0001
-0.7849673800000001,0.01,882,1976400,300.0,2240,6588,0.006700493395328522,19363,0.0001
-0.5469621799999999,0.01,882,1977600,300.0,2241,6592,0.008724399842321873,19375,0.0001
-1.07075696,0.01,882,1978800,300.0,2242,6596,0.00647288141772151,19387,0.0001
-1.2032548,0.01,882,1980000,300.0,2243,6600,0.006455283146351576,19399,0.0001
-0.7560175600000001,0.01,882,1981200,300.0,2243,6604,0.006427302490919828,19411,0.0001
-0.34555779999999986,0.01,883,1982400,300.0,2244,6608,0.005186299793422222,19423,0.0001
-0.41905128999999985,0.01,883,1983600,300.0,2245,6612,0.0038090678863227367,19435,0.0001
-0.03748623999999991,0.01,883,1984800,300.0,2246,6616,0.005996350664645433,19447,0.0001
-0.66470664,0.01,883,1986000,300.0,2247,6620,0.011813100427389145,19459,0.0001
-0.68256351,0.01,883,1987200,300.0,2248,6624,0.010544349439442158,19471,0.0001
-0.9168754499999998,0.01,884,1988400,300.0,2248,6628,0.004143490456044674,19483,0.0001
-1.0155299099999997,0.01,884,1989600,300.0,2249,6632,0.005566309671849012,19495,0.0001
-1.1753675299999995,0.01,884,1990800,300.0,2250,6636,0.00566586758941412,19507,0.0001
-1.1830577399999997,0.01,884,1992000,300.0,2251,6640,0.005984732881188393,19519,0.0001
-1.2459657699999998,0.01,885,1993200,300.0,2251,6644,0.0056323460303246975,19531,0.0001
-0.7414148599999999,0.01,885,1994400,300.0,2252,6648,0.003961093723773956,19543,0.0001
-0.7390816399999999,0.01,885,1995600,300.0,2253,6652,0.0073065622709691525,19555,0.0001
-0.6567591299999997,0.01,885,1996800,300.0,2254,6656,0.013208767399191856,19567,0.0001
-0.2683418,0.01,886,1998000,300.0,2254,6660,0.006174255162477493,19579,0.0001
-0.3178908899999999,0.01,886,1999200,300.0,2255,6664,0.005887683480978012,19591,0.0001
