rollout/ep_rew_mean,time/total_timesteps,time/episodes,time/time_elapsed,rollout/exploration_rate,rollout/ep_len_mean,time/fps,train/learning_rate,train/n_updates,train/loss
-3.838586,1200,4,3,0.9977584905660376,300.0,349,,,
-3.2522656249999997,2400,8,3,0.9955169811320755,300.0,618,,,
-1.2925964999999997,3600,12,4,0.9932754716981131,300.0,836,,,
-0.07191850000000005,4800,16,4,0.9910339622641511,300.0,1015,,,
-1.28221975,6000,20,5,0.9887924528301887,300.0,1163,,,
-0.6462617499999997,7200,24,5,0.9865509433962263,300.0,1284,,,
0.21958042857142873,8400,28,6,0.9843094339622642,300.0,1389,,,
-0.09118868749999981,9600,32,6,0.9820679245283018,300.0,1483,,,
-0.0888717777777776,10800,36,6,0.9798264150943398,300.0,1564,,,
0.25187377499999997,12000,40,7,0.9775849056603774,300.0,1635,,,
-0.08022195454545457,13200,44,7,0.9753433962264149,300.0,1697,,,
0.33084047916666676,14400,48,8,0.9731018867924529,300.0,1756,,,
0.3981809230769231,15600,52,8,0.9708603773584905,300.0,1806,,,
0.31234628571428563,16800,56,9,0.9686188679245284,300.0,1852,,,
0.4878619999999999,18000,60,9,0.966377358490566,300.0,1889,,,
0.413765203125,19200,64,9,0.9641358490566035,300.0,1928,,,
0.53386775,20400,68,10,0.9618943396226416,300.0,1958,,,
0.2103038194444444,21600,72,10,0.9596528301886791,300.0,1991,,,
-0.16559910526315794,22800,76,11,0.9574113207547171,300.0,2015,,,
0.1114585874999999,24000,80,11,0.9551698113207547,300.0,2034,,,
-0.004718809523809595,25200,84,12,0.9529283018867927,300.0,2059,,,
-0.09714059090909091,26400,88,12,0.9506867924528303,300.0,2082,,,
-0.0436931847826087,27600,92,13,0.9484452830188678,300.0,2102,,,
-0.4943021458333335,28800,96,13,0.9462037735849058,300.0,2123,,,
-0.2553014300000002,30000,100,14,0.9439622641509433,300.0,2140,,,
-0.11590818000000025,31200,104,14,0.9417207547169814,300.0,2160,,,
0.08529835999999999,32400,108,14,0.9394792452830188,300.0,2178,,,
0.1802002300000001,33600,112,15,0.9372377358490565,300.0,2194,,,
0.15545076999999996,34800,116,15,0.9349962264150945,300.0,2194,,,
0.6296531999999999,36000,120,16,0.932754716981132,300.0,2206,,,
0.5968455899999999,37200,124,16,0.93051320754717,300.0,2221,,,
0.4556460699999998,38400,128,17,0.9282716981132075,300.0,2234,,,
0.76162084,39600,132,17,0.9260301886792451,300.0,2247,,,
1.12943421,40800,136,18,0.9237886792452831,300.0,2249,0.0001,7,0.040189601480960846
1.1650724099999998,42000,140,18,0.9215471698113207,300.0,2255,0.0001,19,0.03559562936425209
1.6082632000000001,43200,144,19,0.9193056603773587,300.0,2261,0.0001,31,0.03349502384662628
1.64721494,44400,148,19,0.9170641509433962,300.0,2265,0.0001,43,0.031292252242565155
1.7397306199999998,45600,152,20,0.9148226415094338,300.0,2269,0.0001,55,0.029726024717092514
1.7960889999999998,46800,156,20,0.9125811320754718,300.0,2274,0.0001,67,0.02756064012646675
1.77406453,48000,160,21,0.9103396226415094,300.0,2274,0.0001,79,0.028793781995773315
1.76697494,49200,164,21,0.9080981132075473,300.0,2279,0.0001,91,0.02724391780793667
1.6046300700000002,50400,168,22,0.9058566037735849,300.0,2283,0.0001,103,0.02532886527478695
1.94509339,51600,172,22,0.9036150943396225,300.0,2287,0.0001,115,0.023575833067297935
2.26407467,52800,176,23,0.9013735849056604,300.0,2290,0.0001,127,0.02214435115456581
1.8164054400000003,54000,180,23,0.899132075471698,300.0,2294,0.0001,139,0.019061286002397537
1.9130076899999997,55200,184,24,0.896890566037736,300.0,2298,0.0001,151,0.02101788856089115
1.67548521,56400,188,24,0.8946490566037736,300.0,2301,0.0001,163,0.01978919468820095
1.4480042700000002,57600,192,24,0.8924075471698112,300.0,2304,0.0001,175,0.016903534531593323
1.7174560999999997,58800,196,25,0.8901660377358491,300.0,2308,0.0001,187,0.014619060792028904
1.5858491000000001,60000,200,25,0.8879245283018867,300.0,2312,0.0001,199,0.010379948653280735
1.7050639800000003,61200,204,26,0.8856830188679247,300.0,2314,0.0001,211,0.010308900848031044
1.8628891100000002,62400,208,26,0.8834415094339623,300.0,2317,0.0001,223,0.008531013503670692
1.6622040900000004,63600,212,27,0.8811999999999998,300.0,2320,0.0001,235,0.008235285989940166
1.3167519300000003,64800,216,27,0.8789584905660378,300.0,2323,0.0001,247,0.00856518279761076
1.2359861400000003,66000,220,28,0.8767169811320754,300.0,2325,0.0001,259,0.008675276301801205
0.9701705400000001,67200,224,28,0.8744754716981133,300.0,2327,0.0001,271,0.009280206635594368
1.0110251900000002,68400,228,29,0.872233962264151,300.0,2328,0.0001,283,0.010611217468976974
0.8093761300000003,69600,232,29,0.8699924528301889,300.0,2320,0.0001,295,0.01149693038314581
0.4437773200000001,70800,236,30,0.8677509433962265,300.0,2320,0.0001,307,0.010373817756772041
0.13933195999999992,72000,240,31,0.865509433962264,300.0,2319,0.0001,319,0.01090041920542717
-0.3209048700000001,73200,244,31,0.863267924528302,300.0,2316,0.0001,331,0.012275412678718567
-0.6035768100000002,74400,248,32,0.8610264150943396,300.0,2316,0.0001,343,0.011661091819405556
-0.5398166400000002,75600,252,32,0.8587849056603771,300.0,2317,0.0001,355,0.011264856904745102
-0.42223483000000017,76800,256,33,0.8565433962264152,300.0,2318,0.0001,367,0.013109707273542881
-0.6433848999999999,78000,260,33,0.8543018867924528,300.0,2319,0.0001,379,0.012785414233803749
-0.4619297299999999,79200,264,34,0.8520603773584907,300.0,2321,0.0001,391,0.012732215225696564
-0.39942476,80400,268,34,0.8498188679245282,300.0,2322,0.0001,403,0.01206172164529562
-0.64299295,81600,272,35,0.8475773584905663,300.0,2322,0.0001,415,0.012345591560006142
-1.01535569,82800,276,35,0.8453358490566039,300.0,2316,0.0001,427,0.012033713981509209
-0.53414576,84000,280,36,0.8430943396226414,300.0,2317,0.0001,439,0.013928728178143501
-0.78340021,85200,284,36,0.8408528301886794,300.0,2318,0.0001,451,0.01583888567984104
-0.8314110100000001,86400,288,37,0.8386113207547169,300.0,2317,0.0001,463,0.013944825157523155
-0.42634923999999996,87600,292,37,0.8363698113207549,300.0,2318,0.0001,475,0.013003142550587654
-0.3924265600000001,88800,296,38,0.8341283018867924,300.0,2318,0.0001,487,0.013983428478240967
-0.19322366000000002,90000,300,38,0.83188679245283,300.0,2319,0.0001,499,0.015900684520602226
-0.2181558800000002,91200,304,39,0.8296452830188681,300.0,2319,0.0001,511,0.013308944180607796
-0.33535805000000013,92400,308,39,0.8274037735849056,300.0,2318,0.0001,523,0.012735162861645222
0.04249866999999997,93600,312,40,0.8251622641509436,300.0,2319,0.0001,535,0.01388492900878191
0.24513936999999988,94800,316,40,0.8229207547169811,300.0,2318,0.0001,547,0.01226028148084879
0.2913714399999999,96000,320,41,0.8206792452830187,300.0,2310,0.0001,559,0.01183871366083622
0.6236067799999998,97200,324,42,0.8184377358490567,300.0,2308,0.0001,571,0.01162741519510746
0.3473878399999997,98400,328,42,0.8161962264150943,300.0,2306,0.0001,583,0.016380436718463898
0.1265964699999998,99600,332,43,0.8139547169811323,300.0,2304,0.0001,595,0.011664974503219128
0.1586134699999997,100800,336,92,0.8117132075471698,300.0,1091,0.0001,607,0.012630216777324677
0.41911062999999993,102000,340,92,0.8094716981132074,300.0,1098,0.0001,619,0.01618715561926365
0.3539600299999999,103200,344,93,0.8072301886792453,300.0,1105,0.0001,631,0.014089507982134819
0.40110918999999984,104400,348,93,0.804988679245283,300.0,1111,0.0001,643,0.01354716345667839
0.2247549200000001,105600,352,94,0.8027471698113209,300.0,1118,0.0001,655,0.012110276147723198
-0.1787437899999999,106800,356,94,0.8005056603773585,300.0,1124,0.0001,667,0.011187521740794182
-0.08190329999999994,108000,360,95,0.7982641509433961,300.0,1131,0.0001,679,0.010253287851810455
-0.33478076,109200,364,96,0.796022641509434,300.0,1136,0.0001,691,0.014409827068448067
-0.4025066900000001,110400,368,96,0.7937811320754716,300.0,1142,0.0001,703,0.0092044398188591
0.07460126,111600,372,97,0.7915396226415096,300.0,1148,0.0001,715,0.012289440259337425
0.45467575999999993,112800,376,97,0.7892981132075472,300.0,1154,0.0001,727,0.010858159512281418
0.17996343999999986,114000,380,98,0.7870566037735847,300.0,1160,0.0001,739,0.008707626722753048
0.23359419999999984,115200,384,98,0.7848150943396227,300.0,1166,0.0001,751,0.012263746000826359
0.5297436199999999,116400,388,99,0.7825735849056603,300.0,1172,0.0001,763,0.005296630319207907
0.38586013,117600,392,99,0.7803320754716982,300.0,1177,0.0001,775,0.010781417600810528
0.44830743,118800,396,100,0.7780905660377359,300.0,1182,0.0001,787,0.006411814596503973
0.20047537999999984,120000,400,101,0.7758490566037735,300.0,1187,0.0001,799,0.008277742192149162
-0.03748877000000019,121200,404,101,0.7736075471698114,300.0,1192,0.0001,811,0.008853750303387642
-0.21732735000000017,122400,408,102,0.7713660377358489,300.0,1197,0.0001,823,0.009128058329224586
-0.3897764100000002,123600,412,102,0.7691245283018869,300.0,1201,0.0001,835,0.007277009077370167
-0.06348055000000011,124800,416,103,0.7668830188679245,300.0,1206,0.0001,847,0.00891011394560337
-0.19897044000000008,126000,420,103,0.7646415094339625,300.0,1212,0.0001,859,0.009075905196368694
-0.4182093400000001,127200,424,104,0.7624000000000001,300.0,1217,0.0001,871,0.00733801256865263
-0.1473951000000001,128400,428,104,0.7601584905660377,300.0,1222,0.0001,883,0.011449171230196953
0.1979989699999999,129600,432,105,0.7579169811320756,300.0,1227,0.0001,895,0.009638853371143341
0.08137113999999995,130800,436,106,0.7556754716981131,300.0,1232,0.0001,907,0.010716318152844906
-0.1712117000000001,132000,440,106,0.7534339622641508,300.0,1236,0.0001,919,0.0066863917745649815
-0.0728936600000001,133200,444,107,0.7511924528301888,300.0,1241,0.0001,931,0.008878699503839016
-0.041878389999999995,134400,448,107,0.7489509433962263,300.0,1246,0.0001,943,0.008274166844785213
-0.13957608999999999,135600,452,108,0.7467094339622642,300.0,1251,0.0001,955,0.012491993606090546
0.04993454999999987,136800,456,108,0.7444679245283019,300.0,1256,0.0001,967,0.01126121822744608
-0.25797940000000014,138000,460,109,0.7422264150943398,300.0,1261,0.0001,979,0.008421212434768677
-0.29679126,139200,464,110,0.7399849056603773,300.0,1265,0.0001,991,0.005690552294254303
-0.16907383000000017,140400,468,110,0.7377433962264149,300.0,1269,0.0001,1003,0.005958635360002518
-0.43571946000000017,141600,472,111,0.735501886792453,300.0,1272,0.0001,1015,0.007495311088860035
-0.3127814,142800,476,111,0.7332603773584905,300.0,1277,0.0001,1027,0.008135407231748104
-0.3282359,144000,480,112,0.7310188679245284,300.0,1282,0.0001,1039,0.012479949742555618
-0.3638185300000002,145200,484,112,0.7287773584905661,300.0,1286,0.0001,1051,0.011586662381887436
-0.5636456500000001,146400,488,113,0.7265358490566036,300.0,1291,0.0001,1063,0.01123602595180273
-0.7937114700000001,147600,492,113,0.7242943396226416,300.0,1295,0.0001,1075,0.009389031678438187
-0.9374429200000001,148800,496,114,0.7220528301886792,300.0,1300,0.0001,1087,0.0054949307814240456
-0.8421649300000001,150000,500,114,0.7198113207547172,300.0,1305,0.0001,1099,0.009986139833927155
-0.6344478400000001,151200,504,115,0.7175698113207547,300.0,1309,0.0001,1111,0.016461316496133804
-0.48971417,152400,508,116,0.7153283018867923,300.0,1313,0.0001,1123,0.0075432960875332355
-0.7609541300000001,153600,512,116,0.7130867924528304,300.0,1317,0.0001,1135,0.013036416843533516
-1.0680547599999999,154800,516,117,0.7108452830188678,300.0,1321,0.0001,1147,0.008097512647509575
-1.22857903,156000,520,117,0.7086037735849058,300.0,1325,0.0001,1159,0.012102180160582066
-1.0437153000000001,157200,524,118,0.7063622641509434,300.0,1330,0.0001,1171,0.009380496107041836
-0.85105002,158400,528,118,0.704120754716981,300.0,1334,0.0001,1183,0.009128996171057224
-0.7131817999999996,159600,532,119,0.7018792452830189,300.0,1338,0.0001,1195,0.00960131362080574
-0.75949278,160800,536,119,0.6996377358490565,300.0,1342,0.0001,1207,0.008558469824492931
-0.60285493,162000,540,120,0.6973962264150946,300.0,1345,0.0001,1219,0.0064699482172727585
-0.7074077000000001,163200,544,120,0.6951547169811321,300.0,1349,0.0001,1231,0.008181652054190636
-0.6874629599999998,164400,548,121,0.6929132075471697,300.0,1351,0.0001,1243,0.009955755434930325
-0.60104803,165600,552,122,0.6906716981132076,300.0,1354,0.0001,1255,0.008133906871080399
-0.4167416899999998,166800,556,122,0.6884301886792452,300.0,1358,0.0001,1267,0.007494830526411533
-0.0932008799999997,168000,560,123,0.6861886792452832,300.0,1362,0.0001,1279,0.0061530908569693565
-0.1037689199999998,169200,564,123,0.6839471698113208,300.0,1366,0.0001,1291,0.009935423731803894
-0.09276658999999998,170400,568,124,0.6817056603773588,300.0,1369,0.0001,1303,0.01068565808236599
-0.5535274700000001,171600,572,124,0.6794641509433963,300.0,1373,0.0001,1315,0.0049995798617601395
-1.14324523,172800,576,125,0.6772226415094338,300.0,1377,0.0001,1327,0.01267918199300766
-1.2865766399999998,174000,580,126,0.6749811320754718,300.0,1380,0.0001,1339,0.010356728918850422
-1.0417339200000002,175200,584,126,0.6727396226415094,300.0,1383,0.0001,1351,0.01203073188662529
-0.49911388000000023,176400,588,127,0.6704981132075469,300.0,1387,0.0001,1363,0.008708897978067398
-0.11284109,177600,592,127,0.668256603773585,300.0,1390,0.0001,1375,0.006543947849422693
0.2554364699999999,178800,596,128,0.6660150943396226,300.0,1394,0.0001,1387,0.007740314584225416
-0.35769336000000007,180000,600,128,0.6637735849056605,300.0,1397,0.0001,1399,0.01425183191895485
-0.16797848999999998,181200,604,129,0.661532075471698,300.0,1401,0.0001,1411,0.009904086589813232
-0.4020211799999999,182400,608,129,0.6592905660377361,300.0,1404,0.0001,1423,0.010024710558354855
-0.11557957999999979,183600,612,130,0.6570490566037737,300.0,1407,0.0001,1435,0.00981561653316021
0.08850956000000028,184800,616,130,0.6548075471698112,300.0,1410,0.0001,1447,0.006607243325561285
0.008940580000000203,186000,620,131,0.6525660377358492,300.0,1413,0.0001,1459,0.011385337449610233
-0.05525848999999984,187200,624,132,0.6503245283018868,300.0,1415,0.0001,1471,0.01226100791245699
-0.5438316399999998,188400,628,132,0.6480830188679243,300.0,1418,0.0001,1483,0.01257515512406826
-1.08865613,189600,632,133,0.6458415094339622,300.0,1420,0.0001,1495,0.008280112408101559
-0.9531075299999999,190800,636,133,0.6435999999999998,300.0,1424,0.0001,1507,0.008914723992347717
-0.70490526,192000,640,134,0.6413584905660379,300.0,1427,0.0001,1519,0.01109425537288189
-0.3599077900000001,193200,644,135,0.6391169811320754,300.0,1430,0.0001,1531,0.01155781652778387
-0.26984728,194400,648,135,0.6368754716981134,300.0,1433,0.0001,1543,0.010181549936532974
-0.2816969,195600,652,136,0.634633962264151,300.0,1436,0.0001,1555,0.010450120083987713
-0.42148694,196800,656,136,0.6323924528301885,300.0,1438,0.0001,1567,0.010782376863062382
-0.4546019600000001,198000,660,137,0.6301509433962265,300.0,1441,0.0001,1579,0.00433771125972271
-0.5663926,199200,664,137,0.6279094339622641,300.0,1444,0.0001,1591,0.009131021797657013
-0.5818228400000001,200400,668,188,0.6256679245283021,300.0,1063,0.0001,1603,0.015463314950466156
-0.44441701999999983,201600,672,189,0.6234264150943396,300.0,1065,0.0001,1615,0.007729703094810247
0.17203558000000008,202800,676,189,0.6211849056603772,300.0,1068,0.0001,1627,0.006151978857815266
0.5986152200000001,204000,680,190,0.6189433962264153,300.0,1071,0.0001,1639,0.009307206608355045
0.3060369800000001,205200,684,191,0.6167018867924527,300.0,1073,0.0001,1651,0.010789105668663979
0.3259818500000001,206400,688,191,0.6144603773584907,300.0,1076,0.0001,1663,0.011272212490439415
0.09254295000000011,207600,692,192,0.6122188679245283,300.0,1077,0.0001,1675,0.021707816049456596
-0.12559025,208800,696,193,0.6099773584905659,300.0,1080,0.0001,1687,0.010711617767810822
0.29530685999999995,210000,700,193,0.6077358490566038,300.0,1083,0.0001,1699,0.010123632848262787
0.01406642999999991,211200,704,194,0.6054943396226414,300.0,1086,0.0001,1711,0.015608789399266243
-0.2662236700000002,212400,708,195,0.6032528301886795,300.0,1089,0.0001,1723,0.012884586118161678
-0.27821490000000004,213600,712,195,0.601011320754717,300.0,1092,0.0001,1735,0.011070486158132553
-0.4531799500000001,214800,716,196,0.5987698113207549,300.0,1094,0.0001,1747,0.00962831825017929
-0.07606152000000002,216000,720,196,0.5965283018867925,300.0,1097,0.0001,1759,0.008864147588610649
-0.0019253499999999945,217200,724,197,0.5942867924528301,300.0,1100,0.0001,1771,0.010487129911780357
0.3402109700000001,218400,728,197,0.592045283018868,300.0,1103,0.0001,1783,0.00878005102276802
0.5122851500000002,219600,732,198,0.5898037735849057,300.0,1106,0.0001,1795,0.011046703904867172
0.33737621000000007,220800,736,199,0.5875622641509433,300.0,1108,0.0001,1807,0.010423888452351093
-0.03995088999999982,222000,740,199,0.5853207547169812,300.0,1111,0.0001,1819,0.004764035809785128
-0.17822360999999978,223200,744,200,0.5830792452830188,300.0,1114,0.0001,1831,0.008504681289196014
-0.36411601,224400,748,200,0.5808377358490567,300.0,1117,0.0001,1843,0.016307588666677475
-0.20024659000000006,225600,752,201,0.5785962264150943,300.0,1120,0.0001,1855,0.009210711345076561
-0.37850886999999994,226800,756,201,0.5763547169811323,300.0,1122,0.0001,1867,0.019466308876872063
-0.2638676099999997,228000,760,202,0.5741132075471699,300.0,1125,0.0001,1879,0.016412656754255295
0.14459819000000038,229200,764,203,0.5718716981132075,300.0,1128,0.0001,1891,0.008532417006790638
0.17162628000000024,230400,768,203,0.5696301886792454,300.0,1131,0.0001,1903,0.010642928071320057
0.3855345100000002,231600,772,204,0.567388679245283,300.0,1134,0.0001,1915,0.009651489555835724
0.17175861000000023,232800,776,204,0.5651471698113206,300.0,1136,0.0001,1927,0.012516772374510765
0.33442548000000044,234000,780,205,0.5629056603773586,300.0,1139,0.0001,1939,0.010641524568200111
0.4774500900000003,235200,784,205,0.5606641509433961,300.0,1142,0.0001,1951,0.012199636548757553
0.13631318000000023,236400,788,206,0.5584226415094341,300.0,1144,0.0001,1963,0.006113752722740173
-0.1361980299999996,237600,792,207,0.5561811320754717,300.0,1147,0.0001,1975,0.008396022021770477
-0.23358964999999976,238800,796,207,0.5539396226415096,300.0,1150,0.0001,1987,0.010904127731919289
-0.1771959099999999,240000,800,208,0.5516981132075472,300.0,1152,0.0001,1999,0.012312281876802444
-0.060378269999999915,241200,804,208,0.5494566037735849,300.0,1155,0.0001,2011,0.01148904487490654
0.26241935000000016,242400,808,209,0.5472150943396228,300.0,1158,0.0001,2023,0.01381753757596016
-0.007910220000000025,243600,812,209,0.5449735849056603,300.0,1160,0.0001,2035,0.007879368960857391
-0.017293070000000136,244800,816,210,0.5427320754716983,300.0,1163,0.0001,2047,0.008539967238903046
-0.23833687000000003,246000,820,211,0.5404905660377359,300.0,1165,0.0001,2059,0.012133044190704823
-0.3951388899999999,247200,824,211,0.5382490566037734,300.0,1167,0.0001,2071,0.01580447517335415
-0.9008506099999998,248400,828,212,0.5360075471698115,300.0,1169,0.0001,2083,0.007844586856663227
-0.6431754399999999,249600,832,212,0.5337660377358491,300.0,1172,0.0001,2095,0.013098299503326416
-0.5769935399999998,250800,836,213,0.531524528301887,300.0,1174,0.0001,2107,0.01173572987318039
-0.8402560599999999,252000,840,214,0.5292830188679245,300.0,1177,0.0001,2119,0.012555684894323349
-0.4858515099999999,253200,844,214,0.527041509433962,300.0,1179,0.0001,2131,0.010598953813314438
-0.40536946999999995,254400,848,215,0.5248000000000002,300.0,1181,0.0001,2143,0.010649435222148895
-0.80424928,255600,852,215,0.5225584905660376,300.0,1183,0.0001,2155,0.00806969404220581
-0.6523912999999999,256800,856,216,0.5203169811320757,300.0,1186,0.0001,2167,0.005822767037898302
-0.6065765599999999,258000,860,217,0.5180754716981133,300.0,1188,0.0001,2179,0.0186360664665699
-0.6655723999999998,259200,864,217,0.5158339622641512,300.0,1190,0.0001,2191,0.008331234566867352
-1.05419505,260400,868,218,0.5135924528301887,300.0,1192,0.0001,2203,0.013154285959899426
-0.8433848999999998,261600,872,218,0.5113509433962263,300.0,1194,0.0001,2215,0.01166781410574913
-0.9337479399999999,262800,876,219,0.5091094339622644,300.0,1197,0.0001,2227,0.01130436360836029
-1.6192567999999996,264000,880,220,0.5068679245283019,300.0,1199,0.0001,2239,0.00513584166765213
-1.5648978999999996,265200,884,220,0.5046264150943394,300.0,1201,0.0001,2251,0.01939760334789753
-1.5868198599999996,266400,888,221,0.5023849056603774,300.0,1202,0.0001,2263,0.014003187417984009
-1.1312331,267600,892,222,0.500143396226415,300.0,1205,0.0001,2275,0.012049301527440548
-1.2272819700000002,268800,896,222,0.49790188679245306,300.0,1206,0.0001,2287,0.004297835752367973
-1.0521875200000002,270000,900,223,0.49566037735849056,300.0,1208,0.0001,2299,0.005706041119992733
-1.3515941599999999,271200,904,223,0.4934188679245285,300.0,1210,0.0001,2311,0.01079814974218607
-1.14301263,272400,908,224,0.4911773584905661,300.0,1213,0.0001,2323,0.011777311563491821
-1.1187688100000002,273600,912,225,0.4889358490566037,300.0,1215,0.0001,2335,0.004574316553771496
-1.19105931,274800,916,225,0.48669433962264175,300.0,1217,0.0001,2347,0.01229116227477789
-1.32476977,276000,920,226,0.48445283018867924,300.0,1219,0.0001,2359,0.008443530648946762
-1.29619523,277200,924,226,0.48221132075471673,300.0,1221,0.0001,2371,0.008244157768785954
-0.7001104399999999,278400,928,227,0.4799698113207548,300.0,1223,0.0001,2383,0.01902131177484989
-0.7755417699999998,279600,932,228,0.4777283018867924,300.0,1225,0.0001,2395,0.013283215463161469
-0.6127097999999997,280800,936,228,0.4754867924528303,300.0,1228,0.0001,2407,0.011987783014774323
-0.3452553399999998,282000,940,229,0.4732452830188679,300.0,1230,0.0001,2419,0.014504638500511646
-0.8311951500000001,283200,944,229,0.47100377358490586,300.0,1231,0.0001,2431,0.008636679500341415
-0.63503929,284400,948,230,0.46876226415094346,300.0,1233,0.0001,2443,0.01506791915744543
-0.3648378599999999,285600,952,231,0.46652075471698107,300.0,1235,0.0001,2455,0.013058990240097046
-0.4270073899999998,286800,956,231,0.464279245283019,300.0,1237,0.0001,2467,0.015175338834524155
-0.49218701,288000,960,232,0.4620377358490566,300.0,1239,0.0001,2479,0.008409077301621437
-0.5152901900000002,289200,964,232,0.4597962264150941,300.0,1242,0.0001,2491,0.020586412400007248
-0.25278524000000036,290400,968,233,0.45755471698113215,300.0,1244,0.0001,2503,0.016322698444128036
-0.3966938800000003,291600,972,233,0.45531320754716975,300.0,1246,0.0001,2515,0.013650747016072273
-0.2300474300000002,292800,976,234,0.4530716981132077,300.0,1248,0.0001,2527,0.013677646405994892
0.03201637999999986,294000,980,235,0.4508301886792452,300.0,1250,0.0001,2539,0.009144352748990059
0.16517132000000004,295200,984,235,0.44858867924528323,300.0,1252,0.0001,2551,0.012062257155776024
0.24419673999999997,296400,988,236,0.44634716981132083,300.0,1254,0.0001,2563,0.008489590138196945
-0.23094883000000013,297600,992,236,0.4441056603773583,300.0,1256,0.0001,2575,0.010436177253723145
-0.2172843800000002,298800,996,237,0.44186415094339637,300.0,1258,0.0001,2587,0.007942917756736279
-0.41029818000000007,300000,1000,288,0.43962264150943386,300.0,1039,0.0001,2599,0.013357296586036682
-0.12623683999999996,301200,1004,289,0.43738113207547147,300.0,1041,0.0001,2611,0.012445534579455853
-0.07823179000000006,302400,1008,289,0.4351396226415095,300.0,1043,0.0001,2623,0.00753973051905632
0.16618669999999994,303600,1012,290,0.43289811320754745,300.0,1045,0.0001,2635,0.022723527625203133
0.31007492000000014,304800,1016,290,0.43065660377358506,300.0,1047,0.0001,2647,0.010206206701695919
0.3696628100000001,306000,1020,291,0.42841509433962255,300.0,1049,0.0001,2659,0.008783823810517788
0.30759730999999996,307200,1024,292,0.4261735849056606,300.0,1051,0.0001,2671,0.006355481222271919
0.021249989999999892,308400,1028,292,0.4239320754716981,300.0,1053,0.0001,2683,0.012744409963488579
-0.42119599000000013,309600,1032,293,0.4216905660377357,300.0,1055,0.0001,2695,0.013656225055456161
-0.6063059900000002,310800,1036,293,0.41944905660377363,300.0,1057,0.0001,2707,0.008570941165089607
-0.5015858500000001,312000,1040,294,0.41720754716981123,300.0,1059,0.0001,2719,0.00657200301066041
-0.19631286999999983,313200,1044,295,0.4149660377358493,300.0,1061,0.0001,2731,0.00830162689089775
-0.5031251899999998,314400,1048,295,0.4127245283018868,300.0,1063,0.0001,2743,0.01365320011973381
-0.6366006399999997,315600,1052,296,0.4104830188679248,300.0,1065,0.0001,2755,0.013367288745939732
-0.7028657300000002,316800,1056,296,0.4082415094339623,300.0,1067,0.0001,2767,0.009291606955230236
-0.7004695500000002,318000,1060,297,0.4059999999999999,300.0,1069,0.0001,2779,0.009525584056973457
-0.5534602200000001,319200,1064,298,0.40375849056603796,300.0,1071,0.0001,2791,0.011386552825570107
-0.44232609999999994,320400,1068,298,0.40151698113207546,300.0,1073,0.0001,2803,0.01121954433619976
-0.50834865,321600,1072,299,0.39927547169811306,300.0,1074,0.0001,2815,0.010256714187562466
-0.7393459,322800,1076,299,0.397033962264151,300.0,1076,0.0001,2827,0.011688773520290852
-0.6782030900000001,324000,1080,300,0.3947924528301886,300.0,1078,0.0001,2839,0.009443294256925583
-0.6184149199999999,325200,1084,301,0.39255094339622654,300.0,1080,0.0001,2851,0.014764703810214996
-0.7524621599999999,326400,1088,301,0.39030943396226414,300.0,1081,0.0001,2863,0.007745399139821529
-0.33421733,327600,1092,302,0.3880679245283021,300.0,1083,0.0001,2875,0.012729750946164131
-0.13089528999999991,328800,1096,303,0.3858264150943397,300.0,1085,0.0001,2887,0.01182500645518303
-0.18729049000000011,330000,1100,303,0.3835849056603773,300.0,1086,0.0001,2899,0.010863170027732849
-0.18788394000000003,331200,1104,304,0.3813433962264152,300.0,1088,0.0001,2911,0.014993011020123959
-0.32529178999999986,332400,1108,304,0.3791018867924528,300.0,1090,0.0001,2923,0.00844291690737009
-0.49178922999999986,333600,1112,305,0.37686037735849043,300.0,1092,0.0001,2935,0.008976101875305176
-0.52545168,334800,1116,305,0.37461886792452836,300.0,1094,0.0001,2947,0.012897815555334091
-0.11488421000000013,336000,1120,306,0.37237735849056597,300.0,1095,0.0001,2959,0.009563403204083443
-0.033022620000000044,337200,1124,307,0.3701358490566039,300.0,1097,0.0001,2971,0.010048539377748966
-0.034251819999999995,338400,1128,307,0.3678943396226415,300.0,1099,0.0001,2983,0.008279978297650814
0.19095296000000006,339600,1132,308,0.36565283018867945,300.0,1101,0.0001,2995,0.018252599984407425
0.16774588000000015,340800,1136,308,0.36341132075471705,300.0,1103,0.0001,3007,0.012774810194969177
0.24255704000000008,342000,1140,309,0.36116981132075454,300.0,1104,0.0001,3019,0.00854347925633192
0.20689873000000006,343200,1144,310,0.3589283018867926,300.0,1105,0.0001,3031,0.014485747553408146
0.16147560000000025,344400,1148,310,0.3566867924528302,300.0,1107,0.0001,3043,0.009950761683285236
0.26590842000000037,345600,1152,311,0.3544452830188677,300.0,1109,0.0001,3055,0.012993735261261463
0.5481244900000002,346800,1156,312,0.35220377358490573,300.0,1110,0.0001,3067,0.010249840095639229
0.49349637000000013,348000,1160,312,0.34996226415094367,300.0,1112,0.0001,3079,0.008151900954544544
0.09756817000000022,349200,1164,313,0.3477207547169813,300.0,1113,0.0001,3091,0.010861381888389587
0.07678037000000021,350400,1168,314,0.3454792452830189,300.0,1115,0.0001,3103,0.010617661289870739
-0.02619602999999966,351600,1172,314,0.3432377358490568,300.0,1116,0.0001,3115,0.010638726875185966
0.10750886000000032,352800,1176,315,0.3409962264150943,300.0,1118,0.0001,3127,0.014068838208913803
-0.06591556999999987,354000,1180,315,0.3387547169811319,300.0,1120,0.0001,3139,0.021547390148043633
-0.07911570999999987,355200,1184,316,0.33651320754716996,300.0,1121,0.0001,3151,0.007656782399863005
-0.16378858000000004,356400,1188,317,0.33427169811320756,300.0,1123,0.0001,3163,0.014335663989186287
-0.35948515000000003,357600,1192,317,0.3320301886792455,300.0,1124,0.0001,3175,0.009702111594378948
-0.28431813000000006,358800,1196,318,0.329788679245283,300.0,1126,0.0001,3187,0.0064806826412677765
-0.17224790000000018,360000,1200,319,0.32754716981132104,300.0,1127,0.0001,3199,0.017249608412384987
-0.0488056200000001,361200,1204,319,0.32530566037735864,300.0,1129,0.0001,3211,0.007755129598081112
-0.08652692999999999,362400,1208,320,0.32306415094339613,300.0,1131,0.0001,3223,0.013019456528127193
-0.2329437000000002,363600,1212,321,0.3208226415094342,300.0,1132,0.0001,3235,0.009773148223757744
-0.059168930000000265,364800,1216,321,0.3185811320754717,300.0,1134,0.0001,3247,0.011698288843035698
-0.29831015999999994,366000,1220,322,0.3163396226415093,300.0,1135,0.0001,3259,0.010395234450697899
-0.28273334999999983,367200,1224,322,0.3140981132075473,300.0,1137,0.0001,3271,0.0072406274266541
-0.23872697,368400,1228,323,0.3118566037735848,300.0,1139,0.0001,3283,0.011351725086569786
0.036546960000000024,369600,1232,324,0.30961509433962275,300.0,1140,0.0001,3295,0.011823249980807304
0.15906058000000015,370800,1236,324,0.30737358490566036,300.0,1142,0.0001,3307,0.012869590893387794
0.06307514999999991,372000,1240,325,0.3051320754716984,300.0,1143,0.0001,3319,0.011263460852205753
0.16053207999999988,373200,1244,325,0.302890566037736,300.0,1145,0.0001,3331,0.014708110131323338
0.08768913999999992,374400,1248,326,0.3006490566037735,300.0,1146,0.0001,3343,0.012381616979837418
-0.3070044,375600,1252,327,0.29840754716981144,300.0,1148,0.0001,3355,0.0056961700320243835
-0.07816053999999968,376800,1256,327,0.29616603773584904,300.0,1150,0.0001,3367,0.012129271402955055
-0.1981266299999998,378000,1260,328,0.29392452830188665,300.0,1151,0.0001,3379,0.01188027486205101
-0.006455990000000011,379200,1264,328,0.2916830188679246,300.0,1153,0.0001,3391,0.007381085306406021
-0.13573954000000005,380400,1268,329,0.2894415094339622,300.0,1154,0.0001,3403,0.005767198279500008
0.015343069999999983,381600,1272,330,0.2872000000000001,300.0,1156,0.0001,3415,0.006019655615091324
0.05794616000000003,382800,1276,330,0.2849584905660377,300.0,1157,0.0001,3427,0.012020776979625225
0.22777790000000006,384000,1280,331,0.2827169811320758,300.0,1158,0.0001,3439,0.011093251407146454
-0.13374375999999996,385200,1284,331,0.28047547169811327,300.0,1160,0.0001,3451,0.007756455801427364
0.09608521000000007,386400,1288,332,0.27823396226415076,300.0,1161,0.0001,3463,0.008307481184601784
0.34165042000000007,387600,1292,333,0.2759924528301888,300.0,1163,0.0001,3475,0.013116652145981789
0.24251546000000004,388800,1296,333,0.2737509433962264,300.0,1164,0.0001,3487,0.01138848066329956
0.27833805000000017,390000,1300,334,0.271509433962264,300.0,1166,0.0001,3499,0.00804577860981226
0.45412212000000013,391200,1304,335,0.26926792452830195,300.0,1167,0.0001,3511,0.011873329058289528
0.37159621000000015,392400,1308,335,0.26702641509433944,300.0,1168,0.0001,3523,0.008147870190441608
0.7763362200000001,393600,1312,336,0.2647849056603775,300.0,1169,0.0001,3535,0.015876321122050285
0.5053032500000001,394800,1316,337,0.2625433962264151,300.0,1171,0.0001,3547,0.006134446710348129
0.4614951500000001,396000,1320,337,0.26030188679245303,300.0,1172,0.0001,3559,0.00957801565527916
0.10721555000000006,397200,1324,338,0.25806037735849063,300.0,1173,0.0001,3571,0.0038214433006942272
0.16318955000000016,398400,1328,338,0.2558188679245281,300.0,1175,0.0001,3583,0.007869783788919449
-0.10194015000000001,399600,1332,339,0.2535773584905662,300.0,1176,0.0001,3595,0.005411653313785791
0.058365699999999965,400800,1336,391,0.2513358490566038,300.0,1023,0.0001,3607,0.0074895089492201805
0.3198792000000001,402000,1340,392,0.24909433962264138,300.0,1025,0.0001,3619,0.007750226184725761
-0.10420879999999971,403200,1344,392,0.2468528301886792,300.0,1026,0.0001,3631,0.008954168297350407
-0.18562294999999984,404400,1348,393,0.24461132075471725,300.0,1028,0.0001,3643,0.009036102332174778
0.23932515000000007,405600,1352,393,0.24236981132075486,300.0,1029,0.0001,3655,0.00437259953469038
-0.25034605000000015,406800,1356,394,0.24012830188679246,300.0,1030,0.0001,3667,0.007868352346122265
-0.30457796000000026,408000,1360,395,0.2378867924528304,300.0,1032,0.0001,3679,0.0064338441006839275
-0.1439597300000002,409200,1364,395,0.2356452830188679,300.0,1033,0.0001,3691,0.01077510416507721
-0.03662728000000016,410400,1368,396,0.2334037735849055,300.0,1034,0.0001,3703,0.008321535773575306
-0.27937759000000023,411600,1372,397,0.23116226415094354,300.0,1036,0.0001,3715,0.006943351589143276
-0.35132814000000023,412800,1376,397,0.22892075471698115,300.0,1037,0.0001,3727,0.0048887222073972225
-0.3561781100000001,414000,1380,398,0.22667924528301897,300.0,1039,0.0001,3739,0.006651715375483036
0.2388647899999999,415200,1384,399,0.22443773584905657,300.0,1040,0.0001,3751,0.006889000069350004
0.2754506599999999,416400,1388,399,0.22219622641509462,300.0,1041,0.0001,3763,0.006323290057480335
0.1026831000000001,417600,1392,400,0.21995471698113223,300.0,1043,0.0001,3775,0.009752855636179447
0.08307446000000011,418800,1396,400,0.21771320754716983,300.0,1044,0.0001,3787,0.011067049577832222
-0.13965256,420000,1400,401,0.21547169811320765,300.0,1045,0.0001,3799,0.010037051513791084
-0.7097395,421200,1404,402,0.21323018867924526,300.0,1046,0.0001,3811,0.008074238896369934
-0.35545983,422400,1408,403,0.21098867924528286,300.0,1047,0.0001,3823,0.00802688766270876
-0.86807245,423600,1412,403,0.2087471698113209,300.0,1048,0.0001,3835,0.008193641901016235
-0.9205286399999997,424800,1416,404,0.2065056603773585,300.0,1049,0.0001,3847,0.007225248031318188
-0.8801700599999998,426000,1420,405,0.20426415094339634,300.0,1051,0.0001,3859,0.006515529938042164
-0.4443293899999999,427200,1424,405,0.20202264150943394,300.0,1052,0.0001,3871,0.009110761806368828
-0.5393167,428400,1428,406,0.199781132075472,300.0,1053,0.0001,3883,0.0074868896044790745
-0.13386068,429600,1432,407,0.1975396226415096,300.0,1055,0.0001,3895,0.008472487330436707
-0.21250851000000015,430800,1436,407,0.19529811320754709,300.0,1056,0.0001,3907,0.009818981401622295
-0.71268928,432000,1440,408,0.19305660377358502,300.0,1057,0.0001,3919,0.005785367917269468
-0.8054612799999998,433200,1444,409,0.19081509433962263,300.0,1059,0.0001,3931,0.010232260450720787
-0.6303312099999999,434400,1448,409,0.18857358490566023,300.0,1060,0.0001,3943,0.006982508115470409
-0.8451644099999999,435600,1452,410,0.18633207547169828,300.0,1061,0.0001,3955,0.004383340943604708
-0.6554558699999998,436800,1456,410,0.18409056603773566,300.0,1062,0.0001,3967,0.006546725519001484
-0.5110413999999999,438000,1460,411,0.1818490566037737,300.0,1064,0.0001,3979,0.01068045198917389
-0.6485047699999998,439200,1464,412,0.1796075471698113,300.0,1064,0.0001,3991,0.012474997900426388
-0.98579536,440400,1468,413,0.17736603773584936,300.0,1065,0.0001,4003,0.0069424547255039215
-0.6760096800000001,441600,1472,413,0.17512452830188696,300.0,1067,0.0001,4015,0.00477655790746212
-0.6347905100000003,442800,1476,414,0.17288301886792434,300.0,1068,0.0001,4027,0.00612067524343729
-0.6659463900000003,444000,1480,415,0.1706415094339624,300.0,1069,0.0001,4039,0.006156199611723423
-1.0065239700000002,445200,1484,415,0.1684,300.0,1071,0.0001,4051,0.007589040324091911
-0.9714705599999999,446400,1488,416,0.1661584905660376,300.0,1072,0.0001,4063,0.006521603558212519
-1.1479889200000002,447600,1492,416,0.16391698113207553,300.0,1073,0.0001,4075,0.005957086570560932
-1.16048783,448800,1496,417,0.16167547169811347,300.0,1074,0.0001,4087,0.010687585920095444
-1.2790103499999999,450000,1500,418,0.15943396226415107,300.0,1076,0.0001,4099,0.005207414273172617
-0.8942720300000001,451200,1504,418,0.15719245283018868,300.0,1077,0.0001,4111,0.008083339780569077
-1.0951793,452400,1508,419,0.15495094339622673,300.0,1078,0.0001,4123,0.007649616803973913
-1.0314507000000002,453600,1512,420,0.1527094339622641,300.0,1079,0.0001,4135,0.010655203834176064
-1.14122569,454800,1516,420,0.1504679245283017,300.0,1081,0.0001,4147,0.006453660316765308
-1.3124127599999997,456000,1520,421,0.14822641509433976,300.0,1081,0.0001,4159,0.00479670986533165
-1.1368748300000002,457200,1524,422,0.14598490566037736,300.0,1083,0.0001,4171,0.007395762950181961
-1.205359,458400,1528,422,0.1437433962264153,300.0,1084,0.0001,4183,0.003906616475433111
-1.4670454000000004,459600,1532,423,0.1415018867924528,300.0,1085,0.0001,4195,0.005819256417453289
-1.95987375,460800,1536,424,0.13926037735849084,300.0,1086,0.0001,4207,0.006679106503725052
-1.6942817499999998,462000,1540,424,0.13701886792452844,300.0,1087,0.0001,4219,0.007721735164523125
-1.4751239600000006,463200,1544,425,0.13477735849056605,300.0,1088,0.0001,4231,0.007127505261451006
-1.3080384400000002,464400,1548,426,0.13253584905660387,300.0,1090,0.0001,4243,0.006840178277343512
-1.16500355,465600,1552,426,0.13029433962264148,300.0,1091,0.0001,4255,0.007828908041119576
-1.20780114,466800,1556,427,0.12805283018867908,300.0,1092,0.0001,4267,0.008113603107631207
-0.9011690100000002,468000,1560,428,0.12581132075471713,300.0,1093,0.0001,4279,0.00843745842576027
-0.8222206500000001,469200,1564,428,0.12356981132075473,300.0,1094,0.0001,4291,0.004426165949553251
-0.5984331899999998,470400,1568,429,0.12132830188679256,300.0,1095,0.0001,4303,0.00581533694639802
-1.00587828,471600,1572,429,0.11908679245283016,300.0,1096,0.0001,4315,0.0076501802541315556
-0.6294938099999999,472800,1576,430,0.1168452830188682,300.0,1097,0.0001,4327,0.005995796527713537
-0.42290295,474000,1580,431,0.11460377358490581,300.0,1099,0.0001,4339,0.007427826523780823
-0.37751484000000013,475200,1584,432,0.1123622641509433,300.0,1099,0.0001,4351,0.005797532387077808
-0.26738962000000016,476400,1588,432,0.11012075471698124,300.0,1100,0.0001,4363,0.004597361199557781
0.3080260099999999,477600,1592,433,0.10787924528301884,300.0,1102,0.0001,4375,0.009905407205224037
0.0009991399999998397,478800,1596,434,0.10563773584905645,300.0,1103,0.0001,4387,0.009988128207623959
0.022518949999999958,480000,1600,434,0.1033962264150945,300.0,1104,0.0001,4399,0.006716130767017603
-0.24466810999999988,481200,1604,435,0.10115471698113199,300.0,1105,0.0001,4411,0.006217615678906441
-0.35795767,482400,1608,435,0.09891320754716992,300.0,1106,0.0001,4423,0.007475459482520819
-0.2817544600000002,483600,1612,436,0.09667169811320753,300.0,1107,0.0001,4435,0.006143326871097088
-0.2697596600000001,484800,1616,437,0.09443018867924557,300.0,1108,0.0001,4447,0.00497448118403554
-0.2758849500000001,486000,1620,437,0.09218867924528318,300.0,1109,0.0001,4459,0.00648540910333395
-0.8488200100000003,487200,1624,438,0.08994716981132067,300.0,1110,0.0001,4471,0.00478954566642642
-0.6162978700000002,488400,1628,439,0.08770566037735861,300.0,1112,0.0001,4483,0.005785333923995495
-0.95080684,489600,1632,439,0.08546415094339621,300.0,1113,0.0001,4495,0.004555358085781336
-0.75787129,490800,1636,440,0.08322264150943381,300.0,1114,0.0001,4507,0.00697556184604764
-1.0036281100000002,492000,1640,441,0.08098113207547175,300.0,1115,0.0001,4519,0.0057150437496602535
-1.0443139700000001,493200,1644,441,0.07873962264150935,300.0,1116,0.0001,4531,0.004719005897641182
-1.19993595,494400,1648,442,0.07649811320754729,300.0,1117,0.0001,4543,0.007750233635306358
-1.3267199599999997,495600,1652,443,0.0742566037735849,300.0,1118,0.0001,4555,0.006942967884242535
-1.23313749,496800,1656,443,0.07201509433962294,300.0,1119,0.0001,4567,0.007135299034416676
-1.5650841400000002,498000,1660,444,0.06977358490566044,300.0,1120,0.0001,4579,0.004665966145694256
-1.75251655,499200,1664,444,0.06753207547169804,300.0,1121,0.0001,4591,0.0057490523904562
-1.78656981,500400,1668,497,0.06529056603773598,300.0,1006,0.0001,4603,0.005414330400526524
-1.1971888100000003,501600,1672,498,0.06304905660377358,300.0,1007,0.0001,4615,0.0069516790099442005
-1.74253054,502800,1676,498,0.06080754716981118,300.0,1008,0.0001,4627,0.00529223307967186
-2.33163025,504000,1680,499,0.05856603773584912,300.0,1009,0.0001,4639,0.006017924752086401
-2.3701840599999997,505200,1684,500,0.05632452830188717,300.0,1010,0.0001,4651,0.006649205926805735
-2.57449706,506400,1688,500,0.05408301886792455,300.0,1011,0.0001,4663,0.0069506531581282616
-2.8912421600000004,507600,1692,501,0.05184150943396215,300.0,1012,0.0001,4675,0.005750107578933239
-2.20089006,508800,1696,502,0.0496000000000002,300.0,1013,0.0001,4687,0.005513287149369717
-1.8896924599999998,510000,1700,502,0.0473584905660378,300.0,1014,0.0001,4699,0.005694363731890917
-1.81022615,511200,1704,503,0.045116981132075296,300.0,1015,0.0001,4711,0.005165978334844112
-1.7147962999999995,512400,1708,504,0.04287547169811334,300.0,1016,0.0001,4723,0.004149191547185183
-1.5814765700000002,513600,1712,504,0.04063396226415139,300.0,1017,0.0001,4735,0.00603500846773386
-1.2357012200000002,514800,1716,505,0.03839245283018855,300.0,1018,0.0001,4747,0.004897824488580227
-1.3413664899999997,516000,1720,506,0.03615094339622649,300.0,1019,0.0001,4759,0.004945128224790096
-1.0729177099999998,517200,1724,506,0.03390943396226431,300.0,1020,0.0001,4771,0.007054112385958433
-1.06365961,518400,1728,507,0.031667924528301916,300.0,1021,0.0001,4783,0.004904195666313171
-0.5278733099999999,519600,1732,508,0.02942641509433952,300.0,1022,0.0001,4795,0.003773906733840704
-0.34488355,520800,1736,508,0.027184905660377567,300.0,1023,0.0001,4807,0.005908661521971226
-0.39068726000000015,522000,1740,509,0.02494339622641506,300.0,1024,0.0001,4819,0.006176713854074478
0.06036842999999996,523200,1744,510,0.022701886792452663,300.0,1025,0.0001,4831,0.005717018153518438
-0.23190397999999987,524400,1748,510,0.02046037735849071,300.0,1026,0.0001,4843,0.008100095205008984
0.32071433000000016,525600,1752,511,0.01821886792452876,300.0,1027,0.0001,4855,0.007657558191567659
0.3518553600000001,526800,1756,512,0.01597735849056592,300.0,1028,0.0001,4867,0.008951324038207531
0.2375176000000001,528000,1760,512,0.013735849056603633,300.0,1029,0.0001,4879,0.004032624885439873
0.42980896000000013,529200,1764,513,0.01149433962264168,300.0,1030,0.0001,4891,0.0049342685379087925
0.47030085000000016,530400,1768,514,0.01,300.0,1031,0.0001,4903,0.00611941097304225
-0.10097249999999994,531600,1772,514,0.01,300.0,1032,0.0001,4915,0.0055463784374296665
0.19798243,532800,1776,515,0.01,300.0,1033,0.0001,4927,0.0056880018673837185
0.6706035300000001,534000,1780,516,0.01,300.0,1034,0.0001,4939,0.0038125242572277784
0.6581486200000003,535200,1784,517,0.01,300.0,1035,0.0001,4951,0.0055673629976809025
0.29536828000000015,536400,1788,517,0.01,300.0,1036,0.0001,4963,0.0047704000025987625
-0.2859572800000002,537600,1792,518,0.01,300.0,1037,0.0001,4975,0.003763162065297365
-0.8417364800000002,538800,1796,518,0.01,300.0,1038,0.0001,4987,0.007911238819360733
-0.87455657,540000,1800,519,0.01,300.0,1039,0.0001,4999,0.0047239623963832855
-0.8363728400000001,541200,1804,520,0.01,300.0,1040,0.0001,5011,0.007174564525485039
-1.11776267,542400,1808,520,0.01,300.0,1041,0.0001,5023,0.005162174813449383
-1.3634432799999998,543600,1812,521,0.01,300.0,1041,0.0001,5035,0.004503116477280855
-1.5328078200000002,544800,1816,522,0.01,300.0,1042,0.0001,5047,0.004847995936870575
-1.07221998,546000,1820,523,0.01,300.0,1043,0.0001,5059,0.0053924513049423695
-0.7927717900000002,547200,1824,524,0.01,300.0,1043,0.0001,5071,0.005672126077115536
-0.6346654400000004,548400,1828,524,0.01,300.0,1044,0.0001,5083,0.004699865356087685
-0.9977690800000001,549600,1832,525,0.01,300.0,1045,0.0001,5095,0.003629156854003668
-0.9144136200000001,550800,1836,526,0.01,300.0,1046,0.0001,5107,0.006432851776480675
-1.06466142,552000,1840,526,0.01,300.0,1047,0.0001,5119,0.005319453310221434
-1.6159225400000004,553200,1844,527,0.01,300.0,1048,0.0001,5131,0.00464837858453393
-1.05826863,554400,1848,528,0.01,300.0,1049,0.0001,5143,0.01011907309293747
-1.4466656,555600,1852,528,0.01,300.0,1050,0.0001,5155,0.006670227274298668
-1.5287649399999999,556800,1856,529,0.01,300.0,1051,0.0001,5167,0.005402424372732639
-1.2463236400000002,558000,1860,530,0.01,300.0,1052,0.0001,5179,0.005836602300405502
-1.6591119999999995,559200,1864,530,0.01,300.0,1053,0.0001,5191,0.0066384244710206985
-1.80777967,560400,1868,531,0.01,300.0,1054,0.0001,5203,0.003419691463932395
-1.7815578399999998,561600,1872,532,0.01,300.0,1055,0.0001,5215,0.004565821960568428
-1.4646495500000003,562800,1876,532,0.01,300.0,1056,0.0001,5227,0.003864003112539649
-1.5126643500000003,564000,1880,533,0.01,300.0,1056,0.0001,5239,0.004781292751431465
-2.04209654,565200,1884,534,0.01,300.0,1057,0.0001,5251,0.0039716800674796104
-1.0628460500000003,566400,1888,534,0.01,300.0,1058,0.0001,5263,0.005024082493036985
-0.6221307,567600,1892,535,0.01,300.0,1059,0.0001,5275,0.004637792240828276
-0.10582286000000003,568800,1896,536,0.01,300.0,1060,0.0001,5287,0.007334931753575802
-0.16170304000000013,570000,1900,536,0.01,300.0,1061,0.0001,5299,0.0057148109190166
-0.28045336000000015,571200,1904,537,0.01,300.0,1062,0.0001,5311,0.008969766087830067
0.1738037,572400,1908,538,0.01,300.0,1063,0.0001,5323,0.007006085477769375
0.2389157299999999,573600,1912,538,0.01,300.0,1064,0.0001,5335,0.005049510858952999
0.24036495999999993,574800,1916,539,0.01,300.0,1065,0.0001,5347,0.004438209347426891
0.009922360000000002,576000,1920,540,0.01,300.0,1066,0.0001,5359,0.007075054571032524
-0.19767245999999994,577200,1924,540,0.01,300.0,1067,0.0001,5371,0.005257457494735718
-0.4819234199999998,578400,1928,541,0.01,300.0,1067,0.0001,5383,0.003222788218408823
-0.5190305,579600,1932,542,0.01,300.0,1068,0.0001,5395,0.008096331730484962
-0.5904108699999999,580800,1936,543,0.01,300.0,1069,0.0001,5407,0.006197056267410517
-0.65438201,582000,1940,543,0.01,300.0,1069,0.0001,5419,0.005841853097081184
-0.5952052499999999,583200,1944,544,0.01,300.0,1070,0.0001,5431,0.004291457124054432
-0.8114420600000001,584400,1948,545,0.01,300.0,1071,0.0001,5443,0.004491738043725491
-0.8594808700000002,585600,1952,545,0.01,300.0,1072,0.0001,5455,0.004725954495370388
-1.04896155,586800,1956,546,0.01,300.0,1073,0.0001,5467,0.004847933538258076
-1.24596234,588000,1960,547,0.01,300.0,1074,0.0001,5479,0.004798683803528547
-0.9689304399999998,589200,1964,547,0.01,300.0,1075,0.0001,5491,0.008703071624040604
-0.8019068699999998,590400,1968,548,0.01,300.0,1076,0.0001,5503,0.004498172085732222
-0.68493877,591600,1972,549,0.01,300.0,1077,0.0001,5515,0.0034551366697996855
-0.8172554800000004,592800,1976,549,0.01,300.0,1078,0.0001,5527,0.0034209461882710457
-0.9992550800000002,594000,1980,550,0.01,300.0,1079,0.0001,5539,0.0042922887951135635
-0.73108823,595200,1984,551,0.01,300.0,1079,0.0001,5551,0.0094374381005764
-1.3561709100000001,596400,1988,551,0.01,300.0,1080,0.0001,5563,0.0062826843932271
-1.2682878700000004,597600,1992,552,0.01,300.0,1081,0.0001,5575,0.0042552100494503975
-1.2172133699999999,598800,1996,553,0.01,300.0,1082,0.0001,5587,0.00466798385605216
-0.90170478,600000,2000,606,0.01,300.0,988,0.0001,5599,0.003886530175805092
-0.44994273000000007,601200,2004,607,0.01,300.0,989,0.0001,5611,0.005836604628711939
-0.9561667699999999,602400,2008,608,0.01,300.0,990,0.0001,5623,0.00368430744856596
-0.82783044,603600,2012,608,0.01,300.0,991,0.0001,5635,0.003475300734862685
-0.8259042199999999,604800,2016,609,0.01,300.0,992,0.0001,5647,0.006021760869771242
-1.06373264,606000,2020,610,0.01,300.0,993,0.0001,5659,0.0049225520342588425
-0.8473202900000001,607200,2024,610,0.01,300.0,994,0.0001,5671,0.0037942826747894287
-0.76776704,608400,2028,611,0.01,300.0,994,0.0001,5683,0.006251940969377756
-1.09427658,609600,2032,612,0.01,300.0,995,0.0001,5695,0.004556733183562756
-1.05023909,610800,2036,612,0.01,300.0,996,0.0001,5707,0.0059732068330049515
-0.23443723000000008,612000,2040,613,0.01,300.0,997,0.0001,5719,0.0050944178365170956
0.08628000000000008,613200,2044,614,0.01,300.0,998,0.0001,5731,0.00443708710372448
-0.0047849899999997825,614400,2048,614,0.01,300.0,999,0.0001,5743,0.004315701313316822
0.2171773100000002,615600,2052,615,0.01,300.0,1000,0.0001,5755,0.0036793341860175133
0.43996254000000007,616800,2056,616,0.01,300.0,1000,0.0001,5767,0.0036312812007963657
0.5898757099999998,618000,2060,617,0.01,300.0,1001,0.0001,5779,0.014713454991579056
0.5785975000000001,619200,2064,617,0.01,300.0,1002,0.0001,5791,0.0034123617224395275
0.4586231300000002,620400,2068,618,0.01,300.0,1003,0.0001,5803,0.005219997838139534
0.3237845800000004,621600,2072,619,0.01,300.0,1004,0.0001,5815,0.004755903966724873
-0.16883248999999978,622800,2076,619,0.01,300.0,1005,0.0001,5827,0.004285906441509724
-0.25818051999999986,624000,2080,620,0.01,300.0,1005,0.0001,5839,0.00917309895157814
-0.22926755999999984,625200,2084,621,0.01,300.0,1006,0.0001,5851,0.003849382745102048
-0.19003200999999986,626400,2088,621,0.01,300.0,1007,0.0001,5863,0.006885197479277849
-0.12932761999999987,627600,2092,622,0.01,300.0,1008,0.0001,5875,0.0076728882268071175
-0.24259905000000004,628800,2096,623,0.01,300.0,1009,0.0001,5887,0.006833141669631004
-0.34238375,630000,2100,623,0.01,300.0,1009,0.0001,5899,0.006391017232090235
-0.7276870699999999,631200,2104,624,0.01,300.0,1010,0.0001,5911,0.0034063970670104027
-0.05342394000000004,632400,2108,625,0.01,300.0,1011,0.0001,5923,0.00874810665845871
-0.23441492000000003,633600,2112,625,0.01,300.0,1012,0.0001,5935,0.005131302867084742
0.11861031999999985,634800,2116,626,0.01,300.0,1013,0.0001,5947,0.004815381485968828
0.09174212999999988,636000,2120,627,0.01,300.0,1014,0.0001,5959,0.006471848115324974
-0.055356599999999985,637200,2124,627,0.01,300.0,1015,0.0001,5971,0.0030481021385639906
-0.2521401900000001,638400,2128,628,0.01,300.0,1015,0.0001,5983,0.004817187786102295
0.41445894999999994,639600,2132,629,0.01,300.0,1016,0.0001,5995,0.004005614668130875
0.2722037899999999,640800,2136,629,0.01,300.0,1017,0.0001,6007,0.007496675476431847
-0.13765904000000012,642000,2140,630,0.01,300.0,1018,0.0001,6019,0.010363288223743439
-0.03129550000000005,643200,2144,631,0.01,300.0,1019,0.0001,6031,0.0036507118493318558
0.27324976999999995,644400,2148,632,0.01,300.0,1019,0.0001,6043,0.004577802028506994
0.23935990000000004,645600,2152,632,0.01,300.0,1020,0.0001,6055,0.009032613597810268
0.041305420000000016,646800,2156,633,0.01,300.0,1021,0.0001,6067,0.006111081689596176
-0.060582960000000054,648000,2160,634,0.01,300.0,1022,0.0001,6079,0.004543420393019915
0.23609132,649200,2164,634,0.01,300.0,1022,0.0001,6091,0.004225631710141897
0.7193528400000001,650400,2168,635,0.01,300.0,1023,0.0001,6103,0.006300582084804773
1.32536358,651600,2172,636,0.01,300.0,1024,0.0001,6115,0.004855542443692684
1.2480723200000001,652800,2176,636,0.01,300.0,1024,0.0001,6127,0.004498356953263283
1.26169152,654000,2180,637,0.01,300.0,1025,0.0001,6139,0.005882290191948414
1.63110646,655200,2184,638,0.01,300.0,1026,0.0001,6151,0.0035335482098162174
1.78972144,656400,2188,638,0.01,300.0,1027,0.0001,6163,0.003338597249239683
1.64796922,657600,2192,639,0.01,300.0,1028,0.0001,6175,0.004759844392538071
1.3247070100000002,658800,2196,640,0.01,300.0,1028,0.0001,6187,0.004035408608615398
1.4877197999999998,660000,2200,641,0.01,300.0,1028,0.0001,6199,0.004206239245831966
1.8760390599999996,661200,2204,642,0.01,300.0,1029,0.0001,6211,0.004635622724890709
1.3765867000000003,662400,2208,643,0.01,300.0,1029,0.0001,6223,0.005434098653495312
1.32742706,663600,2212,643,0.01,300.0,1030,0.0001,6235,0.0045540826395154
1.2450286799999999,664800,2216,644,0.01,300.0,1031,0.0001,6247,0.005216808989644051
1.7045087599999997,666000,2220,645,0.01,300.0,1032,0.0001,6259,0.003728083334863186
1.45833618,667200,2224,645,0.01,300.0,1032,0.0001,6271,0.004540519323199987
1.9194755400000003,668400,2228,646,0.01,300.0,1033,0.0001,6283,0.004451895132660866
1.66286237,669600,2232,647,0.01,300.0,1034,0.0001,6295,0.00916886143386364
1.90102666,670800,2236,648,0.01,300.0,1035,0.0001,6307,0.004632529802620411
1.99624668,672000,2240,648,0.01,300.0,1035,0.0001,6319,0.005003337748348713
1.9493001799999996,673200,2244,649,0.01,300.0,1036,0.0001,6331,0.004674394149333239
1.9764324899999999,674400,2248,650,0.01,300.0,1037,0.0001,6343,0.007434358820319176
1.7674226300000004,675600,2252,650,0.01,300.0,1038,0.0001,6355,0.006306727882474661
1.8076235100000004,676800,2256,651,0.01,300.0,1038,0.0001,6367,0.0052720350213348866
2.0998512,678000,2260,652,0.01,300.0,1039,0.0001,6379,0.004473043605685234
1.9329690299999998,679200,2264,652,0.01,300.0,1040,0.0001,6391,0.006715860217809677
1.5728549500000002,680400,2268,653,0.01,300.0,1041,0.0001,6403,0.0045303283259272575
1.37239441,681600,2272,654,0.01,300.0,1041,0.0001,6415,0.004479298833757639
1.7493554100000004,682800,2276,654,0.01,300.0,1042,0.0001,6427,0.00503890635445714
1.70124535,684000,2280,655,0.01,300.0,1043,0.0001,6439,0.0057553197257220745
1.7310463200000004,685200,2284,656,0.01,300.0,1044,0.0001,6451,0.0032614250667393208
1.44932544,686400,2288,656,0.01,300.0,1045,0.0001,6463,0.005563770420849323
1.6443088299999997,687600,2292,657,0.01,300.0,1045,0.0001,6475,0.0039048297330737114
1.7672070500000001,688800,2296,658,0.01,300.0,1046,0.0001,6487,0.004245806485414505
0.9628026500000001,690000,2300,658,0.01,300.0,1047,0.0001,6499,0.006976294331252575
0.59261559,691200,2304,659,0.01,300.0,1048,0.0001,6511,0.004673108458518982
0.5682507700000001,692400,2308,660,0.01,300.0,1048,0.0001,6523,0.004762871190905571
0.9431591699999999,693600,2312,660,0.01,300.0,1049,0.0001,6535,0.008441969752311707
1.10461834,694800,2316,661,0.01,300.0,1050,0.0001,6547,0.00520805548876524
0.8237382500000001,696000,2320,662,0.01,300.0,1051,0.0001,6559,0.00276817474514246
0.9133628899999999,697200,2324,662,0.01,300.0,1051,0.0001,6571,0.003980932291597128
0.6546464999999999,698400,2328,663,0.01,300.0,1052,0.0001,6583,0.0038608817849308252
1.1393316199999999,699600,2332,664,0.01,300.0,1053,0.0001,6595,0.00656350702047348
1.1232924699999998,700800,2336,719,0.01,300.0,973,0.0001,6607,0.006670765578746796
1.1462652299999996,702000,2340,720,0.01,300.0,974,0.0001,6619,0.003573362249881029
0.9757879099999998,703200,2344,720,0.01,300.0,975,0.0001,6631,0.003763447515666485
0.6894500399999999,704400,2348,721,0.01,300.0,975,0.0001,6643,0.008198589086532593
0.6199124199999999,705600,2352,722,0.01,300.0,976,0.0001,6655,0.004539866931736469
0.9022319699999999,706800,2356,723,0.01,300.0,977,0.0001,6667,0.004180942662060261
1.0532805099999998,708000,2360,723,0.01,300.0,978,0.0001,6679,0.003937773406505585
1.1594443699999997,709200,2364,724,0.01,300.0,978,0.0001,6691,0.005029394291341305
1.6724232900000002,710400,2368,725,0.01,300.0,979,0.0001,6703,0.004649671725928783
1.6753408799999996,711600,2372,725,0.01,300.0,980,0.0001,6715,0.006629440933465958
1.4546916100000005,712800,2376,726,0.01,300.0,981,0.0001,6727,0.005182379391044378
1.30649022,714000,2380,727,0.01,300.0,981,0.0001,6739,0.00789338443428278
0.9329540299999999,715200,2384,727,0.01,300.0,982,0.0001,6751,0.004494285210967064
0.8336112100000002,716400,2388,728,0.01,300.0,983,0.0001,6763,0.004463622346520424
0.7879762199999999,717600,2392,729,0.01,300.0,984,0.0001,6775,0.005767767317593098
0.66307222,718800,2396,730,0.01,300.0,984,0.0001,6787,0.009200206026434898
1.6766362500000003,720000,2400,730,0.01,300.0,985,0.0001,6799,0.004945485852658749
1.8836492100000002,721200,2404,731,0.01,300.0,985,0.0001,6811,0.0038215816020965576
1.9165681399999999,722400,2408,732,0.01,300.0,986,0.0001,6823,0.004837969318032265
1.7905126499999995,723600,2412,733,0.01,300.0,987,0.0001,6835,0.004815566353499889
1.46249653,724800,2416,733,0.01,300.0,987,0.0001,6847,0.004915023688226938
1.3282718,726000,2420,734,0.01,300.0,988,0.0001,6859,0.003851482179015875
1.4534589100000002,727200,2424,735,0.01,300.0,989,0.0001,6871,0.004454346373677254
1.2043549899999997,728400,2428,735,0.01,300.0,989,0.0001,6883,0.007543316576629877
0.8367575799999999,729600,2432,736,0.01,300.0,990,0.0001,6895,0.005895522423088551
0.6131214399999999,730800,2436,737,0.01,300.0,991,0.0001,6907,0.007100827991962433
0.65749098,732000,2440,737,0.01,300.0,992,0.0001,6919,0.006200022995471954
0.48467923,733200,2444,738,0.01,300.0,992,0.0001,6931,0.005402717739343643
0.5754878899999999,734400,2448,739,0.01,300.0,993,0.0001,6943,0.004470000043511391
0.41879709999999976,735600,2452,739,0.01,300.0,994,0.0001,6955,0.0045332275331020355
0.12083885999999985,736800,2456,740,0.01,300.0,994,0.0001,6967,0.0037266556173563004
-0.72354256,738000,2460,741,0.01,300.0,995,0.0001,6979,0.003442802932113409
-0.8494376100000001,739200,2464,742,0.01,300.0,996,0.0001,6991,0.005453377962112427
-1.1804648500000006,740400,2468,742,0.01,300.0,996,0.0001,7003,0.006645433604717255
-1.02196589,741600,2472,743,0.01,300.0,997,0.0001,7015,0.006065008230507374
-0.8177920800000001,742800,2476,744,0.01,300.0,998,0.0001,7027,0.003938417881727219
-0.22143083000000024,744000,2480,744,0.01,300.0,998,0.0001,7039,0.004238883964717388
-0.13967952000000017,745200,2484,745,0.01,300.0,999,0.0001,7051,0.004927711561322212
0.4630963300000001,746400,2488,746,0.01,300.0,1000,0.0001,7063,0.003863247577100992
0.42070817,747600,2492,746,0.01,300.0,1001,0.0001,7075,0.004390810616314411
0.58365042,748800,2496,747,0.01,300.0,1001,0.0001,7087,0.006524210795760155
-0.1263779699999999,750000,2500,748,0.01,300.0,1002,0.0001,7099,0.003959048539400101
-0.05861515999999987,751200,2504,748,0.01,300.0,1003,0.0001,7111,0.004032999277114868
0.0920662500000001,752400,2508,749,0.01,300.0,1003,0.0001,7123,0.0035510635934770107
-0.11731241000000006,753600,2512,750,0.01,300.0,1004,0.0001,7135,0.003980217035859823
0.28063662000000006,754800,2516,750,0.01,300.0,1005,0.0001,7147,0.0039625270292162895
0.22597035000000015,756000,2520,751,0.01,300.0,1005,0.0001,7159,0.005110410042107105
0.13563850000000008,757200,2524,752,0.01,300.0,1006,0.0001,7171,0.004476696718484163
0.36523225,758400,2528,753,0.01,300.0,1006,0.0001,7183,0.0060837590135633945
0.36485983999999994,759600,2532,753,0.01,300.0,1007,0.0001,7195,0.0057283127680420876
0.61735723,760800,2536,754,0.01,300.0,1008,0.0001,7207,0.004747606813907623
0.48473080000000013,762000,2540,755,0.01,300.0,1009,0.0001,7219,0.014898528344929218
0.4788967000000001,763200,2544,755,0.01,300.0,1009,0.0001,7231,0.006119163706898689
0.39985358000000004,764400,2548,756,0.01,300.0,1010,0.0001,7243,0.006647120695561171
0.8237589200000004,765600,2552,757,0.01,300.0,1011,0.0001,7255,0.0037325406447052956
0.8487143000000001,766800,2556,757,0.01,300.0,1011,0.0001,7267,0.003460624488070607
1.0767500599999997,768000,2560,758,0.01,300.0,1012,0.0001,7279,0.0051389397121965885
0.7296165199999999,769200,2564,759,0.01,300.0,1013,0.0001,7291,0.00788344070315361
0.39817646,770400,2568,759,0.01,300.0,1013,0.0001,7303,0.004007245413959026
0.10814116000000001,771600,2572,760,0.01,300.0,1014,0.0001,7315,0.004655902273952961
-0.014956869999999949,772800,2576,761,0.01,300.0,1014,0.0001,7327,0.005015730392187834
-0.029052709999999954,774000,2580,762,0.01,300.0,1015,0.0001,7339,0.0032985920552164316
0.17043977000000005,775200,2584,763,0.01,300.0,1015,0.0001,7351,0.00627405010163784
-0.23318570000000005,776400,2588,763,0.01,300.0,1016,0.0001,7363,0.008718522265553474
-0.12812558999999998,777600,2592,764,0.01,300.0,1017,0.0001,7375,0.004018299747258425
-0.024578679999999943,778800,2596,765,0.01,300.0,1017,0.0001,7387,0.0051488918252289295
0.18961039999999987,780000,2600,765,0.01,300.0,1018,0.0001,7399,0.004931953735649586
0.13125054999999988,781200,2604,766,0.01,300.0,1019,0.0001,7411,0.007345433346927166
0.20119603000000008,782400,2608,767,0.01,300.0,1019,0.0001,7423,0.003852494992315769
0.4108960500000002,783600,2612,767,0.01,300.0,1020,0.0001,7435,0.005018592346459627
-0.07314576,784800,2616,768,0.01,300.0,1021,0.0001,7447,0.005083865020424128
-0.17377667000000016,786000,2620,769,0.01,300.0,1021,0.0001,7459,0.006238407455384731
-0.18746434999999995,787200,2624,770,0.01,300.0,1022,0.0001,7471,0.004913588520139456
-0.2946290899999997,788400,2628,770,0.01,300.0,1022,0.0001,7483,0.004518858157098293
-0.5999253299999997,789600,2632,771,0.01,300.0,1023,0.0001,7495,0.00476798927411437
-0.7418257499999998,790800,2636,772,0.01,300.0,1024,0.0001,7507,0.004571693949401379
-0.7606257999999997,792000,2640,772,0.01,300.0,1024,0.0001,7519,0.004631031770259142
-0.6870221499999996,793200,2644,773,0.01,300.0,1025,0.0001,7531,0.007446036674082279
-0.8631755099999995,794400,2648,774,0.01,300.0,1026,0.0001,7543,0.00945576187223196
-1.1441711599999997,795600,2652,774,0.01,300.0,1026,0.0001,7555,0.004499518778175116
-0.9977770699999999,796800,2656,775,0.01,300.0,1027,0.0001,7567,0.004542715847492218
-0.8517382599999997,798000,2660,775,0.01,300.0,1028,0.0001,7579,0.003730511525645852
-0.44659357000000005,799200,2664,776,0.01,300.0,1029,0.0001,7591,0.005162032321095467
-0.04346065000000003,800400,2668,830,0.01,300.0,963,0.0001,7603,0.009367825463414192
-0.13183631,801600,2672,831,0.01,300.0,963,0.0001,7615,0.0033275503665208817
-0.14821341999999998,802800,2676,832,0.01,300.0,964,0.0001,7627,0.003066255245357752
-0.19119366999999982,804000,2680,832,0.01,300.0,965,0.0001,7639,0.0049605946987867355
-0.059263009999999915,805200,2684,833,0.01,300.0,965,0.0001,7651,0.0042588962242007256
0.0008654400000000795,806400,2688,834,0.01,300.0,966,0.0001,7663,0.0044874828308820724
-0.0824946999999999,807600,2692,834,0.01,300.0,967,0.0001,7675,0.010762428864836693
-0.23772209999999994,808800,2696,835,0.01,300.0,967,0.0001,7687,0.004311063326895237
-0.2823587899999998,810000,2700,836,0.01,300.0,968,0.0001,7699,0.005024814512580633
-0.71381163,811200,2704,837,0.01,300.0,969,0.0001,7711,0.004936767742037773
-1.0805908,812400,2708,837,0.01,300.0,969,0.0001,7723,0.003724216017872095
-1.1976225,813600,2712,838,0.01,300.0,970,0.0001,7735,0.004954588133841753
-1.0275999100000002,814800,2716,838,0.01,300.0,971,0.0001,7747,0.005292900837957859
-0.9262314200000001,816000,2720,839,0.01,300.0,971,0.0001,7759,0.008831561543047428
-0.92719823,817200,2724,840,0.01,300.0,972,0.0001,7771,0.006004941649734974
-0.4107725699999999,818400,2728,841,0.01,300.0,972,0.0001,7783,0.004488158505409956
0.10375680000000008,819600,2732,842,0.01,300.0,973,0.0001,7795,0.006134554743766785
0.41423451,820800,2736,842,0.01,300.0,973,0.0001,7807,0.00354370241984725
0.5192180799999998,822000,2740,843,0.01,300.0,974,0.0001,7819,0.007144702598452568
0.8879560399999998,823200,2744,844,0.01,300.0,975,0.0001,7831,0.004848936572670937
0.9101826699999997,824400,2748,844,0.01,300.0,975,0.0001,7843,0.005494276527315378
0.94407186,825600,2752,845,0.01,300.0,976,0.0001,7855,0.0036417990922927856
1.0086684399999999,826800,2756,846,0.01,300.0,977,0.0001,7867,0.0035670697689056396
1.2743342500000001,828000,2760,846,0.01,300.0,977,0.0001,7879,0.005470519885420799
0.6909028100000001,829200,2764,847,0.01,300.0,978,0.0001,7891,0.004061701241880655
0.34532435000000006,830400,2768,848,0.01,300.0,979,0.0001,7903,0.00735020637512207
0.15615197,831600,2772,848,0.01,300.0,979,0.0001,7915,0.004197386559098959
0.07209437000000009,832800,2776,849,0.01,300.0,980,0.0001,7927,0.005657430738210678
-0.24487213999999985,834000,2780,850,0.01,300.0,980,0.0001,7939,0.004800213500857353
-0.6799139299999999,835200,2784,850,0.01,300.0,981,0.0001,7951,0.0038238978013396263
-0.6171560999999995,836400,2788,851,0.01,300.0,981,0.0001,7963,0.005195667967200279
-1.3472898999999996,837600,2792,852,0.01,300.0,982,0.0001,7975,0.011577064171433449
-1.1824280999999999,838800,2796,853,0.01,300.0,982,0.0001,7987,0.0045189098455011845
-1.2840640599999997,840000,2800,854,0.01,300.0,983,0.0001,7999,0.005266460590064526
-1.24130098,841200,2804,854,0.01,300.0,984,0.0001,8011,0.004367060028016567
-0.8073450999999997,842400,2808,855,0.01,300.0,984,0.0001,8023,0.006761007942259312
-0.5537801800000001,843600,2812,856,0.01,300.0,985,0.0001,8035,0.006950016599148512
-1.00430561,844800,2816,857,0.01,300.0,985,0.0001,8047,0.004738869145512581
-1.16665442,846000,2820,857,0.01,300.0,986,0.0001,8059,0.0047528850845992565
-1.2544198899999999,847200,2824,858,0.01,300.0,986,0.0001,8071,0.006294575519859791
-1.7057151600000002,848400,2828,859,0.01,300.0,987,0.0001,8083,0.005997824016958475
-1.94025253,849600,2832,859,0.01,300.0,988,0.0001,8095,0.004600725136697292
-2.36278942,850800,2836,860,0.01,300.0,988,0.0001,8107,0.006951805669814348
-2.33376381,852000,2840,861,0.01,300.0,989,0.0001,8119,0.005446453578770161
-2.5310288299999995,853200,2844,861,0.01,300.0,989,0.0001,8131,0.005106929689645767
-2.1567616299999997,854400,2848,862,0.01,300.0,990,0.0001,8143,0.009640078991651535
-1.98132356,855600,2852,863,0.01,300.0,991,0.0001,8155,0.004401550628244877
-2.45268273,856800,2856,864,0.01,300.0,991,0.0001,8167,0.0037314663641154766
-2.85223423,858000,2860,864,0.01,300.0,992,0.0001,8179,0.0037428715731948614
-2.2076860199999997,859200,2864,865,0.01,300.0,992,0.0001,8191,0.00425178837031126
-2.2698242799999995,860400,2868,865,0.01,300.0,993,0.0001,8203,0.0047658896073699
-1.7305715499999998,861600,2872,866,0.01,300.0,994,0.0001,8215,0.004545784555375576
-2.03481522,862800,2876,867,0.01,300.0,994,0.0001,8227,0.004903889261186123
-2.62153126,864000,2880,868,0.01,300.0,995,0.0001,8239,0.0038761079777032137
-2.4994656699999998,865200,2884,868,0.01,300.0,995,0.0001,8251,0.004723749589174986
-2.76221077,866400,2888,869,0.01,300.0,996,0.0001,8263,0.004290695767849684
-2.2566788799999995,867600,2892,870,0.01,300.0,997,0.0001,8275,0.004589049145579338
-2.15642431,868800,2896,870,0.01,300.0,997,0.0001,8287,0.005258081015199423
-2.2267600499999998,870000,2900,871,0.01,300.0,997,0.0001,8299,0.0050069838762283325
-1.9399650099999999,871200,2904,872,0.01,300.0,998,0.0001,8311,0.0077186268754303455
-2.06395692,872400,2908,873,0.01,300.0,999,0.0001,8323,0.003939441405236721
-2.07879862,873600,2912,873,0.01,300.0,999,0.0001,8335,0.0030924382153898478
-1.9151469000000003,874800,2916,874,0.01,300.0,1000,0.0001,8347,0.0050130304880440235
-0.9853790499999999,876000,2920,875,0.01,300.0,1000,0.0001,8359,0.004020769149065018
-0.8196988699999999,877200,2924,876,0.01,300.0,1001,0.0001,8371,0.004269018769264221
-0.9873253300000002,878400,2928,876,0.01,300.0,1001,0.0001,8383,0.003969091922044754
-1.08766878,879600,2932,877,0.01,300.0,1001,0.0001,8395,0.009483486413955688
-0.99439004,880800,2936,878,0.01,300.0,1002,0.0001,8407,0.005481682252138853
-0.8325068700000001,882000,2940,879,0.01,300.0,1003,0.0001,8419,0.007492403499782085
-0.75971137,883200,2944,880,0.01,300.0,1003,0.0001,8431,0.004263296723365784
-0.9547869899999999,884400,2948,880,0.01,300.0,1004,0.0001,8443,0.004419019445776939
-0.5838123999999999,885600,2952,881,0.01,300.0,1004,0.0001,8455,0.005154862068593502
0.17689315,886800,2956,882,0.01,300.0,1004,0.0001,8467,0.004811670631170273
0.17105233000000006,888000,2960,883,0.01,300.0,1005,0.0001,8479,0.010379493236541748
-0.01608532000000011,889200,2964,884,0.01,300.0,1005,0.0001,8491,0.0043370770290493965
-0.12679867,890400,2968,885,0.01,300.0,1006,0.0001,8503,0.004484006203711033
-0.5903373299999999,891600,2972,885,0.01,300.0,1006,0.0001,8515,0.004067821893841028
0.21980557000000003,892800,2976,886,0.01,300.0,1007,0.0001,8527,0.007069350220263004
0.9888639500000003,894000,2980,887,0.01,300.0,1007,0.0001,8539,0.005038241855800152
1.1599505300000001,895200,2984,887,0.01,300.0,1008,0.0001,8551,0.0035705645568668842
0.8472479500000003,896400,2988,888,0.01,300.0,1008,0.0001,8563,0.007948776707053185
0.9046276900000001,897600,2992,889,0.01,300.0,1009,0.0001,8575,0.0061661857180297375
0.8943649700000001,898800,2996,889,0.01,300.0,1010,0.0001,8587,0.00411444716155529
1.2700334,900000,3000,944,0.01,300.0,952,0.0001,8599,0.005930254235863686
1.1315283800000002,901200,3004,945,0.01,300.0,953,0.0001,8611,0.004070252180099487
0.7483105000000002,902400,3008,946,0.01,300.0,953,0.0001,8623,0.004590210504829884
0.4067932799999999,903600,3012,946,0.01,300.0,954,0.0001,8635,0.0048780906945466995
0.48188661999999993,904800,3016,947,0.01,300.0,954,0.0001,8647,0.0058931512758135796
0.09030354999999987,906000,3020,948,0.01,300.0,955,0.0001,8659,0.006790802348405123
0.15483613,907200,3024,949,0.01,300.0,955,0.0001,8671,0.005954987835139036
0.4505279399999998,908400,3028,949,0.01,300.0,956,0.0001,8683,0.006482941098511219
0.5168015699999997,909600,3032,950,0.01,300.0,956,0.0001,8695,0.004014087840914726
0.58746627,910800,3036,951,0.01,300.0,957,0.0001,8707,0.008263794705271721
0.47682707,912000,3040,952,0.01,300.0,957,0.0001,8719,0.006325113587081432
0.24564358999999997,913200,3044,952,0.01,300.0,958,0.0001,8731,0.0047614420764148235
0.7494544999999999,914400,3048,953,0.01,300.0,959,0.0001,8743,0.006302740424871445
0.48164846999999983,915600,3052,954,0.01,300.0,959,0.0001,8755,0.0054979585111141205
-0.04738584000000021,916800,3056,954,0.01,300.0,960,0.0001,8767,0.008045196533203125
0.4693706599999999,918000,3060,955,0.01,300.0,960,0.0001,8779,0.006706836633384228
0.5040932799999999,919200,3064,956,0.01,300.0,961,0.0001,8791,0.007371312007308006
0.59403135,920400,3068,956,0.01,300.0,961,0.0001,8803,0.0037789521738886833
0.8101112500000002,921600,3072,957,0.01,300.0,962,0.0001,8815,0.009656674228608608
0.53188143,922800,3076,958,0.01,300.0,962,0.0001,8827,0.004744566045701504
0.19635273000000011,924000,3080,958,0.01,300.0,963,0.0001,8839,0.006774415727704763
0.17269183999999999,925200,3084,959,0.01,300.0,964,0.0001,8851,0.004521811846643686
0.6293960200000001,926400,3088,960,0.01,300.0,964,0.0001,8863,0.00731993280351162
0.8406057699999999,927600,3092,961,0.01,300.0,965,0.0001,8875,0.004108740016818047
0.3909370599999999,928800,3096,962,0.01,300.0,965,0.0001,8887,0.005862527526915073
0.14915363999999987,930000,3100,962,0.01,300.0,965,0.0001,8899,0.005947798490524292
0.11381067999999987,931200,3104,963,0.01,300.0,966,0.0001,8911,0.005822285078465939
0.46306599999999976,932400,3108,964,0.01,300.0,966,0.0001,8923,0.005666044540703297
0.47207002999999964,933600,3112,965,0.01,300.0,967,0.0001,8935,0.0055595203302800655
0.7218167499999999,934800,3116,965,0.01,300.0,967,0.0001,8947,0.004253503866493702
0.5539302199999999,936000,3120,966,0.01,300.0,968,0.0001,8959,0.008206321857869625
0.33192670999999996,937200,3124,967,0.01,300.0,968,0.0001,8971,0.00631642946973443
0.39797940000000004,938400,3128,967,0.01,300.0,969,0.0001,8983,0.0053175450302660465
0.32503981,939600,3132,968,0.01,300.0,970,0.0001,8995,0.006558663211762905
0.28131395999999975,940800,3136,969,0.01,300.0,970,0.0001,9007,0.004274800885468721
0.07719065999999986,942000,3140,969,0.01,300.0,971,0.0001,9019,0.004423500970005989
0.03451878999999997,943200,3144,970,0.01,300.0,971,0.0001,9031,0.006691876333206892
-0.24885943000000005,944400,3148,971,0.01,300.0,972,0.0001,9043,0.005208376795053482
-0.10172391000000011,945600,3152,972,0.01,300.0,972,0.0001,9055,0.004254897590726614
0.006657329999999764,946800,3156,973,0.01,300.0,972,0.0001,9067,0.004855182487517595
-0.6224222800000003,948000,3160,973,0.01,300.0,973,0.0001,9079,0.006152119487524033
-0.8103270600000003,949200,3164,974,0.01,300.0,973,0.0001,9091,0.008837569504976273
-0.6380811400000003,950400,3168,975,0.01,300.0,974,0.0001,9103,0.0039323437958955765
-0.4644283400000001,951600,3172,975,0.01,300.0,975,0.0001,9115,0.004642084240913391
-0.4719271900000001,952800,3176,976,0.01,300.0,975,0.0001,9127,0.004206178709864616
-0.2757134600000001,954000,3180,977,0.01,300.0,975,0.0001,9139,0.003909118473529816
-0.17606344999999993,955200,3184,978,0.01,300.0,976,0.0001,9151,0.007035447284579277
-0.34401578999999993,956400,3188,978,0.01,300.0,976,0.0001,9163,0.0037205242551863194
-0.7825122699999999,957600,3192,979,0.01,300.0,977,0.0001,9175,0.004546438809484243
-0.55632613,958800,3196,980,0.01,300.0,977,0.0001,9187,0.007146990392357111
-0.5872411399999999,960000,3200,981,0.01,300.0,978,0.0001,9199,0.005095520056784153
-0.3704357500000001,961200,3204,982,0.01,300.0,978,0.0001,9211,0.005357508081942797
-0.39420816999999997,962400,3208,982,0.01,300.0,979,0.0001,9223,0.010686438530683517
-0.3206284600000002,963600,3212,983,0.01,300.0,979,0.0001,9235,0.0031377796549350023
-0.18752355000000015,964800,3216,984,0.01,300.0,980,0.0001,9247,0.00446629524230957
-0.44442866000000014,966000,3220,984,0.01,300.0,980,0.0001,9259,0.005155742168426514
-0.7119568700000002,967200,3224,985,0.01,300.0,981,0.0001,9271,0.007138628512620926
-0.8765590600000001,968400,3228,986,0.01,300.0,981,0.0001,9283,0.007677188143134117
-0.7831786100000001,969600,3232,987,0.01,300.0,982,0.0001,9295,0.004087852314114571
-0.6620093200000002,970800,3236,987,0.01,300.0,982,0.0001,9307,0.006987098138779402
-0.5960119700000001,972000,3240,988,0.01,300.0,983,0.0001,9319,0.005100691691040993
-0.73560495,973200,3244,989,0.01,300.0,983,0.0001,9331,0.0029618656262755394
-0.62803981,974400,3248,989,0.01,300.0,984,0.0001,9343,0.0064275385811924934
-1.2193556200000002,975600,3252,990,0.01,300.0,984,0.0001,9355,0.0034964182414114475
-1.2719519,976800,3256,991,0.01,300.0,985,0.0001,9367,0.006817619316279888
-1.0551259000000002,978000,3260,992,0.01,300.0,985,0.0001,9379,0.0062285191379487514
-1.0281835799999999,979200,3264,992,0.01,300.0,986,0.0001,9391,0.005662283394485712
-1.0367707000000002,980400,3268,993,0.01,300.0,986,0.0001,9403,0.006526671815663576
-1.14414925,981600,3272,994,0.01,300.0,987,0.0001,9415,0.004945160821080208
-1.2490290099999997,982800,3276,995,0.01,300.0,987,0.0001,9427,0.004805322736501694
-1.2485302100000002,984000,3280,995,0.01,300.0,987,0.0001,9439,0.006416759919375181
-1.3143801099999997,985200,3284,996,0.01,300.0,988,0.0001,9451,0.004225354641675949
-1.21402803,986400,3288,997,0.01,300.0,988,0.0001,9463,0.0046261269599199295
-0.7461461699999999,987600,3292,998,0.01,300.0,989,0.0001,9475,0.007749498821794987
-0.7837664799999999,988800,3296,998,0.01,300.0,989,0.0001,9487,0.006166896317154169
-0.7863715600000002,990000,3300,999,0.01,300.0,990,0.0001,9499,0.006561808288097382
-1.19506812,991200,3304,1000,0.01,300.0,990,0.0001,9511,0.0042609116062521935
-1.0505792200000001,992400,3308,1001,0.01,300.0,991,0.0001,9523,0.0067340959794819355
-1.19531791,993600,3312,1001,0.01,300.0,991,0.0001,9535,0.004854588769376278
-1.89148228,994800,3316,1002,0.01,300.0,992,0.0001,9547,0.004541524685919285
-1.44672451,996000,3320,1003,0.01,300.0,992,0.0001,9559,0.00550558976829052
-1.3699424799999997,997200,3324,1004,0.01,300.0,993,0.0001,9571,0.006723630242049694
-1.7908039099999997,998400,3328,1004,0.01,300.0,993,0.0001,9583,0.00630831066519022
-1.8102859899999997,999600,3332,1005,0.01,300.0,994,0.0001,9595,0.004713079892098904
-1.9037105499999998,1000800,3336,1060,0.01,300.0,943,0.0001,9607,0.003450765972957015
-1.86912904,1002000,3340,1061,0.01,300.0,943,0.0001,9619,0.004996812902390957
-1.19980772,1003200,3344,1062,0.01,300.0,944,0.0001,9631,0.005397923290729523
-1.70245678,1004400,3348,1063,0.01,300.0,944,0.0001,9643,0.005144880153238773
-1.31685316,1005600,3352,1064,0.01,300.0,945,0.0001,9655,0.004851733800023794
-1.4622703899999998,1006800,3356,1064,0.01,300.0,945,0.0001,9667,0.0045834993943572044
-1.5491097299999996,1008000,3360,1065,0.01,300.0,945,0.0001,9679,0.004952391609549522
-1.18798189,1009200,3364,1066,0.01,300.0,946,0.0001,9691,0.00631225761026144
-1.0558038799999998,1010400,3368,1067,0.01,300.0,946,0.0001,9703,0.0033985814079642296
-1.3200237799999996,1011600,3372,1067,0.01,300.0,947,0.0001,9715,0.0034355991519987583
-0.6852797499999997,1012800,3376,1068,0.01,300.0,947,0.0001,9727,0.004408929497003555
-0.63257367,1014000,3380,1069,0.01,300.0,948,0.0001,9739,0.005965514108538628
-0.72950075,1015200,3384,1069,0.01,300.0,948,0.0001,9751,0.005654893349856138
-0.4023468899999999,1016400,3388,1070,0.01,300.0,949,0.0001,9763,0.004642569459974766
-0.53476614,1017600,3392,1071,0.01,300.0,949,0.0001,9775,0.004497455433011055
-0.33722721,1018800,3396,1072,0.01,300.0,950,0.0001,9787,0.004311162978410721
-0.29775812999999995,1020000,3400,1072,0.01,300.0,950,0.0001,9799,0.004492510575801134
-0.5180998300000003,1021200,3404,1073,0.01,300.0,951,0.0001,9811,0.004150365013629198
-0.8648578700000005,1022400,3408,1074,0.01,300.0,951,0.0001,9823,0.004427457228302956
-0.5606425500000004,1023600,3412,1075,0.01,300.0,952,0.0001,9835,0.004415283910930157
-0.4422372300000001,1024800,3416,1075,0.01,300.0,952,0.0001,9847,0.005174511112272739
-0.6978427,1026000,3420,1076,0.01,300.0,952,0.0001,9859,0.003802940249443054
-0.24206090000000008,1027200,3424,1077,0.01,300.0,953,0.0001,9871,0.007343454286456108
0.0941452199999999,1028400,3428,1078,0.01,300.0,953,0.0001,9883,0.008331730961799622
0.08291867000000007,1029600,3432,1078,0.01,300.0,954,0.0001,9895,0.006136529613286257
-0.15819784999999995,1030800,3436,1079,0.01,300.0,954,0.0001,9907,0.0045747170224785805
-0.05249461999999998,1032000,3440,1080,0.01,300.0,955,0.0001,9919,0.004041602369397879
-0.5864663499999998,1033200,3444,1081,0.01,300.0,955,0.0001,9931,0.005719789303839207
-0.4398665799999998,1034400,3448,1082,0.01,300.0,955,0.0001,9943,0.007045727223157883
-0.42758968999999986,1035600,3452,1082,0.01,300.0,956,0.0001,9955,0.008391010574996471
-0.25763839999999993,1036800,3456,1083,0.01,300.0,956,0.0001,9967,0.005374770145863295
0.37238295,1038000,3460,1084,0.01,300.0,957,0.0001,9979,0.005048428662121296
0.30969236,1039200,3464,1085,0.01,300.0,957,0.0001,9991,0.004246503114700317
0.36130359000000006,1040400,3468,1085,0.01,300.0,958,0.0001,10003,0.00670082401484251
0.6573167999999999,1041600,3472,1086,0.01,300.0,958,0.0001,10015,0.004721261095255613
0.2853904999999999,1042800,3476,1087,0.01,300.0,959,0.0001,10027,0.0037986133247613907
0.27891131,1044000,3480,1087,0.01,300.0,959,0.0001,10039,0.00423053465783596
0.12454981999999984,1045200,3484,1088,0.01,300.0,960,0.0001,10051,0.004378203768283129
-0.09830142000000017,1046400,3488,1089,0.01,300.0,960,0.0001,10063,0.004248249344527721
-0.25214788000000005,1047600,3492,1090,0.01,300.0,961,0.0001,10075,0.004725520499050617
-0.32023031000000013,1048800,3496,1090,0.01,300.0,961,0.0001,10087,0.005153654143214226
-0.4213148800000003,1050000,3500,1091,0.01,300.0,961,0.0001,10099,0.004913152661174536
0.02898802999999992,1051200,3504,1092,0.01,300.0,962,0.0001,10111,0.005558318924158812
0.2990960999999999,1052400,3508,1093,0.01,300.0,962,0.0001,10123,0.006690111476927996
0.005313679999999868,1053600,3512,1094,0.01,300.0,962,0.0001,10135,0.00563521683216095
0.13447912000000015,1054800,3516,1095,0.01,300.0,963,0.0001,10147,0.0043284292332828045
0.4006011700000001,1056000,3520,1095,0.01,300.0,963,0.0001,10159,0.0066820429638028145
0.63698473,1057200,3524,1096,0.01,300.0,964,0.0001,10171,0.00408816896378994
1.16076823,1058400,3528,1097,0.01,300.0,964,0.0001,10183,0.003646770492196083
1.3096696899999998,1059600,3532,1098,0.01,300.0,964,0.0001,10195,0.004762720782309771
1.31746274,1060800,3536,1098,0.01,300.0,965,0.0001,10207,0.005597476847469807
1.0606395299999998,1062000,3540,1099,0.01,300.0,965,0.0001,10219,0.005732431076467037
1.1714097399999999,1063200,3544,1100,0.01,300.0,966,0.0001,10231,0.0075402334332466125
1.21863419,1064400,3548,1100,0.01,300.0,966,0.0001,10243,0.006088518537580967
1.7566712399999997,1065600,3552,1101,0.01,300.0,967,0.0001,10255,0.0053074974566698074
1.57248493,1066800,3556,1102,0.01,300.0,967,0.0001,10267,0.004038816783577204
1.1849324599999997,1068000,3560,1103,0.01,300.0,968,0.0001,10279,0.007179930806159973
0.9409977099999999,1069200,3564,1103,0.01,300.0,968,0.0001,10291,0.005569833796471357
0.8613262700000002,1070400,3568,1104,0.01,300.0,969,0.0001,10303,0.007515714969485998
0.7331097700000001,1071600,3572,1105,0.01,300.0,969,0.0001,10315,0.006212152540683746
0.8660952199999999,1072800,3576,1105,0.01,300.0,970,0.0001,10327,0.0051992894150316715
0.9091671600000002,1074000,3580,1106,0.01,300.0,970,0.0001,10339,0.004769416525959969
0.7924498400000002,1075200,3584,1107,0.01,300.0,971,0.0001,10351,0.005252733826637268
0.9037948900000004,1076400,3588,1107,0.01,300.0,971,0.0001,10363,0.008978829719126225
1.1296244000000002,1077600,3592,1108,0.01,300.0,971,0.0001,10375,0.004130139015614986
1.16751618,1078800,3596,1109,0.01,300.0,972,0.0001,10387,0.0051451632753014565
1.4188530700000002,1080000,3600,1110,0.01,300.0,972,0.0001,10399,0.0034178735222667456
2.0009146400000004,1081200,3604,1110,0.01,300.0,973,0.0001,10411,0.004137810785323381
2.59523026,1082400,3608,1111,0.01,300.0,973,0.0001,10423,0.004530294798314571
2.8752412300000003,1083600,3612,1112,0.01,300.0,973,0.0001,10435,0.006705728825181723
3.0456286200000005,1084800,3616,1113,0.01,300.0,974,0.0001,10447,0.004676166921854019
2.97521354,1086000,3620,1114,0.01,300.0,974,0.0001,10459,0.004172418266534805
2.34620538,1087200,3624,1114,0.01,300.0,975,0.0001,10471,0.006651526317000389
1.89507017,1088400,3628,1115,0.01,300.0,975,0.0001,10483,0.003816685639321804
1.8011595699999998,1089600,3632,1116,0.01,300.0,975,0.0001,10495,0.004397466778755188
1.7664806899999999,1090800,3636,1117,0.01,300.0,976,0.0001,10507,0.0047030155546963215
2.13365489,1092000,3640,1117,0.01,300.0,976,0.0001,10519,0.004876002669334412
2.19335379,1093200,3644,1118,0.01,300.0,977,0.0001,10531,0.004749241750687361
2.14409509,1094400,3648,1119,0.01,300.0,977,0.0001,10543,0.004178421571850777
1.2916471499999997,1095600,3652,1119,0.01,300.0,978,0.0001,10555,0.004412530921399593
1.8264475999999996,1096800,3656,1120,0.01,300.0,978,0.0001,10567,0.008116543292999268
1.95243256,1098000,3660,1121,0.01,300.0,979,0.0001,10579,0.0045383707620203495
1.77750398,1099200,3664,1122,0.01,300.0,979,0.0001,10591,0.003547437023371458
1.97202417,1100400,3668,1178,0.01,300.0,933,0.0001,10603,0.006505023688077927
1.7397296800000002,1101600,3672,1179,0.01,300.0,934,0.0001,10615,0.004521726164966822
1.5215712200000002,1102800,3676,1179,0.01,300.0,934,0.0001,10627,0.003744714194908738
1.4511347899999998,1104000,3680,1180,0.01,300.0,935,0.0001,10639,0.013181835412979126
2.04663577,1105200,3684,1181,0.01,300.0,935,0.0001,10651,0.004532559774816036
2.1969437,1106400,3688,1182,0.01,300.0,935,0.0001,10663,0.006433254107832909
2.02242544,1107600,3692,1184,0.01,300.0,935,0.0001,10675,0.006286471616476774
2.09102685,1108800,3696,1185,0.01,300.0,935,0.0001,10687,0.009075975976884365
1.7802032700000003,1110000,3700,1186,0.01,300.0,935,0.0001,10699,0.01190612930804491
0.9398561999999999,1111200,3704,1187,0.01,300.0,936,0.0001,10711,0.004334380850195885
0.40887514000000025,1112400,3708,1187,0.01,300.0,936,0.0001,10723,0.004836183972656727
0.39408829000000006,1113600,3712,1188,0.01,300.0,936,0.0001,10735,0.005969886668026447
0.48413089,1114800,3716,1189,0.01,300.0,937,0.0001,10747,0.008032584562897682
0.4696846199999999,1116000,3720,1190,0.01,300.0,937,0.0001,10759,0.006719009950757027
0.6909128699999997,1117200,3724,1190,0.01,300.0,938,0.0001,10771,0.00448610819876194
0.25681578999999993,1118400,3728,1191,0.01,300.0,938,0.0001,10783,0.00498491246253252
0.26700536999999996,1119600,3732,1192,0.01,300.0,938,0.0001,10795,0.005105310119688511
0.7217767399999999,1120800,3736,1193,0.01,300.0,939,0.0001,10807,0.005261748563498259
0.3985009499999998,1122000,3740,1193,0.01,300.0,939,0.0001,10819,0.011554937809705734
0.4367740699999999,1123200,3744,1194,0.01,300.0,940,0.0001,10831,0.0039017940871417522
0.34293216,1124400,3748,1195,0.01,300.0,940,0.0001,10843,0.008001203648746014
0.63909709,1125600,3752,1196,0.01,300.0,941,0.0001,10855,0.005847634747624397
0.19523761000000014,1126800,3756,1196,0.01,300.0,941,0.0001,10867,0.0070912460796535015
-0.0019848899999998695,1128000,3760,1197,0.01,300.0,941,0.0001,10879,0.006287161260843277
0.6449533,1129200,3764,1198,0.01,300.0,942,0.0001,10891,0.0048425039276480675
0.40759963,1130400,3768,1198,0.01,300.0,942,0.0001,10903,0.007573994342237711
0.7720931000000002,1131600,3772,1199,0.01,300.0,943,0.0001,10915,0.004738855641335249
0.6192221700000002,1132800,3776,1200,0.01,300.0,943,0.0001,10927,0.006933200638741255
1.0110759000000002,1134000,3780,1201,0.01,300.0,944,0.0001,10939,0.006734141148626804
0.9203753100000002,1135200,3784,1202,0.01,300.0,944,0.0001,10951,0.00753467483446002
0.50797941,1136400,3788,1202,0.01,300.0,944,0.0001,10963,0.007123138289898634
0.62203965,1137600,3792,1203,0.01,300.0,945,0.0001,10975,0.005372253712266684
0.4047978900000001,1138800,3796,1204,0.01,300.0,945,0.0001,10987,0.004332623444497585
0.7202309499999999,1140000,3800,1205,0.01,300.0,945,0.0001,10999,0.006502116564661264
0.95330897,1141200,3804,1205,0.01,300.0,946,0.0001,11011,0.005398340057581663
0.68299815,1142400,3808,1206,0.01,300.0,946,0.0001,11023,0.007017060182988644
0.69608593,1143600,3812,1207,0.01,300.0,947,0.0001,11035,0.005681375041604042
0.3543505100000002,1144800,3816,1208,0.01,300.0,947,0.0001,11047,0.006305487360805273
0.28751346000000005,1146000,3820,1208,0.01,300.0,948,0.0001,11059,0.007716204971075058
-0.17218670999999994,1147200,3824,1209,0.01,300.0,948,0.0001,11071,0.006278341636061668
0.27800184999999994,1148400,3828,1210,0.01,300.0,948,0.0001,11083,0.012114593759179115
0.31300977,1149600,3832,1211,0.01,300.0,949,0.0001,11095,0.004542677663266659
0.06781952000000009,1150800,3836,1211,0.01,300.0,949,0.0001,11107,0.0060964771546423435
0.29381750000000006,1152000,3840,1212,0.01,300.0,949,0.0001,11119,0.005110583268105984
-0.2898195399999998,1153200,3844,1213,0.01,300.0,950,0.0001,11131,0.006675277836620808
-0.046064449999999944,1154400,3848,1214,0.01,300.0,950,0.0001,11143,0.007362561300396919
-0.05422300000000009,1155600,3852,1215,0.01,300.0,951,0.0001,11155,0.004098737612366676
0.17488670000000006,1156800,3856,1215,0.01,300.0,951,0.0001,11167,0.00437480304390192
0.26881874000000006,1158000,3860,1216,0.01,300.0,951,0.0001,11179,0.004977750591933727
-0.3249454100000001,1159200,3864,1217,0.01,300.0,952,0.0001,11191,0.005647401325404644
-0.4128520100000001,1160400,3868,1218,0.01,300.0,952,0.0001,11203,0.005117414053529501
-0.83847529,1161600,3872,1218,0.01,300.0,952,0.0001,11215,0.0057021379470825195
-0.8156482599999998,1162800,3876,1219,0.01,300.0,953,0.0001,11227,0.006861937697976828
-1.17900107,1164000,3880,1220,0.01,300.0,953,0.0001,11239,0.005120073910802603
-1.78073775,1165200,3884,1221,0.01,300.0,954,0.0001,11251,0.005295729264616966
-1.81206055,1166400,3888,1221,0.01,300.0,954,0.0001,11263,0.0054695322178304195
-1.8941014999999999,1167600,3892,1222,0.01,300.0,955,0.0001,11275,0.005720609333366156
-1.7495896400000004,1168800,3896,1223,0.01,300.0,955,0.0001,11287,0.002817214233800769
-1.72587875,1170000,3900,1223,0.01,300.0,955,0.0001,11299,0.007296248339116573
-2.44657972,1171200,3904,1224,0.01,300.0,956,0.0001,11311,0.003349750302731991
-2.0765432999999995,1172400,3908,1225,0.01,300.0,956,0.0001,11323,0.003328707767650485
-1.9246292799999998,1173600,3912,1226,0.01,300.0,957,0.0001,11335,0.005173449870198965
-1.66150417,1174800,3916,1226,0.01,300.0,957,0.0001,11347,0.0054903458803892136
-1.7156436200000003,1176000,3920,1227,0.01,300.0,958,0.0001,11359,0.006336547434329987
-1.14755011,1177200,3924,1228,0.01,300.0,958,0.0001,11371,0.0056166150607168674
-0.88598738,1178400,3928,1228,0.01,300.0,958,0.0001,11383,0.004836750216782093
-0.79711927,1179600,3932,1229,0.01,300.0,959,0.0001,11395,0.012667013332247734
-0.6903909100000003,1180800,3936,1230,0.01,300.0,959,0.0001,11407,0.011550113558769226
-0.88723038,1182000,3940,1230,0.01,300.0,960,0.0001,11419,0.005506055895239115
-0.67156543,1183200,3944,1231,0.01,300.0,960,0.0001,11431,0.0048051560297608376
-0.5330006699999998,1184400,3948,1232,0.01,300.0,960,0.0001,11443,0.004691736772656441
-0.5016292499999997,1185600,3952,1233,0.01,300.0,961,0.0001,11455,0.0070680901408195496
-0.7183513799999998,1186800,3956,1234,0.01,300.0,961,0.0001,11467,0.004342490807175636
-0.5199193799999999,1188000,3960,1234,0.01,300.0,962,0.0001,11479,0.004896862432360649
-0.27160347999999984,1189200,3964,1235,0.01,300.0,962,0.0001,11491,0.00493201706558466
-0.24990302999999983,1190400,3968,1236,0.01,300.0,962,0.0001,11503,0.0033555570989847183
0.32482588000000023,1191600,3972,1237,0.01,300.0,963,0.0001,11515,0.00432551046833396
0.7673295400000001,1192800,3976,1238,0.01,300.0,963,0.0001,11527,0.0048051257617771626
0.7671465600000004,1194000,3980,1238,0.01,300.0,963,0.0001,11539,0.005729366093873978
1.1706365,1195200,3984,1239,0.01,300.0,964,0.0001,11551,0.005998688749969006
1.3545516900000003,1196400,3988,1240,0.01,300.0,964,0.0001,11563,0.007098275236785412
1.2341575300000003,1197600,3992,1240,0.01,300.0,965,0.0001,11575,0.010966777801513672
0.8877202600000004,1198800,3996,1241,0.01,300.0,965,0.0001,11587,0.007079456467181444
1.0197422000000003,1200000,4000,1298,0.01,300.0,924,0.0001,11599,0.00445319339632988
1.9280833500000003,1201200,4004,1298,0.01,300.0,924,0.0001,11611,0.01161338109523058
1.57596605,1202400,4008,1299,0.01,300.0,925,0.0001,11623,0.010899162851274014
1.4241977700000004,1203600,4012,1300,0.01,300.0,925,0.0001,11635,0.005138360429555178
1.5212833500000003,1204800,4016,1301,0.01,300.0,925,0.0001,11647,0.005682747811079025
1.4266890900000002,1206000,4020,1302,0.01,300.0,925,0.0001,11659,0.008304133079946041
1.33242151,1207200,4024,1303,0.01,300.0,926,0.0001,11671,0.004214067477732897
1.55490599,1208400,4028,1304,0.01,300.0,926,0.0001,11683,0.006318629253655672
1.26068186,1209600,4032,1304,0.01,300.0,927,0.0001,11695,0.005780444014817476
1.0947145999999999,1210800,4036,1305,0.01,300.0,927,0.0001,11707,0.00787791796028614
1.16391122,1212000,4040,1306,0.01,300.0,927,0.0001,11719,0.006707187741994858
1.2541727999999994,1213200,4044,1307,0.01,300.0,928,0.0001,11731,0.004110262729227543
1.0840849599999998,1214400,4048,1307,0.01,300.0,928,0.0001,11743,0.01215687207877636
0.95800605,1215600,4052,1308,0.01,300.0,928,0.0001,11755,0.0038847499527037144
1.1459110600000002,1216800,4056,1309,0.01,300.0,929,0.0001,11767,0.007526993751525879
1.2114232100000002,1218000,4060,1310,0.01,300.0,929,0.0001,11779,0.005384972784668207
1.2273289900000002,1219200,4064,1310,0.01,300.0,930,0.0001,11791,0.005377382971346378
1.1563956099999997,1220400,4068,1311,0.01,300.0,930,0.0001,11803,0.004754453897476196
0.8299376099999999,1221600,4072,1312,0.01,300.0,930,0.0001,11815,0.004848579876124859
-0.016797479999999813,1222800,4076,1313,0.01,300.0,931,0.0001,11827,0.01000620611011982
0.16965213000000035,1224000,4080,1313,0.01,300.0,931,0.0001,11839,0.005122891627252102
0.13515517000000016,1225200,4084,1314,0.01,300.0,932,0.0001,11851,0.004273241385817528
0.19719867000000008,1226400,4088,1315,0.01,300.0,932,0.0001,11863,0.004804841708391905
-0.056026909999999895,1227600,4092,1315,0.01,300.0,932,0.0001,11875,0.009554069489240646
-0.2440738799999997,1228800,4096,1316,0.01,300.0,933,0.0001,11887,0.00521448440849781
-0.7049589499999996,1230000,4100,1317,0.01,300.0,933,0.0001,11899,0.006098499055951834
-0.59798044,1231200,4104,1317,0.01,300.0,934,0.0001,11911,0.004036350175738335
-0.8531802500000001,1232400,4108,1318,0.01,300.0,934,0.0001,11923,0.0058087436482310295
-0.97424832,1233600,4112,1319,0.01,300.0,935,0.0001,11935,0.011155212298035622
-1.10383881,1234800,4116,1320,0.01,300.0,935,0.0001,11947,0.009138389490544796
-1.0520591399999994,1236000,4120,1321,0.01,300.0,935,0.0001,11959,0.007261721882969141
-1.0753913499999996,1237200,4124,1321,0.01,300.0,935,0.0001,11971,0.00409528287127614
-1.6110771500000005,1238400,4128,1322,0.01,300.0,936,0.0001,11983,0.0038691600784659386
-1.1991856800000003,1239600,4132,1323,0.01,300.0,936,0.0001,11995,0.0066415686160326
-0.9955163399999999,1240800,4136,1324,0.01,300.0,936,0.0001,12007,0.009509759023785591
-1.12583942,1242000,4140,1325,0.01,300.0,937,0.0001,12019,0.005137418396770954
-1.01674832,1243200,4144,1325,0.01,300.0,937,0.0001,12031,0.005670743528753519
-0.8361207199999999,1244400,4148,1326,0.01,300.0,937,0.0001,12043,0.006640877109020948
-0.49732342,1245600,4152,1327,0.01,300.0,938,0.0001,12055,0.00420012092217803
-0.4374802799999999,1246800,4156,1328,0.01,300.0,938,0.0001,12067,0.007755233906209469
-0.9210146399999998,1248000,4160,1328,0.01,300.0,939,0.0001,12079,0.007359109818935394
-1.2266595699999998,1249200,4164,1329,0.01,300.0,939,0.0001,12091,0.0043874396942555904
-1.3086378399999998,1250400,4168,1330,0.01,300.0,939,0.0001,12103,0.005179120227694511
-1.2385417999999997,1251600,4172,1331,0.01,300.0,940,0.0001,12115,0.0049487873911857605
-1.1604460500000002,1252800,4176,1331,0.01,300.0,940,0.0001,12127,0.005453809164464474
-1.2338099,1254000,4180,1332,0.01,300.0,940,0.0001,12139,0.006114148534834385
-1.1217715000000001,1255200,4184,1333,0.01,300.0,941,0.0001,12151,0.005021152086555958
-1.3250135799999998,1256400,4188,1334,0.01,300.0,941,0.0001,12163,0.014847604557871819
-0.7949943699999997,1257600,4192,1335,0.01,300.0,942,0.0001,12175,0.00696643628180027
0.06562425000000009,1258800,4196,1335,0.01,300.0,942,0.0001,12187,0.008120313286781311
0.19130213000000007,1260000,4200,1336,0.01,300.0,942,0.0001,12199,0.004335806705057621
-0.11788338999999992,1261200,4204,1337,0.01,300.0,942,0.0001,12211,0.007174897938966751
-0.005048269999999877,1262400,4208,1338,0.01,300.0,943,0.0001,12223,0.0039057324174791574
-0.07997188000000008,1263600,4212,1338,0.01,300.0,943,0.0001,12235,0.005080403760075569
-0.06432833000000011,1264800,4216,1339,0.01,300.0,944,0.0001,12247,0.0029830378480255604
-0.19147785000000014,1266000,4220,1340,0.01,300.0,944,0.0001,12259,0.0055031925439834595
-0.11219797000000016,1267200,4224,1340,0.01,300.0,944,0.0001,12271,0.006193370558321476
-0.1041517899999999,1268400,4228,1341,0.01,300.0,945,0.0001,12283,0.00558301480486989
-0.23304237999999983,1269600,4232,1342,0.01,300.0,945,0.0001,12295,0.005195381585508585
-0.44329642999999996,1270800,4236,1343,0.01,300.0,946,0.0001,12307,0.00537549052387476
-0.38422642,1272000,4240,1343,0.01,300.0,946,0.0001,12319,0.0066717625595629215
-0.47255325,1273200,4244,1344,0.01,300.0,946,0.0001,12331,0.005053484812378883
-0.6928377,1274400,4248,1345,0.01,300.0,947,0.0001,12343,0.005272261798381805
-0.9376596500000001,1275600,4252,1346,0.01,300.0,947,0.0001,12355,0.009121381677687168
-0.9888301700000001,1276800,4256,1346,0.01,300.0,948,0.0001,12367,0.005369505845010281
-0.54354726,1278000,4260,1347,0.01,300.0,948,0.0001,12379,0.010833137668669224
-0.4772804600000001,1279200,4264,1348,0.01,300.0,948,0.0001,12391,0.008086816407740116
-0.29664085000000007,1280400,4268,1348,0.01,300.0,949,0.0001,12403,0.008295192383229733
-0.18818947999999996,1281600,4272,1349,0.01,300.0,949,0.0001,12415,0.004425969440490007
0.39455121000000004,1282800,4276,1350,0.01,300.0,950,0.0001,12427,0.004788112360984087
0.45235728000000025,1284000,4280,1350,0.01,300.0,950,0.0001,12439,0.008381703868508339
0.8692211400000002,1285200,4284,1351,0.01,300.0,950,0.0001,12451,0.005409026052802801
0.8542705999999999,1286400,4288,1352,0.01,300.0,950,0.0001,12463,0.006256950553506613
1.0344230399999998,1287600,4292,1353,0.01,300.0,951,0.0001,12475,0.0045715621672570705
0.7366168099999999,1288800,4296,1354,0.01,300.0,951,0.0001,12487,0.006641211919486523
0.7834017899999999,1290000,4300,1354,0.01,300.0,952,0.0001,12499,0.007497455924749374
0.4877767400000002,1291200,4304,1355,0.01,300.0,952,0.0001,12511,0.00471907714381814
0.61539503,1292400,4308,1356,0.01,300.0,952,0.0001,12523,0.006792400497943163
0.64197906,1293600,4312,1357,0.01,300.0,953,0.0001,12535,0.00665229931473732
0.2223628000000001,1294800,4316,1357,0.01,300.0,953,0.0001,12547,0.006177391856908798
0.34755314,1296000,4320,1358,0.01,300.0,953,0.0001,12559,0.006111051421612501
0.3467786700000001,1297200,4324,1359,0.01,300.0,954,0.0001,12571,0.006867054849863052
0.47716694000000026,1298400,4328,1359,0.01,300.0,954,0.0001,12583,0.006643231958150864
0.4587396300000002,1299600,4332,1360,0.01,300.0,955,0.0001,12595,0.005054124165326357
0.8104209399999999,1300800,4336,1417,0.01,300.0,917,0.0001,12607,0.007281861733645201
0.6613931299999999,1302000,4340,1418,0.01,300.0,917,0.0001,12619,0.0037612528540194035
0.8378851900000002,1303200,4344,1419,0.01,300.0,918,0.0001,12631,0.0069871931336820126
1.0861159500000002,1304400,4348,1419,0.01,300.0,918,0.0001,12643,0.004560347646474838
1.20337217,1305600,4352,1420,0.01,300.0,918,0.0001,12655,0.008901694789528847
1.02220096,1306800,4356,1421,0.01,300.0,919,0.0001,12667,0.005405861884355545
0.41036975000000014,1308000,4360,1422,0.01,300.0,919,0.0001,12679,0.004921494983136654
0.6513026000000001,1309200,4364,1423,0.01,300.0,919,0.0001,12691,0.00477587291970849
0.6413632600000001,1310400,4368,1424,0.01,300.0,920,0.0001,12703,0.004882572218775749
0.5042352,1311600,4372,1424,0.01,300.0,920,0.0001,12715,0.006475155241787434
0.36224659000000003,1312800,4376,1425,0.01,300.0,920,0.0001,12727,0.006765940226614475
0.27843549,1314000,4380,1426,0.01,300.0,921,0.0001,12739,0.010233568027615547
-0.03321615000000008,1315200,4384,1427,0.01,300.0,921,0.0001,12751,0.0033201114274561405
-0.11410496000000003,1316400,4388,1428,0.01,300.0,921,0.0001,12763,0.004894177429378033
-0.41696482999999995,1317600,4392,1428,0.01,300.0,922,0.0001,12775,0.0055479006841778755
-0.3031016199999999,1318800,4396,1429,0.01,300.0,922,0.0001,12787,0.004755001049488783
-0.40216995,1320000,4400,1430,0.01,300.0,922,0.0001,12799,0.007260600104928017
0.12018876999999989,1321200,4404,1431,0.01,300.0,923,0.0001,12811,0.004413578659296036
-0.026417430000000044,1322400,4408,1432,0.01,300.0,923,0.0001,12823,0.007116067688912153
-0.13274060999999993,1323600,4412,1432,0.01,300.0,923,0.0001,12835,0.005708509124815464
0.16922241,1324800,4416,1433,0.01,300.0,924,0.0001,12847,0.005028706509619951
-0.017888760000000056,1326000,4420,1434,0.01,300.0,924,0.0001,12859,0.007522232830524445
0.28924308,1327200,4424,1435,0.01,300.0,924,0.0001,12871,0.005294889211654663
0.09257597000000008,1328400,4428,1435,0.01,300.0,925,0.0001,12883,0.003940185531973839
-0.15714850999999994,1329600,4432,1436,0.01,300.0,925,0.0001,12895,0.00444928091019392
-0.6008493199999999,1330800,4436,1437,0.01,300.0,926,0.0001,12907,0.01247218158096075
-0.3520649300000001,1332000,4440,1437,0.01,300.0,926,0.0001,12919,0.00850274134427309
-0.46937649000000015,1333200,4444,1438,0.01,300.0,926,0.0001,12931,0.007048982195556164
-0.68418363,1334400,4448,1439,0.01,300.0,927,0.0001,12943,0.0040206569246947765
-0.9499070700000002,1335600,4452,1439,0.01,300.0,927,0.0001,12955,0.005721781402826309
-0.7482987600000002,1336800,4456,1440,0.01,300.0,927,0.0001,12967,0.0057962615974247456
-0.19789579999999993,1338000,4460,1441,0.01,300.0,928,0.0001,12979,0.004154982976615429
-0.0009540300000000101,1339200,4464,1442,0.01,300.0,928,0.0001,12991,0.007972227409482002
-0.23078943000000007,1340400,4468,1443,0.01,300.0,928,0.0001,13003,0.010650896467268467
0.19752651999999993,1341600,4472,1444,0.01,300.0,929,0.0001,13015,0.005850950255990028
-0.1813632400000001,1342800,4476,1444,0.01,300.0,929,0.0001,13027,0.00630522333085537
-0.017770030000000093,1344000,4480,1445,0.01,300.0,929,0.0001,13039,0.003921862691640854
-0.023554079999999925,1345200,4484,1446,0.01,300.0,930,0.0001,13051,0.005806410685181618
-0.21930225999999986,1346400,4488,1447,0.01,300.0,930,0.0001,13063,0.003956275060772896
-0.5223810400000001,1347600,4492,1447,0.01,300.0,930,0.0001,13075,0.005272568669170141
-0.84255202,1348800,4496,1448,0.01,300.0,931,0.0001,13087,0.004502445459365845
-0.42680939999999995,1350000,4500,1449,0.01,300.0,931,0.0001,13099,0.005615257658064365
-0.4335550000000001,1351200,4504,1450,0.01,300.0,931,0.0001,13111,0.007447234354913235
-0.41900037000000007,1352400,4508,1451,0.01,300.0,932,0.0001,13123,0.006092062219977379
-0.01224104999999991,1353600,4512,1451,0.01,300.0,932,0.0001,13135,0.004429533611983061
0.0500225200000002,1354800,4516,1452,0.01,300.0,932,0.0001,13147,0.004605986177921295
0.05786659000000009,1356000,4520,1453,0.01,300.0,932,0.0001,13159,0.006930433679372072
-0.30316734999999995,1357200,4524,1454,0.01,300.0,933,0.0001,13171,0.007349643390625715
-0.13238681,1358400,4528,1455,0.01,300.0,933,0.0001,13183,0.00624722708016634
-0.06599728999999988,1359600,4532,1456,0.01,300.0,933,0.0001,13195,0.0053131370805203915
0.03108118000000009,1360800,4536,1456,0.01,300.0,933,0.0001,13207,0.006238201167434454
-0.47765962,1362000,4540,1457,0.01,300.0,934,0.0001,13219,0.005875193048268557
-0.20922503000000017,1363200,4544,1458,0.01,300.0,934,0.0001,13231,0.011715522967278957
-0.7984904700000003,1364400,4548,1459,0.01,300.0,935,0.0001,13243,0.005252518225461245
-0.8325073899999998,1365600,4552,1459,0.01,300.0,935,0.0001,13255,0.005793509539216757
-1.17996852,1366800,4556,1460,0.01,300.0,935,0.0001,13267,0.005579478573054075
-1.4909986800000004,1368000,4560,1461,0.01,300.0,936,0.0001,13279,0.004845606628805399
-1.6566104500000005,1369200,4564,1462,0.01,300.0,936,0.0001,13291,0.007582549471408129
-1.5582200600000002,1370400,4568,1462,0.01,300.0,936,0.0001,13303,0.006644478999078274
-1.7897292800000002,1371600,4572,1463,0.01,300.0,937,0.0001,13315,0.004444838967174292
-1.4130419000000003,1372800,4576,1464,0.01,300.0,937,0.0001,13327,0.00686761736869812
-1.5350725500000002,1374000,4580,1465,0.01,300.0,937,0.0001,13339,0.005842588841915131
-1.8064426500000001,1375200,4584,1465,0.01,300.0,938,0.0001,13351,0.005061539821326733
-1.4645776000000001,1376400,4588,1466,0.01,300.0,938,0.0001,13363,0.0033163551706820726
-1.1611616699999998,1377600,4592,1467,0.01,300.0,938,0.0001,13375,0.00875119585543871
-1.4306997199999998,1378800,4596,1468,0.01,300.0,939,0.0001,13387,0.004042835906147957
-1.31079595,1380000,4600,1468,0.01,300.0,939,0.0001,13399,0.004908631555736065
-1.2990131,1381200,4604,1469,0.01,300.0,939,0.0001,13411,0.003920845687389374
-1.0845418,1382400,4608,1470,0.01,300.0,940,0.0001,13423,0.0063885850831866264
-1.29842456,1383600,4612,1471,0.01,300.0,940,0.0001,13435,0.005042186938226223
-1.46354025,1384800,4616,1472,0.01,300.0,940,0.0001,13447,0.004921311512589455
-1.55360383,1386000,4620,1472,0.01,300.0,941,0.0001,13459,0.004472427535802126
-1.3889031999999994,1387200,4624,1473,0.01,300.0,941,0.0001,13471,0.007178434170782566
-1.47409654,1388400,4628,1474,0.01,300.0,941,0.0001,13483,0.008386388421058655
-1.5866683499999998,1389600,4632,1475,0.01,300.0,942,0.0001,13495,0.005363240838050842
-1.5394056599999997,1390800,4636,1475,0.01,300.0,942,0.0001,13507,0.008591226302087307
-1.0884707599999999,1392000,4640,1476,0.01,300.0,942,0.0001,13519,0.004995489027351141
-1.14601938,1393200,4644,1477,0.01,300.0,942,0.0001,13531,0.005941819399595261
-0.45614005999999985,1394400,4648,1478,0.01,300.0,943,0.0001,13543,0.012370368465781212
-0.69997982,1395600,4652,1478,0.01,300.0,943,0.0001,13555,0.011414408683776855
-0.17349042000000003,1396800,4656,1479,0.01,300.0,943,0.0001,13567,0.008088227361440659
0.06801198000000006,1398000,4660,1480,0.01,300.0,944,0.0001,13579,0.011503112502396107
-0.14695270999999988,1399200,4664,1481,0.01,300.0,944,0.0001,13591,0.007060862146317959
0.014289110000000027,1400400,4668,1539,0.01,300.0,909,0.0001,13603,0.005502377636730671
0.16085715999999997,1401600,4672,1540,0.01,300.0,909,0.0001,13615,0.008968252688646317
-0.15233428000000004,1402800,4676,1541,0.01,300.0,910,0.0001,13627,0.004325865767896175
-0.20064785000000016,1404000,4680,1542,0.01,300.0,910,0.0001,13639,0.006917472928762436
-0.18420211000000009,1405200,4684,1542,0.01,300.0,910,0.0001,13651,0.00402739318087697
-0.09826230000000019,1406400,4688,1543,0.01,300.0,911,0.0001,13663,0.006593476980924606
-0.40753562000000015,1407600,4692,1544,0.01,300.0,911,0.0001,13675,0.006787721998989582
-0.1307398699999998,1408800,4696,1545,0.01,300.0,911,0.0001,13687,0.00729517312720418
-0.6371204599999998,1410000,4700,1546,0.01,300.0,911,0.0001,13699,0.008119933307170868
-0.9994848000000002,1411200,4704,1546,0.01,300.0,912,0.0001,13711,0.008609095588326454
-1.1431115000000003,1412400,4708,1547,0.01,300.0,912,0.0001,13723,0.005267397500574589
-1.23668971,1413600,4712,1548,0.01,300.0,913,0.0001,13735,0.005919383838772774
-0.78861923,1414800,4716,1548,0.01,300.0,913,0.0001,13747,0.021888183429837227
-0.74622805,1416000,4720,1549,0.01,300.0,913,0.0001,13759,0.007161584682762623
-0.9518599400000004,1417200,4724,1550,0.01,300.0,914,0.0001,13771,0.00725566316395998
-1.0359569900000003,1418400,4728,1551,0.01,300.0,914,0.0001,13783,0.007617584429681301
-0.9352178399999996,1419600,4732,1551,0.01,300.0,914,0.0001,13795,0.010132617317140102
-0.5181304600000001,1420800,4736,1552,0.01,300.0,915,0.0001,13807,0.0038925420958548784
-0.36137882,1422000,4740,1553,0.01,300.0,915,0.0001,13819,0.005184751935303211
-0.5744285599999998,1423200,4744,1554,0.01,300.0,915,0.0001,13831,0.008290532976388931
-0.66518206,1424400,4748,1554,0.01,300.0,916,0.0001,13843,0.0061380816623568535
-0.35722450000000017,1425600,4752,1555,0.01,300.0,916,0.0001,13855,0.007984336465597153
-0.4309782900000002,1426800,4756,1556,0.01,300.0,916,0.0001,13867,0.008481561206281185
-0.6786742000000001,1428000,4760,1557,0.01,300.0,916,0.0001,13879,0.014813095331192017
-0.4700671400000002,1429200,4764,1557,0.01,300.0,917,0.0001,13891,0.005086788907647133
0.005259219999999871,1430400,4768,1558,0.01,300.0,917,0.0001,13903,0.007848241366446018
-0.24060392999999994,1431600,4772,1559,0.01,300.0,918,0.0001,13915,0.005200556479394436
0.12362916000000018,1432800,4776,1560,0.01,300.0,918,0.0001,13927,0.004494042135775089
0.2575640800000001,1434000,4780,1560,0.01,300.0,918,0.0001,13939,0.004209393169730902
0.5093189600000001,1435200,4784,1561,0.01,300.0,918,0.0001,13951,0.006198985502123833
0.7741023500000003,1436400,4788,1562,0.01,300.0,919,0.0001,13963,0.013010290451347828
1.0773188900000001,1437600,4792,1563,0.01,300.0,919,0.0001,13975,0.0049141752533614635
1.2477889400000002,1438800,4796,1564,0.01,300.0,919,0.0001,13987,0.004833700135350227
1.3297534100000001,1440000,4800,1565,0.01,300.0,920,0.0001,13999,0.004687046632170677
1.5644184300000001,1441200,4804,1565,0.01,300.0,920,0.0001,14011,0.018219392746686935
1.761755,1442400,4808,1566,0.01,300.0,920,0.0001,14023,0.004208372440189123
2.08887195,1443600,4812,1567,0.01,300.0,920,0.0001,14035,0.006060256157070398
1.7183089300000003,1444800,4816,1568,0.01,300.0,921,0.0001,14047,0.005907655227929354
1.7620518800000002,1446000,4820,1568,0.01,300.0,921,0.0001,14059,0.006253269035369158
1.9594054399999998,1447200,4824,1569,0.01,300.0,922,0.0001,14071,0.005083049181848764
2.0215858399999997,1448400,4828,1570,0.01,300.0,922,0.0001,14083,0.006693060975521803
2.1333687600000006,1449600,4832,1571,0.01,300.0,922,0.0001,14095,0.004653330892324448
1.8947422199999997,1450800,4836,1572,0.01,300.0,922,0.0001,14107,0.004834056831896305
1.81233049,1452000,4840,1573,0.01,300.0,922,0.0001,14119,0.0043284958228468895
1.99677232,1453200,4844,1573,0.01,300.0,923,0.0001,14131,0.004775027744472027
1.8923693699999995,1454400,4848,1574,0.01,300.0,923,0.0001,14143,0.008599578402936459
2.0185802099999997,1455600,4852,1575,0.01,300.0,923,0.0001,14155,0.004998588468879461
1.8142904599999996,1456800,4856,1576,0.01,300.0,924,0.0001,14167,0.008905436843633652
1.9509407699999997,1458000,4860,1577,0.01,300.0,924,0.0001,14179,0.005720427259802818
1.68102546,1459200,4864,1578,0.01,300.0,924,0.0001,14191,0.006315944716334343
1.2186727400000006,1460400,4868,1578,0.01,300.0,925,0.0001,14203,0.006797586102038622
1.2188108999999998,1461600,4872,1579,0.01,300.0,925,0.0001,14215,0.006520508788526058
1.3435746,1462800,4876,1580,0.01,300.0,925,0.0001,14227,0.0057250335812568665
1.2238587,1464000,4880,1581,0.01,300.0,925,0.0001,14239,0.005246602930128574
1.25477633,1465200,4884,1581,0.01,300.0,926,0.0001,14251,0.005705886986106634
0.9831018599999999,1466400,4888,1582,0.01,300.0,926,0.0001,14263,0.0050594620406627655
1.0864519900000003,1467600,4892,1583,0.01,300.0,926,0.0001,14275,0.005551652982831001
1.11176039,1468800,4896,1584,0.01,300.0,927,0.0001,14287,0.005750130861997604
0.8174583099999999,1470000,4900,1585,0.01,300.0,927,0.0001,14299,0.005862211808562279
0.7272864899999999,1471200,4904,1585,0.01,300.0,927,0.0001,14311,0.011815626174211502
0.7609993099999999,1472400,4908,1586,0.01,300.0,928,0.0001,14323,0.0040375408716499805
0.6846691799999999,1473600,4912,1587,0.01,300.0,928,0.0001,14335,0.004189922474324703
1.28630169,1474800,4916,1588,0.01,300.0,928,0.0001,14347,0.01053486205637455
1.3678712299999998,1476000,4920,1588,0.01,300.0,928,0.0001,14359,0.005883576348423958
1.2521258700000002,1477200,4924,1589,0.01,300.0,929,0.0001,14371,0.006319350562989712
1.3558223699999998,1478400,4928,1590,0.01,300.0,929,0.0001,14383,0.006737545132637024
1.20222344,1479600,4932,1591,0.01,300.0,929,0.0001,14395,0.005751630291342735
1.0574400199999998,1480800,4936,1592,0.01,300.0,929,0.0001,14407,0.005424931179732084
1.0672264999999999,1482000,4940,1593,0.01,300.0,930,0.0001,14419,0.0041550216265022755
0.98892561,1483200,4944,1594,0.01,300.0,930,0.0001,14431,0.005393788684159517
0.8959654599999997,1484400,4948,1594,0.01,300.0,930,0.0001,14443,0.006670183502137661
1.0607563599999998,1485600,4952,1595,0.01,300.0,931,0.0001,14455,0.004172719083726406
1.0608321900000002,1486800,4956,1596,0.01,300.0,931,0.0001,14467,0.0050126295536756516
0.97723972,1488000,4960,1597,0.01,300.0,931,0.0001,14479,0.004030598793178797
0.6921423899999999,1489200,4964,1597,0.01,300.0,932,0.0001,14491,0.0067810434848070145
0.6339340200000001,1490400,4968,1598,0.01,300.0,932,0.0001,14503,0.011777562089264393
0.7458648500000001,1491600,4972,1599,0.01,300.0,932,0.0001,14515,0.004242769442498684
0.36145317000000005,1492800,4976,1599,0.01,300.0,933,0.0001,14527,0.008134332485496998
0.17517879999999997,1494000,4980,1600,0.01,300.0,933,0.0001,14539,0.00747291836887598
0.0006875999999999838,1495200,4984,1601,0.01,300.0,933,0.0001,14551,0.00727459043264389
-0.046360370000000053,1496400,4988,1602,0.01,300.0,933,0.0001,14563,0.005049504805356264
-0.40667381999999996,1497600,4992,1603,0.01,300.0,934,0.0001,14575,0.005904705263674259
-0.5411756099999999,1498800,4996,1603,0.01,300.0,934,0.0001,14587,0.0070477738045156
-0.40409163,1500000,5000,1662,0.01,300.0,902,0.0001,14599,0.005508824251592159
-0.31032628,1501200,5004,1663,0.01,300.0,902,0.0001,14611,0.006086001172661781
-0.18190457999999998,1502400,5008,1664,0.01,300.0,902,0.0001,14623,0.004670972935855389
-0.49095639999999996,1503600,5012,1665,0.01,300.0,902,0.0001,14635,0.005025445483624935
-1.10409468,1504800,5016,1666,0.01,300.0,903,0.0001,14647,0.006100945174694061
-1.07094852,1506000,5020,1666,0.01,300.0,903,0.0001,14659,0.00623774528503418
-1.1107336,1507200,5024,1667,0.01,300.0,903,0.0001,14671,0.005271660163998604
-1.34923621,1508400,5028,1668,0.01,300.0,904,0.0001,14683,0.004448354244232178
-1.1655959200000001,1509600,5032,1669,0.01,300.0,904,0.0001,14695,0.005712603218853474
-1.05630988,1510800,5036,1669,0.01,300.0,904,0.0001,14707,0.006941407918930054
-0.7928117800000001,1512000,5040,1670,0.01,300.0,905,0.0001,14719,0.005181779619306326
-0.8758945299999997,1513200,5044,1671,0.01,300.0,905,0.0001,14731,0.005056065507233143
-1.02387111,1514400,5048,1672,0.01,300.0,905,0.0001,14743,0.0038197855465114117
-1.1186620999999999,1515600,5052,1673,0.01,300.0,905,0.0001,14755,0.004302101209759712
-1.2739500599999998,1516800,5056,1673,0.01,300.0,906,0.0001,14767,0.005197915714234114
-0.9712805199999996,1518000,5060,1674,0.01,300.0,906,0.0001,14779,0.00904383696615696
-0.6118484199999998,1519200,5064,1675,0.01,300.0,906,0.0001,14791,0.005399564281105995
-0.23186496999999975,1520400,5068,1676,0.01,300.0,907,0.0001,14803,0.007365307305008173
-0.3019449899999998,1521600,5072,1676,0.01,300.0,907,0.0001,14815,0.005779772996902466
-0.1835922,1522800,5076,1677,0.01,300.0,907,0.0001,14827,0.00499028991907835
-0.09418543000000003,1524000,5080,1678,0.01,300.0,908,0.0001,14839,0.007260153070092201
-0.25668921,1525200,5084,1678,0.01,300.0,908,0.0001,14851,0.007720140274614096
-0.48252248999999997,1526400,5088,1679,0.01,300.0,908,0.0001,14863,0.00782880187034607
-0.21434823000000017,1527600,5092,1680,0.01,300.0,909,0.0001,14875,0.005698731634765863
-0.6237209100000001,1528800,5096,1681,0.01,300.0,909,0.0001,14887,0.004440234042704105
-0.8573195100000001,1530000,5100,1682,0.01,300.0,909,0.0001,14899,0.007394792046397924
-1.0125014400000003,1531200,5104,1683,0.01,300.0,909,0.0001,14911,0.006018037907779217
-1.2539247700000002,1532400,5108,1683,0.01,300.0,910,0.0001,14923,0.0049628145061433315
-0.7894872900000002,1533600,5112,1684,0.01,300.0,910,0.0001,14935,0.005583020858466625
-0.6864612700000001,1534800,5116,1685,0.01,300.0,910,0.0001,14947,0.007953142747282982
-0.51617104,1536000,5120,1686,0.01,300.0,910,0.0001,14959,0.007403009105473757
-0.54203226,1537200,5124,1687,0.01,300.0,911,0.0001,14971,0.005494951270520687
-0.47055806000000006,1538400,5128,1687,0.01,300.0,911,0.0001,14983,0.009560738690197468
-0.6709213199999999,1539600,5132,1688,0.01,300.0,911,0.0001,14995,0.004591066390275955
-0.79714706,1540800,5136,1689,0.01,300.0,912,0.0001,15007,0.00627101119607687
-1.14137469,1542000,5140,1689,0.01,300.0,912,0.0001,15019,0.009956160560250282
-1.08602972,1543200,5144,1690,0.01,300.0,912,0.0001,15031,0.008475608192384243
-0.7614131399999999,1544400,5148,1691,0.01,300.0,913,0.0001,15043,0.005033029243350029
-1.11835513,1545600,5152,1692,0.01,300.0,913,0.0001,15055,0.006508296355605125
-1.25981208,1546800,5156,1693,0.01,300.0,913,0.0001,15067,0.004659260157495737
-1.4702122700000002,1548000,5160,1694,0.01,300.0,913,0.0001,15079,0.00519139226526022
-1.3196427000000002,1549200,5164,1695,0.01,300.0,913,0.0001,15091,0.004409410059452057
-1.6098231200000004,1550400,5168,1695,0.01,300.0,914,0.0001,15103,0.013543574139475822
-1.7894570799999996,1551600,5172,1697,0.01,300.0,914,0.0001,15115,0.0055822329595685005
-1.7968559000000002,1552800,5176,1697,0.01,300.0,914,0.0001,15127,0.004324468318372965
-1.4255332,1554000,5180,1698,0.01,300.0,914,0.0001,15139,0.005313857924193144
-1.2324617400000002,1555200,5184,1699,0.01,300.0,915,0.0001,15151,0.0071421219035983086
-1.6135650000000001,1556400,5188,1700,0.01,300.0,915,0.0001,15163,0.008119503036141396
-1.2112615599999998,1557600,5192,1700,0.01,300.0,915,0.0001,15175,0.005044334102421999
-0.9003349800000001,1558800,5196,1701,0.01,300.0,915,0.0001,15187,0.01565900631248951
-0.6429029700000001,1560000,5200,1702,0.01,300.0,916,0.0001,15199,0.004534480161964893
-0.5785727500000002,1561200,5204,1703,0.01,300.0,916,0.0001,15211,0.005534087307751179
-0.8992708400000001,1562400,5208,1704,0.01,300.0,916,0.0001,15223,0.0048904940485954285
-1.40825457,1563600,5212,1704,0.01,300.0,917,0.0001,15235,0.005858249496668577
-1.4492960099999999,1564800,5216,1705,0.01,300.0,917,0.0001,15247,0.005586546380072832
-1.5120802000000004,1566000,5220,1706,0.01,300.0,917,0.0001,15259,0.005323018413037062
-1.48816421,1567200,5224,1707,0.01,300.0,917,0.0001,15271,0.007085086777806282
-1.5605059700000001,1568400,5228,1707,0.01,300.0,918,0.0001,15283,0.004322163760662079
-1.8394988899999998,1569600,5232,1708,0.01,300.0,918,0.0001,15295,0.005085817538201809
-1.9845088000000002,1570800,5236,1709,0.01,300.0,918,0.0001,15307,0.004152331501245499
-1.9612498499999997,1572000,5240,1710,0.01,300.0,919,0.0001,15319,0.005194142460823059
-1.6835518600000001,1573200,5244,1710,0.01,300.0,919,0.0001,15331,0.006986910477280617
-1.4705959299999998,1574400,5248,1711,0.01,300.0,919,0.0001,15343,0.007557360455393791
-1.35369695,1575600,5252,1712,0.01,300.0,919,0.0001,15355,0.00465893791988492
-1.00272272,1576800,5256,1713,0.01,300.0,920,0.0001,15367,0.00956845935434103
-0.9962788400000001,1578000,5260,1714,0.01,300.0,920,0.0001,15379,0.005856978241354227
-1.1544790800000002,1579200,5264,1715,0.01,300.0,920,0.0001,15391,0.009707411751151085
-0.9550303999999998,1580400,5268,1716,0.01,300.0,920,0.0001,15403,0.006996688898652792
-0.5281695699999999,1581600,5272,1716,0.01,300.0,921,0.0001,15415,0.005006291903555393
-0.7332274299999999,1582800,5276,1717,0.01,300.0,921,0.0001,15427,0.0033513004891574383
-0.73115713,1584000,5280,1718,0.01,300.0,921,0.0001,15439,0.007367292419075966
-0.87770282,1585200,5284,1719,0.01,300.0,922,0.0001,15451,0.008057605475187302
0.044577830000000214,1586400,5288,1719,0.01,300.0,922,0.0001,15463,0.006893671117722988
-0.20491004999999995,1587600,5292,1720,0.01,300.0,922,0.0001,15475,0.004240941256284714
0.34694152,1588800,5296,1721,0.01,300.0,923,0.0001,15487,0.00484329741448164
0.4305847500000002,1590000,5300,1722,0.01,300.0,923,0.0001,15499,0.012004390358924866
0.45627126000000007,1591200,5304,1723,0.01,300.0,923,0.0001,15511,0.004756201058626175
0.6997656899999999,1592400,5308,1723,0.01,300.0,923,0.0001,15523,0.008397565223276615
1.0766381100000002,1593600,5312,1724,0.01,300.0,924,0.0001,15535,0.0028930718544870615
0.7460687399999998,1594800,5316,1725,0.01,300.0,924,0.0001,15547,0.004482526332139969
1.17413646,1596000,5320,1726,0.01,300.0,924,0.0001,15559,0.006113897077739239
1.2470682000000002,1597200,5324,1726,0.01,300.0,924,0.0001,15571,0.004960284568369389
1.31984614,1598400,5328,1727,0.01,300.0,925,0.0001,15583,0.005693171173334122
1.7584743900000004,1599600,5332,1728,0.01,300.0,925,0.0001,15595,0.006131981499493122
1.74517312,1600800,5336,1788,0.01,300.0,895,0.0001,15607,0.007429089397192001
1.4917215900000003,1602000,5340,1789,0.01,300.0,895,0.0001,15619,0.006306123919785023
1.3187088900000001,1603200,5344,1790,0.01,300.0,895,0.0001,15631,0.005762963555753231
1.2220587900000002,1604400,5348,1790,0.01,300.0,895,0.0001,15643,0.006045803427696228
1.33371814,1605600,5352,1791,0.01,300.0,896,0.0001,15655,0.004327130038291216
1.32901464,1606800,5356,1792,0.01,300.0,896,0.0001,15667,0.004209451377391815
1.6360189300000005,1608000,5360,1793,0.01,300.0,896,0.0001,15679,0.004446496721357107
1.6210018300000002,1609200,5364,1794,0.01,300.0,896,0.0001,15691,0.004179596435278654
1.5247195400000002,1610400,5368,1795,0.01,300.0,897,0.0001,15703,0.005162438377737999
1.4380800299999998,1611600,5372,1795,0.01,300.0,897,0.0001,15715,0.0038312170654535294
1.3867807499999998,1612800,5376,1796,0.01,300.0,897,0.0001,15727,0.0073422761633992195
1.0683451300000002,1614000,5380,1797,0.01,300.0,897,0.0001,15739,0.006067356094717979
1.07850232,1615200,5384,1798,0.01,300.0,898,0.0001,15751,0.005121083464473486
0.7004325800000002,1616400,5388,1798,0.01,300.0,898,0.0001,15763,0.006754247937351465
0.8392833800000001,1617600,5392,1799,0.01,300.0,898,0.0001,15775,0.007738668471574783
0.35079960999999993,1618800,5396,1800,0.01,300.0,899,0.0001,15787,0.012180894613265991
0.22183810999999987,1620000,5400,1801,0.01,300.0,899,0.0001,15799,0.006007160525768995
0.25337329999999986,1621200,5404,1802,0.01,300.0,899,0.0001,15811,0.0043336572125554085
0.26872296,1622400,5408,1803,0.01,300.0,899,0.0001,15823,0.00553746335208416
0.29114290000000004,1623600,5412,1804,0.01,300.0,899,0.0001,15835,0.004315467085689306
0.71542361,1624800,5416,1804,0.01,300.0,900,0.0001,15847,0.0046325246803462505
0.2970485399999999,1626000,5420,1805,0.01,300.0,900,0.0001,15859,0.006296520587056875
0.27220482999999995,1627200,5424,1806,0.01,300.0,900,0.0001,15871,0.005422188434749842
0.22239373,1628400,5428,1807,0.01,300.0,901,0.0001,15883,0.0044728778302669525
-0.09027167999999994,1629600,5432,1807,0.01,300.0,901,0.0001,15895,0.009228739887475967
0.3298591900000001,1630800,5436,1808,0.01,300.0,901,0.0001,15907,0.0056191543117165565
0.4729764900000001,1632000,5440,1809,0.01,300.0,901,0.0001,15919,0.003426723647862673
0.25625704000000016,1633200,5444,1810,0.01,300.0,902,0.0001,15931,0.005785244517028332
0.30339596999999996,1634400,5448,1810,0.01,300.0,902,0.0001,15943,0.005309232044965029
0.17263775000000017,1635600,5452,1811,0.01,300.0,902,0.0001,15955,0.0055798618122935295
0.021493490000000184,1636800,5456,1812,0.01,300.0,902,0.0001,15967,0.006479905918240547
0.010173749999999853,1638000,5460,1813,0.01,300.0,903,0.0001,15979,0.006004659458994865
-0.06194918000000009,1639200,5464,1814,0.01,300.0,903,0.0001,15991,0.007673193234950304
0.013068459999999815,1640400,5468,1815,0.01,300.0,903,0.0001,16003,0.005718909669667482
-0.5041476500000003,1641600,5472,1815,0.01,300.0,903,0.0001,16015,0.0037293548230081797
-0.1339500400000001,1642800,5476,1816,0.01,300.0,904,0.0001,16027,0.004975232761353254
-0.3055874999999999,1644000,5480,1817,0.01,300.0,904,0.0001,16039,0.004446612671017647
-0.33106962999999995,1645200,5484,1818,0.01,300.0,904,0.0001,16051,0.005681966431438923
-0.06383818000000016,1646400,5488,1818,0.01,300.0,905,0.0001,16063,0.004344588611274958
-0.46738002000000006,1647600,5492,1819,0.01,300.0,905,0.0001,16075,0.004035422578454018
-0.39145230000000014,1648800,5496,1820,0.01,300.0,905,0.0001,16087,0.005948204547166824
-0.1695079300000001,1650000,5500,1821,0.01,300.0,905,0.0001,16099,0.004962192848324776
-0.14079954000000003,1651200,5504,1822,0.01,300.0,906,0.0001,16111,0.005022271536290646
0.15450775,1652400,5508,1822,0.01,300.0,906,0.0001,16123,0.0064824228174984455
-0.10074583999999996,1653600,5512,1823,0.01,300.0,906,0.0001,16135,0.004416957031935453
-0.0623719200000001,1654800,5516,1824,0.01,300.0,906,0.0001,16147,0.005048532038927078
0.05610959999999997,1656000,5520,1825,0.01,300.0,907,0.0001,16159,0.00404302729293704
-0.07241464999999989,1657200,5524,1826,0.01,300.0,907,0.0001,16171,0.004474051762372255
0.22808253000000003,1658400,5528,1826,0.01,300.0,907,0.0001,16183,0.0056581152603030205
0.3390473300000001,1659600,5532,1827,0.01,300.0,908,0.0001,16195,0.0036897717509418726
-0.07329407999999991,1660800,5536,1828,0.01,300.0,908,0.0001,16207,0.005722682923078537
-0.08757528999999993,1662000,5540,1829,0.01,300.0,908,0.0001,16219,0.007745929528027773
0.10006994999999996,1663200,5544,1829,0.01,300.0,908,0.0001,16231,0.003969689831137657
0.28189053999999997,1664400,5548,1830,0.01,300.0,909,0.0001,16243,0.0034408392384648323
0.42290447000000014,1665600,5552,1831,0.01,300.0,909,0.0001,16255,0.005108119919896126
0.35757497000000027,1666800,5556,1832,0.01,300.0,909,0.0001,16267,0.006785677280277014
0.019054900000000173,1668000,5560,1833,0.01,300.0,909,0.0001,16279,0.006072395481169224
0.1559775300000001,1669200,5564,1834,0.01,300.0,909,0.0001,16291,0.010035558603703976
-0.1443662699999999,1670400,5568,1835,0.01,300.0,910,0.0001,16303,0.0049423654563724995
0.08132783000000014,1671600,5572,1836,0.01,300.0,910,0.0001,16315,0.005113013554364443
0.21604303000000014,1672800,5576,1836,0.01,300.0,910,0.0001,16327,0.008127476088702679
0.26942418000000007,1674000,5580,1837,0.01,300.0,910,0.0001,16339,0.006856576073914766
-0.1561998099999999,1675200,5584,1838,0.01,300.0,911,0.0001,16351,0.005002801772207022
-0.5416754300000001,1676400,5588,1839,0.01,300.0,911,0.0001,16363,0.004160050768405199
-0.54652852,1677600,5592,1840,0.01,300.0,911,0.0001,16375,0.003728964366018772
-0.49758460999999976,1678800,5596,1841,0.01,300.0,911,0.0001,16387,0.0042165545746684074
-0.5588478599999999,1680000,5600,1842,0.01,300.0,911,0.0001,16399,0.005084609612822533
-0.7665865199999997,1681200,5604,1843,0.01,300.0,911,0.0001,16411,0.004852372221648693
-0.8790646399999998,1682400,5608,1844,0.01,300.0,912,0.0001,16423,0.0061065154150128365
-1.09081993,1683600,5612,1845,0.01,300.0,912,0.0001,16435,0.003946834243834019
-1.23281514,1684800,5616,1845,0.01,300.0,912,0.0001,16447,0.012517023831605911
-1.4445789399999998,1686000,5620,1846,0.01,300.0,912,0.0001,16459,0.0052766925655305386
-1.4914318199999999,1687200,5624,1847,0.01,300.0,913,0.0001,16471,0.004490778315812349
-1.7277793,1688400,5628,1848,0.01,300.0,913,0.0001,16483,0.005541374906897545
-1.3888818200000004,1689600,5632,1849,0.01,300.0,913,0.0001,16495,0.004686811938881874
-1.8370299,1690800,5636,1849,0.01,300.0,913,0.0001,16507,0.012559830211102962
-1.61967173,1692000,5640,1850,0.01,300.0,914,0.0001,16519,0.005550136789679527
-1.8554649499999996,1693200,5644,1851,0.01,300.0,914,0.0001,16531,0.0071268752217292786
-2.0823962500000004,1694400,5648,1852,0.01,300.0,914,0.0001,16543,0.005522189661860466
-2.0448054,1695600,5652,1853,0.01,300.0,915,0.0001,16555,0.011263452470302582
-1.9943477900000004,1696800,5656,1853,0.01,300.0,915,0.0001,16567,0.0053624254651367664
-1.7250759600000003,1698000,5660,1854,0.01,300.0,915,0.0001,16579,0.0056290049105882645
-1.7019690400000003,1699200,5664,1855,0.01,300.0,915,0.0001,16591,0.004174692090600729
-1.93580615,1700400,5668,1916,0.01,300.0,887,0.0001,16603,0.005160246975719929
-1.97473285,1701600,5672,1916,0.01,300.0,887,0.0001,16615,0.013646075502038002
-2.22295976,1702800,5676,1917,0.01,300.0,887,0.0001,16627,0.006370728835463524
-2.3080797700000004,1704000,5680,1918,0.01,300.0,888,0.0001,16639,0.0054599810391664505
-1.6279543200000004,1705200,5684,1919,0.01,300.0,888,0.0001,16651,0.007014748640358448
-1.66806612,1706400,5688,1919,0.01,300.0,888,0.0001,16663,0.005874129943549633
-1.4909769800000001,1707600,5692,1920,0.01,300.0,889,0.0001,16675,0.005342288874089718
-1.7997953400000002,1708800,5696,1921,0.01,300.0,889,0.0001,16687,0.014874826185405254
-2.14699696,1710000,5700,1922,0.01,300.0,889,0.0001,16699,0.0060851736925542355
-1.8119078,1711200,5704,1923,0.01,300.0,889,0.0001,16711,0.006485855206847191
-1.6991917699999999,1712400,5708,1924,0.01,300.0,889,0.0001,16723,0.006833977997303009
-1.7228812900000003,1713600,5712,1925,0.01,300.0,890,0.0001,16735,0.006249616853892803
-1.63855206,1714800,5716,1925,0.01,300.0,890,0.0001,16747,0.004491915460675955
-1.2795900100000004,1716000,5720,1926,0.01,300.0,890,0.0001,16759,0.005508421920239925
-0.6093474900000001,1717200,5724,1927,0.01,300.0,890,0.0001,16771,0.011949367821216583
-0.3705851800000002,1718400,5728,1928,0.01,300.0,891,0.0001,16783,0.0071172951720654964
-0.5242613700000001,1719600,5732,1928,0.01,300.0,891,0.0001,16795,0.005557181779295206
0.18052913000000015,1720800,5736,1929,0.01,300.0,891,0.0001,16807,0.005593413952738047
-0.10209209999999981,1722000,5740,1930,0.01,300.0,892,0.0001,16819,0.004239427857100964
-0.1821989099999999,1723200,5744,1931,0.01,300.0,892,0.0001,16831,0.005315513350069523
-0.23581032999999998,1724400,5748,1932,0.01,300.0,892,0.0001,16843,0.005651685409247875
-0.08714170000000004,1725600,5752,1933,0.01,300.0,892,0.0001,16855,0.009956758469343185
0.033671690000000074,1726800,5756,1934,0.01,300.0,892,0.0001,16867,0.007751128636300564
-0.2183621699999999,1728000,5760,1934,0.01,300.0,893,0.0001,16879,0.004178312607109547
-0.1535230099999999,1729200,5764,1935,0.01,300.0,893,0.0001,16891,0.0069695571437478065
-0.12667452999999987,1730400,5768,1936,0.01,300.0,893,0.0001,16903,0.004830650053918362
-0.10066374000000002,1731600,5772,1937,0.01,300.0,893,0.0001,16915,0.008689843118190765
-0.28118405999999996,1732800,5776,1938,0.01,300.0,893,0.0001,16927,0.0031681410036981106
0.06877714000000008,1734000,5780,1939,0.01,300.0,894,0.0001,16939,0.006040839944034815
-0.11305256000000002,1735200,5784,1940,0.01,300.0,894,0.0001,16951,0.004766474012285471
0.34450855999999985,1736400,5788,1941,0.01,300.0,894,0.0001,16963,0.004265488125383854
0.5300820300000001,1737600,5792,1942,0.01,300.0,894,0.0001,16975,0.004541213158518076
0.8807649000000001,1738800,5796,1943,0.01,300.0,894,0.0001,16987,0.003969984594732523
1.04563778,1740000,5800,1944,0.01,300.0,895,0.0001,16999,0.004886907525360584
0.71325241,1741200,5804,1944,0.01,300.0,895,0.0001,17011,0.01057031936943531
0.3614422399999999,1742400,5808,1945,0.01,300.0,895,0.0001,17023,0.004362329374998808
0.7973371100000003,1743600,5812,1946,0.01,300.0,895,0.0001,17035,0.005658436566591263
0.8811803700000002,1744800,5816,1947,0.01,300.0,896,0.0001,17047,0.012352945283055305
0.8122567700000001,1746000,5820,1948,0.01,300.0,896,0.0001,17059,0.006066847592592239
0.2959856199999999,1747200,5824,1948,0.01,300.0,896,0.0001,17071,0.005523001775145531
0.18081070999999987,1748400,5828,1949,0.01,300.0,896,0.0001,17083,0.006660814397037029
0.25897550999999996,1749600,5832,1950,0.01,300.0,896,0.0001,17095,0.006380022969096899
0.30265732999999995,1750800,5836,1951,0.01,300.0,897,0.0001,17107,0.006871438585221767
0.6572095299999999,1752000,5840,1953,0.01,300.0,897,0.0001,17119,0.009361088275909424
0.75292404,1753200,5844,1954,0.01,300.0,897,0.0001,17131,0.00511132599785924
0.5455215199999999,1754400,5848,1955,0.01,300.0,897,0.0001,17143,0.004576386418193579
0.0671185300000001,1755600,5852,1956,0.01,300.0,897,0.0001,17155,0.010488655418157578
0.1290219600000003,1756800,5856,1956,0.01,300.0,897,0.0001,17167,0.008295156992971897
-0.0018844399999999872,1758000,5860,1957,0.01,300.0,897,0.0001,17179,0.004449011292308569
0.029898089999999888,1759200,5864,1958,0.01,300.0,898,0.0001,17191,0.008012665435671806
0.18550016999999985,1760400,5868,1959,0.01,300.0,898,0.0001,17203,0.006827089469879866
0.1079621599999999,1761600,5872,1960,0.01,300.0,898,0.0001,17215,0.005012287758290768
0.13290443999999987,1762800,5876,1961,0.01,300.0,898,0.0001,17227,0.00976315326988697
0.04685579999999975,1764000,5880,1962,0.01,300.0,898,0.0001,17239,0.00426437146961689
-0.39095446000000017,1765200,5884,1963,0.01,300.0,899,0.0001,17251,0.004577901214361191
-0.5406681299999997,1766400,5888,1964,0.01,300.0,899,0.0001,17263,0.00677843950688839
-0.7709230000000001,1767600,5892,1965,0.01,300.0,899,0.0001,17275,0.0061092860996723175
-0.7154840800000002,1768800,5896,1965,0.01,300.0,899,0.0001,17287,0.005184326786547899
-0.6881130799999999,1770000,5900,1966,0.01,300.0,899,0.0001,17299,0.0063993195071816444
-0.59832723,1771200,5904,1967,0.01,300.0,900,0.0001,17311,0.005842783022671938
-0.6748777199999999,1772400,5908,1968,0.01,300.0,900,0.0001,17323,0.008031056262552738
-0.8064794900000001,1773600,5912,1969,0.01,300.0,900,0.0001,17335,0.003733309917151928
-0.5918852600000003,1774800,5916,1970,0.01,300.0,900,0.0001,17347,0.00538680050522089
-0.7488884499999997,1776000,5920,1971,0.01,300.0,901,0.0001,17359,0.004548144526779652
-0.7651538599999997,1777200,5924,1971,0.01,300.0,901,0.0001,17371,0.006410566624253988
-0.7687202599999998,1778400,5928,1972,0.01,300.0,901,0.0001,17383,0.00475027970969677
-0.9040221799999997,1779600,5932,1973,0.01,300.0,901,0.0001,17395,0.007911824621260166
-0.96344977,1780800,5936,1974,0.01,300.0,901,0.0001,17407,0.0073560141026973724
-0.9323495100000002,1782000,5940,1975,0.01,300.0,902,0.0001,17419,0.012419388629496098
-0.9357417299999998,1783200,5944,1975,0.01,300.0,902,0.0001,17431,0.0035129438620060682
-0.6159599999999997,1784400,5948,1976,0.01,300.0,902,0.0001,17443,0.004629895091056824
-0.34600504999999976,1785600,5952,1977,0.01,300.0,902,0.0001,17455,0.010816579684615135
-0.3891247499999998,1786800,5956,1978,0.01,300.0,903,0.0001,17467,0.004465649835765362
-0.07166811999999996,1788000,5960,1979,0.01,300.0,903,0.0001,17479,0.013807689771056175
-0.11878747000000008,1789200,5964,1979,0.01,300.0,903,0.0001,17491,0.006072928197681904
0.21272788999999995,1790400,5968,1980,0.01,300.0,903,0.0001,17503,0.005892692133784294
0.4545457600000002,1791600,5972,1981,0.01,300.0,904,0.0001,17515,0.006653524935245514
1.1467365900000002,1792800,5976,1982,0.01,300.0,904,0.0001,17527,0.008131643757224083
0.8998807299999999,1794000,5980,1983,0.01,300.0,904,0.0001,17539,0.008725005201995373
1.2855522,1795200,5984,1983,0.01,300.0,904,0.0001,17551,0.005156201776117086
1.3341836399999998,1796400,5988,1984,0.01,300.0,905,0.0001,17563,0.005359048955142498
1.3990966299999998,1797600,5992,1985,0.01,300.0,905,0.0001,17575,0.006010907702147961
1.4013567799999997,1798800,5996,1986,0.01,300.0,905,0.0001,17587,0.0035029929131269455
1.8916201000000001,1800000,6000,2049,0.01,300.0,878,0.0001,17599,0.0037131267599761486
1.7006557299999994,1801200,6004,2050,0.01,300.0,878,0.0001,17611,0.005146742332726717
1.9158474699999999,1802400,6008,2051,0.01,300.0,878,0.0001,17623,0.007873337715864182
1.9217922699999996,1803600,6012,2052,0.01,300.0,878,0.0001,17635,0.004084271378815174
1.3847570499999993,1804800,6016,2053,0.01,300.0,878,0.0001,17647,0.004652197472751141
1.3838787300000002,1806000,6020,2054,0.01,300.0,879,0.0001,17659,0.00653462391346693
1.4588246399999998,1807200,6024,2055,0.01,300.0,879,0.0001,17671,0.015552153810858727
1.8705109299999998,1808400,6028,2055,0.01,300.0,879,0.0001,17683,0.004210463725030422
2.40459895,1809600,6032,2056,0.01,300.0,879,0.0001,17695,0.012732401490211487
2.05488489,1810800,6036,2057,0.01,300.0,880,0.0001,17707,0.0059910486452281475
2.11198126,1812000,6040,2058,0.01,300.0,880,0.0001,17719,0.0040694959461688995
2.6726370899999994,1813200,6044,2059,0.01,300.0,880,0.0001,17731,0.005873224698007107
2.56618835,1814400,6048,2059,0.01,300.0,880,0.0001,17743,0.007313935551792383
2.65500209,1815600,6052,2060,0.01,300.0,881,0.0001,17755,0.006554906256496906
2.46764581,1816800,6056,2061,0.01,300.0,881,0.0001,17767,0.006952393800020218
2.60342323,1818000,6060,2062,0.01,300.0,881,0.0001,17779,0.0072075179778039455
2.63542944,1819200,6064,2063,0.01,300.0,881,0.0001,17791,0.006215838715434074
2.4820504,1820400,6068,2063,0.01,300.0,882,0.0001,17803,0.004314498510211706
2.3354718699999997,1821600,6072,2064,0.01,300.0,882,0.0001,17815,0.005440086126327515
1.8727069299999997,1822800,6076,2065,0.01,300.0,882,0.0001,17827,0.004637253005057573
2.14599967,1824000,6080,2066,0.01,300.0,882,0.0001,17839,0.005421904847025871
2.08216475,1825200,6084,2066,0.01,300.0,883,0.0001,17851,0.0035016704350709915
1.9023427400000004,1826400,6088,2067,0.01,300.0,883,0.0001,17863,0.0038231820799410343
1.66355391,1827600,6092,2068,0.01,300.0,883,0.0001,17875,0.006117761600762606
1.7621241199999997,1828800,6096,2069,0.01,300.0,883,0.0001,17887,0.004552309401333332
1.42198567,1830000,6100,2070,0.01,300.0,884,0.0001,17899,0.005806576926261187
1.6575059099999996,1831200,6104,2070,0.01,300.0,884,0.0001,17911,0.008350863121449947
1.58987702,1832400,6108,2071,0.01,300.0,884,0.0001,17923,0.0064642345532774925
1.32349767,1833600,6112,2072,0.01,300.0,884,0.0001,17935,0.005414124578237534
1.4776917500000002,1834800,6116,2073,0.01,300.0,884,0.0001,17947,0.0039414274506270885
1.6965792100000001,1836000,6120,2074,0.01,300.0,884,0.0001,17959,0.006847119890153408
1.52105717,1837200,6124,2075,0.01,300.0,885,0.0001,17971,0.007830346003174782
1.20302294,1838400,6128,2076,0.01,300.0,885,0.0001,17983,0.008712063543498516
0.7337239199999999,1839600,6132,2077,0.01,300.0,885,0.0001,17995,0.004622310400009155
1.24524399,1840800,6136,2078,0.01,300.0,885,0.0001,18007,0.0031567541882395744
1.1594376,1842000,6140,2079,0.01,300.0,885,0.0001,18019,0.004988750442862511
0.6852037900000001,1843200,6144,2080,0.01,300.0,886,0.0001,18031,0.0037052955012768507
0.48584912999999974,1844400,6148,2080,0.01,300.0,886,0.0001,18043,0.005559681449085474
0.39234998999999965,1845600,6152,2081,0.01,300.0,886,0.0001,18055,0.00815636944025755
0.4195289799999999,1846800,6156,2082,0.01,300.0,886,0.0001,18067,0.006195159628987312
0.08068588999999998,1848000,6160,2083,0.01,300.0,886,0.0001,18079,0.005519437603652477
0.12012713999999974,1849200,6164,2084,0.01,300.0,887,0.0001,18091,0.003412756137549877
-0.023189010000000218,1850400,6168,2085,0.01,300.0,887,0.0001,18103,0.00351472245529294
-0.2674448700000001,1851600,6172,2085,0.01,300.0,887,0.0001,18115,0.006075798533856869
-0.12830294000000006,1852800,6176,2086,0.01,300.0,887,0.0001,18127,0.005074281245470047
-0.3166751500000002,1854000,6180,2087,0.01,300.0,888,0.0001,18139,0.005023937672376633
-0.29846511000000026,1855200,6184,2088,0.01,300.0,888,0.0001,18151,0.006837922148406506
-0.36321348999999997,1856400,6188,2089,0.01,300.0,888,0.0001,18163,0.004951140843331814
0.08938112999999995,1857600,6192,2090,0.01,300.0,888,0.0001,18175,0.006698694080114365
-0.16145741000000022,1858800,6196,2091,0.01,300.0,888,0.0001,18187,0.004744234960526228
-0.3243876500000002,1860000,6200,2091,0.01,300.0,889,0.0001,18199,0.006013147532939911
-0.2975368200000002,1861200,6204,2092,0.01,300.0,889,0.0001,18211,0.004287129268050194
0.22837711999999982,1862400,6208,2093,0.01,300.0,889,0.0001,18223,0.008038029074668884
0.6170942599999999,1863600,6212,2094,0.01,300.0,889,0.0001,18235,0.004763508681207895
0.7189182,1864800,6216,2095,0.01,300.0,890,0.0001,18247,0.010989156551659107
0.6925076099999999,1866000,6220,2096,0.01,300.0,890,0.0001,18259,0.005845273844897747
0.7129032099999999,1867200,6224,2096,0.01,300.0,890,0.0001,18271,0.008157208561897278
0.13109197999999983,1868400,6228,2097,0.01,300.0,890,0.0001,18283,0.010230030864477158
-0.04554018000000005,1869600,6232,2098,0.01,300.0,891,0.0001,18295,0.0032663708552718163
-0.45413802000000003,1870800,6236,2099,0.01,300.0,891,0.0001,18307,0.004797567147761583
-0.46129122000000017,1872000,6240,2099,0.01,300.0,891,0.0001,18319,0.012440035119652748
-0.21254938000000012,1873200,6244,2100,0.01,300.0,891,0.0001,18331,0.009181194007396698
-0.31552193999999995,1874400,6248,2101,0.01,300.0,891,0.0001,18343,0.006985544692724943
-0.1568051499999999,1875600,6252,2102,0.01,300.0,892,0.0001,18355,0.0029834939632564783
0.13338475,1876800,6256,2103,0.01,300.0,892,0.0001,18367,0.006729964166879654
-0.03995916000000002,1878000,6260,2104,0.01,300.0,892,0.0001,18379,0.004400316625833511
0.014957490000000071,1879200,6264,2105,0.01,300.0,892,0.0001,18391,0.004161426797509193
0.1179687700000001,1880400,6268,2105,0.01,300.0,892,0.0001,18403,0.004547246731817722
0.3072467900000001,1881600,6272,2106,0.01,300.0,893,0.0001,18415,0.006542450748383999
-0.10125237999999978,1882800,6276,2107,0.01,300.0,893,0.0001,18427,0.004201123025268316
-0.5143214599999999,1884000,6280,2108,0.01,300.0,893,0.0001,18439,0.0059970892034471035
-0.48835832999999995,1885200,6284,2109,0.01,300.0,893,0.0001,18451,0.004434654489159584
-0.14116422999999995,1886400,6288,2110,0.01,300.0,893,0.0001,18463,0.0064578731544315815
-0.16612988999999992,1887600,6292,2111,0.01,300.0,894,0.0001,18475,0.005746225826442242
-0.24239333999999982,1888800,6296,2112,0.01,300.0,894,0.0001,18487,0.004441465716809034
-0.2705788299999998,1890000,6300,2113,0.01,300.0,894,0.0001,18499,0.005962995812296867
-0.14518191999999983,1891200,6304,2114,0.01,300.0,894,0.0001,18511,0.005487831309437752
-0.3244306299999999,1892400,6308,2114,0.01,300.0,894,0.0001,18523,0.005294925533235073
-0.8265167899999999,1893600,6312,2115,0.01,300.0,895,0.0001,18535,0.004373583942651749
-0.85463648,1894800,6316,2116,0.01,300.0,895,0.0001,18547,0.00987036619335413
-0.5884256599999997,1896000,6320,2117,0.01,300.0,895,0.0001,18559,0.005767767317593098
-0.5636611099999997,1897200,6324,2117,0.01,300.0,895,0.0001,18571,0.008278668858110905
-0.2083188199999999,1898400,6328,2118,0.01,300.0,896,0.0001,18583,0.004251731559634209
-0.050714909999999946,1899600,6332,2119,0.01,300.0,896,0.0001,18595,0.004996591713279486
-0.07536469999999984,1900800,6336,2181,0.01,300.0,871,0.0001,18607,0.006550862453877926
-0.11736130999999983,1902000,6340,2181,0.01,300.0,871,0.0001,18619,0.0063640037551522255
-0.4679011799999998,1903200,6344,2182,0.01,300.0,871,0.0001,18631,0.003318049944937229
-0.7581931000000001,1904400,6348,2183,0.01,300.0,872,0.0001,18643,0.005016181152313948
-1.16580544,1905600,6352,2184,0.01,300.0,872,0.0001,18655,0.008638693019747734
-1.19071129,1906800,6356,2185,0.01,300.0,872,0.0001,18667,0.0051978579722344875
-0.81363505,1908000,6360,2185,0.01,300.0,872,0.0001,18679,0.0039296504110097885
-0.9773674999999996,1909200,6364,2186,0.01,300.0,873,0.0001,18691,0.0046965982764959335
-1.1463778199999997,1910400,6368,2187,0.01,300.0,873,0.0001,18703,0.00450793094933033
-0.9634893299999999,1911600,6372,2188,0.01,300.0,873,0.0001,18715,0.00702936016023159
-1.0839914299999998,1912800,6376,2188,0.01,300.0,873,0.0001,18727,0.008606156334280968
-0.4191556099999999,1914000,6380,2189,0.01,300.0,874,0.0001,18739,0.008041515946388245
-0.48369296999999983,1915200,6384,2190,0.01,300.0,874,0.0001,18751,0.005095803178846836
-0.7141201599999999,1916400,6388,2191,0.01,300.0,874,0.0001,18763,0.003469725837931037
-1.0724074499999998,1917600,6392,2192,0.01,300.0,874,0.0001,18775,0.006188142579048872
-0.8996243799999998,1918800,6396,2193,0.01,300.0,874,0.0001,18787,0.004174122121185064
-0.8610666099999997,1920000,6400,2194,0.01,300.0,875,0.0001,18799,0.006542636081576347
-1.1447157600000002,1921200,6404,2194,0.01,300.0,875,0.0001,18811,0.005492456257343292
-1.1817644,1922400,6408,2195,0.01,300.0,875,0.0001,18823,0.013088044710457325
-0.8031158199999997,1923600,6412,2196,0.01,300.0,875,0.0001,18835,0.0105288689956069
-0.6400710299999999,1924800,6416,2197,0.01,300.0,875,0.0001,18847,0.007882751524448395
-1.5138392100000002,1926000,6420,2198,0.01,300.0,876,0.0001,18859,0.004691741894930601
-1.43660997,1927200,6424,2199,0.01,300.0,876,0.0001,18871,0.012171069160103798
-1.2307664600000001,1928400,6428,2199,0.01,300.0,876,0.0001,18883,0.004323185421526432
-1.0538204499999997,1929600,6432,2200,0.01,300.0,876,0.0001,18895,0.006878080312162638
-1.1789586899999998,1930800,6436,2201,0.01,300.0,876,0.0001,18907,0.007440144196152687
-1.1595217799999995,1932000,6440,2202,0.01,300.0,877,0.0001,18919,0.004600320011377335
-1.0906199899999998,1933200,6444,2203,0.01,300.0,877,0.0001,18931,0.005925993900746107
-0.56779392,1934400,6448,2204,0.01,300.0,877,0.0001,18943,0.005066788289695978
-0.39305572000000005,1935600,6452,2205,0.01,300.0,877,0.0001,18955,0.003868009429425001
-0.5032971599999999,1936800,6456,2206,0.01,300.0,877,0.0001,18967,0.006498162634670734
-0.7570837999999999,1938000,6460,2206,0.01,300.0,878,0.0001,18979,0.01136820763349533
-0.32895587999999987,1939200,6464,2207,0.01,300.0,878,0.0001,18991,0.0047344849444925785
-0.51687631,1940400,6468,2208,0.01,300.0,878,0.0001,19003,0.005112532526254654
-0.5945432099999999,1941600,6472,2209,0.01,300.0,878,0.0001,19015,0.004114597570151091
-0.24403647,1942800,6476,2210,0.01,300.0,879,0.0001,19027,0.004882012493908405
-0.31177639999999984,1944000,6480,2210,0.01,300.0,879,0.0001,19039,0.004499522969126701
0.03884236999999999,1945200,6484,2211,0.01,300.0,879,0.0001,19051,0.004305478651076555
-0.1574925800000001,1946400,6488,2212,0.01,300.0,879,0.0001,19063,0.00533857150003314
0.13466506000000023,1947600,6492,2213,0.01,300.0,879,0.0001,19075,0.0054663363844156265
-0.08759526999999977,1948800,6496,2214,0.01,300.0,880,0.0001,19087,0.006621881388127804
0.1584532899999999,1950000,6500,2214,0.01,300.0,880,0.0001,19099,0.006652443204075098
0.09822502999999992,1951200,6504,2215,0.01,300.0,880,0.0001,19111,0.004310443997383118
0.23164414,1952400,6508,2216,0.01,300.0,880,0.0001,19123,0.006369156297296286
0.18893554,1953600,6512,2217,0.01,300.0,881,0.0001,19135,0.004498467780649662
-0.1823283,1954800,6516,2217,0.01,300.0,881,0.0001,19147,0.005676101893186569
-0.007848179999999916,1956000,6520,2218,0.01,300.0,881,0.0001,19159,0.004833813291043043
-0.18480415999999988,1957200,6524,2219,0.01,300.0,881,0.0001,19171,0.005757604725658894
-0.6385143499999999,1958400,6528,2220,0.01,300.0,882,0.0001,19183,0.00662252539768815
-1.27262456,1959600,6532,2220,0.01,300.0,882,0.0001,19195,0.009020793251693249
-1.2052208700000002,1960800,6536,2221,0.01,300.0,882,0.0001,19207,0.004662978462874889
-1.3340906600000002,1962000,6540,2222,0.01,300.0,882,0.0001,19219,0.008607938885688782
-1.54134337,1963200,6544,2223,0.01,300.0,882,0.0001,19231,0.00713126128539443
-1.76886318,1964400,6548,2224,0.01,300.0,883,0.0001,19243,0.004197985865175724
-1.8382543599999996,1965600,6552,2225,0.01,300.0,883,0.0001,19255,0.008365926332771778
-2.40908419,1966800,6556,2226,0.01,300.0,883,0.0001,19267,0.004683890379965305
-2.3023774999999995,1968000,6560,2227,0.01,300.0,883,0.0001,19279,0.00442056218162179
-2.7039228599999996,1969200,6564,2227,0.01,300.0,883,0.0001,19291,0.0051567149348556995
-2.5824616199999997,1970400,6568,2228,0.01,300.0,884,0.0001,19303,0.007918120361864567
-2.7110579299999995,1971600,6572,2229,0.01,300.0,884,0.0001,19315,0.0059251124039292336
-2.8509719100000006,1972800,6576,2230,0.01,300.0,884,0.0001,19327,0.004830692894756794
-2.8771268500000002,1974000,6580,2230,0.01,300.0,884,0.0001,19339,0.006841604132205248
-3.264757469999999,1975200,6584,2231,0.01,300.0,885,0.0001,19351,0.0076527781784534454
-2.69985927,1976400,6588,2232,0.01,300.0,885,0.0001,19363,0.010405990295112133
-2.65456205,1977600,6592,2233,0.01,300.0,885,0.0001,19375,0.007191186770796776
-2.51074856,1978800,6596,2234,0.01,300.0,885,0.0001,19387,0.005331219639629126
-2.554068249999999,1980000,6600,2235,0.01,300.0,885,0.0001,19399,0.004294268321245909
-2.69867275,1981200,6604,2236,0.01,300.0,885,0.0001,19411,0.003607912454754114
-2.8047290999999994,1982400,6608,2237,0.01,300.0,886,0.0001,19423,0.0065062944777309895
-2.9716825299999994,1983600,6612,2237,0.01,300.0,886,0.0001,19435,0.008784843608736992
-2.69280427,1984800,6616,2238,0.01,300.0,886,0.0001,19447,0.006609341129660606
-2.56132923,1986000,6620,2239,0.01,300.0,886,0.0001,19459,0.004628642927855253
-2.59168047,1987200,6624,2240,0.01,300.0,887,0.0001,19471,0.006330292206257582
-2.16028457,1988400,6628,2241,0.01,300.0,887,0.0001,19483,0.006725069601088762
-1.7168475,1989600,6632,2241,0.01,300.0,887,0.0001,19495,0.004871258977800608
-1.20582729,1990800,6636,2242,0.01,300.0,887,0.0001,19507,0.005982069298624992
-1.0417445500000002,1992000,6640,2243,0.01,300.0,887,0.0001,19519,0.006521578878164291
-0.55951762,1993200,6644,2244,0.01,300.0,888,0.0001,19531,0.0039061368443071842
-0.16249731000000017,1994400,6648,2244,0.01,300.0,888,0.0001,19543,0.003917579539120197
0.27948802999999983,1995600,6652,2245,0.01,300.0,888,0.0001,19555,0.005062195472419262
1.1428499799999998,1996800,6656,2246,0.01,300.0,888,0.0001,19567,0.010119084268808365
1.12363761,1998000,6660,2247,0.01,300.0,889,0.0001,19579,0.008146272972226143
1.0975727599999998,1999200,6664,2247,0.01,300.0,889,0.0001,19591,0.005192214623093605
